26-04-05 22:38:01.236 [background-preinit] INFO  o.h.validator.internal.util.Version - HV000001: Hibernate Validator 8.0.1.Final
26-04-05 22:38:01.318 [Test worker] INFO  c.s.m.d.r.UserRepositoryTest - Starting UserRepositoryTest using Java 17.0.0.1 with PID 10344 (started by User in C:\Users\User\IdeaProjects\temp\9-sprint-mission)
26-04-05 22:38:01.319 [Test worker] INFO  c.s.m.d.r.UserRepositoryTest - The following 1 profile is active: "test"
26-04-05 22:38:02.150 [Test worker] INFO  o.s.d.r.c.RepositoryConfigurationDelegate - Bootstrapping Spring Data JPA repositories in DEFAULT mode.
26-04-05 22:38:02.306 [Test worker] INFO  o.s.d.r.c.RepositoryConfigurationDelegate - Finished Spring Data repository scanning in 141 ms. Found 6 JPA repository interfaces.
26-04-05 22:38:02.432 [Test worker] INFO  o.s.b.t.a.j.TestDatabaseAutoConfiguration$EmbeddedDataSourceBeanFactoryPostProcessor - Replacing 'dataSource' DataSource bean with embedded version
26-04-05 22:38:02.801 [Test worker] INFO  o.s.j.d.e.EmbeddedDatabaseFactory - Starting embedded database: url='jdbc:h2:mem:77bc2e9e-4df7-4058-af1e-50d6c574f52f;DB_CLOSE_DELAY=-1;DB_CLOSE_ON_EXIT=false', username='sa'
26-04-05 22:38:03.473 [Test worker] INFO  o.h.jpa.internal.util.LogHelper - HHH000204: Processing PersistenceUnitInfo [name: default]
26-04-05 22:38:03.626 [Test worker] INFO  org.hibernate.Version - HHH000412: Hibernate ORM core version 6.6.2.Final
26-04-05 22:38:03.701 [Test worker] INFO  o.h.c.i.RegionFactoryInitiator - HHH000026: Second-level cache disabled
26-04-05 22:38:04.251 [Test worker] INFO  o.s.o.j.p.SpringPersistenceUnitInfo - No LoadTimeWeaver setup: ignoring JPA class transformer
26-04-05 22:38:04.370 [Test worker] WARN  org.hibernate.orm.deprecation - HHH90000025: H2Dialect does not need to be specified explicitly using 'hibernate.dialect' (remove the property setting and it will be selected by default)
26-04-05 22:38:04.407 [Test worker] INFO  o.hibernate.orm.connections.pooling - HHH10001005: Database info:
	Database JDBC URL [Connecting through datasource 'org.springframework.jdbc.datasource.embedded.EmbeddedDatabaseFactory$EmbeddedDataSourceProxy@7e3d168e']
	Database driver: undefined/unknown
	Database version: 2.3.232
	Autocommit mode: undefined/unknown
	Isolation level: undefined/unknown
	Minimum pool size: undefined/unknown
	Maximum pool size: undefined/unknown
26-04-05 22:38:05.880 [Test worker] INFO  o.h.e.t.j.p.i.JtaPlatformInitiator - HHH000489: No JTA platform available (set 'hibernate.transaction.jta.platform' to enable JTA platform integration)
26-04-05 22:38:05.911 [Test worker] DEBUG org.hibernate.SQL - 
    drop table if exists binary_contents cascade 
26-04-05 22:38:05.914 [Test worker] DEBUG org.hibernate.SQL - 
    drop table if exists channels cascade 
26-04-05 22:38:05.916 [Test worker] DEBUG org.hibernate.SQL - 
    drop table if exists message_attachments cascade 
26-04-05 22:38:05.917 [Test worker] DEBUG org.hibernate.SQL - 
    drop table if exists messages cascade 
26-04-05 22:38:05.919 [Test worker] DEBUG org.hibernate.SQL - 
    drop table if exists read_statuses cascade 
26-04-05 22:38:05.921 [Test worker] DEBUG org.hibernate.SQL - 
    drop table if exists user_statuses cascade 
26-04-05 22:38:05.922 [Test worker] DEBUG org.hibernate.SQL - 
    drop table if exists users cascade 
26-04-05 22:38:05.931 [Test worker] DEBUG org.hibernate.SQL - 
    create table binary_contents (
        created_at timestamp with time zone not null,
        size bigint not null,
        id uuid not null,
        content_type varchar(100) not null,
        file_name varchar(255) not null,
        primary key (id)
    )
26-04-05 22:38:05.936 [Test worker] DEBUG org.hibernate.SQL - 
    create table channels (
        created_at timestamp with time zone not null,
        updated_at timestamp with time zone,
        id uuid not null,
        name varchar(100),
        description varchar(500),
        type enum ('PRIVATE','PUBLIC') not null,
        primary key (id)
    )
26-04-05 22:38:05.939 [Test worker] DEBUG org.hibernate.SQL - 
    create table message_attachments (
        attachment_id uuid not null unique,
        message_id uuid not null
    )
26-04-05 22:38:05.942 [Test worker] DEBUG org.hibernate.SQL - 
    create table messages (
        created_at timestamp with time zone not null,
        updated_at timestamp with time zone,
        author_id uuid,
        channel_id uuid not null,
        id uuid not null,
        content text not null,
        primary key (id)
    )
26-04-05 22:38:05.944 [Test worker] DEBUG org.hibernate.SQL - 
    create table read_statuses (
        created_at timestamp with time zone not null,
        last_read_at timestamp with time zone not null,
        updated_at timestamp with time zone,
        channel_id uuid not null,
        id uuid not null,
        user_id uuid not null,
        primary key (id),
        unique (user_id, channel_id)
    )
26-04-05 22:38:05.947 [Test worker] DEBUG org.hibernate.SQL - 
    create table user_statuses (
        created_at timestamp with time zone not null,
        last_active_at timestamp with time zone not null,
        updated_at timestamp with time zone,
        id uuid not null,
        user_id uuid not null unique,
        primary key (id)
    )
26-04-05 22:38:05.950 [Test worker] DEBUG org.hibernate.SQL - 
    create table users (
        created_at timestamp with time zone not null,
        updated_at timestamp with time zone,
        id uuid not null,
        profile_id uuid unique,
        username varchar(50) not null unique,
        password varchar(60) not null,
        email varchar(100) not null unique,
        primary key (id)
    )
26-04-05 22:38:05.954 [Test worker] DEBUG org.hibernate.SQL - 
    alter table if exists message_attachments 
       add constraint FKsd1m8rb8jcpbcnb7rpdue7ctc 
       foreign key (attachment_id) 
       references binary_contents
26-04-05 22:38:05.956 [Test worker] DEBUG org.hibernate.SQL - 
    alter table if exists message_attachments 
       add constraint FKj7twd218e2gqw9cmlhwvo1rth 
       foreign key (message_id) 
       references messages
26-04-05 22:38:05.959 [Test worker] DEBUG org.hibernate.SQL - 
    alter table if exists messages 
       add constraint FKowtlim26svclkatusptbgi7u1 
       foreign key (author_id) 
       references users
26-04-05 22:38:05.963 [Test worker] DEBUG org.hibernate.SQL - 
    alter table if exists messages 
       add constraint FK3u3ckbhwq9se1cmopk2pq05b2 
       foreign key (channel_id) 
       references channels
26-04-05 22:38:05.965 [Test worker] DEBUG org.hibernate.SQL - 
    alter table if exists read_statuses 
       add constraint FKa38ri44ml4gfdpklx4ahqr8gd 
       foreign key (channel_id) 
       references channels
26-04-05 22:38:05.969 [Test worker] DEBUG org.hibernate.SQL - 
    alter table if exists read_statuses 
       add constraint FKml3k4wr9sj5yxrmj6d0aoib2e 
       foreign key (user_id) 
       references users
26-04-05 22:38:05.972 [Test worker] DEBUG org.hibernate.SQL - 
    alter table if exists user_statuses 
       add constraint FK4lfl3ei2ubchgcxrrpo3pw4mm 
       foreign key (user_id) 
       references users
26-04-05 22:38:05.974 [Test worker] DEBUG org.hibernate.SQL - 
    alter table if exists users 
       add constraint FKtbudycgrip49xdptogmhfqnso 
       foreign key (profile_id) 
       references binary_contents
26-04-05 22:38:05.984 [Test worker] INFO  o.s.o.j.LocalContainerEntityManagerFactoryBean - Initialized JPA EntityManagerFactory for persistence unit 'default'
26-04-05 22:38:06.651 [Test worker] INFO  o.s.d.j.r.query.QueryEnhancerFactory - Hibernate is in classpath; If applicable, HQL parser will be used.
26-04-05 22:38:07.878 [Test worker] INFO  c.s.m.d.r.UserRepositoryTest - Started UserRepositoryTest in 7.317 seconds (process running for 9.002)
26-04-05 22:38:07.891 [Test worker] DEBUG o.springframework.test.context.cache - Spring test ApplicationContext cache statistics: [DefaultContextCache@35f79e6d size = 1, maxSize = 32, parentContextCount = 0, hitCount = 0, missCount = 1, failureCount = 0]
26-04-05 22:38:07.898 [Test worker] DEBUG o.springframework.test.context.cache - Spring test ApplicationContext cache statistics: [DefaultContextCache@35f79e6d size = 1, maxSize = 32, parentContextCount = 0, hitCount = 1, missCount = 1, failureCount = 0]
26-04-05 22:38:07.903 [Test worker] DEBUG o.s.t.c.s.DirtiesContextBeforeModesTestExecutionListener - Before test method: class [UserRepositoryTest], method [existsByUsername_false], class annotated with @DirtiesContext [false] with mode [null], method annotated with @DirtiesContext [false] with mode [null]
26-04-05 22:38:07.912 [Test worker] DEBUG o.s.t.c.t.TransactionalTestExecutionListener - Explicit transaction definition [PROPAGATION_REQUIRED,ISOLATION_DEFAULT] found for test class [com.sprint.mission.discodeit.repository.UserRepositoryTest] and test method [existsByUsername_false]
26-04-05 22:38:07.913 [Test worker] DEBUG o.springframework.test.context.cache - Spring test ApplicationContext cache statistics: [DefaultContextCache@35f79e6d size = 1, maxSize = 32, parentContextCount = 0, hitCount = 2, missCount = 1, failureCount = 0]
26-04-05 22:38:07.915 [Test worker] DEBUG o.s.t.c.t.TransactionalTestExecutionListener - No method-level @Rollback override: using default rollback [true] for test method [void com.sprint.mission.discodeit.repository.UserRepositoryTest.existsByUsername_false()]
26-04-05 22:38:07.925 [Test worker] DEBUG o.s.t.c.t.TransactionContext - Began transaction (1) for test class [com.sprint.mission.discodeit.repository.UserRepositoryTest]; test method [existsByUsername_false]; transaction manager [org.springframework.orm.jpa.JpaTransactionManager@2148849f]; rollback [true]
26-04-05 22:38:07.931 [Test worker] DEBUG o.springframework.test.context.cache - Spring test ApplicationContext cache statistics: [DefaultContextCache@35f79e6d size = 1, maxSize = 32, parentContextCount = 0, hitCount = 3, missCount = 1, failureCount = 0]
26-04-05 22:38:07.932 [Test worker] DEBUG o.springframework.test.context.cache - Spring test ApplicationContext cache statistics: [DefaultContextCache@35f79e6d size = 1, maxSize = 32, parentContextCount = 0, hitCount = 4, missCount = 1, failureCount = 0]
26-04-05 22:38:08.464 [Test worker] DEBUG o.springframework.test.context.cache - Spring test ApplicationContext cache statistics: [DefaultContextCache@35f79e6d size = 1, maxSize = 32, parentContextCount = 0, hitCount = 5, missCount = 1, failureCount = 0]
26-04-05 22:38:08.553 [Test worker] DEBUG o.springframework.test.context.cache - Spring test ApplicationContext cache statistics: [DefaultContextCache@35f79e6d size = 1, maxSize = 32, parentContextCount = 0, hitCount = 6, missCount = 1, failureCount = 0]
26-04-05 22:38:08.623 [Test worker] DEBUG org.hibernate.SQL - 
    insert 
    into
        users
        (created_at, email, password, profile_id, updated_at, username, id) 
    values
        (?, ?, ?, ?, ?, ?, ?)
26-04-05 22:38:08.633 [Test worker] TRACE org.hibernate.orm.jdbc.bind - binding parameter (1:TIMESTAMP_UTC) <- [2026-04-05T13:38:08.519459100Z]
26-04-05 22:38:08.640 [Test worker] TRACE org.hibernate.orm.jdbc.bind - binding parameter (2:VARCHAR) <- [test@test.com]
26-04-05 22:38:08.640 [Test worker] TRACE org.hibernate.orm.jdbc.bind - binding parameter (3:VARCHAR) <- [password123]
26-04-05 22:38:08.640 [Test worker] TRACE org.hibernate.orm.jdbc.bind - binding parameter (4:UUID) <- [null]
26-04-05 22:38:08.640 [Test worker] TRACE org.hibernate.orm.jdbc.bind - binding parameter (5:TIMESTAMP_UTC) <- [2026-04-05T13:38:08.519459100Z]
26-04-05 22:38:08.640 [Test worker] TRACE org.hibernate.orm.jdbc.bind - binding parameter (6:VARCHAR) <- [홍길동]
26-04-05 22:38:08.641 [Test worker] TRACE org.hibernate.orm.jdbc.bind - binding parameter (7:UUID) <- [9f85c10e-48c1-4a03-a745-58867fe82991]
26-04-05 22:38:08.668 [Test worker] DEBUG org.hibernate.SQL - 
    select
        u1_0.id 
    from
        users u1_0 
    where
        u1_0.username=? 
    fetch
        first ? rows only
26-04-05 22:38:08.670 [Test worker] TRACE org.hibernate.orm.jdbc.bind - binding parameter (1:VARCHAR) <- [없는유저]
26-04-05 22:38:08.671 [Test worker] TRACE org.hibernate.orm.jdbc.bind - binding parameter (2:INTEGER) <- [1]
26-04-05 22:38:08.799 [Test worker] DEBUG o.springframework.test.context.cache - Spring test ApplicationContext cache statistics: [DefaultContextCache@35f79e6d size = 1, maxSize = 32, parentContextCount = 0, hitCount = 7, missCount = 1, failureCount = 0]
26-04-05 22:38:08.801 [Test worker] DEBUG o.springframework.test.context.cache - Spring test ApplicationContext cache statistics: [DefaultContextCache@35f79e6d size = 1, maxSize = 32, parentContextCount = 0, hitCount = 8, missCount = 1, failureCount = 0]
26-04-05 22:38:08.803 [Test worker] DEBUG o.springframework.test.context.cache - Spring test ApplicationContext cache statistics: [DefaultContextCache@35f79e6d size = 1, maxSize = 32, parentContextCount = 0, hitCount = 9, missCount = 1, failureCount = 0]
26-04-05 22:38:08.804 [Test worker] DEBUG o.springframework.test.context.cache - Spring test ApplicationContext cache statistics: [DefaultContextCache@35f79e6d size = 1, maxSize = 32, parentContextCount = 0, hitCount = 10, missCount = 1, failureCount = 0]
26-04-05 22:38:08.804 [Test worker] DEBUG o.springframework.test.context.cache - Spring test ApplicationContext cache statistics: [DefaultContextCache@35f79e6d size = 1, maxSize = 32, parentContextCount = 0, hitCount = 11, missCount = 1, failureCount = 0]
26-04-05 22:38:08.807 [Test worker] DEBUG o.springframework.test.context.cache - Spring test ApplicationContext cache statistics: [DefaultContextCache@35f79e6d size = 1, maxSize = 32, parentContextCount = 0, hitCount = 12, missCount = 1, failureCount = 0]
26-04-05 22:38:08.809 [Test worker] DEBUG o.springframework.test.context.cache - Spring test ApplicationContext cache statistics: [DefaultContextCache@35f79e6d size = 1, maxSize = 32, parentContextCount = 0, hitCount = 13, missCount = 1, failureCount = 0]
26-04-05 22:38:08.813 [Test worker] DEBUG o.s.t.c.t.TransactionContext - Rolled back transaction (1) for test class [com.sprint.mission.discodeit.repository.UserRepositoryTest]; test method [existsByUsername_false]
26-04-05 22:38:08.815 [Test worker] DEBUG o.s.t.c.s.DirtiesContextTestExecutionListener - After test method: class [UserRepositoryTest], method [existsByUsername_false], class annotated with @DirtiesContext [false] with mode [null], method annotated with @DirtiesContext [false] with mode [null]
26-04-05 22:38:08.829 [Test worker] DEBUG o.s.t.c.s.DependencyInjectionTestExecutionListener - Performing dependency injection for test class com.sprint.mission.discodeit.repository.UserRepositoryTest
26-04-05 22:38:08.830 [Test worker] DEBUG o.springframework.test.context.cache - Spring test ApplicationContext cache statistics: [DefaultContextCache@35f79e6d size = 1, maxSize = 32, parentContextCount = 0, hitCount = 14, missCount = 1, failureCount = 0]
26-04-05 22:38:08.830 [Test worker] DEBUG o.springframework.test.context.cache - Spring test ApplicationContext cache statistics: [DefaultContextCache@35f79e6d size = 1, maxSize = 32, parentContextCount = 0, hitCount = 15, missCount = 1, failureCount = 0]
26-04-05 22:38:08.832 [Test worker] DEBUG o.s.t.c.s.DirtiesContextBeforeModesTestExecutionListener - Before test method: class [UserRepositoryTest], method [existsByEmail_true], class annotated with @DirtiesContext [false] with mode [null], method annotated with @DirtiesContext [false] with mode [null]
26-04-05 22:38:08.832 [Test worker] DEBUG o.s.t.c.t.TransactionalTestExecutionListener - Explicit transaction definition [PROPAGATION_REQUIRED,ISOLATION_DEFAULT] found for test class [com.sprint.mission.discodeit.repository.UserRepositoryTest] and test method [existsByEmail_true]
26-04-05 22:38:08.832 [Test worker] DEBUG o.springframework.test.context.cache - Spring test ApplicationContext cache statistics: [DefaultContextCache@35f79e6d size = 1, maxSize = 32, parentContextCount = 0, hitCount = 16, missCount = 1, failureCount = 0]
26-04-05 22:38:08.834 [Test worker] DEBUG o.s.t.c.t.TransactionalTestExecutionListener - No method-level @Rollback override: using default rollback [true] for test method [void com.sprint.mission.discodeit.repository.UserRepositoryTest.existsByEmail_true()]
26-04-05 22:38:08.835 [Test worker] DEBUG o.s.t.c.t.TransactionContext - Began transaction (1) for test class [com.sprint.mission.discodeit.repository.UserRepositoryTest]; test method [existsByEmail_true]; transaction manager [org.springframework.orm.jpa.JpaTransactionManager@2148849f]; rollback [true]
26-04-05 22:38:08.836 [Test worker] DEBUG o.springframework.test.context.cache - Spring test ApplicationContext cache statistics: [DefaultContextCache@35f79e6d size = 1, maxSize = 32, parentContextCount = 0, hitCount = 17, missCount = 1, failureCount = 0]
26-04-05 22:38:08.836 [Test worker] DEBUG o.springframework.test.context.cache - Spring test ApplicationContext cache statistics: [DefaultContextCache@35f79e6d size = 1, maxSize = 32, parentContextCount = 0, hitCount = 18, missCount = 1, failureCount = 0]
26-04-05 22:38:08.837 [Test worker] DEBUG o.springframework.test.context.cache - Spring test ApplicationContext cache statistics: [DefaultContextCache@35f79e6d size = 1, maxSize = 32, parentContextCount = 0, hitCount = 19, missCount = 1, failureCount = 0]
26-04-05 22:38:08.840 [Test worker] DEBUG o.springframework.test.context.cache - Spring test ApplicationContext cache statistics: [DefaultContextCache@35f79e6d size = 1, maxSize = 32, parentContextCount = 0, hitCount = 20, missCount = 1, failureCount = 0]
26-04-05 22:38:08.843 [Test worker] DEBUG org.hibernate.SQL - 
    insert 
    into
        users
        (created_at, email, password, profile_id, updated_at, username, id) 
    values
        (?, ?, ?, ?, ?, ?, ?)
26-04-05 22:38:08.844 [Test worker] TRACE org.hibernate.orm.jdbc.bind - binding parameter (1:TIMESTAMP_UTC) <- [2026-04-05T13:38:08.840042800Z]
26-04-05 22:38:08.845 [Test worker] TRACE org.hibernate.orm.jdbc.bind - binding parameter (2:VARCHAR) <- [test@test.com]
26-04-05 22:38:08.845 [Test worker] TRACE org.hibernate.orm.jdbc.bind - binding parameter (3:VARCHAR) <- [password123]
26-04-05 22:38:08.845 [Test worker] TRACE org.hibernate.orm.jdbc.bind - binding parameter (4:UUID) <- [null]
26-04-05 22:38:08.845 [Test worker] TRACE org.hibernate.orm.jdbc.bind - binding parameter (5:TIMESTAMP_UTC) <- [2026-04-05T13:38:08.840042800Z]
26-04-05 22:38:08.846 [Test worker] TRACE org.hibernate.orm.jdbc.bind - binding parameter (6:VARCHAR) <- [홍길동]
26-04-05 22:38:08.846 [Test worker] TRACE org.hibernate.orm.jdbc.bind - binding parameter (7:UUID) <- [17d66f5b-d470-4588-ad9f-7cedfa4c2b42]
26-04-05 22:38:08.851 [Test worker] DEBUG org.hibernate.SQL - 
    select
        u1_0.id 
    from
        users u1_0 
    where
        u1_0.email=? 
    fetch
        first ? rows only
26-04-05 22:38:08.852 [Test worker] TRACE org.hibernate.orm.jdbc.bind - binding parameter (1:VARCHAR) <- [test@test.com]
26-04-05 22:38:08.853 [Test worker] TRACE org.hibernate.orm.jdbc.bind - binding parameter (2:INTEGER) <- [1]
26-04-05 22:38:08.860 [Test worker] DEBUG o.springframework.test.context.cache - Spring test ApplicationContext cache statistics: [DefaultContextCache@35f79e6d size = 1, maxSize = 32, parentContextCount = 0, hitCount = 21, missCount = 1, failureCount = 0]
26-04-05 22:38:08.861 [Test worker] DEBUG o.springframework.test.context.cache - Spring test ApplicationContext cache statistics: [DefaultContextCache@35f79e6d size = 1, maxSize = 32, parentContextCount = 0, hitCount = 22, missCount = 1, failureCount = 0]
26-04-05 22:38:08.862 [Test worker] DEBUG o.springframework.test.context.cache - Spring test ApplicationContext cache statistics: [DefaultContextCache@35f79e6d size = 1, maxSize = 32, parentContextCount = 0, hitCount = 23, missCount = 1, failureCount = 0]
26-04-05 22:38:08.863 [Test worker] DEBUG o.springframework.test.context.cache - Spring test ApplicationContext cache statistics: [DefaultContextCache@35f79e6d size = 1, maxSize = 32, parentContextCount = 0, hitCount = 24, missCount = 1, failureCount = 0]
26-04-05 22:38:08.863 [Test worker] DEBUG o.springframework.test.context.cache - Spring test ApplicationContext cache statistics: [DefaultContextCache@35f79e6d size = 1, maxSize = 32, parentContextCount = 0, hitCount = 25, missCount = 1, failureCount = 0]
26-04-05 22:38:08.863 [Test worker] DEBUG o.springframework.test.context.cache - Spring test ApplicationContext cache statistics: [DefaultContextCache@35f79e6d size = 1, maxSize = 32, parentContextCount = 0, hitCount = 26, missCount = 1, failureCount = 0]
26-04-05 22:38:08.864 [Test worker] DEBUG o.springframework.test.context.cache - Spring test ApplicationContext cache statistics: [DefaultContextCache@35f79e6d size = 1, maxSize = 32, parentContextCount = 0, hitCount = 27, missCount = 1, failureCount = 0]
26-04-05 22:38:08.865 [Test worker] DEBUG o.s.t.c.t.TransactionContext - Rolled back transaction (1) for test class [com.sprint.mission.discodeit.repository.UserRepositoryTest]; test method [existsByEmail_true]
26-04-05 22:38:08.866 [Test worker] DEBUG o.s.t.c.s.DirtiesContextTestExecutionListener - After test method: class [UserRepositoryTest], method [existsByEmail_true], class annotated with @DirtiesContext [false] with mode [null], method annotated with @DirtiesContext [false] with mode [null]
26-04-05 22:38:08.867 [Test worker] DEBUG o.s.t.c.s.DependencyInjectionTestExecutionListener - Performing dependency injection for test class com.sprint.mission.discodeit.repository.UserRepositoryTest
26-04-05 22:38:08.868 [Test worker] DEBUG o.springframework.test.context.cache - Spring test ApplicationContext cache statistics: [DefaultContextCache@35f79e6d size = 1, maxSize = 32, parentContextCount = 0, hitCount = 28, missCount = 1, failureCount = 0]
26-04-05 22:38:08.869 [Test worker] DEBUG o.springframework.test.context.cache - Spring test ApplicationContext cache statistics: [DefaultContextCache@35f79e6d size = 1, maxSize = 32, parentContextCount = 0, hitCount = 29, missCount = 1, failureCount = 0]
26-04-05 22:38:08.870 [Test worker] DEBUG o.s.t.c.s.DirtiesContextBeforeModesTestExecutionListener - Before test method: class [UserRepositoryTest], method [existsByEmail_false], class annotated with @DirtiesContext [false] with mode [null], method annotated with @DirtiesContext [false] with mode [null]
26-04-05 22:38:08.870 [Test worker] DEBUG o.s.t.c.t.TransactionalTestExecutionListener - Explicit transaction definition [PROPAGATION_REQUIRED,ISOLATION_DEFAULT] found for test class [com.sprint.mission.discodeit.repository.UserRepositoryTest] and test method [existsByEmail_false]
26-04-05 22:38:08.871 [Test worker] DEBUG o.springframework.test.context.cache - Spring test ApplicationContext cache statistics: [DefaultContextCache@35f79e6d size = 1, maxSize = 32, parentContextCount = 0, hitCount = 30, missCount = 1, failureCount = 0]
26-04-05 22:38:08.871 [Test worker] DEBUG o.s.t.c.t.TransactionalTestExecutionListener - No method-level @Rollback override: using default rollback [true] for test method [void com.sprint.mission.discodeit.repository.UserRepositoryTest.existsByEmail_false()]
26-04-05 22:38:08.872 [Test worker] DEBUG o.s.t.c.t.TransactionContext - Began transaction (1) for test class [com.sprint.mission.discodeit.repository.UserRepositoryTest]; test method [existsByEmail_false]; transaction manager [org.springframework.orm.jpa.JpaTransactionManager@2148849f]; rollback [true]
26-04-05 22:38:08.873 [Test worker] DEBUG o.springframework.test.context.cache - Spring test ApplicationContext cache statistics: [DefaultContextCache@35f79e6d size = 1, maxSize = 32, parentContextCount = 0, hitCount = 31, missCount = 1, failureCount = 0]
26-04-05 22:38:08.873 [Test worker] DEBUG o.springframework.test.context.cache - Spring test ApplicationContext cache statistics: [DefaultContextCache@35f79e6d size = 1, maxSize = 32, parentContextCount = 0, hitCount = 32, missCount = 1, failureCount = 0]
26-04-05 22:38:08.874 [Test worker] DEBUG o.springframework.test.context.cache - Spring test ApplicationContext cache statistics: [DefaultContextCache@35f79e6d size = 1, maxSize = 32, parentContextCount = 0, hitCount = 33, missCount = 1, failureCount = 0]
26-04-05 22:38:08.876 [Test worker] DEBUG o.springframework.test.context.cache - Spring test ApplicationContext cache statistics: [DefaultContextCache@35f79e6d size = 1, maxSize = 32, parentContextCount = 0, hitCount = 34, missCount = 1, failureCount = 0]
26-04-05 22:38:08.882 [Test worker] DEBUG org.hibernate.SQL - 
    insert 
    into
        users
        (created_at, email, password, profile_id, updated_at, username, id) 
    values
        (?, ?, ?, ?, ?, ?, ?)
26-04-05 22:38:08.883 [Test worker] TRACE org.hibernate.orm.jdbc.bind - binding parameter (1:TIMESTAMP_UTC) <- [2026-04-05T13:38:08.875695200Z]
26-04-05 22:38:08.884 [Test worker] TRACE org.hibernate.orm.jdbc.bind - binding parameter (2:VARCHAR) <- [test@test.com]
26-04-05 22:38:08.884 [Test worker] TRACE org.hibernate.orm.jdbc.bind - binding parameter (3:VARCHAR) <- [password123]
26-04-05 22:38:08.884 [Test worker] TRACE org.hibernate.orm.jdbc.bind - binding parameter (4:UUID) <- [null]
26-04-05 22:38:08.884 [Test worker] TRACE org.hibernate.orm.jdbc.bind - binding parameter (5:TIMESTAMP_UTC) <- [2026-04-05T13:38:08.875695200Z]
26-04-05 22:38:08.887 [Test worker] TRACE org.hibernate.orm.jdbc.bind - binding parameter (6:VARCHAR) <- [홍길동]
26-04-05 22:38:08.888 [Test worker] TRACE org.hibernate.orm.jdbc.bind - binding parameter (7:UUID) <- [915462eb-c575-43f8-946f-3e5e5c96796d]
26-04-05 22:38:08.893 [Test worker] DEBUG org.hibernate.SQL - 
    select
        u1_0.id 
    from
        users u1_0 
    where
        u1_0.email=? 
    fetch
        first ? rows only
26-04-05 22:38:08.897 [Test worker] TRACE org.hibernate.orm.jdbc.bind - binding parameter (1:VARCHAR) <- [none@test.com]
26-04-05 22:38:08.897 [Test worker] TRACE org.hibernate.orm.jdbc.bind - binding parameter (2:INTEGER) <- [1]
26-04-05 22:38:08.900 [Test worker] DEBUG o.springframework.test.context.cache - Spring test ApplicationContext cache statistics: [DefaultContextCache@35f79e6d size = 1, maxSize = 32, parentContextCount = 0, hitCount = 35, missCount = 1, failureCount = 0]
26-04-05 22:38:08.901 [Test worker] DEBUG o.springframework.test.context.cache - Spring test ApplicationContext cache statistics: [DefaultContextCache@35f79e6d size = 1, maxSize = 32, parentContextCount = 0, hitCount = 36, missCount = 1, failureCount = 0]
26-04-05 22:38:08.903 [Test worker] DEBUG o.springframework.test.context.cache - Spring test ApplicationContext cache statistics: [DefaultContextCache@35f79e6d size = 1, maxSize = 32, parentContextCount = 0, hitCount = 37, missCount = 1, failureCount = 0]
26-04-05 22:38:08.904 [Test worker] DEBUG o.springframework.test.context.cache - Spring test ApplicationContext cache statistics: [DefaultContextCache@35f79e6d size = 1, maxSize = 32, parentContextCount = 0, hitCount = 38, missCount = 1, failureCount = 0]
26-04-05 22:38:08.905 [Test worker] DEBUG o.springframework.test.context.cache - Spring test ApplicationContext cache statistics: [DefaultContextCache@35f79e6d size = 1, maxSize = 32, parentContextCount = 0, hitCount = 39, missCount = 1, failureCount = 0]
26-04-05 22:38:08.906 [Test worker] DEBUG o.springframework.test.context.cache - Spring test ApplicationContext cache statistics: [DefaultContextCache@35f79e6d size = 1, maxSize = 32, parentContextCount = 0, hitCount = 40, missCount = 1, failureCount = 0]
26-04-05 22:38:08.907 [Test worker] DEBUG o.springframework.test.context.cache - Spring test ApplicationContext cache statistics: [DefaultContextCache@35f79e6d size = 1, maxSize = 32, parentContextCount = 0, hitCount = 41, missCount = 1, failureCount = 0]
26-04-05 22:38:08.908 [Test worker] DEBUG o.s.t.c.t.TransactionContext - Rolled back transaction (1) for test class [com.sprint.mission.discodeit.repository.UserRepositoryTest]; test method [existsByEmail_false]
26-04-05 22:38:08.910 [Test worker] DEBUG o.s.t.c.s.DirtiesContextTestExecutionListener - After test method: class [UserRepositoryTest], method [existsByEmail_false], class annotated with @DirtiesContext [false] with mode [null], method annotated with @DirtiesContext [false] with mode [null]
26-04-05 22:38:08.911 [Test worker] DEBUG o.s.t.c.s.DependencyInjectionTestExecutionListener - Performing dependency injection for test class com.sprint.mission.discodeit.repository.UserRepositoryTest
26-04-05 22:38:08.912 [Test worker] DEBUG o.springframework.test.context.cache - Spring test ApplicationContext cache statistics: [DefaultContextCache@35f79e6d size = 1, maxSize = 32, parentContextCount = 0, hitCount = 42, missCount = 1, failureCount = 0]
26-04-05 22:38:08.913 [Test worker] DEBUG o.springframework.test.context.cache - Spring test ApplicationContext cache statistics: [DefaultContextCache@35f79e6d size = 1, maxSize = 32, parentContextCount = 0, hitCount = 43, missCount = 1, failureCount = 0]
26-04-05 22:38:08.915 [Test worker] DEBUG o.s.t.c.s.DirtiesContextBeforeModesTestExecutionListener - Before test method: class [UserRepositoryTest], method [existsByUsername_true], class annotated with @DirtiesContext [false] with mode [null], method annotated with @DirtiesContext [false] with mode [null]
26-04-05 22:38:08.916 [Test worker] DEBUG o.s.t.c.t.TransactionalTestExecutionListener - Explicit transaction definition [PROPAGATION_REQUIRED,ISOLATION_DEFAULT] found for test class [com.sprint.mission.discodeit.repository.UserRepositoryTest] and test method [existsByUsername_true]
26-04-05 22:38:08.917 [Test worker] DEBUG o.springframework.test.context.cache - Spring test ApplicationContext cache statistics: [DefaultContextCache@35f79e6d size = 1, maxSize = 32, parentContextCount = 0, hitCount = 44, missCount = 1, failureCount = 0]
26-04-05 22:38:08.918 [Test worker] DEBUG o.s.t.c.t.TransactionalTestExecutionListener - No method-level @Rollback override: using default rollback [true] for test method [void com.sprint.mission.discodeit.repository.UserRepositoryTest.existsByUsername_true()]
26-04-05 22:38:08.920 [Test worker] DEBUG o.s.t.c.t.TransactionContext - Began transaction (1) for test class [com.sprint.mission.discodeit.repository.UserRepositoryTest]; test method [existsByUsername_true]; transaction manager [org.springframework.orm.jpa.JpaTransactionManager@2148849f]; rollback [true]
26-04-05 22:38:08.922 [Test worker] DEBUG o.springframework.test.context.cache - Spring test ApplicationContext cache statistics: [DefaultContextCache@35f79e6d size = 1, maxSize = 32, parentContextCount = 0, hitCount = 45, missCount = 1, failureCount = 0]
26-04-05 22:38:08.922 [Test worker] DEBUG o.springframework.test.context.cache - Spring test ApplicationContext cache statistics: [DefaultContextCache@35f79e6d size = 1, maxSize = 32, parentContextCount = 0, hitCount = 46, missCount = 1, failureCount = 0]
26-04-05 22:38:08.923 [Test worker] DEBUG o.springframework.test.context.cache - Spring test ApplicationContext cache statistics: [DefaultContextCache@35f79e6d size = 1, maxSize = 32, parentContextCount = 0, hitCount = 47, missCount = 1, failureCount = 0]
26-04-05 22:38:08.927 [Test worker] DEBUG o.springframework.test.context.cache - Spring test ApplicationContext cache statistics: [DefaultContextCache@35f79e6d size = 1, maxSize = 32, parentContextCount = 0, hitCount = 48, missCount = 1, failureCount = 0]
26-04-05 22:38:08.929 [Test worker] DEBUG org.hibernate.SQL - 
    insert 
    into
        users
        (created_at, email, password, profile_id, updated_at, username, id) 
    values
        (?, ?, ?, ?, ?, ?, ?)
26-04-05 22:38:08.930 [Test worker] TRACE org.hibernate.orm.jdbc.bind - binding parameter (1:TIMESTAMP_UTC) <- [2026-04-05T13:38:08.926046700Z]
26-04-05 22:38:08.930 [Test worker] TRACE org.hibernate.orm.jdbc.bind - binding parameter (2:VARCHAR) <- [test@test.com]
26-04-05 22:38:08.930 [Test worker] TRACE org.hibernate.orm.jdbc.bind - binding parameter (3:VARCHAR) <- [password123]
26-04-05 22:38:08.931 [Test worker] TRACE org.hibernate.orm.jdbc.bind - binding parameter (4:UUID) <- [null]
26-04-05 22:38:08.931 [Test worker] TRACE org.hibernate.orm.jdbc.bind - binding parameter (5:TIMESTAMP_UTC) <- [2026-04-05T13:38:08.926046700Z]
26-04-05 22:38:08.931 [Test worker] TRACE org.hibernate.orm.jdbc.bind - binding parameter (6:VARCHAR) <- [홍길동]
26-04-05 22:38:08.931 [Test worker] TRACE org.hibernate.orm.jdbc.bind - binding parameter (7:UUID) <- [60725d5d-e97c-4556-a42c-161654559ac5]
26-04-05 22:38:08.934 [Test worker] DEBUG org.hibernate.SQL - 
    select
        u1_0.id 
    from
        users u1_0 
    where
        u1_0.username=? 
    fetch
        first ? rows only
26-04-05 22:38:08.936 [Test worker] TRACE org.hibernate.orm.jdbc.bind - binding parameter (1:VARCHAR) <- [홍길동]
26-04-05 22:38:08.937 [Test worker] TRACE org.hibernate.orm.jdbc.bind - binding parameter (2:INTEGER) <- [1]
26-04-05 22:38:08.938 [Test worker] DEBUG o.springframework.test.context.cache - Spring test ApplicationContext cache statistics: [DefaultContextCache@35f79e6d size = 1, maxSize = 32, parentContextCount = 0, hitCount = 49, missCount = 1, failureCount = 0]
26-04-05 22:38:08.940 [Test worker] DEBUG o.springframework.test.context.cache - Spring test ApplicationContext cache statistics: [DefaultContextCache@35f79e6d size = 1, maxSize = 32, parentContextCount = 0, hitCount = 50, missCount = 1, failureCount = 0]
26-04-05 22:38:08.941 [Test worker] DEBUG o.springframework.test.context.cache - Spring test ApplicationContext cache statistics: [DefaultContextCache@35f79e6d size = 1, maxSize = 32, parentContextCount = 0, hitCount = 51, missCount = 1, failureCount = 0]
26-04-05 22:38:08.942 [Test worker] DEBUG o.springframework.test.context.cache - Spring test ApplicationContext cache statistics: [DefaultContextCache@35f79e6d size = 1, maxSize = 32, parentContextCount = 0, hitCount = 52, missCount = 1, failureCount = 0]
26-04-05 22:38:08.943 [Test worker] DEBUG o.springframework.test.context.cache - Spring test ApplicationContext cache statistics: [DefaultContextCache@35f79e6d size = 1, maxSize = 32, parentContextCount = 0, hitCount = 53, missCount = 1, failureCount = 0]
26-04-05 22:38:08.944 [Test worker] DEBUG o.springframework.test.context.cache - Spring test ApplicationContext cache statistics: [DefaultContextCache@35f79e6d size = 1, maxSize = 32, parentContextCount = 0, hitCount = 54, missCount = 1, failureCount = 0]
26-04-05 22:38:08.944 [Test worker] DEBUG o.springframework.test.context.cache - Spring test ApplicationContext cache statistics: [DefaultContextCache@35f79e6d size = 1, maxSize = 32, parentContextCount = 0, hitCount = 55, missCount = 1, failureCount = 0]
26-04-05 22:38:08.946 [Test worker] DEBUG o.s.t.c.t.TransactionContext - Rolled back transaction (1) for test class [com.sprint.mission.discodeit.repository.UserRepositoryTest]; test method [existsByUsername_true]
26-04-05 22:38:08.947 [Test worker] DEBUG o.s.t.c.s.DirtiesContextTestExecutionListener - After test method: class [UserRepositoryTest], method [existsByUsername_true], class annotated with @DirtiesContext [false] with mode [null], method annotated with @DirtiesContext [false] with mode [null]
26-04-05 22:38:08.950 [Test worker] DEBUG o.springframework.test.context.cache - Spring test ApplicationContext cache statistics: [DefaultContextCache@35f79e6d size = 1, maxSize = 32, parentContextCount = 0, hitCount = 56, missCount = 1, failureCount = 0]
26-04-05 22:38:08.951 [Test worker] DEBUG o.springframework.test.context.cache - Spring test ApplicationContext cache statistics: [DefaultContextCache@35f79e6d size = 1, maxSize = 32, parentContextCount = 0, hitCount = 57, missCount = 1, failureCount = 0]
26-04-05 22:38:08.951 [Test worker] DEBUG o.s.t.c.s.DirtiesContextTestExecutionListener - After test class: class [UserRepositoryTest], class annotated with @DirtiesContext [false] with mode [null]
26-04-05 22:38:08.965 [SpringApplicationShutdownHook] INFO  o.s.o.j.LocalContainerEntityManagerFactoryBean - Closing JPA EntityManagerFactory for persistence unit 'default'
26-04-05 22:41:55.461 [background-preinit] INFO  o.h.validator.internal.util.Version - HV000001: Hibernate Validator 8.0.1.Final
26-04-05 22:41:55.537 [Test worker] INFO  c.s.m.d.r.UserRepositoryTest - Starting UserRepositoryTest using Java 17.0.0.1 with PID 19784 (started by User in C:\Users\User\IdeaProjects\temp\9-sprint-mission)
26-04-05 22:41:55.538 [Test worker] INFO  c.s.m.d.r.UserRepositoryTest - The following 1 profile is active: "test"
26-04-05 22:41:56.256 [Test worker] INFO  o.s.d.r.c.RepositoryConfigurationDelegate - Bootstrapping Spring Data JPA repositories in DEFAULT mode.
26-04-05 22:41:56.453 [Test worker] INFO  o.s.d.r.c.RepositoryConfigurationDelegate - Finished Spring Data repository scanning in 174 ms. Found 6 JPA repository interfaces.
26-04-05 22:41:56.542 [Test worker] INFO  o.s.b.t.a.j.TestDatabaseAutoConfiguration$EmbeddedDataSourceBeanFactoryPostProcessor - Replacing 'dataSource' DataSource bean with embedded version
26-04-05 22:41:56.828 [Test worker] INFO  o.s.j.d.e.EmbeddedDatabaseFactory - Starting embedded database: url='jdbc:h2:mem:57885c76-0ca9-4580-8c39-2089320b25f0;DB_CLOSE_DELAY=-1;DB_CLOSE_ON_EXIT=false', username='sa'
26-04-05 22:41:57.380 [Test worker] INFO  o.h.jpa.internal.util.LogHelper - HHH000204: Processing PersistenceUnitInfo [name: default]
26-04-05 22:41:57.496 [Test worker] INFO  org.hibernate.Version - HHH000412: Hibernate ORM core version 6.6.2.Final
26-04-05 22:41:57.550 [Test worker] INFO  o.h.c.i.RegionFactoryInitiator - HHH000026: Second-level cache disabled
26-04-05 22:41:58.018 [Test worker] INFO  o.s.o.j.p.SpringPersistenceUnitInfo - No LoadTimeWeaver setup: ignoring JPA class transformer
26-04-05 22:41:58.084 [Test worker] WARN  org.hibernate.orm.deprecation - HHH90000025: H2Dialect does not need to be specified explicitly using 'hibernate.dialect' (remove the property setting and it will be selected by default)
26-04-05 22:41:58.109 [Test worker] INFO  o.hibernate.orm.connections.pooling - HHH10001005: Database info:
	Database JDBC URL [Connecting through datasource 'org.springframework.jdbc.datasource.embedded.EmbeddedDatabaseFactory$EmbeddedDataSourceProxy@7e3d168e']
	Database driver: undefined/unknown
	Database version: 2.3.232
	Autocommit mode: undefined/unknown
	Isolation level: undefined/unknown
	Minimum pool size: undefined/unknown
	Maximum pool size: undefined/unknown
26-04-05 22:41:59.680 [Test worker] INFO  o.h.e.t.j.p.i.JtaPlatformInitiator - HHH000489: No JTA platform available (set 'hibernate.transaction.jta.platform' to enable JTA platform integration)
26-04-05 22:41:59.713 [Test worker] DEBUG org.hibernate.SQL - 
    drop table if exists binary_contents cascade 
26-04-05 22:41:59.717 [Test worker] DEBUG org.hibernate.SQL - 
    drop table if exists channels cascade 
26-04-05 22:41:59.720 [Test worker] DEBUG org.hibernate.SQL - 
    drop table if exists message_attachments cascade 
26-04-05 22:41:59.721 [Test worker] DEBUG org.hibernate.SQL - 
    drop table if exists messages cascade 
26-04-05 22:41:59.723 [Test worker] DEBUG org.hibernate.SQL - 
    drop table if exists read_statuses cascade 
26-04-05 22:41:59.725 [Test worker] DEBUG org.hibernate.SQL - 
    drop table if exists user_statuses cascade 
26-04-05 22:41:59.727 [Test worker] DEBUG org.hibernate.SQL - 
    drop table if exists users cascade 
26-04-05 22:41:59.740 [Test worker] DEBUG org.hibernate.SQL - 
    create table binary_contents (
        created_at timestamp with time zone not null,
        size bigint not null,
        id uuid not null,
        content_type varchar(100) not null,
        file_name varchar(255) not null,
        primary key (id)
    )
26-04-05 22:41:59.746 [Test worker] DEBUG org.hibernate.SQL - 
    create table channels (
        created_at timestamp with time zone not null,
        updated_at timestamp with time zone,
        id uuid not null,
        name varchar(100),
        description varchar(500),
        type enum ('PRIVATE','PUBLIC') not null,
        primary key (id)
    )
26-04-05 22:41:59.749 [Test worker] DEBUG org.hibernate.SQL - 
    create table message_attachments (
        attachment_id uuid not null unique,
        message_id uuid not null
    )
26-04-05 22:41:59.752 [Test worker] DEBUG org.hibernate.SQL - 
    create table messages (
        created_at timestamp with time zone not null,
        updated_at timestamp with time zone,
        author_id uuid,
        channel_id uuid not null,
        id uuid not null,
        content text not null,
        primary key (id)
    )
26-04-05 22:41:59.755 [Test worker] DEBUG org.hibernate.SQL - 
    create table read_statuses (
        created_at timestamp with time zone not null,
        last_read_at timestamp with time zone not null,
        updated_at timestamp with time zone,
        channel_id uuid not null,
        id uuid not null,
        user_id uuid not null,
        primary key (id),
        unique (user_id, channel_id)
    )
26-04-05 22:41:59.758 [Test worker] DEBUG org.hibernate.SQL - 
    create table user_statuses (
        created_at timestamp with time zone not null,
        last_active_at timestamp with time zone not null,
        updated_at timestamp with time zone,
        id uuid not null,
        user_id uuid not null unique,
        primary key (id)
    )
26-04-05 22:41:59.760 [Test worker] DEBUG org.hibernate.SQL - 
    create table users (
        created_at timestamp with time zone not null,
        updated_at timestamp with time zone,
        id uuid not null,
        profile_id uuid unique,
        username varchar(50) not null unique,
        password varchar(60) not null,
        email varchar(100) not null unique,
        primary key (id)
    )
26-04-05 22:41:59.765 [Test worker] DEBUG org.hibernate.SQL - 
    alter table if exists message_attachments 
       add constraint FKsd1m8rb8jcpbcnb7rpdue7ctc 
       foreign key (attachment_id) 
       references binary_contents
26-04-05 22:41:59.768 [Test worker] DEBUG org.hibernate.SQL - 
    alter table if exists message_attachments 
       add constraint FKj7twd218e2gqw9cmlhwvo1rth 
       foreign key (message_id) 
       references messages
26-04-05 22:41:59.771 [Test worker] DEBUG org.hibernate.SQL - 
    alter table if exists messages 
       add constraint FKowtlim26svclkatusptbgi7u1 
       foreign key (author_id) 
       references users
26-04-05 22:41:59.774 [Test worker] DEBUG org.hibernate.SQL - 
    alter table if exists messages 
       add constraint FK3u3ckbhwq9se1cmopk2pq05b2 
       foreign key (channel_id) 
       references channels
26-04-05 22:41:59.777 [Test worker] DEBUG org.hibernate.SQL - 
    alter table if exists read_statuses 
       add constraint FKa38ri44ml4gfdpklx4ahqr8gd 
       foreign key (channel_id) 
       references channels
26-04-05 22:41:59.780 [Test worker] DEBUG org.hibernate.SQL - 
    alter table if exists read_statuses 
       add constraint FKml3k4wr9sj5yxrmj6d0aoib2e 
       foreign key (user_id) 
       references users
26-04-05 22:41:59.783 [Test worker] DEBUG org.hibernate.SQL - 
    alter table if exists user_statuses 
       add constraint FK4lfl3ei2ubchgcxrrpo3pw4mm 
       foreign key (user_id) 
       references users
26-04-05 22:41:59.786 [Test worker] DEBUG org.hibernate.SQL - 
    alter table if exists users 
       add constraint FKtbudycgrip49xdptogmhfqnso 
       foreign key (profile_id) 
       references binary_contents
26-04-05 22:41:59.794 [Test worker] INFO  o.s.o.j.LocalContainerEntityManagerFactoryBean - Initialized JPA EntityManagerFactory for persistence unit 'default'
26-04-05 22:42:00.412 [Test worker] INFO  o.s.d.j.r.query.QueryEnhancerFactory - Hibernate is in classpath; If applicable, HQL parser will be used.
26-04-05 22:42:01.567 [Test worker] INFO  c.s.m.d.r.UserRepositoryTest - Started UserRepositoryTest in 6.696 seconds (process running for 8.448)
26-04-05 22:42:01.595 [Test worker] DEBUG o.springframework.test.context.cache - Spring test ApplicationContext cache statistics: [DefaultContextCache@18ab86a2 size = 1, maxSize = 32, parentContextCount = 0, hitCount = 0, missCount = 1, failureCount = 0]
26-04-05 22:42:01.608 [Test worker] DEBUG o.springframework.test.context.cache - Spring test ApplicationContext cache statistics: [DefaultContextCache@18ab86a2 size = 1, maxSize = 32, parentContextCount = 0, hitCount = 1, missCount = 1, failureCount = 0]
26-04-05 22:42:01.619 [Test worker] DEBUG o.s.t.c.s.DirtiesContextBeforeModesTestExecutionListener - Before test method: class [UserRepositoryTest], method [existsByUsername_false], class annotated with @DirtiesContext [false] with mode [null], method annotated with @DirtiesContext [false] with mode [null]
26-04-05 22:42:01.636 [Test worker] DEBUG o.s.t.c.t.TransactionalTestExecutionListener - Explicit transaction definition [PROPAGATION_REQUIRED,ISOLATION_DEFAULT] found for test class [com.sprint.mission.discodeit.repository.UserRepositoryTest] and test method [existsByUsername_false]
26-04-05 22:42:01.637 [Test worker] DEBUG o.springframework.test.context.cache - Spring test ApplicationContext cache statistics: [DefaultContextCache@18ab86a2 size = 1, maxSize = 32, parentContextCount = 0, hitCount = 2, missCount = 1, failureCount = 0]
26-04-05 22:42:01.642 [Test worker] DEBUG o.s.t.c.t.TransactionalTestExecutionListener - No method-level @Rollback override: using default rollback [true] for test method [void com.sprint.mission.discodeit.repository.UserRepositoryTest.existsByUsername_false()]
26-04-05 22:42:01.662 [Test worker] DEBUG o.s.t.c.t.TransactionContext - Began transaction (1) for test class [com.sprint.mission.discodeit.repository.UserRepositoryTest]; test method [existsByUsername_false]; transaction manager [org.springframework.orm.jpa.JpaTransactionManager@2148849f]; rollback [true]
26-04-05 22:42:01.666 [Test worker] DEBUG o.springframework.test.context.cache - Spring test ApplicationContext cache statistics: [DefaultContextCache@18ab86a2 size = 1, maxSize = 32, parentContextCount = 0, hitCount = 3, missCount = 1, failureCount = 0]
26-04-05 22:42:01.666 [Test worker] DEBUG o.springframework.test.context.cache - Spring test ApplicationContext cache statistics: [DefaultContextCache@18ab86a2 size = 1, maxSize = 32, parentContextCount = 0, hitCount = 4, missCount = 1, failureCount = 0]
26-04-05 22:42:02.283 [Test worker] DEBUG o.springframework.test.context.cache - Spring test ApplicationContext cache statistics: [DefaultContextCache@18ab86a2 size = 1, maxSize = 32, parentContextCount = 0, hitCount = 5, missCount = 1, failureCount = 0]
26-04-05 22:42:02.360 [Test worker] DEBUG o.springframework.test.context.cache - Spring test ApplicationContext cache statistics: [DefaultContextCache@18ab86a2 size = 1, maxSize = 32, parentContextCount = 0, hitCount = 6, missCount = 1, failureCount = 0]
26-04-05 22:42:02.437 [Test worker] DEBUG org.hibernate.SQL - 
    insert 
    into
        users
        (created_at, email, password, profile_id, updated_at, username, id) 
    values
        (?, ?, ?, ?, ?, ?, ?)
26-04-05 22:42:02.443 [Test worker] TRACE org.hibernate.orm.jdbc.bind - binding parameter (1:TIMESTAMP_UTC) <- [2026-04-05T13:42:02.328849300Z]
26-04-05 22:42:02.448 [Test worker] TRACE org.hibernate.orm.jdbc.bind - binding parameter (2:VARCHAR) <- [test@test.com]
26-04-05 22:42:02.449 [Test worker] TRACE org.hibernate.orm.jdbc.bind - binding parameter (3:VARCHAR) <- [password123]
26-04-05 22:42:02.449 [Test worker] TRACE org.hibernate.orm.jdbc.bind - binding parameter (4:UUID) <- [null]
26-04-05 22:42:02.449 [Test worker] TRACE org.hibernate.orm.jdbc.bind - binding parameter (5:TIMESTAMP_UTC) <- [2026-04-05T13:42:02.328849300Z]
26-04-05 22:42:02.449 [Test worker] TRACE org.hibernate.orm.jdbc.bind - binding parameter (6:VARCHAR) <- [홍길동]
26-04-05 22:42:02.449 [Test worker] TRACE org.hibernate.orm.jdbc.bind - binding parameter (7:UUID) <- [88f91f42-7151-45fb-b573-1f2b10572a75]
26-04-05 22:42:02.464 [Test worker] DEBUG org.hibernate.SQL - 
    insert 
    into
        user_statuses
        (created_at, last_active_at, updated_at, user_id, id) 
    values
        (?, ?, ?, ?, ?)
26-04-05 22:42:02.464 [Test worker] TRACE org.hibernate.orm.jdbc.bind - binding parameter (1:TIMESTAMP_UTC) <- [2026-04-05T13:42:02.354857100Z]
26-04-05 22:42:02.465 [Test worker] TRACE org.hibernate.orm.jdbc.bind - binding parameter (2:TIMESTAMP_UTC) <- [2026-04-05T13:42:02.352719300Z]
26-04-05 22:42:02.465 [Test worker] TRACE org.hibernate.orm.jdbc.bind - binding parameter (3:TIMESTAMP_UTC) <- [2026-04-05T13:42:02.354857100Z]
26-04-05 22:42:02.466 [Test worker] TRACE org.hibernate.orm.jdbc.bind - binding parameter (4:UUID) <- [88f91f42-7151-45fb-b573-1f2b10572a75]
26-04-05 22:42:02.466 [Test worker] TRACE org.hibernate.orm.jdbc.bind - binding parameter (5:UUID) <- [ab4fb462-aa81-4549-b1ed-fcca81ae01e5]
26-04-05 22:42:02.480 [Test worker] DEBUG org.hibernate.SQL - 
    select
        u1_0.id 
    from
        users u1_0 
    where
        u1_0.username=? 
    fetch
        first ? rows only
26-04-05 22:42:02.482 [Test worker] TRACE org.hibernate.orm.jdbc.bind - binding parameter (1:VARCHAR) <- [없는유저]
26-04-05 22:42:02.482 [Test worker] TRACE org.hibernate.orm.jdbc.bind - binding parameter (2:INTEGER) <- [1]
26-04-05 22:42:02.569 [Test worker] DEBUG o.springframework.test.context.cache - Spring test ApplicationContext cache statistics: [DefaultContextCache@18ab86a2 size = 1, maxSize = 32, parentContextCount = 0, hitCount = 7, missCount = 1, failureCount = 0]
26-04-05 22:42:02.571 [Test worker] DEBUG o.springframework.test.context.cache - Spring test ApplicationContext cache statistics: [DefaultContextCache@18ab86a2 size = 1, maxSize = 32, parentContextCount = 0, hitCount = 8, missCount = 1, failureCount = 0]
26-04-05 22:42:02.572 [Test worker] DEBUG o.springframework.test.context.cache - Spring test ApplicationContext cache statistics: [DefaultContextCache@18ab86a2 size = 1, maxSize = 32, parentContextCount = 0, hitCount = 9, missCount = 1, failureCount = 0]
26-04-05 22:42:02.573 [Test worker] DEBUG o.springframework.test.context.cache - Spring test ApplicationContext cache statistics: [DefaultContextCache@18ab86a2 size = 1, maxSize = 32, parentContextCount = 0, hitCount = 10, missCount = 1, failureCount = 0]
26-04-05 22:42:02.574 [Test worker] DEBUG o.springframework.test.context.cache - Spring test ApplicationContext cache statistics: [DefaultContextCache@18ab86a2 size = 1, maxSize = 32, parentContextCount = 0, hitCount = 11, missCount = 1, failureCount = 0]
26-04-05 22:42:02.575 [Test worker] DEBUG o.springframework.test.context.cache - Spring test ApplicationContext cache statistics: [DefaultContextCache@18ab86a2 size = 1, maxSize = 32, parentContextCount = 0, hitCount = 12, missCount = 1, failureCount = 0]
26-04-05 22:42:02.577 [Test worker] DEBUG o.springframework.test.context.cache - Spring test ApplicationContext cache statistics: [DefaultContextCache@18ab86a2 size = 1, maxSize = 32, parentContextCount = 0, hitCount = 13, missCount = 1, failureCount = 0]
26-04-05 22:42:02.581 [Test worker] DEBUG o.s.t.c.t.TransactionContext - Rolled back transaction (1) for test class [com.sprint.mission.discodeit.repository.UserRepositoryTest]; test method [existsByUsername_false]
26-04-05 22:42:02.582 [Test worker] DEBUG o.s.t.c.s.DirtiesContextTestExecutionListener - After test method: class [UserRepositoryTest], method [existsByUsername_false], class annotated with @DirtiesContext [false] with mode [null], method annotated with @DirtiesContext [false] with mode [null]
26-04-05 22:42:02.591 [Test worker] DEBUG o.s.t.c.s.DependencyInjectionTestExecutionListener - Performing dependency injection for test class com.sprint.mission.discodeit.repository.UserRepositoryTest
26-04-05 22:42:02.591 [Test worker] DEBUG o.springframework.test.context.cache - Spring test ApplicationContext cache statistics: [DefaultContextCache@18ab86a2 size = 1, maxSize = 32, parentContextCount = 0, hitCount = 14, missCount = 1, failureCount = 0]
26-04-05 22:42:02.592 [Test worker] DEBUG o.springframework.test.context.cache - Spring test ApplicationContext cache statistics: [DefaultContextCache@18ab86a2 size = 1, maxSize = 32, parentContextCount = 0, hitCount = 15, missCount = 1, failureCount = 0]
26-04-05 22:42:02.593 [Test worker] DEBUG o.s.t.c.s.DirtiesContextBeforeModesTestExecutionListener - Before test method: class [UserRepositoryTest], method [existsByEmail_true], class annotated with @DirtiesContext [false] with mode [null], method annotated with @DirtiesContext [false] with mode [null]
26-04-05 22:42:02.594 [Test worker] DEBUG o.s.t.c.t.TransactionalTestExecutionListener - Explicit transaction definition [PROPAGATION_REQUIRED,ISOLATION_DEFAULT] found for test class [com.sprint.mission.discodeit.repository.UserRepositoryTest] and test method [existsByEmail_true]
26-04-05 22:42:02.594 [Test worker] DEBUG o.springframework.test.context.cache - Spring test ApplicationContext cache statistics: [DefaultContextCache@18ab86a2 size = 1, maxSize = 32, parentContextCount = 0, hitCount = 16, missCount = 1, failureCount = 0]
26-04-05 22:42:02.595 [Test worker] DEBUG o.s.t.c.t.TransactionalTestExecutionListener - No method-level @Rollback override: using default rollback [true] for test method [void com.sprint.mission.discodeit.repository.UserRepositoryTest.existsByEmail_true()]
26-04-05 22:42:02.596 [Test worker] DEBUG o.s.t.c.t.TransactionContext - Began transaction (1) for test class [com.sprint.mission.discodeit.repository.UserRepositoryTest]; test method [existsByEmail_true]; transaction manager [org.springframework.orm.jpa.JpaTransactionManager@2148849f]; rollback [true]
26-04-05 22:42:02.598 [Test worker] DEBUG o.springframework.test.context.cache - Spring test ApplicationContext cache statistics: [DefaultContextCache@18ab86a2 size = 1, maxSize = 32, parentContextCount = 0, hitCount = 17, missCount = 1, failureCount = 0]
26-04-05 22:42:02.598 [Test worker] DEBUG o.springframework.test.context.cache - Spring test ApplicationContext cache statistics: [DefaultContextCache@18ab86a2 size = 1, maxSize = 32, parentContextCount = 0, hitCount = 18, missCount = 1, failureCount = 0]
26-04-05 22:42:02.598 [Test worker] DEBUG o.springframework.test.context.cache - Spring test ApplicationContext cache statistics: [DefaultContextCache@18ab86a2 size = 1, maxSize = 32, parentContextCount = 0, hitCount = 19, missCount = 1, failureCount = 0]
26-04-05 22:42:02.603 [Test worker] DEBUG o.springframework.test.context.cache - Spring test ApplicationContext cache statistics: [DefaultContextCache@18ab86a2 size = 1, maxSize = 32, parentContextCount = 0, hitCount = 20, missCount = 1, failureCount = 0]
26-04-05 22:42:02.606 [Test worker] DEBUG org.hibernate.SQL - 
    insert 
    into
        users
        (created_at, email, password, profile_id, updated_at, username, id) 
    values
        (?, ?, ?, ?, ?, ?, ?)
26-04-05 22:42:02.607 [Test worker] TRACE org.hibernate.orm.jdbc.bind - binding parameter (1:TIMESTAMP_UTC) <- [2026-04-05T13:42:02.601009300Z]
26-04-05 22:42:02.607 [Test worker] TRACE org.hibernate.orm.jdbc.bind - binding parameter (2:VARCHAR) <- [test@test.com]
26-04-05 22:42:02.607 [Test worker] TRACE org.hibernate.orm.jdbc.bind - binding parameter (3:VARCHAR) <- [password123]
26-04-05 22:42:02.607 [Test worker] TRACE org.hibernate.orm.jdbc.bind - binding parameter (4:UUID) <- [null]
26-04-05 22:42:02.608 [Test worker] TRACE org.hibernate.orm.jdbc.bind - binding parameter (5:TIMESTAMP_UTC) <- [2026-04-05T13:42:02.601009300Z]
26-04-05 22:42:02.608 [Test worker] TRACE org.hibernate.orm.jdbc.bind - binding parameter (6:VARCHAR) <- [홍길동]
26-04-05 22:42:02.608 [Test worker] TRACE org.hibernate.orm.jdbc.bind - binding parameter (7:UUID) <- [ec574be8-c6d2-4c7d-95d9-ae30eaf045af]
26-04-05 22:42:02.610 [Test worker] DEBUG org.hibernate.SQL - 
    insert 
    into
        user_statuses
        (created_at, last_active_at, updated_at, user_id, id) 
    values
        (?, ?, ?, ?, ?)
26-04-05 22:42:02.612 [Test worker] TRACE org.hibernate.orm.jdbc.bind - binding parameter (1:TIMESTAMP_UTC) <- [2026-04-05T13:42:02.602002800Z]
26-04-05 22:42:02.612 [Test worker] TRACE org.hibernate.orm.jdbc.bind - binding parameter (2:TIMESTAMP_UTC) <- [2026-04-05T13:42:02.602002800Z]
26-04-05 22:42:02.613 [Test worker] TRACE org.hibernate.orm.jdbc.bind - binding parameter (3:TIMESTAMP_UTC) <- [2026-04-05T13:42:02.602002800Z]
26-04-05 22:42:02.613 [Test worker] TRACE org.hibernate.orm.jdbc.bind - binding parameter (4:UUID) <- [ec574be8-c6d2-4c7d-95d9-ae30eaf045af]
26-04-05 22:42:02.613 [Test worker] TRACE org.hibernate.orm.jdbc.bind - binding parameter (5:UUID) <- [12b06a03-b22b-4522-a1b7-3aca87fb6c4c]
26-04-05 22:42:02.618 [Test worker] DEBUG org.hibernate.SQL - 
    select
        u1_0.id 
    from
        users u1_0 
    where
        u1_0.email=? 
    fetch
        first ? rows only
26-04-05 22:42:02.619 [Test worker] TRACE org.hibernate.orm.jdbc.bind - binding parameter (1:VARCHAR) <- [test@test.com]
26-04-05 22:42:02.619 [Test worker] TRACE org.hibernate.orm.jdbc.bind - binding parameter (2:INTEGER) <- [1]
26-04-05 22:42:02.622 [Test worker] DEBUG o.springframework.test.context.cache - Spring test ApplicationContext cache statistics: [DefaultContextCache@18ab86a2 size = 1, maxSize = 32, parentContextCount = 0, hitCount = 21, missCount = 1, failureCount = 0]
26-04-05 22:42:02.624 [Test worker] DEBUG o.springframework.test.context.cache - Spring test ApplicationContext cache statistics: [DefaultContextCache@18ab86a2 size = 1, maxSize = 32, parentContextCount = 0, hitCount = 22, missCount = 1, failureCount = 0]
26-04-05 22:42:02.625 [Test worker] DEBUG o.springframework.test.context.cache - Spring test ApplicationContext cache statistics: [DefaultContextCache@18ab86a2 size = 1, maxSize = 32, parentContextCount = 0, hitCount = 23, missCount = 1, failureCount = 0]
26-04-05 22:42:02.626 [Test worker] DEBUG o.springframework.test.context.cache - Spring test ApplicationContext cache statistics: [DefaultContextCache@18ab86a2 size = 1, maxSize = 32, parentContextCount = 0, hitCount = 24, missCount = 1, failureCount = 0]
26-04-05 22:42:02.626 [Test worker] DEBUG o.springframework.test.context.cache - Spring test ApplicationContext cache statistics: [DefaultContextCache@18ab86a2 size = 1, maxSize = 32, parentContextCount = 0, hitCount = 25, missCount = 1, failureCount = 0]
26-04-05 22:42:02.627 [Test worker] DEBUG o.springframework.test.context.cache - Spring test ApplicationContext cache statistics: [DefaultContextCache@18ab86a2 size = 1, maxSize = 32, parentContextCount = 0, hitCount = 26, missCount = 1, failureCount = 0]
26-04-05 22:42:02.627 [Test worker] DEBUG o.springframework.test.context.cache - Spring test ApplicationContext cache statistics: [DefaultContextCache@18ab86a2 size = 1, maxSize = 32, parentContextCount = 0, hitCount = 27, missCount = 1, failureCount = 0]
26-04-05 22:42:02.628 [Test worker] DEBUG o.s.t.c.t.TransactionContext - Rolled back transaction (1) for test class [com.sprint.mission.discodeit.repository.UserRepositoryTest]; test method [existsByEmail_true]
26-04-05 22:42:02.628 [Test worker] DEBUG o.s.t.c.s.DirtiesContextTestExecutionListener - After test method: class [UserRepositoryTest], method [existsByEmail_true], class annotated with @DirtiesContext [false] with mode [null], method annotated with @DirtiesContext [false] with mode [null]
26-04-05 22:42:02.630 [Test worker] DEBUG o.s.t.c.s.DependencyInjectionTestExecutionListener - Performing dependency injection for test class com.sprint.mission.discodeit.repository.UserRepositoryTest
26-04-05 22:42:02.631 [Test worker] DEBUG o.springframework.test.context.cache - Spring test ApplicationContext cache statistics: [DefaultContextCache@18ab86a2 size = 1, maxSize = 32, parentContextCount = 0, hitCount = 28, missCount = 1, failureCount = 0]
26-04-05 22:42:02.631 [Test worker] DEBUG o.springframework.test.context.cache - Spring test ApplicationContext cache statistics: [DefaultContextCache@18ab86a2 size = 1, maxSize = 32, parentContextCount = 0, hitCount = 29, missCount = 1, failureCount = 0]
26-04-05 22:42:02.633 [Test worker] DEBUG o.s.t.c.s.DirtiesContextBeforeModesTestExecutionListener - Before test method: class [UserRepositoryTest], method [existsByEmail_false], class annotated with @DirtiesContext [false] with mode [null], method annotated with @DirtiesContext [false] with mode [null]
26-04-05 22:42:02.633 [Test worker] DEBUG o.s.t.c.t.TransactionalTestExecutionListener - Explicit transaction definition [PROPAGATION_REQUIRED,ISOLATION_DEFAULT] found for test class [com.sprint.mission.discodeit.repository.UserRepositoryTest] and test method [existsByEmail_false]
26-04-05 22:42:02.634 [Test worker] DEBUG o.springframework.test.context.cache - Spring test ApplicationContext cache statistics: [DefaultContextCache@18ab86a2 size = 1, maxSize = 32, parentContextCount = 0, hitCount = 30, missCount = 1, failureCount = 0]
26-04-05 22:42:02.634 [Test worker] DEBUG o.s.t.c.t.TransactionalTestExecutionListener - No method-level @Rollback override: using default rollback [true] for test method [void com.sprint.mission.discodeit.repository.UserRepositoryTest.existsByEmail_false()]
26-04-05 22:42:02.635 [Test worker] DEBUG o.s.t.c.t.TransactionContext - Began transaction (1) for test class [com.sprint.mission.discodeit.repository.UserRepositoryTest]; test method [existsByEmail_false]; transaction manager [org.springframework.orm.jpa.JpaTransactionManager@2148849f]; rollback [true]
26-04-05 22:42:02.636 [Test worker] DEBUG o.springframework.test.context.cache - Spring test ApplicationContext cache statistics: [DefaultContextCache@18ab86a2 size = 1, maxSize = 32, parentContextCount = 0, hitCount = 31, missCount = 1, failureCount = 0]
26-04-05 22:42:02.637 [Test worker] DEBUG o.springframework.test.context.cache - Spring test ApplicationContext cache statistics: [DefaultContextCache@18ab86a2 size = 1, maxSize = 32, parentContextCount = 0, hitCount = 32, missCount = 1, failureCount = 0]
26-04-05 22:42:02.638 [Test worker] DEBUG o.springframework.test.context.cache - Spring test ApplicationContext cache statistics: [DefaultContextCache@18ab86a2 size = 1, maxSize = 32, parentContextCount = 0, hitCount = 33, missCount = 1, failureCount = 0]
26-04-05 22:42:02.642 [Test worker] DEBUG o.springframework.test.context.cache - Spring test ApplicationContext cache statistics: [DefaultContextCache@18ab86a2 size = 1, maxSize = 32, parentContextCount = 0, hitCount = 34, missCount = 1, failureCount = 0]
26-04-05 22:42:02.644 [Test worker] DEBUG org.hibernate.SQL - 
    insert 
    into
        users
        (created_at, email, password, profile_id, updated_at, username, id) 
    values
        (?, ?, ?, ?, ?, ?, ?)
26-04-05 22:42:02.645 [Test worker] TRACE org.hibernate.orm.jdbc.bind - binding parameter (1:TIMESTAMP_UTC) <- [2026-04-05T13:42:02.641076200Z]
26-04-05 22:42:02.646 [Test worker] TRACE org.hibernate.orm.jdbc.bind - binding parameter (2:VARCHAR) <- [test@test.com]
26-04-05 22:42:02.647 [Test worker] TRACE org.hibernate.orm.jdbc.bind - binding parameter (3:VARCHAR) <- [password123]
26-04-05 22:42:02.647 [Test worker] TRACE org.hibernate.orm.jdbc.bind - binding parameter (4:UUID) <- [null]
26-04-05 22:42:02.647 [Test worker] TRACE org.hibernate.orm.jdbc.bind - binding parameter (5:TIMESTAMP_UTC) <- [2026-04-05T13:42:02.641076200Z]
26-04-05 22:42:02.648 [Test worker] TRACE org.hibernate.orm.jdbc.bind - binding parameter (6:VARCHAR) <- [홍길동]
26-04-05 22:42:02.648 [Test worker] TRACE org.hibernate.orm.jdbc.bind - binding parameter (7:UUID) <- [513ad3ee-da56-4d91-b07c-807d7a6435e1]
26-04-05 22:42:02.650 [Test worker] DEBUG org.hibernate.SQL - 
    insert 
    into
        user_statuses
        (created_at, last_active_at, updated_at, user_id, id) 
    values
        (?, ?, ?, ?, ?)
26-04-05 22:42:02.651 [Test worker] TRACE org.hibernate.orm.jdbc.bind - binding parameter (1:TIMESTAMP_UTC) <- [2026-04-05T13:42:02.641076200Z]
26-04-05 22:42:02.652 [Test worker] TRACE org.hibernate.orm.jdbc.bind - binding parameter (2:TIMESTAMP_UTC) <- [2026-04-05T13:42:02.641076200Z]
26-04-05 22:42:02.652 [Test worker] TRACE org.hibernate.orm.jdbc.bind - binding parameter (3:TIMESTAMP_UTC) <- [2026-04-05T13:42:02.641076200Z]
26-04-05 22:42:02.653 [Test worker] TRACE org.hibernate.orm.jdbc.bind - binding parameter (4:UUID) <- [513ad3ee-da56-4d91-b07c-807d7a6435e1]
26-04-05 22:42:02.653 [Test worker] TRACE org.hibernate.orm.jdbc.bind - binding parameter (5:UUID) <- [dc99e413-db1e-452f-a413-856e27620c4f]
26-04-05 22:42:02.654 [Test worker] DEBUG org.hibernate.SQL - 
    select
        u1_0.id 
    from
        users u1_0 
    where
        u1_0.email=? 
    fetch
        first ? rows only
26-04-05 22:42:02.655 [Test worker] TRACE org.hibernate.orm.jdbc.bind - binding parameter (1:VARCHAR) <- [none@test.com]
26-04-05 22:42:02.655 [Test worker] TRACE org.hibernate.orm.jdbc.bind - binding parameter (2:INTEGER) <- [1]
26-04-05 22:42:02.656 [Test worker] DEBUG o.springframework.test.context.cache - Spring test ApplicationContext cache statistics: [DefaultContextCache@18ab86a2 size = 1, maxSize = 32, parentContextCount = 0, hitCount = 35, missCount = 1, failureCount = 0]
26-04-05 22:42:02.657 [Test worker] DEBUG o.springframework.test.context.cache - Spring test ApplicationContext cache statistics: [DefaultContextCache@18ab86a2 size = 1, maxSize = 32, parentContextCount = 0, hitCount = 36, missCount = 1, failureCount = 0]
26-04-05 22:42:02.657 [Test worker] DEBUG o.springframework.test.context.cache - Spring test ApplicationContext cache statistics: [DefaultContextCache@18ab86a2 size = 1, maxSize = 32, parentContextCount = 0, hitCount = 37, missCount = 1, failureCount = 0]
26-04-05 22:42:02.658 [Test worker] DEBUG o.springframework.test.context.cache - Spring test ApplicationContext cache statistics: [DefaultContextCache@18ab86a2 size = 1, maxSize = 32, parentContextCount = 0, hitCount = 38, missCount = 1, failureCount = 0]
26-04-05 22:42:02.658 [Test worker] DEBUG o.springframework.test.context.cache - Spring test ApplicationContext cache statistics: [DefaultContextCache@18ab86a2 size = 1, maxSize = 32, parentContextCount = 0, hitCount = 39, missCount = 1, failureCount = 0]
26-04-05 22:42:02.658 [Test worker] DEBUG o.springframework.test.context.cache - Spring test ApplicationContext cache statistics: [DefaultContextCache@18ab86a2 size = 1, maxSize = 32, parentContextCount = 0, hitCount = 40, missCount = 1, failureCount = 0]
26-04-05 22:42:02.660 [Test worker] DEBUG o.springframework.test.context.cache - Spring test ApplicationContext cache statistics: [DefaultContextCache@18ab86a2 size = 1, maxSize = 32, parentContextCount = 0, hitCount = 41, missCount = 1, failureCount = 0]
26-04-05 22:42:02.661 [Test worker] DEBUG o.s.t.c.t.TransactionContext - Rolled back transaction (1) for test class [com.sprint.mission.discodeit.repository.UserRepositoryTest]; test method [existsByEmail_false]
26-04-05 22:42:02.662 [Test worker] DEBUG o.s.t.c.s.DirtiesContextTestExecutionListener - After test method: class [UserRepositoryTest], method [existsByEmail_false], class annotated with @DirtiesContext [false] with mode [null], method annotated with @DirtiesContext [false] with mode [null]
26-04-05 22:42:02.663 [Test worker] DEBUG o.s.t.c.s.DependencyInjectionTestExecutionListener - Performing dependency injection for test class com.sprint.mission.discodeit.repository.UserRepositoryTest
26-04-05 22:42:02.663 [Test worker] DEBUG o.springframework.test.context.cache - Spring test ApplicationContext cache statistics: [DefaultContextCache@18ab86a2 size = 1, maxSize = 32, parentContextCount = 0, hitCount = 42, missCount = 1, failureCount = 0]
26-04-05 22:42:02.664 [Test worker] DEBUG o.springframework.test.context.cache - Spring test ApplicationContext cache statistics: [DefaultContextCache@18ab86a2 size = 1, maxSize = 32, parentContextCount = 0, hitCount = 43, missCount = 1, failureCount = 0]
26-04-05 22:42:02.666 [Test worker] DEBUG o.s.t.c.s.DirtiesContextBeforeModesTestExecutionListener - Before test method: class [UserRepositoryTest], method [findAllWithProfileAndStatus_empty], class annotated with @DirtiesContext [false] with mode [null], method annotated with @DirtiesContext [false] with mode [null]
26-04-05 22:42:02.667 [Test worker] DEBUG o.s.t.c.t.TransactionalTestExecutionListener - Explicit transaction definition [PROPAGATION_REQUIRED,ISOLATION_DEFAULT] found for test class [com.sprint.mission.discodeit.repository.UserRepositoryTest] and test method [findAllWithProfileAndStatus_empty]
26-04-05 22:42:02.668 [Test worker] DEBUG o.springframework.test.context.cache - Spring test ApplicationContext cache statistics: [DefaultContextCache@18ab86a2 size = 1, maxSize = 32, parentContextCount = 0, hitCount = 44, missCount = 1, failureCount = 0]
26-04-05 22:42:02.668 [Test worker] DEBUG o.s.t.c.t.TransactionalTestExecutionListener - No method-level @Rollback override: using default rollback [true] for test method [void com.sprint.mission.discodeit.repository.UserRepositoryTest.findAllWithProfileAndStatus_empty()]
26-04-05 22:42:02.669 [Test worker] DEBUG o.s.t.c.t.TransactionContext - Began transaction (1) for test class [com.sprint.mission.discodeit.repository.UserRepositoryTest]; test method [findAllWithProfileAndStatus_empty]; transaction manager [org.springframework.orm.jpa.JpaTransactionManager@2148849f]; rollback [true]
26-04-05 22:42:02.670 [Test worker] DEBUG o.springframework.test.context.cache - Spring test ApplicationContext cache statistics: [DefaultContextCache@18ab86a2 size = 1, maxSize = 32, parentContextCount = 0, hitCount = 45, missCount = 1, failureCount = 0]
26-04-05 22:42:02.671 [Test worker] DEBUG o.springframework.test.context.cache - Spring test ApplicationContext cache statistics: [DefaultContextCache@18ab86a2 size = 1, maxSize = 32, parentContextCount = 0, hitCount = 46, missCount = 1, failureCount = 0]
26-04-05 22:42:02.671 [Test worker] DEBUG o.springframework.test.context.cache - Spring test ApplicationContext cache statistics: [DefaultContextCache@18ab86a2 size = 1, maxSize = 32, parentContextCount = 0, hitCount = 47, missCount = 1, failureCount = 0]
26-04-05 22:42:02.675 [Test worker] DEBUG o.springframework.test.context.cache - Spring test ApplicationContext cache statistics: [DefaultContextCache@18ab86a2 size = 1, maxSize = 32, parentContextCount = 0, hitCount = 48, missCount = 1, failureCount = 0]
26-04-05 22:42:02.685 [Test worker] DEBUG org.hibernate.SQL - 
    insert 
    into
        users
        (created_at, email, password, profile_id, updated_at, username, id) 
    values
        (?, ?, ?, ?, ?, ?, ?)
26-04-05 22:42:02.686 [Test worker] TRACE org.hibernate.orm.jdbc.bind - binding parameter (1:TIMESTAMP_UTC) <- [2026-04-05T13:42:02.673659800Z]
26-04-05 22:42:02.686 [Test worker] TRACE org.hibernate.orm.jdbc.bind - binding parameter (2:VARCHAR) <- [test@test.com]
26-04-05 22:42:02.686 [Test worker] TRACE org.hibernate.orm.jdbc.bind - binding parameter (3:VARCHAR) <- [password123]
26-04-05 22:42:02.686 [Test worker] TRACE org.hibernate.orm.jdbc.bind - binding parameter (4:UUID) <- [null]
26-04-05 22:42:02.686 [Test worker] TRACE org.hibernate.orm.jdbc.bind - binding parameter (5:TIMESTAMP_UTC) <- [2026-04-05T13:42:02.673659800Z]
26-04-05 22:42:02.686 [Test worker] TRACE org.hibernate.orm.jdbc.bind - binding parameter (6:VARCHAR) <- [홍길동]
26-04-05 22:42:02.686 [Test worker] TRACE org.hibernate.orm.jdbc.bind - binding parameter (7:UUID) <- [2ef65c4e-87fa-4175-9e8a-f089925bbd75]
26-04-05 22:42:02.689 [Test worker] DEBUG org.hibernate.SQL - 
    insert 
    into
        user_statuses
        (created_at, last_active_at, updated_at, user_id, id) 
    values
        (?, ?, ?, ?, ?)
26-04-05 22:42:02.689 [Test worker] TRACE org.hibernate.orm.jdbc.bind - binding parameter (1:TIMESTAMP_UTC) <- [2026-04-05T13:42:02.674659Z]
26-04-05 22:42:02.690 [Test worker] TRACE org.hibernate.orm.jdbc.bind - binding parameter (2:TIMESTAMP_UTC) <- [2026-04-05T13:42:02.673659800Z]
26-04-05 22:42:02.690 [Test worker] TRACE org.hibernate.orm.jdbc.bind - binding parameter (3:TIMESTAMP_UTC) <- [2026-04-05T13:42:02.674659Z]
26-04-05 22:42:02.690 [Test worker] TRACE org.hibernate.orm.jdbc.bind - binding parameter (4:UUID) <- [2ef65c4e-87fa-4175-9e8a-f089925bbd75]
26-04-05 22:42:02.690 [Test worker] TRACE org.hibernate.orm.jdbc.bind - binding parameter (5:UUID) <- [a635c2d6-89ab-4e51-9464-705bb5d835b2]
26-04-05 22:42:02.691 [Test worker] DEBUG org.hibernate.SQL - 
    select
        us1_0.id,
        us1_0.created_at,
        us1_0.last_active_at,
        us1_0.updated_at,
        us1_0.user_id 
    from
        user_statuses us1_0
26-04-05 22:42:02.715 [Test worker] DEBUG org.hibernate.SQL - 
    select
        u1_0.id,
        u1_0.created_at,
        u1_0.email,
        u1_0.password,
        u1_0.profile_id,
        u1_0.updated_at,
        u1_0.username 
    from
        users u1_0
26-04-05 22:42:02.732 [Test worker] DEBUG org.hibernate.SQL - 
    delete 
    from
        user_statuses 
    where
        id=?
26-04-05 22:42:02.733 [Test worker] TRACE org.hibernate.orm.jdbc.bind - binding parameter (1:UUID) <- [a635c2d6-89ab-4e51-9464-705bb5d835b2]
26-04-05 22:42:02.738 [Test worker] DEBUG org.hibernate.SQL - 
    delete 
    from
        users 
    where
        id=?
26-04-05 22:42:02.739 [Test worker] TRACE org.hibernate.orm.jdbc.bind - binding parameter (1:UUID) <- [2ef65c4e-87fa-4175-9e8a-f089925bbd75]
26-04-05 22:42:02.740 [Test worker] DEBUG org.hibernate.SQL - 
    select
        u1_0.id,
        u1_0.created_at,
        u1_0.email,
        u1_0.password,
        p1_0.id,
        p1_0.content_type,
        p1_0.created_at,
        p1_0.file_name,
        p1_0.size,
        s1_0.id,
        s1_0.created_at,
        s1_0.last_active_at,
        s1_0.updated_at,
        s1_0.user_id,
        u1_0.updated_at,
        u1_0.username 
    from
        users u1_0 
    left join
        binary_contents p1_0 
            on p1_0.id=u1_0.profile_id 
    join
        user_statuses s1_0 
            on u1_0.id=s1_0.user_id
26-04-05 22:42:02.768 [Test worker] DEBUG o.springframework.test.context.cache - Spring test ApplicationContext cache statistics: [DefaultContextCache@18ab86a2 size = 1, maxSize = 32, parentContextCount = 0, hitCount = 49, missCount = 1, failureCount = 0]
26-04-05 22:42:02.768 [Test worker] DEBUG o.springframework.test.context.cache - Spring test ApplicationContext cache statistics: [DefaultContextCache@18ab86a2 size = 1, maxSize = 32, parentContextCount = 0, hitCount = 50, missCount = 1, failureCount = 0]
26-04-05 22:42:02.768 [Test worker] DEBUG o.springframework.test.context.cache - Spring test ApplicationContext cache statistics: [DefaultContextCache@18ab86a2 size = 1, maxSize = 32, parentContextCount = 0, hitCount = 51, missCount = 1, failureCount = 0]
26-04-05 22:42:02.771 [Test worker] DEBUG o.springframework.test.context.cache - Spring test ApplicationContext cache statistics: [DefaultContextCache@18ab86a2 size = 1, maxSize = 32, parentContextCount = 0, hitCount = 52, missCount = 1, failureCount = 0]
26-04-05 22:42:02.771 [Test worker] DEBUG o.springframework.test.context.cache - Spring test ApplicationContext cache statistics: [DefaultContextCache@18ab86a2 size = 1, maxSize = 32, parentContextCount = 0, hitCount = 53, missCount = 1, failureCount = 0]
26-04-05 22:42:02.771 [Test worker] DEBUG o.springframework.test.context.cache - Spring test ApplicationContext cache statistics: [DefaultContextCache@18ab86a2 size = 1, maxSize = 32, parentContextCount = 0, hitCount = 54, missCount = 1, failureCount = 0]
26-04-05 22:42:02.772 [Test worker] DEBUG o.springframework.test.context.cache - Spring test ApplicationContext cache statistics: [DefaultContextCache@18ab86a2 size = 1, maxSize = 32, parentContextCount = 0, hitCount = 55, missCount = 1, failureCount = 0]
26-04-05 22:42:02.774 [Test worker] DEBUG o.s.t.c.t.TransactionContext - Rolled back transaction (1) for test class [com.sprint.mission.discodeit.repository.UserRepositoryTest]; test method [findAllWithProfileAndStatus_empty]
26-04-05 22:42:02.774 [Test worker] DEBUG o.s.t.c.s.DirtiesContextTestExecutionListener - After test method: class [UserRepositoryTest], method [findAllWithProfileAndStatus_empty], class annotated with @DirtiesContext [false] with mode [null], method annotated with @DirtiesContext [false] with mode [null]
26-04-05 22:42:02.775 [Test worker] DEBUG o.s.t.c.s.DependencyInjectionTestExecutionListener - Performing dependency injection for test class com.sprint.mission.discodeit.repository.UserRepositoryTest
26-04-05 22:42:02.776 [Test worker] DEBUG o.springframework.test.context.cache - Spring test ApplicationContext cache statistics: [DefaultContextCache@18ab86a2 size = 1, maxSize = 32, parentContextCount = 0, hitCount = 56, missCount = 1, failureCount = 0]
26-04-05 22:42:02.776 [Test worker] DEBUG o.springframework.test.context.cache - Spring test ApplicationContext cache statistics: [DefaultContextCache@18ab86a2 size = 1, maxSize = 32, parentContextCount = 0, hitCount = 57, missCount = 1, failureCount = 0]
26-04-05 22:42:02.778 [Test worker] DEBUG o.s.t.c.s.DirtiesContextBeforeModesTestExecutionListener - Before test method: class [UserRepositoryTest], method [findAllWithProfileAndStatus_success], class annotated with @DirtiesContext [false] with mode [null], method annotated with @DirtiesContext [false] with mode [null]
26-04-05 22:42:02.778 [Test worker] DEBUG o.s.t.c.t.TransactionalTestExecutionListener - Explicit transaction definition [PROPAGATION_REQUIRED,ISOLATION_DEFAULT] found for test class [com.sprint.mission.discodeit.repository.UserRepositoryTest] and test method [findAllWithProfileAndStatus_success]
26-04-05 22:42:02.778 [Test worker] DEBUG o.springframework.test.context.cache - Spring test ApplicationContext cache statistics: [DefaultContextCache@18ab86a2 size = 1, maxSize = 32, parentContextCount = 0, hitCount = 58, missCount = 1, failureCount = 0]
26-04-05 22:42:02.780 [Test worker] DEBUG o.s.t.c.t.TransactionalTestExecutionListener - No method-level @Rollback override: using default rollback [true] for test method [void com.sprint.mission.discodeit.repository.UserRepositoryTest.findAllWithProfileAndStatus_success()]
26-04-05 22:42:02.782 [Test worker] DEBUG o.s.t.c.t.TransactionContext - Began transaction (1) for test class [com.sprint.mission.discodeit.repository.UserRepositoryTest]; test method [findAllWithProfileAndStatus_success]; transaction manager [org.springframework.orm.jpa.JpaTransactionManager@2148849f]; rollback [true]
26-04-05 22:42:02.782 [Test worker] DEBUG o.springframework.test.context.cache - Spring test ApplicationContext cache statistics: [DefaultContextCache@18ab86a2 size = 1, maxSize = 32, parentContextCount = 0, hitCount = 59, missCount = 1, failureCount = 0]
26-04-05 22:42:02.783 [Test worker] DEBUG o.springframework.test.context.cache - Spring test ApplicationContext cache statistics: [DefaultContextCache@18ab86a2 size = 1, maxSize = 32, parentContextCount = 0, hitCount = 60, missCount = 1, failureCount = 0]
26-04-05 22:42:02.783 [Test worker] DEBUG o.springframework.test.context.cache - Spring test ApplicationContext cache statistics: [DefaultContextCache@18ab86a2 size = 1, maxSize = 32, parentContextCount = 0, hitCount = 61, missCount = 1, failureCount = 0]
26-04-05 22:42:02.788 [Test worker] DEBUG o.springframework.test.context.cache - Spring test ApplicationContext cache statistics: [DefaultContextCache@18ab86a2 size = 1, maxSize = 32, parentContextCount = 0, hitCount = 62, missCount = 1, failureCount = 0]
26-04-05 22:42:02.792 [Test worker] DEBUG org.hibernate.SQL - 
    insert 
    into
        users
        (created_at, email, password, profile_id, updated_at, username, id) 
    values
        (?, ?, ?, ?, ?, ?, ?)
26-04-05 22:42:02.793 [Test worker] TRACE org.hibernate.orm.jdbc.bind - binding parameter (1:TIMESTAMP_UTC) <- [2026-04-05T13:42:02.786111600Z]
26-04-05 22:42:02.793 [Test worker] TRACE org.hibernate.orm.jdbc.bind - binding parameter (2:VARCHAR) <- [test@test.com]
26-04-05 22:42:02.793 [Test worker] TRACE org.hibernate.orm.jdbc.bind - binding parameter (3:VARCHAR) <- [password123]
26-04-05 22:42:02.794 [Test worker] TRACE org.hibernate.orm.jdbc.bind - binding parameter (4:UUID) <- [null]
26-04-05 22:42:02.794 [Test worker] TRACE org.hibernate.orm.jdbc.bind - binding parameter (5:TIMESTAMP_UTC) <- [2026-04-05T13:42:02.786111600Z]
26-04-05 22:42:02.794 [Test worker] TRACE org.hibernate.orm.jdbc.bind - binding parameter (6:VARCHAR) <- [홍길동]
26-04-05 22:42:02.794 [Test worker] TRACE org.hibernate.orm.jdbc.bind - binding parameter (7:UUID) <- [9d25277e-ccef-49a6-a6c5-cf94107e156d]
26-04-05 22:42:02.797 [Test worker] DEBUG org.hibernate.SQL - 
    insert 
    into
        user_statuses
        (created_at, last_active_at, updated_at, user_id, id) 
    values
        (?, ?, ?, ?, ?)
26-04-05 22:42:02.798 [Test worker] TRACE org.hibernate.orm.jdbc.bind - binding parameter (1:TIMESTAMP_UTC) <- [2026-04-05T13:42:02.787110200Z]
26-04-05 22:42:02.798 [Test worker] TRACE org.hibernate.orm.jdbc.bind - binding parameter (2:TIMESTAMP_UTC) <- [2026-04-05T13:42:02.786111600Z]
26-04-05 22:42:02.798 [Test worker] TRACE org.hibernate.orm.jdbc.bind - binding parameter (3:TIMESTAMP_UTC) <- [2026-04-05T13:42:02.787110200Z]
26-04-05 22:42:02.799 [Test worker] TRACE org.hibernate.orm.jdbc.bind - binding parameter (4:UUID) <- [9d25277e-ccef-49a6-a6c5-cf94107e156d]
26-04-05 22:42:02.799 [Test worker] TRACE org.hibernate.orm.jdbc.bind - binding parameter (5:UUID) <- [a760c591-1646-4b78-8ce2-eba40054d6f6]
26-04-05 22:42:02.800 [Test worker] DEBUG org.hibernate.SQL - 
    select
        u1_0.id,
        u1_0.created_at,
        u1_0.email,
        u1_0.password,
        p1_0.id,
        p1_0.content_type,
        p1_0.created_at,
        p1_0.file_name,
        p1_0.size,
        s1_0.id,
        s1_0.created_at,
        s1_0.last_active_at,
        s1_0.updated_at,
        s1_0.user_id,
        u1_0.updated_at,
        u1_0.username 
    from
        users u1_0 
    left join
        binary_contents p1_0 
            on p1_0.id=u1_0.profile_id 
    join
        user_statuses s1_0 
            on u1_0.id=s1_0.user_id
26-04-05 22:42:02.813 [Test worker] DEBUG o.springframework.test.context.cache - Spring test ApplicationContext cache statistics: [DefaultContextCache@18ab86a2 size = 1, maxSize = 32, parentContextCount = 0, hitCount = 63, missCount = 1, failureCount = 0]
26-04-05 22:42:02.814 [Test worker] DEBUG o.springframework.test.context.cache - Spring test ApplicationContext cache statistics: [DefaultContextCache@18ab86a2 size = 1, maxSize = 32, parentContextCount = 0, hitCount = 64, missCount = 1, failureCount = 0]
26-04-05 22:42:02.815 [Test worker] DEBUG o.springframework.test.context.cache - Spring test ApplicationContext cache statistics: [DefaultContextCache@18ab86a2 size = 1, maxSize = 32, parentContextCount = 0, hitCount = 65, missCount = 1, failureCount = 0]
26-04-05 22:42:02.871 [Test worker] DEBUG o.springframework.test.context.cache - Spring test ApplicationContext cache statistics: [DefaultContextCache@18ab86a2 size = 1, maxSize = 32, parentContextCount = 0, hitCount = 66, missCount = 1, failureCount = 0]
26-04-05 22:42:02.877 [Test worker] DEBUG o.springframework.test.context.cache - Spring test ApplicationContext cache statistics: [DefaultContextCache@18ab86a2 size = 1, maxSize = 32, parentContextCount = 0, hitCount = 67, missCount = 1, failureCount = 0]
26-04-05 22:42:02.878 [Test worker] DEBUG o.springframework.test.context.cache - Spring test ApplicationContext cache statistics: [DefaultContextCache@18ab86a2 size = 1, maxSize = 32, parentContextCount = 0, hitCount = 68, missCount = 1, failureCount = 0]
26-04-05 22:42:02.878 [Test worker] DEBUG o.springframework.test.context.cache - Spring test ApplicationContext cache statistics: [DefaultContextCache@18ab86a2 size = 1, maxSize = 32, parentContextCount = 0, hitCount = 69, missCount = 1, failureCount = 0]
26-04-05 22:42:02.880 [Test worker] DEBUG o.s.t.c.t.TransactionContext - Rolled back transaction (1) for test class [com.sprint.mission.discodeit.repository.UserRepositoryTest]; test method [findAllWithProfileAndStatus_success]
26-04-05 22:42:02.882 [Test worker] DEBUG o.s.t.c.s.DirtiesContextTestExecutionListener - After test method: class [UserRepositoryTest], method [findAllWithProfileAndStatus_success], class annotated with @DirtiesContext [false] with mode [null], method annotated with @DirtiesContext [false] with mode [null]
26-04-05 22:42:02.885 [Test worker] DEBUG o.s.t.c.s.DependencyInjectionTestExecutionListener - Performing dependency injection for test class com.sprint.mission.discodeit.repository.UserRepositoryTest
26-04-05 22:42:02.885 [Test worker] DEBUG o.springframework.test.context.cache - Spring test ApplicationContext cache statistics: [DefaultContextCache@18ab86a2 size = 1, maxSize = 32, parentContextCount = 0, hitCount = 70, missCount = 1, failureCount = 0]
26-04-05 22:42:02.886 [Test worker] DEBUG o.springframework.test.context.cache - Spring test ApplicationContext cache statistics: [DefaultContextCache@18ab86a2 size = 1, maxSize = 32, parentContextCount = 0, hitCount = 71, missCount = 1, failureCount = 0]
26-04-05 22:42:02.887 [Test worker] DEBUG o.s.t.c.s.DirtiesContextBeforeModesTestExecutionListener - Before test method: class [UserRepositoryTest], method [existsByUsername_true], class annotated with @DirtiesContext [false] with mode [null], method annotated with @DirtiesContext [false] with mode [null]
26-04-05 22:42:02.889 [Test worker] DEBUG o.s.t.c.t.TransactionalTestExecutionListener - Explicit transaction definition [PROPAGATION_REQUIRED,ISOLATION_DEFAULT] found for test class [com.sprint.mission.discodeit.repository.UserRepositoryTest] and test method [existsByUsername_true]
26-04-05 22:42:02.890 [Test worker] DEBUG o.springframework.test.context.cache - Spring test ApplicationContext cache statistics: [DefaultContextCache@18ab86a2 size = 1, maxSize = 32, parentContextCount = 0, hitCount = 72, missCount = 1, failureCount = 0]
26-04-05 22:42:02.890 [Test worker] DEBUG o.s.t.c.t.TransactionalTestExecutionListener - No method-level @Rollback override: using default rollback [true] for test method [void com.sprint.mission.discodeit.repository.UserRepositoryTest.existsByUsername_true()]
26-04-05 22:42:02.891 [Test worker] DEBUG o.s.t.c.t.TransactionContext - Began transaction (1) for test class [com.sprint.mission.discodeit.repository.UserRepositoryTest]; test method [existsByUsername_true]; transaction manager [org.springframework.orm.jpa.JpaTransactionManager@2148849f]; rollback [true]
26-04-05 22:42:02.892 [Test worker] DEBUG o.springframework.test.context.cache - Spring test ApplicationContext cache statistics: [DefaultContextCache@18ab86a2 size = 1, maxSize = 32, parentContextCount = 0, hitCount = 73, missCount = 1, failureCount = 0]
26-04-05 22:42:02.892 [Test worker] DEBUG o.springframework.test.context.cache - Spring test ApplicationContext cache statistics: [DefaultContextCache@18ab86a2 size = 1, maxSize = 32, parentContextCount = 0, hitCount = 74, missCount = 1, failureCount = 0]
26-04-05 22:42:02.893 [Test worker] DEBUG o.springframework.test.context.cache - Spring test ApplicationContext cache statistics: [DefaultContextCache@18ab86a2 size = 1, maxSize = 32, parentContextCount = 0, hitCount = 75, missCount = 1, failureCount = 0]
26-04-05 22:42:02.900 [Test worker] DEBUG o.springframework.test.context.cache - Spring test ApplicationContext cache statistics: [DefaultContextCache@18ab86a2 size = 1, maxSize = 32, parentContextCount = 0, hitCount = 76, missCount = 1, failureCount = 0]
26-04-05 22:42:02.905 [Test worker] DEBUG org.hibernate.SQL - 
    insert 
    into
        users
        (created_at, email, password, profile_id, updated_at, username, id) 
    values
        (?, ?, ?, ?, ?, ?, ?)
26-04-05 22:42:02.906 [Test worker] TRACE org.hibernate.orm.jdbc.bind - binding parameter (1:TIMESTAMP_UTC) <- [2026-04-05T13:42:02.895867800Z]
26-04-05 22:42:02.906 [Test worker] TRACE org.hibernate.orm.jdbc.bind - binding parameter (2:VARCHAR) <- [test@test.com]
26-04-05 22:42:02.907 [Test worker] TRACE org.hibernate.orm.jdbc.bind - binding parameter (3:VARCHAR) <- [password123]
26-04-05 22:42:02.907 [Test worker] TRACE org.hibernate.orm.jdbc.bind - binding parameter (4:UUID) <- [null]
26-04-05 22:42:02.907 [Test worker] TRACE org.hibernate.orm.jdbc.bind - binding parameter (5:TIMESTAMP_UTC) <- [2026-04-05T13:42:02.895867800Z]
26-04-05 22:42:02.908 [Test worker] TRACE org.hibernate.orm.jdbc.bind - binding parameter (6:VARCHAR) <- [홍길동]
26-04-05 22:42:02.910 [Test worker] TRACE org.hibernate.orm.jdbc.bind - binding parameter (7:UUID) <- [225ec791-9dd0-4e56-a356-483e64ecd01d]
26-04-05 22:42:02.914 [Test worker] DEBUG org.hibernate.SQL - 
    insert 
    into
        user_statuses
        (created_at, last_active_at, updated_at, user_id, id) 
    values
        (?, ?, ?, ?, ?)
26-04-05 22:42:02.916 [Test worker] TRACE org.hibernate.orm.jdbc.bind - binding parameter (1:TIMESTAMP_UTC) <- [2026-04-05T13:42:02.899386900Z]
26-04-05 22:42:02.916 [Test worker] TRACE org.hibernate.orm.jdbc.bind - binding parameter (2:TIMESTAMP_UTC) <- [2026-04-05T13:42:02.898375700Z]
26-04-05 22:42:02.917 [Test worker] TRACE org.hibernate.orm.jdbc.bind - binding parameter (3:TIMESTAMP_UTC) <- [2026-04-05T13:42:02.899386900Z]
26-04-05 22:42:02.917 [Test worker] TRACE org.hibernate.orm.jdbc.bind - binding parameter (4:UUID) <- [225ec791-9dd0-4e56-a356-483e64ecd01d]
26-04-05 22:42:02.918 [Test worker] TRACE org.hibernate.orm.jdbc.bind - binding parameter (5:UUID) <- [d80440a0-b97c-4c0b-9ab9-2c0a91b3f721]
26-04-05 22:42:02.919 [Test worker] DEBUG org.hibernate.SQL - 
    select
        u1_0.id 
    from
        users u1_0 
    where
        u1_0.username=? 
    fetch
        first ? rows only
26-04-05 22:42:02.920 [Test worker] TRACE org.hibernate.orm.jdbc.bind - binding parameter (1:VARCHAR) <- [홍길동]
26-04-05 22:42:02.920 [Test worker] TRACE org.hibernate.orm.jdbc.bind - binding parameter (2:INTEGER) <- [1]
26-04-05 22:42:02.921 [Test worker] DEBUG o.springframework.test.context.cache - Spring test ApplicationContext cache statistics: [DefaultContextCache@18ab86a2 size = 1, maxSize = 32, parentContextCount = 0, hitCount = 77, missCount = 1, failureCount = 0]
26-04-05 22:42:02.922 [Test worker] DEBUG o.springframework.test.context.cache - Spring test ApplicationContext cache statistics: [DefaultContextCache@18ab86a2 size = 1, maxSize = 32, parentContextCount = 0, hitCount = 78, missCount = 1, failureCount = 0]
26-04-05 22:42:02.924 [Test worker] DEBUG o.springframework.test.context.cache - Spring test ApplicationContext cache statistics: [DefaultContextCache@18ab86a2 size = 1, maxSize = 32, parentContextCount = 0, hitCount = 79, missCount = 1, failureCount = 0]
26-04-05 22:42:02.925 [Test worker] DEBUG o.springframework.test.context.cache - Spring test ApplicationContext cache statistics: [DefaultContextCache@18ab86a2 size = 1, maxSize = 32, parentContextCount = 0, hitCount = 80, missCount = 1, failureCount = 0]
26-04-05 22:42:02.925 [Test worker] DEBUG o.springframework.test.context.cache - Spring test ApplicationContext cache statistics: [DefaultContextCache@18ab86a2 size = 1, maxSize = 32, parentContextCount = 0, hitCount = 81, missCount = 1, failureCount = 0]
26-04-05 22:42:02.925 [Test worker] DEBUG o.springframework.test.context.cache - Spring test ApplicationContext cache statistics: [DefaultContextCache@18ab86a2 size = 1, maxSize = 32, parentContextCount = 0, hitCount = 82, missCount = 1, failureCount = 0]
26-04-05 22:42:02.926 [Test worker] DEBUG o.springframework.test.context.cache - Spring test ApplicationContext cache statistics: [DefaultContextCache@18ab86a2 size = 1, maxSize = 32, parentContextCount = 0, hitCount = 83, missCount = 1, failureCount = 0]
26-04-05 22:42:02.935 [Test worker] DEBUG o.s.t.c.t.TransactionContext - Rolled back transaction (1) for test class [com.sprint.mission.discodeit.repository.UserRepositoryTest]; test method [existsByUsername_true]
26-04-05 22:42:02.935 [Test worker] DEBUG o.s.t.c.s.DirtiesContextTestExecutionListener - After test method: class [UserRepositoryTest], method [existsByUsername_true], class annotated with @DirtiesContext [false] with mode [null], method annotated with @DirtiesContext [false] with mode [null]
26-04-05 22:42:02.942 [Test worker] DEBUG o.springframework.test.context.cache - Spring test ApplicationContext cache statistics: [DefaultContextCache@18ab86a2 size = 1, maxSize = 32, parentContextCount = 0, hitCount = 84, missCount = 1, failureCount = 0]
26-04-05 22:42:02.946 [Test worker] DEBUG o.springframework.test.context.cache - Spring test ApplicationContext cache statistics: [DefaultContextCache@18ab86a2 size = 1, maxSize = 32, parentContextCount = 0, hitCount = 85, missCount = 1, failureCount = 0]
26-04-05 22:42:02.946 [Test worker] DEBUG o.s.t.c.s.DirtiesContextTestExecutionListener - After test class: class [UserRepositoryTest], class annotated with @DirtiesContext [false] with mode [null]
26-04-05 22:42:02.976 [SpringApplicationShutdownHook] INFO  o.s.o.j.LocalContainerEntityManagerFactoryBean - Closing JPA EntityManagerFactory for persistence unit 'default'
26-04-05 22:47:35.155 [background-preinit] INFO  o.h.validator.internal.util.Version - HV000001: Hibernate Validator 8.0.1.Final
26-04-05 22:47:35.221 [Test worker] INFO  c.s.m.d.r.ChannelRepositoryTest - Starting ChannelRepositoryTest using Java 17.0.0.1 with PID 20024 (started by User in C:\Users\User\IdeaProjects\temp\9-sprint-mission)
26-04-05 22:47:35.222 [Test worker] INFO  c.s.m.d.r.ChannelRepositoryTest - The following 1 profile is active: "test"
26-04-05 22:47:35.956 [Test worker] INFO  o.s.d.r.c.RepositoryConfigurationDelegate - Bootstrapping Spring Data JPA repositories in DEFAULT mode.
26-04-05 22:47:36.134 [Test worker] INFO  o.s.d.r.c.RepositoryConfigurationDelegate - Finished Spring Data repository scanning in 162 ms. Found 6 JPA repository interfaces.
26-04-05 22:47:36.227 [Test worker] INFO  o.s.b.t.a.j.TestDatabaseAutoConfiguration$EmbeddedDataSourceBeanFactoryPostProcessor - Replacing 'dataSource' DataSource bean with embedded version
26-04-05 22:47:36.512 [Test worker] INFO  o.s.j.d.e.EmbeddedDatabaseFactory - Starting embedded database: url='jdbc:h2:mem:5057d841-c73d-4715-8852-e3a8c3682a47;DB_CLOSE_DELAY=-1;DB_CLOSE_ON_EXIT=false', username='sa'
26-04-05 22:47:37.040 [Test worker] INFO  o.h.jpa.internal.util.LogHelper - HHH000204: Processing PersistenceUnitInfo [name: default]
26-04-05 22:47:37.169 [Test worker] INFO  org.hibernate.Version - HHH000412: Hibernate ORM core version 6.6.2.Final
26-04-05 22:47:37.226 [Test worker] INFO  o.h.c.i.RegionFactoryInitiator - HHH000026: Second-level cache disabled
26-04-05 22:47:37.836 [Test worker] INFO  o.s.o.j.p.SpringPersistenceUnitInfo - No LoadTimeWeaver setup: ignoring JPA class transformer
26-04-05 22:47:37.914 [Test worker] WARN  org.hibernate.orm.deprecation - HHH90000025: H2Dialect does not need to be specified explicitly using 'hibernate.dialect' (remove the property setting and it will be selected by default)
26-04-05 22:47:37.978 [Test worker] INFO  o.hibernate.orm.connections.pooling - HHH10001005: Database info:
	Database JDBC URL [Connecting through datasource 'org.springframework.jdbc.datasource.embedded.EmbeddedDatabaseFactory$EmbeddedDataSourceProxy@2c1a8529']
	Database driver: undefined/unknown
	Database version: 2.3.232
	Autocommit mode: undefined/unknown
	Isolation level: undefined/unknown
	Minimum pool size: undefined/unknown
	Maximum pool size: undefined/unknown
26-04-05 22:47:39.540 [Test worker] INFO  o.h.e.t.j.p.i.JtaPlatformInitiator - HHH000489: No JTA platform available (set 'hibernate.transaction.jta.platform' to enable JTA platform integration)
26-04-05 22:47:39.563 [Test worker] DEBUG org.hibernate.SQL - 
    drop table if exists binary_contents cascade 
26-04-05 22:47:39.566 [Test worker] DEBUG org.hibernate.SQL - 
    drop table if exists channels cascade 
26-04-05 22:47:39.568 [Test worker] DEBUG org.hibernate.SQL - 
    drop table if exists message_attachments cascade 
26-04-05 22:47:39.569 [Test worker] DEBUG org.hibernate.SQL - 
    drop table if exists messages cascade 
26-04-05 22:47:39.570 [Test worker] DEBUG org.hibernate.SQL - 
    drop table if exists read_statuses cascade 
26-04-05 22:47:39.572 [Test worker] DEBUG org.hibernate.SQL - 
    drop table if exists user_statuses cascade 
26-04-05 22:47:39.574 [Test worker] DEBUG org.hibernate.SQL - 
    drop table if exists users cascade 
26-04-05 22:47:39.581 [Test worker] DEBUG org.hibernate.SQL - 
    create table binary_contents (
        created_at timestamp with time zone not null,
        size bigint not null,
        id uuid not null,
        content_type varchar(100) not null,
        file_name varchar(255) not null,
        primary key (id)
    )
26-04-05 22:47:39.585 [Test worker] DEBUG org.hibernate.SQL - 
    create table channels (
        created_at timestamp with time zone not null,
        updated_at timestamp with time zone,
        id uuid not null,
        name varchar(100),
        description varchar(500),
        type enum ('PRIVATE','PUBLIC') not null,
        primary key (id)
    )
26-04-05 22:47:39.587 [Test worker] DEBUG org.hibernate.SQL - 
    create table message_attachments (
        attachment_id uuid not null unique,
        message_id uuid not null
    )
26-04-05 22:47:39.589 [Test worker] DEBUG org.hibernate.SQL - 
    create table messages (
        created_at timestamp with time zone not null,
        updated_at timestamp with time zone,
        author_id uuid,
        channel_id uuid not null,
        id uuid not null,
        content text not null,
        primary key (id)
    )
26-04-05 22:47:39.591 [Test worker] DEBUG org.hibernate.SQL - 
    create table read_statuses (
        created_at timestamp with time zone not null,
        last_read_at timestamp with time zone not null,
        updated_at timestamp with time zone,
        channel_id uuid not null,
        id uuid not null,
        user_id uuid not null,
        primary key (id),
        unique (user_id, channel_id)
    )
26-04-05 22:47:39.594 [Test worker] DEBUG org.hibernate.SQL - 
    create table user_statuses (
        created_at timestamp with time zone not null,
        last_active_at timestamp with time zone not null,
        updated_at timestamp with time zone,
        id uuid not null,
        user_id uuid not null unique,
        primary key (id)
    )
26-04-05 22:47:39.597 [Test worker] DEBUG org.hibernate.SQL - 
    create table users (
        created_at timestamp with time zone not null,
        updated_at timestamp with time zone,
        id uuid not null,
        profile_id uuid unique,
        username varchar(50) not null unique,
        password varchar(60) not null,
        email varchar(100) not null unique,
        primary key (id)
    )
26-04-05 22:47:39.600 [Test worker] DEBUG org.hibernate.SQL - 
    alter table if exists message_attachments 
       add constraint FKsd1m8rb8jcpbcnb7rpdue7ctc 
       foreign key (attachment_id) 
       references binary_contents
26-04-05 22:47:39.602 [Test worker] DEBUG org.hibernate.SQL - 
    alter table if exists message_attachments 
       add constraint FKj7twd218e2gqw9cmlhwvo1rth 
       foreign key (message_id) 
       references messages
26-04-05 22:47:39.604 [Test worker] DEBUG org.hibernate.SQL - 
    alter table if exists messages 
       add constraint FKowtlim26svclkatusptbgi7u1 
       foreign key (author_id) 
       references users
26-04-05 22:47:39.606 [Test worker] DEBUG org.hibernate.SQL - 
    alter table if exists messages 
       add constraint FK3u3ckbhwq9se1cmopk2pq05b2 
       foreign key (channel_id) 
       references channels
26-04-05 22:47:39.608 [Test worker] DEBUG org.hibernate.SQL - 
    alter table if exists read_statuses 
       add constraint FKa38ri44ml4gfdpklx4ahqr8gd 
       foreign key (channel_id) 
       references channels
26-04-05 22:47:39.611 [Test worker] DEBUG org.hibernate.SQL - 
    alter table if exists read_statuses 
       add constraint FKml3k4wr9sj5yxrmj6d0aoib2e 
       foreign key (user_id) 
       references users
26-04-05 22:47:39.613 [Test worker] DEBUG org.hibernate.SQL - 
    alter table if exists user_statuses 
       add constraint FK4lfl3ei2ubchgcxrrpo3pw4mm 
       foreign key (user_id) 
       references users
26-04-05 22:47:39.615 [Test worker] DEBUG org.hibernate.SQL - 
    alter table if exists users 
       add constraint FKtbudycgrip49xdptogmhfqnso 
       foreign key (profile_id) 
       references binary_contents
26-04-05 22:47:39.622 [Test worker] INFO  o.s.o.j.LocalContainerEntityManagerFactoryBean - Initialized JPA EntityManagerFactory for persistence unit 'default'
26-04-05 22:47:40.250 [Test worker] INFO  o.s.d.j.r.query.QueryEnhancerFactory - Hibernate is in classpath; If applicable, HQL parser will be used.
26-04-05 22:47:41.381 [Test worker] INFO  c.s.m.d.r.ChannelRepositoryTest - Started ChannelRepositoryTest in 6.798 seconds (process running for 8.435)
26-04-05 22:47:41.404 [Test worker] DEBUG o.springframework.test.context.cache - Spring test ApplicationContext cache statistics: [DefaultContextCache@69b2ed81 size = 1, maxSize = 32, parentContextCount = 0, hitCount = 0, missCount = 1, failureCount = 0]
26-04-05 22:47:41.412 [Test worker] DEBUG o.springframework.test.context.cache - Spring test ApplicationContext cache statistics: [DefaultContextCache@69b2ed81 size = 1, maxSize = 32, parentContextCount = 0, hitCount = 1, missCount = 1, failureCount = 0]
26-04-05 22:47:41.419 [Test worker] DEBUG o.s.t.c.s.DirtiesContextBeforeModesTestExecutionListener - Before test method: class [ChannelRepositoryTest], method [findAllByTypeOrIdIn_byId_success], class annotated with @DirtiesContext [false] with mode [null], method annotated with @DirtiesContext [false] with mode [null]
26-04-05 22:47:41.433 [Test worker] DEBUG o.s.t.c.t.TransactionalTestExecutionListener - Explicit transaction definition [PROPAGATION_REQUIRED,ISOLATION_DEFAULT] found for test class [com.sprint.mission.discodeit.repository.ChannelRepositoryTest] and test method [findAllByTypeOrIdIn_byId_success]
26-04-05 22:47:41.434 [Test worker] DEBUG o.springframework.test.context.cache - Spring test ApplicationContext cache statistics: [DefaultContextCache@69b2ed81 size = 1, maxSize = 32, parentContextCount = 0, hitCount = 2, missCount = 1, failureCount = 0]
26-04-05 22:47:41.440 [Test worker] DEBUG o.s.t.c.t.TransactionalTestExecutionListener - No method-level @Rollback override: using default rollback [true] for test method [void com.sprint.mission.discodeit.repository.ChannelRepositoryTest.findAllByTypeOrIdIn_byId_success()]
26-04-05 22:47:41.458 [Test worker] DEBUG o.s.t.c.t.TransactionContext - Began transaction (1) for test class [com.sprint.mission.discodeit.repository.ChannelRepositoryTest]; test method [findAllByTypeOrIdIn_byId_success]; transaction manager [org.springframework.orm.jpa.JpaTransactionManager@c3a1d7f]; rollback [true]
26-04-05 22:47:41.461 [Test worker] DEBUG o.springframework.test.context.cache - Spring test ApplicationContext cache statistics: [DefaultContextCache@69b2ed81 size = 1, maxSize = 32, parentContextCount = 0, hitCount = 3, missCount = 1, failureCount = 0]
26-04-05 22:47:41.462 [Test worker] DEBUG o.springframework.test.context.cache - Spring test ApplicationContext cache statistics: [DefaultContextCache@69b2ed81 size = 1, maxSize = 32, parentContextCount = 0, hitCount = 4, missCount = 1, failureCount = 0]
26-04-05 22:47:42.012 [Test worker] DEBUG o.springframework.test.context.cache - Spring test ApplicationContext cache statistics: [DefaultContextCache@69b2ed81 size = 1, maxSize = 32, parentContextCount = 0, hitCount = 5, missCount = 1, failureCount = 0]
26-04-05 22:47:42.096 [Test worker] DEBUG o.springframework.test.context.cache - Spring test ApplicationContext cache statistics: [DefaultContextCache@69b2ed81 size = 1, maxSize = 32, parentContextCount = 0, hitCount = 6, missCount = 1, failureCount = 0]
26-04-05 22:47:42.169 [Test worker] DEBUG org.hibernate.SQL - 
    insert 
    into
        channels
        (created_at, description, name, type, updated_at, id) 
    values
        (?, ?, ?, ?, ?, ?)
26-04-05 22:47:42.174 [Test worker] TRACE org.hibernate.orm.jdbc.bind - binding parameter (1:TIMESTAMP_UTC) <- [2026-04-05T13:47:42.071346100Z]
26-04-05 22:47:42.179 [Test worker] TRACE org.hibernate.orm.jdbc.bind - binding parameter (2:VARCHAR) <- [공개채널 설명]
26-04-05 22:47:42.179 [Test worker] TRACE org.hibernate.orm.jdbc.bind - binding parameter (3:VARCHAR) <- [공개채널]
26-04-05 22:47:42.179 [Test worker] TRACE org.hibernate.orm.jdbc.bind - binding parameter (4:ENUM) <- [PUBLIC]
26-04-05 22:47:42.180 [Test worker] TRACE org.hibernate.orm.jdbc.bind - binding parameter (5:TIMESTAMP_UTC) <- [2026-04-05T13:47:42.071346100Z]
26-04-05 22:47:42.180 [Test worker] TRACE org.hibernate.orm.jdbc.bind - binding parameter (6:UUID) <- [5d08afb2-4a24-414b-b0a5-40086312a9e3]
26-04-05 22:47:42.194 [Test worker] DEBUG org.hibernate.SQL - 
    insert 
    into
        channels
        (created_at, description, name, type, updated_at, id) 
    values
        (?, ?, ?, ?, ?, ?)
26-04-05 22:47:42.194 [Test worker] TRACE org.hibernate.orm.jdbc.bind - binding parameter (1:TIMESTAMP_UTC) <- [2026-04-05T13:47:42.094897600Z]
26-04-05 22:47:42.194 [Test worker] TRACE org.hibernate.orm.jdbc.bind - binding parameter (2:VARCHAR) <- [null]
26-04-05 22:47:42.195 [Test worker] TRACE org.hibernate.orm.jdbc.bind - binding parameter (3:VARCHAR) <- [null]
26-04-05 22:47:42.195 [Test worker] TRACE org.hibernate.orm.jdbc.bind - binding parameter (4:ENUM) <- [PRIVATE]
26-04-05 22:47:42.195 [Test worker] TRACE org.hibernate.orm.jdbc.bind - binding parameter (5:TIMESTAMP_UTC) <- [2026-04-05T13:47:42.094897600Z]
26-04-05 22:47:42.195 [Test worker] TRACE org.hibernate.orm.jdbc.bind - binding parameter (6:UUID) <- [6a3c0be5-958f-4bc2-aced-cdb3fa34afe1]
26-04-05 22:47:42.209 [Test worker] DEBUG org.hibernate.SQL - 
    select
        c1_0.id,
        c1_0.created_at,
        c1_0.description,
        c1_0.name,
        c1_0.type,
        c1_0.updated_at 
    from
        channels c1_0 
    where
        c1_0.type=? 
        or c1_0.id in (?)
26-04-05 22:47:42.211 [Test worker] TRACE org.hibernate.orm.jdbc.bind - binding parameter (1:ENUM) <- [PUBLIC]
26-04-05 22:47:42.211 [Test worker] TRACE org.hibernate.orm.jdbc.bind - binding parameter (2:UUID) <- [6a3c0be5-958f-4bc2-aced-cdb3fa34afe1]
26-04-05 22:47:42.305 [Test worker] DEBUG o.springframework.test.context.cache - Spring test ApplicationContext cache statistics: [DefaultContextCache@69b2ed81 size = 1, maxSize = 32, parentContextCount = 0, hitCount = 7, missCount = 1, failureCount = 0]
26-04-05 22:47:42.308 [Test worker] DEBUG o.springframework.test.context.cache - Spring test ApplicationContext cache statistics: [DefaultContextCache@69b2ed81 size = 1, maxSize = 32, parentContextCount = 0, hitCount = 8, missCount = 1, failureCount = 0]
26-04-05 22:47:42.313 [Test worker] DEBUG o.springframework.test.context.cache - Spring test ApplicationContext cache statistics: [DefaultContextCache@69b2ed81 size = 1, maxSize = 32, parentContextCount = 0, hitCount = 9, missCount = 1, failureCount = 0]
26-04-05 22:47:42.314 [Test worker] DEBUG o.springframework.test.context.cache - Spring test ApplicationContext cache statistics: [DefaultContextCache@69b2ed81 size = 1, maxSize = 32, parentContextCount = 0, hitCount = 10, missCount = 1, failureCount = 0]
26-04-05 22:47:42.315 [Test worker] DEBUG o.springframework.test.context.cache - Spring test ApplicationContext cache statistics: [DefaultContextCache@69b2ed81 size = 1, maxSize = 32, parentContextCount = 0, hitCount = 11, missCount = 1, failureCount = 0]
26-04-05 22:47:42.317 [Test worker] DEBUG o.springframework.test.context.cache - Spring test ApplicationContext cache statistics: [DefaultContextCache@69b2ed81 size = 1, maxSize = 32, parentContextCount = 0, hitCount = 12, missCount = 1, failureCount = 0]
26-04-05 22:47:42.319 [Test worker] DEBUG o.springframework.test.context.cache - Spring test ApplicationContext cache statistics: [DefaultContextCache@69b2ed81 size = 1, maxSize = 32, parentContextCount = 0, hitCount = 13, missCount = 1, failureCount = 0]
26-04-05 22:47:42.323 [Test worker] DEBUG o.s.t.c.t.TransactionContext - Rolled back transaction (1) for test class [com.sprint.mission.discodeit.repository.ChannelRepositoryTest]; test method [findAllByTypeOrIdIn_byId_success]
26-04-05 22:47:42.324 [Test worker] DEBUG o.s.t.c.s.DirtiesContextTestExecutionListener - After test method: class [ChannelRepositoryTest], method [findAllByTypeOrIdIn_byId_success], class annotated with @DirtiesContext [false] with mode [null], method annotated with @DirtiesContext [false] with mode [null]
26-04-05 22:47:42.334 [Test worker] DEBUG o.s.t.c.s.DependencyInjectionTestExecutionListener - Performing dependency injection for test class com.sprint.mission.discodeit.repository.ChannelRepositoryTest
26-04-05 22:47:42.334 [Test worker] DEBUG o.springframework.test.context.cache - Spring test ApplicationContext cache statistics: [DefaultContextCache@69b2ed81 size = 1, maxSize = 32, parentContextCount = 0, hitCount = 14, missCount = 1, failureCount = 0]
26-04-05 22:47:42.335 [Test worker] DEBUG o.springframework.test.context.cache - Spring test ApplicationContext cache statistics: [DefaultContextCache@69b2ed81 size = 1, maxSize = 32, parentContextCount = 0, hitCount = 15, missCount = 1, failureCount = 0]
26-04-05 22:47:42.336 [Test worker] DEBUG o.s.t.c.s.DirtiesContextBeforeModesTestExecutionListener - Before test method: class [ChannelRepositoryTest], method [findAllByTypeOrIdIn_byType_success], class annotated with @DirtiesContext [false] with mode [null], method annotated with @DirtiesContext [false] with mode [null]
26-04-05 22:47:42.336 [Test worker] DEBUG o.s.t.c.t.TransactionalTestExecutionListener - Explicit transaction definition [PROPAGATION_REQUIRED,ISOLATION_DEFAULT] found for test class [com.sprint.mission.discodeit.repository.ChannelRepositoryTest] and test method [findAllByTypeOrIdIn_byType_success]
26-04-05 22:47:42.337 [Test worker] DEBUG o.springframework.test.context.cache - Spring test ApplicationContext cache statistics: [DefaultContextCache@69b2ed81 size = 1, maxSize = 32, parentContextCount = 0, hitCount = 16, missCount = 1, failureCount = 0]
26-04-05 22:47:42.337 [Test worker] DEBUG o.s.t.c.t.TransactionalTestExecutionListener - No method-level @Rollback override: using default rollback [true] for test method [void com.sprint.mission.discodeit.repository.ChannelRepositoryTest.findAllByTypeOrIdIn_byType_success()]
26-04-05 22:47:42.338 [Test worker] DEBUG o.s.t.c.t.TransactionContext - Began transaction (1) for test class [com.sprint.mission.discodeit.repository.ChannelRepositoryTest]; test method [findAllByTypeOrIdIn_byType_success]; transaction manager [org.springframework.orm.jpa.JpaTransactionManager@c3a1d7f]; rollback [true]
26-04-05 22:47:42.338 [Test worker] DEBUG o.springframework.test.context.cache - Spring test ApplicationContext cache statistics: [DefaultContextCache@69b2ed81 size = 1, maxSize = 32, parentContextCount = 0, hitCount = 17, missCount = 1, failureCount = 0]
26-04-05 22:47:42.339 [Test worker] DEBUG o.springframework.test.context.cache - Spring test ApplicationContext cache statistics: [DefaultContextCache@69b2ed81 size = 1, maxSize = 32, parentContextCount = 0, hitCount = 18, missCount = 1, failureCount = 0]
26-04-05 22:47:42.340 [Test worker] DEBUG o.springframework.test.context.cache - Spring test ApplicationContext cache statistics: [DefaultContextCache@69b2ed81 size = 1, maxSize = 32, parentContextCount = 0, hitCount = 19, missCount = 1, failureCount = 0]
26-04-05 22:47:42.342 [Test worker] DEBUG o.springframework.test.context.cache - Spring test ApplicationContext cache statistics: [DefaultContextCache@69b2ed81 size = 1, maxSize = 32, parentContextCount = 0, hitCount = 20, missCount = 1, failureCount = 0]
26-04-05 22:47:42.345 [Test worker] DEBUG org.hibernate.SQL - 
    insert 
    into
        channels
        (created_at, description, name, type, updated_at, id) 
    values
        (?, ?, ?, ?, ?, ?)
26-04-05 22:47:42.345 [Test worker] TRACE org.hibernate.orm.jdbc.bind - binding parameter (1:TIMESTAMP_UTC) <- [2026-04-05T13:47:42.341211100Z]
26-04-05 22:47:42.346 [Test worker] TRACE org.hibernate.orm.jdbc.bind - binding parameter (2:VARCHAR) <- [공개채널 설명]
26-04-05 22:47:42.346 [Test worker] TRACE org.hibernate.orm.jdbc.bind - binding parameter (3:VARCHAR) <- [공개채널]
26-04-05 22:47:42.347 [Test worker] TRACE org.hibernate.orm.jdbc.bind - binding parameter (4:ENUM) <- [PUBLIC]
26-04-05 22:47:42.347 [Test worker] TRACE org.hibernate.orm.jdbc.bind - binding parameter (5:TIMESTAMP_UTC) <- [2026-04-05T13:47:42.341211100Z]
26-04-05 22:47:42.347 [Test worker] TRACE org.hibernate.orm.jdbc.bind - binding parameter (6:UUID) <- [10cdf4c8-c76d-4041-844d-11cfdf525eb8]
26-04-05 22:47:42.349 [Test worker] DEBUG org.hibernate.SQL - 
    insert 
    into
        channels
        (created_at, description, name, type, updated_at, id) 
    values
        (?, ?, ?, ?, ?, ?)
26-04-05 22:47:42.350 [Test worker] TRACE org.hibernate.orm.jdbc.bind - binding parameter (1:TIMESTAMP_UTC) <- [2026-04-05T13:47:42.342212400Z]
26-04-05 22:47:42.351 [Test worker] TRACE org.hibernate.orm.jdbc.bind - binding parameter (2:VARCHAR) <- [null]
26-04-05 22:47:42.351 [Test worker] TRACE org.hibernate.orm.jdbc.bind - binding parameter (3:VARCHAR) <- [null]
26-04-05 22:47:42.351 [Test worker] TRACE org.hibernate.orm.jdbc.bind - binding parameter (4:ENUM) <- [PRIVATE]
26-04-05 22:47:42.351 [Test worker] TRACE org.hibernate.orm.jdbc.bind - binding parameter (5:TIMESTAMP_UTC) <- [2026-04-05T13:47:42.342212400Z]
26-04-05 22:47:42.351 [Test worker] TRACE org.hibernate.orm.jdbc.bind - binding parameter (6:UUID) <- [c642a0d8-859c-4ca0-a630-e2e2316fda50]
26-04-05 22:47:42.352 [Test worker] DEBUG org.hibernate.SQL - 
    select
        c1_0.id,
        c1_0.created_at,
        c1_0.description,
        c1_0.name,
        c1_0.type,
        c1_0.updated_at 
    from
        channels c1_0 
    where
        c1_0.type=? 
        or c1_0.id in (?)
26-04-05 22:47:42.352 [Test worker] TRACE org.hibernate.orm.jdbc.bind - binding parameter (1:ENUM) <- [PUBLIC]
26-04-05 22:47:42.353 [Test worker] TRACE org.hibernate.orm.jdbc.bind - binding parameter (2:UUID) <- [null]
26-04-05 22:47:42.355 [Test worker] DEBUG o.springframework.test.context.cache - Spring test ApplicationContext cache statistics: [DefaultContextCache@69b2ed81 size = 1, maxSize = 32, parentContextCount = 0, hitCount = 21, missCount = 1, failureCount = 0]
26-04-05 22:47:42.356 [Test worker] DEBUG o.springframework.test.context.cache - Spring test ApplicationContext cache statistics: [DefaultContextCache@69b2ed81 size = 1, maxSize = 32, parentContextCount = 0, hitCount = 22, missCount = 1, failureCount = 0]
26-04-05 22:47:42.356 [Test worker] DEBUG o.springframework.test.context.cache - Spring test ApplicationContext cache statistics: [DefaultContextCache@69b2ed81 size = 1, maxSize = 32, parentContextCount = 0, hitCount = 23, missCount = 1, failureCount = 0]
26-04-05 22:47:42.357 [Test worker] DEBUG o.springframework.test.context.cache - Spring test ApplicationContext cache statistics: [DefaultContextCache@69b2ed81 size = 1, maxSize = 32, parentContextCount = 0, hitCount = 24, missCount = 1, failureCount = 0]
26-04-05 22:47:42.357 [Test worker] DEBUG o.springframework.test.context.cache - Spring test ApplicationContext cache statistics: [DefaultContextCache@69b2ed81 size = 1, maxSize = 32, parentContextCount = 0, hitCount = 25, missCount = 1, failureCount = 0]
26-04-05 22:47:42.358 [Test worker] DEBUG o.springframework.test.context.cache - Spring test ApplicationContext cache statistics: [DefaultContextCache@69b2ed81 size = 1, maxSize = 32, parentContextCount = 0, hitCount = 26, missCount = 1, failureCount = 0]
26-04-05 22:47:42.358 [Test worker] DEBUG o.springframework.test.context.cache - Spring test ApplicationContext cache statistics: [DefaultContextCache@69b2ed81 size = 1, maxSize = 32, parentContextCount = 0, hitCount = 27, missCount = 1, failureCount = 0]
26-04-05 22:47:42.359 [Test worker] DEBUG o.s.t.c.t.TransactionContext - Rolled back transaction (1) for test class [com.sprint.mission.discodeit.repository.ChannelRepositoryTest]; test method [findAllByTypeOrIdIn_byType_success]
26-04-05 22:47:42.359 [Test worker] DEBUG o.s.t.c.s.DirtiesContextTestExecutionListener - After test method: class [ChannelRepositoryTest], method [findAllByTypeOrIdIn_byType_success], class annotated with @DirtiesContext [false] with mode [null], method annotated with @DirtiesContext [false] with mode [null]
26-04-05 22:47:42.360 [Test worker] DEBUG o.s.t.c.s.DependencyInjectionTestExecutionListener - Performing dependency injection for test class com.sprint.mission.discodeit.repository.ChannelRepositoryTest
26-04-05 22:47:42.360 [Test worker] DEBUG o.springframework.test.context.cache - Spring test ApplicationContext cache statistics: [DefaultContextCache@69b2ed81 size = 1, maxSize = 32, parentContextCount = 0, hitCount = 28, missCount = 1, failureCount = 0]
26-04-05 22:47:42.361 [Test worker] DEBUG o.springframework.test.context.cache - Spring test ApplicationContext cache statistics: [DefaultContextCache@69b2ed81 size = 1, maxSize = 32, parentContextCount = 0, hitCount = 29, missCount = 1, failureCount = 0]
26-04-05 22:47:42.362 [Test worker] DEBUG o.s.t.c.s.DirtiesContextBeforeModesTestExecutionListener - Before test method: class [ChannelRepositoryTest], method [findAllByTypeOrIdIn_notFound], class annotated with @DirtiesContext [false] with mode [null], method annotated with @DirtiesContext [false] with mode [null]
26-04-05 22:47:42.362 [Test worker] DEBUG o.s.t.c.t.TransactionalTestExecutionListener - Explicit transaction definition [PROPAGATION_REQUIRED,ISOLATION_DEFAULT] found for test class [com.sprint.mission.discodeit.repository.ChannelRepositoryTest] and test method [findAllByTypeOrIdIn_notFound]
26-04-05 22:47:42.363 [Test worker] DEBUG o.springframework.test.context.cache - Spring test ApplicationContext cache statistics: [DefaultContextCache@69b2ed81 size = 1, maxSize = 32, parentContextCount = 0, hitCount = 30, missCount = 1, failureCount = 0]
26-04-05 22:47:42.363 [Test worker] DEBUG o.s.t.c.t.TransactionalTestExecutionListener - No method-level @Rollback override: using default rollback [true] for test method [void com.sprint.mission.discodeit.repository.ChannelRepositoryTest.findAllByTypeOrIdIn_notFound()]
26-04-05 22:47:42.364 [Test worker] DEBUG o.s.t.c.t.TransactionContext - Began transaction (1) for test class [com.sprint.mission.discodeit.repository.ChannelRepositoryTest]; test method [findAllByTypeOrIdIn_notFound]; transaction manager [org.springframework.orm.jpa.JpaTransactionManager@c3a1d7f]; rollback [true]
26-04-05 22:47:42.365 [Test worker] DEBUG o.springframework.test.context.cache - Spring test ApplicationContext cache statistics: [DefaultContextCache@69b2ed81 size = 1, maxSize = 32, parentContextCount = 0, hitCount = 31, missCount = 1, failureCount = 0]
26-04-05 22:47:42.365 [Test worker] DEBUG o.springframework.test.context.cache - Spring test ApplicationContext cache statistics: [DefaultContextCache@69b2ed81 size = 1, maxSize = 32, parentContextCount = 0, hitCount = 32, missCount = 1, failureCount = 0]
26-04-05 22:47:42.365 [Test worker] DEBUG o.springframework.test.context.cache - Spring test ApplicationContext cache statistics: [DefaultContextCache@69b2ed81 size = 1, maxSize = 32, parentContextCount = 0, hitCount = 33, missCount = 1, failureCount = 0]
26-04-05 22:47:42.367 [Test worker] DEBUG o.springframework.test.context.cache - Spring test ApplicationContext cache statistics: [DefaultContextCache@69b2ed81 size = 1, maxSize = 32, parentContextCount = 0, hitCount = 34, missCount = 1, failureCount = 0]
26-04-05 22:47:42.370 [Test worker] DEBUG org.hibernate.SQL - 
    insert 
    into
        channels
        (created_at, description, name, type, updated_at, id) 
    values
        (?, ?, ?, ?, ?, ?)
26-04-05 22:47:42.371 [Test worker] TRACE org.hibernate.orm.jdbc.bind - binding parameter (1:TIMESTAMP_UTC) <- [2026-04-05T13:47:42.366923100Z]
26-04-05 22:47:42.371 [Test worker] TRACE org.hibernate.orm.jdbc.bind - binding parameter (2:VARCHAR) <- [공개채널 설명]
26-04-05 22:47:42.371 [Test worker] TRACE org.hibernate.orm.jdbc.bind - binding parameter (3:VARCHAR) <- [공개채널]
26-04-05 22:47:42.371 [Test worker] TRACE org.hibernate.orm.jdbc.bind - binding parameter (4:ENUM) <- [PUBLIC]
26-04-05 22:47:42.372 [Test worker] TRACE org.hibernate.orm.jdbc.bind - binding parameter (5:TIMESTAMP_UTC) <- [2026-04-05T13:47:42.366923100Z]
26-04-05 22:47:42.372 [Test worker] TRACE org.hibernate.orm.jdbc.bind - binding parameter (6:UUID) <- [882792ba-bde5-4b38-8d09-6b1b8743f294]
26-04-05 22:47:42.374 [Test worker] DEBUG org.hibernate.SQL - 
    insert 
    into
        channels
        (created_at, description, name, type, updated_at, id) 
    values
        (?, ?, ?, ?, ?, ?)
26-04-05 22:47:42.374 [Test worker] TRACE org.hibernate.orm.jdbc.bind - binding parameter (1:TIMESTAMP_UTC) <- [2026-04-05T13:47:42.367932700Z]
26-04-05 22:47:42.375 [Test worker] TRACE org.hibernate.orm.jdbc.bind - binding parameter (2:VARCHAR) <- [null]
26-04-05 22:47:42.375 [Test worker] TRACE org.hibernate.orm.jdbc.bind - binding parameter (3:VARCHAR) <- [null]
26-04-05 22:47:42.375 [Test worker] TRACE org.hibernate.orm.jdbc.bind - binding parameter (4:ENUM) <- [PRIVATE]
26-04-05 22:47:42.375 [Test worker] TRACE org.hibernate.orm.jdbc.bind - binding parameter (5:TIMESTAMP_UTC) <- [2026-04-05T13:47:42.367932700Z]
26-04-05 22:47:42.375 [Test worker] TRACE org.hibernate.orm.jdbc.bind - binding parameter (6:UUID) <- [cf011c45-073b-4c6b-8025-a4fc852da73b]
26-04-05 22:47:42.375 [Test worker] DEBUG org.hibernate.SQL - 
    select
        c1_0.id,
        c1_0.created_at,
        c1_0.description,
        c1_0.name,
        c1_0.type,
        c1_0.updated_at 
    from
        channels c1_0 
    where
        c1_0.type=? 
        or c1_0.id in (?)
26-04-05 22:47:42.377 [Test worker] TRACE org.hibernate.orm.jdbc.bind - binding parameter (1:ENUM) <- [PRIVATE]
26-04-05 22:47:42.377 [Test worker] TRACE org.hibernate.orm.jdbc.bind - binding parameter (2:UUID) <- [f929a065-71f4-4bbf-b60b-14d7980ad51a]
26-04-05 22:47:42.395 [Test worker] DEBUG o.springframework.test.context.cache - Spring test ApplicationContext cache statistics: [DefaultContextCache@69b2ed81 size = 1, maxSize = 32, parentContextCount = 0, hitCount = 35, missCount = 1, failureCount = 0]
26-04-05 22:47:42.395 [Test worker] DEBUG o.springframework.test.context.cache - Spring test ApplicationContext cache statistics: [DefaultContextCache@69b2ed81 size = 1, maxSize = 32, parentContextCount = 0, hitCount = 36, missCount = 1, failureCount = 0]
26-04-05 22:47:42.396 [Test worker] DEBUG o.springframework.test.context.cache - Spring test ApplicationContext cache statistics: [DefaultContextCache@69b2ed81 size = 1, maxSize = 32, parentContextCount = 0, hitCount = 37, missCount = 1, failureCount = 0]
26-04-05 22:47:42.396 [Test worker] DEBUG o.springframework.test.context.cache - Spring test ApplicationContext cache statistics: [DefaultContextCache@69b2ed81 size = 1, maxSize = 32, parentContextCount = 0, hitCount = 38, missCount = 1, failureCount = 0]
26-04-05 22:47:42.396 [Test worker] DEBUG o.springframework.test.context.cache - Spring test ApplicationContext cache statistics: [DefaultContextCache@69b2ed81 size = 1, maxSize = 32, parentContextCount = 0, hitCount = 39, missCount = 1, failureCount = 0]
26-04-05 22:47:42.397 [Test worker] DEBUG o.springframework.test.context.cache - Spring test ApplicationContext cache statistics: [DefaultContextCache@69b2ed81 size = 1, maxSize = 32, parentContextCount = 0, hitCount = 40, missCount = 1, failureCount = 0]
26-04-05 22:47:42.397 [Test worker] DEBUG o.springframework.test.context.cache - Spring test ApplicationContext cache statistics: [DefaultContextCache@69b2ed81 size = 1, maxSize = 32, parentContextCount = 0, hitCount = 41, missCount = 1, failureCount = 0]
26-04-05 22:47:42.398 [Test worker] DEBUG o.s.t.c.t.TransactionContext - Rolled back transaction (1) for test class [com.sprint.mission.discodeit.repository.ChannelRepositoryTest]; test method [findAllByTypeOrIdIn_notFound]
26-04-05 22:47:42.399 [Test worker] DEBUG o.s.t.c.s.DirtiesContextTestExecutionListener - After test method: class [ChannelRepositoryTest], method [findAllByTypeOrIdIn_notFound], class annotated with @DirtiesContext [false] with mode [null], method annotated with @DirtiesContext [false] with mode [null]
26-04-05 22:47:42.405 [Test worker] DEBUG o.springframework.test.context.cache - Spring test ApplicationContext cache statistics: [DefaultContextCache@69b2ed81 size = 1, maxSize = 32, parentContextCount = 0, hitCount = 42, missCount = 1, failureCount = 0]
26-04-05 22:47:42.405 [Test worker] DEBUG o.springframework.test.context.cache - Spring test ApplicationContext cache statistics: [DefaultContextCache@69b2ed81 size = 1, maxSize = 32, parentContextCount = 0, hitCount = 43, missCount = 1, failureCount = 0]
26-04-05 22:47:42.405 [Test worker] DEBUG o.s.t.c.s.DirtiesContextTestExecutionListener - After test class: class [ChannelRepositoryTest], class annotated with @DirtiesContext [false] with mode [null]
26-04-05 22:47:42.430 [SpringApplicationShutdownHook] INFO  o.s.o.j.LocalContainerEntityManagerFactoryBean - Closing JPA EntityManagerFactory for persistence unit 'default'
26-04-05 22:54:30.721 [background-preinit] INFO  o.h.validator.internal.util.Version - HV000001: Hibernate Validator 8.0.1.Final
26-04-05 22:54:30.788 [Test worker] INFO  c.s.m.d.r.ChannelRepositoryTest - Starting ChannelRepositoryTest using Java 17.0.0.1 with PID 14116 (started by User in C:\Users\User\IdeaProjects\temp\9-sprint-mission)
26-04-05 22:54:30.789 [Test worker] INFO  c.s.m.d.r.ChannelRepositoryTest - The following 1 profile is active: "test"
26-04-05 22:54:31.384 [Test worker] INFO  o.s.d.r.c.RepositoryConfigurationDelegate - Bootstrapping Spring Data JPA repositories in DEFAULT mode.
26-04-05 22:54:31.510 [Test worker] INFO  o.s.d.r.c.RepositoryConfigurationDelegate - Finished Spring Data repository scanning in 112 ms. Found 6 JPA repository interfaces.
26-04-05 22:54:31.581 [Test worker] INFO  o.s.b.t.a.j.TestDatabaseAutoConfiguration$EmbeddedDataSourceBeanFactoryPostProcessor - Replacing 'dataSource' DataSource bean with embedded version
26-04-05 22:54:31.787 [Test worker] INFO  o.s.j.d.e.EmbeddedDatabaseFactory - Starting embedded database: url='jdbc:h2:mem:ef392cff-872a-4787-ba6c-4cb6d7d0dba3;DB_CLOSE_DELAY=-1;DB_CLOSE_ON_EXIT=false', username='sa'
26-04-05 22:54:32.208 [Test worker] INFO  o.h.jpa.internal.util.LogHelper - HHH000204: Processing PersistenceUnitInfo [name: default]
26-04-05 22:54:32.308 [Test worker] INFO  org.hibernate.Version - HHH000412: Hibernate ORM core version 6.6.2.Final
26-04-05 22:54:32.356 [Test worker] INFO  o.h.c.i.RegionFactoryInitiator - HHH000026: Second-level cache disabled
26-04-05 22:54:32.731 [Test worker] INFO  o.s.o.j.p.SpringPersistenceUnitInfo - No LoadTimeWeaver setup: ignoring JPA class transformer
26-04-05 22:54:32.792 [Test worker] WARN  org.hibernate.orm.deprecation - HHH90000025: H2Dialect does not need to be specified explicitly using 'hibernate.dialect' (remove the property setting and it will be selected by default)
26-04-05 22:54:32.818 [Test worker] INFO  o.hibernate.orm.connections.pooling - HHH10001005: Database info:
	Database JDBC URL [Connecting through datasource 'org.springframework.jdbc.datasource.embedded.EmbeddedDatabaseFactory$EmbeddedDataSourceProxy@21c34bf8']
	Database driver: undefined/unknown
	Database version: 2.3.232
	Autocommit mode: undefined/unknown
	Isolation level: undefined/unknown
	Minimum pool size: undefined/unknown
	Maximum pool size: undefined/unknown
26-04-05 22:54:34.013 [Test worker] INFO  o.h.e.t.j.p.i.JtaPlatformInitiator - HHH000489: No JTA platform available (set 'hibernate.transaction.jta.platform' to enable JTA platform integration)
26-04-05 22:54:34.032 [Test worker] DEBUG org.hibernate.SQL - 
    drop table if exists binary_contents cascade 
26-04-05 22:54:34.035 [Test worker] DEBUG org.hibernate.SQL - 
    drop table if exists channels cascade 
26-04-05 22:54:34.036 [Test worker] DEBUG org.hibernate.SQL - 
    drop table if exists message_attachments cascade 
26-04-05 22:54:34.038 [Test worker] DEBUG org.hibernate.SQL - 
    drop table if exists messages cascade 
26-04-05 22:54:34.039 [Test worker] DEBUG org.hibernate.SQL - 
    drop table if exists read_statuses cascade 
26-04-05 22:54:34.040 [Test worker] DEBUG org.hibernate.SQL - 
    drop table if exists user_statuses cascade 
26-04-05 22:54:34.042 [Test worker] DEBUG org.hibernate.SQL - 
    drop table if exists users cascade 
26-04-05 22:54:34.049 [Test worker] DEBUG org.hibernate.SQL - 
    create table binary_contents (
        created_at timestamp with time zone not null,
        size bigint not null,
        id uuid not null,
        content_type varchar(100) not null,
        file_name varchar(255) not null,
        primary key (id)
    )
26-04-05 22:54:34.053 [Test worker] DEBUG org.hibernate.SQL - 
    create table channels (
        created_at timestamp with time zone not null,
        updated_at timestamp with time zone,
        id uuid not null,
        name varchar(100),
        description varchar(500),
        type enum ('PRIVATE','PUBLIC') not null,
        primary key (id)
    )
26-04-05 22:54:34.055 [Test worker] DEBUG org.hibernate.SQL - 
    create table message_attachments (
        attachment_id uuid not null unique,
        message_id uuid not null
    )
26-04-05 22:54:34.058 [Test worker] DEBUG org.hibernate.SQL - 
    create table messages (
        created_at timestamp with time zone not null,
        updated_at timestamp with time zone,
        author_id uuid,
        channel_id uuid not null,
        id uuid not null,
        content text not null,
        primary key (id)
    )
26-04-05 22:54:34.060 [Test worker] DEBUG org.hibernate.SQL - 
    create table read_statuses (
        created_at timestamp with time zone not null,
        last_read_at timestamp with time zone not null,
        updated_at timestamp with time zone,
        channel_id uuid not null,
        id uuid not null,
        user_id uuid not null,
        primary key (id),
        unique (user_id, channel_id)
    )
26-04-05 22:54:34.063 [Test worker] DEBUG org.hibernate.SQL - 
    create table user_statuses (
        created_at timestamp with time zone not null,
        last_active_at timestamp with time zone not null,
        updated_at timestamp with time zone,
        id uuid not null,
        user_id uuid not null unique,
        primary key (id)
    )
26-04-05 22:54:34.065 [Test worker] DEBUG org.hibernate.SQL - 
    create table users (
        created_at timestamp with time zone not null,
        updated_at timestamp with time zone,
        id uuid not null,
        profile_id uuid unique,
        username varchar(50) not null unique,
        password varchar(60) not null,
        email varchar(100) not null unique,
        primary key (id)
    )
26-04-05 22:54:34.069 [Test worker] DEBUG org.hibernate.SQL - 
    alter table if exists message_attachments 
       add constraint FKsd1m8rb8jcpbcnb7rpdue7ctc 
       foreign key (attachment_id) 
       references binary_contents
26-04-05 22:54:34.070 [Test worker] DEBUG org.hibernate.SQL - 
    alter table if exists message_attachments 
       add constraint FKj7twd218e2gqw9cmlhwvo1rth 
       foreign key (message_id) 
       references messages
26-04-05 22:54:34.072 [Test worker] DEBUG org.hibernate.SQL - 
    alter table if exists messages 
       add constraint FKowtlim26svclkatusptbgi7u1 
       foreign key (author_id) 
       references users
26-04-05 22:54:34.074 [Test worker] DEBUG org.hibernate.SQL - 
    alter table if exists messages 
       add constraint FK3u3ckbhwq9se1cmopk2pq05b2 
       foreign key (channel_id) 
       references channels
26-04-05 22:54:34.076 [Test worker] DEBUG org.hibernate.SQL - 
    alter table if exists read_statuses 
       add constraint FKa38ri44ml4gfdpklx4ahqr8gd 
       foreign key (channel_id) 
       references channels
26-04-05 22:54:34.079 [Test worker] DEBUG org.hibernate.SQL - 
    alter table if exists read_statuses 
       add constraint FKml3k4wr9sj5yxrmj6d0aoib2e 
       foreign key (user_id) 
       references users
26-04-05 22:54:34.082 [Test worker] DEBUG org.hibernate.SQL - 
    alter table if exists user_statuses 
       add constraint FK4lfl3ei2ubchgcxrrpo3pw4mm 
       foreign key (user_id) 
       references users
26-04-05 22:54:34.084 [Test worker] DEBUG org.hibernate.SQL - 
    alter table if exists users 
       add constraint FKtbudycgrip49xdptogmhfqnso 
       foreign key (profile_id) 
       references binary_contents
26-04-05 22:54:34.090 [Test worker] INFO  o.s.o.j.LocalContainerEntityManagerFactoryBean - Initialized JPA EntityManagerFactory for persistence unit 'default'
26-04-05 22:54:34.604 [Test worker] INFO  o.s.d.j.r.query.QueryEnhancerFactory - Hibernate is in classpath; If applicable, HQL parser will be used.
26-04-05 22:54:35.433 [Test worker] INFO  c.s.m.d.r.ChannelRepositoryTest - Started ChannelRepositoryTest in 5.244 seconds (process running for 6.603)
26-04-05 22:54:35.451 [Test worker] DEBUG o.springframework.test.context.cache - Spring test ApplicationContext cache statistics: [DefaultContextCache@62f47cac size = 1, maxSize = 32, parentContextCount = 0, hitCount = 0, missCount = 1, failureCount = 0]
26-04-05 22:54:35.459 [Test worker] DEBUG o.springframework.test.context.cache - Spring test ApplicationContext cache statistics: [DefaultContextCache@62f47cac size = 1, maxSize = 32, parentContextCount = 0, hitCount = 1, missCount = 1, failureCount = 0]
26-04-05 22:54:35.468 [Test worker] DEBUG o.s.t.c.s.DirtiesContextBeforeModesTestExecutionListener - Before test method: class [ChannelRepositoryTest], method [findAllByTypeOrIdIn_byId_success], class annotated with @DirtiesContext [false] with mode [null], method annotated with @DirtiesContext [false] with mode [null]
26-04-05 22:54:35.478 [Test worker] DEBUG o.s.t.c.t.TransactionalTestExecutionListener - Explicit transaction definition [PROPAGATION_REQUIRED,ISOLATION_DEFAULT] found for test class [com.sprint.mission.discodeit.repository.ChannelRepositoryTest] and test method [findAllByTypeOrIdIn_byId_success]
26-04-05 22:54:35.479 [Test worker] DEBUG o.springframework.test.context.cache - Spring test ApplicationContext cache statistics: [DefaultContextCache@62f47cac size = 1, maxSize = 32, parentContextCount = 0, hitCount = 2, missCount = 1, failureCount = 0]
26-04-05 22:54:35.481 [Test worker] DEBUG o.s.t.c.t.TransactionalTestExecutionListener - No method-level @Rollback override: using default rollback [true] for test method [void com.sprint.mission.discodeit.repository.ChannelRepositoryTest.findAllByTypeOrIdIn_byId_success()]
26-04-05 22:54:35.497 [Test worker] DEBUG o.s.t.c.t.TransactionContext - Began transaction (1) for test class [com.sprint.mission.discodeit.repository.ChannelRepositoryTest]; test method [findAllByTypeOrIdIn_byId_success]; transaction manager [org.springframework.orm.jpa.JpaTransactionManager@65fe1f47]; rollback [true]
26-04-05 22:54:35.501 [Test worker] DEBUG o.springframework.test.context.cache - Spring test ApplicationContext cache statistics: [DefaultContextCache@62f47cac size = 1, maxSize = 32, parentContextCount = 0, hitCount = 3, missCount = 1, failureCount = 0]
26-04-05 22:54:35.502 [Test worker] DEBUG o.springframework.test.context.cache - Spring test ApplicationContext cache statistics: [DefaultContextCache@62f47cac size = 1, maxSize = 32, parentContextCount = 0, hitCount = 4, missCount = 1, failureCount = 0]
26-04-05 22:54:36.177 [Test worker] DEBUG o.springframework.test.context.cache - Spring test ApplicationContext cache statistics: [DefaultContextCache@62f47cac size = 1, maxSize = 32, parentContextCount = 0, hitCount = 5, missCount = 1, failureCount = 0]
26-04-05 22:54:36.256 [Test worker] DEBUG o.springframework.test.context.cache - Spring test ApplicationContext cache statistics: [DefaultContextCache@62f47cac size = 1, maxSize = 32, parentContextCount = 0, hitCount = 6, missCount = 1, failureCount = 0]
26-04-05 22:54:36.339 [Test worker] DEBUG org.hibernate.SQL - 
    insert 
    into
        channels
        (created_at, description, name, type, updated_at, id) 
    values
        (?, ?, ?, ?, ?, ?)
26-04-05 22:54:36.344 [Test worker] TRACE org.hibernate.orm.jdbc.bind - binding parameter (1:TIMESTAMP_UTC) <- [2026-04-05T13:54:36.226663200Z]
26-04-05 22:54:36.350 [Test worker] TRACE org.hibernate.orm.jdbc.bind - binding parameter (2:VARCHAR) <- [공개채널 설명]
26-04-05 22:54:36.350 [Test worker] TRACE org.hibernate.orm.jdbc.bind - binding parameter (3:VARCHAR) <- [공개채널]
26-04-05 22:54:36.350 [Test worker] TRACE org.hibernate.orm.jdbc.bind - binding parameter (4:ENUM) <- [PUBLIC]
26-04-05 22:54:36.350 [Test worker] TRACE org.hibernate.orm.jdbc.bind - binding parameter (5:TIMESTAMP_UTC) <- [2026-04-05T13:54:36.226663200Z]
26-04-05 22:54:36.350 [Test worker] TRACE org.hibernate.orm.jdbc.bind - binding parameter (6:UUID) <- [eadf8f34-ad9b-4bd9-b723-bf55860b4e58]
26-04-05 22:54:36.364 [Test worker] DEBUG org.hibernate.SQL - 
    insert 
    into
        channels
        (created_at, description, name, type, updated_at, id) 
    values
        (?, ?, ?, ?, ?, ?)
26-04-05 22:54:36.364 [Test worker] TRACE org.hibernate.orm.jdbc.bind - binding parameter (1:TIMESTAMP_UTC) <- [2026-04-05T13:54:36.254227900Z]
26-04-05 22:54:36.365 [Test worker] TRACE org.hibernate.orm.jdbc.bind - binding parameter (2:VARCHAR) <- [null]
26-04-05 22:54:36.365 [Test worker] TRACE org.hibernate.orm.jdbc.bind - binding parameter (3:VARCHAR) <- [null]
26-04-05 22:54:36.365 [Test worker] TRACE org.hibernate.orm.jdbc.bind - binding parameter (4:ENUM) <- [PRIVATE]
26-04-05 22:54:36.365 [Test worker] TRACE org.hibernate.orm.jdbc.bind - binding parameter (5:TIMESTAMP_UTC) <- [2026-04-05T13:54:36.254227900Z]
26-04-05 22:54:36.365 [Test worker] TRACE org.hibernate.orm.jdbc.bind - binding parameter (6:UUID) <- [1d3f041d-4371-41b9-a0eb-592d8c6bd4fb]
26-04-05 22:54:36.380 [Test worker] DEBUG org.hibernate.SQL - 
    select
        c1_0.id,
        c1_0.created_at,
        c1_0.description,
        c1_0.name,
        c1_0.type,
        c1_0.updated_at 
    from
        channels c1_0 
    where
        c1_0.type=? 
        or c1_0.id in (?)
26-04-05 22:54:36.383 [Test worker] TRACE org.hibernate.orm.jdbc.bind - binding parameter (1:ENUM) <- [PUBLIC]
26-04-05 22:54:36.383 [Test worker] TRACE org.hibernate.orm.jdbc.bind - binding parameter (2:UUID) <- [1d3f041d-4371-41b9-a0eb-592d8c6bd4fb]
26-04-05 22:54:36.497 [Test worker] DEBUG o.springframework.test.context.cache - Spring test ApplicationContext cache statistics: [DefaultContextCache@62f47cac size = 1, maxSize = 32, parentContextCount = 0, hitCount = 7, missCount = 1, failureCount = 0]
26-04-05 22:54:36.499 [Test worker] DEBUG o.springframework.test.context.cache - Spring test ApplicationContext cache statistics: [DefaultContextCache@62f47cac size = 1, maxSize = 32, parentContextCount = 0, hitCount = 8, missCount = 1, failureCount = 0]
26-04-05 22:54:36.500 [Test worker] DEBUG o.springframework.test.context.cache - Spring test ApplicationContext cache statistics: [DefaultContextCache@62f47cac size = 1, maxSize = 32, parentContextCount = 0, hitCount = 9, missCount = 1, failureCount = 0]
26-04-05 22:54:36.502 [Test worker] DEBUG o.springframework.test.context.cache - Spring test ApplicationContext cache statistics: [DefaultContextCache@62f47cac size = 1, maxSize = 32, parentContextCount = 0, hitCount = 10, missCount = 1, failureCount = 0]
26-04-05 22:54:36.502 [Test worker] DEBUG o.springframework.test.context.cache - Spring test ApplicationContext cache statistics: [DefaultContextCache@62f47cac size = 1, maxSize = 32, parentContextCount = 0, hitCount = 11, missCount = 1, failureCount = 0]
26-04-05 22:54:36.503 [Test worker] DEBUG o.springframework.test.context.cache - Spring test ApplicationContext cache statistics: [DefaultContextCache@62f47cac size = 1, maxSize = 32, parentContextCount = 0, hitCount = 12, missCount = 1, failureCount = 0]
26-04-05 22:54:36.505 [Test worker] DEBUG o.springframework.test.context.cache - Spring test ApplicationContext cache statistics: [DefaultContextCache@62f47cac size = 1, maxSize = 32, parentContextCount = 0, hitCount = 13, missCount = 1, failureCount = 0]
26-04-05 22:54:36.508 [Test worker] DEBUG o.s.t.c.t.TransactionContext - Rolled back transaction (1) for test class [com.sprint.mission.discodeit.repository.ChannelRepositoryTest]; test method [findAllByTypeOrIdIn_byId_success]
26-04-05 22:54:36.510 [Test worker] DEBUG o.s.t.c.s.DirtiesContextTestExecutionListener - After test method: class [ChannelRepositoryTest], method [findAllByTypeOrIdIn_byId_success], class annotated with @DirtiesContext [false] with mode [null], method annotated with @DirtiesContext [false] with mode [null]
26-04-05 22:54:36.519 [Test worker] DEBUG o.s.t.c.s.DependencyInjectionTestExecutionListener - Performing dependency injection for test class com.sprint.mission.discodeit.repository.ChannelRepositoryTest
26-04-05 22:54:36.520 [Test worker] DEBUG o.springframework.test.context.cache - Spring test ApplicationContext cache statistics: [DefaultContextCache@62f47cac size = 1, maxSize = 32, parentContextCount = 0, hitCount = 14, missCount = 1, failureCount = 0]
26-04-05 22:54:36.520 [Test worker] DEBUG o.springframework.test.context.cache - Spring test ApplicationContext cache statistics: [DefaultContextCache@62f47cac size = 1, maxSize = 32, parentContextCount = 0, hitCount = 15, missCount = 1, failureCount = 0]
26-04-05 22:54:36.522 [Test worker] DEBUG o.s.t.c.s.DirtiesContextBeforeModesTestExecutionListener - Before test method: class [ChannelRepositoryTest], method [findAllByTypeOrIdIn_byType_success], class annotated with @DirtiesContext [false] with mode [null], method annotated with @DirtiesContext [false] with mode [null]
26-04-05 22:54:36.522 [Test worker] DEBUG o.s.t.c.t.TransactionalTestExecutionListener - Explicit transaction definition [PROPAGATION_REQUIRED,ISOLATION_DEFAULT] found for test class [com.sprint.mission.discodeit.repository.ChannelRepositoryTest] and test method [findAllByTypeOrIdIn_byType_success]
26-04-05 22:54:36.522 [Test worker] DEBUG o.springframework.test.context.cache - Spring test ApplicationContext cache statistics: [DefaultContextCache@62f47cac size = 1, maxSize = 32, parentContextCount = 0, hitCount = 16, missCount = 1, failureCount = 0]
26-04-05 22:54:36.523 [Test worker] DEBUG o.s.t.c.t.TransactionalTestExecutionListener - No method-level @Rollback override: using default rollback [true] for test method [void com.sprint.mission.discodeit.repository.ChannelRepositoryTest.findAllByTypeOrIdIn_byType_success()]
26-04-05 22:54:36.524 [Test worker] DEBUG o.s.t.c.t.TransactionContext - Began transaction (1) for test class [com.sprint.mission.discodeit.repository.ChannelRepositoryTest]; test method [findAllByTypeOrIdIn_byType_success]; transaction manager [org.springframework.orm.jpa.JpaTransactionManager@65fe1f47]; rollback [true]
26-04-05 22:54:36.525 [Test worker] DEBUG o.springframework.test.context.cache - Spring test ApplicationContext cache statistics: [DefaultContextCache@62f47cac size = 1, maxSize = 32, parentContextCount = 0, hitCount = 17, missCount = 1, failureCount = 0]
26-04-05 22:54:36.525 [Test worker] DEBUG o.springframework.test.context.cache - Spring test ApplicationContext cache statistics: [DefaultContextCache@62f47cac size = 1, maxSize = 32, parentContextCount = 0, hitCount = 18, missCount = 1, failureCount = 0]
26-04-05 22:54:36.526 [Test worker] DEBUG o.springframework.test.context.cache - Spring test ApplicationContext cache statistics: [DefaultContextCache@62f47cac size = 1, maxSize = 32, parentContextCount = 0, hitCount = 19, missCount = 1, failureCount = 0]
26-04-05 22:54:36.528 [Test worker] DEBUG o.springframework.test.context.cache - Spring test ApplicationContext cache statistics: [DefaultContextCache@62f47cac size = 1, maxSize = 32, parentContextCount = 0, hitCount = 20, missCount = 1, failureCount = 0]
26-04-05 22:54:36.531 [Test worker] DEBUG org.hibernate.SQL - 
    insert 
    into
        channels
        (created_at, description, name, type, updated_at, id) 
    values
        (?, ?, ?, ?, ?, ?)
26-04-05 22:54:36.532 [Test worker] TRACE org.hibernate.orm.jdbc.bind - binding parameter (1:TIMESTAMP_UTC) <- [2026-04-05T13:54:36.527205700Z]
26-04-05 22:54:36.533 [Test worker] TRACE org.hibernate.orm.jdbc.bind - binding parameter (2:VARCHAR) <- [공개채널 설명]
26-04-05 22:54:36.533 [Test worker] TRACE org.hibernate.orm.jdbc.bind - binding parameter (3:VARCHAR) <- [공개채널]
26-04-05 22:54:36.533 [Test worker] TRACE org.hibernate.orm.jdbc.bind - binding parameter (4:ENUM) <- [PUBLIC]
26-04-05 22:54:36.533 [Test worker] TRACE org.hibernate.orm.jdbc.bind - binding parameter (5:TIMESTAMP_UTC) <- [2026-04-05T13:54:36.527205700Z]
26-04-05 22:54:36.533 [Test worker] TRACE org.hibernate.orm.jdbc.bind - binding parameter (6:UUID) <- [f7fa6d95-7103-4a8d-b130-78057506af75]
26-04-05 22:54:36.537 [Test worker] DEBUG org.hibernate.SQL - 
    insert 
    into
        channels
        (created_at, description, name, type, updated_at, id) 
    values
        (?, ?, ?, ?, ?, ?)
26-04-05 22:54:36.537 [Test worker] TRACE org.hibernate.orm.jdbc.bind - binding parameter (1:TIMESTAMP_UTC) <- [2026-04-05T13:54:36.528199100Z]
26-04-05 22:54:36.538 [Test worker] TRACE org.hibernate.orm.jdbc.bind - binding parameter (2:VARCHAR) <- [null]
26-04-05 22:54:36.538 [Test worker] TRACE org.hibernate.orm.jdbc.bind - binding parameter (3:VARCHAR) <- [null]
26-04-05 22:54:36.538 [Test worker] TRACE org.hibernate.orm.jdbc.bind - binding parameter (4:ENUM) <- [PRIVATE]
26-04-05 22:54:36.539 [Test worker] TRACE org.hibernate.orm.jdbc.bind - binding parameter (5:TIMESTAMP_UTC) <- [2026-04-05T13:54:36.528199100Z]
26-04-05 22:54:36.539 [Test worker] TRACE org.hibernate.orm.jdbc.bind - binding parameter (6:UUID) <- [df523944-b894-4311-8ae3-6191f216f9e9]
26-04-05 22:54:36.540 [Test worker] DEBUG org.hibernate.SQL - 
    select
        c1_0.id,
        c1_0.created_at,
        c1_0.description,
        c1_0.name,
        c1_0.type,
        c1_0.updated_at 
    from
        channels c1_0 
    where
        c1_0.type=? 
        or c1_0.id in (?)
26-04-05 22:54:36.542 [Test worker] TRACE org.hibernate.orm.jdbc.bind - binding parameter (1:ENUM) <- [PUBLIC]
26-04-05 22:54:36.542 [Test worker] TRACE org.hibernate.orm.jdbc.bind - binding parameter (2:UUID) <- [null]
26-04-05 22:54:36.545 [Test worker] DEBUG o.springframework.test.context.cache - Spring test ApplicationContext cache statistics: [DefaultContextCache@62f47cac size = 1, maxSize = 32, parentContextCount = 0, hitCount = 21, missCount = 1, failureCount = 0]
26-04-05 22:54:36.545 [Test worker] DEBUG o.springframework.test.context.cache - Spring test ApplicationContext cache statistics: [DefaultContextCache@62f47cac size = 1, maxSize = 32, parentContextCount = 0, hitCount = 22, missCount = 1, failureCount = 0]
26-04-05 22:54:36.546 [Test worker] DEBUG o.springframework.test.context.cache - Spring test ApplicationContext cache statistics: [DefaultContextCache@62f47cac size = 1, maxSize = 32, parentContextCount = 0, hitCount = 23, missCount = 1, failureCount = 0]
26-04-05 22:54:36.547 [Test worker] DEBUG o.springframework.test.context.cache - Spring test ApplicationContext cache statistics: [DefaultContextCache@62f47cac size = 1, maxSize = 32, parentContextCount = 0, hitCount = 24, missCount = 1, failureCount = 0]
26-04-05 22:54:36.548 [Test worker] DEBUG o.springframework.test.context.cache - Spring test ApplicationContext cache statistics: [DefaultContextCache@62f47cac size = 1, maxSize = 32, parentContextCount = 0, hitCount = 25, missCount = 1, failureCount = 0]
26-04-05 22:54:36.548 [Test worker] DEBUG o.springframework.test.context.cache - Spring test ApplicationContext cache statistics: [DefaultContextCache@62f47cac size = 1, maxSize = 32, parentContextCount = 0, hitCount = 26, missCount = 1, failureCount = 0]
26-04-05 22:54:36.548 [Test worker] DEBUG o.springframework.test.context.cache - Spring test ApplicationContext cache statistics: [DefaultContextCache@62f47cac size = 1, maxSize = 32, parentContextCount = 0, hitCount = 27, missCount = 1, failureCount = 0]
26-04-05 22:54:36.549 [Test worker] DEBUG o.s.t.c.t.TransactionContext - Rolled back transaction (1) for test class [com.sprint.mission.discodeit.repository.ChannelRepositoryTest]; test method [findAllByTypeOrIdIn_byType_success]
26-04-05 22:54:36.550 [Test worker] DEBUG o.s.t.c.s.DirtiesContextTestExecutionListener - After test method: class [ChannelRepositoryTest], method [findAllByTypeOrIdIn_byType_success], class annotated with @DirtiesContext [false] with mode [null], method annotated with @DirtiesContext [false] with mode [null]
26-04-05 22:54:36.550 [Test worker] DEBUG o.s.t.c.s.DependencyInjectionTestExecutionListener - Performing dependency injection for test class com.sprint.mission.discodeit.repository.ChannelRepositoryTest
26-04-05 22:54:36.552 [Test worker] DEBUG o.springframework.test.context.cache - Spring test ApplicationContext cache statistics: [DefaultContextCache@62f47cac size = 1, maxSize = 32, parentContextCount = 0, hitCount = 28, missCount = 1, failureCount = 0]
26-04-05 22:54:36.553 [Test worker] DEBUG o.springframework.test.context.cache - Spring test ApplicationContext cache statistics: [DefaultContextCache@62f47cac size = 1, maxSize = 32, parentContextCount = 0, hitCount = 29, missCount = 1, failureCount = 0]
26-04-05 22:54:36.554 [Test worker] DEBUG o.s.t.c.s.DirtiesContextBeforeModesTestExecutionListener - Before test method: class [ChannelRepositoryTest], method [findAllByTypeOrIdIn_notFound], class annotated with @DirtiesContext [false] with mode [null], method annotated with @DirtiesContext [false] with mode [null]
26-04-05 22:54:36.554 [Test worker] DEBUG o.s.t.c.t.TransactionalTestExecutionListener - Explicit transaction definition [PROPAGATION_REQUIRED,ISOLATION_DEFAULT] found for test class [com.sprint.mission.discodeit.repository.ChannelRepositoryTest] and test method [findAllByTypeOrIdIn_notFound]
26-04-05 22:54:36.554 [Test worker] DEBUG o.springframework.test.context.cache - Spring test ApplicationContext cache statistics: [DefaultContextCache@62f47cac size = 1, maxSize = 32, parentContextCount = 0, hitCount = 30, missCount = 1, failureCount = 0]
26-04-05 22:54:36.555 [Test worker] DEBUG o.s.t.c.t.TransactionalTestExecutionListener - No method-level @Rollback override: using default rollback [true] for test method [void com.sprint.mission.discodeit.repository.ChannelRepositoryTest.findAllByTypeOrIdIn_notFound()]
26-04-05 22:54:36.556 [Test worker] DEBUG o.s.t.c.t.TransactionContext - Began transaction (1) for test class [com.sprint.mission.discodeit.repository.ChannelRepositoryTest]; test method [findAllByTypeOrIdIn_notFound]; transaction manager [org.springframework.orm.jpa.JpaTransactionManager@65fe1f47]; rollback [true]
26-04-05 22:54:36.556 [Test worker] DEBUG o.springframework.test.context.cache - Spring test ApplicationContext cache statistics: [DefaultContextCache@62f47cac size = 1, maxSize = 32, parentContextCount = 0, hitCount = 31, missCount = 1, failureCount = 0]
26-04-05 22:54:36.557 [Test worker] DEBUG o.springframework.test.context.cache - Spring test ApplicationContext cache statistics: [DefaultContextCache@62f47cac size = 1, maxSize = 32, parentContextCount = 0, hitCount = 32, missCount = 1, failureCount = 0]
26-04-05 22:54:36.558 [Test worker] DEBUG o.springframework.test.context.cache - Spring test ApplicationContext cache statistics: [DefaultContextCache@62f47cac size = 1, maxSize = 32, parentContextCount = 0, hitCount = 33, missCount = 1, failureCount = 0]
26-04-05 22:54:36.562 [Test worker] DEBUG o.springframework.test.context.cache - Spring test ApplicationContext cache statistics: [DefaultContextCache@62f47cac size = 1, maxSize = 32, parentContextCount = 0, hitCount = 34, missCount = 1, failureCount = 0]
26-04-05 22:54:36.566 [Test worker] DEBUG org.hibernate.SQL - 
    insert 
    into
        channels
        (created_at, description, name, type, updated_at, id) 
    values
        (?, ?, ?, ?, ?, ?)
26-04-05 22:54:36.567 [Test worker] TRACE org.hibernate.orm.jdbc.bind - binding parameter (1:TIMESTAMP_UTC) <- [2026-04-05T13:54:36.560752600Z]
26-04-05 22:54:36.567 [Test worker] TRACE org.hibernate.orm.jdbc.bind - binding parameter (2:VARCHAR) <- [공개채널 설명]
26-04-05 22:54:36.567 [Test worker] TRACE org.hibernate.orm.jdbc.bind - binding parameter (3:VARCHAR) <- [공개채널]
26-04-05 22:54:36.567 [Test worker] TRACE org.hibernate.orm.jdbc.bind - binding parameter (4:ENUM) <- [PUBLIC]
26-04-05 22:54:36.568 [Test worker] TRACE org.hibernate.orm.jdbc.bind - binding parameter (5:TIMESTAMP_UTC) <- [2026-04-05T13:54:36.560752600Z]
26-04-05 22:54:36.568 [Test worker] TRACE org.hibernate.orm.jdbc.bind - binding parameter (6:UUID) <- [622b3a1c-f684-4f24-a82d-262b3ba569eb]
26-04-05 22:54:36.570 [Test worker] DEBUG org.hibernate.SQL - 
    insert 
    into
        channels
        (created_at, description, name, type, updated_at, id) 
    values
        (?, ?, ?, ?, ?, ?)
26-04-05 22:54:36.571 [Test worker] TRACE org.hibernate.orm.jdbc.bind - binding parameter (1:TIMESTAMP_UTC) <- [2026-04-05T13:54:36.562280500Z]
26-04-05 22:54:36.572 [Test worker] TRACE org.hibernate.orm.jdbc.bind - binding parameter (2:VARCHAR) <- [null]
26-04-05 22:54:36.572 [Test worker] TRACE org.hibernate.orm.jdbc.bind - binding parameter (3:VARCHAR) <- [null]
26-04-05 22:54:36.572 [Test worker] TRACE org.hibernate.orm.jdbc.bind - binding parameter (4:ENUM) <- [PRIVATE]
26-04-05 22:54:36.573 [Test worker] TRACE org.hibernate.orm.jdbc.bind - binding parameter (5:TIMESTAMP_UTC) <- [2026-04-05T13:54:36.562280500Z]
26-04-05 22:54:36.573 [Test worker] TRACE org.hibernate.orm.jdbc.bind - binding parameter (6:UUID) <- [49afd7ff-87e5-48f4-81df-ef0ec5904492]
26-04-05 22:54:36.575 [Test worker] DEBUG org.hibernate.SQL - 
    select
        c1_0.id,
        c1_0.created_at,
        c1_0.description,
        c1_0.name,
        c1_0.type,
        c1_0.updated_at 
    from
        channels c1_0 
    where
        c1_0.type=? 
        or c1_0.id in (?)
26-04-05 22:54:36.576 [Test worker] TRACE org.hibernate.orm.jdbc.bind - binding parameter (1:ENUM) <- [PUBLIC]
26-04-05 22:54:36.577 [Test worker] TRACE org.hibernate.orm.jdbc.bind - binding parameter (2:UUID) <- [39a4d4ce-c845-478b-b657-bfdd3c3fc7ed]
26-04-05 22:54:36.579 [Test worker] DEBUG o.springframework.test.context.cache - Spring test ApplicationContext cache statistics: [DefaultContextCache@62f47cac size = 1, maxSize = 32, parentContextCount = 0, hitCount = 35, missCount = 1, failureCount = 0]
26-04-05 22:54:36.580 [Test worker] DEBUG o.springframework.test.context.cache - Spring test ApplicationContext cache statistics: [DefaultContextCache@62f47cac size = 1, maxSize = 32, parentContextCount = 0, hitCount = 36, missCount = 1, failureCount = 0]
26-04-05 22:54:36.581 [Test worker] DEBUG o.springframework.test.context.cache - Spring test ApplicationContext cache statistics: [DefaultContextCache@62f47cac size = 1, maxSize = 32, parentContextCount = 0, hitCount = 37, missCount = 1, failureCount = 0]
26-04-05 22:54:36.583 [Test worker] DEBUG o.springframework.test.context.cache - Spring test ApplicationContext cache statistics: [DefaultContextCache@62f47cac size = 1, maxSize = 32, parentContextCount = 0, hitCount = 38, missCount = 1, failureCount = 0]
26-04-05 22:54:36.583 [Test worker] DEBUG o.springframework.test.context.cache - Spring test ApplicationContext cache statistics: [DefaultContextCache@62f47cac size = 1, maxSize = 32, parentContextCount = 0, hitCount = 39, missCount = 1, failureCount = 0]
26-04-05 22:54:36.584 [Test worker] DEBUG o.springframework.test.context.cache - Spring test ApplicationContext cache statistics: [DefaultContextCache@62f47cac size = 1, maxSize = 32, parentContextCount = 0, hitCount = 40, missCount = 1, failureCount = 0]
26-04-05 22:54:36.584 [Test worker] DEBUG o.springframework.test.context.cache - Spring test ApplicationContext cache statistics: [DefaultContextCache@62f47cac size = 1, maxSize = 32, parentContextCount = 0, hitCount = 41, missCount = 1, failureCount = 0]
26-04-05 22:54:36.586 [Test worker] DEBUG o.s.t.c.t.TransactionContext - Rolled back transaction (1) for test class [com.sprint.mission.discodeit.repository.ChannelRepositoryTest]; test method [findAllByTypeOrIdIn_notFound]
26-04-05 22:54:36.587 [Test worker] DEBUG o.s.t.c.s.DirtiesContextTestExecutionListener - After test method: class [ChannelRepositoryTest], method [findAllByTypeOrIdIn_notFound], class annotated with @DirtiesContext [false] with mode [null], method annotated with @DirtiesContext [false] with mode [null]
26-04-05 22:54:36.591 [Test worker] DEBUG o.springframework.test.context.cache - Spring test ApplicationContext cache statistics: [DefaultContextCache@62f47cac size = 1, maxSize = 32, parentContextCount = 0, hitCount = 42, missCount = 1, failureCount = 0]
26-04-05 22:54:36.593 [Test worker] DEBUG o.springframework.test.context.cache - Spring test ApplicationContext cache statistics: [DefaultContextCache@62f47cac size = 1, maxSize = 32, parentContextCount = 0, hitCount = 43, missCount = 1, failureCount = 0]
26-04-05 22:54:36.593 [Test worker] DEBUG o.s.t.c.s.DirtiesContextTestExecutionListener - After test class: class [ChannelRepositoryTest], class annotated with @DirtiesContext [false] with mode [null]
26-04-05 22:54:36.604 [SpringApplicationShutdownHook] INFO  o.s.o.j.LocalContainerEntityManagerFactoryBean - Closing JPA EntityManagerFactory for persistence unit 'default'
26-04-05 22:58:09.647 [background-preinit] INFO  o.h.validator.internal.util.Version - HV000001: Hibernate Validator 8.0.1.Final
26-04-05 22:58:09.719 [Test worker] INFO  c.s.m.d.r.MessageRepositoryTest - Starting MessageRepositoryTest using Java 17.0.0.1 with PID 17424 (started by User in C:\Users\User\IdeaProjects\temp\9-sprint-mission)
26-04-05 22:58:09.720 [Test worker] INFO  c.s.m.d.r.MessageRepositoryTest - The following 1 profile is active: "test"
26-04-05 22:58:10.457 [Test worker] INFO  o.s.d.r.c.RepositoryConfigurationDelegate - Bootstrapping Spring Data JPA repositories in DEFAULT mode.
26-04-05 22:58:10.619 [Test worker] INFO  o.s.d.r.c.RepositoryConfigurationDelegate - Finished Spring Data repository scanning in 147 ms. Found 6 JPA repository interfaces.
26-04-05 22:58:10.708 [Test worker] INFO  o.s.b.t.a.j.TestDatabaseAutoConfiguration$EmbeddedDataSourceBeanFactoryPostProcessor - Replacing 'dataSource' DataSource bean with embedded version
26-04-05 22:58:11.115 [Test worker] INFO  o.s.j.d.e.EmbeddedDatabaseFactory - Starting embedded database: url='jdbc:h2:mem:83af3ca6-db64-4284-aa31-e920494e5488;DB_CLOSE_DELAY=-1;DB_CLOSE_ON_EXIT=false', username='sa'
26-04-05 22:58:11.663 [Test worker] INFO  o.h.jpa.internal.util.LogHelper - HHH000204: Processing PersistenceUnitInfo [name: default]
26-04-05 22:58:11.784 [Test worker] INFO  org.hibernate.Version - HHH000412: Hibernate ORM core version 6.6.2.Final
26-04-05 22:58:11.837 [Test worker] INFO  o.h.c.i.RegionFactoryInitiator - HHH000026: Second-level cache disabled
26-04-05 22:58:12.369 [Test worker] INFO  o.s.o.j.p.SpringPersistenceUnitInfo - No LoadTimeWeaver setup: ignoring JPA class transformer
26-04-05 22:58:12.438 [Test worker] WARN  org.hibernate.orm.deprecation - HHH90000025: H2Dialect does not need to be specified explicitly using 'hibernate.dialect' (remove the property setting and it will be selected by default)
26-04-05 22:58:12.465 [Test worker] INFO  o.hibernate.orm.connections.pooling - HHH10001005: Database info:
	Database JDBC URL [Connecting through datasource 'org.springframework.jdbc.datasource.embedded.EmbeddedDatabaseFactory$EmbeddedDataSourceProxy@49d543a9']
	Database driver: undefined/unknown
	Database version: 2.3.232
	Autocommit mode: undefined/unknown
	Isolation level: undefined/unknown
	Minimum pool size: undefined/unknown
	Maximum pool size: undefined/unknown
26-04-05 22:58:13.897 [Test worker] INFO  o.h.e.t.j.p.i.JtaPlatformInitiator - HHH000489: No JTA platform available (set 'hibernate.transaction.jta.platform' to enable JTA platform integration)
26-04-05 22:58:13.918 [Test worker] DEBUG org.hibernate.SQL - 
    drop table if exists binary_contents cascade 
26-04-05 22:58:13.922 [Test worker] DEBUG org.hibernate.SQL - 
    drop table if exists channels cascade 
26-04-05 22:58:13.924 [Test worker] DEBUG org.hibernate.SQL - 
    drop table if exists message_attachments cascade 
26-04-05 22:58:13.924 [Test worker] DEBUG org.hibernate.SQL - 
    drop table if exists messages cascade 
26-04-05 22:58:13.926 [Test worker] DEBUG org.hibernate.SQL - 
    drop table if exists read_statuses cascade 
26-04-05 22:58:13.928 [Test worker] DEBUG org.hibernate.SQL - 
    drop table if exists user_statuses cascade 
26-04-05 22:58:13.930 [Test worker] DEBUG org.hibernate.SQL - 
    drop table if exists users cascade 
26-04-05 22:58:13.937 [Test worker] DEBUG org.hibernate.SQL - 
    create table binary_contents (
        created_at timestamp with time zone not null,
        size bigint not null,
        id uuid not null,
        content_type varchar(100) not null,
        file_name varchar(255) not null,
        primary key (id)
    )
26-04-05 22:58:13.940 [Test worker] DEBUG org.hibernate.SQL - 
    create table channels (
        created_at timestamp with time zone not null,
        updated_at timestamp with time zone,
        id uuid not null,
        name varchar(100),
        description varchar(500),
        type enum ('PRIVATE','PUBLIC') not null,
        primary key (id)
    )
26-04-05 22:58:13.944 [Test worker] DEBUG org.hibernate.SQL - 
    create table message_attachments (
        attachment_id uuid not null unique,
        message_id uuid not null
    )
26-04-05 22:58:13.945 [Test worker] DEBUG org.hibernate.SQL - 
    create table messages (
        created_at timestamp with time zone not null,
        updated_at timestamp with time zone,
        author_id uuid,
        channel_id uuid not null,
        id uuid not null,
        content text not null,
        primary key (id)
    )
26-04-05 22:58:13.948 [Test worker] DEBUG org.hibernate.SQL - 
    create table read_statuses (
        created_at timestamp with time zone not null,
        last_read_at timestamp with time zone not null,
        updated_at timestamp with time zone,
        channel_id uuid not null,
        id uuid not null,
        user_id uuid not null,
        primary key (id),
        unique (user_id, channel_id)
    )
26-04-05 22:58:13.951 [Test worker] DEBUG org.hibernate.SQL - 
    create table user_statuses (
        created_at timestamp with time zone not null,
        last_active_at timestamp with time zone not null,
        updated_at timestamp with time zone,
        id uuid not null,
        user_id uuid not null unique,
        primary key (id)
    )
26-04-05 22:58:13.953 [Test worker] DEBUG org.hibernate.SQL - 
    create table users (
        created_at timestamp with time zone not null,
        updated_at timestamp with time zone,
        id uuid not null,
        profile_id uuid unique,
        username varchar(50) not null unique,
        password varchar(60) not null,
        email varchar(100) not null unique,
        primary key (id)
    )
26-04-05 22:58:13.957 [Test worker] DEBUG org.hibernate.SQL - 
    alter table if exists message_attachments 
       add constraint FKsd1m8rb8jcpbcnb7rpdue7ctc 
       foreign key (attachment_id) 
       references binary_contents
26-04-05 22:58:13.960 [Test worker] DEBUG org.hibernate.SQL - 
    alter table if exists message_attachments 
       add constraint FKj7twd218e2gqw9cmlhwvo1rth 
       foreign key (message_id) 
       references messages
26-04-05 22:58:13.962 [Test worker] DEBUG org.hibernate.SQL - 
    alter table if exists messages 
       add constraint FKowtlim26svclkatusptbgi7u1 
       foreign key (author_id) 
       references users
26-04-05 22:58:13.965 [Test worker] DEBUG org.hibernate.SQL - 
    alter table if exists messages 
       add constraint FK3u3ckbhwq9se1cmopk2pq05b2 
       foreign key (channel_id) 
       references channels
26-04-05 22:58:13.968 [Test worker] DEBUG org.hibernate.SQL - 
    alter table if exists read_statuses 
       add constraint FKa38ri44ml4gfdpklx4ahqr8gd 
       foreign key (channel_id) 
       references channels
26-04-05 22:58:13.970 [Test worker] DEBUG org.hibernate.SQL - 
    alter table if exists read_statuses 
       add constraint FKml3k4wr9sj5yxrmj6d0aoib2e 
       foreign key (user_id) 
       references users
26-04-05 22:58:13.973 [Test worker] DEBUG org.hibernate.SQL - 
    alter table if exists user_statuses 
       add constraint FK4lfl3ei2ubchgcxrrpo3pw4mm 
       foreign key (user_id) 
       references users
26-04-05 22:58:13.976 [Test worker] DEBUG org.hibernate.SQL - 
    alter table if exists users 
       add constraint FKtbudycgrip49xdptogmhfqnso 
       foreign key (profile_id) 
       references binary_contents
26-04-05 22:58:13.983 [Test worker] INFO  o.s.o.j.LocalContainerEntityManagerFactoryBean - Initialized JPA EntityManagerFactory for persistence unit 'default'
26-04-05 22:58:14.683 [Test worker] INFO  o.s.d.j.r.query.QueryEnhancerFactory - Hibernate is in classpath; If applicable, HQL parser will be used.
26-04-05 22:58:15.911 [Test worker] INFO  c.s.m.d.r.MessageRepositoryTest - Started MessageRepositoryTest in 6.903 seconds (process running for 8.44)
26-04-05 22:58:15.921 [Test worker] DEBUG o.springframework.test.context.cache - Spring test ApplicationContext cache statistics: [DefaultContextCache@572c50b6 size = 1, maxSize = 32, parentContextCount = 0, hitCount = 0, missCount = 1, failureCount = 0]
26-04-05 22:58:15.929 [Test worker] DEBUG o.springframework.test.context.cache - Spring test ApplicationContext cache statistics: [DefaultContextCache@572c50b6 size = 1, maxSize = 32, parentContextCount = 0, hitCount = 1, missCount = 1, failureCount = 0]
26-04-05 22:58:15.936 [Test worker] DEBUG o.s.t.c.s.DirtiesContextBeforeModesTestExecutionListener - Before test method: class [MessageRepositoryTest], method [findLastMessageAtByChannelId_empty], class annotated with @DirtiesContext [false] with mode [null], method annotated with @DirtiesContext [false] with mode [null]
26-04-05 22:58:15.946 [Test worker] DEBUG o.s.t.c.t.TransactionalTestExecutionListener - Explicit transaction definition [PROPAGATION_REQUIRED,ISOLATION_DEFAULT] found for test class [com.sprint.mission.discodeit.repository.MessageRepositoryTest] and test method [findLastMessageAtByChannelId_empty]
26-04-05 22:58:15.946 [Test worker] DEBUG o.springframework.test.context.cache - Spring test ApplicationContext cache statistics: [DefaultContextCache@572c50b6 size = 1, maxSize = 32, parentContextCount = 0, hitCount = 2, missCount = 1, failureCount = 0]
26-04-05 22:58:15.950 [Test worker] DEBUG o.s.t.c.t.TransactionalTestExecutionListener - No method-level @Rollback override: using default rollback [true] for test method [void com.sprint.mission.discodeit.repository.MessageRepositoryTest.findLastMessageAtByChannelId_empty()]
26-04-05 22:58:15.966 [Test worker] DEBUG o.s.t.c.t.TransactionContext - Began transaction (1) for test class [com.sprint.mission.discodeit.repository.MessageRepositoryTest]; test method [findLastMessageAtByChannelId_empty]; transaction manager [org.springframework.orm.jpa.JpaTransactionManager@6a8ab98f]; rollback [true]
26-04-05 22:58:15.972 [Test worker] DEBUG o.springframework.test.context.cache - Spring test ApplicationContext cache statistics: [DefaultContextCache@572c50b6 size = 1, maxSize = 32, parentContextCount = 0, hitCount = 3, missCount = 1, failureCount = 0]
26-04-05 22:58:15.973 [Test worker] DEBUG o.springframework.test.context.cache - Spring test ApplicationContext cache statistics: [DefaultContextCache@572c50b6 size = 1, maxSize = 32, parentContextCount = 0, hitCount = 4, missCount = 1, failureCount = 0]
26-04-05 22:58:16.827 [Test worker] DEBUG o.springframework.test.context.cache - Spring test ApplicationContext cache statistics: [DefaultContextCache@572c50b6 size = 1, maxSize = 32, parentContextCount = 0, hitCount = 5, missCount = 1, failureCount = 0]
26-04-05 22:58:16.919 [Test worker] DEBUG o.springframework.test.context.cache - Spring test ApplicationContext cache statistics: [DefaultContextCache@572c50b6 size = 1, maxSize = 32, parentContextCount = 0, hitCount = 6, missCount = 1, failureCount = 0]
26-04-05 22:58:17.008 [Test worker] DEBUG org.hibernate.SQL - 
    insert 
    into
        channels
        (created_at, description, name, type, updated_at, id) 
    values
        (?, ?, ?, ?, ?, ?)
26-04-05 22:58:17.016 [Test worker] TRACE org.hibernate.orm.jdbc.bind - binding parameter (1:TIMESTAMP_UTC) <- [2026-04-05T13:58:16.867347500Z]
26-04-05 22:58:17.023 [Test worker] TRACE org.hibernate.orm.jdbc.bind - binding parameter (2:VARCHAR) <- [설명]
26-04-05 22:58:17.023 [Test worker] TRACE org.hibernate.orm.jdbc.bind - binding parameter (3:VARCHAR) <- [테스트채널]
26-04-05 22:58:17.023 [Test worker] TRACE org.hibernate.orm.jdbc.bind - binding parameter (4:ENUM) <- [PUBLIC]
26-04-05 22:58:17.023 [Test worker] TRACE org.hibernate.orm.jdbc.bind - binding parameter (5:TIMESTAMP_UTC) <- [2026-04-05T13:58:16.867347500Z]
26-04-05 22:58:17.024 [Test worker] TRACE org.hibernate.orm.jdbc.bind - binding parameter (6:UUID) <- [96e52194-6940-48dc-b036-5ae08dcf0370]
26-04-05 22:58:17.039 [Test worker] DEBUG org.hibernate.SQL - 
    insert 
    into
        users
        (created_at, email, password, profile_id, updated_at, username, id) 
    values
        (?, ?, ?, ?, ?, ?, ?)
26-04-05 22:58:17.040 [Test worker] TRACE org.hibernate.orm.jdbc.bind - binding parameter (1:TIMESTAMP_UTC) <- [2026-04-05T13:58:16.891374700Z]
26-04-05 22:58:17.040 [Test worker] TRACE org.hibernate.orm.jdbc.bind - binding parameter (2:VARCHAR) <- [test@test.com]
26-04-05 22:58:17.041 [Test worker] TRACE org.hibernate.orm.jdbc.bind - binding parameter (3:VARCHAR) <- [password123]
26-04-05 22:58:17.041 [Test worker] TRACE org.hibernate.orm.jdbc.bind - binding parameter (4:UUID) <- [null]
26-04-05 22:58:17.041 [Test worker] TRACE org.hibernate.orm.jdbc.bind - binding parameter (5:TIMESTAMP_UTC) <- [2026-04-05T13:58:16.891374700Z]
26-04-05 22:58:17.041 [Test worker] TRACE org.hibernate.orm.jdbc.bind - binding parameter (6:VARCHAR) <- [홍길동]
26-04-05 22:58:17.042 [Test worker] TRACE org.hibernate.orm.jdbc.bind - binding parameter (7:UUID) <- [eca6c8f4-b45d-4749-9360-3c57843af68c]
26-04-05 22:58:17.043 [Test worker] DEBUG org.hibernate.SQL - 
    insert 
    into
        user_statuses
        (created_at, last_active_at, updated_at, user_id, id) 
    values
        (?, ?, ?, ?, ?)
26-04-05 22:58:17.044 [Test worker] TRACE org.hibernate.orm.jdbc.bind - binding parameter (1:TIMESTAMP_UTC) <- [2026-04-05T13:58:16.896371600Z]
26-04-05 22:58:17.044 [Test worker] TRACE org.hibernate.orm.jdbc.bind - binding parameter (2:TIMESTAMP_UTC) <- [2026-04-05T13:58:16.895373900Z]
26-04-05 22:58:17.044 [Test worker] TRACE org.hibernate.orm.jdbc.bind - binding parameter (3:TIMESTAMP_UTC) <- [2026-04-05T13:58:16.896371600Z]
26-04-05 22:58:17.044 [Test worker] TRACE org.hibernate.orm.jdbc.bind - binding parameter (4:UUID) <- [eca6c8f4-b45d-4749-9360-3c57843af68c]
26-04-05 22:58:17.045 [Test worker] TRACE org.hibernate.orm.jdbc.bind - binding parameter (5:UUID) <- [d23ec7ff-721c-4e64-b6ef-c1590cc1dc78]
26-04-05 22:58:17.046 [Test worker] DEBUG org.hibernate.SQL - 
    insert 
    into
        messages
        (author_id, channel_id, content, created_at, updated_at, id) 
    values
        (?, ?, ?, ?, ?, ?)
26-04-05 22:58:17.046 [Test worker] TRACE org.hibernate.orm.jdbc.bind - binding parameter (1:UUID) <- [eca6c8f4-b45d-4749-9360-3c57843af68c]
26-04-05 22:58:17.046 [Test worker] TRACE org.hibernate.orm.jdbc.bind - binding parameter (2:UUID) <- [96e52194-6940-48dc-b036-5ae08dcf0370]
26-04-05 22:58:17.046 [Test worker] TRACE org.hibernate.orm.jdbc.bind - binding parameter (3:VARCHAR) <- [안녕하세요]
26-04-05 22:58:17.047 [Test worker] TRACE org.hibernate.orm.jdbc.bind - binding parameter (4:TIMESTAMP_UTC) <- [2026-04-05T13:58:16.903679200Z]
26-04-05 22:58:17.047 [Test worker] TRACE org.hibernate.orm.jdbc.bind - binding parameter (5:TIMESTAMP_UTC) <- [2026-04-05T13:58:16.903679200Z]
26-04-05 22:58:17.047 [Test worker] TRACE org.hibernate.orm.jdbc.bind - binding parameter (6:UUID) <- [5e502eee-8c30-47c4-afa4-532bc4e3c53c]
26-04-05 22:58:17.076 [Test worker] DEBUG org.hibernate.SQL - 
    select
        m1_0.id,
        m1_0.author_id,
        m1_0.channel_id,
        m1_0.content,
        m1_0.created_at,
        m1_0.updated_at 
    from
        messages m1_0
26-04-05 22:58:17.157 [Test worker] DEBUG org.hibernate.SQL - 
    delete 
    from
        messages 
    where
        id=?
26-04-05 22:58:17.158 [Test worker] TRACE org.hibernate.orm.jdbc.bind - binding parameter (1:UUID) <- [5e502eee-8c30-47c4-afa4-532bc4e3c53c]
26-04-05 22:58:17.164 [Test worker] DEBUG org.hibernate.SQL - 
    select
        m1_0.created_at 
    from
        messages m1_0 
    where
        m1_0.channel_id=? 
    order by
        m1_0.created_at desc 
    fetch
        first 1 rows only
26-04-05 22:58:17.165 [Test worker] TRACE org.hibernate.orm.jdbc.bind - binding parameter (1:UUID) <- [96e52194-6940-48dc-b036-5ae08dcf0370]
26-04-05 22:58:17.260 [Test worker] DEBUG o.springframework.test.context.cache - Spring test ApplicationContext cache statistics: [DefaultContextCache@572c50b6 size = 1, maxSize = 32, parentContextCount = 0, hitCount = 7, missCount = 1, failureCount = 0]
26-04-05 22:58:17.262 [Test worker] DEBUG o.springframework.test.context.cache - Spring test ApplicationContext cache statistics: [DefaultContextCache@572c50b6 size = 1, maxSize = 32, parentContextCount = 0, hitCount = 8, missCount = 1, failureCount = 0]
26-04-05 22:58:17.264 [Test worker] DEBUG o.springframework.test.context.cache - Spring test ApplicationContext cache statistics: [DefaultContextCache@572c50b6 size = 1, maxSize = 32, parentContextCount = 0, hitCount = 9, missCount = 1, failureCount = 0]
26-04-05 22:58:17.265 [Test worker] DEBUG o.springframework.test.context.cache - Spring test ApplicationContext cache statistics: [DefaultContextCache@572c50b6 size = 1, maxSize = 32, parentContextCount = 0, hitCount = 10, missCount = 1, failureCount = 0]
26-04-05 22:58:17.265 [Test worker] DEBUG o.springframework.test.context.cache - Spring test ApplicationContext cache statistics: [DefaultContextCache@572c50b6 size = 1, maxSize = 32, parentContextCount = 0, hitCount = 11, missCount = 1, failureCount = 0]
26-04-05 22:58:17.267 [Test worker] DEBUG o.springframework.test.context.cache - Spring test ApplicationContext cache statistics: [DefaultContextCache@572c50b6 size = 1, maxSize = 32, parentContextCount = 0, hitCount = 12, missCount = 1, failureCount = 0]
26-04-05 22:58:17.269 [Test worker] DEBUG o.springframework.test.context.cache - Spring test ApplicationContext cache statistics: [DefaultContextCache@572c50b6 size = 1, maxSize = 32, parentContextCount = 0, hitCount = 13, missCount = 1, failureCount = 0]
26-04-05 22:58:17.276 [Test worker] DEBUG o.s.t.c.t.TransactionContext - Rolled back transaction (1) for test class [com.sprint.mission.discodeit.repository.MessageRepositoryTest]; test method [findLastMessageAtByChannelId_empty]
26-04-05 22:58:17.277 [Test worker] DEBUG o.s.t.c.s.DirtiesContextTestExecutionListener - After test method: class [MessageRepositoryTest], method [findLastMessageAtByChannelId_empty], class annotated with @DirtiesContext [false] with mode [null], method annotated with @DirtiesContext [false] with mode [null]
26-04-05 22:58:17.286 [Test worker] DEBUG o.s.t.c.s.DependencyInjectionTestExecutionListener - Performing dependency injection for test class com.sprint.mission.discodeit.repository.MessageRepositoryTest
26-04-05 22:58:17.287 [Test worker] DEBUG o.springframework.test.context.cache - Spring test ApplicationContext cache statistics: [DefaultContextCache@572c50b6 size = 1, maxSize = 32, parentContextCount = 0, hitCount = 14, missCount = 1, failureCount = 0]
26-04-05 22:58:17.288 [Test worker] DEBUG o.springframework.test.context.cache - Spring test ApplicationContext cache statistics: [DefaultContextCache@572c50b6 size = 1, maxSize = 32, parentContextCount = 0, hitCount = 15, missCount = 1, failureCount = 0]
26-04-05 22:58:17.289 [Test worker] DEBUG o.s.t.c.s.DirtiesContextBeforeModesTestExecutionListener - Before test method: class [MessageRepositoryTest], method [findAllByChannelIdWithAuthor_success], class annotated with @DirtiesContext [false] with mode [null], method annotated with @DirtiesContext [false] with mode [null]
26-04-05 22:58:17.290 [Test worker] DEBUG o.s.t.c.t.TransactionalTestExecutionListener - Explicit transaction definition [PROPAGATION_REQUIRED,ISOLATION_DEFAULT] found for test class [com.sprint.mission.discodeit.repository.MessageRepositoryTest] and test method [findAllByChannelIdWithAuthor_success]
26-04-05 22:58:17.290 [Test worker] DEBUG o.springframework.test.context.cache - Spring test ApplicationContext cache statistics: [DefaultContextCache@572c50b6 size = 1, maxSize = 32, parentContextCount = 0, hitCount = 16, missCount = 1, failureCount = 0]
26-04-05 22:58:17.290 [Test worker] DEBUG o.s.t.c.t.TransactionalTestExecutionListener - No method-level @Rollback override: using default rollback [true] for test method [void com.sprint.mission.discodeit.repository.MessageRepositoryTest.findAllByChannelIdWithAuthor_success()]
26-04-05 22:58:17.291 [Test worker] DEBUG o.s.t.c.t.TransactionContext - Began transaction (1) for test class [com.sprint.mission.discodeit.repository.MessageRepositoryTest]; test method [findAllByChannelIdWithAuthor_success]; transaction manager [org.springframework.orm.jpa.JpaTransactionManager@6a8ab98f]; rollback [true]
26-04-05 22:58:17.292 [Test worker] DEBUG o.springframework.test.context.cache - Spring test ApplicationContext cache statistics: [DefaultContextCache@572c50b6 size = 1, maxSize = 32, parentContextCount = 0, hitCount = 17, missCount = 1, failureCount = 0]
26-04-05 22:58:17.292 [Test worker] DEBUG o.springframework.test.context.cache - Spring test ApplicationContext cache statistics: [DefaultContextCache@572c50b6 size = 1, maxSize = 32, parentContextCount = 0, hitCount = 18, missCount = 1, failureCount = 0]
26-04-05 22:58:17.293 [Test worker] DEBUG o.springframework.test.context.cache - Spring test ApplicationContext cache statistics: [DefaultContextCache@572c50b6 size = 1, maxSize = 32, parentContextCount = 0, hitCount = 19, missCount = 1, failureCount = 0]
26-04-05 22:58:17.298 [Test worker] DEBUG o.springframework.test.context.cache - Spring test ApplicationContext cache statistics: [DefaultContextCache@572c50b6 size = 1, maxSize = 32, parentContextCount = 0, hitCount = 20, missCount = 1, failureCount = 0]
26-04-05 22:58:17.321 [Test worker] DEBUG org.hibernate.SQL - 
    insert 
    into
        channels
        (created_at, description, name, type, updated_at, id) 
    values
        (?, ?, ?, ?, ?, ?)
26-04-05 22:58:17.322 [Test worker] TRACE org.hibernate.orm.jdbc.bind - binding parameter (1:TIMESTAMP_UTC) <- [2026-04-05T13:58:17.295294300Z]
26-04-05 22:58:17.322 [Test worker] TRACE org.hibernate.orm.jdbc.bind - binding parameter (2:VARCHAR) <- [설명]
26-04-05 22:58:17.322 [Test worker] TRACE org.hibernate.orm.jdbc.bind - binding parameter (3:VARCHAR) <- [테스트채널]
26-04-05 22:58:17.322 [Test worker] TRACE org.hibernate.orm.jdbc.bind - binding parameter (4:ENUM) <- [PUBLIC]
26-04-05 22:58:17.322 [Test worker] TRACE org.hibernate.orm.jdbc.bind - binding parameter (5:TIMESTAMP_UTC) <- [2026-04-05T13:58:17.295294300Z]
26-04-05 22:58:17.323 [Test worker] TRACE org.hibernate.orm.jdbc.bind - binding parameter (6:UUID) <- [9cad2bea-081e-49ea-8f17-0bf4f1fa00d7]
26-04-05 22:58:17.327 [Test worker] DEBUG org.hibernate.SQL - 
    insert 
    into
        users
        (created_at, email, password, profile_id, updated_at, username, id) 
    values
        (?, ?, ?, ?, ?, ?, ?)
26-04-05 22:58:17.327 [Test worker] TRACE org.hibernate.orm.jdbc.bind - binding parameter (1:TIMESTAMP_UTC) <- [2026-04-05T13:58:17.296288100Z]
26-04-05 22:58:17.327 [Test worker] TRACE org.hibernate.orm.jdbc.bind - binding parameter (2:VARCHAR) <- [test@test.com]
26-04-05 22:58:17.328 [Test worker] TRACE org.hibernate.orm.jdbc.bind - binding parameter (3:VARCHAR) <- [password123]
26-04-05 22:58:17.328 [Test worker] TRACE org.hibernate.orm.jdbc.bind - binding parameter (4:UUID) <- [null]
26-04-05 22:58:17.328 [Test worker] TRACE org.hibernate.orm.jdbc.bind - binding parameter (5:TIMESTAMP_UTC) <- [2026-04-05T13:58:17.296288100Z]
26-04-05 22:58:17.328 [Test worker] TRACE org.hibernate.orm.jdbc.bind - binding parameter (6:VARCHAR) <- [홍길동]
26-04-05 22:58:17.328 [Test worker] TRACE org.hibernate.orm.jdbc.bind - binding parameter (7:UUID) <- [7324ddf3-931c-48f8-92af-eb02db80af26]
26-04-05 22:58:17.329 [Test worker] DEBUG org.hibernate.SQL - 
    insert 
    into
        user_statuses
        (created_at, last_active_at, updated_at, user_id, id) 
    values
        (?, ?, ?, ?, ?)
26-04-05 22:58:17.330 [Test worker] TRACE org.hibernate.orm.jdbc.bind - binding parameter (1:TIMESTAMP_UTC) <- [2026-04-05T13:58:17.296288100Z]
26-04-05 22:58:17.331 [Test worker] TRACE org.hibernate.orm.jdbc.bind - binding parameter (2:TIMESTAMP_UTC) <- [2026-04-05T13:58:17.296288100Z]
26-04-05 22:58:17.331 [Test worker] TRACE org.hibernate.orm.jdbc.bind - binding parameter (3:TIMESTAMP_UTC) <- [2026-04-05T13:58:17.296288100Z]
26-04-05 22:58:17.331 [Test worker] TRACE org.hibernate.orm.jdbc.bind - binding parameter (4:UUID) <- [7324ddf3-931c-48f8-92af-eb02db80af26]
26-04-05 22:58:17.332 [Test worker] TRACE org.hibernate.orm.jdbc.bind - binding parameter (5:UUID) <- [6e060f84-7ebc-4b99-ab65-c15ef624ffc9]
26-04-05 22:58:17.333 [Test worker] DEBUG org.hibernate.SQL - 
    insert 
    into
        messages
        (author_id, channel_id, content, created_at, updated_at, id) 
    values
        (?, ?, ?, ?, ?, ?)
26-04-05 22:58:17.334 [Test worker] TRACE org.hibernate.orm.jdbc.bind - binding parameter (1:UUID) <- [7324ddf3-931c-48f8-92af-eb02db80af26]
26-04-05 22:58:17.334 [Test worker] TRACE org.hibernate.orm.jdbc.bind - binding parameter (2:UUID) <- [9cad2bea-081e-49ea-8f17-0bf4f1fa00d7]
26-04-05 22:58:17.334 [Test worker] TRACE org.hibernate.orm.jdbc.bind - binding parameter (3:VARCHAR) <- [안녕하세요]
26-04-05 22:58:17.334 [Test worker] TRACE org.hibernate.orm.jdbc.bind - binding parameter (4:TIMESTAMP_UTC) <- [2026-04-05T13:58:17.297505900Z]
26-04-05 22:58:17.334 [Test worker] TRACE org.hibernate.orm.jdbc.bind - binding parameter (5:TIMESTAMP_UTC) <- [2026-04-05T13:58:17.297505900Z]
26-04-05 22:58:17.334 [Test worker] TRACE org.hibernate.orm.jdbc.bind - binding parameter (6:UUID) <- [3659aa59-c183-43d2-abd4-0a4487a92841]
26-04-05 22:58:17.336 [Test worker] DEBUG org.hibernate.SQL - 
    select
        m1_0.id,
        a1_0.id,
        a1_0.created_at,
        a1_0.email,
        a1_0.password,
        p1_0.id,
        p1_0.content_type,
        p1_0.created_at,
        p1_0.file_name,
        p1_0.size,
        s1_0.id,
        s1_0.created_at,
        s1_0.last_active_at,
        s1_0.updated_at,
        s1_0.user_id,
        a1_0.updated_at,
        a1_0.username,
        m1_0.channel_id,
        m1_0.content,
        m1_0.created_at,
        m1_0.updated_at 
    from
        messages m1_0 
    left join
        users a1_0 
            on a1_0.id=m1_0.author_id 
    join
        user_statuses s1_0 
            on a1_0.id=s1_0.user_id 
    left join
        binary_contents p1_0 
            on p1_0.id=a1_0.profile_id 
    where
        m1_0.channel_id=? 
        and m1_0.created_at<? 
    order by
        m1_0.created_at desc 
    fetch
        first ? rows only
26-04-05 22:58:17.341 [Test worker] TRACE org.hibernate.orm.jdbc.bind - binding parameter (1:UUID) <- [9cad2bea-081e-49ea-8f17-0bf4f1fa00d7]
26-04-05 22:58:17.341 [Test worker] TRACE org.hibernate.orm.jdbc.bind - binding parameter (2:TIMESTAMP_UTC) <- [2026-04-05T13:58:18.300513200Z]
26-04-05 22:58:17.342 [Test worker] TRACE org.hibernate.orm.jdbc.bind - binding parameter (3:INTEGER) <- [11]
26-04-05 22:58:17.364 [Test worker] DEBUG o.springframework.test.context.cache - Spring test ApplicationContext cache statistics: [DefaultContextCache@572c50b6 size = 1, maxSize = 32, parentContextCount = 0, hitCount = 21, missCount = 1, failureCount = 0]
26-04-05 22:58:17.366 [Test worker] DEBUG o.springframework.test.context.cache - Spring test ApplicationContext cache statistics: [DefaultContextCache@572c50b6 size = 1, maxSize = 32, parentContextCount = 0, hitCount = 22, missCount = 1, failureCount = 0]
26-04-05 22:58:17.368 [Test worker] DEBUG o.springframework.test.context.cache - Spring test ApplicationContext cache statistics: [DefaultContextCache@572c50b6 size = 1, maxSize = 32, parentContextCount = 0, hitCount = 23, missCount = 1, failureCount = 0]
26-04-05 22:58:17.368 [Test worker] DEBUG o.springframework.test.context.cache - Spring test ApplicationContext cache statistics: [DefaultContextCache@572c50b6 size = 1, maxSize = 32, parentContextCount = 0, hitCount = 24, missCount = 1, failureCount = 0]
26-04-05 22:58:17.369 [Test worker] DEBUG o.springframework.test.context.cache - Spring test ApplicationContext cache statistics: [DefaultContextCache@572c50b6 size = 1, maxSize = 32, parentContextCount = 0, hitCount = 25, missCount = 1, failureCount = 0]
26-04-05 22:58:17.369 [Test worker] DEBUG o.springframework.test.context.cache - Spring test ApplicationContext cache statistics: [DefaultContextCache@572c50b6 size = 1, maxSize = 32, parentContextCount = 0, hitCount = 26, missCount = 1, failureCount = 0]
26-04-05 22:58:17.370 [Test worker] DEBUG o.springframework.test.context.cache - Spring test ApplicationContext cache statistics: [DefaultContextCache@572c50b6 size = 1, maxSize = 32, parentContextCount = 0, hitCount = 27, missCount = 1, failureCount = 0]
26-04-05 22:58:17.371 [Test worker] DEBUG o.s.t.c.t.TransactionContext - Rolled back transaction (1) for test class [com.sprint.mission.discodeit.repository.MessageRepositoryTest]; test method [findAllByChannelIdWithAuthor_success]
26-04-05 22:58:17.372 [Test worker] DEBUG o.s.t.c.s.DirtiesContextTestExecutionListener - After test method: class [MessageRepositoryTest], method [findAllByChannelIdWithAuthor_success], class annotated with @DirtiesContext [false] with mode [null], method annotated with @DirtiesContext [false] with mode [null]
26-04-05 22:58:17.373 [Test worker] DEBUG o.s.t.c.s.DependencyInjectionTestExecutionListener - Performing dependency injection for test class com.sprint.mission.discodeit.repository.MessageRepositoryTest
26-04-05 22:58:17.374 [Test worker] DEBUG o.springframework.test.context.cache - Spring test ApplicationContext cache statistics: [DefaultContextCache@572c50b6 size = 1, maxSize = 32, parentContextCount = 0, hitCount = 28, missCount = 1, failureCount = 0]
26-04-05 22:58:17.375 [Test worker] DEBUG o.springframework.test.context.cache - Spring test ApplicationContext cache statistics: [DefaultContextCache@572c50b6 size = 1, maxSize = 32, parentContextCount = 0, hitCount = 29, missCount = 1, failureCount = 0]
26-04-05 22:58:17.376 [Test worker] DEBUG o.s.t.c.s.DirtiesContextBeforeModesTestExecutionListener - Before test method: class [MessageRepositoryTest], method [findLastMessageAtByChannelId_success], class annotated with @DirtiesContext [false] with mode [null], method annotated with @DirtiesContext [false] with mode [null]
26-04-05 22:58:17.376 [Test worker] DEBUG o.s.t.c.t.TransactionalTestExecutionListener - Explicit transaction definition [PROPAGATION_REQUIRED,ISOLATION_DEFAULT] found for test class [com.sprint.mission.discodeit.repository.MessageRepositoryTest] and test method [findLastMessageAtByChannelId_success]
26-04-05 22:58:17.377 [Test worker] DEBUG o.springframework.test.context.cache - Spring test ApplicationContext cache statistics: [DefaultContextCache@572c50b6 size = 1, maxSize = 32, parentContextCount = 0, hitCount = 30, missCount = 1, failureCount = 0]
26-04-05 22:58:17.377 [Test worker] DEBUG o.s.t.c.t.TransactionalTestExecutionListener - No method-level @Rollback override: using default rollback [true] for test method [void com.sprint.mission.discodeit.repository.MessageRepositoryTest.findLastMessageAtByChannelId_success()]
26-04-05 22:58:17.379 [Test worker] DEBUG o.s.t.c.t.TransactionContext - Began transaction (1) for test class [com.sprint.mission.discodeit.repository.MessageRepositoryTest]; test method [findLastMessageAtByChannelId_success]; transaction manager [org.springframework.orm.jpa.JpaTransactionManager@6a8ab98f]; rollback [true]
26-04-05 22:58:17.380 [Test worker] DEBUG o.springframework.test.context.cache - Spring test ApplicationContext cache statistics: [DefaultContextCache@572c50b6 size = 1, maxSize = 32, parentContextCount = 0, hitCount = 31, missCount = 1, failureCount = 0]
26-04-05 22:58:17.381 [Test worker] DEBUG o.springframework.test.context.cache - Spring test ApplicationContext cache statistics: [DefaultContextCache@572c50b6 size = 1, maxSize = 32, parentContextCount = 0, hitCount = 32, missCount = 1, failureCount = 0]
26-04-05 22:58:17.382 [Test worker] DEBUG o.springframework.test.context.cache - Spring test ApplicationContext cache statistics: [DefaultContextCache@572c50b6 size = 1, maxSize = 32, parentContextCount = 0, hitCount = 33, missCount = 1, failureCount = 0]
26-04-05 22:58:17.388 [Test worker] DEBUG o.springframework.test.context.cache - Spring test ApplicationContext cache statistics: [DefaultContextCache@572c50b6 size = 1, maxSize = 32, parentContextCount = 0, hitCount = 34, missCount = 1, failureCount = 0]
26-04-05 22:58:17.391 [Test worker] DEBUG org.hibernate.SQL - 
    insert 
    into
        channels
        (created_at, description, name, type, updated_at, id) 
    values
        (?, ?, ?, ?, ?, ?)
26-04-05 22:58:17.392 [Test worker] TRACE org.hibernate.orm.jdbc.bind - binding parameter (1:TIMESTAMP_UTC) <- [2026-04-05T13:58:17.384741Z]
26-04-05 22:58:17.392 [Test worker] TRACE org.hibernate.orm.jdbc.bind - binding parameter (2:VARCHAR) <- [설명]
26-04-05 22:58:17.392 [Test worker] TRACE org.hibernate.orm.jdbc.bind - binding parameter (3:VARCHAR) <- [테스트채널]
26-04-05 22:58:17.392 [Test worker] TRACE org.hibernate.orm.jdbc.bind - binding parameter (4:ENUM) <- [PUBLIC]
26-04-05 22:58:17.392 [Test worker] TRACE org.hibernate.orm.jdbc.bind - binding parameter (5:TIMESTAMP_UTC) <- [2026-04-05T13:58:17.384741Z]
26-04-05 22:58:17.393 [Test worker] TRACE org.hibernate.orm.jdbc.bind - binding parameter (6:UUID) <- [45d938b0-f112-4b30-a0b5-37365aab38fd]
26-04-05 22:58:17.397 [Test worker] DEBUG org.hibernate.SQL - 
    insert 
    into
        users
        (created_at, email, password, profile_id, updated_at, username, id) 
    values
        (?, ?, ?, ?, ?, ?, ?)
26-04-05 22:58:17.397 [Test worker] TRACE org.hibernate.orm.jdbc.bind - binding parameter (1:TIMESTAMP_UTC) <- [2026-04-05T13:58:17.385847300Z]
26-04-05 22:58:17.398 [Test worker] TRACE org.hibernate.orm.jdbc.bind - binding parameter (2:VARCHAR) <- [test@test.com]
26-04-05 22:58:17.398 [Test worker] TRACE org.hibernate.orm.jdbc.bind - binding parameter (3:VARCHAR) <- [password123]
26-04-05 22:58:17.398 [Test worker] TRACE org.hibernate.orm.jdbc.bind - binding parameter (4:UUID) <- [null]
26-04-05 22:58:17.398 [Test worker] TRACE org.hibernate.orm.jdbc.bind - binding parameter (5:TIMESTAMP_UTC) <- [2026-04-05T13:58:17.385847300Z]
26-04-05 22:58:17.398 [Test worker] TRACE org.hibernate.orm.jdbc.bind - binding parameter (6:VARCHAR) <- [홍길동]
26-04-05 22:58:17.398 [Test worker] TRACE org.hibernate.orm.jdbc.bind - binding parameter (7:UUID) <- [48dfe47c-b961-42b6-aa16-82779c83db45]
26-04-05 22:58:17.399 [Test worker] DEBUG org.hibernate.SQL - 
    insert 
    into
        user_statuses
        (created_at, last_active_at, updated_at, user_id, id) 
    values
        (?, ?, ?, ?, ?)
26-04-05 22:58:17.400 [Test worker] TRACE org.hibernate.orm.jdbc.bind - binding parameter (1:TIMESTAMP_UTC) <- [2026-04-05T13:58:17.386372600Z]
26-04-05 22:58:17.400 [Test worker] TRACE org.hibernate.orm.jdbc.bind - binding parameter (2:TIMESTAMP_UTC) <- [2026-04-05T13:58:17.386372600Z]
26-04-05 22:58:17.401 [Test worker] TRACE org.hibernate.orm.jdbc.bind - binding parameter (3:TIMESTAMP_UTC) <- [2026-04-05T13:58:17.386372600Z]
26-04-05 22:58:17.402 [Test worker] TRACE org.hibernate.orm.jdbc.bind - binding parameter (4:UUID) <- [48dfe47c-b961-42b6-aa16-82779c83db45]
26-04-05 22:58:17.402 [Test worker] TRACE org.hibernate.orm.jdbc.bind - binding parameter (5:UUID) <- [47cf3987-838a-4398-9466-ceb1534b76bf]
26-04-05 22:58:17.403 [Test worker] DEBUG org.hibernate.SQL - 
    insert 
    into
        messages
        (author_id, channel_id, content, created_at, updated_at, id) 
    values
        (?, ?, ?, ?, ?, ?)
26-04-05 22:58:17.404 [Test worker] TRACE org.hibernate.orm.jdbc.bind - binding parameter (1:UUID) <- [48dfe47c-b961-42b6-aa16-82779c83db45]
26-04-05 22:58:17.404 [Test worker] TRACE org.hibernate.orm.jdbc.bind - binding parameter (2:UUID) <- [45d938b0-f112-4b30-a0b5-37365aab38fd]
26-04-05 22:58:17.404 [Test worker] TRACE org.hibernate.orm.jdbc.bind - binding parameter (3:VARCHAR) <- [안녕하세요]
26-04-05 22:58:17.404 [Test worker] TRACE org.hibernate.orm.jdbc.bind - binding parameter (4:TIMESTAMP_UTC) <- [2026-04-05T13:58:17.386937100Z]
26-04-05 22:58:17.404 [Test worker] TRACE org.hibernate.orm.jdbc.bind - binding parameter (5:TIMESTAMP_UTC) <- [2026-04-05T13:58:17.386937100Z]
26-04-05 22:58:17.406 [Test worker] TRACE org.hibernate.orm.jdbc.bind - binding parameter (6:UUID) <- [9d30632b-0c37-4ce4-8d57-93c0be45791a]
26-04-05 22:58:17.407 [Test worker] DEBUG org.hibernate.SQL - 
    select
        m1_0.created_at 
    from
        messages m1_0 
    where
        m1_0.channel_id=? 
    order by
        m1_0.created_at desc 
    fetch
        first 1 rows only
26-04-05 22:58:17.408 [Test worker] TRACE org.hibernate.orm.jdbc.bind - binding parameter (1:UUID) <- [45d938b0-f112-4b30-a0b5-37365aab38fd]
26-04-05 22:58:17.413 [Test worker] DEBUG o.springframework.test.context.cache - Spring test ApplicationContext cache statistics: [DefaultContextCache@572c50b6 size = 1, maxSize = 32, parentContextCount = 0, hitCount = 35, missCount = 1, failureCount = 0]
26-04-05 22:58:17.413 [Test worker] DEBUG o.springframework.test.context.cache - Spring test ApplicationContext cache statistics: [DefaultContextCache@572c50b6 size = 1, maxSize = 32, parentContextCount = 0, hitCount = 36, missCount = 1, failureCount = 0]
26-04-05 22:58:17.414 [Test worker] DEBUG o.springframework.test.context.cache - Spring test ApplicationContext cache statistics: [DefaultContextCache@572c50b6 size = 1, maxSize = 32, parentContextCount = 0, hitCount = 37, missCount = 1, failureCount = 0]
26-04-05 22:58:17.414 [Test worker] DEBUG o.springframework.test.context.cache - Spring test ApplicationContext cache statistics: [DefaultContextCache@572c50b6 size = 1, maxSize = 32, parentContextCount = 0, hitCount = 38, missCount = 1, failureCount = 0]
26-04-05 22:58:17.415 [Test worker] DEBUG o.springframework.test.context.cache - Spring test ApplicationContext cache statistics: [DefaultContextCache@572c50b6 size = 1, maxSize = 32, parentContextCount = 0, hitCount = 39, missCount = 1, failureCount = 0]
26-04-05 22:58:17.415 [Test worker] DEBUG o.springframework.test.context.cache - Spring test ApplicationContext cache statistics: [DefaultContextCache@572c50b6 size = 1, maxSize = 32, parentContextCount = 0, hitCount = 40, missCount = 1, failureCount = 0]
26-04-05 22:58:17.416 [Test worker] DEBUG o.springframework.test.context.cache - Spring test ApplicationContext cache statistics: [DefaultContextCache@572c50b6 size = 1, maxSize = 32, parentContextCount = 0, hitCount = 41, missCount = 1, failureCount = 0]
26-04-05 22:58:17.417 [Test worker] DEBUG o.s.t.c.t.TransactionContext - Rolled back transaction (1) for test class [com.sprint.mission.discodeit.repository.MessageRepositoryTest]; test method [findLastMessageAtByChannelId_success]
26-04-05 22:58:17.417 [Test worker] DEBUG o.s.t.c.s.DirtiesContextTestExecutionListener - After test method: class [MessageRepositoryTest], method [findLastMessageAtByChannelId_success], class annotated with @DirtiesContext [false] with mode [null], method annotated with @DirtiesContext [false] with mode [null]
26-04-05 22:58:17.419 [Test worker] DEBUG o.s.t.c.s.DependencyInjectionTestExecutionListener - Performing dependency injection for test class com.sprint.mission.discodeit.repository.MessageRepositoryTest
26-04-05 22:58:17.419 [Test worker] DEBUG o.springframework.test.context.cache - Spring test ApplicationContext cache statistics: [DefaultContextCache@572c50b6 size = 1, maxSize = 32, parentContextCount = 0, hitCount = 42, missCount = 1, failureCount = 0]
26-04-05 22:58:17.420 [Test worker] DEBUG o.springframework.test.context.cache - Spring test ApplicationContext cache statistics: [DefaultContextCache@572c50b6 size = 1, maxSize = 32, parentContextCount = 0, hitCount = 43, missCount = 1, failureCount = 0]
26-04-05 22:58:17.421 [Test worker] DEBUG o.s.t.c.s.DirtiesContextBeforeModesTestExecutionListener - Before test method: class [MessageRepositoryTest], method [deleteAllByChannelId_success], class annotated with @DirtiesContext [false] with mode [null], method annotated with @DirtiesContext [false] with mode [null]
26-04-05 22:58:17.421 [Test worker] DEBUG o.s.t.c.t.TransactionalTestExecutionListener - Explicit transaction definition [PROPAGATION_REQUIRED,ISOLATION_DEFAULT] found for test class [com.sprint.mission.discodeit.repository.MessageRepositoryTest] and test method [deleteAllByChannelId_success]
26-04-05 22:58:17.422 [Test worker] DEBUG o.springframework.test.context.cache - Spring test ApplicationContext cache statistics: [DefaultContextCache@572c50b6 size = 1, maxSize = 32, parentContextCount = 0, hitCount = 44, missCount = 1, failureCount = 0]
26-04-05 22:58:17.422 [Test worker] DEBUG o.s.t.c.t.TransactionalTestExecutionListener - No method-level @Rollback override: using default rollback [true] for test method [void com.sprint.mission.discodeit.repository.MessageRepositoryTest.deleteAllByChannelId_success()]
26-04-05 22:58:17.424 [Test worker] DEBUG o.s.t.c.t.TransactionContext - Began transaction (1) for test class [com.sprint.mission.discodeit.repository.MessageRepositoryTest]; test method [deleteAllByChannelId_success]; transaction manager [org.springframework.orm.jpa.JpaTransactionManager@6a8ab98f]; rollback [true]
26-04-05 22:58:17.426 [Test worker] DEBUG o.springframework.test.context.cache - Spring test ApplicationContext cache statistics: [DefaultContextCache@572c50b6 size = 1, maxSize = 32, parentContextCount = 0, hitCount = 45, missCount = 1, failureCount = 0]
26-04-05 22:58:17.426 [Test worker] DEBUG o.springframework.test.context.cache - Spring test ApplicationContext cache statistics: [DefaultContextCache@572c50b6 size = 1, maxSize = 32, parentContextCount = 0, hitCount = 46, missCount = 1, failureCount = 0]
26-04-05 22:58:17.427 [Test worker] DEBUG o.springframework.test.context.cache - Spring test ApplicationContext cache statistics: [DefaultContextCache@572c50b6 size = 1, maxSize = 32, parentContextCount = 0, hitCount = 47, missCount = 1, failureCount = 0]
26-04-05 22:58:17.434 [Test worker] DEBUG o.springframework.test.context.cache - Spring test ApplicationContext cache statistics: [DefaultContextCache@572c50b6 size = 1, maxSize = 32, parentContextCount = 0, hitCount = 48, missCount = 1, failureCount = 0]
26-04-05 22:58:17.444 [Test worker] DEBUG org.hibernate.SQL - 
    insert 
    into
        channels
        (created_at, description, name, type, updated_at, id) 
    values
        (?, ?, ?, ?, ?, ?)
26-04-05 22:58:17.444 [Test worker] TRACE org.hibernate.orm.jdbc.bind - binding parameter (1:TIMESTAMP_UTC) <- [2026-04-05T13:58:17.429228500Z]
26-04-05 22:58:17.444 [Test worker] TRACE org.hibernate.orm.jdbc.bind - binding parameter (2:VARCHAR) <- [설명]
26-04-05 22:58:17.444 [Test worker] TRACE org.hibernate.orm.jdbc.bind - binding parameter (3:VARCHAR) <- [테스트채널]
26-04-05 22:58:17.444 [Test worker] TRACE org.hibernate.orm.jdbc.bind - binding parameter (4:ENUM) <- [PUBLIC]
26-04-05 22:58:17.444 [Test worker] TRACE org.hibernate.orm.jdbc.bind - binding parameter (5:TIMESTAMP_UTC) <- [2026-04-05T13:58:17.429228500Z]
26-04-05 22:58:17.444 [Test worker] TRACE org.hibernate.orm.jdbc.bind - binding parameter (6:UUID) <- [ff52c166-c635-4e7a-93a7-2ad922ff7587]
26-04-05 22:58:17.448 [Test worker] DEBUG org.hibernate.SQL - 
    insert 
    into
        users
        (created_at, email, password, profile_id, updated_at, username, id) 
    values
        (?, ?, ?, ?, ?, ?, ?)
26-04-05 22:58:17.449 [Test worker] TRACE org.hibernate.orm.jdbc.bind - binding parameter (1:TIMESTAMP_UTC) <- [2026-04-05T13:58:17.430224600Z]
26-04-05 22:58:17.449 [Test worker] TRACE org.hibernate.orm.jdbc.bind - binding parameter (2:VARCHAR) <- [test@test.com]
26-04-05 22:58:17.449 [Test worker] TRACE org.hibernate.orm.jdbc.bind - binding parameter (3:VARCHAR) <- [password123]
26-04-05 22:58:17.449 [Test worker] TRACE org.hibernate.orm.jdbc.bind - binding parameter (4:UUID) <- [null]
26-04-05 22:58:17.450 [Test worker] TRACE org.hibernate.orm.jdbc.bind - binding parameter (5:TIMESTAMP_UTC) <- [2026-04-05T13:58:17.430224600Z]
26-04-05 22:58:17.450 [Test worker] TRACE org.hibernate.orm.jdbc.bind - binding parameter (6:VARCHAR) <- [홍길동]
26-04-05 22:58:17.450 [Test worker] TRACE org.hibernate.orm.jdbc.bind - binding parameter (7:UUID) <- [22144b52-a70e-4516-a9df-2f2ef6835c42]
26-04-05 22:58:17.451 [Test worker] DEBUG org.hibernate.SQL - 
    insert 
    into
        user_statuses
        (created_at, last_active_at, updated_at, user_id, id) 
    values
        (?, ?, ?, ?, ?)
26-04-05 22:58:17.452 [Test worker] TRACE org.hibernate.orm.jdbc.bind - binding parameter (1:TIMESTAMP_UTC) <- [2026-04-05T13:58:17.431225300Z]
26-04-05 22:58:17.452 [Test worker] TRACE org.hibernate.orm.jdbc.bind - binding parameter (2:TIMESTAMP_UTC) <- [2026-04-05T13:58:17.430224600Z]
26-04-05 22:58:17.453 [Test worker] TRACE org.hibernate.orm.jdbc.bind - binding parameter (3:TIMESTAMP_UTC) <- [2026-04-05T13:58:17.431225300Z]
26-04-05 22:58:17.453 [Test worker] TRACE org.hibernate.orm.jdbc.bind - binding parameter (4:UUID) <- [22144b52-a70e-4516-a9df-2f2ef6835c42]
26-04-05 22:58:17.453 [Test worker] TRACE org.hibernate.orm.jdbc.bind - binding parameter (5:UUID) <- [c62ad120-5050-40f6-879b-5e3bb3d32dc8]
26-04-05 22:58:17.454 [Test worker] DEBUG org.hibernate.SQL - 
    insert 
    into
        messages
        (author_id, channel_id, content, created_at, updated_at, id) 
    values
        (?, ?, ?, ?, ?, ?)
26-04-05 22:58:17.454 [Test worker] TRACE org.hibernate.orm.jdbc.bind - binding parameter (1:UUID) <- [22144b52-a70e-4516-a9df-2f2ef6835c42]
26-04-05 22:58:17.454 [Test worker] TRACE org.hibernate.orm.jdbc.bind - binding parameter (2:UUID) <- [ff52c166-c635-4e7a-93a7-2ad922ff7587]
26-04-05 22:58:17.455 [Test worker] TRACE org.hibernate.orm.jdbc.bind - binding parameter (3:VARCHAR) <- [안녕하세요]
26-04-05 22:58:17.455 [Test worker] TRACE org.hibernate.orm.jdbc.bind - binding parameter (4:TIMESTAMP_UTC) <- [2026-04-05T13:58:17.433221600Z]
26-04-05 22:58:17.456 [Test worker] TRACE org.hibernate.orm.jdbc.bind - binding parameter (5:TIMESTAMP_UTC) <- [2026-04-05T13:58:17.433221600Z]
26-04-05 22:58:17.456 [Test worker] TRACE org.hibernate.orm.jdbc.bind - binding parameter (6:UUID) <- [981c0e92-903b-479d-97c3-e261b2353439]
26-04-05 22:58:17.457 [Test worker] DEBUG org.hibernate.SQL - 
    select
        m1_0.id,
        m1_0.author_id,
        m1_0.channel_id,
        m1_0.content,
        m1_0.created_at,
        m1_0.updated_at 
    from
        messages m1_0 
    where
        m1_0.channel_id=?
26-04-05 22:58:17.457 [Test worker] TRACE org.hibernate.orm.jdbc.bind - binding parameter (1:UUID) <- [ff52c166-c635-4e7a-93a7-2ad922ff7587]
26-04-05 22:58:17.462 [Test worker] DEBUG org.hibernate.SQL - 
    delete 
    from
        messages 
    where
        id=?
26-04-05 22:58:17.462 [Test worker] TRACE org.hibernate.orm.jdbc.bind - binding parameter (1:UUID) <- [981c0e92-903b-479d-97c3-e261b2353439]
26-04-05 22:58:17.463 [Test worker] DEBUG org.hibernate.SQL - 
    select
        m1_0.id,
        m1_0.author_id,
        m1_0.channel_id,
        m1_0.content,
        m1_0.created_at,
        m1_0.updated_at 
    from
        messages m1_0
26-04-05 22:58:17.466 [Test worker] DEBUG o.springframework.test.context.cache - Spring test ApplicationContext cache statistics: [DefaultContextCache@572c50b6 size = 1, maxSize = 32, parentContextCount = 0, hitCount = 49, missCount = 1, failureCount = 0]
26-04-05 22:58:17.466 [Test worker] DEBUG o.springframework.test.context.cache - Spring test ApplicationContext cache statistics: [DefaultContextCache@572c50b6 size = 1, maxSize = 32, parentContextCount = 0, hitCount = 50, missCount = 1, failureCount = 0]
26-04-05 22:58:17.467 [Test worker] DEBUG o.springframework.test.context.cache - Spring test ApplicationContext cache statistics: [DefaultContextCache@572c50b6 size = 1, maxSize = 32, parentContextCount = 0, hitCount = 51, missCount = 1, failureCount = 0]
26-04-05 22:58:17.468 [Test worker] DEBUG o.springframework.test.context.cache - Spring test ApplicationContext cache statistics: [DefaultContextCache@572c50b6 size = 1, maxSize = 32, parentContextCount = 0, hitCount = 52, missCount = 1, failureCount = 0]
26-04-05 22:58:17.468 [Test worker] DEBUG o.springframework.test.context.cache - Spring test ApplicationContext cache statistics: [DefaultContextCache@572c50b6 size = 1, maxSize = 32, parentContextCount = 0, hitCount = 53, missCount = 1, failureCount = 0]
26-04-05 22:58:17.468 [Test worker] DEBUG o.springframework.test.context.cache - Spring test ApplicationContext cache statistics: [DefaultContextCache@572c50b6 size = 1, maxSize = 32, parentContextCount = 0, hitCount = 54, missCount = 1, failureCount = 0]
26-04-05 22:58:17.469 [Test worker] DEBUG o.springframework.test.context.cache - Spring test ApplicationContext cache statistics: [DefaultContextCache@572c50b6 size = 1, maxSize = 32, parentContextCount = 0, hitCount = 55, missCount = 1, failureCount = 0]
26-04-05 22:58:17.471 [Test worker] DEBUG o.s.t.c.t.TransactionContext - Rolled back transaction (1) for test class [com.sprint.mission.discodeit.repository.MessageRepositoryTest]; test method [deleteAllByChannelId_success]
26-04-05 22:58:17.471 [Test worker] DEBUG o.s.t.c.s.DirtiesContextTestExecutionListener - After test method: class [MessageRepositoryTest], method [deleteAllByChannelId_success], class annotated with @DirtiesContext [false] with mode [null], method annotated with @DirtiesContext [false] with mode [null]
26-04-05 22:58:17.472 [Test worker] DEBUG o.s.t.c.s.DependencyInjectionTestExecutionListener - Performing dependency injection for test class com.sprint.mission.discodeit.repository.MessageRepositoryTest
26-04-05 22:58:17.472 [Test worker] DEBUG o.springframework.test.context.cache - Spring test ApplicationContext cache statistics: [DefaultContextCache@572c50b6 size = 1, maxSize = 32, parentContextCount = 0, hitCount = 56, missCount = 1, failureCount = 0]
26-04-05 22:58:17.473 [Test worker] DEBUG o.springframework.test.context.cache - Spring test ApplicationContext cache statistics: [DefaultContextCache@572c50b6 size = 1, maxSize = 32, parentContextCount = 0, hitCount = 57, missCount = 1, failureCount = 0]
26-04-05 22:58:17.474 [Test worker] DEBUG o.s.t.c.s.DirtiesContextBeforeModesTestExecutionListener - Before test method: class [MessageRepositoryTest], method [findAllByChannelIdWithAuthor_empty], class annotated with @DirtiesContext [false] with mode [null], method annotated with @DirtiesContext [false] with mode [null]
26-04-05 22:58:17.475 [Test worker] DEBUG o.s.t.c.t.TransactionalTestExecutionListener - Explicit transaction definition [PROPAGATION_REQUIRED,ISOLATION_DEFAULT] found for test class [com.sprint.mission.discodeit.repository.MessageRepositoryTest] and test method [findAllByChannelIdWithAuthor_empty]
26-04-05 22:58:17.475 [Test worker] DEBUG o.springframework.test.context.cache - Spring test ApplicationContext cache statistics: [DefaultContextCache@572c50b6 size = 1, maxSize = 32, parentContextCount = 0, hitCount = 58, missCount = 1, failureCount = 0]
26-04-05 22:58:17.476 [Test worker] DEBUG o.s.t.c.t.TransactionalTestExecutionListener - No method-level @Rollback override: using default rollback [true] for test method [void com.sprint.mission.discodeit.repository.MessageRepositoryTest.findAllByChannelIdWithAuthor_empty()]
26-04-05 22:58:17.477 [Test worker] DEBUG o.s.t.c.t.TransactionContext - Began transaction (1) for test class [com.sprint.mission.discodeit.repository.MessageRepositoryTest]; test method [findAllByChannelIdWithAuthor_empty]; transaction manager [org.springframework.orm.jpa.JpaTransactionManager@6a8ab98f]; rollback [true]
26-04-05 22:58:17.478 [Test worker] DEBUG o.springframework.test.context.cache - Spring test ApplicationContext cache statistics: [DefaultContextCache@572c50b6 size = 1, maxSize = 32, parentContextCount = 0, hitCount = 59, missCount = 1, failureCount = 0]
26-04-05 22:58:17.479 [Test worker] DEBUG o.springframework.test.context.cache - Spring test ApplicationContext cache statistics: [DefaultContextCache@572c50b6 size = 1, maxSize = 32, parentContextCount = 0, hitCount = 60, missCount = 1, failureCount = 0]
26-04-05 22:58:17.479 [Test worker] DEBUG o.springframework.test.context.cache - Spring test ApplicationContext cache statistics: [DefaultContextCache@572c50b6 size = 1, maxSize = 32, parentContextCount = 0, hitCount = 61, missCount = 1, failureCount = 0]
26-04-05 22:58:17.483 [Test worker] DEBUG o.springframework.test.context.cache - Spring test ApplicationContext cache statistics: [DefaultContextCache@572c50b6 size = 1, maxSize = 32, parentContextCount = 0, hitCount = 62, missCount = 1, failureCount = 0]
26-04-05 22:58:17.486 [Test worker] DEBUG org.hibernate.SQL - 
    insert 
    into
        channels
        (created_at, description, name, type, updated_at, id) 
    values
        (?, ?, ?, ?, ?, ?)
26-04-05 22:58:17.486 [Test worker] TRACE org.hibernate.orm.jdbc.bind - binding parameter (1:TIMESTAMP_UTC) <- [2026-04-05T13:58:17.481934500Z]
26-04-05 22:58:17.487 [Test worker] TRACE org.hibernate.orm.jdbc.bind - binding parameter (2:VARCHAR) <- [설명]
26-04-05 22:58:17.487 [Test worker] TRACE org.hibernate.orm.jdbc.bind - binding parameter (3:VARCHAR) <- [테스트채널]
26-04-05 22:58:17.487 [Test worker] TRACE org.hibernate.orm.jdbc.bind - binding parameter (4:ENUM) <- [PUBLIC]
26-04-05 22:58:17.487 [Test worker] TRACE org.hibernate.orm.jdbc.bind - binding parameter (5:TIMESTAMP_UTC) <- [2026-04-05T13:58:17.481934500Z]
26-04-05 22:58:17.487 [Test worker] TRACE org.hibernate.orm.jdbc.bind - binding parameter (6:UUID) <- [dbdb597e-dd51-4e08-8f29-69113669abd2]
26-04-05 22:58:17.489 [Test worker] DEBUG org.hibernate.SQL - 
    insert 
    into
        users
        (created_at, email, password, profile_id, updated_at, username, id) 
    values
        (?, ?, ?, ?, ?, ?, ?)
26-04-05 22:58:17.490 [Test worker] TRACE org.hibernate.orm.jdbc.bind - binding parameter (1:TIMESTAMP_UTC) <- [2026-04-05T13:58:17.482933300Z]
26-04-05 22:58:17.490 [Test worker] TRACE org.hibernate.orm.jdbc.bind - binding parameter (2:VARCHAR) <- [test@test.com]
26-04-05 22:58:17.490 [Test worker] TRACE org.hibernate.orm.jdbc.bind - binding parameter (3:VARCHAR) <- [password123]
26-04-05 22:58:17.490 [Test worker] TRACE org.hibernate.orm.jdbc.bind - binding parameter (4:UUID) <- [null]
26-04-05 22:58:17.490 [Test worker] TRACE org.hibernate.orm.jdbc.bind - binding parameter (5:TIMESTAMP_UTC) <- [2026-04-05T13:58:17.482933300Z]
26-04-05 22:58:17.490 [Test worker] TRACE org.hibernate.orm.jdbc.bind - binding parameter (6:VARCHAR) <- [홍길동]
26-04-05 22:58:17.490 [Test worker] TRACE org.hibernate.orm.jdbc.bind - binding parameter (7:UUID) <- [a9487659-6aab-4538-aada-4189654aab21]
26-04-05 22:58:17.491 [Test worker] DEBUG org.hibernate.SQL - 
    insert 
    into
        user_statuses
        (created_at, last_active_at, updated_at, user_id, id) 
    values
        (?, ?, ?, ?, ?)
26-04-05 22:58:17.492 [Test worker] TRACE org.hibernate.orm.jdbc.bind - binding parameter (1:TIMESTAMP_UTC) <- [2026-04-05T13:58:17.482933300Z]
26-04-05 22:58:17.493 [Test worker] TRACE org.hibernate.orm.jdbc.bind - binding parameter (2:TIMESTAMP_UTC) <- [2026-04-05T13:58:17.482933300Z]
26-04-05 22:58:17.493 [Test worker] TRACE org.hibernate.orm.jdbc.bind - binding parameter (3:TIMESTAMP_UTC) <- [2026-04-05T13:58:17.482933300Z]
26-04-05 22:58:17.493 [Test worker] TRACE org.hibernate.orm.jdbc.bind - binding parameter (4:UUID) <- [a9487659-6aab-4538-aada-4189654aab21]
26-04-05 22:58:17.493 [Test worker] TRACE org.hibernate.orm.jdbc.bind - binding parameter (5:UUID) <- [06351afc-6205-4cbe-9e1d-9c05ad14df9f]
26-04-05 22:58:17.493 [Test worker] DEBUG org.hibernate.SQL - 
    insert 
    into
        messages
        (author_id, channel_id, content, created_at, updated_at, id) 
    values
        (?, ?, ?, ?, ?, ?)
26-04-05 22:58:17.495 [Test worker] TRACE org.hibernate.orm.jdbc.bind - binding parameter (1:UUID) <- [a9487659-6aab-4538-aada-4189654aab21]
26-04-05 22:58:17.495 [Test worker] TRACE org.hibernate.orm.jdbc.bind - binding parameter (2:UUID) <- [dbdb597e-dd51-4e08-8f29-69113669abd2]
26-04-05 22:58:17.495 [Test worker] TRACE org.hibernate.orm.jdbc.bind - binding parameter (3:VARCHAR) <- [안녕하세요]
26-04-05 22:58:17.495 [Test worker] TRACE org.hibernate.orm.jdbc.bind - binding parameter (4:TIMESTAMP_UTC) <- [2026-04-05T13:58:17.482933300Z]
26-04-05 22:58:17.496 [Test worker] TRACE org.hibernate.orm.jdbc.bind - binding parameter (5:TIMESTAMP_UTC) <- [2026-04-05T13:58:17.482933300Z]
26-04-05 22:58:17.496 [Test worker] TRACE org.hibernate.orm.jdbc.bind - binding parameter (6:UUID) <- [dff240d0-834b-49ad-9015-02631c793672]
26-04-05 22:58:17.497 [Test worker] DEBUG org.hibernate.SQL - 
    select
        m1_0.id,
        a1_0.id,
        a1_0.created_at,
        a1_0.email,
        a1_0.password,
        p1_0.id,
        p1_0.content_type,
        p1_0.created_at,
        p1_0.file_name,
        p1_0.size,
        s1_0.id,
        s1_0.created_at,
        s1_0.last_active_at,
        s1_0.updated_at,
        s1_0.user_id,
        a1_0.updated_at,
        a1_0.username,
        m1_0.channel_id,
        m1_0.content,
        m1_0.created_at,
        m1_0.updated_at 
    from
        messages m1_0 
    left join
        users a1_0 
            on a1_0.id=m1_0.author_id 
    join
        user_statuses s1_0 
            on a1_0.id=s1_0.user_id 
    left join
        binary_contents p1_0 
            on p1_0.id=a1_0.profile_id 
    where
        m1_0.channel_id=? 
        and m1_0.created_at<? 
    order by
        m1_0.created_at desc 
    fetch
        first ? rows only
26-04-05 22:58:17.499 [Test worker] TRACE org.hibernate.orm.jdbc.bind - binding parameter (1:UUID) <- [dbdb597e-dd51-4e08-8f29-69113669abd2]
26-04-05 22:58:17.499 [Test worker] TRACE org.hibernate.orm.jdbc.bind - binding parameter (2:TIMESTAMP_UTC) <- [2026-04-05T13:58:07.483932Z]
26-04-05 22:58:17.499 [Test worker] TRACE org.hibernate.orm.jdbc.bind - binding parameter (3:INTEGER) <- [11]
26-04-05 22:58:17.501 [Test worker] DEBUG o.springframework.test.context.cache - Spring test ApplicationContext cache statistics: [DefaultContextCache@572c50b6 size = 1, maxSize = 32, parentContextCount = 0, hitCount = 63, missCount = 1, failureCount = 0]
26-04-05 22:58:17.502 [Test worker] DEBUG o.springframework.test.context.cache - Spring test ApplicationContext cache statistics: [DefaultContextCache@572c50b6 size = 1, maxSize = 32, parentContextCount = 0, hitCount = 64, missCount = 1, failureCount = 0]
26-04-05 22:58:17.502 [Test worker] DEBUG o.springframework.test.context.cache - Spring test ApplicationContext cache statistics: [DefaultContextCache@572c50b6 size = 1, maxSize = 32, parentContextCount = 0, hitCount = 65, missCount = 1, failureCount = 0]
26-04-05 22:58:17.503 [Test worker] DEBUG o.springframework.test.context.cache - Spring test ApplicationContext cache statistics: [DefaultContextCache@572c50b6 size = 1, maxSize = 32, parentContextCount = 0, hitCount = 66, missCount = 1, failureCount = 0]
26-04-05 22:58:17.503 [Test worker] DEBUG o.springframework.test.context.cache - Spring test ApplicationContext cache statistics: [DefaultContextCache@572c50b6 size = 1, maxSize = 32, parentContextCount = 0, hitCount = 67, missCount = 1, failureCount = 0]
26-04-05 22:58:17.504 [Test worker] DEBUG o.springframework.test.context.cache - Spring test ApplicationContext cache statistics: [DefaultContextCache@572c50b6 size = 1, maxSize = 32, parentContextCount = 0, hitCount = 68, missCount = 1, failureCount = 0]
26-04-05 22:58:17.504 [Test worker] DEBUG o.springframework.test.context.cache - Spring test ApplicationContext cache statistics: [DefaultContextCache@572c50b6 size = 1, maxSize = 32, parentContextCount = 0, hitCount = 69, missCount = 1, failureCount = 0]
26-04-05 22:58:17.507 [Test worker] DEBUG o.s.t.c.t.TransactionContext - Rolled back transaction (1) for test class [com.sprint.mission.discodeit.repository.MessageRepositoryTest]; test method [findAllByChannelIdWithAuthor_empty]
26-04-05 22:58:17.507 [Test worker] DEBUG o.s.t.c.s.DirtiesContextTestExecutionListener - After test method: class [MessageRepositoryTest], method [findAllByChannelIdWithAuthor_empty], class annotated with @DirtiesContext [false] with mode [null], method annotated with @DirtiesContext [false] with mode [null]
26-04-05 22:58:17.510 [Test worker] DEBUG o.springframework.test.context.cache - Spring test ApplicationContext cache statistics: [DefaultContextCache@572c50b6 size = 1, maxSize = 32, parentContextCount = 0, hitCount = 70, missCount = 1, failureCount = 0]
26-04-05 22:58:17.510 [Test worker] DEBUG o.springframework.test.context.cache - Spring test ApplicationContext cache statistics: [DefaultContextCache@572c50b6 size = 1, maxSize = 32, parentContextCount = 0, hitCount = 71, missCount = 1, failureCount = 0]
26-04-05 22:58:17.510 [Test worker] DEBUG o.s.t.c.s.DirtiesContextTestExecutionListener - After test class: class [MessageRepositoryTest], class annotated with @DirtiesContext [false] with mode [null]
26-04-05 22:58:17.523 [SpringApplicationShutdownHook] INFO  o.s.o.j.LocalContainerEntityManagerFactoryBean - Closing JPA EntityManagerFactory for persistence unit 'default'
26-04-05 23:15:10.279 [background-preinit] INFO  o.h.validator.internal.util.Version - HV000001: Hibernate Validator 8.0.1.Final
26-04-05 23:15:10.347 [Test worker] INFO  c.s.m.d.c.UserControllerTest - Starting UserControllerTest using Java 17.0.0.1 with PID 16876 (started by User in C:\Users\User\IdeaProjects\temp\9-sprint-mission)
26-04-05 23:15:10.349 [Test worker] INFO  c.s.m.d.c.UserControllerTest - No active profile set, falling back to 1 default profile: "default"
26-04-05 23:15:13.680 [Test worker] INFO  o.s.b.a.w.s.WelcomePageHandlerMapping - Adding welcome page: class path resource [static/index.html]
26-04-05 23:15:14.617 [Test worker] INFO  o.s.b.t.m.w.SpringBootMockServletContext - Initializing Spring TestDispatcherServlet ''
26-04-05 23:15:14.617 [Test worker] INFO  o.s.t.w.s.TestDispatcherServlet - Initializing Servlet ''
26-04-05 23:15:14.623 [Test worker] INFO  o.s.t.w.s.TestDispatcherServlet - Completed initialization in 3 ms
26-04-05 23:15:14.681 [Test worker] INFO  c.s.m.d.c.UserControllerTest - Started UserControllerTest in 4.976 seconds (process running for 6.445)
26-04-05 23:15:15.357 [Test worker] WARN  o.s.w.s.m.m.a.ExceptionHandlerExceptionResolver - Failure in @ExceptionHandler com.sprint.mission.discodeit.exception.GlobalExceptionHandler#handleMethodArgumentNotValidException(MethodArgumentNotValidException, HttpServletRequest)
java.lang.IllegalStateException: Duplicate key username (attempted merging values 유저명은 2자 이상 20자 이하여야 합니다 and 유저명은 필수입니다)
	at java.base/java.util.stream.Collectors.duplicateKeyException(Collectors.java:135)
	at java.base/java.util.stream.Collectors.lambda$uniqKeysMapAccumulator$1(Collectors.java:182)
	at java.base/java.util.stream.ReduceOps$3ReducingSink.accept(ReduceOps.java:169)
	at java.base/java.util.ArrayList$ArrayListSpliterator.forEachRemaining(ArrayList.java:1625)
	at java.base/java.util.stream.AbstractPipeline.copyInto(AbstractPipeline.java:509)
	at java.base/java.util.stream.AbstractPipeline.wrapAndCopyInto(AbstractPipeline.java:499)
	at java.base/java.util.stream.ReduceOps$ReduceOp.evaluateSequential(ReduceOps.java:921)
	at java.base/java.util.stream.AbstractPipeline.evaluate(AbstractPipeline.java:234)
	at java.base/java.util.stream.ReferencePipeline.collect(ReferencePipeline.java:682)
	at com.sprint.mission.discodeit.exception.GlobalExceptionHandler.handleMethodArgumentNotValidException(GlobalExceptionHandler.java:59)
	at java.base/jdk.internal.reflect.NativeMethodAccessorImpl.invoke0(Native Method)
	at java.base/jdk.internal.reflect.NativeMethodAccessorImpl.invoke(NativeMethodAccessorImpl.java:77)
	at java.base/jdk.internal.reflect.DelegatingMethodAccessorImpl.invoke(DelegatingMethodAccessorImpl.java:43)
	at java.base/java.lang.reflect.Method.invoke(Method.java:568)
	at org.springframework.web.method.support.InvocableHandlerMethod.doInvoke(InvocableHandlerMethod.java:255)
	at org.springframework.web.method.support.InvocableHandlerMethod.invokeForRequest(InvocableHandlerMethod.java:188)
	at org.springframework.web.servlet.mvc.method.annotation.ServletInvocableHandlerMethod.invokeAndHandle(ServletInvocableHandlerMethod.java:118)
	at org.springframework.web.servlet.mvc.method.annotation.ExceptionHandlerExceptionResolver.doResolveHandlerMethodException(ExceptionHandlerExceptionResolver.java:471)
	at org.springframework.web.servlet.handler.AbstractHandlerMethodExceptionResolver.doResolveException(AbstractHandlerMethodExceptionResolver.java:73)
	at org.springframework.web.servlet.handler.AbstractHandlerExceptionResolver.resolveException(AbstractHandlerExceptionResolver.java:182)
	at org.springframework.web.servlet.handler.HandlerExceptionResolverComposite.resolveException(HandlerExceptionResolverComposite.java:80)
	at org.springframework.web.servlet.DispatcherServlet.processHandlerException(DispatcherServlet.java:1357)
	at org.springframework.test.web.servlet.TestDispatcherServlet.processHandlerException(TestDispatcherServlet.java:146)
	at org.springframework.web.servlet.DispatcherServlet.processDispatchResult(DispatcherServlet.java:1160)
	at org.springframework.web.servlet.DispatcherServlet.doDispatch(DispatcherServlet.java:1105)
	at org.springframework.web.servlet.DispatcherServlet.doService(DispatcherServlet.java:978)
	at org.springframework.web.servlet.FrameworkServlet.processRequest(FrameworkServlet.java:1014)
	at org.springframework.web.servlet.FrameworkServlet.doPost(FrameworkServlet.java:914)
	at jakarta.servlet.http.HttpServlet.service(HttpServlet.java:590)
	at org.springframework.web.servlet.FrameworkServlet.service(FrameworkServlet.java:885)
	at org.springframework.test.web.servlet.TestDispatcherServlet.service(TestDispatcherServlet.java:72)
	at jakarta.servlet.http.HttpServlet.service(HttpServlet.java:658)
	at org.springframework.mock.web.MockFilterChain$ServletFilterProxy.doFilter(MockFilterChain.java:165)
	at org.springframework.mock.web.MockFilterChain.doFilter(MockFilterChain.java:132)
	at org.springframework.web.filter.RequestContextFilter.doFilterInternal(RequestContextFilter.java:100)
	at org.springframework.web.filter.OncePerRequestFilter.doFilter(OncePerRequestFilter.java:116)
	at org.springframework.test.web.servlet.setup.MockMvcFilterDecorator.doFilter(MockMvcFilterDecorator.java:162)
	at org.springframework.mock.web.MockFilterChain.doFilter(MockFilterChain.java:132)
	at org.springframework.web.filter.FormContentFilter.doFilterInternal(FormContentFilter.java:93)
	at org.springframework.web.filter.OncePerRequestFilter.doFilter(OncePerRequestFilter.java:116)
	at org.springframework.test.web.servlet.setup.MockMvcFilterDecorator.doFilter(MockMvcFilterDecorator.java:162)
	at org.springframework.mock.web.MockFilterChain.doFilter(MockFilterChain.java:132)
	at org.springframework.web.filter.CharacterEncodingFilter.doFilterInternal(CharacterEncodingFilter.java:201)
	at org.springframework.web.filter.OncePerRequestFilter.doFilter(OncePerRequestFilter.java:116)
	at org.springframework.test.web.servlet.setup.MockMvcFilterDecorator.doFilter(MockMvcFilterDecorator.java:162)
	at org.springframework.mock.web.MockFilterChain.doFilter(MockFilterChain.java:132)
	at org.springframework.test.web.servlet.MockMvc.perform(MockMvc.java:201)
	at com.sprint.mission.discodeit.controller.UserControllerTest.create_fail_validation(UserControllerTest.java:104)
	at java.base/jdk.internal.reflect.NativeMethodAccessorImpl.invoke0(Native Method)
	at java.base/jdk.internal.reflect.NativeMethodAccessorImpl.invoke(NativeMethodAccessorImpl.java:77)
	at java.base/jdk.internal.reflect.DelegatingMethodAccessorImpl.invoke(DelegatingMethodAccessorImpl.java:43)
	at java.base/java.lang.reflect.Method.invoke(Method.java:568)
	at org.junit.platform.commons.util.ReflectionUtils.invokeMethod(ReflectionUtils.java:767)
	at org.junit.jupiter.engine.execution.MethodInvocation.proceed(MethodInvocation.java:60)
	at org.junit.jupiter.engine.execution.InvocationInterceptorChain$ValidatingInvocation.proceed(InvocationInterceptorChain.java:131)
	at org.junit.jupiter.engine.extension.TimeoutExtension.intercept(TimeoutExtension.java:156)
	at org.junit.jupiter.engine.extension.TimeoutExtension.interceptTestableMethod(TimeoutExtension.java:147)
	at org.junit.jupiter.engine.extension.TimeoutExtension.interceptTestMethod(TimeoutExtension.java:86)
	at org.junit.jupiter.engine.execution.InterceptingExecutableInvoker$ReflectiveInterceptorCall.lambda$ofVoidMethod$0(InterceptingExecutableInvoker.java:103)
	at org.junit.jupiter.engine.execution.InterceptingExecutableInvoker.lambda$invoke$0(InterceptingExecutableInvoker.java:93)
	at org.junit.jupiter.engine.execution.InvocationInterceptorChain$InterceptedInvocation.proceed(InvocationInterceptorChain.java:106)
	at org.junit.jupiter.engine.execution.InvocationInterceptorChain.proceed(InvocationInterceptorChain.java:64)
	at org.junit.jupiter.engine.execution.InvocationInterceptorChain.chainAndInvoke(InvocationInterceptorChain.java:45)
	at org.junit.jupiter.engine.execution.InvocationInterceptorChain.invoke(InvocationInterceptorChain.java:37)
	at org.junit.jupiter.engine.execution.InterceptingExecutableInvoker.invoke(InterceptingExecutableInvoker.java:92)
	at org.junit.jupiter.engine.execution.InterceptingExecutableInvoker.invoke(InterceptingExecutableInvoker.java:86)
	at org.junit.jupiter.engine.descriptor.TestMethodTestDescriptor.lambda$invokeTestMethod$8(TestMethodTestDescriptor.java:217)
	at org.junit.platform.engine.support.hierarchical.ThrowableCollector.execute(ThrowableCollector.java:73)
	at org.junit.jupiter.engine.descriptor.TestMethodTestDescriptor.invokeTestMethod(TestMethodTestDescriptor.java:213)
	at org.junit.jupiter.engine.descriptor.TestMethodTestDescriptor.execute(TestMethodTestDescriptor.java:138)
	at org.junit.jupiter.engine.descriptor.TestMethodTestDescriptor.execute(TestMethodTestDescriptor.java:68)
	at org.junit.platform.engine.support.hierarchical.NodeTestTask.lambda$executeRecursively$6(NodeTestTask.java:156)
	at org.junit.platform.engine.support.hierarchical.ThrowableCollector.execute(ThrowableCollector.java:73)
	at org.junit.platform.engine.support.hierarchical.NodeTestTask.lambda$executeRecursively$8(NodeTestTask.java:146)
	at org.junit.platform.engine.support.hierarchical.Node.around(Node.java:137)
	at org.junit.platform.engine.support.hierarchical.NodeTestTask.lambda$executeRecursively$9(NodeTestTask.java:144)
	at org.junit.platform.engine.support.hierarchical.ThrowableCollector.execute(ThrowableCollector.java:73)
	at org.junit.platform.engine.support.hierarchical.NodeTestTask.executeRecursively(NodeTestTask.java:143)
	at org.junit.platform.engine.support.hierarchical.NodeTestTask.execute(NodeTestTask.java:100)
	at java.base/java.util.ArrayList.forEach(ArrayList.java:1511)
	at org.junit.platform.engine.support.hierarchical.SameThreadHierarchicalTestExecutorService.invokeAll(SameThreadHierarchicalTestExecutorService.java:41)
	at org.junit.platform.engine.support.hierarchical.NodeTestTask.lambda$executeRecursively$6(NodeTestTask.java:160)
	at org.junit.platform.engine.support.hierarchical.ThrowableCollector.execute(ThrowableCollector.java:73)
	at org.junit.platform.engine.support.hierarchical.NodeTestTask.lambda$executeRecursively$8(NodeTestTask.java:146)
	at org.junit.platform.engine.support.hierarchical.Node.around(Node.java:137)
	at org.junit.platform.engine.support.hierarchical.NodeTestTask.lambda$executeRecursively$9(NodeTestTask.java:144)
	at org.junit.platform.engine.support.hierarchical.ThrowableCollector.execute(ThrowableCollector.java:73)
	at org.junit.platform.engine.support.hierarchical.NodeTestTask.executeRecursively(NodeTestTask.java:143)
	at org.junit.platform.engine.support.hierarchical.NodeTestTask.execute(NodeTestTask.java:100)
	at java.base/java.util.ArrayList.forEach(ArrayList.java:1511)
	at org.junit.platform.engine.support.hierarchical.SameThreadHierarchicalTestExecutorService.invokeAll(SameThreadHierarchicalTestExecutorService.java:41)
	at org.junit.platform.engine.support.hierarchical.NodeTestTask.lambda$executeRecursively$6(NodeTestTask.java:160)
	at org.junit.platform.engine.support.hierarchical.ThrowableCollector.execute(ThrowableCollector.java:73)
	at org.junit.platform.engine.support.hierarchical.NodeTestTask.lambda$executeRecursively$8(NodeTestTask.java:146)
	at org.junit.platform.engine.support.hierarchical.Node.around(Node.java:137)
	at org.junit.platform.engine.support.hierarchical.NodeTestTask.lambda$executeRecursively$9(NodeTestTask.java:144)
	at org.junit.platform.engine.support.hierarchical.ThrowableCollector.execute(ThrowableCollector.java:73)
	at org.junit.platform.engine.support.hierarchical.NodeTestTask.executeRecursively(NodeTestTask.java:143)
	at org.junit.platform.engine.support.hierarchical.NodeTestTask.execute(NodeTestTask.java:100)
	at org.junit.platform.engine.support.hierarchical.SameThreadHierarchicalTestExecutorService.submit(SameThreadHierarchicalTestExecutorService.java:35)
	at org.junit.platform.engine.support.hierarchical.HierarchicalTestExecutor.execute(HierarchicalTestExecutor.java:57)
	at org.junit.platform.engine.support.hierarchical.HierarchicalTestEngine.execute(HierarchicalTestEngine.java:54)
	at org.junit.platform.launcher.core.EngineExecutionOrchestrator.execute(EngineExecutionOrchestrator.java:198)
	at org.junit.platform.launcher.core.EngineExecutionOrchestrator.execute(EngineExecutionOrchestrator.java:169)
	at org.junit.platform.launcher.core.EngineExecutionOrchestrator.execute(EngineExecutionOrchestrator.java:93)
	at org.junit.platform.launcher.core.EngineExecutionOrchestrator.lambda$execute$0(EngineExecutionOrchestrator.java:58)
	at org.junit.platform.launcher.core.EngineExecutionOrchestrator.withInterceptedStreams(EngineExecutionOrchestrator.java:141)
	at org.junit.platform.launcher.core.EngineExecutionOrchestrator.execute(EngineExecutionOrchestrator.java:57)
	at org.junit.platform.launcher.core.DefaultLauncher.execute(DefaultLauncher.java:103)
	at org.junit.platform.launcher.core.DefaultLauncher.execute(DefaultLauncher.java:85)
	at org.junit.platform.launcher.core.DelegatingLauncher.execute(DelegatingLauncher.java:47)
	at org.gradle.api.internal.tasks.testing.junitplatform.JUnitPlatformTestClassProcessor$CollectAllTestClassesExecutor.processAllTestClasses(JUnitPlatformTestClassProcessor.java:135)
	at org.gradle.api.internal.tasks.testing.junitplatform.JUnitPlatformTestClassProcessor$CollectAllTestClassesExecutor.access$000(JUnitPlatformTestClassProcessor.java:110)
	at org.gradle.api.internal.tasks.testing.junitplatform.JUnitPlatformTestClassProcessor.stop(JUnitPlatformTestClassProcessor.java:104)
	at org.gradle.api.internal.tasks.testing.SuiteTestClassProcessor.stop(SuiteTestClassProcessor.java:64)
	at java.base/jdk.internal.reflect.NativeMethodAccessorImpl.invoke0(Native Method)
	at java.base/jdk.internal.reflect.NativeMethodAccessorImpl.invoke(NativeMethodAccessorImpl.java:77)
	at java.base/jdk.internal.reflect.DelegatingMethodAccessorImpl.invoke(DelegatingMethodAccessorImpl.java:43)
	at java.base/java.lang.reflect.Method.invoke(Method.java:568)
	at org.gradle.internal.dispatch.ReflectionDispatch.dispatch(ReflectionDispatch.java:36)
	at org.gradle.internal.dispatch.ReflectionDispatch.dispatch(ReflectionDispatch.java:24)
	at org.gradle.internal.dispatch.ContextClassLoaderDispatch.dispatch(ContextClassLoaderDispatch.java:33)
	at org.gradle.internal.dispatch.ProxyDispatchAdapter$DispatchingInvocationHandler.invoke(ProxyDispatchAdapter.java:92)
	at jdk.proxy1/jdk.proxy1.$Proxy4.stop(Unknown Source)
	at org.gradle.api.internal.tasks.testing.worker.TestWorker$3.run(TestWorker.java:200)
	at org.gradle.api.internal.tasks.testing.worker.TestWorker.executeAndMaintainThreadName(TestWorker.java:132)
	at org.gradle.api.internal.tasks.testing.worker.TestWorker.execute(TestWorker.java:103)
	at org.gradle.api.internal.tasks.testing.worker.TestWorker.execute(TestWorker.java:63)
	at org.gradle.process.internal.worker.child.ActionExecutionWorker.execute(ActionExecutionWorker.java:56)
	at org.gradle.process.internal.worker.child.SystemApplicationClassLoaderWorker.call(SystemApplicationClassLoaderWorker.java:122)
	at org.gradle.process.internal.worker.child.SystemApplicationClassLoaderWorker.call(SystemApplicationClassLoaderWorker.java:72)
	at worker.org.gradle.process.internal.worker.GradleWorkerMain.run(GradleWorkerMain.java:69)
	at worker.org.gradle.process.internal.worker.GradleWorkerMain.main(GradleWorkerMain.java:74)
26-04-05 23:15:15.389 [Test worker] WARN  o.s.w.s.m.s.DefaultHandlerExceptionResolver - Resolved [org.springframework.web.bind.MethodArgumentNotValidException: Validation failed for argument [0] in public org.springframework.http.ResponseEntity<com.sprint.mission.discodeit.dto.data.UserDto> com.sprint.mission.discodeit.controller.UserController.create(com.sprint.mission.discodeit.dto.request.UserCreateRequest,org.springframework.web.multipart.MultipartFile) with 5 errors: [Field error in object 'userCreateRequest' on field 'username': rejected value []; codes [Size.userCreateRequest.username,Size.username,Size.java.lang.String,Size]; arguments [org.springframework.context.support.DefaultMessageSourceResolvable: codes [userCreateRequest.username,username]; arguments []; default message [username],20,2]; default message [유저명은 2자 이상 20자 이하여야 합니다]] [Field error in object 'userCreateRequest' on field 'password': rejected value []; codes [NotBlank.userCreateRequest.password,NotBlank.password,NotBlank.java.lang.String,NotBlank]; arguments [org.springframework.context.support.DefaultMessageSourceResolvable: codes [userCreateRequest.password,password]; arguments []; default message [password]]; default message [비밀번호는 필수입니다]] [Field error in object 'userCreateRequest' on field 'username': rejected value []; codes [NotBlank.userCreateRequest.username,NotBlank.username,NotBlank.java.lang.String,NotBlank]; arguments [org.springframework.context.support.DefaultMessageSourceResolvable: codes [userCreateRequest.username,username]; arguments []; default message [username]]; default message [유저명은 필수입니다]] [Field error in object 'userCreateRequest' on field 'email': rejected value []; codes [NotBlank.userCreateRequest.email,NotBlank.email,NotBlank.java.lang.String,NotBlank]; arguments [org.springframework.context.support.DefaultMessageSourceResolvable: codes [userCreateRequest.email,email]; arguments []; default message [email]]; default message [이메일은 필수입니다]] [Field error in object 'userCreateRequest' on field 'password': rejected value []; codes [Size.userCreateRequest.password,Size.password,Size.java.lang.String,Size]; arguments [org.springframework.context.support.DefaultMessageSourceResolvable: codes [userCreateRequest.password,password]; arguments []; default message [password],2147483647,8]; default message [비밀번호는 8자 이상이어야 합니다]] ]
26-04-05 23:15:15.438 [Test worker] WARN  c.s.m.d.e.GlobalExceptionHandler - DiscodeitException 발생: code=USER_NOT_FOUND, path=/api/users/7138cd98-5f6a-442e-b626-d89f77de2c7a
26-04-05 23:16:14.650 [background-preinit] INFO  o.h.validator.internal.util.Version - HV000001: Hibernate Validator 8.0.1.Final
26-04-05 23:16:14.721 [Test worker] INFO  c.s.m.d.c.ChannelControllerTest - Starting ChannelControllerTest using Java 17.0.0.1 with PID 2004 (started by User in C:\Users\User\IdeaProjects\temp\9-sprint-mission)
26-04-05 23:16:14.723 [Test worker] INFO  c.s.m.d.c.ChannelControllerTest - No active profile set, falling back to 1 default profile: "default"
26-04-05 23:16:17.333 [Test worker] INFO  o.s.b.a.w.s.WelcomePageHandlerMapping - Adding welcome page: class path resource [static/index.html]
26-04-05 23:16:18.197 [Test worker] INFO  o.s.b.t.m.w.SpringBootMockServletContext - Initializing Spring TestDispatcherServlet ''
26-04-05 23:16:18.198 [Test worker] INFO  o.s.t.w.s.TestDispatcherServlet - Initializing Servlet ''
26-04-05 23:16:18.201 [Test worker] INFO  o.s.t.w.s.TestDispatcherServlet - Completed initialization in 2 ms
26-04-05 23:16:18.242 [Test worker] INFO  c.s.m.d.c.ChannelControllerTest - Started ChannelControllerTest in 4.128 seconds (process running for 5.602)
26-04-05 23:16:18.899 [Test worker] WARN  c.s.m.d.e.GlobalExceptionHandler - DiscodeitException 발생: code=CHANNEL_NOT_FOUND, path=/api/channels/2a38acb0-c13a-45b8-99ba-9f2b16ccd285
26-04-05 23:16:18.932 [Test worker] WARN  c.s.m.d.e.GlobalExceptionHandler - DiscodeitException 발생: code=CHANNEL_NOT_FOUND, path=/api/channels/10827ead-f394-486d-b525-204d59feb910
26-04-05 23:16:18.948 [Test worker] WARN  o.s.w.s.m.m.a.ExceptionHandlerExceptionResolver - Failure in @ExceptionHandler com.sprint.mission.discodeit.exception.GlobalExceptionHandler#handleMethodArgumentNotValidException(MethodArgumentNotValidException, HttpServletRequest)
java.lang.IllegalStateException: Duplicate key name (attempted merging values 채널명은 2자 이상 50자 이하여야 합니다 and 채널명은 필수입니다)
	at java.base/java.util.stream.Collectors.duplicateKeyException(Collectors.java:135)
	at java.base/java.util.stream.Collectors.lambda$uniqKeysMapAccumulator$1(Collectors.java:182)
	at java.base/java.util.stream.ReduceOps$3ReducingSink.accept(ReduceOps.java:169)
	at java.base/java.util.ArrayList$ArrayListSpliterator.forEachRemaining(ArrayList.java:1625)
	at java.base/java.util.stream.AbstractPipeline.copyInto(AbstractPipeline.java:509)
	at java.base/java.util.stream.AbstractPipeline.wrapAndCopyInto(AbstractPipeline.java:499)
	at java.base/java.util.stream.ReduceOps$ReduceOp.evaluateSequential(ReduceOps.java:921)
	at java.base/java.util.stream.AbstractPipeline.evaluate(AbstractPipeline.java:234)
	at java.base/java.util.stream.ReferencePipeline.collect(ReferencePipeline.java:682)
	at com.sprint.mission.discodeit.exception.GlobalExceptionHandler.handleMethodArgumentNotValidException(GlobalExceptionHandler.java:59)
	at java.base/jdk.internal.reflect.NativeMethodAccessorImpl.invoke0(Native Method)
	at java.base/jdk.internal.reflect.NativeMethodAccessorImpl.invoke(NativeMethodAccessorImpl.java:77)
	at java.base/jdk.internal.reflect.DelegatingMethodAccessorImpl.invoke(DelegatingMethodAccessorImpl.java:43)
	at java.base/java.lang.reflect.Method.invoke(Method.java:568)
	at org.springframework.web.method.support.InvocableHandlerMethod.doInvoke(InvocableHandlerMethod.java:255)
	at org.springframework.web.method.support.InvocableHandlerMethod.invokeForRequest(InvocableHandlerMethod.java:188)
	at org.springframework.web.servlet.mvc.method.annotation.ServletInvocableHandlerMethod.invokeAndHandle(ServletInvocableHandlerMethod.java:118)
	at org.springframework.web.servlet.mvc.method.annotation.ExceptionHandlerExceptionResolver.doResolveHandlerMethodException(ExceptionHandlerExceptionResolver.java:471)
	at org.springframework.web.servlet.handler.AbstractHandlerMethodExceptionResolver.doResolveException(AbstractHandlerMethodExceptionResolver.java:73)
	at org.springframework.web.servlet.handler.AbstractHandlerExceptionResolver.resolveException(AbstractHandlerExceptionResolver.java:182)
	at org.springframework.web.servlet.handler.HandlerExceptionResolverComposite.resolveException(HandlerExceptionResolverComposite.java:80)
	at org.springframework.web.servlet.DispatcherServlet.processHandlerException(DispatcherServlet.java:1357)
	at org.springframework.test.web.servlet.TestDispatcherServlet.processHandlerException(TestDispatcherServlet.java:146)
	at org.springframework.web.servlet.DispatcherServlet.processDispatchResult(DispatcherServlet.java:1160)
	at org.springframework.web.servlet.DispatcherServlet.doDispatch(DispatcherServlet.java:1105)
	at org.springframework.web.servlet.DispatcherServlet.doService(DispatcherServlet.java:978)
	at org.springframework.web.servlet.FrameworkServlet.processRequest(FrameworkServlet.java:1014)
	at org.springframework.web.servlet.FrameworkServlet.doPost(FrameworkServlet.java:914)
	at jakarta.servlet.http.HttpServlet.service(HttpServlet.java:590)
	at org.springframework.web.servlet.FrameworkServlet.service(FrameworkServlet.java:885)
	at org.springframework.test.web.servlet.TestDispatcherServlet.service(TestDispatcherServlet.java:72)
	at jakarta.servlet.http.HttpServlet.service(HttpServlet.java:658)
	at org.springframework.mock.web.MockFilterChain$ServletFilterProxy.doFilter(MockFilterChain.java:165)
	at org.springframework.mock.web.MockFilterChain.doFilter(MockFilterChain.java:132)
	at org.springframework.web.filter.RequestContextFilter.doFilterInternal(RequestContextFilter.java:100)
	at org.springframework.web.filter.OncePerRequestFilter.doFilter(OncePerRequestFilter.java:116)
	at org.springframework.test.web.servlet.setup.MockMvcFilterDecorator.doFilter(MockMvcFilterDecorator.java:162)
	at org.springframework.mock.web.MockFilterChain.doFilter(MockFilterChain.java:132)
	at org.springframework.web.filter.FormContentFilter.doFilterInternal(FormContentFilter.java:93)
	at org.springframework.web.filter.OncePerRequestFilter.doFilter(OncePerRequestFilter.java:116)
	at org.springframework.test.web.servlet.setup.MockMvcFilterDecorator.doFilter(MockMvcFilterDecorator.java:162)
	at org.springframework.mock.web.MockFilterChain.doFilter(MockFilterChain.java:132)
	at org.springframework.web.filter.CharacterEncodingFilter.doFilterInternal(CharacterEncodingFilter.java:201)
	at org.springframework.web.filter.OncePerRequestFilter.doFilter(OncePerRequestFilter.java:116)
	at org.springframework.test.web.servlet.setup.MockMvcFilterDecorator.doFilter(MockMvcFilterDecorator.java:162)
	at org.springframework.mock.web.MockFilterChain.doFilter(MockFilterChain.java:132)
	at org.springframework.test.web.servlet.MockMvc.perform(MockMvc.java:201)
	at com.sprint.mission.discodeit.controller.ChannelControllerTest.createPublic_fail_validation(ChannelControllerTest.java:59)
	at java.base/jdk.internal.reflect.NativeMethodAccessorImpl.invoke0(Native Method)
	at java.base/jdk.internal.reflect.NativeMethodAccessorImpl.invoke(NativeMethodAccessorImpl.java:77)
	at java.base/jdk.internal.reflect.DelegatingMethodAccessorImpl.invoke(DelegatingMethodAccessorImpl.java:43)
	at java.base/java.lang.reflect.Method.invoke(Method.java:568)
	at org.junit.platform.commons.util.ReflectionUtils.invokeMethod(ReflectionUtils.java:767)
	at org.junit.jupiter.engine.execution.MethodInvocation.proceed(MethodInvocation.java:60)
	at org.junit.jupiter.engine.execution.InvocationInterceptorChain$ValidatingInvocation.proceed(InvocationInterceptorChain.java:131)
	at org.junit.jupiter.engine.extension.TimeoutExtension.intercept(TimeoutExtension.java:156)
	at org.junit.jupiter.engine.extension.TimeoutExtension.interceptTestableMethod(TimeoutExtension.java:147)
	at org.junit.jupiter.engine.extension.TimeoutExtension.interceptTestMethod(TimeoutExtension.java:86)
	at org.junit.jupiter.engine.execution.InterceptingExecutableInvoker$ReflectiveInterceptorCall.lambda$ofVoidMethod$0(InterceptingExecutableInvoker.java:103)
	at org.junit.jupiter.engine.execution.InterceptingExecutableInvoker.lambda$invoke$0(InterceptingExecutableInvoker.java:93)
	at org.junit.jupiter.engine.execution.InvocationInterceptorChain$InterceptedInvocation.proceed(InvocationInterceptorChain.java:106)
	at org.junit.jupiter.engine.execution.InvocationInterceptorChain.proceed(InvocationInterceptorChain.java:64)
	at org.junit.jupiter.engine.execution.InvocationInterceptorChain.chainAndInvoke(InvocationInterceptorChain.java:45)
	at org.junit.jupiter.engine.execution.InvocationInterceptorChain.invoke(InvocationInterceptorChain.java:37)
	at org.junit.jupiter.engine.execution.InterceptingExecutableInvoker.invoke(InterceptingExecutableInvoker.java:92)
	at org.junit.jupiter.engine.execution.InterceptingExecutableInvoker.invoke(InterceptingExecutableInvoker.java:86)
	at org.junit.jupiter.engine.descriptor.TestMethodTestDescriptor.lambda$invokeTestMethod$8(TestMethodTestDescriptor.java:217)
	at org.junit.platform.engine.support.hierarchical.ThrowableCollector.execute(ThrowableCollector.java:73)
	at org.junit.jupiter.engine.descriptor.TestMethodTestDescriptor.invokeTestMethod(TestMethodTestDescriptor.java:213)
	at org.junit.jupiter.engine.descriptor.TestMethodTestDescriptor.execute(TestMethodTestDescriptor.java:138)
	at org.junit.jupiter.engine.descriptor.TestMethodTestDescriptor.execute(TestMethodTestDescriptor.java:68)
	at org.junit.platform.engine.support.hierarchical.NodeTestTask.lambda$executeRecursively$6(NodeTestTask.java:156)
	at org.junit.platform.engine.support.hierarchical.ThrowableCollector.execute(ThrowableCollector.java:73)
	at org.junit.platform.engine.support.hierarchical.NodeTestTask.lambda$executeRecursively$8(NodeTestTask.java:146)
	at org.junit.platform.engine.support.hierarchical.Node.around(Node.java:137)
	at org.junit.platform.engine.support.hierarchical.NodeTestTask.lambda$executeRecursively$9(NodeTestTask.java:144)
	at org.junit.platform.engine.support.hierarchical.ThrowableCollector.execute(ThrowableCollector.java:73)
	at org.junit.platform.engine.support.hierarchical.NodeTestTask.executeRecursively(NodeTestTask.java:143)
	at org.junit.platform.engine.support.hierarchical.NodeTestTask.execute(NodeTestTask.java:100)
	at java.base/java.util.ArrayList.forEach(ArrayList.java:1511)
	at org.junit.platform.engine.support.hierarchical.SameThreadHierarchicalTestExecutorService.invokeAll(SameThreadHierarchicalTestExecutorService.java:41)
	at org.junit.platform.engine.support.hierarchical.NodeTestTask.lambda$executeRecursively$6(NodeTestTask.java:160)
	at org.junit.platform.engine.support.hierarchical.ThrowableCollector.execute(ThrowableCollector.java:73)
	at org.junit.platform.engine.support.hierarchical.NodeTestTask.lambda$executeRecursively$8(NodeTestTask.java:146)
	at org.junit.platform.engine.support.hierarchical.Node.around(Node.java:137)
	at org.junit.platform.engine.support.hierarchical.NodeTestTask.lambda$executeRecursively$9(NodeTestTask.java:144)
	at org.junit.platform.engine.support.hierarchical.ThrowableCollector.execute(ThrowableCollector.java:73)
	at org.junit.platform.engine.support.hierarchical.NodeTestTask.executeRecursively(NodeTestTask.java:143)
	at org.junit.platform.engine.support.hierarchical.NodeTestTask.execute(NodeTestTask.java:100)
	at java.base/java.util.ArrayList.forEach(ArrayList.java:1511)
	at org.junit.platform.engine.support.hierarchical.SameThreadHierarchicalTestExecutorService.invokeAll(SameThreadHierarchicalTestExecutorService.java:41)
	at org.junit.platform.engine.support.hierarchical.NodeTestTask.lambda$executeRecursively$6(NodeTestTask.java:160)
	at org.junit.platform.engine.support.hierarchical.ThrowableCollector.execute(ThrowableCollector.java:73)
	at org.junit.platform.engine.support.hierarchical.NodeTestTask.lambda$executeRecursively$8(NodeTestTask.java:146)
	at org.junit.platform.engine.support.hierarchical.Node.around(Node.java:137)
	at org.junit.platform.engine.support.hierarchical.NodeTestTask.lambda$executeRecursively$9(NodeTestTask.java:144)
	at org.junit.platform.engine.support.hierarchical.ThrowableCollector.execute(ThrowableCollector.java:73)
	at org.junit.platform.engine.support.hierarchical.NodeTestTask.executeRecursively(NodeTestTask.java:143)
	at org.junit.platform.engine.support.hierarchical.NodeTestTask.execute(NodeTestTask.java:100)
	at org.junit.platform.engine.support.hierarchical.SameThreadHierarchicalTestExecutorService.submit(SameThreadHierarchicalTestExecutorService.java:35)
	at org.junit.platform.engine.support.hierarchical.HierarchicalTestExecutor.execute(HierarchicalTestExecutor.java:57)
	at org.junit.platform.engine.support.hierarchical.HierarchicalTestEngine.execute(HierarchicalTestEngine.java:54)
	at org.junit.platform.launcher.core.EngineExecutionOrchestrator.execute(EngineExecutionOrchestrator.java:198)
	at org.junit.platform.launcher.core.EngineExecutionOrchestrator.execute(EngineExecutionOrchestrator.java:169)
	at org.junit.platform.launcher.core.EngineExecutionOrchestrator.execute(EngineExecutionOrchestrator.java:93)
	at org.junit.platform.launcher.core.EngineExecutionOrchestrator.lambda$execute$0(EngineExecutionOrchestrator.java:58)
	at org.junit.platform.launcher.core.EngineExecutionOrchestrator.withInterceptedStreams(EngineExecutionOrchestrator.java:141)
	at org.junit.platform.launcher.core.EngineExecutionOrchestrator.execute(EngineExecutionOrchestrator.java:57)
	at org.junit.platform.launcher.core.DefaultLauncher.execute(DefaultLauncher.java:103)
	at org.junit.platform.launcher.core.DefaultLauncher.execute(DefaultLauncher.java:85)
	at org.junit.platform.launcher.core.DelegatingLauncher.execute(DelegatingLauncher.java:47)
	at org.gradle.api.internal.tasks.testing.junitplatform.JUnitPlatformTestClassProcessor$CollectAllTestClassesExecutor.processAllTestClasses(JUnitPlatformTestClassProcessor.java:135)
	at org.gradle.api.internal.tasks.testing.junitplatform.JUnitPlatformTestClassProcessor$CollectAllTestClassesExecutor.access$000(JUnitPlatformTestClassProcessor.java:110)
	at org.gradle.api.internal.tasks.testing.junitplatform.JUnitPlatformTestClassProcessor.stop(JUnitPlatformTestClassProcessor.java:104)
	at org.gradle.api.internal.tasks.testing.SuiteTestClassProcessor.stop(SuiteTestClassProcessor.java:64)
	at java.base/jdk.internal.reflect.NativeMethodAccessorImpl.invoke0(Native Method)
	at java.base/jdk.internal.reflect.NativeMethodAccessorImpl.invoke(NativeMethodAccessorImpl.java:77)
	at java.base/jdk.internal.reflect.DelegatingMethodAccessorImpl.invoke(DelegatingMethodAccessorImpl.java:43)
	at java.base/java.lang.reflect.Method.invoke(Method.java:568)
	at org.gradle.internal.dispatch.ReflectionDispatch.dispatch(ReflectionDispatch.java:36)
	at org.gradle.internal.dispatch.ReflectionDispatch.dispatch(ReflectionDispatch.java:24)
	at org.gradle.internal.dispatch.ContextClassLoaderDispatch.dispatch(ContextClassLoaderDispatch.java:33)
	at org.gradle.internal.dispatch.ProxyDispatchAdapter$DispatchingInvocationHandler.invoke(ProxyDispatchAdapter.java:92)
	at jdk.proxy1/jdk.proxy1.$Proxy4.stop(Unknown Source)
	at org.gradle.api.internal.tasks.testing.worker.TestWorker$3.run(TestWorker.java:200)
	at org.gradle.api.internal.tasks.testing.worker.TestWorker.executeAndMaintainThreadName(TestWorker.java:132)
	at org.gradle.api.internal.tasks.testing.worker.TestWorker.execute(TestWorker.java:103)
	at org.gradle.api.internal.tasks.testing.worker.TestWorker.execute(TestWorker.java:63)
	at org.gradle.process.internal.worker.child.ActionExecutionWorker.execute(ActionExecutionWorker.java:56)
	at org.gradle.process.internal.worker.child.SystemApplicationClassLoaderWorker.call(SystemApplicationClassLoaderWorker.java:122)
	at org.gradle.process.internal.worker.child.SystemApplicationClassLoaderWorker.call(SystemApplicationClassLoaderWorker.java:72)
	at worker.org.gradle.process.internal.worker.GradleWorkerMain.run(GradleWorkerMain.java:69)
	at worker.org.gradle.process.internal.worker.GradleWorkerMain.main(GradleWorkerMain.java:74)
26-04-05 23:16:18.972 [Test worker] WARN  o.s.w.s.m.s.DefaultHandlerExceptionResolver - Resolved [org.springframework.web.bind.MethodArgumentNotValidException: Validation failed for argument [0] in public org.springframework.http.ResponseEntity<com.sprint.mission.discodeit.dto.data.ChannelDto> com.sprint.mission.discodeit.controller.ChannelController.create(com.sprint.mission.discodeit.dto.request.PublicChannelCreateRequest) with 2 errors: [Field error in object 'publicChannelCreateRequest' on field 'name': rejected value []; codes [Size.publicChannelCreateRequest.name,Size.name,Size.java.lang.String,Size]; arguments [org.springframework.context.support.DefaultMessageSourceResolvable: codes [publicChannelCreateRequest.name,name]; arguments []; default message [name],50,2]; default message [채널명은 2자 이상 50자 이하여야 합니다]] [Field error in object 'publicChannelCreateRequest' on field 'name': rejected value []; codes [NotBlank.publicChannelCreateRequest.name,NotBlank.name,NotBlank.java.lang.String,NotBlank]; arguments [org.springframework.context.support.DefaultMessageSourceResolvable: codes [publicChannelCreateRequest.name,name]; arguments []; default message [name]]; default message [채널명은 필수입니다]] ]
26-04-05 23:16:36.107 [background-preinit] INFO  o.h.validator.internal.util.Version - HV000001: Hibernate Validator 8.0.1.Final
26-04-05 23:16:36.195 [Test worker] INFO  c.s.m.d.c.MessageControllerTest - Starting MessageControllerTest using Java 17.0.0.1 with PID 13140 (started by User in C:\Users\User\IdeaProjects\temp\9-sprint-mission)
26-04-05 23:16:36.196 [Test worker] INFO  c.s.m.d.c.MessageControllerTest - No active profile set, falling back to 1 default profile: "default"
26-04-05 23:16:39.675 [Test worker] INFO  o.s.b.a.w.s.WelcomePageHandlerMapping - Adding welcome page: class path resource [static/index.html]
26-04-05 23:16:40.718 [Test worker] INFO  o.s.b.t.m.w.SpringBootMockServletContext - Initializing Spring TestDispatcherServlet ''
26-04-05 23:16:40.719 [Test worker] INFO  o.s.t.w.s.TestDispatcherServlet - Initializing Servlet ''
26-04-05 23:16:40.723 [Test worker] INFO  o.s.t.w.s.TestDispatcherServlet - Completed initialization in 2 ms
26-04-05 23:16:40.789 [Test worker] INFO  c.s.m.d.c.MessageControllerTest - Started MessageControllerTest in 5.237 seconds (process running for 6.991)
26-04-05 23:17:06.953 [background-preinit] INFO  o.h.validator.internal.util.Version - HV000001: Hibernate Validator 8.0.1.Final
26-04-05 23:17:07.027 [Test worker] INFO  c.s.m.d.c.MessageControllerTest - Starting MessageControllerTest using Java 17.0.0.1 with PID 16504 (started by User in C:\Users\User\IdeaProjects\temp\9-sprint-mission)
26-04-05 23:17:07.030 [Test worker] INFO  c.s.m.d.c.MessageControllerTest - No active profile set, falling back to 1 default profile: "default"
26-04-05 23:17:09.776 [Test worker] INFO  o.s.b.a.w.s.WelcomePageHandlerMapping - Adding welcome page: class path resource [static/index.html]
26-04-05 23:17:10.676 [Test worker] INFO  o.s.b.t.m.w.SpringBootMockServletContext - Initializing Spring TestDispatcherServlet ''
26-04-05 23:17:10.677 [Test worker] INFO  o.s.t.w.s.TestDispatcherServlet - Initializing Servlet ''
26-04-05 23:17:10.680 [Test worker] INFO  o.s.t.w.s.TestDispatcherServlet - Completed initialization in 2 ms
26-04-05 23:17:10.722 [Test worker] INFO  c.s.m.d.c.MessageControllerTest - Started MessageControllerTest in 4.329 seconds (process running for 5.8)
26-04-05 23:17:11.186 [Test worker] WARN  c.s.m.d.e.GlobalExceptionHandler - 유효성 검증 실패: path=/api/messages, details={content=메시지 내용은 필수입니다}
26-04-05 23:17:18.987 [background-preinit] INFO  o.h.validator.internal.util.Version - HV000001: Hibernate Validator 8.0.1.Final
26-04-05 23:17:19.062 [Test worker] INFO  c.s.m.d.c.MessageControllerTest - Starting MessageControllerTest using Java 17.0.0.1 with PID 19104 (started by User in C:\Users\User\IdeaProjects\temp\9-sprint-mission)
26-04-05 23:17:19.064 [Test worker] INFO  c.s.m.d.c.MessageControllerTest - No active profile set, falling back to 1 default profile: "default"
26-04-05 23:17:21.802 [Test worker] INFO  o.s.b.a.w.s.WelcomePageHandlerMapping - Adding welcome page: class path resource [static/index.html]
26-04-05 23:17:22.679 [Test worker] INFO  o.s.b.t.m.w.SpringBootMockServletContext - Initializing Spring TestDispatcherServlet ''
26-04-05 23:17:22.679 [Test worker] INFO  o.s.t.w.s.TestDispatcherServlet - Initializing Servlet ''
26-04-05 23:17:22.682 [Test worker] INFO  o.s.t.w.s.TestDispatcherServlet - Completed initialization in 2 ms
26-04-05 23:17:22.725 [Test worker] INFO  c.s.m.d.c.MessageControllerTest - Started MessageControllerTest in 4.296 seconds (process running for 5.831)
26-04-05 23:17:32.854 [background-preinit] INFO  o.h.validator.internal.util.Version - HV000001: Hibernate Validator 8.0.1.Final
26-04-05 23:17:32.921 [Test worker] INFO  c.s.m.d.c.MessageControllerTest - Starting MessageControllerTest using Java 17.0.0.1 with PID 5348 (started by User in C:\Users\User\IdeaProjects\temp\9-sprint-mission)
26-04-05 23:17:32.922 [Test worker] INFO  c.s.m.d.c.MessageControllerTest - No active profile set, falling back to 1 default profile: "default"
26-04-05 23:17:35.555 [Test worker] INFO  o.s.b.a.w.s.WelcomePageHandlerMapping - Adding welcome page: class path resource [static/index.html]
26-04-05 23:17:36.493 [Test worker] INFO  o.s.b.t.m.w.SpringBootMockServletContext - Initializing Spring TestDispatcherServlet ''
26-04-05 23:17:36.494 [Test worker] INFO  o.s.t.w.s.TestDispatcherServlet - Initializing Servlet ''
26-04-05 23:17:36.498 [Test worker] INFO  o.s.t.w.s.TestDispatcherServlet - Completed initialization in 2 ms
26-04-05 23:17:36.542 [Test worker] INFO  c.s.m.d.c.MessageControllerTest - Started MessageControllerTest in 4.237 seconds (process running for 5.83)
26-04-05 23:17:37.055 [Test worker] WARN  c.s.m.d.e.GlobalExceptionHandler - DiscodeitException 발생: code=MESSAGE_NOT_FOUND, path=/api/messages/b2a5b486-36be-4bea-b225-7d5d951c30df
26-04-05 23:18:01.358 [background-preinit] INFO  o.h.validator.internal.util.Version - HV000001: Hibernate Validator 8.0.1.Final
26-04-05 23:18:01.427 [Test worker] INFO  c.s.m.d.c.MessageControllerTest - Starting MessageControllerTest using Java 17.0.0.1 with PID 23432 (started by User in C:\Users\User\IdeaProjects\temp\9-sprint-mission)
26-04-05 23:18:01.429 [Test worker] INFO  c.s.m.d.c.MessageControllerTest - No active profile set, falling back to 1 default profile: "default"
26-04-05 23:18:04.484 [Test worker] INFO  o.s.b.a.w.s.WelcomePageHandlerMapping - Adding welcome page: class path resource [static/index.html]
26-04-05 23:18:05.418 [Test worker] INFO  o.s.b.t.m.w.SpringBootMockServletContext - Initializing Spring TestDispatcherServlet ''
26-04-05 23:18:05.419 [Test worker] INFO  o.s.t.w.s.TestDispatcherServlet - Initializing Servlet ''
26-04-05 23:18:05.423 [Test worker] INFO  o.s.t.w.s.TestDispatcherServlet - Completed initialization in 2 ms
26-04-05 23:18:05.478 [Test worker] INFO  c.s.m.d.c.MessageControllerTest - Started MessageControllerTest in 4.72 seconds (process running for 6.371)
26-04-05 23:18:17.589 [background-preinit] INFO  o.h.validator.internal.util.Version - HV000001: Hibernate Validator 8.0.1.Final
26-04-05 23:18:17.663 [Test worker] INFO  c.s.m.d.c.MessageControllerTest - Starting MessageControllerTest using Java 17.0.0.1 with PID 23896 (started by User in C:\Users\User\IdeaProjects\temp\9-sprint-mission)
26-04-05 23:18:17.664 [Test worker] INFO  c.s.m.d.c.MessageControllerTest - No active profile set, falling back to 1 default profile: "default"
26-04-05 23:18:20.420 [Test worker] INFO  o.s.b.a.w.s.WelcomePageHandlerMapping - Adding welcome page: class path resource [static/index.html]
26-04-05 23:18:21.357 [Test worker] INFO  o.s.b.t.m.w.SpringBootMockServletContext - Initializing Spring TestDispatcherServlet ''
26-04-05 23:18:21.358 [Test worker] INFO  o.s.t.w.s.TestDispatcherServlet - Initializing Servlet ''
26-04-05 23:18:21.363 [Test worker] INFO  o.s.t.w.s.TestDispatcherServlet - Completed initialization in 3 ms
26-04-05 23:18:21.409 [Test worker] INFO  c.s.m.d.c.MessageControllerTest - Started MessageControllerTest in 4.358 seconds (process running for 5.892)
26-04-05 23:18:21.602 [Test worker] WARN  c.s.m.d.e.GlobalExceptionHandler - DiscodeitException 발생: code=MESSAGE_NOT_FOUND, path=/api/messages/c867e983-a1f2-4391-92d1-1dee903652f0
26-04-05 23:33:17.386 [background-preinit] INFO  o.h.validator.internal.util.Version - HV000001: Hibernate Validator 8.0.1.Final
26-04-05 23:33:17.453 [Test worker] INFO  c.s.m.d.c.ChannelControllerTest - Starting ChannelControllerTest using Java 17.0.0.1 with PID 20208 (started by User in C:\Users\User\IdeaProjects\temp\9-sprint-mission)
26-04-05 23:33:17.455 [Test worker] INFO  c.s.m.d.c.ChannelControllerTest - No active profile set, falling back to 1 default profile: "default"
26-04-05 23:33:20.057 [Test worker] INFO  o.s.b.a.w.s.WelcomePageHandlerMapping - Adding welcome page: class path resource [static/index.html]
26-04-05 23:33:20.906 [Test worker] INFO  o.s.b.t.m.w.SpringBootMockServletContext - Initializing Spring TestDispatcherServlet ''
26-04-05 23:33:20.907 [Test worker] INFO  o.s.t.w.s.TestDispatcherServlet - Initializing Servlet ''
26-04-05 23:33:20.911 [Test worker] INFO  o.s.t.w.s.TestDispatcherServlet - Completed initialization in 2 ms
26-04-05 23:33:20.974 [Test worker] INFO  c.s.m.d.c.ChannelControllerTest - Started ChannelControllerTest in 4.119 seconds (process running for 5.567)
26-04-05 23:33:21.464 [Test worker] WARN  o.s.w.s.m.m.a.ExceptionHandlerExceptionResolver - Failure in @ExceptionHandler com.sprint.mission.discodeit.exception.GlobalExceptionHandler#handleMethodArgumentNotValidException(MethodArgumentNotValidException, HttpServletRequest)
java.lang.IllegalStateException: Duplicate key name (attempted merging values 채널명은 필수입니다 and 채널명은 2자 이상 50자 이하여야 합니다)
	at java.base/java.util.stream.Collectors.duplicateKeyException(Collectors.java:135)
	at java.base/java.util.stream.Collectors.lambda$uniqKeysMapAccumulator$1(Collectors.java:182)
	at java.base/java.util.stream.ReduceOps$3ReducingSink.accept(ReduceOps.java:169)
	at java.base/java.util.ArrayList$ArrayListSpliterator.forEachRemaining(ArrayList.java:1625)
	at java.base/java.util.stream.AbstractPipeline.copyInto(AbstractPipeline.java:509)
	at java.base/java.util.stream.AbstractPipeline.wrapAndCopyInto(AbstractPipeline.java:499)
	at java.base/java.util.stream.ReduceOps$ReduceOp.evaluateSequential(ReduceOps.java:921)
	at java.base/java.util.stream.AbstractPipeline.evaluate(AbstractPipeline.java:234)
	at java.base/java.util.stream.ReferencePipeline.collect(ReferencePipeline.java:682)
	at com.sprint.mission.discodeit.exception.GlobalExceptionHandler.handleMethodArgumentNotValidException(GlobalExceptionHandler.java:59)
	at java.base/jdk.internal.reflect.NativeMethodAccessorImpl.invoke0(Native Method)
	at java.base/jdk.internal.reflect.NativeMethodAccessorImpl.invoke(NativeMethodAccessorImpl.java:77)
	at java.base/jdk.internal.reflect.DelegatingMethodAccessorImpl.invoke(DelegatingMethodAccessorImpl.java:43)
	at java.base/java.lang.reflect.Method.invoke(Method.java:568)
	at org.springframework.web.method.support.InvocableHandlerMethod.doInvoke(InvocableHandlerMethod.java:255)
	at org.springframework.web.method.support.InvocableHandlerMethod.invokeForRequest(InvocableHandlerMethod.java:188)
	at org.springframework.web.servlet.mvc.method.annotation.ServletInvocableHandlerMethod.invokeAndHandle(ServletInvocableHandlerMethod.java:118)
	at org.springframework.web.servlet.mvc.method.annotation.ExceptionHandlerExceptionResolver.doResolveHandlerMethodException(ExceptionHandlerExceptionResolver.java:471)
	at org.springframework.web.servlet.handler.AbstractHandlerMethodExceptionResolver.doResolveException(AbstractHandlerMethodExceptionResolver.java:73)
	at org.springframework.web.servlet.handler.AbstractHandlerExceptionResolver.resolveException(AbstractHandlerExceptionResolver.java:182)
	at org.springframework.web.servlet.handler.HandlerExceptionResolverComposite.resolveException(HandlerExceptionResolverComposite.java:80)
	at org.springframework.web.servlet.DispatcherServlet.processHandlerException(DispatcherServlet.java:1357)
	at org.springframework.test.web.servlet.TestDispatcherServlet.processHandlerException(TestDispatcherServlet.java:146)
	at org.springframework.web.servlet.DispatcherServlet.processDispatchResult(DispatcherServlet.java:1160)
	at org.springframework.web.servlet.DispatcherServlet.doDispatch(DispatcherServlet.java:1105)
	at org.springframework.web.servlet.DispatcherServlet.doService(DispatcherServlet.java:978)
	at org.springframework.web.servlet.FrameworkServlet.processRequest(FrameworkServlet.java:1014)
	at org.springframework.web.servlet.FrameworkServlet.doPost(FrameworkServlet.java:914)
	at jakarta.servlet.http.HttpServlet.service(HttpServlet.java:590)
	at org.springframework.web.servlet.FrameworkServlet.service(FrameworkServlet.java:885)
	at org.springframework.test.web.servlet.TestDispatcherServlet.service(TestDispatcherServlet.java:72)
	at jakarta.servlet.http.HttpServlet.service(HttpServlet.java:658)
	at org.springframework.mock.web.MockFilterChain$ServletFilterProxy.doFilter(MockFilterChain.java:165)
	at org.springframework.mock.web.MockFilterChain.doFilter(MockFilterChain.java:132)
	at org.springframework.web.filter.RequestContextFilter.doFilterInternal(RequestContextFilter.java:100)
	at org.springframework.web.filter.OncePerRequestFilter.doFilter(OncePerRequestFilter.java:116)
	at org.springframework.test.web.servlet.setup.MockMvcFilterDecorator.doFilter(MockMvcFilterDecorator.java:162)
	at org.springframework.mock.web.MockFilterChain.doFilter(MockFilterChain.java:132)
	at org.springframework.web.filter.FormContentFilter.doFilterInternal(FormContentFilter.java:93)
	at org.springframework.web.filter.OncePerRequestFilter.doFilter(OncePerRequestFilter.java:116)
	at org.springframework.test.web.servlet.setup.MockMvcFilterDecorator.doFilter(MockMvcFilterDecorator.java:162)
	at org.springframework.mock.web.MockFilterChain.doFilter(MockFilterChain.java:132)
	at org.springframework.web.filter.CharacterEncodingFilter.doFilterInternal(CharacterEncodingFilter.java:201)
	at org.springframework.web.filter.OncePerRequestFilter.doFilter(OncePerRequestFilter.java:116)
	at org.springframework.test.web.servlet.setup.MockMvcFilterDecorator.doFilter(MockMvcFilterDecorator.java:162)
	at org.springframework.mock.web.MockFilterChain.doFilter(MockFilterChain.java:132)
	at org.springframework.test.web.servlet.MockMvc.perform(MockMvc.java:201)
	at com.sprint.mission.discodeit.controller.ChannelControllerTest.createPublic_fail_validation(ChannelControllerTest.java:59)
	at java.base/jdk.internal.reflect.NativeMethodAccessorImpl.invoke0(Native Method)
	at java.base/jdk.internal.reflect.NativeMethodAccessorImpl.invoke(NativeMethodAccessorImpl.java:77)
	at java.base/jdk.internal.reflect.DelegatingMethodAccessorImpl.invoke(DelegatingMethodAccessorImpl.java:43)
	at java.base/java.lang.reflect.Method.invoke(Method.java:568)
	at org.junit.platform.commons.util.ReflectionUtils.invokeMethod(ReflectionUtils.java:767)
	at org.junit.jupiter.engine.execution.MethodInvocation.proceed(MethodInvocation.java:60)
	at org.junit.jupiter.engine.execution.InvocationInterceptorChain$ValidatingInvocation.proceed(InvocationInterceptorChain.java:131)
	at org.junit.jupiter.engine.extension.TimeoutExtension.intercept(TimeoutExtension.java:156)
	at org.junit.jupiter.engine.extension.TimeoutExtension.interceptTestableMethod(TimeoutExtension.java:147)
	at org.junit.jupiter.engine.extension.TimeoutExtension.interceptTestMethod(TimeoutExtension.java:86)
	at org.junit.jupiter.engine.execution.InterceptingExecutableInvoker$ReflectiveInterceptorCall.lambda$ofVoidMethod$0(InterceptingExecutableInvoker.java:103)
	at org.junit.jupiter.engine.execution.InterceptingExecutableInvoker.lambda$invoke$0(InterceptingExecutableInvoker.java:93)
	at org.junit.jupiter.engine.execution.InvocationInterceptorChain$InterceptedInvocation.proceed(InvocationInterceptorChain.java:106)
	at org.junit.jupiter.engine.execution.InvocationInterceptorChain.proceed(InvocationInterceptorChain.java:64)
	at org.junit.jupiter.engine.execution.InvocationInterceptorChain.chainAndInvoke(InvocationInterceptorChain.java:45)
	at org.junit.jupiter.engine.execution.InvocationInterceptorChain.invoke(InvocationInterceptorChain.java:37)
	at org.junit.jupiter.engine.execution.InterceptingExecutableInvoker.invoke(InterceptingExecutableInvoker.java:92)
	at org.junit.jupiter.engine.execution.InterceptingExecutableInvoker.invoke(InterceptingExecutableInvoker.java:86)
	at org.junit.jupiter.engine.descriptor.TestMethodTestDescriptor.lambda$invokeTestMethod$8(TestMethodTestDescriptor.java:217)
	at org.junit.platform.engine.support.hierarchical.ThrowableCollector.execute(ThrowableCollector.java:73)
	at org.junit.jupiter.engine.descriptor.TestMethodTestDescriptor.invokeTestMethod(TestMethodTestDescriptor.java:213)
	at org.junit.jupiter.engine.descriptor.TestMethodTestDescriptor.execute(TestMethodTestDescriptor.java:138)
	at org.junit.jupiter.engine.descriptor.TestMethodTestDescriptor.execute(TestMethodTestDescriptor.java:68)
	at org.junit.platform.engine.support.hierarchical.NodeTestTask.lambda$executeRecursively$6(NodeTestTask.java:156)
	at org.junit.platform.engine.support.hierarchical.ThrowableCollector.execute(ThrowableCollector.java:73)
	at org.junit.platform.engine.support.hierarchical.NodeTestTask.lambda$executeRecursively$8(NodeTestTask.java:146)
	at org.junit.platform.engine.support.hierarchical.Node.around(Node.java:137)
	at org.junit.platform.engine.support.hierarchical.NodeTestTask.lambda$executeRecursively$9(NodeTestTask.java:144)
	at org.junit.platform.engine.support.hierarchical.ThrowableCollector.execute(ThrowableCollector.java:73)
	at org.junit.platform.engine.support.hierarchical.NodeTestTask.executeRecursively(NodeTestTask.java:143)
	at org.junit.platform.engine.support.hierarchical.NodeTestTask.execute(NodeTestTask.java:100)
	at java.base/java.util.ArrayList.forEach(ArrayList.java:1511)
	at org.junit.platform.engine.support.hierarchical.SameThreadHierarchicalTestExecutorService.invokeAll(SameThreadHierarchicalTestExecutorService.java:41)
	at org.junit.platform.engine.support.hierarchical.NodeTestTask.lambda$executeRecursively$6(NodeTestTask.java:160)
	at org.junit.platform.engine.support.hierarchical.ThrowableCollector.execute(ThrowableCollector.java:73)
	at org.junit.platform.engine.support.hierarchical.NodeTestTask.lambda$executeRecursively$8(NodeTestTask.java:146)
	at org.junit.platform.engine.support.hierarchical.Node.around(Node.java:137)
	at org.junit.platform.engine.support.hierarchical.NodeTestTask.lambda$executeRecursively$9(NodeTestTask.java:144)
	at org.junit.platform.engine.support.hierarchical.ThrowableCollector.execute(ThrowableCollector.java:73)
	at org.junit.platform.engine.support.hierarchical.NodeTestTask.executeRecursively(NodeTestTask.java:143)
	at org.junit.platform.engine.support.hierarchical.NodeTestTask.execute(NodeTestTask.java:100)
	at java.base/java.util.ArrayList.forEach(ArrayList.java:1511)
	at org.junit.platform.engine.support.hierarchical.SameThreadHierarchicalTestExecutorService.invokeAll(SameThreadHierarchicalTestExecutorService.java:41)
	at org.junit.platform.engine.support.hierarchical.NodeTestTask.lambda$executeRecursively$6(NodeTestTask.java:160)
	at org.junit.platform.engine.support.hierarchical.ThrowableCollector.execute(ThrowableCollector.java:73)
	at org.junit.platform.engine.support.hierarchical.NodeTestTask.lambda$executeRecursively$8(NodeTestTask.java:146)
	at org.junit.platform.engine.support.hierarchical.Node.around(Node.java:137)
	at org.junit.platform.engine.support.hierarchical.NodeTestTask.lambda$executeRecursively$9(NodeTestTask.java:144)
	at org.junit.platform.engine.support.hierarchical.ThrowableCollector.execute(ThrowableCollector.java:73)
	at org.junit.platform.engine.support.hierarchical.NodeTestTask.executeRecursively(NodeTestTask.java:143)
	at org.junit.platform.engine.support.hierarchical.NodeTestTask.execute(NodeTestTask.java:100)
	at org.junit.platform.engine.support.hierarchical.SameThreadHierarchicalTestExecutorService.submit(SameThreadHierarchicalTestExecutorService.java:35)
	at org.junit.platform.engine.support.hierarchical.HierarchicalTestExecutor.execute(HierarchicalTestExecutor.java:57)
	at org.junit.platform.engine.support.hierarchical.HierarchicalTestEngine.execute(HierarchicalTestEngine.java:54)
	at org.junit.platform.launcher.core.EngineExecutionOrchestrator.execute(EngineExecutionOrchestrator.java:198)
	at org.junit.platform.launcher.core.EngineExecutionOrchestrator.execute(EngineExecutionOrchestrator.java:169)
	at org.junit.platform.launcher.core.EngineExecutionOrchestrator.execute(EngineExecutionOrchestrator.java:93)
	at org.junit.platform.launcher.core.EngineExecutionOrchestrator.lambda$execute$0(EngineExecutionOrchestrator.java:58)
	at org.junit.platform.launcher.core.EngineExecutionOrchestrator.withInterceptedStreams(EngineExecutionOrchestrator.java:141)
	at org.junit.platform.launcher.core.EngineExecutionOrchestrator.execute(EngineExecutionOrchestrator.java:57)
	at org.junit.platform.launcher.core.DefaultLauncher.execute(DefaultLauncher.java:103)
	at org.junit.platform.launcher.core.DefaultLauncher.execute(DefaultLauncher.java:85)
	at org.junit.platform.launcher.core.DelegatingLauncher.execute(DelegatingLauncher.java:47)
	at org.gradle.api.internal.tasks.testing.junitplatform.JUnitPlatformTestClassProcessor$CollectAllTestClassesExecutor.processAllTestClasses(JUnitPlatformTestClassProcessor.java:135)
	at org.gradle.api.internal.tasks.testing.junitplatform.JUnitPlatformTestClassProcessor$CollectAllTestClassesExecutor.access$000(JUnitPlatformTestClassProcessor.java:110)
	at org.gradle.api.internal.tasks.testing.junitplatform.JUnitPlatformTestClassProcessor.stop(JUnitPlatformTestClassProcessor.java:104)
	at org.gradle.api.internal.tasks.testing.SuiteTestClassProcessor.stop(SuiteTestClassProcessor.java:64)
	at java.base/jdk.internal.reflect.NativeMethodAccessorImpl.invoke0(Native Method)
	at java.base/jdk.internal.reflect.NativeMethodAccessorImpl.invoke(NativeMethodAccessorImpl.java:77)
	at java.base/jdk.internal.reflect.DelegatingMethodAccessorImpl.invoke(DelegatingMethodAccessorImpl.java:43)
	at java.base/java.lang.reflect.Method.invoke(Method.java:568)
	at org.gradle.internal.dispatch.ReflectionDispatch.dispatch(ReflectionDispatch.java:36)
	at org.gradle.internal.dispatch.ReflectionDispatch.dispatch(ReflectionDispatch.java:24)
	at org.gradle.internal.dispatch.ContextClassLoaderDispatch.dispatch(ContextClassLoaderDispatch.java:33)
	at org.gradle.internal.dispatch.ProxyDispatchAdapter$DispatchingInvocationHandler.invoke(ProxyDispatchAdapter.java:92)
	at jdk.proxy1/jdk.proxy1.$Proxy4.stop(Unknown Source)
	at org.gradle.api.internal.tasks.testing.worker.TestWorker$3.run(TestWorker.java:200)
	at org.gradle.api.internal.tasks.testing.worker.TestWorker.executeAndMaintainThreadName(TestWorker.java:132)
	at org.gradle.api.internal.tasks.testing.worker.TestWorker.execute(TestWorker.java:103)
	at org.gradle.api.internal.tasks.testing.worker.TestWorker.execute(TestWorker.java:63)
	at org.gradle.process.internal.worker.child.ActionExecutionWorker.execute(ActionExecutionWorker.java:56)
	at org.gradle.process.internal.worker.child.SystemApplicationClassLoaderWorker.call(SystemApplicationClassLoaderWorker.java:122)
	at org.gradle.process.internal.worker.child.SystemApplicationClassLoaderWorker.call(SystemApplicationClassLoaderWorker.java:72)
	at worker.org.gradle.process.internal.worker.GradleWorkerMain.run(GradleWorkerMain.java:69)
	at worker.org.gradle.process.internal.worker.GradleWorkerMain.main(GradleWorkerMain.java:74)
26-04-05 23:33:21.497 [Test worker] WARN  o.s.w.s.m.s.DefaultHandlerExceptionResolver - Resolved [org.springframework.web.bind.MethodArgumentNotValidException: Validation failed for argument [0] in public org.springframework.http.ResponseEntity<com.sprint.mission.discodeit.dto.data.ChannelDto> com.sprint.mission.discodeit.controller.ChannelController.create(com.sprint.mission.discodeit.dto.request.PublicChannelCreateRequest) with 2 errors: [Field error in object 'publicChannelCreateRequest' on field 'name': rejected value []; codes [NotBlank.publicChannelCreateRequest.name,NotBlank.name,NotBlank.java.lang.String,NotBlank]; arguments [org.springframework.context.support.DefaultMessageSourceResolvable: codes [publicChannelCreateRequest.name,name]; arguments []; default message [name]]; default message [채널명은 필수입니다]] [Field error in object 'publicChannelCreateRequest' on field 'name': rejected value []; codes [Size.publicChannelCreateRequest.name,Size.name,Size.java.lang.String,Size]; arguments [org.springframework.context.support.DefaultMessageSourceResolvable: codes [publicChannelCreateRequest.name,name]; arguments []; default message [name],50,2]; default message [채널명은 2자 이상 50자 이하여야 합니다]] ]
26-04-05 23:33:32.992 [background-preinit] INFO  o.h.validator.internal.util.Version - HV000001: Hibernate Validator 8.0.1.Final
26-04-05 23:33:33.059 [Test worker] INFO  c.s.m.d.c.UserControllerTest - Starting UserControllerTest using Java 17.0.0.1 with PID 16556 (started by User in C:\Users\User\IdeaProjects\temp\9-sprint-mission)
26-04-05 23:33:33.060 [Test worker] INFO  c.s.m.d.c.UserControllerTest - No active profile set, falling back to 1 default profile: "default"
26-04-05 23:33:36.379 [Test worker] INFO  o.s.b.a.w.s.WelcomePageHandlerMapping - Adding welcome page: class path resource [static/index.html]
26-04-05 23:33:37.440 [Test worker] INFO  o.s.b.t.m.w.SpringBootMockServletContext - Initializing Spring TestDispatcherServlet ''
26-04-05 23:33:37.441 [Test worker] INFO  o.s.t.w.s.TestDispatcherServlet - Initializing Servlet ''
26-04-05 23:33:37.445 [Test worker] INFO  o.s.t.w.s.TestDispatcherServlet - Completed initialization in 2 ms
26-04-05 23:33:37.503 [Test worker] INFO  c.s.m.d.c.UserControllerTest - Started UserControllerTest in 5.06 seconds (process running for 6.637)
26-04-05 23:33:38.012 [Test worker] WARN  o.s.w.s.m.m.a.ExceptionHandlerExceptionResolver - Failure in @ExceptionHandler com.sprint.mission.discodeit.exception.GlobalExceptionHandler#handleMethodArgumentNotValidException(MethodArgumentNotValidException, HttpServletRequest)
java.lang.IllegalStateException: Duplicate key username (attempted merging values 유저명은 필수입니다 and 유저명은 2자 이상 20자 이하여야 합니다)
	at java.base/java.util.stream.Collectors.duplicateKeyException(Collectors.java:135)
	at java.base/java.util.stream.Collectors.lambda$uniqKeysMapAccumulator$1(Collectors.java:182)
	at java.base/java.util.stream.ReduceOps$3ReducingSink.accept(ReduceOps.java:169)
	at java.base/java.util.ArrayList$ArrayListSpliterator.forEachRemaining(ArrayList.java:1625)
	at java.base/java.util.stream.AbstractPipeline.copyInto(AbstractPipeline.java:509)
	at java.base/java.util.stream.AbstractPipeline.wrapAndCopyInto(AbstractPipeline.java:499)
	at java.base/java.util.stream.ReduceOps$ReduceOp.evaluateSequential(ReduceOps.java:921)
	at java.base/java.util.stream.AbstractPipeline.evaluate(AbstractPipeline.java:234)
	at java.base/java.util.stream.ReferencePipeline.collect(ReferencePipeline.java:682)
	at com.sprint.mission.discodeit.exception.GlobalExceptionHandler.handleMethodArgumentNotValidException(GlobalExceptionHandler.java:59)
	at java.base/jdk.internal.reflect.NativeMethodAccessorImpl.invoke0(Native Method)
	at java.base/jdk.internal.reflect.NativeMethodAccessorImpl.invoke(NativeMethodAccessorImpl.java:77)
	at java.base/jdk.internal.reflect.DelegatingMethodAccessorImpl.invoke(DelegatingMethodAccessorImpl.java:43)
	at java.base/java.lang.reflect.Method.invoke(Method.java:568)
	at org.springframework.web.method.support.InvocableHandlerMethod.doInvoke(InvocableHandlerMethod.java:255)
	at org.springframework.web.method.support.InvocableHandlerMethod.invokeForRequest(InvocableHandlerMethod.java:188)
	at org.springframework.web.servlet.mvc.method.annotation.ServletInvocableHandlerMethod.invokeAndHandle(ServletInvocableHandlerMethod.java:118)
	at org.springframework.web.servlet.mvc.method.annotation.ExceptionHandlerExceptionResolver.doResolveHandlerMethodException(ExceptionHandlerExceptionResolver.java:471)
	at org.springframework.web.servlet.handler.AbstractHandlerMethodExceptionResolver.doResolveException(AbstractHandlerMethodExceptionResolver.java:73)
	at org.springframework.web.servlet.handler.AbstractHandlerExceptionResolver.resolveException(AbstractHandlerExceptionResolver.java:182)
	at org.springframework.web.servlet.handler.HandlerExceptionResolverComposite.resolveException(HandlerExceptionResolverComposite.java:80)
	at org.springframework.web.servlet.DispatcherServlet.processHandlerException(DispatcherServlet.java:1357)
	at org.springframework.test.web.servlet.TestDispatcherServlet.processHandlerException(TestDispatcherServlet.java:146)
	at org.springframework.web.servlet.DispatcherServlet.processDispatchResult(DispatcherServlet.java:1160)
	at org.springframework.web.servlet.DispatcherServlet.doDispatch(DispatcherServlet.java:1105)
	at org.springframework.web.servlet.DispatcherServlet.doService(DispatcherServlet.java:978)
	at org.springframework.web.servlet.FrameworkServlet.processRequest(FrameworkServlet.java:1014)
	at org.springframework.web.servlet.FrameworkServlet.doPost(FrameworkServlet.java:914)
	at jakarta.servlet.http.HttpServlet.service(HttpServlet.java:590)
	at org.springframework.web.servlet.FrameworkServlet.service(FrameworkServlet.java:885)
	at org.springframework.test.web.servlet.TestDispatcherServlet.service(TestDispatcherServlet.java:72)
	at jakarta.servlet.http.HttpServlet.service(HttpServlet.java:658)
	at org.springframework.mock.web.MockFilterChain$ServletFilterProxy.doFilter(MockFilterChain.java:165)
	at org.springframework.mock.web.MockFilterChain.doFilter(MockFilterChain.java:132)
	at org.springframework.web.filter.RequestContextFilter.doFilterInternal(RequestContextFilter.java:100)
	at org.springframework.web.filter.OncePerRequestFilter.doFilter(OncePerRequestFilter.java:116)
	at org.springframework.test.web.servlet.setup.MockMvcFilterDecorator.doFilter(MockMvcFilterDecorator.java:162)
	at org.springframework.mock.web.MockFilterChain.doFilter(MockFilterChain.java:132)
	at org.springframework.web.filter.FormContentFilter.doFilterInternal(FormContentFilter.java:93)
	at org.springframework.web.filter.OncePerRequestFilter.doFilter(OncePerRequestFilter.java:116)
	at org.springframework.test.web.servlet.setup.MockMvcFilterDecorator.doFilter(MockMvcFilterDecorator.java:162)
	at org.springframework.mock.web.MockFilterChain.doFilter(MockFilterChain.java:132)
	at org.springframework.web.filter.CharacterEncodingFilter.doFilterInternal(CharacterEncodingFilter.java:201)
	at org.springframework.web.filter.OncePerRequestFilter.doFilter(OncePerRequestFilter.java:116)
	at org.springframework.test.web.servlet.setup.MockMvcFilterDecorator.doFilter(MockMvcFilterDecorator.java:162)
	at org.springframework.mock.web.MockFilterChain.doFilter(MockFilterChain.java:132)
	at org.springframework.test.web.servlet.MockMvc.perform(MockMvc.java:201)
	at com.sprint.mission.discodeit.controller.UserControllerTest.create_fail_validation(UserControllerTest.java:104)
	at java.base/jdk.internal.reflect.NativeMethodAccessorImpl.invoke0(Native Method)
	at java.base/jdk.internal.reflect.NativeMethodAccessorImpl.invoke(NativeMethodAccessorImpl.java:77)
	at java.base/jdk.internal.reflect.DelegatingMethodAccessorImpl.invoke(DelegatingMethodAccessorImpl.java:43)
	at java.base/java.lang.reflect.Method.invoke(Method.java:568)
	at org.junit.platform.commons.util.ReflectionUtils.invokeMethod(ReflectionUtils.java:767)
	at org.junit.jupiter.engine.execution.MethodInvocation.proceed(MethodInvocation.java:60)
	at org.junit.jupiter.engine.execution.InvocationInterceptorChain$ValidatingInvocation.proceed(InvocationInterceptorChain.java:131)
	at org.junit.jupiter.engine.extension.TimeoutExtension.intercept(TimeoutExtension.java:156)
	at org.junit.jupiter.engine.extension.TimeoutExtension.interceptTestableMethod(TimeoutExtension.java:147)
	at org.junit.jupiter.engine.extension.TimeoutExtension.interceptTestMethod(TimeoutExtension.java:86)
	at org.junit.jupiter.engine.execution.InterceptingExecutableInvoker$ReflectiveInterceptorCall.lambda$ofVoidMethod$0(InterceptingExecutableInvoker.java:103)
	at org.junit.jupiter.engine.execution.InterceptingExecutableInvoker.lambda$invoke$0(InterceptingExecutableInvoker.java:93)
	at org.junit.jupiter.engine.execution.InvocationInterceptorChain$InterceptedInvocation.proceed(InvocationInterceptorChain.java:106)
	at org.junit.jupiter.engine.execution.InvocationInterceptorChain.proceed(InvocationInterceptorChain.java:64)
	at org.junit.jupiter.engine.execution.InvocationInterceptorChain.chainAndInvoke(InvocationInterceptorChain.java:45)
	at org.junit.jupiter.engine.execution.InvocationInterceptorChain.invoke(InvocationInterceptorChain.java:37)
	at org.junit.jupiter.engine.execution.InterceptingExecutableInvoker.invoke(InterceptingExecutableInvoker.java:92)
	at org.junit.jupiter.engine.execution.InterceptingExecutableInvoker.invoke(InterceptingExecutableInvoker.java:86)
	at org.junit.jupiter.engine.descriptor.TestMethodTestDescriptor.lambda$invokeTestMethod$8(TestMethodTestDescriptor.java:217)
	at org.junit.platform.engine.support.hierarchical.ThrowableCollector.execute(ThrowableCollector.java:73)
	at org.junit.jupiter.engine.descriptor.TestMethodTestDescriptor.invokeTestMethod(TestMethodTestDescriptor.java:213)
	at org.junit.jupiter.engine.descriptor.TestMethodTestDescriptor.execute(TestMethodTestDescriptor.java:138)
	at org.junit.jupiter.engine.descriptor.TestMethodTestDescriptor.execute(TestMethodTestDescriptor.java:68)
	at org.junit.platform.engine.support.hierarchical.NodeTestTask.lambda$executeRecursively$6(NodeTestTask.java:156)
	at org.junit.platform.engine.support.hierarchical.ThrowableCollector.execute(ThrowableCollector.java:73)
	at org.junit.platform.engine.support.hierarchical.NodeTestTask.lambda$executeRecursively$8(NodeTestTask.java:146)
	at org.junit.platform.engine.support.hierarchical.Node.around(Node.java:137)
	at org.junit.platform.engine.support.hierarchical.NodeTestTask.lambda$executeRecursively$9(NodeTestTask.java:144)
	at org.junit.platform.engine.support.hierarchical.ThrowableCollector.execute(ThrowableCollector.java:73)
	at org.junit.platform.engine.support.hierarchical.NodeTestTask.executeRecursively(NodeTestTask.java:143)
	at org.junit.platform.engine.support.hierarchical.NodeTestTask.execute(NodeTestTask.java:100)
	at java.base/java.util.ArrayList.forEach(ArrayList.java:1511)
	at org.junit.platform.engine.support.hierarchical.SameThreadHierarchicalTestExecutorService.invokeAll(SameThreadHierarchicalTestExecutorService.java:41)
	at org.junit.platform.engine.support.hierarchical.NodeTestTask.lambda$executeRecursively$6(NodeTestTask.java:160)
	at org.junit.platform.engine.support.hierarchical.ThrowableCollector.execute(ThrowableCollector.java:73)
	at org.junit.platform.engine.support.hierarchical.NodeTestTask.lambda$executeRecursively$8(NodeTestTask.java:146)
	at org.junit.platform.engine.support.hierarchical.Node.around(Node.java:137)
	at org.junit.platform.engine.support.hierarchical.NodeTestTask.lambda$executeRecursively$9(NodeTestTask.java:144)
	at org.junit.platform.engine.support.hierarchical.ThrowableCollector.execute(ThrowableCollector.java:73)
	at org.junit.platform.engine.support.hierarchical.NodeTestTask.executeRecursively(NodeTestTask.java:143)
	at org.junit.platform.engine.support.hierarchical.NodeTestTask.execute(NodeTestTask.java:100)
	at java.base/java.util.ArrayList.forEach(ArrayList.java:1511)
	at org.junit.platform.engine.support.hierarchical.SameThreadHierarchicalTestExecutorService.invokeAll(SameThreadHierarchicalTestExecutorService.java:41)
	at org.junit.platform.engine.support.hierarchical.NodeTestTask.lambda$executeRecursively$6(NodeTestTask.java:160)
	at org.junit.platform.engine.support.hierarchical.ThrowableCollector.execute(ThrowableCollector.java:73)
	at org.junit.platform.engine.support.hierarchical.NodeTestTask.lambda$executeRecursively$8(NodeTestTask.java:146)
	at org.junit.platform.engine.support.hierarchical.Node.around(Node.java:137)
	at org.junit.platform.engine.support.hierarchical.NodeTestTask.lambda$executeRecursively$9(NodeTestTask.java:144)
	at org.junit.platform.engine.support.hierarchical.ThrowableCollector.execute(ThrowableCollector.java:73)
	at org.junit.platform.engine.support.hierarchical.NodeTestTask.executeRecursively(NodeTestTask.java:143)
	at org.junit.platform.engine.support.hierarchical.NodeTestTask.execute(NodeTestTask.java:100)
	at org.junit.platform.engine.support.hierarchical.SameThreadHierarchicalTestExecutorService.submit(SameThreadHierarchicalTestExecutorService.java:35)
	at org.junit.platform.engine.support.hierarchical.HierarchicalTestExecutor.execute(HierarchicalTestExecutor.java:57)
	at org.junit.platform.engine.support.hierarchical.HierarchicalTestEngine.execute(HierarchicalTestEngine.java:54)
	at org.junit.platform.launcher.core.EngineExecutionOrchestrator.execute(EngineExecutionOrchestrator.java:198)
	at org.junit.platform.launcher.core.EngineExecutionOrchestrator.execute(EngineExecutionOrchestrator.java:169)
	at org.junit.platform.launcher.core.EngineExecutionOrchestrator.execute(EngineExecutionOrchestrator.java:93)
	at org.junit.platform.launcher.core.EngineExecutionOrchestrator.lambda$execute$0(EngineExecutionOrchestrator.java:58)
	at org.junit.platform.launcher.core.EngineExecutionOrchestrator.withInterceptedStreams(EngineExecutionOrchestrator.java:141)
	at org.junit.platform.launcher.core.EngineExecutionOrchestrator.execute(EngineExecutionOrchestrator.java:57)
	at org.junit.platform.launcher.core.DefaultLauncher.execute(DefaultLauncher.java:103)
	at org.junit.platform.launcher.core.DefaultLauncher.execute(DefaultLauncher.java:85)
	at org.junit.platform.launcher.core.DelegatingLauncher.execute(DelegatingLauncher.java:47)
	at org.gradle.api.internal.tasks.testing.junitplatform.JUnitPlatformTestClassProcessor$CollectAllTestClassesExecutor.processAllTestClasses(JUnitPlatformTestClassProcessor.java:135)
	at org.gradle.api.internal.tasks.testing.junitplatform.JUnitPlatformTestClassProcessor$CollectAllTestClassesExecutor.access$000(JUnitPlatformTestClassProcessor.java:110)
	at org.gradle.api.internal.tasks.testing.junitplatform.JUnitPlatformTestClassProcessor.stop(JUnitPlatformTestClassProcessor.java:104)
	at org.gradle.api.internal.tasks.testing.SuiteTestClassProcessor.stop(SuiteTestClassProcessor.java:64)
	at java.base/jdk.internal.reflect.NativeMethodAccessorImpl.invoke0(Native Method)
	at java.base/jdk.internal.reflect.NativeMethodAccessorImpl.invoke(NativeMethodAccessorImpl.java:77)
	at java.base/jdk.internal.reflect.DelegatingMethodAccessorImpl.invoke(DelegatingMethodAccessorImpl.java:43)
	at java.base/java.lang.reflect.Method.invoke(Method.java:568)
	at org.gradle.internal.dispatch.ReflectionDispatch.dispatch(ReflectionDispatch.java:36)
	at org.gradle.internal.dispatch.ReflectionDispatch.dispatch(ReflectionDispatch.java:24)
	at org.gradle.internal.dispatch.ContextClassLoaderDispatch.dispatch(ContextClassLoaderDispatch.java:33)
	at org.gradle.internal.dispatch.ProxyDispatchAdapter$DispatchingInvocationHandler.invoke(ProxyDispatchAdapter.java:92)
	at jdk.proxy1/jdk.proxy1.$Proxy4.stop(Unknown Source)
	at org.gradle.api.internal.tasks.testing.worker.TestWorker$3.run(TestWorker.java:200)
	at org.gradle.api.internal.tasks.testing.worker.TestWorker.executeAndMaintainThreadName(TestWorker.java:132)
	at org.gradle.api.internal.tasks.testing.worker.TestWorker.execute(TestWorker.java:103)
	at org.gradle.api.internal.tasks.testing.worker.TestWorker.execute(TestWorker.java:63)
	at org.gradle.process.internal.worker.child.ActionExecutionWorker.execute(ActionExecutionWorker.java:56)
	at org.gradle.process.internal.worker.child.SystemApplicationClassLoaderWorker.call(SystemApplicationClassLoaderWorker.java:122)
	at org.gradle.process.internal.worker.child.SystemApplicationClassLoaderWorker.call(SystemApplicationClassLoaderWorker.java:72)
	at worker.org.gradle.process.internal.worker.GradleWorkerMain.run(GradleWorkerMain.java:69)
	at worker.org.gradle.process.internal.worker.GradleWorkerMain.main(GradleWorkerMain.java:74)
26-04-05 23:33:38.047 [Test worker] WARN  o.s.w.s.m.s.DefaultHandlerExceptionResolver - Resolved [org.springframework.web.bind.MethodArgumentNotValidException: Validation failed for argument [0] in public org.springframework.http.ResponseEntity<com.sprint.mission.discodeit.dto.data.UserDto> com.sprint.mission.discodeit.controller.UserController.create(com.sprint.mission.discodeit.dto.request.UserCreateRequest,org.springframework.web.multipart.MultipartFile) with 5 errors: [Field error in object 'userCreateRequest' on field 'email': rejected value []; codes [NotBlank.userCreateRequest.email,NotBlank.email,NotBlank.java.lang.String,NotBlank]; arguments [org.springframework.context.support.DefaultMessageSourceResolvable: codes [userCreateRequest.email,email]; arguments []; default message [email]]; default message [이메일은 필수입니다]] [Field error in object 'userCreateRequest' on field 'password': rejected value []; codes [Size.userCreateRequest.password,Size.password,Size.java.lang.String,Size]; arguments [org.springframework.context.support.DefaultMessageSourceResolvable: codes [userCreateRequest.password,password]; arguments []; default message [password],2147483647,8]; default message [비밀번호는 8자 이상이어야 합니다]] [Field error in object 'userCreateRequest' on field 'username': rejected value []; codes [NotBlank.userCreateRequest.username,NotBlank.username,NotBlank.java.lang.String,NotBlank]; arguments [org.springframework.context.support.DefaultMessageSourceResolvable: codes [userCreateRequest.username,username]; arguments []; default message [username]]; default message [유저명은 필수입니다]] [Field error in object 'userCreateRequest' on field 'username': rejected value []; codes [Size.userCreateRequest.username,Size.username,Size.java.lang.String,Size]; arguments [org.springframework.context.support.DefaultMessageSourceResolvable: codes [userCreateRequest.username,username]; arguments []; default message [username],20,2]; default message [유저명은 2자 이상 20자 이하여야 합니다]] [Field error in object 'userCreateRequest' on field 'password': rejected value []; codes [NotBlank.userCreateRequest.password,NotBlank.password,NotBlank.java.lang.String,NotBlank]; arguments [org.springframework.context.support.DefaultMessageSourceResolvable: codes [userCreateRequest.password,password]; arguments []; default message [password]]; default message [비밀번호는 필수입니다]] ]
26-04-05 23:38:14.691 [background-preinit] INFO  o.h.validator.internal.util.Version - HV000001: Hibernate Validator 8.0.1.Final
26-04-05 23:38:14.758 [Test worker] INFO  c.s.m.d.c.UserControllerTest - Starting UserControllerTest using Java 17.0.0.1 with PID 24328 (started by User in C:\Users\User\IdeaProjects\temp\9-sprint-mission)
26-04-05 23:38:14.759 [Test worker] INFO  c.s.m.d.c.UserControllerTest - No active profile set, falling back to 1 default profile: "default"
26-04-05 23:38:17.310 [Test worker] INFO  o.s.b.a.w.s.WelcomePageHandlerMapping - Adding welcome page: class path resource [static/index.html]
26-04-05 23:38:18.189 [Test worker] INFO  o.s.b.t.m.w.SpringBootMockServletContext - Initializing Spring TestDispatcherServlet ''
26-04-05 23:38:18.190 [Test worker] INFO  o.s.t.w.s.TestDispatcherServlet - Initializing Servlet ''
26-04-05 23:38:18.193 [Test worker] INFO  o.s.t.w.s.TestDispatcherServlet - Completed initialization in 2 ms
26-04-05 23:38:18.230 [Test worker] INFO  c.s.m.d.c.UserControllerTest - Started UserControllerTest in 4.085 seconds (process running for 5.516)
26-04-05 23:38:18.681 [Test worker] WARN  c.s.m.d.e.GlobalExceptionHandler - 유효성 검증 실패: path=/api/users, details={password=비밀번호는 8자 이상이어야 합니다, email=이메일은 필수입니다, username=유저명은 필수입니다}
26-04-05 23:38:29.117 [background-preinit] INFO  o.h.validator.internal.util.Version - HV000001: Hibernate Validator 8.0.1.Final
26-04-05 23:38:29.180 [Test worker] INFO  c.s.m.d.c.ChannelControllerTest - Starting ChannelControllerTest using Java 17.0.0.1 with PID 18844 (started by User in C:\Users\User\IdeaProjects\temp\9-sprint-mission)
26-04-05 23:38:29.182 [Test worker] INFO  c.s.m.d.c.ChannelControllerTest - No active profile set, falling back to 1 default profile: "default"
26-04-05 23:38:31.647 [Test worker] INFO  o.s.b.a.w.s.WelcomePageHandlerMapping - Adding welcome page: class path resource [static/index.html]
26-04-05 23:38:32.453 [Test worker] INFO  o.s.b.t.m.w.SpringBootMockServletContext - Initializing Spring TestDispatcherServlet ''
26-04-05 23:38:32.453 [Test worker] INFO  o.s.t.w.s.TestDispatcherServlet - Initializing Servlet ''
26-04-05 23:38:32.457 [Test worker] INFO  o.s.t.w.s.TestDispatcherServlet - Completed initialization in 3 ms
26-04-05 23:38:32.492 [Test worker] INFO  c.s.m.d.c.ChannelControllerTest - Started ChannelControllerTest in 3.912 seconds (process running for 5.272)
26-04-05 23:38:32.936 [Test worker] WARN  c.s.m.d.e.GlobalExceptionHandler - 유효성 검증 실패: path=/api/channels/public, details={name=채널명은 필수입니다}
26-04-05 23:44:22.233 [background-preinit] INFO  o.h.validator.internal.util.Version - HV000001: Hibernate Validator 8.0.1.Final
26-04-05 23:44:22.322 [Test worker] INFO  c.s.m.discodeit.UserIntegrationTest - Starting UserIntegrationTest using Java 17.0.0.1 with PID 10584 (started by User in C:\Users\User\IdeaProjects\temp\9-sprint-mission)
26-04-05 23:44:22.324 [Test worker] INFO  c.s.m.discodeit.UserIntegrationTest - The following 1 profile is active: "test"
26-04-05 23:44:23.881 [Test worker] WARN  o.s.w.c.s.GenericWebApplicationContext - Exception encountered during context initialization - cancelling refresh attempt: org.springframework.beans.factory.support.BeanDefinitionOverrideException: Invalid bean definition with name 'jpaAuditingHandler' defined in null: Cannot register bean definition [Root bean: class=org.springframework.data.auditing.AuditingHandler; scope=; abstract=false; lazyInit=null; autowireMode=2; dependencyCheck=0; autowireCandidate=true; primary=false; fallback=false; factoryBeanName=null; factoryMethodName=from; initMethodNames=null; destroyMethodNames=null] for bean 'jpaAuditingHandler' since there is already [Root bean: class=org.springframework.data.auditing.AuditingHandler; scope=; abstract=false; lazyInit=null; autowireMode=2; dependencyCheck=0; autowireCandidate=true; primary=false; fallback=false; factoryBeanName=null; factoryMethodName=from; initMethodNames=null; destroyMethodNames=null] bound.
26-04-05 23:44:23.939 [Test worker] INFO  o.s.b.a.l.ConditionEvaluationReportLogger - 

Error starting ApplicationContext. To display the condition evaluation report re-run your application with 'debug' enabled.
26-04-05 23:44:24.002 [Test worker] ERROR o.s.b.d.LoggingFailureAnalysisReporter - 

***************************
APPLICATION FAILED TO START
***************************

Description:

The bean 'jpaAuditingHandler' could not be registered. A bean with that name has already been defined and overriding is disabled.

Action:

Consider renaming one of the beans or enabling overriding by setting spring.main.allow-bean-definition-overriding=true

26-04-05 23:44:24.011 [Test worker] DEBUG o.springframework.test.context.cache - Spring test ApplicationContext cache statistics: [DefaultContextCache@7f0a133d size = 0, maxSize = 32, parentContextCount = 0, hitCount = 0, missCount = 1, failureCount = 1]
26-04-05 23:44:24.012 [Test worker] WARN  o.s.test.context.TestContextManager - Caught exception while allowing TestExecutionListener [org.springframework.test.context.web.ServletTestExecutionListener] to prepare test instance [com.sprint.mission.discodeit.UserIntegrationTest@241fbec]
java.lang.IllegalStateException: Failed to load ApplicationContext for [WebMergedContextConfiguration@9df564f testClass = com.sprint.mission.discodeit.UserIntegrationTest, locations = [], classes = [com.sprint.mission.discodeit.DiscodeitApplication], contextInitializerClasses = [], activeProfiles = ["test"], propertySourceDescriptors = [], propertySourceProperties = ["org.springframework.boot.test.context.SpringBootTestContextBootstrapper=true"], contextCustomizers = [org.springframework.boot.test.autoconfigure.OnFailureConditionReportContextCustomizerFactory$OnFailureConditionReportContextCustomizer@6821ea29, org.springframework.boot.test.autoconfigure.actuate.observability.ObservabilityContextCustomizerFactory$DisableObservabilityContextCustomizer@1f, org.springframework.boot.test.autoconfigure.properties.PropertyMappingContextCustomizer@4b3fa0b3, org.springframework.boot.test.autoconfigure.web.servlet.WebDriverContextCustomizer@fd8294b, [ImportsContextCustomizer@1a21f43f key = [org.springframework.boot.test.autoconfigure.web.servlet.MockMvcWebDriverAutoConfiguration, org.springframework.boot.test.autoconfigure.web.servlet.MockMvcAutoConfiguration, org.springframework.boot.autoconfigure.security.oauth2.client.servlet.OAuth2ClientAutoConfiguration, org.springframework.boot.autoconfigure.security.servlet.SecurityAutoConfiguration, org.springframework.boot.autoconfigure.security.servlet.SecurityFilterAutoConfiguration, org.springframework.boot.autoconfigure.security.servlet.UserDetailsServiceAutoConfiguration, org.springframework.boot.autoconfigure.security.oauth2.resource.servlet.OAuth2ResourceServerAutoConfiguration, org.springframework.boot.test.autoconfigure.web.servlet.MockMvcSecurityConfiguration, org.springframework.boot.test.autoconfigure.web.servlet.MockMvcWebClientAutoConfiguration, org.springframework.boot.test.autoconfigure.web.reactive.WebTestClientAutoConfiguration]], org.springframework.boot.test.context.filter.ExcludeFilterContextCustomizer@47605f2f, org.springframework.boot.test.json.DuplicateJsonObjectContextCustomizerFactory$DuplicateJsonObjectContextCustomizer@6111ba37, org.springframework.boot.test.mock.mockito.MockitoContextCustomizer@0, org.springframework.boot.test.web.client.TestRestTemplateContextCustomizer@30f5a68a, org.springframework.boot.test.web.reactor.netty.DisableReactorResourceFactoryGlobalResourcesContextCustomizerFactory$DisableReactorResourceFactoryGlobalResourcesContextCustomizerCustomizer@485a3466, org.springframework.test.context.support.DynamicPropertiesContextCustomizer@0, org.springframework.boot.test.context.SpringBootTestAnnotation@44d98d4], resourceBasePath = "src/main/webapp", contextLoader = org.springframework.boot.test.context.SpringBootContextLoader, parent = null]
	at org.springframework.test.context.cache.DefaultCacheAwareContextLoaderDelegate.loadContext(DefaultCacheAwareContextLoaderDelegate.java:180)
	at org.springframework.test.context.support.DefaultTestContext.getApplicationContext(DefaultTestContext.java:130)
	at org.springframework.test.context.web.ServletTestExecutionListener.setUpRequestContextIfNecessary(ServletTestExecutionListener.java:191)
	at org.springframework.test.context.web.ServletTestExecutionListener.prepareTestInstance(ServletTestExecutionListener.java:130)
	at org.springframework.test.context.TestContextManager.prepareTestInstance(TestContextManager.java:260)
	at org.springframework.test.context.junit.jupiter.SpringExtension.postProcessTestInstance(SpringExtension.java:160)
	at org.junit.jupiter.engine.descriptor.ClassBasedTestDescriptor.lambda$invokeTestInstancePostProcessors$11(ClassBasedTestDescriptor.java:378)
	at org.junit.jupiter.engine.descriptor.ClassBasedTestDescriptor.executeAndMaskThrowable(ClassBasedTestDescriptor.java:383)
	at org.junit.jupiter.engine.descriptor.ClassBasedTestDescriptor.lambda$invokeTestInstancePostProcessors$12(ClassBasedTestDescriptor.java:378)
	at java.base/java.util.stream.ForEachOps$ForEachOp$OfRef.accept(ForEachOps.java:183)
	at java.base/java.util.stream.ReferencePipeline$3$1.accept(ReferencePipeline.java:197)
	at java.base/java.util.stream.ReferencePipeline$2$1.accept(ReferencePipeline.java:179)
	at java.base/java.util.stream.ReferencePipeline$3$1.accept(ReferencePipeline.java:197)
	at java.base/java.util.ArrayList$ArrayListSpliterator.forEachRemaining(ArrayList.java:1625)
	at java.base/java.util.stream.AbstractPipeline.copyInto(AbstractPipeline.java:509)
	at java.base/java.util.stream.AbstractPipeline.wrapAndCopyInto(AbstractPipeline.java:499)
	at java.base/java.util.stream.ForEachOps$ForEachOp.evaluateSequential(ForEachOps.java:150)
	at java.base/java.util.stream.ForEachOps$ForEachOp$OfRef.evaluateSequential(ForEachOps.java:173)
	at java.base/java.util.stream.AbstractPipeline.evaluate(AbstractPipeline.java:234)
	at java.base/java.util.stream.ReferencePipeline.forEach(ReferencePipeline.java:596)
	at org.junit.jupiter.engine.descriptor.ClassBasedTestDescriptor.invokeTestInstancePostProcessors(ClassBasedTestDescriptor.java:377)
	at org.junit.jupiter.engine.descriptor.ClassBasedTestDescriptor.lambda$instantiateAndPostProcessTestInstance$7(ClassBasedTestDescriptor.java:290)
	at org.junit.platform.engine.support.hierarchical.ThrowableCollector.execute(ThrowableCollector.java:73)
	at org.junit.jupiter.engine.descriptor.ClassBasedTestDescriptor.instantiateAndPostProcessTestInstance(ClassBasedTestDescriptor.java:289)
	at org.junit.jupiter.engine.descriptor.ClassBasedTestDescriptor.lambda$testInstancesProvider$5(ClassBasedTestDescriptor.java:279)
	at java.base/java.util.Optional.orElseGet(Optional.java:364)
	at org.junit.jupiter.engine.descriptor.ClassBasedTestDescriptor.lambda$testInstancesProvider$6(ClassBasedTestDescriptor.java:278)
	at org.junit.jupiter.engine.execution.TestInstancesProvider.getTestInstances(TestInstancesProvider.java:31)
	at org.junit.jupiter.engine.descriptor.TestMethodTestDescriptor.lambda$prepare$1(TestMethodTestDescriptor.java:105)
	at org.junit.platform.engine.support.hierarchical.ThrowableCollector.execute(ThrowableCollector.java:73)
	at org.junit.jupiter.engine.descriptor.TestMethodTestDescriptor.prepare(TestMethodTestDescriptor.java:104)
	at org.junit.jupiter.engine.descriptor.TestMethodTestDescriptor.prepare(TestMethodTestDescriptor.java:68)
	at org.junit.platform.engine.support.hierarchical.NodeTestTask.lambda$prepare$2(NodeTestTask.java:128)
	at org.junit.platform.engine.support.hierarchical.ThrowableCollector.execute(ThrowableCollector.java:73)
	at org.junit.platform.engine.support.hierarchical.NodeTestTask.prepare(NodeTestTask.java:128)
	at org.junit.platform.engine.support.hierarchical.NodeTestTask.execute(NodeTestTask.java:95)
	at java.base/java.util.ArrayList.forEach(ArrayList.java:1511)
	at org.junit.platform.engine.support.hierarchical.SameThreadHierarchicalTestExecutorService.invokeAll(SameThreadHierarchicalTestExecutorService.java:41)
	at org.junit.platform.engine.support.hierarchical.NodeTestTask.lambda$executeRecursively$6(NodeTestTask.java:160)
	at org.junit.platform.engine.support.hierarchical.ThrowableCollector.execute(ThrowableCollector.java:73)
	at org.junit.platform.engine.support.hierarchical.NodeTestTask.lambda$executeRecursively$8(NodeTestTask.java:146)
	at org.junit.platform.engine.support.hierarchical.Node.around(Node.java:137)
	at org.junit.platform.engine.support.hierarchical.NodeTestTask.lambda$executeRecursively$9(NodeTestTask.java:144)
	at org.junit.platform.engine.support.hierarchical.ThrowableCollector.execute(ThrowableCollector.java:73)
	at org.junit.platform.engine.support.hierarchical.NodeTestTask.executeRecursively(NodeTestTask.java:143)
	at org.junit.platform.engine.support.hierarchical.NodeTestTask.execute(NodeTestTask.java:100)
	at java.base/java.util.ArrayList.forEach(ArrayList.java:1511)
	at org.junit.platform.engine.support.hierarchical.SameThreadHierarchicalTestExecutorService.invokeAll(SameThreadHierarchicalTestExecutorService.java:41)
	at org.junit.platform.engine.support.hierarchical.NodeTestTask.lambda$executeRecursively$6(NodeTestTask.java:160)
	at org.junit.platform.engine.support.hierarchical.ThrowableCollector.execute(ThrowableCollector.java:73)
	at org.junit.platform.engine.support.hierarchical.NodeTestTask.lambda$executeRecursively$8(NodeTestTask.java:146)
	at org.junit.platform.engine.support.hierarchical.Node.around(Node.java:137)
	at org.junit.platform.engine.support.hierarchical.NodeTestTask.lambda$executeRecursively$9(NodeTestTask.java:144)
	at org.junit.platform.engine.support.hierarchical.ThrowableCollector.execute(ThrowableCollector.java:73)
	at org.junit.platform.engine.support.hierarchical.NodeTestTask.executeRecursively(NodeTestTask.java:143)
	at org.junit.platform.engine.support.hierarchical.NodeTestTask.execute(NodeTestTask.java:100)
	at org.junit.platform.engine.support.hierarchical.SameThreadHierarchicalTestExecutorService.submit(SameThreadHierarchicalTestExecutorService.java:35)
	at org.junit.platform.engine.support.hierarchical.HierarchicalTestExecutor.execute(HierarchicalTestExecutor.java:57)
	at org.junit.platform.engine.support.hierarchical.HierarchicalTestEngine.execute(HierarchicalTestEngine.java:54)
	at org.junit.platform.launcher.core.EngineExecutionOrchestrator.execute(EngineExecutionOrchestrator.java:198)
	at org.junit.platform.launcher.core.EngineExecutionOrchestrator.execute(EngineExecutionOrchestrator.java:169)
	at org.junit.platform.launcher.core.EngineExecutionOrchestrator.execute(EngineExecutionOrchestrator.java:93)
	at org.junit.platform.launcher.core.EngineExecutionOrchestrator.lambda$execute$0(EngineExecutionOrchestrator.java:58)
	at org.junit.platform.launcher.core.EngineExecutionOrchestrator.withInterceptedStreams(EngineExecutionOrchestrator.java:141)
	at org.junit.platform.launcher.core.EngineExecutionOrchestrator.execute(EngineExecutionOrchestrator.java:57)
	at org.junit.platform.launcher.core.DefaultLauncher.execute(DefaultLauncher.java:103)
	at org.junit.platform.launcher.core.DefaultLauncher.execute(DefaultLauncher.java:85)
	at org.junit.platform.launcher.core.DelegatingLauncher.execute(DelegatingLauncher.java:47)
	at org.gradle.api.internal.tasks.testing.junitplatform.JUnitPlatformTestClassProcessor$CollectAllTestClassesExecutor.processAllTestClasses(JUnitPlatformTestClassProcessor.java:135)
	at org.gradle.api.internal.tasks.testing.junitplatform.JUnitPlatformTestClassProcessor$CollectAllTestClassesExecutor.access$000(JUnitPlatformTestClassProcessor.java:110)
	at org.gradle.api.internal.tasks.testing.junitplatform.JUnitPlatformTestClassProcessor.stop(JUnitPlatformTestClassProcessor.java:104)
	at org.gradle.api.internal.tasks.testing.SuiteTestClassProcessor.stop(SuiteTestClassProcessor.java:64)
	at java.base/jdk.internal.reflect.NativeMethodAccessorImpl.invoke0(Native Method)
	at java.base/jdk.internal.reflect.NativeMethodAccessorImpl.invoke(NativeMethodAccessorImpl.java:77)
	at java.base/jdk.internal.reflect.DelegatingMethodAccessorImpl.invoke(DelegatingMethodAccessorImpl.java:43)
	at java.base/java.lang.reflect.Method.invoke(Method.java:568)
	at org.gradle.internal.dispatch.ReflectionDispatch.dispatch(ReflectionDispatch.java:36)
	at org.gradle.internal.dispatch.ReflectionDispatch.dispatch(ReflectionDispatch.java:24)
	at org.gradle.internal.dispatch.ContextClassLoaderDispatch.dispatch(ContextClassLoaderDispatch.java:33)
	at org.gradle.internal.dispatch.ProxyDispatchAdapter$DispatchingInvocationHandler.invoke(ProxyDispatchAdapter.java:92)
	at jdk.proxy1/jdk.proxy1.$Proxy4.stop(Unknown Source)
	at org.gradle.api.internal.tasks.testing.worker.TestWorker$3.run(TestWorker.java:200)
	at org.gradle.api.internal.tasks.testing.worker.TestWorker.executeAndMaintainThreadName(TestWorker.java:132)
	at org.gradle.api.internal.tasks.testing.worker.TestWorker.execute(TestWorker.java:103)
	at org.gradle.api.internal.tasks.testing.worker.TestWorker.execute(TestWorker.java:63)
	at org.gradle.process.internal.worker.child.ActionExecutionWorker.execute(ActionExecutionWorker.java:56)
	at org.gradle.process.internal.worker.child.SystemApplicationClassLoaderWorker.call(SystemApplicationClassLoaderWorker.java:122)
	at org.gradle.process.internal.worker.child.SystemApplicationClassLoaderWorker.call(SystemApplicationClassLoaderWorker.java:72)
	at worker.org.gradle.process.internal.worker.GradleWorkerMain.run(GradleWorkerMain.java:69)
	at worker.org.gradle.process.internal.worker.GradleWorkerMain.main(GradleWorkerMain.java:74)
Caused by: org.springframework.beans.factory.support.BeanDefinitionOverrideException: Invalid bean definition with name 'jpaAuditingHandler' defined in null: Cannot register bean definition [Root bean: class=org.springframework.data.auditing.AuditingHandler; scope=; abstract=false; lazyInit=null; autowireMode=2; dependencyCheck=0; autowireCandidate=true; primary=false; fallback=false; factoryBeanName=null; factoryMethodName=from; initMethodNames=null; destroyMethodNames=null] for bean 'jpaAuditingHandler' since there is already [Root bean: class=org.springframework.data.auditing.AuditingHandler; scope=; abstract=false; lazyInit=null; autowireMode=2; dependencyCheck=0; autowireCandidate=true; primary=false; fallback=false; factoryBeanName=null; factoryMethodName=from; initMethodNames=null; destroyMethodNames=null] bound.
	at org.springframework.beans.factory.support.DefaultListableBeanFactory.registerBeanDefinition(DefaultListableBeanFactory.java:1151)
	at org.springframework.data.auditing.config.AuditingBeanDefinitionRegistrarSupport.registerAuditHandlerBeanDefinition(AuditingBeanDefinitionRegistrarSupport.java:79)
	at org.springframework.data.auditing.config.AuditingBeanDefinitionRegistrarSupport.registerBeanDefinitions(AuditingBeanDefinitionRegistrarSupport.java:59)
	at org.springframework.data.jpa.repository.config.JpaAuditingRegistrar.registerBeanDefinitions(JpaAuditingRegistrar.java:67)
	at org.springframework.context.annotation.ImportBeanDefinitionRegistrar.registerBeanDefinitions(ImportBeanDefinitionRegistrar.java:86)
	at org.springframework.context.annotation.ConfigurationClassBeanDefinitionReader.lambda$loadBeanDefinitionsFromRegistrars$1(ConfigurationClassBeanDefinitionReader.java:387)
	at java.base/java.util.LinkedHashMap.forEach(LinkedHashMap.java:721)
	at org.springframework.context.annotation.ConfigurationClassBeanDefinitionReader.loadBeanDefinitionsFromRegistrars(ConfigurationClassBeanDefinitionReader.java:386)
	at org.springframework.context.annotation.ConfigurationClassBeanDefinitionReader.loadBeanDefinitionsForConfigurationClass(ConfigurationClassBeanDefinitionReader.java:149)
	at org.springframework.context.annotation.ConfigurationClassBeanDefinitionReader.loadBeanDefinitions(ConfigurationClassBeanDefinitionReader.java:121)
	at org.springframework.context.annotation.ConfigurationClassPostProcessor.processConfigBeanDefinitions(ConfigurationClassPostProcessor.java:430)
	at org.springframework.context.annotation.ConfigurationClassPostProcessor.postProcessBeanDefinitionRegistry(ConfigurationClassPostProcessor.java:290)
	at org.springframework.context.support.PostProcessorRegistrationDelegate.invokeBeanDefinitionRegistryPostProcessors(PostProcessorRegistrationDelegate.java:349)
	at org.springframework.context.support.PostProcessorRegistrationDelegate.invokeBeanFactoryPostProcessors(PostProcessorRegistrationDelegate.java:118)
	at org.springframework.context.support.AbstractApplicationContext.invokeBeanFactoryPostProcessors(AbstractApplicationContext.java:791)
	at org.springframework.context.support.AbstractApplicationContext.refresh(AbstractApplicationContext.java:609)
	at org.springframework.boot.SpringApplication.refresh(SpringApplication.java:752)
	at org.springframework.boot.SpringApplication.refreshContext(SpringApplication.java:439)
	at org.springframework.boot.SpringApplication.run(SpringApplication.java:318)
	at org.springframework.boot.test.context.SpringBootContextLoader.lambda$loadContext$3(SpringBootContextLoader.java:137)
	at org.springframework.util.function.ThrowingSupplier.get(ThrowingSupplier.java:58)
	at org.springframework.util.function.ThrowingSupplier.get(ThrowingSupplier.java:46)
	at org.springframework.boot.SpringApplication.withHook(SpringApplication.java:1461)
	at org.springframework.boot.test.context.SpringBootContextLoader$ContextLoaderHook.run(SpringBootContextLoader.java:553)
	at org.springframework.boot.test.context.SpringBootContextLoader.loadContext(SpringBootContextLoader.java:137)
	at org.springframework.boot.test.context.SpringBootContextLoader.loadContext(SpringBootContextLoader.java:108)
	at org.springframework.test.context.cache.DefaultCacheAwareContextLoaderDelegate.loadContextInternal(DefaultCacheAwareContextLoaderDelegate.java:225)
	at org.springframework.test.context.cache.DefaultCacheAwareContextLoaderDelegate.loadContext(DefaultCacheAwareContextLoaderDelegate.java:152)
	... 89 common frames omitted
26-04-05 23:44:24.047 [Test worker] DEBUG o.springframework.test.context.cache - Spring test ApplicationContext cache statistics: [DefaultContextCache@7f0a133d size = 0, maxSize = 32, parentContextCount = 0, hitCount = 0, missCount = 2, failureCount = 1]
26-04-05 23:44:24.047 [Test worker] WARN  o.s.test.context.TestContextManager - Caught exception while allowing TestExecutionListener [org.springframework.test.context.web.ServletTestExecutionListener] to prepare test instance [com.sprint.mission.discodeit.UserIntegrationTest@110b7837]
java.lang.IllegalStateException: ApplicationContext failure threshold (1) exceeded: skipping repeated attempt to load context for [WebMergedContextConfiguration@9df564f testClass = com.sprint.mission.discodeit.UserIntegrationTest, locations = [], classes = [com.sprint.mission.discodeit.DiscodeitApplication], contextInitializerClasses = [], activeProfiles = ["test"], propertySourceDescriptors = [], propertySourceProperties = ["org.springframework.boot.test.context.SpringBootTestContextBootstrapper=true"], contextCustomizers = [org.springframework.boot.test.autoconfigure.OnFailureConditionReportContextCustomizerFactory$OnFailureConditionReportContextCustomizer@6821ea29, org.springframework.boot.test.autoconfigure.actuate.observability.ObservabilityContextCustomizerFactory$DisableObservabilityContextCustomizer@1f, org.springframework.boot.test.autoconfigure.properties.PropertyMappingContextCustomizer@4b3fa0b3, org.springframework.boot.test.autoconfigure.web.servlet.WebDriverContextCustomizer@fd8294b, [ImportsContextCustomizer@1a21f43f key = [org.springframework.boot.test.autoconfigure.web.servlet.MockMvcWebDriverAutoConfiguration, org.springframework.boot.test.autoconfigure.web.servlet.MockMvcAutoConfiguration, org.springframework.boot.autoconfigure.security.oauth2.client.servlet.OAuth2ClientAutoConfiguration, org.springframework.boot.autoconfigure.security.servlet.SecurityAutoConfiguration, org.springframework.boot.autoconfigure.security.servlet.SecurityFilterAutoConfiguration, org.springframework.boot.autoconfigure.security.servlet.UserDetailsServiceAutoConfiguration, org.springframework.boot.autoconfigure.security.oauth2.resource.servlet.OAuth2ResourceServerAutoConfiguration, org.springframework.boot.test.autoconfigure.web.servlet.MockMvcSecurityConfiguration, org.springframework.boot.test.autoconfigure.web.servlet.MockMvcWebClientAutoConfiguration, org.springframework.boot.test.autoconfigure.web.reactive.WebTestClientAutoConfiguration]], org.springframework.boot.test.context.filter.ExcludeFilterContextCustomizer@47605f2f, org.springframework.boot.test.json.DuplicateJsonObjectContextCustomizerFactory$DuplicateJsonObjectContextCustomizer@6111ba37, org.springframework.boot.test.mock.mockito.MockitoContextCustomizer@0, org.springframework.boot.test.web.client.TestRestTemplateContextCustomizer@30f5a68a, org.springframework.boot.test.web.reactor.netty.DisableReactorResourceFactoryGlobalResourcesContextCustomizerFactory$DisableReactorResourceFactoryGlobalResourcesContextCustomizerCustomizer@485a3466, org.springframework.test.context.support.DynamicPropertiesContextCustomizer@0, org.springframework.boot.test.context.SpringBootTestAnnotation@44d98d4], resourceBasePath = "src/main/webapp", contextLoader = org.springframework.boot.test.context.SpringBootContextLoader, parent = null]
	at org.springframework.test.context.cache.DefaultCacheAwareContextLoaderDelegate.loadContext(DefaultCacheAwareContextLoaderDelegate.java:145)
	at org.springframework.test.context.support.DefaultTestContext.getApplicationContext(DefaultTestContext.java:130)
	at org.springframework.test.context.web.ServletTestExecutionListener.setUpRequestContextIfNecessary(ServletTestExecutionListener.java:191)
	at org.springframework.test.context.web.ServletTestExecutionListener.prepareTestInstance(ServletTestExecutionListener.java:130)
	at org.springframework.test.context.TestContextManager.prepareTestInstance(TestContextManager.java:260)
	at org.springframework.test.context.junit.jupiter.SpringExtension.postProcessTestInstance(SpringExtension.java:160)
	at org.junit.jupiter.engine.descriptor.ClassBasedTestDescriptor.lambda$invokeTestInstancePostProcessors$11(ClassBasedTestDescriptor.java:378)
	at org.junit.jupiter.engine.descriptor.ClassBasedTestDescriptor.executeAndMaskThrowable(ClassBasedTestDescriptor.java:383)
	at org.junit.jupiter.engine.descriptor.ClassBasedTestDescriptor.lambda$invokeTestInstancePostProcessors$12(ClassBasedTestDescriptor.java:378)
	at java.base/java.util.stream.ForEachOps$ForEachOp$OfRef.accept(ForEachOps.java:183)
	at java.base/java.util.stream.ReferencePipeline$3$1.accept(ReferencePipeline.java:197)
	at java.base/java.util.stream.ReferencePipeline$2$1.accept(ReferencePipeline.java:179)
	at java.base/java.util.stream.ReferencePipeline$3$1.accept(ReferencePipeline.java:197)
	at java.base/java.util.ArrayList$ArrayListSpliterator.forEachRemaining(ArrayList.java:1625)
	at java.base/java.util.stream.AbstractPipeline.copyInto(AbstractPipeline.java:509)
	at java.base/java.util.stream.AbstractPipeline.wrapAndCopyInto(AbstractPipeline.java:499)
	at java.base/java.util.stream.ForEachOps$ForEachOp.evaluateSequential(ForEachOps.java:150)
	at java.base/java.util.stream.ForEachOps$ForEachOp$OfRef.evaluateSequential(ForEachOps.java:173)
	at java.base/java.util.stream.AbstractPipeline.evaluate(AbstractPipeline.java:234)
	at java.base/java.util.stream.ReferencePipeline.forEach(ReferencePipeline.java:596)
	at org.junit.jupiter.engine.descriptor.ClassBasedTestDescriptor.invokeTestInstancePostProcessors(ClassBasedTestDescriptor.java:377)
	at org.junit.jupiter.engine.descriptor.ClassBasedTestDescriptor.lambda$instantiateAndPostProcessTestInstance$7(ClassBasedTestDescriptor.java:290)
	at org.junit.platform.engine.support.hierarchical.ThrowableCollector.execute(ThrowableCollector.java:73)
	at org.junit.jupiter.engine.descriptor.ClassBasedTestDescriptor.instantiateAndPostProcessTestInstance(ClassBasedTestDescriptor.java:289)
	at org.junit.jupiter.engine.descriptor.ClassBasedTestDescriptor.lambda$testInstancesProvider$5(ClassBasedTestDescriptor.java:279)
	at java.base/java.util.Optional.orElseGet(Optional.java:364)
	at org.junit.jupiter.engine.descriptor.ClassBasedTestDescriptor.lambda$testInstancesProvider$6(ClassBasedTestDescriptor.java:278)
	at org.junit.jupiter.engine.execution.TestInstancesProvider.getTestInstances(TestInstancesProvider.java:31)
	at org.junit.jupiter.engine.descriptor.TestMethodTestDescriptor.lambda$prepare$1(TestMethodTestDescriptor.java:105)
	at org.junit.platform.engine.support.hierarchical.ThrowableCollector.execute(ThrowableCollector.java:73)
	at org.junit.jupiter.engine.descriptor.TestMethodTestDescriptor.prepare(TestMethodTestDescriptor.java:104)
	at org.junit.jupiter.engine.descriptor.TestMethodTestDescriptor.prepare(TestMethodTestDescriptor.java:68)
	at org.junit.platform.engine.support.hierarchical.NodeTestTask.lambda$prepare$2(NodeTestTask.java:128)
	at org.junit.platform.engine.support.hierarchical.ThrowableCollector.execute(ThrowableCollector.java:73)
	at org.junit.platform.engine.support.hierarchical.NodeTestTask.prepare(NodeTestTask.java:128)
	at org.junit.platform.engine.support.hierarchical.NodeTestTask.execute(NodeTestTask.java:95)
	at java.base/java.util.ArrayList.forEach(ArrayList.java:1511)
	at org.junit.platform.engine.support.hierarchical.SameThreadHierarchicalTestExecutorService.invokeAll(SameThreadHierarchicalTestExecutorService.java:41)
	at org.junit.platform.engine.support.hierarchical.NodeTestTask.lambda$executeRecursively$6(NodeTestTask.java:160)
	at org.junit.platform.engine.support.hierarchical.ThrowableCollector.execute(ThrowableCollector.java:73)
	at org.junit.platform.engine.support.hierarchical.NodeTestTask.lambda$executeRecursively$8(NodeTestTask.java:146)
	at org.junit.platform.engine.support.hierarchical.Node.around(Node.java:137)
	at org.junit.platform.engine.support.hierarchical.NodeTestTask.lambda$executeRecursively$9(NodeTestTask.java:144)
	at org.junit.platform.engine.support.hierarchical.ThrowableCollector.execute(ThrowableCollector.java:73)
	at org.junit.platform.engine.support.hierarchical.NodeTestTask.executeRecursively(NodeTestTask.java:143)
	at org.junit.platform.engine.support.hierarchical.NodeTestTask.execute(NodeTestTask.java:100)
	at java.base/java.util.ArrayList.forEach(ArrayList.java:1511)
	at org.junit.platform.engine.support.hierarchical.SameThreadHierarchicalTestExecutorService.invokeAll(SameThreadHierarchicalTestExecutorService.java:41)
	at org.junit.platform.engine.support.hierarchical.NodeTestTask.lambda$executeRecursively$6(NodeTestTask.java:160)
	at org.junit.platform.engine.support.hierarchical.ThrowableCollector.execute(ThrowableCollector.java:73)
	at org.junit.platform.engine.support.hierarchical.NodeTestTask.lambda$executeRecursively$8(NodeTestTask.java:146)
	at org.junit.platform.engine.support.hierarchical.Node.around(Node.java:137)
	at org.junit.platform.engine.support.hierarchical.NodeTestTask.lambda$executeRecursively$9(NodeTestTask.java:144)
	at org.junit.platform.engine.support.hierarchical.ThrowableCollector.execute(ThrowableCollector.java:73)
	at org.junit.platform.engine.support.hierarchical.NodeTestTask.executeRecursively(NodeTestTask.java:143)
	at org.junit.platform.engine.support.hierarchical.NodeTestTask.execute(NodeTestTask.java:100)
	at org.junit.platform.engine.support.hierarchical.SameThreadHierarchicalTestExecutorService.submit(SameThreadHierarchicalTestExecutorService.java:35)
	at org.junit.platform.engine.support.hierarchical.HierarchicalTestExecutor.execute(HierarchicalTestExecutor.java:57)
	at org.junit.platform.engine.support.hierarchical.HierarchicalTestEngine.execute(HierarchicalTestEngine.java:54)
	at org.junit.platform.launcher.core.EngineExecutionOrchestrator.execute(EngineExecutionOrchestrator.java:198)
	at org.junit.platform.launcher.core.EngineExecutionOrchestrator.execute(EngineExecutionOrchestrator.java:169)
	at org.junit.platform.launcher.core.EngineExecutionOrchestrator.execute(EngineExecutionOrchestrator.java:93)
	at org.junit.platform.launcher.core.EngineExecutionOrchestrator.lambda$execute$0(EngineExecutionOrchestrator.java:58)
	at org.junit.platform.launcher.core.EngineExecutionOrchestrator.withInterceptedStreams(EngineExecutionOrchestrator.java:141)
	at org.junit.platform.launcher.core.EngineExecutionOrchestrator.execute(EngineExecutionOrchestrator.java:57)
	at org.junit.platform.launcher.core.DefaultLauncher.execute(DefaultLauncher.java:103)
	at org.junit.platform.launcher.core.DefaultLauncher.execute(DefaultLauncher.java:85)
	at org.junit.platform.launcher.core.DelegatingLauncher.execute(DelegatingLauncher.java:47)
	at org.gradle.api.internal.tasks.testing.junitplatform.JUnitPlatformTestClassProcessor$CollectAllTestClassesExecutor.processAllTestClasses(JUnitPlatformTestClassProcessor.java:135)
	at org.gradle.api.internal.tasks.testing.junitplatform.JUnitPlatformTestClassProcessor$CollectAllTestClassesExecutor.access$000(JUnitPlatformTestClassProcessor.java:110)
	at org.gradle.api.internal.tasks.testing.junitplatform.JUnitPlatformTestClassProcessor.stop(JUnitPlatformTestClassProcessor.java:104)
	at org.gradle.api.internal.tasks.testing.SuiteTestClassProcessor.stop(SuiteTestClassProcessor.java:64)
	at java.base/jdk.internal.reflect.NativeMethodAccessorImpl.invoke0(Native Method)
	at java.base/jdk.internal.reflect.NativeMethodAccessorImpl.invoke(NativeMethodAccessorImpl.java:77)
	at java.base/jdk.internal.reflect.DelegatingMethodAccessorImpl.invoke(DelegatingMethodAccessorImpl.java:43)
	at java.base/java.lang.reflect.Method.invoke(Method.java:568)
	at org.gradle.internal.dispatch.ReflectionDispatch.dispatch(ReflectionDispatch.java:36)
	at org.gradle.internal.dispatch.ReflectionDispatch.dispatch(ReflectionDispatch.java:24)
	at org.gradle.internal.dispatch.ContextClassLoaderDispatch.dispatch(ContextClassLoaderDispatch.java:33)
	at org.gradle.internal.dispatch.ProxyDispatchAdapter$DispatchingInvocationHandler.invoke(ProxyDispatchAdapter.java:92)
	at jdk.proxy1/jdk.proxy1.$Proxy4.stop(Unknown Source)
	at org.gradle.api.internal.tasks.testing.worker.TestWorker$3.run(TestWorker.java:200)
	at org.gradle.api.internal.tasks.testing.worker.TestWorker.executeAndMaintainThreadName(TestWorker.java:132)
	at org.gradle.api.internal.tasks.testing.worker.TestWorker.execute(TestWorker.java:103)
	at org.gradle.api.internal.tasks.testing.worker.TestWorker.execute(TestWorker.java:63)
	at org.gradle.process.internal.worker.child.ActionExecutionWorker.execute(ActionExecutionWorker.java:56)
	at org.gradle.process.internal.worker.child.SystemApplicationClassLoaderWorker.call(SystemApplicationClassLoaderWorker.java:122)
	at org.gradle.process.internal.worker.child.SystemApplicationClassLoaderWorker.call(SystemApplicationClassLoaderWorker.java:72)
	at worker.org.gradle.process.internal.worker.GradleWorkerMain.run(GradleWorkerMain.java:69)
	at worker.org.gradle.process.internal.worker.GradleWorkerMain.main(GradleWorkerMain.java:74)
26-04-05 23:44:24.052 [Test worker] DEBUG o.springframework.test.context.cache - Spring test ApplicationContext cache statistics: [DefaultContextCache@7f0a133d size = 0, maxSize = 32, parentContextCount = 0, hitCount = 0, missCount = 3, failureCount = 1]
26-04-05 23:44:24.053 [Test worker] WARN  o.s.test.context.TestContextManager - Caught exception while allowing TestExecutionListener [org.springframework.test.context.web.ServletTestExecutionListener] to prepare test instance [com.sprint.mission.discodeit.UserIntegrationTest@78d23d6a]
java.lang.IllegalStateException: ApplicationContext failure threshold (1) exceeded: skipping repeated attempt to load context for [WebMergedContextConfiguration@9df564f testClass = com.sprint.mission.discodeit.UserIntegrationTest, locations = [], classes = [com.sprint.mission.discodeit.DiscodeitApplication], contextInitializerClasses = [], activeProfiles = ["test"], propertySourceDescriptors = [], propertySourceProperties = ["org.springframework.boot.test.context.SpringBootTestContextBootstrapper=true"], contextCustomizers = [org.springframework.boot.test.autoconfigure.OnFailureConditionReportContextCustomizerFactory$OnFailureConditionReportContextCustomizer@6821ea29, org.springframework.boot.test.autoconfigure.actuate.observability.ObservabilityContextCustomizerFactory$DisableObservabilityContextCustomizer@1f, org.springframework.boot.test.autoconfigure.properties.PropertyMappingContextCustomizer@4b3fa0b3, org.springframework.boot.test.autoconfigure.web.servlet.WebDriverContextCustomizer@fd8294b, [ImportsContextCustomizer@1a21f43f key = [org.springframework.boot.test.autoconfigure.web.servlet.MockMvcWebDriverAutoConfiguration, org.springframework.boot.test.autoconfigure.web.servlet.MockMvcAutoConfiguration, org.springframework.boot.autoconfigure.security.oauth2.client.servlet.OAuth2ClientAutoConfiguration, org.springframework.boot.autoconfigure.security.servlet.SecurityAutoConfiguration, org.springframework.boot.autoconfigure.security.servlet.SecurityFilterAutoConfiguration, org.springframework.boot.autoconfigure.security.servlet.UserDetailsServiceAutoConfiguration, org.springframework.boot.autoconfigure.security.oauth2.resource.servlet.OAuth2ResourceServerAutoConfiguration, org.springframework.boot.test.autoconfigure.web.servlet.MockMvcSecurityConfiguration, org.springframework.boot.test.autoconfigure.web.servlet.MockMvcWebClientAutoConfiguration, org.springframework.boot.test.autoconfigure.web.reactive.WebTestClientAutoConfiguration]], org.springframework.boot.test.context.filter.ExcludeFilterContextCustomizer@47605f2f, org.springframework.boot.test.json.DuplicateJsonObjectContextCustomizerFactory$DuplicateJsonObjectContextCustomizer@6111ba37, org.springframework.boot.test.mock.mockito.MockitoContextCustomizer@0, org.springframework.boot.test.web.client.TestRestTemplateContextCustomizer@30f5a68a, org.springframework.boot.test.web.reactor.netty.DisableReactorResourceFactoryGlobalResourcesContextCustomizerFactory$DisableReactorResourceFactoryGlobalResourcesContextCustomizerCustomizer@485a3466, org.springframework.test.context.support.DynamicPropertiesContextCustomizer@0, org.springframework.boot.test.context.SpringBootTestAnnotation@44d98d4], resourceBasePath = "src/main/webapp", contextLoader = org.springframework.boot.test.context.SpringBootContextLoader, parent = null]
	at org.springframework.test.context.cache.DefaultCacheAwareContextLoaderDelegate.loadContext(DefaultCacheAwareContextLoaderDelegate.java:145)
	at org.springframework.test.context.support.DefaultTestContext.getApplicationContext(DefaultTestContext.java:130)
	at org.springframework.test.context.web.ServletTestExecutionListener.setUpRequestContextIfNecessary(ServletTestExecutionListener.java:191)
	at org.springframework.test.context.web.ServletTestExecutionListener.prepareTestInstance(ServletTestExecutionListener.java:130)
	at org.springframework.test.context.TestContextManager.prepareTestInstance(TestContextManager.java:260)
	at org.springframework.test.context.junit.jupiter.SpringExtension.postProcessTestInstance(SpringExtension.java:160)
	at org.junit.jupiter.engine.descriptor.ClassBasedTestDescriptor.lambda$invokeTestInstancePostProcessors$11(ClassBasedTestDescriptor.java:378)
	at org.junit.jupiter.engine.descriptor.ClassBasedTestDescriptor.executeAndMaskThrowable(ClassBasedTestDescriptor.java:383)
	at org.junit.jupiter.engine.descriptor.ClassBasedTestDescriptor.lambda$invokeTestInstancePostProcessors$12(ClassBasedTestDescriptor.java:378)
	at java.base/java.util.stream.ForEachOps$ForEachOp$OfRef.accept(ForEachOps.java:183)
	at java.base/java.util.stream.ReferencePipeline$3$1.accept(ReferencePipeline.java:197)
	at java.base/java.util.stream.ReferencePipeline$2$1.accept(ReferencePipeline.java:179)
	at java.base/java.util.stream.ReferencePipeline$3$1.accept(ReferencePipeline.java:197)
	at java.base/java.util.ArrayList$ArrayListSpliterator.forEachRemaining(ArrayList.java:1625)
	at java.base/java.util.stream.AbstractPipeline.copyInto(AbstractPipeline.java:509)
	at java.base/java.util.stream.AbstractPipeline.wrapAndCopyInto(AbstractPipeline.java:499)
	at java.base/java.util.stream.ForEachOps$ForEachOp.evaluateSequential(ForEachOps.java:150)
	at java.base/java.util.stream.ForEachOps$ForEachOp$OfRef.evaluateSequential(ForEachOps.java:173)
	at java.base/java.util.stream.AbstractPipeline.evaluate(AbstractPipeline.java:234)
	at java.base/java.util.stream.ReferencePipeline.forEach(ReferencePipeline.java:596)
	at org.junit.jupiter.engine.descriptor.ClassBasedTestDescriptor.invokeTestInstancePostProcessors(ClassBasedTestDescriptor.java:377)
	at org.junit.jupiter.engine.descriptor.ClassBasedTestDescriptor.lambda$instantiateAndPostProcessTestInstance$7(ClassBasedTestDescriptor.java:290)
	at org.junit.platform.engine.support.hierarchical.ThrowableCollector.execute(ThrowableCollector.java:73)
	at org.junit.jupiter.engine.descriptor.ClassBasedTestDescriptor.instantiateAndPostProcessTestInstance(ClassBasedTestDescriptor.java:289)
	at org.junit.jupiter.engine.descriptor.ClassBasedTestDescriptor.lambda$testInstancesProvider$5(ClassBasedTestDescriptor.java:279)
	at java.base/java.util.Optional.orElseGet(Optional.java:364)
	at org.junit.jupiter.engine.descriptor.ClassBasedTestDescriptor.lambda$testInstancesProvider$6(ClassBasedTestDescriptor.java:278)
	at org.junit.jupiter.engine.execution.TestInstancesProvider.getTestInstances(TestInstancesProvider.java:31)
	at org.junit.jupiter.engine.descriptor.TestMethodTestDescriptor.lambda$prepare$1(TestMethodTestDescriptor.java:105)
	at org.junit.platform.engine.support.hierarchical.ThrowableCollector.execute(ThrowableCollector.java:73)
	at org.junit.jupiter.engine.descriptor.TestMethodTestDescriptor.prepare(TestMethodTestDescriptor.java:104)
	at org.junit.jupiter.engine.descriptor.TestMethodTestDescriptor.prepare(TestMethodTestDescriptor.java:68)
	at org.junit.platform.engine.support.hierarchical.NodeTestTask.lambda$prepare$2(NodeTestTask.java:128)
	at org.junit.platform.engine.support.hierarchical.ThrowableCollector.execute(ThrowableCollector.java:73)
	at org.junit.platform.engine.support.hierarchical.NodeTestTask.prepare(NodeTestTask.java:128)
	at org.junit.platform.engine.support.hierarchical.NodeTestTask.execute(NodeTestTask.java:95)
	at java.base/java.util.ArrayList.forEach(ArrayList.java:1511)
	at org.junit.platform.engine.support.hierarchical.SameThreadHierarchicalTestExecutorService.invokeAll(SameThreadHierarchicalTestExecutorService.java:41)
	at org.junit.platform.engine.support.hierarchical.NodeTestTask.lambda$executeRecursively$6(NodeTestTask.java:160)
	at org.junit.platform.engine.support.hierarchical.ThrowableCollector.execute(ThrowableCollector.java:73)
	at org.junit.platform.engine.support.hierarchical.NodeTestTask.lambda$executeRecursively$8(NodeTestTask.java:146)
	at org.junit.platform.engine.support.hierarchical.Node.around(Node.java:137)
	at org.junit.platform.engine.support.hierarchical.NodeTestTask.lambda$executeRecursively$9(NodeTestTask.java:144)
	at org.junit.platform.engine.support.hierarchical.ThrowableCollector.execute(ThrowableCollector.java:73)
	at org.junit.platform.engine.support.hierarchical.NodeTestTask.executeRecursively(NodeTestTask.java:143)
	at org.junit.platform.engine.support.hierarchical.NodeTestTask.execute(NodeTestTask.java:100)
	at java.base/java.util.ArrayList.forEach(ArrayList.java:1511)
	at org.junit.platform.engine.support.hierarchical.SameThreadHierarchicalTestExecutorService.invokeAll(SameThreadHierarchicalTestExecutorService.java:41)
	at org.junit.platform.engine.support.hierarchical.NodeTestTask.lambda$executeRecursively$6(NodeTestTask.java:160)
	at org.junit.platform.engine.support.hierarchical.ThrowableCollector.execute(ThrowableCollector.java:73)
	at org.junit.platform.engine.support.hierarchical.NodeTestTask.lambda$executeRecursively$8(NodeTestTask.java:146)
	at org.junit.platform.engine.support.hierarchical.Node.around(Node.java:137)
	at org.junit.platform.engine.support.hierarchical.NodeTestTask.lambda$executeRecursively$9(NodeTestTask.java:144)
	at org.junit.platform.engine.support.hierarchical.ThrowableCollector.execute(ThrowableCollector.java:73)
	at org.junit.platform.engine.support.hierarchical.NodeTestTask.executeRecursively(NodeTestTask.java:143)
	at org.junit.platform.engine.support.hierarchical.NodeTestTask.execute(NodeTestTask.java:100)
	at org.junit.platform.engine.support.hierarchical.SameThreadHierarchicalTestExecutorService.submit(SameThreadHierarchicalTestExecutorService.java:35)
	at org.junit.platform.engine.support.hierarchical.HierarchicalTestExecutor.execute(HierarchicalTestExecutor.java:57)
	at org.junit.platform.engine.support.hierarchical.HierarchicalTestEngine.execute(HierarchicalTestEngine.java:54)
	at org.junit.platform.launcher.core.EngineExecutionOrchestrator.execute(EngineExecutionOrchestrator.java:198)
	at org.junit.platform.launcher.core.EngineExecutionOrchestrator.execute(EngineExecutionOrchestrator.java:169)
	at org.junit.platform.launcher.core.EngineExecutionOrchestrator.execute(EngineExecutionOrchestrator.java:93)
	at org.junit.platform.launcher.core.EngineExecutionOrchestrator.lambda$execute$0(EngineExecutionOrchestrator.java:58)
	at org.junit.platform.launcher.core.EngineExecutionOrchestrator.withInterceptedStreams(EngineExecutionOrchestrator.java:141)
	at org.junit.platform.launcher.core.EngineExecutionOrchestrator.execute(EngineExecutionOrchestrator.java:57)
	at org.junit.platform.launcher.core.DefaultLauncher.execute(DefaultLauncher.java:103)
	at org.junit.platform.launcher.core.DefaultLauncher.execute(DefaultLauncher.java:85)
	at org.junit.platform.launcher.core.DelegatingLauncher.execute(DelegatingLauncher.java:47)
	at org.gradle.api.internal.tasks.testing.junitplatform.JUnitPlatformTestClassProcessor$CollectAllTestClassesExecutor.processAllTestClasses(JUnitPlatformTestClassProcessor.java:135)
	at org.gradle.api.internal.tasks.testing.junitplatform.JUnitPlatformTestClassProcessor$CollectAllTestClassesExecutor.access$000(JUnitPlatformTestClassProcessor.java:110)
	at org.gradle.api.internal.tasks.testing.junitplatform.JUnitPlatformTestClassProcessor.stop(JUnitPlatformTestClassProcessor.java:104)
	at org.gradle.api.internal.tasks.testing.SuiteTestClassProcessor.stop(SuiteTestClassProcessor.java:64)
	at java.base/jdk.internal.reflect.NativeMethodAccessorImpl.invoke0(Native Method)
	at java.base/jdk.internal.reflect.NativeMethodAccessorImpl.invoke(NativeMethodAccessorImpl.java:77)
	at java.base/jdk.internal.reflect.DelegatingMethodAccessorImpl.invoke(DelegatingMethodAccessorImpl.java:43)
	at java.base/java.lang.reflect.Method.invoke(Method.java:568)
	at org.gradle.internal.dispatch.ReflectionDispatch.dispatch(ReflectionDispatch.java:36)
	at org.gradle.internal.dispatch.ReflectionDispatch.dispatch(ReflectionDispatch.java:24)
	at org.gradle.internal.dispatch.ContextClassLoaderDispatch.dispatch(ContextClassLoaderDispatch.java:33)
	at org.gradle.internal.dispatch.ProxyDispatchAdapter$DispatchingInvocationHandler.invoke(ProxyDispatchAdapter.java:92)
	at jdk.proxy1/jdk.proxy1.$Proxy4.stop(Unknown Source)
	at org.gradle.api.internal.tasks.testing.worker.TestWorker$3.run(TestWorker.java:200)
	at org.gradle.api.internal.tasks.testing.worker.TestWorker.executeAndMaintainThreadName(TestWorker.java:132)
	at org.gradle.api.internal.tasks.testing.worker.TestWorker.execute(TestWorker.java:103)
	at org.gradle.api.internal.tasks.testing.worker.TestWorker.execute(TestWorker.java:63)
	at org.gradle.process.internal.worker.child.ActionExecutionWorker.execute(ActionExecutionWorker.java:56)
	at org.gradle.process.internal.worker.child.SystemApplicationClassLoaderWorker.call(SystemApplicationClassLoaderWorker.java:122)
	at org.gradle.process.internal.worker.child.SystemApplicationClassLoaderWorker.call(SystemApplicationClassLoaderWorker.java:72)
	at worker.org.gradle.process.internal.worker.GradleWorkerMain.run(GradleWorkerMain.java:69)
	at worker.org.gradle.process.internal.worker.GradleWorkerMain.main(GradleWorkerMain.java:74)
26-04-05 23:44:24.058 [Test worker] DEBUG o.springframework.test.context.cache - Spring test ApplicationContext cache statistics: [DefaultContextCache@7f0a133d size = 0, maxSize = 32, parentContextCount = 0, hitCount = 0, missCount = 4, failureCount = 1]
26-04-05 23:44:24.059 [Test worker] WARN  o.s.test.context.TestContextManager - Caught exception while allowing TestExecutionListener [org.springframework.test.context.web.ServletTestExecutionListener] to prepare test instance [com.sprint.mission.discodeit.UserIntegrationTest@28ee0a3c]
java.lang.IllegalStateException: ApplicationContext failure threshold (1) exceeded: skipping repeated attempt to load context for [WebMergedContextConfiguration@9df564f testClass = com.sprint.mission.discodeit.UserIntegrationTest, locations = [], classes = [com.sprint.mission.discodeit.DiscodeitApplication], contextInitializerClasses = [], activeProfiles = ["test"], propertySourceDescriptors = [], propertySourceProperties = ["org.springframework.boot.test.context.SpringBootTestContextBootstrapper=true"], contextCustomizers = [org.springframework.boot.test.autoconfigure.OnFailureConditionReportContextCustomizerFactory$OnFailureConditionReportContextCustomizer@6821ea29, org.springframework.boot.test.autoconfigure.actuate.observability.ObservabilityContextCustomizerFactory$DisableObservabilityContextCustomizer@1f, org.springframework.boot.test.autoconfigure.properties.PropertyMappingContextCustomizer@4b3fa0b3, org.springframework.boot.test.autoconfigure.web.servlet.WebDriverContextCustomizer@fd8294b, [ImportsContextCustomizer@1a21f43f key = [org.springframework.boot.test.autoconfigure.web.servlet.MockMvcWebDriverAutoConfiguration, org.springframework.boot.test.autoconfigure.web.servlet.MockMvcAutoConfiguration, org.springframework.boot.autoconfigure.security.oauth2.client.servlet.OAuth2ClientAutoConfiguration, org.springframework.boot.autoconfigure.security.servlet.SecurityAutoConfiguration, org.springframework.boot.autoconfigure.security.servlet.SecurityFilterAutoConfiguration, org.springframework.boot.autoconfigure.security.servlet.UserDetailsServiceAutoConfiguration, org.springframework.boot.autoconfigure.security.oauth2.resource.servlet.OAuth2ResourceServerAutoConfiguration, org.springframework.boot.test.autoconfigure.web.servlet.MockMvcSecurityConfiguration, org.springframework.boot.test.autoconfigure.web.servlet.MockMvcWebClientAutoConfiguration, org.springframework.boot.test.autoconfigure.web.reactive.WebTestClientAutoConfiguration]], org.springframework.boot.test.context.filter.ExcludeFilterContextCustomizer@47605f2f, org.springframework.boot.test.json.DuplicateJsonObjectContextCustomizerFactory$DuplicateJsonObjectContextCustomizer@6111ba37, org.springframework.boot.test.mock.mockito.MockitoContextCustomizer@0, org.springframework.boot.test.web.client.TestRestTemplateContextCustomizer@30f5a68a, org.springframework.boot.test.web.reactor.netty.DisableReactorResourceFactoryGlobalResourcesContextCustomizerFactory$DisableReactorResourceFactoryGlobalResourcesContextCustomizerCustomizer@485a3466, org.springframework.test.context.support.DynamicPropertiesContextCustomizer@0, org.springframework.boot.test.context.SpringBootTestAnnotation@44d98d4], resourceBasePath = "src/main/webapp", contextLoader = org.springframework.boot.test.context.SpringBootContextLoader, parent = null]
	at org.springframework.test.context.cache.DefaultCacheAwareContextLoaderDelegate.loadContext(DefaultCacheAwareContextLoaderDelegate.java:145)
	at org.springframework.test.context.support.DefaultTestContext.getApplicationContext(DefaultTestContext.java:130)
	at org.springframework.test.context.web.ServletTestExecutionListener.setUpRequestContextIfNecessary(ServletTestExecutionListener.java:191)
	at org.springframework.test.context.web.ServletTestExecutionListener.prepareTestInstance(ServletTestExecutionListener.java:130)
	at org.springframework.test.context.TestContextManager.prepareTestInstance(TestContextManager.java:260)
	at org.springframework.test.context.junit.jupiter.SpringExtension.postProcessTestInstance(SpringExtension.java:160)
	at org.junit.jupiter.engine.descriptor.ClassBasedTestDescriptor.lambda$invokeTestInstancePostProcessors$11(ClassBasedTestDescriptor.java:378)
	at org.junit.jupiter.engine.descriptor.ClassBasedTestDescriptor.executeAndMaskThrowable(ClassBasedTestDescriptor.java:383)
	at org.junit.jupiter.engine.descriptor.ClassBasedTestDescriptor.lambda$invokeTestInstancePostProcessors$12(ClassBasedTestDescriptor.java:378)
	at java.base/java.util.stream.ForEachOps$ForEachOp$OfRef.accept(ForEachOps.java:183)
	at java.base/java.util.stream.ReferencePipeline$3$1.accept(ReferencePipeline.java:197)
	at java.base/java.util.stream.ReferencePipeline$2$1.accept(ReferencePipeline.java:179)
	at java.base/java.util.stream.ReferencePipeline$3$1.accept(ReferencePipeline.java:197)
	at java.base/java.util.ArrayList$ArrayListSpliterator.forEachRemaining(ArrayList.java:1625)
	at java.base/java.util.stream.AbstractPipeline.copyInto(AbstractPipeline.java:509)
	at java.base/java.util.stream.AbstractPipeline.wrapAndCopyInto(AbstractPipeline.java:499)
	at java.base/java.util.stream.ForEachOps$ForEachOp.evaluateSequential(ForEachOps.java:150)
	at java.base/java.util.stream.ForEachOps$ForEachOp$OfRef.evaluateSequential(ForEachOps.java:173)
	at java.base/java.util.stream.AbstractPipeline.evaluate(AbstractPipeline.java:234)
	at java.base/java.util.stream.ReferencePipeline.forEach(ReferencePipeline.java:596)
	at org.junit.jupiter.engine.descriptor.ClassBasedTestDescriptor.invokeTestInstancePostProcessors(ClassBasedTestDescriptor.java:377)
	at org.junit.jupiter.engine.descriptor.ClassBasedTestDescriptor.lambda$instantiateAndPostProcessTestInstance$7(ClassBasedTestDescriptor.java:290)
	at org.junit.platform.engine.support.hierarchical.ThrowableCollector.execute(ThrowableCollector.java:73)
	at org.junit.jupiter.engine.descriptor.ClassBasedTestDescriptor.instantiateAndPostProcessTestInstance(ClassBasedTestDescriptor.java:289)
	at org.junit.jupiter.engine.descriptor.ClassBasedTestDescriptor.lambda$testInstancesProvider$5(ClassBasedTestDescriptor.java:279)
	at java.base/java.util.Optional.orElseGet(Optional.java:364)
	at org.junit.jupiter.engine.descriptor.ClassBasedTestDescriptor.lambda$testInstancesProvider$6(ClassBasedTestDescriptor.java:278)
	at org.junit.jupiter.engine.execution.TestInstancesProvider.getTestInstances(TestInstancesProvider.java:31)
	at org.junit.jupiter.engine.descriptor.TestMethodTestDescriptor.lambda$prepare$1(TestMethodTestDescriptor.java:105)
	at org.junit.platform.engine.support.hierarchical.ThrowableCollector.execute(ThrowableCollector.java:73)
	at org.junit.jupiter.engine.descriptor.TestMethodTestDescriptor.prepare(TestMethodTestDescriptor.java:104)
	at org.junit.jupiter.engine.descriptor.TestMethodTestDescriptor.prepare(TestMethodTestDescriptor.java:68)
	at org.junit.platform.engine.support.hierarchical.NodeTestTask.lambda$prepare$2(NodeTestTask.java:128)
	at org.junit.platform.engine.support.hierarchical.ThrowableCollector.execute(ThrowableCollector.java:73)
	at org.junit.platform.engine.support.hierarchical.NodeTestTask.prepare(NodeTestTask.java:128)
	at org.junit.platform.engine.support.hierarchical.NodeTestTask.execute(NodeTestTask.java:95)
	at java.base/java.util.ArrayList.forEach(ArrayList.java:1511)
	at org.junit.platform.engine.support.hierarchical.SameThreadHierarchicalTestExecutorService.invokeAll(SameThreadHierarchicalTestExecutorService.java:41)
	at org.junit.platform.engine.support.hierarchical.NodeTestTask.lambda$executeRecursively$6(NodeTestTask.java:160)
	at org.junit.platform.engine.support.hierarchical.ThrowableCollector.execute(ThrowableCollector.java:73)
	at org.junit.platform.engine.support.hierarchical.NodeTestTask.lambda$executeRecursively$8(NodeTestTask.java:146)
	at org.junit.platform.engine.support.hierarchical.Node.around(Node.java:137)
	at org.junit.platform.engine.support.hierarchical.NodeTestTask.lambda$executeRecursively$9(NodeTestTask.java:144)
	at org.junit.platform.engine.support.hierarchical.ThrowableCollector.execute(ThrowableCollector.java:73)
	at org.junit.platform.engine.support.hierarchical.NodeTestTask.executeRecursively(NodeTestTask.java:143)
	at org.junit.platform.engine.support.hierarchical.NodeTestTask.execute(NodeTestTask.java:100)
	at java.base/java.util.ArrayList.forEach(ArrayList.java:1511)
	at org.junit.platform.engine.support.hierarchical.SameThreadHierarchicalTestExecutorService.invokeAll(SameThreadHierarchicalTestExecutorService.java:41)
	at org.junit.platform.engine.support.hierarchical.NodeTestTask.lambda$executeRecursively$6(NodeTestTask.java:160)
	at org.junit.platform.engine.support.hierarchical.ThrowableCollector.execute(ThrowableCollector.java:73)
	at org.junit.platform.engine.support.hierarchical.NodeTestTask.lambda$executeRecursively$8(NodeTestTask.java:146)
	at org.junit.platform.engine.support.hierarchical.Node.around(Node.java:137)
	at org.junit.platform.engine.support.hierarchical.NodeTestTask.lambda$executeRecursively$9(NodeTestTask.java:144)
	at org.junit.platform.engine.support.hierarchical.ThrowableCollector.execute(ThrowableCollector.java:73)
	at org.junit.platform.engine.support.hierarchical.NodeTestTask.executeRecursively(NodeTestTask.java:143)
	at org.junit.platform.engine.support.hierarchical.NodeTestTask.execute(NodeTestTask.java:100)
	at org.junit.platform.engine.support.hierarchical.SameThreadHierarchicalTestExecutorService.submit(SameThreadHierarchicalTestExecutorService.java:35)
	at org.junit.platform.engine.support.hierarchical.HierarchicalTestExecutor.execute(HierarchicalTestExecutor.java:57)
	at org.junit.platform.engine.support.hierarchical.HierarchicalTestEngine.execute(HierarchicalTestEngine.java:54)
	at org.junit.platform.launcher.core.EngineExecutionOrchestrator.execute(EngineExecutionOrchestrator.java:198)
	at org.junit.platform.launcher.core.EngineExecutionOrchestrator.execute(EngineExecutionOrchestrator.java:169)
	at org.junit.platform.launcher.core.EngineExecutionOrchestrator.execute(EngineExecutionOrchestrator.java:93)
	at org.junit.platform.launcher.core.EngineExecutionOrchestrator.lambda$execute$0(EngineExecutionOrchestrator.java:58)
	at org.junit.platform.launcher.core.EngineExecutionOrchestrator.withInterceptedStreams(EngineExecutionOrchestrator.java:141)
	at org.junit.platform.launcher.core.EngineExecutionOrchestrator.execute(EngineExecutionOrchestrator.java:57)
	at org.junit.platform.launcher.core.DefaultLauncher.execute(DefaultLauncher.java:103)
	at org.junit.platform.launcher.core.DefaultLauncher.execute(DefaultLauncher.java:85)
	at org.junit.platform.launcher.core.DelegatingLauncher.execute(DelegatingLauncher.java:47)
	at org.gradle.api.internal.tasks.testing.junitplatform.JUnitPlatformTestClassProcessor$CollectAllTestClassesExecutor.processAllTestClasses(JUnitPlatformTestClassProcessor.java:135)
	at org.gradle.api.internal.tasks.testing.junitplatform.JUnitPlatformTestClassProcessor$CollectAllTestClassesExecutor.access$000(JUnitPlatformTestClassProcessor.java:110)
	at org.gradle.api.internal.tasks.testing.junitplatform.JUnitPlatformTestClassProcessor.stop(JUnitPlatformTestClassProcessor.java:104)
	at org.gradle.api.internal.tasks.testing.SuiteTestClassProcessor.stop(SuiteTestClassProcessor.java:64)
	at java.base/jdk.internal.reflect.NativeMethodAccessorImpl.invoke0(Native Method)
	at java.base/jdk.internal.reflect.NativeMethodAccessorImpl.invoke(NativeMethodAccessorImpl.java:77)
	at java.base/jdk.internal.reflect.DelegatingMethodAccessorImpl.invoke(DelegatingMethodAccessorImpl.java:43)
	at java.base/java.lang.reflect.Method.invoke(Method.java:568)
	at org.gradle.internal.dispatch.ReflectionDispatch.dispatch(ReflectionDispatch.java:36)
	at org.gradle.internal.dispatch.ReflectionDispatch.dispatch(ReflectionDispatch.java:24)
	at org.gradle.internal.dispatch.ContextClassLoaderDispatch.dispatch(ContextClassLoaderDispatch.java:33)
	at org.gradle.internal.dispatch.ProxyDispatchAdapter$DispatchingInvocationHandler.invoke(ProxyDispatchAdapter.java:92)
	at jdk.proxy1/jdk.proxy1.$Proxy4.stop(Unknown Source)
	at org.gradle.api.internal.tasks.testing.worker.TestWorker$3.run(TestWorker.java:200)
	at org.gradle.api.internal.tasks.testing.worker.TestWorker.executeAndMaintainThreadName(TestWorker.java:132)
	at org.gradle.api.internal.tasks.testing.worker.TestWorker.execute(TestWorker.java:103)
	at org.gradle.api.internal.tasks.testing.worker.TestWorker.execute(TestWorker.java:63)
	at org.gradle.process.internal.worker.child.ActionExecutionWorker.execute(ActionExecutionWorker.java:56)
	at org.gradle.process.internal.worker.child.SystemApplicationClassLoaderWorker.call(SystemApplicationClassLoaderWorker.java:122)
	at org.gradle.process.internal.worker.child.SystemApplicationClassLoaderWorker.call(SystemApplicationClassLoaderWorker.java:72)
	at worker.org.gradle.process.internal.worker.GradleWorkerMain.run(GradleWorkerMain.java:69)
	at worker.org.gradle.process.internal.worker.GradleWorkerMain.main(GradleWorkerMain.java:74)
26-04-05 23:44:24.062 [Test worker] DEBUG o.springframework.test.context.cache - Spring test ApplicationContext cache statistics: [DefaultContextCache@7f0a133d size = 0, maxSize = 32, parentContextCount = 0, hitCount = 0, missCount = 5, failureCount = 1]
26-04-05 23:44:24.063 [Test worker] WARN  o.s.test.context.TestContextManager - Caught exception while allowing TestExecutionListener [org.springframework.test.context.web.ServletTestExecutionListener] to prepare test instance [com.sprint.mission.discodeit.UserIntegrationTest@6b8d54da]
java.lang.IllegalStateException: ApplicationContext failure threshold (1) exceeded: skipping repeated attempt to load context for [WebMergedContextConfiguration@9df564f testClass = com.sprint.mission.discodeit.UserIntegrationTest, locations = [], classes = [com.sprint.mission.discodeit.DiscodeitApplication], contextInitializerClasses = [], activeProfiles = ["test"], propertySourceDescriptors = [], propertySourceProperties = ["org.springframework.boot.test.context.SpringBootTestContextBootstrapper=true"], contextCustomizers = [org.springframework.boot.test.autoconfigure.OnFailureConditionReportContextCustomizerFactory$OnFailureConditionReportContextCustomizer@6821ea29, org.springframework.boot.test.autoconfigure.actuate.observability.ObservabilityContextCustomizerFactory$DisableObservabilityContextCustomizer@1f, org.springframework.boot.test.autoconfigure.properties.PropertyMappingContextCustomizer@4b3fa0b3, org.springframework.boot.test.autoconfigure.web.servlet.WebDriverContextCustomizer@fd8294b, [ImportsContextCustomizer@1a21f43f key = [org.springframework.boot.test.autoconfigure.web.servlet.MockMvcWebDriverAutoConfiguration, org.springframework.boot.test.autoconfigure.web.servlet.MockMvcAutoConfiguration, org.springframework.boot.autoconfigure.security.oauth2.client.servlet.OAuth2ClientAutoConfiguration, org.springframework.boot.autoconfigure.security.servlet.SecurityAutoConfiguration, org.springframework.boot.autoconfigure.security.servlet.SecurityFilterAutoConfiguration, org.springframework.boot.autoconfigure.security.servlet.UserDetailsServiceAutoConfiguration, org.springframework.boot.autoconfigure.security.oauth2.resource.servlet.OAuth2ResourceServerAutoConfiguration, org.springframework.boot.test.autoconfigure.web.servlet.MockMvcSecurityConfiguration, org.springframework.boot.test.autoconfigure.web.servlet.MockMvcWebClientAutoConfiguration, org.springframework.boot.test.autoconfigure.web.reactive.WebTestClientAutoConfiguration]], org.springframework.boot.test.context.filter.ExcludeFilterContextCustomizer@47605f2f, org.springframework.boot.test.json.DuplicateJsonObjectContextCustomizerFactory$DuplicateJsonObjectContextCustomizer@6111ba37, org.springframework.boot.test.mock.mockito.MockitoContextCustomizer@0, org.springframework.boot.test.web.client.TestRestTemplateContextCustomizer@30f5a68a, org.springframework.boot.test.web.reactor.netty.DisableReactorResourceFactoryGlobalResourcesContextCustomizerFactory$DisableReactorResourceFactoryGlobalResourcesContextCustomizerCustomizer@485a3466, org.springframework.test.context.support.DynamicPropertiesContextCustomizer@0, org.springframework.boot.test.context.SpringBootTestAnnotation@44d98d4], resourceBasePath = "src/main/webapp", contextLoader = org.springframework.boot.test.context.SpringBootContextLoader, parent = null]
	at org.springframework.test.context.cache.DefaultCacheAwareContextLoaderDelegate.loadContext(DefaultCacheAwareContextLoaderDelegate.java:145)
	at org.springframework.test.context.support.DefaultTestContext.getApplicationContext(DefaultTestContext.java:130)
	at org.springframework.test.context.web.ServletTestExecutionListener.setUpRequestContextIfNecessary(ServletTestExecutionListener.java:191)
	at org.springframework.test.context.web.ServletTestExecutionListener.prepareTestInstance(ServletTestExecutionListener.java:130)
	at org.springframework.test.context.TestContextManager.prepareTestInstance(TestContextManager.java:260)
	at org.springframework.test.context.junit.jupiter.SpringExtension.postProcessTestInstance(SpringExtension.java:160)
	at org.junit.jupiter.engine.descriptor.ClassBasedTestDescriptor.lambda$invokeTestInstancePostProcessors$11(ClassBasedTestDescriptor.java:378)
	at org.junit.jupiter.engine.descriptor.ClassBasedTestDescriptor.executeAndMaskThrowable(ClassBasedTestDescriptor.java:383)
	at org.junit.jupiter.engine.descriptor.ClassBasedTestDescriptor.lambda$invokeTestInstancePostProcessors$12(ClassBasedTestDescriptor.java:378)
	at java.base/java.util.stream.ForEachOps$ForEachOp$OfRef.accept(ForEachOps.java:183)
	at java.base/java.util.stream.ReferencePipeline$3$1.accept(ReferencePipeline.java:197)
	at java.base/java.util.stream.ReferencePipeline$2$1.accept(ReferencePipeline.java:179)
	at java.base/java.util.stream.ReferencePipeline$3$1.accept(ReferencePipeline.java:197)
	at java.base/java.util.ArrayList$ArrayListSpliterator.forEachRemaining(ArrayList.java:1625)
	at java.base/java.util.stream.AbstractPipeline.copyInto(AbstractPipeline.java:509)
	at java.base/java.util.stream.AbstractPipeline.wrapAndCopyInto(AbstractPipeline.java:499)
	at java.base/java.util.stream.ForEachOps$ForEachOp.evaluateSequential(ForEachOps.java:150)
	at java.base/java.util.stream.ForEachOps$ForEachOp$OfRef.evaluateSequential(ForEachOps.java:173)
	at java.base/java.util.stream.AbstractPipeline.evaluate(AbstractPipeline.java:234)
	at java.base/java.util.stream.ReferencePipeline.forEach(ReferencePipeline.java:596)
	at org.junit.jupiter.engine.descriptor.ClassBasedTestDescriptor.invokeTestInstancePostProcessors(ClassBasedTestDescriptor.java:377)
	at org.junit.jupiter.engine.descriptor.ClassBasedTestDescriptor.lambda$instantiateAndPostProcessTestInstance$7(ClassBasedTestDescriptor.java:290)
	at org.junit.platform.engine.support.hierarchical.ThrowableCollector.execute(ThrowableCollector.java:73)
	at org.junit.jupiter.engine.descriptor.ClassBasedTestDescriptor.instantiateAndPostProcessTestInstance(ClassBasedTestDescriptor.java:289)
	at org.junit.jupiter.engine.descriptor.ClassBasedTestDescriptor.lambda$testInstancesProvider$5(ClassBasedTestDescriptor.java:279)
	at java.base/java.util.Optional.orElseGet(Optional.java:364)
	at org.junit.jupiter.engine.descriptor.ClassBasedTestDescriptor.lambda$testInstancesProvider$6(ClassBasedTestDescriptor.java:278)
	at org.junit.jupiter.engine.execution.TestInstancesProvider.getTestInstances(TestInstancesProvider.java:31)
	at org.junit.jupiter.engine.descriptor.TestMethodTestDescriptor.lambda$prepare$1(TestMethodTestDescriptor.java:105)
	at org.junit.platform.engine.support.hierarchical.ThrowableCollector.execute(ThrowableCollector.java:73)
	at org.junit.jupiter.engine.descriptor.TestMethodTestDescriptor.prepare(TestMethodTestDescriptor.java:104)
	at org.junit.jupiter.engine.descriptor.TestMethodTestDescriptor.prepare(TestMethodTestDescriptor.java:68)
	at org.junit.platform.engine.support.hierarchical.NodeTestTask.lambda$prepare$2(NodeTestTask.java:128)
	at org.junit.platform.engine.support.hierarchical.ThrowableCollector.execute(ThrowableCollector.java:73)
	at org.junit.platform.engine.support.hierarchical.NodeTestTask.prepare(NodeTestTask.java:128)
	at org.junit.platform.engine.support.hierarchical.NodeTestTask.execute(NodeTestTask.java:95)
	at java.base/java.util.ArrayList.forEach(ArrayList.java:1511)
	at org.junit.platform.engine.support.hierarchical.SameThreadHierarchicalTestExecutorService.invokeAll(SameThreadHierarchicalTestExecutorService.java:41)
	at org.junit.platform.engine.support.hierarchical.NodeTestTask.lambda$executeRecursively$6(NodeTestTask.java:160)
	at org.junit.platform.engine.support.hierarchical.ThrowableCollector.execute(ThrowableCollector.java:73)
	at org.junit.platform.engine.support.hierarchical.NodeTestTask.lambda$executeRecursively$8(NodeTestTask.java:146)
	at org.junit.platform.engine.support.hierarchical.Node.around(Node.java:137)
	at org.junit.platform.engine.support.hierarchical.NodeTestTask.lambda$executeRecursively$9(NodeTestTask.java:144)
	at org.junit.platform.engine.support.hierarchical.ThrowableCollector.execute(ThrowableCollector.java:73)
	at org.junit.platform.engine.support.hierarchical.NodeTestTask.executeRecursively(NodeTestTask.java:143)
	at org.junit.platform.engine.support.hierarchical.NodeTestTask.execute(NodeTestTask.java:100)
	at java.base/java.util.ArrayList.forEach(ArrayList.java:1511)
	at org.junit.platform.engine.support.hierarchical.SameThreadHierarchicalTestExecutorService.invokeAll(SameThreadHierarchicalTestExecutorService.java:41)
	at org.junit.platform.engine.support.hierarchical.NodeTestTask.lambda$executeRecursively$6(NodeTestTask.java:160)
	at org.junit.platform.engine.support.hierarchical.ThrowableCollector.execute(ThrowableCollector.java:73)
	at org.junit.platform.engine.support.hierarchical.NodeTestTask.lambda$executeRecursively$8(NodeTestTask.java:146)
	at org.junit.platform.engine.support.hierarchical.Node.around(Node.java:137)
	at org.junit.platform.engine.support.hierarchical.NodeTestTask.lambda$executeRecursively$9(NodeTestTask.java:144)
	at org.junit.platform.engine.support.hierarchical.ThrowableCollector.execute(ThrowableCollector.java:73)
	at org.junit.platform.engine.support.hierarchical.NodeTestTask.executeRecursively(NodeTestTask.java:143)
	at org.junit.platform.engine.support.hierarchical.NodeTestTask.execute(NodeTestTask.java:100)
	at org.junit.platform.engine.support.hierarchical.SameThreadHierarchicalTestExecutorService.submit(SameThreadHierarchicalTestExecutorService.java:35)
	at org.junit.platform.engine.support.hierarchical.HierarchicalTestExecutor.execute(HierarchicalTestExecutor.java:57)
	at org.junit.platform.engine.support.hierarchical.HierarchicalTestEngine.execute(HierarchicalTestEngine.java:54)
	at org.junit.platform.launcher.core.EngineExecutionOrchestrator.execute(EngineExecutionOrchestrator.java:198)
	at org.junit.platform.launcher.core.EngineExecutionOrchestrator.execute(EngineExecutionOrchestrator.java:169)
	at org.junit.platform.launcher.core.EngineExecutionOrchestrator.execute(EngineExecutionOrchestrator.java:93)
	at org.junit.platform.launcher.core.EngineExecutionOrchestrator.lambda$execute$0(EngineExecutionOrchestrator.java:58)
	at org.junit.platform.launcher.core.EngineExecutionOrchestrator.withInterceptedStreams(EngineExecutionOrchestrator.java:141)
	at org.junit.platform.launcher.core.EngineExecutionOrchestrator.execute(EngineExecutionOrchestrator.java:57)
	at org.junit.platform.launcher.core.DefaultLauncher.execute(DefaultLauncher.java:103)
	at org.junit.platform.launcher.core.DefaultLauncher.execute(DefaultLauncher.java:85)
	at org.junit.platform.launcher.core.DelegatingLauncher.execute(DelegatingLauncher.java:47)
	at org.gradle.api.internal.tasks.testing.junitplatform.JUnitPlatformTestClassProcessor$CollectAllTestClassesExecutor.processAllTestClasses(JUnitPlatformTestClassProcessor.java:135)
	at org.gradle.api.internal.tasks.testing.junitplatform.JUnitPlatformTestClassProcessor$CollectAllTestClassesExecutor.access$000(JUnitPlatformTestClassProcessor.java:110)
	at org.gradle.api.internal.tasks.testing.junitplatform.JUnitPlatformTestClassProcessor.stop(JUnitPlatformTestClassProcessor.java:104)
	at org.gradle.api.internal.tasks.testing.SuiteTestClassProcessor.stop(SuiteTestClassProcessor.java:64)
	at java.base/jdk.internal.reflect.NativeMethodAccessorImpl.invoke0(Native Method)
	at java.base/jdk.internal.reflect.NativeMethodAccessorImpl.invoke(NativeMethodAccessorImpl.java:77)
	at java.base/jdk.internal.reflect.DelegatingMethodAccessorImpl.invoke(DelegatingMethodAccessorImpl.java:43)
	at java.base/java.lang.reflect.Method.invoke(Method.java:568)
	at org.gradle.internal.dispatch.ReflectionDispatch.dispatch(ReflectionDispatch.java:36)
	at org.gradle.internal.dispatch.ReflectionDispatch.dispatch(ReflectionDispatch.java:24)
	at org.gradle.internal.dispatch.ContextClassLoaderDispatch.dispatch(ContextClassLoaderDispatch.java:33)
	at org.gradle.internal.dispatch.ProxyDispatchAdapter$DispatchingInvocationHandler.invoke(ProxyDispatchAdapter.java:92)
	at jdk.proxy1/jdk.proxy1.$Proxy4.stop(Unknown Source)
	at org.gradle.api.internal.tasks.testing.worker.TestWorker$3.run(TestWorker.java:200)
	at org.gradle.api.internal.tasks.testing.worker.TestWorker.executeAndMaintainThreadName(TestWorker.java:132)
	at org.gradle.api.internal.tasks.testing.worker.TestWorker.execute(TestWorker.java:103)
	at org.gradle.api.internal.tasks.testing.worker.TestWorker.execute(TestWorker.java:63)
	at org.gradle.process.internal.worker.child.ActionExecutionWorker.execute(ActionExecutionWorker.java:56)
	at org.gradle.process.internal.worker.child.SystemApplicationClassLoaderWorker.call(SystemApplicationClassLoaderWorker.java:122)
	at org.gradle.process.internal.worker.child.SystemApplicationClassLoaderWorker.call(SystemApplicationClassLoaderWorker.java:72)
	at worker.org.gradle.process.internal.worker.GradleWorkerMain.run(GradleWorkerMain.java:69)
	at worker.org.gradle.process.internal.worker.GradleWorkerMain.main(GradleWorkerMain.java:74)
26-04-05 23:44:24.068 [Test worker] DEBUG o.springframework.test.context.cache - Spring test ApplicationContext cache statistics: [DefaultContextCache@7f0a133d size = 0, maxSize = 32, parentContextCount = 0, hitCount = 0, missCount = 6, failureCount = 1]
26-04-05 23:44:24.068 [Test worker] WARN  o.s.test.context.TestContextManager - Caught exception while allowing TestExecutionListener [org.springframework.test.context.web.ServletTestExecutionListener] to prepare test instance [com.sprint.mission.discodeit.UserIntegrationTest@217235f5]
java.lang.IllegalStateException: ApplicationContext failure threshold (1) exceeded: skipping repeated attempt to load context for [WebMergedContextConfiguration@9df564f testClass = com.sprint.mission.discodeit.UserIntegrationTest, locations = [], classes = [com.sprint.mission.discodeit.DiscodeitApplication], contextInitializerClasses = [], activeProfiles = ["test"], propertySourceDescriptors = [], propertySourceProperties = ["org.springframework.boot.test.context.SpringBootTestContextBootstrapper=true"], contextCustomizers = [org.springframework.boot.test.autoconfigure.OnFailureConditionReportContextCustomizerFactory$OnFailureConditionReportContextCustomizer@6821ea29, org.springframework.boot.test.autoconfigure.actuate.observability.ObservabilityContextCustomizerFactory$DisableObservabilityContextCustomizer@1f, org.springframework.boot.test.autoconfigure.properties.PropertyMappingContextCustomizer@4b3fa0b3, org.springframework.boot.test.autoconfigure.web.servlet.WebDriverContextCustomizer@fd8294b, [ImportsContextCustomizer@1a21f43f key = [org.springframework.boot.test.autoconfigure.web.servlet.MockMvcWebDriverAutoConfiguration, org.springframework.boot.test.autoconfigure.web.servlet.MockMvcAutoConfiguration, org.springframework.boot.autoconfigure.security.oauth2.client.servlet.OAuth2ClientAutoConfiguration, org.springframework.boot.autoconfigure.security.servlet.SecurityAutoConfiguration, org.springframework.boot.autoconfigure.security.servlet.SecurityFilterAutoConfiguration, org.springframework.boot.autoconfigure.security.servlet.UserDetailsServiceAutoConfiguration, org.springframework.boot.autoconfigure.security.oauth2.resource.servlet.OAuth2ResourceServerAutoConfiguration, org.springframework.boot.test.autoconfigure.web.servlet.MockMvcSecurityConfiguration, org.springframework.boot.test.autoconfigure.web.servlet.MockMvcWebClientAutoConfiguration, org.springframework.boot.test.autoconfigure.web.reactive.WebTestClientAutoConfiguration]], org.springframework.boot.test.context.filter.ExcludeFilterContextCustomizer@47605f2f, org.springframework.boot.test.json.DuplicateJsonObjectContextCustomizerFactory$DuplicateJsonObjectContextCustomizer@6111ba37, org.springframework.boot.test.mock.mockito.MockitoContextCustomizer@0, org.springframework.boot.test.web.client.TestRestTemplateContextCustomizer@30f5a68a, org.springframework.boot.test.web.reactor.netty.DisableReactorResourceFactoryGlobalResourcesContextCustomizerFactory$DisableReactorResourceFactoryGlobalResourcesContextCustomizerCustomizer@485a3466, org.springframework.test.context.support.DynamicPropertiesContextCustomizer@0, org.springframework.boot.test.context.SpringBootTestAnnotation@44d98d4], resourceBasePath = "src/main/webapp", contextLoader = org.springframework.boot.test.context.SpringBootContextLoader, parent = null]
	at org.springframework.test.context.cache.DefaultCacheAwareContextLoaderDelegate.loadContext(DefaultCacheAwareContextLoaderDelegate.java:145)
	at org.springframework.test.context.support.DefaultTestContext.getApplicationContext(DefaultTestContext.java:130)
	at org.springframework.test.context.web.ServletTestExecutionListener.setUpRequestContextIfNecessary(ServletTestExecutionListener.java:191)
	at org.springframework.test.context.web.ServletTestExecutionListener.prepareTestInstance(ServletTestExecutionListener.java:130)
	at org.springframework.test.context.TestContextManager.prepareTestInstance(TestContextManager.java:260)
	at org.springframework.test.context.junit.jupiter.SpringExtension.postProcessTestInstance(SpringExtension.java:160)
	at org.junit.jupiter.engine.descriptor.ClassBasedTestDescriptor.lambda$invokeTestInstancePostProcessors$11(ClassBasedTestDescriptor.java:378)
	at org.junit.jupiter.engine.descriptor.ClassBasedTestDescriptor.executeAndMaskThrowable(ClassBasedTestDescriptor.java:383)
	at org.junit.jupiter.engine.descriptor.ClassBasedTestDescriptor.lambda$invokeTestInstancePostProcessors$12(ClassBasedTestDescriptor.java:378)
	at java.base/java.util.stream.ForEachOps$ForEachOp$OfRef.accept(ForEachOps.java:183)
	at java.base/java.util.stream.ReferencePipeline$3$1.accept(ReferencePipeline.java:197)
	at java.base/java.util.stream.ReferencePipeline$2$1.accept(ReferencePipeline.java:179)
	at java.base/java.util.stream.ReferencePipeline$3$1.accept(ReferencePipeline.java:197)
	at java.base/java.util.ArrayList$ArrayListSpliterator.forEachRemaining(ArrayList.java:1625)
	at java.base/java.util.stream.AbstractPipeline.copyInto(AbstractPipeline.java:509)
	at java.base/java.util.stream.AbstractPipeline.wrapAndCopyInto(AbstractPipeline.java:499)
	at java.base/java.util.stream.ForEachOps$ForEachOp.evaluateSequential(ForEachOps.java:150)
	at java.base/java.util.stream.ForEachOps$ForEachOp$OfRef.evaluateSequential(ForEachOps.java:173)
	at java.base/java.util.stream.AbstractPipeline.evaluate(AbstractPipeline.java:234)
	at java.base/java.util.stream.ReferencePipeline.forEach(ReferencePipeline.java:596)
	at org.junit.jupiter.engine.descriptor.ClassBasedTestDescriptor.invokeTestInstancePostProcessors(ClassBasedTestDescriptor.java:377)
	at org.junit.jupiter.engine.descriptor.ClassBasedTestDescriptor.lambda$instantiateAndPostProcessTestInstance$7(ClassBasedTestDescriptor.java:290)
	at org.junit.platform.engine.support.hierarchical.ThrowableCollector.execute(ThrowableCollector.java:73)
	at org.junit.jupiter.engine.descriptor.ClassBasedTestDescriptor.instantiateAndPostProcessTestInstance(ClassBasedTestDescriptor.java:289)
	at org.junit.jupiter.engine.descriptor.ClassBasedTestDescriptor.lambda$testInstancesProvider$5(ClassBasedTestDescriptor.java:279)
	at java.base/java.util.Optional.orElseGet(Optional.java:364)
	at org.junit.jupiter.engine.descriptor.ClassBasedTestDescriptor.lambda$testInstancesProvider$6(ClassBasedTestDescriptor.java:278)
	at org.junit.jupiter.engine.execution.TestInstancesProvider.getTestInstances(TestInstancesProvider.java:31)
	at org.junit.jupiter.engine.descriptor.TestMethodTestDescriptor.lambda$prepare$1(TestMethodTestDescriptor.java:105)
	at org.junit.platform.engine.support.hierarchical.ThrowableCollector.execute(ThrowableCollector.java:73)
	at org.junit.jupiter.engine.descriptor.TestMethodTestDescriptor.prepare(TestMethodTestDescriptor.java:104)
	at org.junit.jupiter.engine.descriptor.TestMethodTestDescriptor.prepare(TestMethodTestDescriptor.java:68)
	at org.junit.platform.engine.support.hierarchical.NodeTestTask.lambda$prepare$2(NodeTestTask.java:128)
	at org.junit.platform.engine.support.hierarchical.ThrowableCollector.execute(ThrowableCollector.java:73)
	at org.junit.platform.engine.support.hierarchical.NodeTestTask.prepare(NodeTestTask.java:128)
	at org.junit.platform.engine.support.hierarchical.NodeTestTask.execute(NodeTestTask.java:95)
	at java.base/java.util.ArrayList.forEach(ArrayList.java:1511)
	at org.junit.platform.engine.support.hierarchical.SameThreadHierarchicalTestExecutorService.invokeAll(SameThreadHierarchicalTestExecutorService.java:41)
	at org.junit.platform.engine.support.hierarchical.NodeTestTask.lambda$executeRecursively$6(NodeTestTask.java:160)
	at org.junit.platform.engine.support.hierarchical.ThrowableCollector.execute(ThrowableCollector.java:73)
	at org.junit.platform.engine.support.hierarchical.NodeTestTask.lambda$executeRecursively$8(NodeTestTask.java:146)
	at org.junit.platform.engine.support.hierarchical.Node.around(Node.java:137)
	at org.junit.platform.engine.support.hierarchical.NodeTestTask.lambda$executeRecursively$9(NodeTestTask.java:144)
	at org.junit.platform.engine.support.hierarchical.ThrowableCollector.execute(ThrowableCollector.java:73)
	at org.junit.platform.engine.support.hierarchical.NodeTestTask.executeRecursively(NodeTestTask.java:143)
	at org.junit.platform.engine.support.hierarchical.NodeTestTask.execute(NodeTestTask.java:100)
	at java.base/java.util.ArrayList.forEach(ArrayList.java:1511)
	at org.junit.platform.engine.support.hierarchical.SameThreadHierarchicalTestExecutorService.invokeAll(SameThreadHierarchicalTestExecutorService.java:41)
	at org.junit.platform.engine.support.hierarchical.NodeTestTask.lambda$executeRecursively$6(NodeTestTask.java:160)
	at org.junit.platform.engine.support.hierarchical.ThrowableCollector.execute(ThrowableCollector.java:73)
	at org.junit.platform.engine.support.hierarchical.NodeTestTask.lambda$executeRecursively$8(NodeTestTask.java:146)
	at org.junit.platform.engine.support.hierarchical.Node.around(Node.java:137)
	at org.junit.platform.engine.support.hierarchical.NodeTestTask.lambda$executeRecursively$9(NodeTestTask.java:144)
	at org.junit.platform.engine.support.hierarchical.ThrowableCollector.execute(ThrowableCollector.java:73)
	at org.junit.platform.engine.support.hierarchical.NodeTestTask.executeRecursively(NodeTestTask.java:143)
	at org.junit.platform.engine.support.hierarchical.NodeTestTask.execute(NodeTestTask.java:100)
	at org.junit.platform.engine.support.hierarchical.SameThreadHierarchicalTestExecutorService.submit(SameThreadHierarchicalTestExecutorService.java:35)
	at org.junit.platform.engine.support.hierarchical.HierarchicalTestExecutor.execute(HierarchicalTestExecutor.java:57)
	at org.junit.platform.engine.support.hierarchical.HierarchicalTestEngine.execute(HierarchicalTestEngine.java:54)
	at org.junit.platform.launcher.core.EngineExecutionOrchestrator.execute(EngineExecutionOrchestrator.java:198)
	at org.junit.platform.launcher.core.EngineExecutionOrchestrator.execute(EngineExecutionOrchestrator.java:169)
	at org.junit.platform.launcher.core.EngineExecutionOrchestrator.execute(EngineExecutionOrchestrator.java:93)
	at org.junit.platform.launcher.core.EngineExecutionOrchestrator.lambda$execute$0(EngineExecutionOrchestrator.java:58)
	at org.junit.platform.launcher.core.EngineExecutionOrchestrator.withInterceptedStreams(EngineExecutionOrchestrator.java:141)
	at org.junit.platform.launcher.core.EngineExecutionOrchestrator.execute(EngineExecutionOrchestrator.java:57)
	at org.junit.platform.launcher.core.DefaultLauncher.execute(DefaultLauncher.java:103)
	at org.junit.platform.launcher.core.DefaultLauncher.execute(DefaultLauncher.java:85)
	at org.junit.platform.launcher.core.DelegatingLauncher.execute(DelegatingLauncher.java:47)
	at org.gradle.api.internal.tasks.testing.junitplatform.JUnitPlatformTestClassProcessor$CollectAllTestClassesExecutor.processAllTestClasses(JUnitPlatformTestClassProcessor.java:135)
	at org.gradle.api.internal.tasks.testing.junitplatform.JUnitPlatformTestClassProcessor$CollectAllTestClassesExecutor.access$000(JUnitPlatformTestClassProcessor.java:110)
	at org.gradle.api.internal.tasks.testing.junitplatform.JUnitPlatformTestClassProcessor.stop(JUnitPlatformTestClassProcessor.java:104)
	at org.gradle.api.internal.tasks.testing.SuiteTestClassProcessor.stop(SuiteTestClassProcessor.java:64)
	at java.base/jdk.internal.reflect.NativeMethodAccessorImpl.invoke0(Native Method)
	at java.base/jdk.internal.reflect.NativeMethodAccessorImpl.invoke(NativeMethodAccessorImpl.java:77)
	at java.base/jdk.internal.reflect.DelegatingMethodAccessorImpl.invoke(DelegatingMethodAccessorImpl.java:43)
	at java.base/java.lang.reflect.Method.invoke(Method.java:568)
	at org.gradle.internal.dispatch.ReflectionDispatch.dispatch(ReflectionDispatch.java:36)
	at org.gradle.internal.dispatch.ReflectionDispatch.dispatch(ReflectionDispatch.java:24)
	at org.gradle.internal.dispatch.ContextClassLoaderDispatch.dispatch(ContextClassLoaderDispatch.java:33)
	at org.gradle.internal.dispatch.ProxyDispatchAdapter$DispatchingInvocationHandler.invoke(ProxyDispatchAdapter.java:92)
	at jdk.proxy1/jdk.proxy1.$Proxy4.stop(Unknown Source)
	at org.gradle.api.internal.tasks.testing.worker.TestWorker$3.run(TestWorker.java:200)
	at org.gradle.api.internal.tasks.testing.worker.TestWorker.executeAndMaintainThreadName(TestWorker.java:132)
	at org.gradle.api.internal.tasks.testing.worker.TestWorker.execute(TestWorker.java:103)
	at org.gradle.api.internal.tasks.testing.worker.TestWorker.execute(TestWorker.java:63)
	at org.gradle.process.internal.worker.child.ActionExecutionWorker.execute(ActionExecutionWorker.java:56)
	at org.gradle.process.internal.worker.child.SystemApplicationClassLoaderWorker.call(SystemApplicationClassLoaderWorker.java:122)
	at org.gradle.process.internal.worker.child.SystemApplicationClassLoaderWorker.call(SystemApplicationClassLoaderWorker.java:72)
	at worker.org.gradle.process.internal.worker.GradleWorkerMain.run(GradleWorkerMain.java:69)
	at worker.org.gradle.process.internal.worker.GradleWorkerMain.main(GradleWorkerMain.java:74)
26-04-05 23:44:24.076 [Test worker] DEBUG o.s.t.c.s.DirtiesContextTestExecutionListener - After test class: class [UserIntegrationTest], class annotated with @DirtiesContext [false] with mode [null]
