26-05-12 18:33:37.400 [background-preinit] [32mINFO [0;39m o.h.validator.internal.util.Version  [ |  | ] - HV000001: Hibernate Validator 8.0.1.Final
26-05-12 18:33:37.429 [main] [32mINFO [0;39m c.s.m.discodeit.DiscodeitApplication [ |  | ] - Starting DiscodeitApplication using Java 17.0.18 with PID 44738 (/Users/apple/IdeaProjects/temp/9-sprint-mission/discodeit/build/classes/java/main started by apple in /Users/apple/IdeaProjects/temp/9-sprint-mission)
26-05-12 18:33:37.429 [main] [32mDEBUG[0;39m c.s.m.discodeit.DiscodeitApplication [ |  | ] - Running with Spring Boot v3.4.0, Spring v6.2.0
26-05-12 18:33:37.429 [main] [32mINFO [0;39m c.s.m.discodeit.DiscodeitApplication [ |  | ] - The following 1 profile is active: "dev"
26-05-12 18:33:38.203 [main] [32mINFO [0;39m o.s.d.r.c.RepositoryConfigurationDelegate [ |  | ] - Bootstrapping Spring Data JPA repositories in DEFAULT mode.
26-05-12 18:33:38.245 [main] [32mINFO [0;39m o.s.d.r.c.RepositoryConfigurationDelegate [ |  | ] - Finished Spring Data repository scanning in 38 ms. Found 7 JPA repository interfaces.
26-05-12 18:33:38.671 [main] [32mINFO [0;39m o.s.b.w.e.tomcat.TomcatWebServer     [ |  | ] - Tomcat initialized with port 8080 (http)
26-05-12 18:33:38.679 [main] [32mINFO [0;39m o.a.coyote.http11.Http11NioProtocol  [ |  | ] - Initializing ProtocolHandler ["http-nio-8080"]
26-05-12 18:33:38.680 [main] [32mINFO [0;39m o.a.catalina.core.StandardService    [ |  | ] - Starting service [Tomcat]
26-05-12 18:33:38.680 [main] [32mINFO [0;39m o.a.catalina.core.StandardEngine     [ |  | ] - Starting Servlet engine: [Apache Tomcat/10.1.33]
26-05-12 18:33:38.719 [main] [32mINFO [0;39m o.a.c.c.C.[Tomcat].[localhost].[/]   [ |  | ] - Initializing Spring embedded WebApplicationContext
26-05-12 18:33:38.719 [main] [32mINFO [0;39m o.s.b.w.s.c.ServletWebServerApplicationContext [ |  | ] - Root WebApplicationContext: initialization completed in 1271 ms
26-05-12 18:33:38.861 [main] [32mINFO [0;39m com.zaxxer.hikari.HikariDataSource   [ |  | ] - HikariPool-1 - Starting...
26-05-12 18:33:39.015 [main] [32mINFO [0;39m com.zaxxer.hikari.pool.HikariPool    [ |  | ] - HikariPool-1 - Added connection org.postgresql.jdbc.PgConnection@69c33ea2
26-05-12 18:33:39.016 [main] [32mINFO [0;39m com.zaxxer.hikari.HikariDataSource   [ |  | ] - HikariPool-1 - Start completed.
26-05-12 18:33:39.069 [main] [32mINFO [0;39m o.h.jpa.internal.util.LogHelper      [ |  | ] - HHH000204: Processing PersistenceUnitInfo [name: default]
26-05-12 18:33:39.101 [main] [32mINFO [0;39m org.hibernate.Version                [ |  | ] - HHH000412: Hibernate ORM core version 6.6.2.Final
26-05-12 18:33:39.119 [main] [32mINFO [0;39m o.h.c.i.RegionFactoryInitiator       [ |  | ] - HHH000026: Second-level cache disabled
26-05-12 18:33:39.293 [main] [32mINFO [0;39m o.s.o.j.p.SpringPersistenceUnitInfo  [ |  | ] - No LoadTimeWeaver setup: ignoring JPA class transformer
26-05-12 18:33:39.360 [main] [32mINFO [0;39m o.hibernate.orm.connections.pooling  [ |  | ] - HHH10001005: Database info:
	Database JDBC URL [Connecting through datasource 'HikariDataSource (HikariPool-1)']
	Database driver: undefined/unknown
	Database version: 14.21
	Autocommit mode: undefined/unknown
	Isolation level: undefined/unknown
	Minimum pool size: undefined/unknown
	Maximum pool size: undefined/unknown
26-05-12 18:33:39.915 [main] [32mINFO [0;39m o.h.e.t.j.p.i.JtaPlatformInitiator   [ |  | ] - HHH000489: No JTA platform available (set 'hibernate.transaction.jta.platform' to enable JTA platform integration)
26-05-12 18:33:39.967 [main] [32mINFO [0;39m o.s.o.j.LocalContainerEntityManagerFactoryBean [ |  | ] - Initialized JPA EntityManagerFactory for persistence unit 'default'
26-05-12 18:33:40.129 [main] [32mINFO [0;39m o.s.d.j.r.query.QueryEnhancerFactory [ |  | ] - Hibernate is in classpath; If applicable, HQL parser will be used.
26-05-12 18:33:40.550 [main] [32mINFO [0;39m o.s.b.a.w.s.WelcomePageHandlerMapping [ |  | ] - Adding welcome page: class path resource [static/index.html]
26-05-12 18:33:41.030 [main] [32mINFO [0;39m o.s.b.a.e.web.EndpointLinksResolver  [ |  | ] - Exposing 4 endpoints beneath base path '/actuator'
26-05-12 18:33:41.073 [main] [32mINFO [0;39m o.a.coyote.http11.Http11NioProtocol  [ |  | ] - Starting ProtocolHandler ["http-nio-8080"]
26-05-12 18:33:41.083 [main] [32mINFO [0;39m o.s.b.w.e.tomcat.TomcatWebServer     [ |  | ] - Tomcat started on port 8080 (http) with context path '/'
26-05-12 18:33:41.095 [main] [32mINFO [0;39m c.s.m.discodeit.DiscodeitApplication [ |  | ] - Started DiscodeitApplication in 4.05 seconds (process running for 4.688)
26-05-12 18:33:41.585 [RMI TCP Connection(3)-192.168.219.102] [32mINFO [0;39m o.a.c.c.C.[Tomcat].[localhost].[/]   [ |  | ] - Initializing Spring DispatcherServlet 'dispatcherServlet'
26-05-12 18:33:41.586 [RMI TCP Connection(3)-192.168.219.102] [32mINFO [0;39m o.s.web.servlet.DispatcherServlet    [ |  | ] - Initializing Servlet 'dispatcherServlet'
26-05-12 18:33:41.589 [RMI TCP Connection(3)-192.168.219.102] [32mINFO [0;39m o.s.web.servlet.DispatcherServlet    [ |  | ] - Completed initialization in 3 ms
26-05-12 18:33:53.631 [http-nio-8080-exec-4] [31mERROR[0;39m c.s.m.d.error.GlobalExceptionHandler [ |  | ] - 예상치 못한 오류 발생
org.springframework.web.servlet.resource.NoResourceFoundException: No static resource api/auth/csrf-token.
	at org.springframework.web.servlet.resource.ResourceHttpRequestHandler.handleRequest(ResourceHttpRequestHandler.java:585)
	at org.springframework.web.servlet.mvc.HttpRequestHandlerAdapter.handle(HttpRequestHandlerAdapter.java:52)
	at org.springframework.web.servlet.DispatcherServlet.doDispatch(DispatcherServlet.java:1088)
	at org.springframework.web.servlet.DispatcherServlet.doService(DispatcherServlet.java:978)
	at org.springframework.web.servlet.FrameworkServlet.processRequest(FrameworkServlet.java:1014)
	at org.springframework.web.servlet.FrameworkServlet.doGet(FrameworkServlet.java:903)
	at jakarta.servlet.http.HttpServlet.service(HttpServlet.java:564)
	at org.springframework.web.servlet.FrameworkServlet.service(FrameworkServlet.java:885)
	at jakarta.servlet.http.HttpServlet.service(HttpServlet.java:658)
	at org.apache.catalina.core.ApplicationFilterChain.internalDoFilter(ApplicationFilterChain.java:195)
	at org.apache.catalina.core.ApplicationFilterChain.doFilter(ApplicationFilterChain.java:140)
	at org.apache.tomcat.websocket.server.WsFilter.doFilter(WsFilter.java:51)
	at org.apache.catalina.core.ApplicationFilterChain.internalDoFilter(ApplicationFilterChain.java:164)
	at org.apache.catalina.core.ApplicationFilterChain.doFilter(ApplicationFilterChain.java:140)
	at org.springframework.web.filter.RequestContextFilter.doFilterInternal(RequestContextFilter.java:100)
	at org.springframework.web.filter.OncePerRequestFilter.doFilter(OncePerRequestFilter.java:116)
	at org.apache.catalina.core.ApplicationFilterChain.internalDoFilter(ApplicationFilterChain.java:164)
	at org.apache.catalina.core.ApplicationFilterChain.doFilter(ApplicationFilterChain.java:140)
	at org.springframework.web.filter.FormContentFilter.doFilterInternal(FormContentFilter.java:93)
	at org.springframework.web.filter.OncePerRequestFilter.doFilter(OncePerRequestFilter.java:116)
	at org.apache.catalina.core.ApplicationFilterChain.internalDoFilter(ApplicationFilterChain.java:164)
	at org.apache.catalina.core.ApplicationFilterChain.doFilter(ApplicationFilterChain.java:140)
	at org.springframework.web.filter.ServerHttpObservationFilter.doFilterInternal(ServerHttpObservationFilter.java:114)
	at org.springframework.web.filter.OncePerRequestFilter.doFilter(OncePerRequestFilter.java:116)
	at org.apache.catalina.core.ApplicationFilterChain.internalDoFilter(ApplicationFilterChain.java:164)
	at org.apache.catalina.core.ApplicationFilterChain.doFilter(ApplicationFilterChain.java:140)
	at org.springframework.web.filter.CharacterEncodingFilter.doFilterInternal(CharacterEncodingFilter.java:201)
	at org.springframework.web.filter.OncePerRequestFilter.doFilter(OncePerRequestFilter.java:116)
	at org.apache.catalina.core.ApplicationFilterChain.internalDoFilter(ApplicationFilterChain.java:164)
	at org.apache.catalina.core.ApplicationFilterChain.doFilter(ApplicationFilterChain.java:140)
	at org.apache.catalina.core.StandardWrapperValve.invoke(StandardWrapperValve.java:167)
	at org.apache.catalina.core.StandardContextValve.invoke(StandardContextValve.java:90)
	at org.apache.catalina.authenticator.AuthenticatorBase.invoke(AuthenticatorBase.java:483)
	at org.apache.catalina.core.StandardHostValve.invoke(StandardHostValve.java:115)
	at org.apache.catalina.valves.ErrorReportValve.invoke(ErrorReportValve.java:93)
	at org.apache.catalina.core.StandardEngineValve.invoke(StandardEngineValve.java:74)
	at org.apache.catalina.connector.CoyoteAdapter.service(CoyoteAdapter.java:344)
	at org.apache.coyote.http11.Http11Processor.service(Http11Processor.java:397)
	at org.apache.coyote.AbstractProcessorLight.process(AbstractProcessorLight.java:63)
	at org.apache.coyote.AbstractProtocol$ConnectionHandler.process(AbstractProtocol.java:905)
	at org.apache.tomcat.util.net.NioEndpoint$SocketProcessor.doRun(NioEndpoint.java:1741)
	at org.apache.tomcat.util.net.SocketProcessorBase.run(SocketProcessorBase.java:52)
	at org.apache.tomcat.util.threads.ThreadPoolExecutor.runWorker(ThreadPoolExecutor.java:1190)
	at org.apache.tomcat.util.threads.ThreadPoolExecutor$Worker.run(ThreadPoolExecutor.java:659)
	at org.apache.tomcat.util.threads.TaskThread$WrappingRunnable.run(TaskThread.java:63)
	at java.base/java.lang.Thread.run(Thread.java:840)
26-05-12 18:33:53.631 [http-nio-8080-exec-5] [31mERROR[0;39m c.s.m.d.error.GlobalExceptionHandler [ |  | ] - 예상치 못한 오류 발생
org.springframework.web.servlet.resource.NoResourceFoundException: No static resource api/auth/me.
	at org.springframework.web.servlet.resource.ResourceHttpRequestHandler.handleRequest(ResourceHttpRequestHandler.java:585)
	at org.springframework.web.servlet.mvc.HttpRequestHandlerAdapter.handle(HttpRequestHandlerAdapter.java:52)
	at org.springframework.web.servlet.DispatcherServlet.doDispatch(DispatcherServlet.java:1088)
	at org.springframework.web.servlet.DispatcherServlet.doService(DispatcherServlet.java:978)
	at org.springframework.web.servlet.FrameworkServlet.processRequest(FrameworkServlet.java:1014)
	at org.springframework.web.servlet.FrameworkServlet.doGet(FrameworkServlet.java:903)
	at jakarta.servlet.http.HttpServlet.service(HttpServlet.java:564)
	at org.springframework.web.servlet.FrameworkServlet.service(FrameworkServlet.java:885)
	at jakarta.servlet.http.HttpServlet.service(HttpServlet.java:658)
	at org.apache.catalina.core.ApplicationFilterChain.internalDoFilter(ApplicationFilterChain.java:195)
	at org.apache.catalina.core.ApplicationFilterChain.doFilter(ApplicationFilterChain.java:140)
	at org.apache.tomcat.websocket.server.WsFilter.doFilter(WsFilter.java:51)
	at org.apache.catalina.core.ApplicationFilterChain.internalDoFilter(ApplicationFilterChain.java:164)
	at org.apache.catalina.core.ApplicationFilterChain.doFilter(ApplicationFilterChain.java:140)
	at org.springframework.web.filter.RequestContextFilter.doFilterInternal(RequestContextFilter.java:100)
	at org.springframework.web.filter.OncePerRequestFilter.doFilter(OncePerRequestFilter.java:116)
	at org.apache.catalina.core.ApplicationFilterChain.internalDoFilter(ApplicationFilterChain.java:164)
	at org.apache.catalina.core.ApplicationFilterChain.doFilter(ApplicationFilterChain.java:140)
	at org.springframework.web.filter.FormContentFilter.doFilterInternal(FormContentFilter.java:93)
	at org.springframework.web.filter.OncePerRequestFilter.doFilter(OncePerRequestFilter.java:116)
	at org.apache.catalina.core.ApplicationFilterChain.internalDoFilter(ApplicationFilterChain.java:164)
	at org.apache.catalina.core.ApplicationFilterChain.doFilter(ApplicationFilterChain.java:140)
	at org.springframework.web.filter.ServerHttpObservationFilter.doFilterInternal(ServerHttpObservationFilter.java:114)
	at org.springframework.web.filter.OncePerRequestFilter.doFilter(OncePerRequestFilter.java:116)
	at org.apache.catalina.core.ApplicationFilterChain.internalDoFilter(ApplicationFilterChain.java:164)
	at org.apache.catalina.core.ApplicationFilterChain.doFilter(ApplicationFilterChain.java:140)
	at org.springframework.web.filter.CharacterEncodingFilter.doFilterInternal(CharacterEncodingFilter.java:201)
	at org.springframework.web.filter.OncePerRequestFilter.doFilter(OncePerRequestFilter.java:116)
	at org.apache.catalina.core.ApplicationFilterChain.internalDoFilter(ApplicationFilterChain.java:164)
	at org.apache.catalina.core.ApplicationFilterChain.doFilter(ApplicationFilterChain.java:140)
	at org.apache.catalina.core.StandardWrapperValve.invoke(StandardWrapperValve.java:167)
	at org.apache.catalina.core.StandardContextValve.invoke(StandardContextValve.java:90)
	at org.apache.catalina.authenticator.AuthenticatorBase.invoke(AuthenticatorBase.java:483)
	at org.apache.catalina.core.StandardHostValve.invoke(StandardHostValve.java:115)
	at org.apache.catalina.valves.ErrorReportValve.invoke(ErrorReportValve.java:93)
	at org.apache.catalina.core.StandardEngineValve.invoke(StandardEngineValve.java:74)
	at org.apache.catalina.connector.CoyoteAdapter.service(CoyoteAdapter.java:344)
	at org.apache.coyote.http11.Http11Processor.service(Http11Processor.java:397)
	at org.apache.coyote.AbstractProcessorLight.process(AbstractProcessorLight.java:63)
	at org.apache.coyote.AbstractProtocol$ConnectionHandler.process(AbstractProtocol.java:905)
	at org.apache.tomcat.util.net.NioEndpoint$SocketProcessor.doRun(NioEndpoint.java:1741)
	at org.apache.tomcat.util.net.SocketProcessorBase.run(SocketProcessorBase.java:52)
	at org.apache.tomcat.util.threads.ThreadPoolExecutor.runWorker(ThreadPoolExecutor.java:1190)
	at org.apache.tomcat.util.threads.ThreadPoolExecutor$Worker.run(ThreadPoolExecutor.java:659)
	at org.apache.tomcat.util.threads.TaskThread$WrappingRunnable.run(TaskThread.java:63)
	at java.base/java.lang.Thread.run(Thread.java:840)
26-05-12 18:39:46.437 [http-nio-8080-exec-10] [31mERROR[0;39m c.s.m.d.error.GlobalExceptionHandler [ |  | ] - 예상치 못한 오류 발생
org.springframework.web.servlet.resource.NoResourceFoundException: No static resource api/auth/csrf-token.
	at org.springframework.web.servlet.resource.ResourceHttpRequestHandler.handleRequest(ResourceHttpRequestHandler.java:585)
	at org.springframework.web.servlet.mvc.HttpRequestHandlerAdapter.handle(HttpRequestHandlerAdapter.java:52)
	at org.springframework.web.servlet.DispatcherServlet.doDispatch(DispatcherServlet.java:1088)
	at org.springframework.web.servlet.DispatcherServlet.doService(DispatcherServlet.java:978)
	at org.springframework.web.servlet.FrameworkServlet.processRequest(FrameworkServlet.java:1014)
	at org.springframework.web.servlet.FrameworkServlet.doGet(FrameworkServlet.java:903)
	at jakarta.servlet.http.HttpServlet.service(HttpServlet.java:564)
	at org.springframework.web.servlet.FrameworkServlet.service(FrameworkServlet.java:885)
	at jakarta.servlet.http.HttpServlet.service(HttpServlet.java:658)
	at org.apache.catalina.core.ApplicationFilterChain.internalDoFilter(ApplicationFilterChain.java:195)
	at org.apache.catalina.core.ApplicationFilterChain.doFilter(ApplicationFilterChain.java:140)
	at org.apache.tomcat.websocket.server.WsFilter.doFilter(WsFilter.java:51)
	at org.apache.catalina.core.ApplicationFilterChain.internalDoFilter(ApplicationFilterChain.java:164)
	at org.apache.catalina.core.ApplicationFilterChain.doFilter(ApplicationFilterChain.java:140)
	at org.springframework.web.filter.RequestContextFilter.doFilterInternal(RequestContextFilter.java:100)
	at org.springframework.web.filter.OncePerRequestFilter.doFilter(OncePerRequestFilter.java:116)
	at org.apache.catalina.core.ApplicationFilterChain.internalDoFilter(ApplicationFilterChain.java:164)
	at org.apache.catalina.core.ApplicationFilterChain.doFilter(ApplicationFilterChain.java:140)
	at org.springframework.web.filter.FormContentFilter.doFilterInternal(FormContentFilter.java:93)
	at org.springframework.web.filter.OncePerRequestFilter.doFilter(OncePerRequestFilter.java:116)
	at org.apache.catalina.core.ApplicationFilterChain.internalDoFilter(ApplicationFilterChain.java:164)
	at org.apache.catalina.core.ApplicationFilterChain.doFilter(ApplicationFilterChain.java:140)
	at org.springframework.web.filter.ServerHttpObservationFilter.doFilterInternal(ServerHttpObservationFilter.java:114)
	at org.springframework.web.filter.OncePerRequestFilter.doFilter(OncePerRequestFilter.java:116)
	at org.apache.catalina.core.ApplicationFilterChain.internalDoFilter(ApplicationFilterChain.java:164)
	at org.apache.catalina.core.ApplicationFilterChain.doFilter(ApplicationFilterChain.java:140)
	at org.springframework.web.filter.CharacterEncodingFilter.doFilterInternal(CharacterEncodingFilter.java:201)
	at org.springframework.web.filter.OncePerRequestFilter.doFilter(OncePerRequestFilter.java:116)
	at org.apache.catalina.core.ApplicationFilterChain.internalDoFilter(ApplicationFilterChain.java:164)
	at org.apache.catalina.core.ApplicationFilterChain.doFilter(ApplicationFilterChain.java:140)
	at org.apache.catalina.core.StandardWrapperValve.invoke(StandardWrapperValve.java:167)
	at org.apache.catalina.core.StandardContextValve.invoke(StandardContextValve.java:90)
	at org.apache.catalina.authenticator.AuthenticatorBase.invoke(AuthenticatorBase.java:483)
	at org.apache.catalina.core.StandardHostValve.invoke(StandardHostValve.java:115)
	at org.apache.catalina.valves.ErrorReportValve.invoke(ErrorReportValve.java:93)
	at org.apache.catalina.core.StandardEngineValve.invoke(StandardEngineValve.java:74)
	at org.apache.catalina.connector.CoyoteAdapter.service(CoyoteAdapter.java:344)
	at org.apache.coyote.http11.Http11Processor.service(Http11Processor.java:397)
	at org.apache.coyote.AbstractProcessorLight.process(AbstractProcessorLight.java:63)
	at org.apache.coyote.AbstractProtocol$ConnectionHandler.process(AbstractProtocol.java:905)
	at org.apache.tomcat.util.net.NioEndpoint$SocketProcessor.doRun(NioEndpoint.java:1741)
	at org.apache.tomcat.util.net.SocketProcessorBase.run(SocketProcessorBase.java:52)
	at org.apache.tomcat.util.threads.ThreadPoolExecutor.runWorker(ThreadPoolExecutor.java:1190)
	at org.apache.tomcat.util.threads.ThreadPoolExecutor$Worker.run(ThreadPoolExecutor.java:659)
	at org.apache.tomcat.util.threads.TaskThread$WrappingRunnable.run(TaskThread.java:63)
	at java.base/java.lang.Thread.run(Thread.java:840)
26-05-12 18:39:46.437 [http-nio-8080-exec-9] [31mERROR[0;39m c.s.m.d.error.GlobalExceptionHandler [ |  | ] - 예상치 못한 오류 발생
org.springframework.web.servlet.resource.NoResourceFoundException: No static resource api/auth/me.
	at org.springframework.web.servlet.resource.ResourceHttpRequestHandler.handleRequest(ResourceHttpRequestHandler.java:585)
	at org.springframework.web.servlet.mvc.HttpRequestHandlerAdapter.handle(HttpRequestHandlerAdapter.java:52)
	at org.springframework.web.servlet.DispatcherServlet.doDispatch(DispatcherServlet.java:1088)
	at org.springframework.web.servlet.DispatcherServlet.doService(DispatcherServlet.java:978)
	at org.springframework.web.servlet.FrameworkServlet.processRequest(FrameworkServlet.java:1014)
	at org.springframework.web.servlet.FrameworkServlet.doGet(FrameworkServlet.java:903)
	at jakarta.servlet.http.HttpServlet.service(HttpServlet.java:564)
	at org.springframework.web.servlet.FrameworkServlet.service(FrameworkServlet.java:885)
	at jakarta.servlet.http.HttpServlet.service(HttpServlet.java:658)
	at org.apache.catalina.core.ApplicationFilterChain.internalDoFilter(ApplicationFilterChain.java:195)
	at org.apache.catalina.core.ApplicationFilterChain.doFilter(ApplicationFilterChain.java:140)
	at org.apache.tomcat.websocket.server.WsFilter.doFilter(WsFilter.java:51)
	at org.apache.catalina.core.ApplicationFilterChain.internalDoFilter(ApplicationFilterChain.java:164)
	at org.apache.catalina.core.ApplicationFilterChain.doFilter(ApplicationFilterChain.java:140)
	at org.springframework.web.filter.RequestContextFilter.doFilterInternal(RequestContextFilter.java:100)
	at org.springframework.web.filter.OncePerRequestFilter.doFilter(OncePerRequestFilter.java:116)
	at org.apache.catalina.core.ApplicationFilterChain.internalDoFilter(ApplicationFilterChain.java:164)
	at org.apache.catalina.core.ApplicationFilterChain.doFilter(ApplicationFilterChain.java:140)
	at org.springframework.web.filter.FormContentFilter.doFilterInternal(FormContentFilter.java:93)
	at org.springframework.web.filter.OncePerRequestFilter.doFilter(OncePerRequestFilter.java:116)
	at org.apache.catalina.core.ApplicationFilterChain.internalDoFilter(ApplicationFilterChain.java:164)
	at org.apache.catalina.core.ApplicationFilterChain.doFilter(ApplicationFilterChain.java:140)
	at org.springframework.web.filter.ServerHttpObservationFilter.doFilterInternal(ServerHttpObservationFilter.java:114)
	at org.springframework.web.filter.OncePerRequestFilter.doFilter(OncePerRequestFilter.java:116)
	at org.apache.catalina.core.ApplicationFilterChain.internalDoFilter(ApplicationFilterChain.java:164)
	at org.apache.catalina.core.ApplicationFilterChain.doFilter(ApplicationFilterChain.java:140)
	at org.springframework.web.filter.CharacterEncodingFilter.doFilterInternal(CharacterEncodingFilter.java:201)
	at org.springframework.web.filter.OncePerRequestFilter.doFilter(OncePerRequestFilter.java:116)
	at org.apache.catalina.core.ApplicationFilterChain.internalDoFilter(ApplicationFilterChain.java:164)
	at org.apache.catalina.core.ApplicationFilterChain.doFilter(ApplicationFilterChain.java:140)
	at org.apache.catalina.core.StandardWrapperValve.invoke(StandardWrapperValve.java:167)
	at org.apache.catalina.core.StandardContextValve.invoke(StandardContextValve.java:90)
	at org.apache.catalina.authenticator.AuthenticatorBase.invoke(AuthenticatorBase.java:483)
	at org.apache.catalina.core.StandardHostValve.invoke(StandardHostValve.java:115)
	at org.apache.catalina.valves.ErrorReportValve.invoke(ErrorReportValve.java:93)
	at org.apache.catalina.core.StandardEngineValve.invoke(StandardEngineValve.java:74)
	at org.apache.catalina.connector.CoyoteAdapter.service(CoyoteAdapter.java:344)
	at org.apache.coyote.http11.Http11Processor.service(Http11Processor.java:397)
	at org.apache.coyote.AbstractProcessorLight.process(AbstractProcessorLight.java:63)
	at org.apache.coyote.AbstractProtocol$ConnectionHandler.process(AbstractProtocol.java:905)
	at org.apache.tomcat.util.net.NioEndpoint$SocketProcessor.doRun(NioEndpoint.java:1741)
	at org.apache.tomcat.util.net.SocketProcessorBase.run(SocketProcessorBase.java:52)
	at org.apache.tomcat.util.threads.ThreadPoolExecutor.runWorker(ThreadPoolExecutor.java:1190)
	at org.apache.tomcat.util.threads.ThreadPoolExecutor$Worker.run(ThreadPoolExecutor.java:659)
	at org.apache.tomcat.util.threads.TaskThread$WrappingRunnable.run(TaskThread.java:63)
	at java.base/java.lang.Thread.run(Thread.java:840)
26-05-12 18:40:13.514 [http-nio-8080-exec-1] [32mINFO [0;39m c.s.m.d.s.basic.BasicUserService     [ |  | ] - 사용자 생성 요청 수신 - Username: YUK, Email: ryuk6238@gmail.com
26-05-12 18:40:13.559 [http-nio-8080-exec-1] [32mDEBUG[0;39m org.hibernate.SQL                    [ |  | ] - 
    select
        u1_0.id 
    from
        users u1_0 
    where
        u1_0.email=? 
    fetch
        first ? rows only
26-05-12 18:40:13.560 [http-nio-8080-exec-1] [32mTRACE[0;39m org.hibernate.orm.jdbc.bind          [ |  | ] - binding parameter (1:VARCHAR) <- [ryuk6238@gmail.com]
26-05-12 18:40:13.560 [http-nio-8080-exec-1] [32mTRACE[0;39m org.hibernate.orm.jdbc.bind          [ |  | ] - binding parameter (2:INTEGER) <- [1]
26-05-12 18:40:13.617 [http-nio-8080-exec-1] [32mDEBUG[0;39m c.s.m.d.s.basic.BasicUserService     [ |  | ] - 사용자 초기 상태 생성 완료 - UserID: 66092940-5753-4657-9df0-477c77314f5f
26-05-12 18:40:13.617 [http-nio-8080-exec-1] [32mINFO [0;39m c.s.m.d.s.basic.BasicUserService     [ |  | ] - 사용자 생성 완료 - ID: 66092940-5753-4657-9df0-477c77314f5f
26-05-12 18:40:13.627 [http-nio-8080-exec-1] [32mDEBUG[0;39m org.hibernate.SQL                    [ |  | ] - 
    insert 
    into
        users
        (created_at, email, password, profile_id, updated_at, username, id) 
    values
        (?, ?, ?, ?, ?, ?, ?)
26-05-12 18:40:13.628 [http-nio-8080-exec-1] [32mTRACE[0;39m org.hibernate.orm.jdbc.bind          [ |  | ] - binding parameter (1:TIMESTAMP_UTC) <- [2026-05-12T09:40:13.602269Z]
26-05-12 18:40:13.629 [http-nio-8080-exec-1] [32mTRACE[0;39m org.hibernate.orm.jdbc.bind          [ |  | ] - binding parameter (2:VARCHAR) <- [ryuk6238@gmail.com]
26-05-12 18:40:13.629 [http-nio-8080-exec-1] [32mTRACE[0;39m org.hibernate.orm.jdbc.bind          [ |  | ] - binding parameter (3:VARCHAR) <- [yuk0000@]
26-05-12 18:40:13.629 [http-nio-8080-exec-1] [32mTRACE[0;39m org.hibernate.orm.jdbc.bind          [ |  | ] - binding parameter (4:UUID) <- [null]
26-05-12 18:40:13.629 [http-nio-8080-exec-1] [32mTRACE[0;39m org.hibernate.orm.jdbc.bind          [ |  | ] - binding parameter (5:TIMESTAMP_UTC) <- [2026-05-12T09:40:13.602269Z]
26-05-12 18:40:13.630 [http-nio-8080-exec-1] [32mTRACE[0;39m org.hibernate.orm.jdbc.bind          [ |  | ] - binding parameter (6:VARCHAR) <- [YUK]
26-05-12 18:40:13.630 [http-nio-8080-exec-1] [32mTRACE[0;39m org.hibernate.orm.jdbc.bind          [ |  | ] - binding parameter (7:UUID) <- [66092940-5753-4657-9df0-477c77314f5f]
26-05-12 18:40:13.635 [http-nio-8080-exec-1] [32mDEBUG[0;39m org.hibernate.SQL                    [ |  | ] - 
    insert 
    into
        user_statuses
        (created_at, last_active_at, updated_at, user_id, id) 
    values
        (?, ?, ?, ?, ?)
26-05-12 18:40:13.635 [http-nio-8080-exec-1] [32mTRACE[0;39m org.hibernate.orm.jdbc.bind          [ |  | ] - binding parameter (1:TIMESTAMP_UTC) <- [2026-05-12T09:40:13.616091Z]
26-05-12 18:40:13.635 [http-nio-8080-exec-1] [32mTRACE[0;39m org.hibernate.orm.jdbc.bind          [ |  | ] - binding parameter (2:TIMESTAMP_UTC) <- [2026-05-12T09:40:13.615364Z]
26-05-12 18:40:13.635 [http-nio-8080-exec-1] [32mTRACE[0;39m org.hibernate.orm.jdbc.bind          [ |  | ] - binding parameter (3:TIMESTAMP_UTC) <- [2026-05-12T09:40:13.616091Z]
26-05-12 18:40:13.635 [http-nio-8080-exec-1] [32mTRACE[0;39m org.hibernate.orm.jdbc.bind          [ |  | ] - binding parameter (4:UUID) <- [66092940-5753-4657-9df0-477c77314f5f]
26-05-12 18:40:13.635 [http-nio-8080-exec-1] [32mTRACE[0;39m org.hibernate.orm.jdbc.bind          [ |  | ] - binding parameter (5:UUID) <- [67fcd0c6-a8e0-42cb-8781-0cf1a1f03437]
26-05-12 18:40:13.654 [http-nio-8080-exec-3] [31mERROR[0;39m c.s.m.d.error.GlobalExceptionHandler [ |  | ] - 예상치 못한 오류 발생
org.springframework.web.servlet.resource.NoResourceFoundException: No static resource api/auth/csrf-token.
	at org.springframework.web.servlet.resource.ResourceHttpRequestHandler.handleRequest(ResourceHttpRequestHandler.java:585)
	at org.springframework.web.servlet.mvc.HttpRequestHandlerAdapter.handle(HttpRequestHandlerAdapter.java:52)
	at org.springframework.web.servlet.DispatcherServlet.doDispatch(DispatcherServlet.java:1088)
	at org.springframework.web.servlet.DispatcherServlet.doService(DispatcherServlet.java:978)
	at org.springframework.web.servlet.FrameworkServlet.processRequest(FrameworkServlet.java:1014)
	at org.springframework.web.servlet.FrameworkServlet.doGet(FrameworkServlet.java:903)
	at jakarta.servlet.http.HttpServlet.service(HttpServlet.java:564)
	at org.springframework.web.servlet.FrameworkServlet.service(FrameworkServlet.java:885)
	at jakarta.servlet.http.HttpServlet.service(HttpServlet.java:658)
	at org.apache.catalina.core.ApplicationFilterChain.internalDoFilter(ApplicationFilterChain.java:195)
	at org.apache.catalina.core.ApplicationFilterChain.doFilter(ApplicationFilterChain.java:140)
	at org.apache.tomcat.websocket.server.WsFilter.doFilter(WsFilter.java:51)
	at org.apache.catalina.core.ApplicationFilterChain.internalDoFilter(ApplicationFilterChain.java:164)
	at org.apache.catalina.core.ApplicationFilterChain.doFilter(ApplicationFilterChain.java:140)
	at org.springframework.web.filter.RequestContextFilter.doFilterInternal(RequestContextFilter.java:100)
	at org.springframework.web.filter.OncePerRequestFilter.doFilter(OncePerRequestFilter.java:116)
	at org.apache.catalina.core.ApplicationFilterChain.internalDoFilter(ApplicationFilterChain.java:164)
	at org.apache.catalina.core.ApplicationFilterChain.doFilter(ApplicationFilterChain.java:140)
	at org.springframework.web.filter.FormContentFilter.doFilterInternal(FormContentFilter.java:93)
	at org.springframework.web.filter.OncePerRequestFilter.doFilter(OncePerRequestFilter.java:116)
	at org.apache.catalina.core.ApplicationFilterChain.internalDoFilter(ApplicationFilterChain.java:164)
	at org.apache.catalina.core.ApplicationFilterChain.doFilter(ApplicationFilterChain.java:140)
	at org.springframework.web.filter.ServerHttpObservationFilter.doFilterInternal(ServerHttpObservationFilter.java:114)
	at org.springframework.web.filter.OncePerRequestFilter.doFilter(OncePerRequestFilter.java:116)
	at org.apache.catalina.core.ApplicationFilterChain.internalDoFilter(ApplicationFilterChain.java:164)
	at org.apache.catalina.core.ApplicationFilterChain.doFilter(ApplicationFilterChain.java:140)
	at org.springframework.web.filter.CharacterEncodingFilter.doFilterInternal(CharacterEncodingFilter.java:201)
	at org.springframework.web.filter.OncePerRequestFilter.doFilter(OncePerRequestFilter.java:116)
	at org.apache.catalina.core.ApplicationFilterChain.internalDoFilter(ApplicationFilterChain.java:164)
	at org.apache.catalina.core.ApplicationFilterChain.doFilter(ApplicationFilterChain.java:140)
	at org.apache.catalina.core.StandardWrapperValve.invoke(StandardWrapperValve.java:167)
	at org.apache.catalina.core.StandardContextValve.invoke(StandardContextValve.java:90)
	at org.apache.catalina.authenticator.AuthenticatorBase.invoke(AuthenticatorBase.java:483)
	at org.apache.catalina.core.StandardHostValve.invoke(StandardHostValve.java:115)
	at org.apache.catalina.valves.ErrorReportValve.invoke(ErrorReportValve.java:93)
	at org.apache.catalina.core.StandardEngineValve.invoke(StandardEngineValve.java:74)
	at org.apache.catalina.connector.CoyoteAdapter.service(CoyoteAdapter.java:344)
	at org.apache.coyote.http11.Http11Processor.service(Http11Processor.java:397)
	at org.apache.coyote.AbstractProcessorLight.process(AbstractProcessorLight.java:63)
	at org.apache.coyote.AbstractProtocol$ConnectionHandler.process(AbstractProtocol.java:905)
	at org.apache.tomcat.util.net.NioEndpoint$SocketProcessor.doRun(NioEndpoint.java:1741)
	at org.apache.tomcat.util.net.SocketProcessorBase.run(SocketProcessorBase.java:52)
	at org.apache.tomcat.util.threads.ThreadPoolExecutor.runWorker(ThreadPoolExecutor.java:1190)
	at org.apache.tomcat.util.threads.ThreadPoolExecutor$Worker.run(ThreadPoolExecutor.java:659)
	at org.apache.tomcat.util.threads.TaskThread$WrappingRunnable.run(TaskThread.java:63)
	at java.base/java.lang.Thread.run(Thread.java:840)
26-05-12 18:51:51.243 [SpringApplicationShutdownHook] [32mINFO [0;39m o.s.b.w.e.tomcat.GracefulShutdown    [ |  | ] - Commencing graceful shutdown. Waiting for active requests to complete
26-05-12 18:51:51.248 [tomcat-shutdown] [32mINFO [0;39m o.s.b.w.e.tomcat.GracefulShutdown    [ |  | ] - Graceful shutdown complete
26-05-12 18:51:51.270 [SpringApplicationShutdownHook] [32mINFO [0;39m o.s.o.j.LocalContainerEntityManagerFactoryBean [ |  | ] - Closing JPA EntityManagerFactory for persistence unit 'default'
26-05-12 18:51:51.275 [SpringApplicationShutdownHook] [32mINFO [0;39m com.zaxxer.hikari.HikariDataSource   [ |  | ] - HikariPool-1 - Shutdown initiated...
26-05-12 18:51:51.281 [SpringApplicationShutdownHook] [32mINFO [0;39m com.zaxxer.hikari.HikariDataSource   [ |  | ] - HikariPool-1 - Shutdown completed.
26-05-12 18:52:20.241 [background-preinit] [32mINFO [0;39m o.h.validator.internal.util.Version  [ |  | ] - HV000001: Hibernate Validator 8.0.1.Final
26-05-12 18:52:20.314 [main] [32mINFO [0;39m c.s.m.discodeit.DiscodeitApplication [ |  | ] - Starting DiscodeitApplication using Java 17.0.18 with PID 46277 (/Users/apple/IdeaProjects/temp/9-sprint-mission/discodeit/build/classes/java/main started by apple in /Users/apple/IdeaProjects/temp/9-sprint-mission)
26-05-12 18:52:20.315 [main] [32mDEBUG[0;39m c.s.m.discodeit.DiscodeitApplication [ |  | ] - Running with Spring Boot v3.4.0, Spring v6.2.0
26-05-12 18:52:20.315 [main] [32mINFO [0;39m c.s.m.discodeit.DiscodeitApplication [ |  | ] - The following 1 profile is active: "dev"
26-05-12 18:52:21.912 [main] [32mINFO [0;39m o.s.d.r.c.RepositoryConfigurationDelegate [ |  | ] - Bootstrapping Spring Data JPA repositories in DEFAULT mode.
26-05-12 18:52:21.958 [main] [32mINFO [0;39m o.s.d.r.c.RepositoryConfigurationDelegate [ |  | ] - Finished Spring Data repository scanning in 40 ms. Found 7 JPA repository interfaces.
26-05-12 18:52:22.541 [main] [32mINFO [0;39m o.s.b.w.e.tomcat.TomcatWebServer     [ |  | ] - Tomcat initialized with port 8080 (http)
26-05-12 18:52:22.549 [main] [32mINFO [0;39m o.a.coyote.http11.Http11NioProtocol  [ |  | ] - Initializing ProtocolHandler ["http-nio-8080"]
26-05-12 18:52:22.550 [main] [32mINFO [0;39m o.a.catalina.core.StandardService    [ |  | ] - Starting service [Tomcat]
26-05-12 18:52:22.551 [main] [32mINFO [0;39m o.a.catalina.core.StandardEngine     [ |  | ] - Starting Servlet engine: [Apache Tomcat/10.1.33]
26-05-12 18:52:22.595 [main] [32mINFO [0;39m o.a.c.c.C.[Tomcat].[localhost].[/]   [ |  | ] - Initializing Spring embedded WebApplicationContext
26-05-12 18:52:22.595 [main] [32mINFO [0;39m o.s.b.w.s.c.ServletWebServerApplicationContext [ |  | ] - Root WebApplicationContext: initialization completed in 2243 ms
26-05-12 18:52:22.777 [main] [32mINFO [0;39m com.zaxxer.hikari.HikariDataSource   [ |  | ] - HikariPool-1 - Starting...
26-05-12 18:52:22.855 [main] [32mINFO [0;39m com.zaxxer.hikari.pool.HikariPool    [ |  | ] - HikariPool-1 - Added connection org.postgresql.jdbc.PgConnection@16fc5622
26-05-12 18:52:22.856 [main] [32mINFO [0;39m com.zaxxer.hikari.HikariDataSource   [ |  | ] - HikariPool-1 - Start completed.
26-05-12 18:52:22.910 [main] [32mINFO [0;39m o.h.jpa.internal.util.LogHelper      [ |  | ] - HHH000204: Processing PersistenceUnitInfo [name: default]
26-05-12 18:52:22.944 [main] [32mINFO [0;39m org.hibernate.Version                [ |  | ] - HHH000412: Hibernate ORM core version 6.6.2.Final
26-05-12 18:52:22.963 [main] [32mINFO [0;39m o.h.c.i.RegionFactoryInitiator       [ |  | ] - HHH000026: Second-level cache disabled
26-05-12 18:52:23.146 [main] [32mINFO [0;39m o.s.o.j.p.SpringPersistenceUnitInfo  [ |  | ] - No LoadTimeWeaver setup: ignoring JPA class transformer
26-05-12 18:52:23.204 [main] [32mINFO [0;39m o.hibernate.orm.connections.pooling  [ |  | ] - HHH10001005: Database info:
	Database JDBC URL [Connecting through datasource 'HikariDataSource (HikariPool-1)']
	Database driver: undefined/unknown
	Database version: 14.21
	Autocommit mode: undefined/unknown
	Isolation level: undefined/unknown
	Minimum pool size: undefined/unknown
	Maximum pool size: undefined/unknown
26-05-12 18:52:23.738 [main] [32mINFO [0;39m o.h.e.t.j.p.i.JtaPlatformInitiator   [ |  | ] - HHH000489: No JTA platform available (set 'hibernate.transaction.jta.platform' to enable JTA platform integration)
26-05-12 18:52:23.779 [main] [32mINFO [0;39m o.s.o.j.LocalContainerEntityManagerFactoryBean [ |  | ] - Initialized JPA EntityManagerFactory for persistence unit 'default'
26-05-12 18:52:23.918 [main] [32mINFO [0;39m o.s.d.j.r.query.QueryEnhancerFactory [ |  | ] - Hibernate is in classpath; If applicable, HQL parser will be used.
26-05-12 18:52:24.355 [main] [32mINFO [0;39m o.s.b.a.w.s.WelcomePageHandlerMapping [ |  | ] - Adding welcome page: class path resource [static/index.html]
26-05-12 18:52:24.803 [main] [32mINFO [0;39m o.s.b.a.e.web.EndpointLinksResolver  [ |  | ] - Exposing 4 endpoints beneath base path '/actuator'
26-05-12 18:52:24.847 [main] [32mINFO [0;39m o.a.coyote.http11.Http11NioProtocol  [ |  | ] - Starting ProtocolHandler ["http-nio-8080"]
26-05-12 18:52:24.857 [main] [32mINFO [0;39m o.s.b.w.e.tomcat.TomcatWebServer     [ |  | ] - Tomcat started on port 8080 (http) with context path '/'
26-05-12 18:52:24.869 [main] [32mINFO [0;39m c.s.m.discodeit.DiscodeitApplication [ |  | ] - Started DiscodeitApplication in 5.565 seconds (process running for 6.207)
26-05-12 18:52:25.375 [RMI TCP Connection(1)-192.168.219.102] [32mINFO [0;39m o.a.c.c.C.[Tomcat].[localhost].[/]   [ |  | ] - Initializing Spring DispatcherServlet 'dispatcherServlet'
26-05-12 18:52:25.376 [RMI TCP Connection(1)-192.168.219.102] [32mINFO [0;39m o.s.web.servlet.DispatcherServlet    [ |  | ] - Initializing Servlet 'dispatcherServlet'
26-05-12 18:52:25.378 [RMI TCP Connection(1)-192.168.219.102] [32mINFO [0;39m o.s.web.servlet.DispatcherServlet    [ |  | ] - Completed initialization in 2 ms
26-05-12 18:52:28.920 [http-nio-8080-exec-1] [32mDEBUG[0;39m c.s.m.d.config.MDCLoggingInterceptor [8ab3ede084ba47f2a4e4d1492e437f91 | GET | /] - Request started
26-05-12 18:52:28.933 [http-nio-8080-exec-1] [32mDEBUG[0;39m c.s.m.d.config.MDCLoggingInterceptor [c392ee6a4542452a9b39d63a42eae762 | GET | /index.html] - Request started
26-05-12 18:52:28.935 [http-nio-8080-exec-1] [32mDEBUG[0;39m c.s.m.d.config.MDCLoggingInterceptor [c392ee6a4542452a9b39d63a42eae762 | GET | /index.html] - Request completed
26-05-12 18:52:28.938 [http-nio-8080-exec-1] [32mDEBUG[0;39m c.s.m.d.config.MDCLoggingInterceptor [ |  | ] - Request completed
26-05-12 18:52:29.001 [http-nio-8080-exec-3] [32mDEBUG[0;39m c.s.m.d.config.MDCLoggingInterceptor [3c327f665d2846d189b47259629eb2ba | GET | /assets/index-kQJbKSsj.css] - Request started
26-05-12 18:52:29.001 [http-nio-8080-exec-2] [32mDEBUG[0;39m c.s.m.d.config.MDCLoggingInterceptor [3e1bfe3bb6b54ef0b29a9630cc1514c4 | GET | /assets/index-pvm8va9e.js] - Request started
26-05-12 18:52:29.002 [http-nio-8080-exec-3] [32mDEBUG[0;39m c.s.m.d.config.MDCLoggingInterceptor [3c327f665d2846d189b47259629eb2ba | GET | /assets/index-kQJbKSsj.css] - Request completed
26-05-12 18:52:29.002 [http-nio-8080-exec-2] [32mDEBUG[0;39m c.s.m.d.config.MDCLoggingInterceptor [3e1bfe3bb6b54ef0b29a9630cc1514c4 | GET | /assets/index-pvm8va9e.js] - Request completed
26-05-12 18:52:29.030 [http-nio-8080-exec-4] [32mDEBUG[0;39m c.s.m.d.config.MDCLoggingInterceptor [dc9b9e6151184aa69cb9d931602a04ec | GET | /api/auth/csrf-token] - Request started
26-05-12 18:52:29.030 [http-nio-8080-exec-5] [32mDEBUG[0;39m c.s.m.d.config.MDCLoggingInterceptor [54ae492767f34e23bf257592766473b5 | GET | /api/auth/me] - Request started
26-05-12 18:52:29.038 [http-nio-8080-exec-4] [31mERROR[0;39m c.s.m.d.e.GlobalExceptionHandler     [dc9b9e6151184aa69cb9d931602a04ec | GET | /api/auth/csrf-token] - 예상치 못한 오류 발생: No static resource api/auth/csrf-token.
org.springframework.web.servlet.resource.NoResourceFoundException: No static resource api/auth/csrf-token.
	at org.springframework.web.servlet.resource.ResourceHttpRequestHandler.handleRequest(ResourceHttpRequestHandler.java:585)
	at org.springframework.web.servlet.mvc.HttpRequestHandlerAdapter.handle(HttpRequestHandlerAdapter.java:52)
	at org.springframework.web.servlet.DispatcherServlet.doDispatch(DispatcherServlet.java:1088)
	at org.springframework.web.servlet.DispatcherServlet.doService(DispatcherServlet.java:978)
	at org.springframework.web.servlet.FrameworkServlet.processRequest(FrameworkServlet.java:1014)
	at org.springframework.web.servlet.FrameworkServlet.doGet(FrameworkServlet.java:903)
	at jakarta.servlet.http.HttpServlet.service(HttpServlet.java:564)
	at org.springframework.web.servlet.FrameworkServlet.service(FrameworkServlet.java:885)
	at jakarta.servlet.http.HttpServlet.service(HttpServlet.java:658)
	at org.apache.catalina.core.ApplicationFilterChain.internalDoFilter(ApplicationFilterChain.java:195)
	at org.apache.catalina.core.ApplicationFilterChain.doFilter(ApplicationFilterChain.java:140)
	at org.apache.tomcat.websocket.server.WsFilter.doFilter(WsFilter.java:51)
	at org.apache.catalina.core.ApplicationFilterChain.internalDoFilter(ApplicationFilterChain.java:164)
	at org.apache.catalina.core.ApplicationFilterChain.doFilter(ApplicationFilterChain.java:140)
	at org.springframework.web.filter.RequestContextFilter.doFilterInternal(RequestContextFilter.java:100)
	at org.springframework.web.filter.OncePerRequestFilter.doFilter(OncePerRequestFilter.java:116)
	at org.apache.catalina.core.ApplicationFilterChain.internalDoFilter(ApplicationFilterChain.java:164)
	at org.apache.catalina.core.ApplicationFilterChain.doFilter(ApplicationFilterChain.java:140)
	at org.springframework.web.filter.FormContentFilter.doFilterInternal(FormContentFilter.java:93)
	at org.springframework.web.filter.OncePerRequestFilter.doFilter(OncePerRequestFilter.java:116)
	at org.apache.catalina.core.ApplicationFilterChain.internalDoFilter(ApplicationFilterChain.java:164)
	at org.apache.catalina.core.ApplicationFilterChain.doFilter(ApplicationFilterChain.java:140)
	at org.springframework.web.filter.ServerHttpObservationFilter.doFilterInternal(ServerHttpObservationFilter.java:114)
	at org.springframework.web.filter.OncePerRequestFilter.doFilter(OncePerRequestFilter.java:116)
	at org.apache.catalina.core.ApplicationFilterChain.internalDoFilter(ApplicationFilterChain.java:164)
	at org.apache.catalina.core.ApplicationFilterChain.doFilter(ApplicationFilterChain.java:140)
	at org.springframework.web.filter.CharacterEncodingFilter.doFilterInternal(CharacterEncodingFilter.java:201)
	at org.springframework.web.filter.OncePerRequestFilter.doFilter(OncePerRequestFilter.java:116)
	at org.apache.catalina.core.ApplicationFilterChain.internalDoFilter(ApplicationFilterChain.java:164)
	at org.apache.catalina.core.ApplicationFilterChain.doFilter(ApplicationFilterChain.java:140)
	at org.apache.catalina.core.StandardWrapperValve.invoke(StandardWrapperValve.java:167)
	at org.apache.catalina.core.StandardContextValve.invoke(StandardContextValve.java:90)
	at org.apache.catalina.authenticator.AuthenticatorBase.invoke(AuthenticatorBase.java:483)
	at org.apache.catalina.core.StandardHostValve.invoke(StandardHostValve.java:115)
	at org.apache.catalina.valves.ErrorReportValve.invoke(ErrorReportValve.java:93)
	at org.apache.catalina.core.StandardEngineValve.invoke(StandardEngineValve.java:74)
	at org.apache.catalina.connector.CoyoteAdapter.service(CoyoteAdapter.java:344)
	at org.apache.coyote.http11.Http11Processor.service(Http11Processor.java:397)
	at org.apache.coyote.AbstractProcessorLight.process(AbstractProcessorLight.java:63)
	at org.apache.coyote.AbstractProtocol$ConnectionHandler.process(AbstractProtocol.java:905)
	at org.apache.tomcat.util.net.NioEndpoint$SocketProcessor.doRun(NioEndpoint.java:1741)
	at org.apache.tomcat.util.net.SocketProcessorBase.run(SocketProcessorBase.java:52)
	at org.apache.tomcat.util.threads.ThreadPoolExecutor.runWorker(ThreadPoolExecutor.java:1190)
	at org.apache.tomcat.util.threads.ThreadPoolExecutor$Worker.run(ThreadPoolExecutor.java:659)
	at org.apache.tomcat.util.threads.TaskThread$WrappingRunnable.run(TaskThread.java:63)
	at java.base/java.lang.Thread.run(Thread.java:840)
26-05-12 18:52:29.038 [http-nio-8080-exec-5] [31mERROR[0;39m c.s.m.d.e.GlobalExceptionHandler     [54ae492767f34e23bf257592766473b5 | GET | /api/auth/me] - 예상치 못한 오류 발생: No static resource api/auth/me.
org.springframework.web.servlet.resource.NoResourceFoundException: No static resource api/auth/me.
	at org.springframework.web.servlet.resource.ResourceHttpRequestHandler.handleRequest(ResourceHttpRequestHandler.java:585)
	at org.springframework.web.servlet.mvc.HttpRequestHandlerAdapter.handle(HttpRequestHandlerAdapter.java:52)
	at org.springframework.web.servlet.DispatcherServlet.doDispatch(DispatcherServlet.java:1088)
	at org.springframework.web.servlet.DispatcherServlet.doService(DispatcherServlet.java:978)
	at org.springframework.web.servlet.FrameworkServlet.processRequest(FrameworkServlet.java:1014)
	at org.springframework.web.servlet.FrameworkServlet.doGet(FrameworkServlet.java:903)
	at jakarta.servlet.http.HttpServlet.service(HttpServlet.java:564)
	at org.springframework.web.servlet.FrameworkServlet.service(FrameworkServlet.java:885)
	at jakarta.servlet.http.HttpServlet.service(HttpServlet.java:658)
	at org.apache.catalina.core.ApplicationFilterChain.internalDoFilter(ApplicationFilterChain.java:195)
	at org.apache.catalina.core.ApplicationFilterChain.doFilter(ApplicationFilterChain.java:140)
	at org.apache.tomcat.websocket.server.WsFilter.doFilter(WsFilter.java:51)
	at org.apache.catalina.core.ApplicationFilterChain.internalDoFilter(ApplicationFilterChain.java:164)
	at org.apache.catalina.core.ApplicationFilterChain.doFilter(ApplicationFilterChain.java:140)
	at org.springframework.web.filter.RequestContextFilter.doFilterInternal(RequestContextFilter.java:100)
	at org.springframework.web.filter.OncePerRequestFilter.doFilter(OncePerRequestFilter.java:116)
	at org.apache.catalina.core.ApplicationFilterChain.internalDoFilter(ApplicationFilterChain.java:164)
	at org.apache.catalina.core.ApplicationFilterChain.doFilter(ApplicationFilterChain.java:140)
	at org.springframework.web.filter.FormContentFilter.doFilterInternal(FormContentFilter.java:93)
	at org.springframework.web.filter.OncePerRequestFilter.doFilter(OncePerRequestFilter.java:116)
	at org.apache.catalina.core.ApplicationFilterChain.internalDoFilter(ApplicationFilterChain.java:164)
	at org.apache.catalina.core.ApplicationFilterChain.doFilter(ApplicationFilterChain.java:140)
	at org.springframework.web.filter.ServerHttpObservationFilter.doFilterInternal(ServerHttpObservationFilter.java:114)
	at org.springframework.web.filter.OncePerRequestFilter.doFilter(OncePerRequestFilter.java:116)
	at org.apache.catalina.core.ApplicationFilterChain.internalDoFilter(ApplicationFilterChain.java:164)
	at org.apache.catalina.core.ApplicationFilterChain.doFilter(ApplicationFilterChain.java:140)
	at org.springframework.web.filter.CharacterEncodingFilter.doFilterInternal(CharacterEncodingFilter.java:201)
	at org.springframework.web.filter.OncePerRequestFilter.doFilter(OncePerRequestFilter.java:116)
	at org.apache.catalina.core.ApplicationFilterChain.internalDoFilter(ApplicationFilterChain.java:164)
	at org.apache.catalina.core.ApplicationFilterChain.doFilter(ApplicationFilterChain.java:140)
	at org.apache.catalina.core.StandardWrapperValve.invoke(StandardWrapperValve.java:167)
	at org.apache.catalina.core.StandardContextValve.invoke(StandardContextValve.java:90)
	at org.apache.catalina.authenticator.AuthenticatorBase.invoke(AuthenticatorBase.java:483)
	at org.apache.catalina.core.StandardHostValve.invoke(StandardHostValve.java:115)
	at org.apache.catalina.valves.ErrorReportValve.invoke(ErrorReportValve.java:93)
	at org.apache.catalina.core.StandardEngineValve.invoke(StandardEngineValve.java:74)
	at org.apache.catalina.connector.CoyoteAdapter.service(CoyoteAdapter.java:344)
	at org.apache.coyote.http11.Http11Processor.service(Http11Processor.java:397)
	at org.apache.coyote.AbstractProcessorLight.process(AbstractProcessorLight.java:63)
	at org.apache.coyote.AbstractProtocol$ConnectionHandler.process(AbstractProtocol.java:905)
	at org.apache.tomcat.util.net.NioEndpoint$SocketProcessor.doRun(NioEndpoint.java:1741)
	at org.apache.tomcat.util.net.SocketProcessorBase.run(SocketProcessorBase.java:52)
	at org.apache.tomcat.util.threads.ThreadPoolExecutor.runWorker(ThreadPoolExecutor.java:1190)
	at org.apache.tomcat.util.threads.ThreadPoolExecutor$Worker.run(ThreadPoolExecutor.java:659)
	at org.apache.tomcat.util.threads.TaskThread$WrappingRunnable.run(TaskThread.java:63)
	at java.base/java.lang.Thread.run(Thread.java:840)
26-05-12 18:52:29.062 [http-nio-8080-exec-5] [32mDEBUG[0;39m c.s.m.d.config.MDCLoggingInterceptor [54ae492767f34e23bf257592766473b5 | GET | /api/auth/me] - Request completed
26-05-12 18:52:29.062 [http-nio-8080-exec-4] [32mDEBUG[0;39m c.s.m.d.config.MDCLoggingInterceptor [dc9b9e6151184aa69cb9d931602a04ec | GET | /api/auth/csrf-token] - Request completed
26-05-12 18:52:49.955 [http-nio-8080-exec-6] [32mDEBUG[0;39m c.s.m.d.config.MDCLoggingInterceptor [cd4a5e7cdad7416abb2a958f2fb1cbfc | POST | /api/users] - Request started
26-05-12 18:52:50.049 [http-nio-8080-exec-6] [32mINFO [0;39m c.s.m.d.controller.UserController    [cd4a5e7cdad7416abb2a958f2fb1cbfc | POST | /api/users] - 사용자 생성 요청: UserCreateRequest[username=YUK, email=YUK@gmail.com, password=yuk0000@]
26-05-12 18:52:50.057 [http-nio-8080-exec-6] [32mDEBUG[0;39m c.s.m.d.s.basic.BasicUserService     [cd4a5e7cdad7416abb2a958f2fb1cbfc | POST | /api/users] - 사용자 생성 시작: UserCreateRequest[username=YUK, email=YUK@gmail.com, password=yuk0000@]
26-05-12 18:52:50.095 [http-nio-8080-exec-6] [32mDEBUG[0;39m org.hibernate.SQL                    [cd4a5e7cdad7416abb2a958f2fb1cbfc | POST | /api/users] - 
    select
        u1_0.id 
    from
        users u1_0 
    where
        u1_0.email=? 
    fetch
        first ? rows only
26-05-12 18:52:50.096 [http-nio-8080-exec-6] [32mTRACE[0;39m org.hibernate.orm.jdbc.bind          [cd4a5e7cdad7416abb2a958f2fb1cbfc | POST | /api/users] - binding parameter (1:VARCHAR) <- [YUK@gmail.com]
26-05-12 18:52:50.096 [http-nio-8080-exec-6] [32mTRACE[0;39m org.hibernate.orm.jdbc.bind          [cd4a5e7cdad7416abb2a958f2fb1cbfc | POST | /api/users] - binding parameter (2:INTEGER) <- [1]
26-05-12 18:52:50.112 [http-nio-8080-exec-6] [32mDEBUG[0;39m org.hibernate.SQL                    [cd4a5e7cdad7416abb2a958f2fb1cbfc | POST | /api/users] - 
    select
        u1_0.id 
    from
        users u1_0 
    where
        u1_0.username=? 
    fetch
        first ? rows only
26-05-12 18:52:50.113 [http-nio-8080-exec-6] [32mTRACE[0;39m org.hibernate.orm.jdbc.bind          [cd4a5e7cdad7416abb2a958f2fb1cbfc | POST | /api/users] - binding parameter (1:VARCHAR) <- [YUK]
26-05-12 18:52:50.113 [http-nio-8080-exec-6] [32mTRACE[0;39m org.hibernate.orm.jdbc.bind          [cd4a5e7cdad7416abb2a958f2fb1cbfc | POST | /api/users] - binding parameter (2:INTEGER) <- [1]
26-05-12 18:52:50.120 [http-nio-8080-exec-6] [31mERROR[0;39m c.s.m.d.e.GlobalExceptionHandler     [cd4a5e7cdad7416abb2a958f2fb1cbfc | POST | /api/users] - 커스텀 예외 발생: code=DUPLICATE_USER, message=이미 존재하는 사용자입니다.
com.sprint.mission.discodeit.exception.user.UserAlreadyExistsException: 이미 존재하는 사용자입니다.
	at com.sprint.mission.discodeit.exception.user.UserAlreadyExistsException.withUsername(UserAlreadyExistsException.java:17)
	at com.sprint.mission.discodeit.service.basic.BasicUserService.create(BasicUserService.java:51)
	at java.base/jdk.internal.reflect.NativeMethodAccessorImpl.invoke0(Native Method)
	at java.base/jdk.internal.reflect.NativeMethodAccessorImpl.invoke(NativeMethodAccessorImpl.java:77)
	at java.base/jdk.internal.reflect.DelegatingMethodAccessorImpl.invoke(DelegatingMethodAccessorImpl.java:43)
	at java.base/java.lang.reflect.Method.invoke(Method.java:569)
	at org.springframework.aop.support.AopUtils.invokeJoinpointUsingReflection(AopUtils.java:359)
	at org.springframework.aop.framework.ReflectiveMethodInvocation.invokeJoinpoint(ReflectiveMethodInvocation.java:196)
	at org.springframework.aop.framework.ReflectiveMethodInvocation.proceed(ReflectiveMethodInvocation.java:163)
	at org.springframework.transaction.interceptor.TransactionAspectSupport.invokeWithinTransaction(TransactionAspectSupport.java:380)
	at org.springframework.transaction.interceptor.TransactionInterceptor.invoke(TransactionInterceptor.java:119)
	at org.springframework.aop.framework.ReflectiveMethodInvocation.proceed(ReflectiveMethodInvocation.java:184)
	at org.springframework.aop.framework.CglibAopProxy$DynamicAdvisedInterceptor.intercept(CglibAopProxy.java:727)
	at com.sprint.mission.discodeit.service.basic.BasicUserService$$SpringCGLIB$$0.create(<generated>)
	at com.sprint.mission.discodeit.controller.UserController.create(UserController.java:51)
	at java.base/jdk.internal.reflect.NativeMethodAccessorImpl.invoke0(Native Method)
	at java.base/jdk.internal.reflect.NativeMethodAccessorImpl.invoke(NativeMethodAccessorImpl.java:77)
	at java.base/jdk.internal.reflect.DelegatingMethodAccessorImpl.invoke(DelegatingMethodAccessorImpl.java:43)
	at java.base/java.lang.reflect.Method.invoke(Method.java:569)
	at org.springframework.web.method.support.InvocableHandlerMethod.doInvoke(InvocableHandlerMethod.java:255)
	at org.springframework.web.method.support.InvocableHandlerMethod.invokeForRequest(InvocableHandlerMethod.java:188)
	at org.springframework.web.servlet.mvc.method.annotation.ServletInvocableHandlerMethod.invokeAndHandle(ServletInvocableHandlerMethod.java:118)
	at org.springframework.web.servlet.mvc.method.annotation.RequestMappingHandlerAdapter.invokeHandlerMethod(RequestMappingHandlerAdapter.java:986)
	at org.springframework.web.servlet.mvc.method.annotation.RequestMappingHandlerAdapter.handleInternal(RequestMappingHandlerAdapter.java:891)
	at org.springframework.web.servlet.mvc.method.AbstractHandlerMethodAdapter.handle(AbstractHandlerMethodAdapter.java:87)
	at org.springframework.web.servlet.DispatcherServlet.doDispatch(DispatcherServlet.java:1088)
	at org.springframework.web.servlet.DispatcherServlet.doService(DispatcherServlet.java:978)
	at org.springframework.web.servlet.FrameworkServlet.processRequest(FrameworkServlet.java:1014)
	at org.springframework.web.servlet.FrameworkServlet.doPost(FrameworkServlet.java:914)
	at jakarta.servlet.http.HttpServlet.service(HttpServlet.java:590)
	at org.springframework.web.servlet.FrameworkServlet.service(FrameworkServlet.java:885)
	at jakarta.servlet.http.HttpServlet.service(HttpServlet.java:658)
	at org.apache.catalina.core.ApplicationFilterChain.internalDoFilter(ApplicationFilterChain.java:195)
	at org.apache.catalina.core.ApplicationFilterChain.doFilter(ApplicationFilterChain.java:140)
	at org.apache.tomcat.websocket.server.WsFilter.doFilter(WsFilter.java:51)
	at org.apache.catalina.core.ApplicationFilterChain.internalDoFilter(ApplicationFilterChain.java:164)
	at org.apache.catalina.core.ApplicationFilterChain.doFilter(ApplicationFilterChain.java:140)
	at org.springframework.web.filter.RequestContextFilter.doFilterInternal(RequestContextFilter.java:100)
	at org.springframework.web.filter.OncePerRequestFilter.doFilter(OncePerRequestFilter.java:116)
	at org.apache.catalina.core.ApplicationFilterChain.internalDoFilter(ApplicationFilterChain.java:164)
	at org.apache.catalina.core.ApplicationFilterChain.doFilter(ApplicationFilterChain.java:140)
	at org.springframework.web.filter.FormContentFilter.doFilterInternal(FormContentFilter.java:93)
	at org.springframework.web.filter.OncePerRequestFilter.doFilter(OncePerRequestFilter.java:116)
	at org.apache.catalina.core.ApplicationFilterChain.internalDoFilter(ApplicationFilterChain.java:164)
	at org.apache.catalina.core.ApplicationFilterChain.doFilter(ApplicationFilterChain.java:140)
	at org.springframework.web.filter.ServerHttpObservationFilter.doFilterInternal(ServerHttpObservationFilter.java:114)
	at org.springframework.web.filter.OncePerRequestFilter.doFilter(OncePerRequestFilter.java:116)
	at org.apache.catalina.core.ApplicationFilterChain.internalDoFilter(ApplicationFilterChain.java:164)
	at org.apache.catalina.core.ApplicationFilterChain.doFilter(ApplicationFilterChain.java:140)
	at org.springframework.web.filter.CharacterEncodingFilter.doFilterInternal(CharacterEncodingFilter.java:201)
	at org.springframework.web.filter.OncePerRequestFilter.doFilter(OncePerRequestFilter.java:116)
	at org.apache.catalina.core.ApplicationFilterChain.internalDoFilter(ApplicationFilterChain.java:164)
	at org.apache.catalina.core.ApplicationFilterChain.doFilter(ApplicationFilterChain.java:140)
	at org.apache.catalina.core.StandardWrapperValve.invoke(StandardWrapperValve.java:167)
	at org.apache.catalina.core.StandardContextValve.invoke(StandardContextValve.java:90)
	at org.apache.catalina.authenticator.AuthenticatorBase.invoke(AuthenticatorBase.java:483)
	at org.apache.catalina.core.StandardHostValve.invoke(StandardHostValve.java:115)
	at org.apache.catalina.valves.ErrorReportValve.invoke(ErrorReportValve.java:93)
	at org.apache.catalina.core.StandardEngineValve.invoke(StandardEngineValve.java:74)
	at org.apache.catalina.connector.CoyoteAdapter.service(CoyoteAdapter.java:344)
	at org.apache.coyote.http11.Http11Processor.service(Http11Processor.java:397)
	at org.apache.coyote.AbstractProcessorLight.process(AbstractProcessorLight.java:63)
	at org.apache.coyote.AbstractProtocol$ConnectionHandler.process(AbstractProtocol.java:905)
	at org.apache.tomcat.util.net.NioEndpoint$SocketProcessor.doRun(NioEndpoint.java:1741)
	at org.apache.tomcat.util.net.SocketProcessorBase.run(SocketProcessorBase.java:52)
	at org.apache.tomcat.util.threads.ThreadPoolExecutor.runWorker(ThreadPoolExecutor.java:1190)
	at org.apache.tomcat.util.threads.ThreadPoolExecutor$Worker.run(ThreadPoolExecutor.java:659)
	at org.apache.tomcat.util.threads.TaskThread$WrappingRunnable.run(TaskThread.java:63)
	at java.base/java.lang.Thread.run(Thread.java:840)
26-05-12 18:52:50.122 [http-nio-8080-exec-6] [32mDEBUG[0;39m c.s.m.d.config.MDCLoggingInterceptor [cd4a5e7cdad7416abb2a958f2fb1cbfc | POST | /api/users] - Request completed
26-05-12 18:52:56.534 [SpringApplicationShutdownHook] [32mINFO [0;39m o.s.b.w.e.tomcat.GracefulShutdown    [ |  | ] - Commencing graceful shutdown. Waiting for active requests to complete
26-05-12 18:52:56.544 [tomcat-shutdown] [32mINFO [0;39m o.s.b.w.e.tomcat.GracefulShutdown    [ |  | ] - Graceful shutdown complete
26-05-12 18:52:56.562 [SpringApplicationShutdownHook] [32mINFO [0;39m o.s.o.j.LocalContainerEntityManagerFactoryBean [ |  | ] - Closing JPA EntityManagerFactory for persistence unit 'default'
26-05-12 18:52:56.568 [SpringApplicationShutdownHook] [32mINFO [0;39m com.zaxxer.hikari.HikariDataSource   [ |  | ] - HikariPool-1 - Shutdown initiated...
26-05-12 18:52:56.579 [SpringApplicationShutdownHook] [32mINFO [0;39m com.zaxxer.hikari.HikariDataSource   [ |  | ] - HikariPool-1 - Shutdown completed.
26-05-12 18:53:36.307 [background-preinit] [32mINFO [0;39m o.h.validator.internal.util.Version  [ |  | ] - HV000001: Hibernate Validator 8.0.1.Final
26-05-12 18:53:36.333 [main] [32mINFO [0;39m c.s.m.discodeit.DiscodeitApplication [ |  | ] - Starting DiscodeitApplication using Java 17.0.18 with PID 46360 (/Users/apple/IdeaProjects/temp/9-sprint-mission/discodeit/build/classes/java/main started by apple in /Users/apple/IdeaProjects/temp/9-sprint-mission)
26-05-12 18:53:36.333 [main] [32mDEBUG[0;39m c.s.m.discodeit.DiscodeitApplication [ |  | ] - Running with Spring Boot v3.4.0, Spring v6.2.0
26-05-12 18:53:36.333 [main] [32mINFO [0;39m c.s.m.discodeit.DiscodeitApplication [ |  | ] - The following 1 profile is active: "dev"
26-05-12 18:53:37.001 [main] [32mINFO [0;39m o.s.d.r.c.RepositoryConfigurationDelegate [ |  | ] - Bootstrapping Spring Data JPA repositories in DEFAULT mode.
26-05-12 18:53:37.041 [main] [32mINFO [0;39m o.s.d.r.c.RepositoryConfigurationDelegate [ |  | ] - Finished Spring Data repository scanning in 35 ms. Found 7 JPA repository interfaces.
26-05-12 18:53:37.433 [main] [32mINFO [0;39m o.s.b.w.e.tomcat.TomcatWebServer     [ |  | ] - Tomcat initialized with port 8080 (http)
26-05-12 18:53:37.440 [main] [32mINFO [0;39m o.a.coyote.http11.Http11NioProtocol  [ |  | ] - Initializing ProtocolHandler ["http-nio-8080"]
26-05-12 18:53:37.441 [main] [32mINFO [0;39m o.a.catalina.core.StandardService    [ |  | ] - Starting service [Tomcat]
26-05-12 18:53:37.442 [main] [32mINFO [0;39m o.a.catalina.core.StandardEngine     [ |  | ] - Starting Servlet engine: [Apache Tomcat/10.1.33]
26-05-12 18:53:37.472 [main] [32mINFO [0;39m o.a.c.c.C.[Tomcat].[localhost].[/]   [ |  | ] - Initializing Spring embedded WebApplicationContext
26-05-12 18:53:37.472 [main] [32mINFO [0;39m o.s.b.w.s.c.ServletWebServerApplicationContext [ |  | ] - Root WebApplicationContext: initialization completed in 1122 ms
26-05-12 18:53:37.591 [main] [32mINFO [0;39m com.zaxxer.hikari.HikariDataSource   [ |  | ] - HikariPool-1 - Starting...
26-05-12 18:53:37.660 [main] [32mINFO [0;39m com.zaxxer.hikari.pool.HikariPool    [ |  | ] - HikariPool-1 - Added connection org.postgresql.jdbc.PgConnection@3a709cc7
26-05-12 18:53:37.661 [main] [32mINFO [0;39m com.zaxxer.hikari.HikariDataSource   [ |  | ] - HikariPool-1 - Start completed.
26-05-12 18:53:37.723 [main] [32mINFO [0;39m o.h.jpa.internal.util.LogHelper      [ |  | ] - HHH000204: Processing PersistenceUnitInfo [name: default]
26-05-12 18:53:37.757 [main] [32mINFO [0;39m org.hibernate.Version                [ |  | ] - HHH000412: Hibernate ORM core version 6.6.2.Final
26-05-12 18:53:37.778 [main] [32mINFO [0;39m o.h.c.i.RegionFactoryInitiator       [ |  | ] - HHH000026: Second-level cache disabled
26-05-12 18:53:37.935 [main] [32mINFO [0;39m o.s.o.j.p.SpringPersistenceUnitInfo  [ |  | ] - No LoadTimeWeaver setup: ignoring JPA class transformer
26-05-12 18:53:37.988 [main] [32mINFO [0;39m o.hibernate.orm.connections.pooling  [ |  | ] - HHH10001005: Database info:
	Database JDBC URL [Connecting through datasource 'HikariDataSource (HikariPool-1)']
	Database driver: undefined/unknown
	Database version: 14.21
	Autocommit mode: undefined/unknown
	Isolation level: undefined/unknown
	Minimum pool size: undefined/unknown
	Maximum pool size: undefined/unknown
26-05-12 18:53:38.557 [main] [32mINFO [0;39m o.h.e.t.j.p.i.JtaPlatformInitiator   [ |  | ] - HHH000489: No JTA platform available (set 'hibernate.transaction.jta.platform' to enable JTA platform integration)
26-05-12 18:53:38.592 [main] [32mINFO [0;39m o.s.o.j.LocalContainerEntityManagerFactoryBean [ |  | ] - Initialized JPA EntityManagerFactory for persistence unit 'default'
26-05-12 18:53:38.754 [main] [32mINFO [0;39m o.s.d.j.r.query.QueryEnhancerFactory [ |  | ] - Hibernate is in classpath; If applicable, HQL parser will be used.
26-05-12 18:53:39.165 [main] [32mINFO [0;39m o.s.b.a.w.s.WelcomePageHandlerMapping [ |  | ] - Adding welcome page: class path resource [static/index.html]
26-05-12 18:53:39.602 [main] [32mINFO [0;39m o.s.b.a.e.web.EndpointLinksResolver  [ |  | ] - Exposing 4 endpoints beneath base path '/actuator'
26-05-12 18:53:39.645 [main] [32mINFO [0;39m o.a.coyote.http11.Http11NioProtocol  [ |  | ] - Starting ProtocolHandler ["http-nio-8080"]
26-05-12 18:53:39.654 [main] [32mINFO [0;39m o.s.b.w.e.tomcat.TomcatWebServer     [ |  | ] - Tomcat started on port 8080 (http) with context path '/'
26-05-12 18:53:39.666 [main] [32mINFO [0;39m c.s.m.discodeit.DiscodeitApplication [ |  | ] - Started DiscodeitApplication in 3.672 seconds (process running for 4.14)
26-05-12 18:53:39.875 [RMI TCP Connection(2)-192.168.219.102] [32mINFO [0;39m o.a.c.c.C.[Tomcat].[localhost].[/]   [ |  | ] - Initializing Spring DispatcherServlet 'dispatcherServlet'
26-05-12 18:53:39.876 [RMI TCP Connection(2)-192.168.219.102] [32mINFO [0;39m o.s.web.servlet.DispatcherServlet    [ |  | ] - Initializing Servlet 'dispatcherServlet'
26-05-12 18:53:39.878 [RMI TCP Connection(2)-192.168.219.102] [32mINFO [0;39m o.s.web.servlet.DispatcherServlet    [ |  | ] - Completed initialization in 2 ms
26-05-12 18:53:42.419 [http-nio-8080-exec-1] [32mDEBUG[0;39m c.s.m.d.config.MDCLoggingInterceptor [975da1902e3845ad92231453653f1a36 | GET | /] - Request started
26-05-12 18:53:42.433 [http-nio-8080-exec-1] [32mDEBUG[0;39m c.s.m.d.config.MDCLoggingInterceptor [b251223f5a604e71834417c38f240d3e | GET | /index.html] - Request started
26-05-12 18:53:42.435 [http-nio-8080-exec-1] [32mDEBUG[0;39m c.s.m.d.config.MDCLoggingInterceptor [b251223f5a604e71834417c38f240d3e | GET | /index.html] - Request completed
26-05-12 18:53:42.436 [http-nio-8080-exec-1] [32mDEBUG[0;39m c.s.m.d.config.MDCLoggingInterceptor [ |  | ] - Request completed
26-05-12 18:53:42.489 [http-nio-8080-exec-2] [32mDEBUG[0;39m c.s.m.d.config.MDCLoggingInterceptor [4fdd66b3f6b648158623cfb437cf666d | GET | /api/auth/csrf-token] - Request started
26-05-12 18:53:42.489 [http-nio-8080-exec-3] [32mDEBUG[0;39m c.s.m.d.config.MDCLoggingInterceptor [de2b8c9cfbfd4f01b4090ed91ac2ac3b | GET | /api/auth/me] - Request started
26-05-12 18:53:42.495 [http-nio-8080-exec-3] [31mERROR[0;39m c.s.m.d.e.GlobalExceptionHandler     [de2b8c9cfbfd4f01b4090ed91ac2ac3b | GET | /api/auth/me] - 예상치 못한 오류 발생: No static resource api/auth/me.
org.springframework.web.servlet.resource.NoResourceFoundException: No static resource api/auth/me.
	at org.springframework.web.servlet.resource.ResourceHttpRequestHandler.handleRequest(ResourceHttpRequestHandler.java:585)
	at org.springframework.web.servlet.mvc.HttpRequestHandlerAdapter.handle(HttpRequestHandlerAdapter.java:52)
	at org.springframework.web.servlet.DispatcherServlet.doDispatch(DispatcherServlet.java:1088)
	at org.springframework.web.servlet.DispatcherServlet.doService(DispatcherServlet.java:978)
	at org.springframework.web.servlet.FrameworkServlet.processRequest(FrameworkServlet.java:1014)
	at org.springframework.web.servlet.FrameworkServlet.doGet(FrameworkServlet.java:903)
	at jakarta.servlet.http.HttpServlet.service(HttpServlet.java:564)
	at org.springframework.web.servlet.FrameworkServlet.service(FrameworkServlet.java:885)
	at jakarta.servlet.http.HttpServlet.service(HttpServlet.java:658)
	at org.apache.catalina.core.ApplicationFilterChain.internalDoFilter(ApplicationFilterChain.java:195)
	at org.apache.catalina.core.ApplicationFilterChain.doFilter(ApplicationFilterChain.java:140)
	at org.apache.tomcat.websocket.server.WsFilter.doFilter(WsFilter.java:51)
	at org.apache.catalina.core.ApplicationFilterChain.internalDoFilter(ApplicationFilterChain.java:164)
	at org.apache.catalina.core.ApplicationFilterChain.doFilter(ApplicationFilterChain.java:140)
	at org.springframework.web.filter.RequestContextFilter.doFilterInternal(RequestContextFilter.java:100)
	at org.springframework.web.filter.OncePerRequestFilter.doFilter(OncePerRequestFilter.java:116)
	at org.apache.catalina.core.ApplicationFilterChain.internalDoFilter(ApplicationFilterChain.java:164)
	at org.apache.catalina.core.ApplicationFilterChain.doFilter(ApplicationFilterChain.java:140)
	at org.springframework.web.filter.FormContentFilter.doFilterInternal(FormContentFilter.java:93)
	at org.springframework.web.filter.OncePerRequestFilter.doFilter(OncePerRequestFilter.java:116)
	at org.apache.catalina.core.ApplicationFilterChain.internalDoFilter(ApplicationFilterChain.java:164)
	at org.apache.catalina.core.ApplicationFilterChain.doFilter(ApplicationFilterChain.java:140)
	at org.springframework.web.filter.ServerHttpObservationFilter.doFilterInternal(ServerHttpObservationFilter.java:114)
	at org.springframework.web.filter.OncePerRequestFilter.doFilter(OncePerRequestFilter.java:116)
	at org.apache.catalina.core.ApplicationFilterChain.internalDoFilter(ApplicationFilterChain.java:164)
	at org.apache.catalina.core.ApplicationFilterChain.doFilter(ApplicationFilterChain.java:140)
	at org.springframework.web.filter.CharacterEncodingFilter.doFilterInternal(CharacterEncodingFilter.java:201)
	at org.springframework.web.filter.OncePerRequestFilter.doFilter(OncePerRequestFilter.java:116)
	at org.apache.catalina.core.ApplicationFilterChain.internalDoFilter(ApplicationFilterChain.java:164)
	at org.apache.catalina.core.ApplicationFilterChain.doFilter(ApplicationFilterChain.java:140)
	at org.apache.catalina.core.StandardWrapperValve.invoke(StandardWrapperValve.java:167)
	at org.apache.catalina.core.StandardContextValve.invoke(StandardContextValve.java:90)
	at org.apache.catalina.authenticator.AuthenticatorBase.invoke(AuthenticatorBase.java:483)
	at org.apache.catalina.core.StandardHostValve.invoke(StandardHostValve.java:115)
	at org.apache.catalina.valves.ErrorReportValve.invoke(ErrorReportValve.java:93)
	at org.apache.catalina.core.StandardEngineValve.invoke(StandardEngineValve.java:74)
	at org.apache.catalina.connector.CoyoteAdapter.service(CoyoteAdapter.java:344)
	at org.apache.coyote.http11.Http11Processor.service(Http11Processor.java:397)
	at org.apache.coyote.AbstractProcessorLight.process(AbstractProcessorLight.java:63)
	at org.apache.coyote.AbstractProtocol$ConnectionHandler.process(AbstractProtocol.java:905)
	at org.apache.tomcat.util.net.NioEndpoint$SocketProcessor.doRun(NioEndpoint.java:1741)
	at org.apache.tomcat.util.net.SocketProcessorBase.run(SocketProcessorBase.java:52)
	at org.apache.tomcat.util.threads.ThreadPoolExecutor.runWorker(ThreadPoolExecutor.java:1190)
	at org.apache.tomcat.util.threads.ThreadPoolExecutor$Worker.run(ThreadPoolExecutor.java:659)
	at org.apache.tomcat.util.threads.TaskThread$WrappingRunnable.run(TaskThread.java:63)
	at java.base/java.lang.Thread.run(Thread.java:840)
26-05-12 18:53:42.495 [http-nio-8080-exec-2] [31mERROR[0;39m c.s.m.d.e.GlobalExceptionHandler     [4fdd66b3f6b648158623cfb437cf666d | GET | /api/auth/csrf-token] - 예상치 못한 오류 발생: No static resource api/auth/csrf-token.
org.springframework.web.servlet.resource.NoResourceFoundException: No static resource api/auth/csrf-token.
	at org.springframework.web.servlet.resource.ResourceHttpRequestHandler.handleRequest(ResourceHttpRequestHandler.java:585)
	at org.springframework.web.servlet.mvc.HttpRequestHandlerAdapter.handle(HttpRequestHandlerAdapter.java:52)
	at org.springframework.web.servlet.DispatcherServlet.doDispatch(DispatcherServlet.java:1088)
	at org.springframework.web.servlet.DispatcherServlet.doService(DispatcherServlet.java:978)
	at org.springframework.web.servlet.FrameworkServlet.processRequest(FrameworkServlet.java:1014)
	at org.springframework.web.servlet.FrameworkServlet.doGet(FrameworkServlet.java:903)
	at jakarta.servlet.http.HttpServlet.service(HttpServlet.java:564)
	at org.springframework.web.servlet.FrameworkServlet.service(FrameworkServlet.java:885)
	at jakarta.servlet.http.HttpServlet.service(HttpServlet.java:658)
	at org.apache.catalina.core.ApplicationFilterChain.internalDoFilter(ApplicationFilterChain.java:195)
	at org.apache.catalina.core.ApplicationFilterChain.doFilter(ApplicationFilterChain.java:140)
	at org.apache.tomcat.websocket.server.WsFilter.doFilter(WsFilter.java:51)
	at org.apache.catalina.core.ApplicationFilterChain.internalDoFilter(ApplicationFilterChain.java:164)
	at org.apache.catalina.core.ApplicationFilterChain.doFilter(ApplicationFilterChain.java:140)
	at org.springframework.web.filter.RequestContextFilter.doFilterInternal(RequestContextFilter.java:100)
	at org.springframework.web.filter.OncePerRequestFilter.doFilter(OncePerRequestFilter.java:116)
	at org.apache.catalina.core.ApplicationFilterChain.internalDoFilter(ApplicationFilterChain.java:164)
	at org.apache.catalina.core.ApplicationFilterChain.doFilter(ApplicationFilterChain.java:140)
	at org.springframework.web.filter.FormContentFilter.doFilterInternal(FormContentFilter.java:93)
	at org.springframework.web.filter.OncePerRequestFilter.doFilter(OncePerRequestFilter.java:116)
	at org.apache.catalina.core.ApplicationFilterChain.internalDoFilter(ApplicationFilterChain.java:164)
	at org.apache.catalina.core.ApplicationFilterChain.doFilter(ApplicationFilterChain.java:140)
	at org.springframework.web.filter.ServerHttpObservationFilter.doFilterInternal(ServerHttpObservationFilter.java:114)
	at org.springframework.web.filter.OncePerRequestFilter.doFilter(OncePerRequestFilter.java:116)
	at org.apache.catalina.core.ApplicationFilterChain.internalDoFilter(ApplicationFilterChain.java:164)
	at org.apache.catalina.core.ApplicationFilterChain.doFilter(ApplicationFilterChain.java:140)
	at org.springframework.web.filter.CharacterEncodingFilter.doFilterInternal(CharacterEncodingFilter.java:201)
	at org.springframework.web.filter.OncePerRequestFilter.doFilter(OncePerRequestFilter.java:116)
	at org.apache.catalina.core.ApplicationFilterChain.internalDoFilter(ApplicationFilterChain.java:164)
	at org.apache.catalina.core.ApplicationFilterChain.doFilter(ApplicationFilterChain.java:140)
	at org.apache.catalina.core.StandardWrapperValve.invoke(StandardWrapperValve.java:167)
	at org.apache.catalina.core.StandardContextValve.invoke(StandardContextValve.java:90)
	at org.apache.catalina.authenticator.AuthenticatorBase.invoke(AuthenticatorBase.java:483)
	at org.apache.catalina.core.StandardHostValve.invoke(StandardHostValve.java:115)
	at org.apache.catalina.valves.ErrorReportValve.invoke(ErrorReportValve.java:93)
	at org.apache.catalina.core.StandardEngineValve.invoke(StandardEngineValve.java:74)
	at org.apache.catalina.connector.CoyoteAdapter.service(CoyoteAdapter.java:344)
	at org.apache.coyote.http11.Http11Processor.service(Http11Processor.java:397)
	at org.apache.coyote.AbstractProcessorLight.process(AbstractProcessorLight.java:63)
	at org.apache.coyote.AbstractProtocol$ConnectionHandler.process(AbstractProtocol.java:905)
	at org.apache.tomcat.util.net.NioEndpoint$SocketProcessor.doRun(NioEndpoint.java:1741)
	at org.apache.tomcat.util.net.SocketProcessorBase.run(SocketProcessorBase.java:52)
	at org.apache.tomcat.util.threads.ThreadPoolExecutor.runWorker(ThreadPoolExecutor.java:1190)
	at org.apache.tomcat.util.threads.ThreadPoolExecutor$Worker.run(ThreadPoolExecutor.java:659)
	at org.apache.tomcat.util.threads.TaskThread$WrappingRunnable.run(TaskThread.java:63)
	at java.base/java.lang.Thread.run(Thread.java:840)
26-05-12 18:53:42.533 [http-nio-8080-exec-3] [32mDEBUG[0;39m c.s.m.d.config.MDCLoggingInterceptor [de2b8c9cfbfd4f01b4090ed91ac2ac3b | GET | /api/auth/me] - Request completed
26-05-12 18:53:42.533 [http-nio-8080-exec-2] [32mDEBUG[0;39m c.s.m.d.config.MDCLoggingInterceptor [4fdd66b3f6b648158623cfb437cf666d | GET | /api/auth/csrf-token] - Request completed
26-05-12 18:54:05.516 [http-nio-8080-exec-4] [32mDEBUG[0;39m c.s.m.d.config.MDCLoggingInterceptor [bc23fb49f4724e46a84069aa441c77cf | POST | /api/users] - Request started
26-05-12 18:54:05.602 [http-nio-8080-exec-4] [32mINFO [0;39m c.s.m.d.controller.UserController    [bc23fb49f4724e46a84069aa441c77cf | POST | /api/users] - 사용자 생성 요청: UserCreateRequest[username=YUK, email=ryuk6238@gmail.com, password=yuk0000@]
26-05-12 18:54:05.613 [http-nio-8080-exec-4] [32mDEBUG[0;39m c.s.m.d.s.basic.BasicUserService     [bc23fb49f4724e46a84069aa441c77cf | POST | /api/users] - 사용자 생성 시작: UserCreateRequest[username=YUK, email=ryuk6238@gmail.com, password=yuk0000@]
26-05-12 18:54:05.655 [http-nio-8080-exec-4] [32mDEBUG[0;39m org.hibernate.SQL                    [bc23fb49f4724e46a84069aa441c77cf | POST | /api/users] - 
    select
        u1_0.id 
    from
        users u1_0 
    where
        u1_0.email=? 
    fetch
        first ? rows only
26-05-12 18:54:05.656 [http-nio-8080-exec-4] [32mTRACE[0;39m org.hibernate.orm.jdbc.bind          [bc23fb49f4724e46a84069aa441c77cf | POST | /api/users] - binding parameter (1:VARCHAR) <- [ryuk6238@gmail.com]
26-05-12 18:54:05.657 [http-nio-8080-exec-4] [32mTRACE[0;39m org.hibernate.orm.jdbc.bind          [bc23fb49f4724e46a84069aa441c77cf | POST | /api/users] - binding parameter (2:INTEGER) <- [1]
26-05-12 18:54:05.673 [http-nio-8080-exec-4] [31mERROR[0;39m c.s.m.d.e.GlobalExceptionHandler     [bc23fb49f4724e46a84069aa441c77cf | POST | /api/users] - 커스텀 예외 발생: code=DUPLICATE_USER, message=이미 존재하는 사용자입니다.
com.sprint.mission.discodeit.exception.user.UserAlreadyExistsException: 이미 존재하는 사용자입니다.
	at com.sprint.mission.discodeit.exception.user.UserAlreadyExistsException.withEmail(UserAlreadyExistsException.java:11)
	at com.sprint.mission.discodeit.service.basic.BasicUserService.create(BasicUserService.java:48)
	at java.base/jdk.internal.reflect.NativeMethodAccessorImpl.invoke0(Native Method)
	at java.base/jdk.internal.reflect.NativeMethodAccessorImpl.invoke(NativeMethodAccessorImpl.java:77)
	at java.base/jdk.internal.reflect.DelegatingMethodAccessorImpl.invoke(DelegatingMethodAccessorImpl.java:43)
	at java.base/java.lang.reflect.Method.invoke(Method.java:569)
	at org.springframework.aop.support.AopUtils.invokeJoinpointUsingReflection(AopUtils.java:359)
	at org.springframework.aop.framework.ReflectiveMethodInvocation.invokeJoinpoint(ReflectiveMethodInvocation.java:196)
	at org.springframework.aop.framework.ReflectiveMethodInvocation.proceed(ReflectiveMethodInvocation.java:163)
	at org.springframework.transaction.interceptor.TransactionAspectSupport.invokeWithinTransaction(TransactionAspectSupport.java:380)
	at org.springframework.transaction.interceptor.TransactionInterceptor.invoke(TransactionInterceptor.java:119)
	at org.springframework.aop.framework.ReflectiveMethodInvocation.proceed(ReflectiveMethodInvocation.java:184)
	at org.springframework.aop.framework.CglibAopProxy$DynamicAdvisedInterceptor.intercept(CglibAopProxy.java:727)
	at com.sprint.mission.discodeit.service.basic.BasicUserService$$SpringCGLIB$$0.create(<generated>)
	at com.sprint.mission.discodeit.controller.UserController.create(UserController.java:51)
	at java.base/jdk.internal.reflect.NativeMethodAccessorImpl.invoke0(Native Method)
	at java.base/jdk.internal.reflect.NativeMethodAccessorImpl.invoke(NativeMethodAccessorImpl.java:77)
	at java.base/jdk.internal.reflect.DelegatingMethodAccessorImpl.invoke(DelegatingMethodAccessorImpl.java:43)
	at java.base/java.lang.reflect.Method.invoke(Method.java:569)
	at org.springframework.web.method.support.InvocableHandlerMethod.doInvoke(InvocableHandlerMethod.java:255)
	at org.springframework.web.method.support.InvocableHandlerMethod.invokeForRequest(InvocableHandlerMethod.java:188)
	at org.springframework.web.servlet.mvc.method.annotation.ServletInvocableHandlerMethod.invokeAndHandle(ServletInvocableHandlerMethod.java:118)
	at org.springframework.web.servlet.mvc.method.annotation.RequestMappingHandlerAdapter.invokeHandlerMethod(RequestMappingHandlerAdapter.java:986)
	at org.springframework.web.servlet.mvc.method.annotation.RequestMappingHandlerAdapter.handleInternal(RequestMappingHandlerAdapter.java:891)
	at org.springframework.web.servlet.mvc.method.AbstractHandlerMethodAdapter.handle(AbstractHandlerMethodAdapter.java:87)
	at org.springframework.web.servlet.DispatcherServlet.doDispatch(DispatcherServlet.java:1088)
	at org.springframework.web.servlet.DispatcherServlet.doService(DispatcherServlet.java:978)
	at org.springframework.web.servlet.FrameworkServlet.processRequest(FrameworkServlet.java:1014)
	at org.springframework.web.servlet.FrameworkServlet.doPost(FrameworkServlet.java:914)
	at jakarta.servlet.http.HttpServlet.service(HttpServlet.java:590)
	at org.springframework.web.servlet.FrameworkServlet.service(FrameworkServlet.java:885)
	at jakarta.servlet.http.HttpServlet.service(HttpServlet.java:658)
	at org.apache.catalina.core.ApplicationFilterChain.internalDoFilter(ApplicationFilterChain.java:195)
	at org.apache.catalina.core.ApplicationFilterChain.doFilter(ApplicationFilterChain.java:140)
	at org.apache.tomcat.websocket.server.WsFilter.doFilter(WsFilter.java:51)
	at org.apache.catalina.core.ApplicationFilterChain.internalDoFilter(ApplicationFilterChain.java:164)
	at org.apache.catalina.core.ApplicationFilterChain.doFilter(ApplicationFilterChain.java:140)
	at org.springframework.web.filter.RequestContextFilter.doFilterInternal(RequestContextFilter.java:100)
	at org.springframework.web.filter.OncePerRequestFilter.doFilter(OncePerRequestFilter.java:116)
	at org.apache.catalina.core.ApplicationFilterChain.internalDoFilter(ApplicationFilterChain.java:164)
	at org.apache.catalina.core.ApplicationFilterChain.doFilter(ApplicationFilterChain.java:140)
	at org.springframework.web.filter.FormContentFilter.doFilterInternal(FormContentFilter.java:93)
	at org.springframework.web.filter.OncePerRequestFilter.doFilter(OncePerRequestFilter.java:116)
	at org.apache.catalina.core.ApplicationFilterChain.internalDoFilter(ApplicationFilterChain.java:164)
	at org.apache.catalina.core.ApplicationFilterChain.doFilter(ApplicationFilterChain.java:140)
	at org.springframework.web.filter.ServerHttpObservationFilter.doFilterInternal(ServerHttpObservationFilter.java:114)
	at org.springframework.web.filter.OncePerRequestFilter.doFilter(OncePerRequestFilter.java:116)
	at org.apache.catalina.core.ApplicationFilterChain.internalDoFilter(ApplicationFilterChain.java:164)
	at org.apache.catalina.core.ApplicationFilterChain.doFilter(ApplicationFilterChain.java:140)
	at org.springframework.web.filter.CharacterEncodingFilter.doFilterInternal(CharacterEncodingFilter.java:201)
	at org.springframework.web.filter.OncePerRequestFilter.doFilter(OncePerRequestFilter.java:116)
	at org.apache.catalina.core.ApplicationFilterChain.internalDoFilter(ApplicationFilterChain.java:164)
	at org.apache.catalina.core.ApplicationFilterChain.doFilter(ApplicationFilterChain.java:140)
	at org.apache.catalina.core.StandardWrapperValve.invoke(StandardWrapperValve.java:167)
	at org.apache.catalina.core.StandardContextValve.invoke(StandardContextValve.java:90)
	at org.apache.catalina.authenticator.AuthenticatorBase.invoke(AuthenticatorBase.java:483)
	at org.apache.catalina.core.StandardHostValve.invoke(StandardHostValve.java:115)
	at org.apache.catalina.valves.ErrorReportValve.invoke(ErrorReportValve.java:93)
	at org.apache.catalina.core.StandardEngineValve.invoke(StandardEngineValve.java:74)
	at org.apache.catalina.connector.CoyoteAdapter.service(CoyoteAdapter.java:344)
	at org.apache.coyote.http11.Http11Processor.service(Http11Processor.java:397)
	at org.apache.coyote.AbstractProcessorLight.process(AbstractProcessorLight.java:63)
	at org.apache.coyote.AbstractProtocol$ConnectionHandler.process(AbstractProtocol.java:905)
	at org.apache.tomcat.util.net.NioEndpoint$SocketProcessor.doRun(NioEndpoint.java:1741)
	at org.apache.tomcat.util.net.SocketProcessorBase.run(SocketProcessorBase.java:52)
	at org.apache.tomcat.util.threads.ThreadPoolExecutor.runWorker(ThreadPoolExecutor.java:1190)
	at org.apache.tomcat.util.threads.ThreadPoolExecutor$Worker.run(ThreadPoolExecutor.java:659)
	at org.apache.tomcat.util.threads.TaskThread$WrappingRunnable.run(TaskThread.java:63)
	at java.base/java.lang.Thread.run(Thread.java:840)
26-05-12 18:54:05.676 [http-nio-8080-exec-4] [32mDEBUG[0;39m c.s.m.d.config.MDCLoggingInterceptor [bc23fb49f4724e46a84069aa441c77cf | POST | /api/users] - Request completed
26-05-12 18:54:17.358 [http-nio-8080-exec-5] [32mDEBUG[0;39m c.s.m.d.config.MDCLoggingInterceptor [5a97e48604744e5a816a56244a0ad340 | POST | /api/auth/login] - Request started
26-05-12 18:54:17.368 [http-nio-8080-exec-5] [31mERROR[0;39m c.s.m.d.e.GlobalExceptionHandler     [5a97e48604744e5a816a56244a0ad340 | POST | /api/auth/login] - 예상치 못한 오류 발생: Content-Type 'multipart/form-data;boundary=----WebKitFormBoundaryYeBvs4MXywkBSYmR;charset=UTF-8' is not supported
org.springframework.web.HttpMediaTypeNotSupportedException: Content-Type 'multipart/form-data;boundary=----WebKitFormBoundaryYeBvs4MXywkBSYmR;charset=UTF-8' is not supported
	at org.springframework.web.servlet.mvc.method.annotation.AbstractMessageConverterMethodArgumentResolver.readWithMessageConverters(AbstractMessageConverterMethodArgumentResolver.java:236)
	at org.springframework.web.servlet.mvc.method.annotation.RequestResponseBodyMethodProcessor.readWithMessageConverters(RequestResponseBodyMethodProcessor.java:176)
	at org.springframework.web.servlet.mvc.method.annotation.RequestResponseBodyMethodProcessor.resolveArgument(RequestResponseBodyMethodProcessor.java:150)
	at org.springframework.web.method.support.HandlerMethodArgumentResolverComposite.resolveArgument(HandlerMethodArgumentResolverComposite.java:122)
	at org.springframework.web.method.support.InvocableHandlerMethod.getMethodArgumentValues(InvocableHandlerMethod.java:224)
	at org.springframework.web.method.support.InvocableHandlerMethod.invokeForRequest(InvocableHandlerMethod.java:178)
	at org.springframework.web.servlet.mvc.method.annotation.ServletInvocableHandlerMethod.invokeAndHandle(ServletInvocableHandlerMethod.java:118)
	at org.springframework.web.servlet.mvc.method.annotation.RequestMappingHandlerAdapter.invokeHandlerMethod(RequestMappingHandlerAdapter.java:986)
	at org.springframework.web.servlet.mvc.method.annotation.RequestMappingHandlerAdapter.handleInternal(RequestMappingHandlerAdapter.java:891)
	at org.springframework.web.servlet.mvc.method.AbstractHandlerMethodAdapter.handle(AbstractHandlerMethodAdapter.java:87)
	at org.springframework.web.servlet.DispatcherServlet.doDispatch(DispatcherServlet.java:1088)
	at org.springframework.web.servlet.DispatcherServlet.doService(DispatcherServlet.java:978)
	at org.springframework.web.servlet.FrameworkServlet.processRequest(FrameworkServlet.java:1014)
	at org.springframework.web.servlet.FrameworkServlet.doPost(FrameworkServlet.java:914)
	at jakarta.servlet.http.HttpServlet.service(HttpServlet.java:590)
	at org.springframework.web.servlet.FrameworkServlet.service(FrameworkServlet.java:885)
	at jakarta.servlet.http.HttpServlet.service(HttpServlet.java:658)
	at org.apache.catalina.core.ApplicationFilterChain.internalDoFilter(ApplicationFilterChain.java:195)
	at org.apache.catalina.core.ApplicationFilterChain.doFilter(ApplicationFilterChain.java:140)
	at org.apache.tomcat.websocket.server.WsFilter.doFilter(WsFilter.java:51)
	at org.apache.catalina.core.ApplicationFilterChain.internalDoFilter(ApplicationFilterChain.java:164)
	at org.apache.catalina.core.ApplicationFilterChain.doFilter(ApplicationFilterChain.java:140)
	at org.springframework.web.filter.RequestContextFilter.doFilterInternal(RequestContextFilter.java:100)
	at org.springframework.web.filter.OncePerRequestFilter.doFilter(OncePerRequestFilter.java:116)
	at org.apache.catalina.core.ApplicationFilterChain.internalDoFilter(ApplicationFilterChain.java:164)
	at org.apache.catalina.core.ApplicationFilterChain.doFilter(ApplicationFilterChain.java:140)
	at org.springframework.web.filter.FormContentFilter.doFilterInternal(FormContentFilter.java:93)
	at org.springframework.web.filter.OncePerRequestFilter.doFilter(OncePerRequestFilter.java:116)
	at org.apache.catalina.core.ApplicationFilterChain.internalDoFilter(ApplicationFilterChain.java:164)
	at org.apache.catalina.core.ApplicationFilterChain.doFilter(ApplicationFilterChain.java:140)
	at org.springframework.web.filter.ServerHttpObservationFilter.doFilterInternal(ServerHttpObservationFilter.java:114)
	at org.springframework.web.filter.OncePerRequestFilter.doFilter(OncePerRequestFilter.java:116)
	at org.apache.catalina.core.ApplicationFilterChain.internalDoFilter(ApplicationFilterChain.java:164)
	at org.apache.catalina.core.ApplicationFilterChain.doFilter(ApplicationFilterChain.java:140)
	at org.springframework.web.filter.CharacterEncodingFilter.doFilterInternal(CharacterEncodingFilter.java:201)
	at org.springframework.web.filter.OncePerRequestFilter.doFilter(OncePerRequestFilter.java:116)
	at org.apache.catalina.core.ApplicationFilterChain.internalDoFilter(ApplicationFilterChain.java:164)
	at org.apache.catalina.core.ApplicationFilterChain.doFilter(ApplicationFilterChain.java:140)
	at org.apache.catalina.core.StandardWrapperValve.invoke(StandardWrapperValve.java:167)
	at org.apache.catalina.core.StandardContextValve.invoke(StandardContextValve.java:90)
	at org.apache.catalina.authenticator.AuthenticatorBase.invoke(AuthenticatorBase.java:483)
	at org.apache.catalina.core.StandardHostValve.invoke(StandardHostValve.java:115)
	at org.apache.catalina.valves.ErrorReportValve.invoke(ErrorReportValve.java:93)
	at org.apache.catalina.core.StandardEngineValve.invoke(StandardEngineValve.java:74)
	at org.apache.catalina.connector.CoyoteAdapter.service(CoyoteAdapter.java:344)
	at org.apache.coyote.http11.Http11Processor.service(Http11Processor.java:397)
	at org.apache.coyote.AbstractProcessorLight.process(AbstractProcessorLight.java:63)
	at org.apache.coyote.AbstractProtocol$ConnectionHandler.process(AbstractProtocol.java:905)
	at org.apache.tomcat.util.net.NioEndpoint$SocketProcessor.doRun(NioEndpoint.java:1741)
	at org.apache.tomcat.util.net.SocketProcessorBase.run(SocketProcessorBase.java:52)
	at org.apache.tomcat.util.threads.ThreadPoolExecutor.runWorker(ThreadPoolExecutor.java:1190)
	at org.apache.tomcat.util.threads.ThreadPoolExecutor$Worker.run(ThreadPoolExecutor.java:659)
	at org.apache.tomcat.util.threads.TaskThread$WrappingRunnable.run(TaskThread.java:63)
	at java.base/java.lang.Thread.run(Thread.java:840)
26-05-12 18:54:17.374 [http-nio-8080-exec-5] [32mDEBUG[0;39m c.s.m.d.config.MDCLoggingInterceptor [5a97e48604744e5a816a56244a0ad340 | POST | /api/auth/login] - Request completed
26-05-12 18:54:36.998 [http-nio-8080-exec-6] [32mDEBUG[0;39m c.s.m.d.config.MDCLoggingInterceptor [bdde7cd0619e45f9a5d84d5b6fa9f307 | POST | /api/users] - Request started
26-05-12 18:54:37.024 [http-nio-8080-exec-6] [31mERROR[0;39m c.s.m.d.e.GlobalExceptionHandler     [bdde7cd0619e45f9a5d84d5b6fa9f307 | POST | /api/users] - 요청 유효성 검사 실패: Validation failed for argument [0] in public org.springframework.http.ResponseEntity<com.sprint.mission.discodeit.dto.data.UserDto> com.sprint.mission.discodeit.controller.UserController.create(com.sprint.mission.discodeit.dto.request.UserCreateRequest,org.springframework.web.multipart.MultipartFile) with 2 errors: [Field error in object 'userCreateRequest' on field 'password': rejected value [0000]; codes [Pattern.userCreateRequest.password,Pattern.password,Pattern.java.lang.String,Pattern]; arguments [org.springframework.context.support.DefaultMessageSourceResolvable: codes [userCreateRequest.password,password]; arguments []; default message [password],[Ljakarta.validation.constraints.Pattern$Flag;@58f63430,^(?=.*[0-9])(?=.*[a-zA-Z])(?=.*[!@#$%^&*]).{8,}$]; default message [비밀번호는 최소 8자 이상, 숫자, 문자, 특수문자를 포함해야 합니다]] [Field error in object 'userCreateRequest' on field 'password': rejected value [0000]; codes [Size.userCreateRequest.password,Size.password,Size.java.lang.String,Size]; arguments [org.springframework.context.support.DefaultMessageSourceResolvable: codes [userCreateRequest.password,password]; arguments []; default message [password],60,8]; default message [비밀번호는 8자 이상 60자 이하여야 합니다]] 
26-05-12 18:54:37.027 [http-nio-8080-exec-6] [32mDEBUG[0;39m c.s.m.d.config.MDCLoggingInterceptor [bdde7cd0619e45f9a5d84d5b6fa9f307 | POST | /api/users] - Request completed
26-05-12 18:54:53.960 [http-nio-8080-exec-7] [32mDEBUG[0;39m c.s.m.d.config.MDCLoggingInterceptor [b90071881f7941a6bedf049e71c22dc1 | POST | /api/users] - Request started
26-05-12 18:54:53.966 [http-nio-8080-exec-7] [32mINFO [0;39m c.s.m.d.controller.UserController    [b90071881f7941a6bedf049e71c22dc1 | POST | /api/users] - 사용자 생성 요청: UserCreateRequest[username=user, email=user@gmail.com, password=user@0000]
26-05-12 18:54:53.969 [http-nio-8080-exec-7] [32mDEBUG[0;39m c.s.m.d.s.basic.BasicUserService     [b90071881f7941a6bedf049e71c22dc1 | POST | /api/users] - 사용자 생성 시작: UserCreateRequest[username=user, email=user@gmail.com, password=user@0000]
26-05-12 18:54:53.975 [http-nio-8080-exec-7] [32mDEBUG[0;39m org.hibernate.SQL                    [b90071881f7941a6bedf049e71c22dc1 | POST | /api/users] - 
    select
        u1_0.id 
    from
        users u1_0 
    where
        u1_0.email=? 
    fetch
        first ? rows only
26-05-12 18:54:53.976 [http-nio-8080-exec-7] [32mTRACE[0;39m org.hibernate.orm.jdbc.bind          [b90071881f7941a6bedf049e71c22dc1 | POST | /api/users] - binding parameter (1:VARCHAR) <- [user@gmail.com]
26-05-12 18:54:53.976 [http-nio-8080-exec-7] [32mTRACE[0;39m org.hibernate.orm.jdbc.bind          [b90071881f7941a6bedf049e71c22dc1 | POST | /api/users] - binding parameter (2:INTEGER) <- [1]
26-05-12 18:54:53.979 [http-nio-8080-exec-7] [32mDEBUG[0;39m org.hibernate.SQL                    [b90071881f7941a6bedf049e71c22dc1 | POST | /api/users] - 
    select
        u1_0.id 
    from
        users u1_0 
    where
        u1_0.username=? 
    fetch
        first ? rows only
26-05-12 18:54:53.979 [http-nio-8080-exec-7] [32mTRACE[0;39m org.hibernate.orm.jdbc.bind          [b90071881f7941a6bedf049e71c22dc1 | POST | /api/users] - binding parameter (1:VARCHAR) <- [user]
26-05-12 18:54:53.979 [http-nio-8080-exec-7] [32mTRACE[0;39m org.hibernate.orm.jdbc.bind          [b90071881f7941a6bedf049e71c22dc1 | POST | /api/users] - binding parameter (2:INTEGER) <- [1]
26-05-12 18:54:54.028 [http-nio-8080-exec-7] [32mINFO [0;39m c.s.m.d.s.basic.BasicUserService     [b90071881f7941a6bedf049e71c22dc1 | POST | /api/users] - 사용자 생성 완료: id=8e00fe1f-7597-496b-bd59-05216b0f1856, username=user
26-05-12 18:54:54.037 [http-nio-8080-exec-7] [32mDEBUG[0;39m org.hibernate.SQL                    [b90071881f7941a6bedf049e71c22dc1 | POST | /api/users] - 
    insert 
    into
        users
        (created_at, email, password, profile_id, updated_at, username, id) 
    values
        (?, ?, ?, ?, ?, ?, ?)
26-05-12 18:54:54.038 [http-nio-8080-exec-7] [32mTRACE[0;39m org.hibernate.orm.jdbc.bind          [b90071881f7941a6bedf049e71c22dc1 | POST | /api/users] - binding parameter (1:TIMESTAMP_UTC) <- [2026-05-12T09:54:54.010085Z]
26-05-12 18:54:54.039 [http-nio-8080-exec-7] [32mTRACE[0;39m org.hibernate.orm.jdbc.bind          [b90071881f7941a6bedf049e71c22dc1 | POST | /api/users] - binding parameter (2:VARCHAR) <- [user@gmail.com]
26-05-12 18:54:54.039 [http-nio-8080-exec-7] [32mTRACE[0;39m org.hibernate.orm.jdbc.bind          [b90071881f7941a6bedf049e71c22dc1 | POST | /api/users] - binding parameter (3:VARCHAR) <- [user@0000]
26-05-12 18:54:54.039 [http-nio-8080-exec-7] [32mTRACE[0;39m org.hibernate.orm.jdbc.bind          [b90071881f7941a6bedf049e71c22dc1 | POST | /api/users] - binding parameter (4:UUID) <- [null]
26-05-12 18:54:54.039 [http-nio-8080-exec-7] [32mTRACE[0;39m org.hibernate.orm.jdbc.bind          [b90071881f7941a6bedf049e71c22dc1 | POST | /api/users] - binding parameter (5:TIMESTAMP_UTC) <- [2026-05-12T09:54:54.010085Z]
26-05-12 18:54:54.039 [http-nio-8080-exec-7] [32mTRACE[0;39m org.hibernate.orm.jdbc.bind          [b90071881f7941a6bedf049e71c22dc1 | POST | /api/users] - binding parameter (6:VARCHAR) <- [user]
26-05-12 18:54:54.039 [http-nio-8080-exec-7] [32mTRACE[0;39m org.hibernate.orm.jdbc.bind          [b90071881f7941a6bedf049e71c22dc1 | POST | /api/users] - binding parameter (7:UUID) <- [8e00fe1f-7597-496b-bd59-05216b0f1856]
26-05-12 18:54:54.045 [http-nio-8080-exec-7] [32mDEBUG[0;39m org.hibernate.SQL                    [b90071881f7941a6bedf049e71c22dc1 | POST | /api/users] - 
    insert 
    into
        user_statuses
        (created_at, last_active_at, updated_at, user_id, id) 
    values
        (?, ?, ?, ?, ?)
26-05-12 18:54:54.045 [http-nio-8080-exec-7] [32mTRACE[0;39m org.hibernate.orm.jdbc.bind          [b90071881f7941a6bedf049e71c22dc1 | POST | /api/users] - binding parameter (1:TIMESTAMP_UTC) <- [2026-05-12T09:54:54.027186Z]
26-05-12 18:54:54.045 [http-nio-8080-exec-7] [32mTRACE[0;39m org.hibernate.orm.jdbc.bind          [b90071881f7941a6bedf049e71c22dc1 | POST | /api/users] - binding parameter (2:TIMESTAMP_UTC) <- [2026-05-12T09:54:53.981971Z]
26-05-12 18:54:54.045 [http-nio-8080-exec-7] [32mTRACE[0;39m org.hibernate.orm.jdbc.bind          [b90071881f7941a6bedf049e71c22dc1 | POST | /api/users] - binding parameter (3:TIMESTAMP_UTC) <- [2026-05-12T09:54:54.027186Z]
26-05-12 18:54:54.045 [http-nio-8080-exec-7] [32mTRACE[0;39m org.hibernate.orm.jdbc.bind          [b90071881f7941a6bedf049e71c22dc1 | POST | /api/users] - binding parameter (4:UUID) <- [8e00fe1f-7597-496b-bd59-05216b0f1856]
26-05-12 18:54:54.045 [http-nio-8080-exec-7] [32mTRACE[0;39m org.hibernate.orm.jdbc.bind          [b90071881f7941a6bedf049e71c22dc1 | POST | /api/users] - binding parameter (5:UUID) <- [65f668d8-8832-48e5-9383-7912016ce3ae]
26-05-12 18:54:54.050 [http-nio-8080-exec-7] [32mDEBUG[0;39m c.s.m.d.controller.UserController    [b90071881f7941a6bedf049e71c22dc1 | POST | /api/users] - 사용자 생성 응답: UserDto[id=8e00fe1f-7597-496b-bd59-05216b0f1856, username=user, email=user@gmail.com, profile=null, online=true]
26-05-12 18:54:54.059 [http-nio-8080-exec-7] [32mDEBUG[0;39m c.s.m.d.config.MDCLoggingInterceptor [b90071881f7941a6bedf049e71c22dc1 | POST | /api/users] - Request completed
26-05-12 18:54:54.062 [http-nio-8080-exec-8] [32mDEBUG[0;39m c.s.m.d.config.MDCLoggingInterceptor [87a54f360b684034be8793b0cdccc73e | GET | /api/auth/csrf-token] - Request started
26-05-12 18:54:54.063 [http-nio-8080-exec-8] [31mERROR[0;39m c.s.m.d.e.GlobalExceptionHandler     [87a54f360b684034be8793b0cdccc73e | GET | /api/auth/csrf-token] - 예상치 못한 오류 발생: No static resource api/auth/csrf-token.
org.springframework.web.servlet.resource.NoResourceFoundException: No static resource api/auth/csrf-token.
	at org.springframework.web.servlet.resource.ResourceHttpRequestHandler.handleRequest(ResourceHttpRequestHandler.java:585)
	at org.springframework.web.servlet.mvc.HttpRequestHandlerAdapter.handle(HttpRequestHandlerAdapter.java:52)
	at org.springframework.web.servlet.DispatcherServlet.doDispatch(DispatcherServlet.java:1088)
	at org.springframework.web.servlet.DispatcherServlet.doService(DispatcherServlet.java:978)
	at org.springframework.web.servlet.FrameworkServlet.processRequest(FrameworkServlet.java:1014)
	at org.springframework.web.servlet.FrameworkServlet.doGet(FrameworkServlet.java:903)
	at jakarta.servlet.http.HttpServlet.service(HttpServlet.java:564)
	at org.springframework.web.servlet.FrameworkServlet.service(FrameworkServlet.java:885)
	at jakarta.servlet.http.HttpServlet.service(HttpServlet.java:658)
	at org.apache.catalina.core.ApplicationFilterChain.internalDoFilter(ApplicationFilterChain.java:195)
	at org.apache.catalina.core.ApplicationFilterChain.doFilter(ApplicationFilterChain.java:140)
	at org.apache.tomcat.websocket.server.WsFilter.doFilter(WsFilter.java:51)
	at org.apache.catalina.core.ApplicationFilterChain.internalDoFilter(ApplicationFilterChain.java:164)
	at org.apache.catalina.core.ApplicationFilterChain.doFilter(ApplicationFilterChain.java:140)
	at org.springframework.web.filter.RequestContextFilter.doFilterInternal(RequestContextFilter.java:100)
	at org.springframework.web.filter.OncePerRequestFilter.doFilter(OncePerRequestFilter.java:116)
	at org.apache.catalina.core.ApplicationFilterChain.internalDoFilter(ApplicationFilterChain.java:164)
	at org.apache.catalina.core.ApplicationFilterChain.doFilter(ApplicationFilterChain.java:140)
	at org.springframework.web.filter.FormContentFilter.doFilterInternal(FormContentFilter.java:93)
	at org.springframework.web.filter.OncePerRequestFilter.doFilter(OncePerRequestFilter.java:116)
	at org.apache.catalina.core.ApplicationFilterChain.internalDoFilter(ApplicationFilterChain.java:164)
	at org.apache.catalina.core.ApplicationFilterChain.doFilter(ApplicationFilterChain.java:140)
	at org.springframework.web.filter.ServerHttpObservationFilter.doFilterInternal(ServerHttpObservationFilter.java:114)
	at org.springframework.web.filter.OncePerRequestFilter.doFilter(OncePerRequestFilter.java:116)
	at org.apache.catalina.core.ApplicationFilterChain.internalDoFilter(ApplicationFilterChain.java:164)
	at org.apache.catalina.core.ApplicationFilterChain.doFilter(ApplicationFilterChain.java:140)
	at org.springframework.web.filter.CharacterEncodingFilter.doFilterInternal(CharacterEncodingFilter.java:201)
	at org.springframework.web.filter.OncePerRequestFilter.doFilter(OncePerRequestFilter.java:116)
	at org.apache.catalina.core.ApplicationFilterChain.internalDoFilter(ApplicationFilterChain.java:164)
	at org.apache.catalina.core.ApplicationFilterChain.doFilter(ApplicationFilterChain.java:140)
	at org.apache.catalina.core.StandardWrapperValve.invoke(StandardWrapperValve.java:167)
	at org.apache.catalina.core.StandardContextValve.invoke(StandardContextValve.java:90)
	at org.apache.catalina.authenticator.AuthenticatorBase.invoke(AuthenticatorBase.java:483)
	at org.apache.catalina.core.StandardHostValve.invoke(StandardHostValve.java:115)
	at org.apache.catalina.valves.ErrorReportValve.invoke(ErrorReportValve.java:93)
	at org.apache.catalina.core.StandardEngineValve.invoke(StandardEngineValve.java:74)
	at org.apache.catalina.connector.CoyoteAdapter.service(CoyoteAdapter.java:344)
	at org.apache.coyote.http11.Http11Processor.service(Http11Processor.java:397)
	at org.apache.coyote.AbstractProcessorLight.process(AbstractProcessorLight.java:63)
	at org.apache.coyote.AbstractProtocol$ConnectionHandler.process(AbstractProtocol.java:905)
	at org.apache.tomcat.util.net.NioEndpoint$SocketProcessor.doRun(NioEndpoint.java:1741)
	at org.apache.tomcat.util.net.SocketProcessorBase.run(SocketProcessorBase.java:52)
	at org.apache.tomcat.util.threads.ThreadPoolExecutor.runWorker(ThreadPoolExecutor.java:1190)
	at org.apache.tomcat.util.threads.ThreadPoolExecutor$Worker.run(ThreadPoolExecutor.java:659)
	at org.apache.tomcat.util.threads.TaskThread$WrappingRunnable.run(TaskThread.java:63)
	at java.base/java.lang.Thread.run(Thread.java:840)
26-05-12 18:54:54.064 [http-nio-8080-exec-8] [32mDEBUG[0;39m c.s.m.d.config.MDCLoggingInterceptor [87a54f360b684034be8793b0cdccc73e | GET | /api/auth/csrf-token] - Request completed
26-05-12 19:17:35.299 [HikariPool-1 housekeeper] [33mWARN [0;39m com.zaxxer.hikari.pool.HikariPool    [ |  | ] - HikariPool-1 - Thread starvation or clock leap detected (housekeeper delta=16m57s459ms).
26-05-12 20:24:54.835 [HikariPool-1 housekeeper] [33mWARN [0;39m com.zaxxer.hikari.pool.HikariPool    [ |  | ] - HikariPool-1 - Thread starvation or clock leap detected (housekeeper delta=1h7m19s552ms).
26-05-12 21:02:14.923 [HikariPool-1 housekeeper] [33mWARN [0;39m com.zaxxer.hikari.pool.HikariPool    [ |  | ] - HikariPool-1 - Thread starvation or clock leap detected (housekeeper delta=37m20s88ms).
26-05-12 21:34:38.562 [HikariPool-1 housekeeper] [33mWARN [0;39m com.zaxxer.hikari.pool.HikariPool    [ |  | ] - HikariPool-1 - Thread starvation or clock leap detected (housekeeper delta=31m53s635ms).
26-05-12 21:51:50.616 [HikariPool-1 housekeeper] [33mWARN [0;39m com.zaxxer.hikari.pool.HikariPool    [ |  | ] - HikariPool-1 - Thread starvation or clock leap detected (housekeeper delta=17m12s55ms).
26-05-12 22:03:19.391 [HikariPool-1 housekeeper] [33mWARN [0;39m com.zaxxer.hikari.pool.HikariPool    [ |  | ] - HikariPool-1 - Thread starvation or clock leap detected (housekeeper delta=11m28s773ms).
26-05-12 23:04:06.165 [HikariPool-1 housekeeper] [33mWARN [0;39m com.zaxxer.hikari.pool.HikariPool    [ |  | ] - HikariPool-1 - Thread starvation or clock leap detected (housekeeper delta=1h46s775ms).
26-05-12 23:37:36.078 [HikariPool-1 housekeeper] [33mWARN [0;39m com.zaxxer.hikari.pool.HikariPool    [ |  | ] - HikariPool-1 - Thread starvation or clock leap detected (housekeeper delta=32m59s927ms).
