26-06-19 09:09:06.640 [background-preinit] [32mINFO [0;39m o.h.validator.internal.util.Version  [ |  | ] - HV000001: Hibernate Validator 8.0.1.Final
26-06-19 09:09:06.777 [main] [32mINFO [0;39m c.s.m.discodeit.DiscodeitApplication [ |  | ] - Starting DiscodeitApplication using Java 17.0.18 with PID 26663 (/Users/apple/IdeaProjects/temp/9-sprint-mission/discodeit/build/classes/java/main started by apple in /Users/apple/IdeaProjects/temp/9-sprint-mission)
26-06-19 09:09:06.779 [main] [32mDEBUG[0;39m c.s.m.discodeit.DiscodeitApplication [ |  | ] - Running with Spring Boot v3.4.0, Spring v6.2.0
26-06-19 09:09:06.781 [main] [32mINFO [0;39m c.s.m.discodeit.DiscodeitApplication [ |  | ] - The following 1 profile is active: "dev"
26-06-19 09:09:08.463 [main] [32mINFO [0;39m o.s.d.r.c.RepositoryConfigurationDelegate [ |  | ] - Multiple Spring Data modules found, entering strict repository configuration mode
26-06-19 09:09:08.465 [main] [32mINFO [0;39m o.s.d.r.c.RepositoryConfigurationDelegate [ |  | ] - Bootstrapping Spring Data JPA repositories in DEFAULT mode.
26-06-19 09:09:08.628 [main] [32mINFO [0;39m o.s.d.r.c.RepositoryConfigurationDelegate [ |  | ] - Finished Spring Data repository scanning in 149 ms. Found 7 JPA repository interfaces.
26-06-19 09:09:08.641 [main] [32mINFO [0;39m o.s.d.r.c.RepositoryConfigurationDelegate [ |  | ] - Multiple Spring Data modules found, entering strict repository configuration mode
26-06-19 09:09:08.643 [main] [32mINFO [0;39m o.s.d.r.c.RepositoryConfigurationDelegate [ |  | ] - Bootstrapping Spring Data Redis repositories in DEFAULT mode.
26-06-19 09:09:08.658 [main] [32mINFO [0;39m o.s.d.r.c.RepositoryConfigurationExtensionSupport [ |  | ] - Spring Data Redis - Could not safely identify store assignment for repository candidate interface com.sprint.mission.discodeit.repository.BinaryContentRepository; If you want this repository to be a Redis repository, consider annotating your entities with one of these annotations: org.springframework.data.redis.core.RedisHash (preferred), or consider extending one of the following types with your repository: org.springframework.data.keyvalue.repository.KeyValueRepository
26-06-19 09:09:08.659 [main] [32mINFO [0;39m o.s.d.r.c.RepositoryConfigurationExtensionSupport [ |  | ] - Spring Data Redis - Could not safely identify store assignment for repository candidate interface com.sprint.mission.discodeit.repository.ChannelRepository; If you want this repository to be a Redis repository, consider annotating your entities with one of these annotations: org.springframework.data.redis.core.RedisHash (preferred), or consider extending one of the following types with your repository: org.springframework.data.keyvalue.repository.KeyValueRepository
26-06-19 09:09:08.659 [main] [32mINFO [0;39m o.s.d.r.c.RepositoryConfigurationExtensionSupport [ |  | ] - Spring Data Redis - Could not safely identify store assignment for repository candidate interface com.sprint.mission.discodeit.repository.MessageRepository; If you want this repository to be a Redis repository, consider annotating your entities with one of these annotations: org.springframework.data.redis.core.RedisHash (preferred), or consider extending one of the following types with your repository: org.springframework.data.keyvalue.repository.KeyValueRepository
26-06-19 09:09:08.659 [main] [32mINFO [0;39m o.s.d.r.c.RepositoryConfigurationExtensionSupport [ |  | ] - Spring Data Redis - Could not safely identify store assignment for repository candidate interface com.sprint.mission.discodeit.repository.NotificationRepository; If you want this repository to be a Redis repository, consider annotating your entities with one of these annotations: org.springframework.data.redis.core.RedisHash (preferred), or consider extending one of the following types with your repository: org.springframework.data.keyvalue.repository.KeyValueRepository
26-06-19 09:09:08.659 [main] [32mINFO [0;39m o.s.d.r.c.RepositoryConfigurationExtensionSupport [ |  | ] - Spring Data Redis - Could not safely identify store assignment for repository candidate interface com.sprint.mission.discodeit.repository.ReadStatusRepository; If you want this repository to be a Redis repository, consider annotating your entities with one of these annotations: org.springframework.data.redis.core.RedisHash (preferred), or consider extending one of the following types with your repository: org.springframework.data.keyvalue.repository.KeyValueRepository
26-06-19 09:09:08.660 [main] [32mINFO [0;39m o.s.d.r.c.RepositoryConfigurationExtensionSupport [ |  | ] - Spring Data Redis - Could not safely identify store assignment for repository candidate interface com.sprint.mission.discodeit.repository.UserRepository; If you want this repository to be a Redis repository, consider annotating your entities with one of these annotations: org.springframework.data.redis.core.RedisHash (preferred), or consider extending one of the following types with your repository: org.springframework.data.keyvalue.repository.KeyValueRepository
26-06-19 09:09:08.660 [main] [32mINFO [0;39m o.s.d.r.c.RepositoryConfigurationExtensionSupport [ |  | ] - Spring Data Redis - Could not safely identify store assignment for repository candidate interface com.sprint.mission.discodeit.repository.jpa.JpaChannelRepository; If you want this repository to be a Redis repository, consider annotating your entities with one of these annotations: org.springframework.data.redis.core.RedisHash (preferred), or consider extending one of the following types with your repository: org.springframework.data.keyvalue.repository.KeyValueRepository
26-06-19 09:09:08.660 [main] [32mINFO [0;39m o.s.d.r.c.RepositoryConfigurationDelegate [ |  | ] - Finished Spring Data repository scanning in 7 ms. Found 0 Redis repository interfaces.
26-06-19 09:09:09.543 [main] [32mINFO [0;39m o.s.b.w.e.tomcat.TomcatWebServer     [ |  | ] - Tomcat initialized with port 8080 (http)
26-06-19 09:09:09.557 [main] [32mINFO [0;39m o.a.coyote.http11.Http11NioProtocol  [ |  | ] - Initializing ProtocolHandler ["http-nio-8080"]
26-06-19 09:09:09.559 [main] [32mINFO [0;39m o.a.catalina.core.StandardService    [ |  | ] - Starting service [Tomcat]
26-06-19 09:09:09.560 [main] [32mINFO [0;39m o.a.catalina.core.StandardEngine     [ |  | ] - Starting Servlet engine: [Apache Tomcat/10.1.33]
26-06-19 09:09:09.646 [main] [32mINFO [0;39m o.a.c.c.C.[Tomcat].[localhost].[/]   [ |  | ] - Initializing Spring embedded WebApplicationContext
26-06-19 09:09:09.647 [main] [32mINFO [0;39m o.s.b.w.s.c.ServletWebServerApplicationContext [ |  | ] - Root WebApplicationContext: initialization completed in 2753 ms
26-06-19 09:09:11.977 [main] [31mERROR[0;39m o.s.b.w.e.tomcat.TomcatStarter       [ |  | ] - Error starting Tomcat context. Exception: org.springframework.beans.factory.UnsatisfiedDependencyException. Message: Error creating bean with name 'jwtAuthenticationFilter' defined in file [/Users/apple/IdeaProjects/temp/9-sprint-mission/discodeit/build/classes/java/main/com/sprint/mission/discodeit/security/filter/JwtAuthenticationFilter.class]: Unsatisfied dependency expressed through constructor parameter 1: No qualifying bean of type 'com.sprint.mission.discodeit.security.registry.JwtRegistry' available: expected single matching bean but found 2: inMemoryJwtRegistry,redisJwtRegistry
26-06-19 09:09:12.037 [main] [32mINFO [0;39m o.a.catalina.core.StandardService    [ |  | ] - Stopping service [Tomcat]
26-06-19 09:09:12.060 [main] [33mWARN [0;39m o.s.b.w.s.c.AnnotationConfigServletWebServerApplicationContext [ |  | ] - Exception encountered during context initialization - cancelling refresh attempt: org.springframework.context.ApplicationContextException: Unable to start web server
26-06-19 09:09:12.101 [main] [32mINFO [0;39m o.s.b.a.l.ConditionEvaluationReportLogger [ |  | ] - 

Error starting ApplicationContext. To display the condition evaluation report re-run your application with 'debug' enabled.
26-06-19 09:09:12.131 [main] [31mERROR[0;39m o.s.b.d.LoggingFailureAnalysisReporter [ |  | ] - 

***************************
APPLICATION FAILED TO START
***************************

Description:

Parameter 1 of constructor in com.sprint.mission.discodeit.security.filter.JwtAuthenticationFilter required a single bean, but 2 were found:
	- inMemoryJwtRegistry: defined in file [/Users/apple/IdeaProjects/temp/9-sprint-mission/discodeit/build/classes/java/main/com/sprint/mission/discodeit/security/registry/InMemoryJwtRegistry.class]
	- redisJwtRegistry: defined in file [/Users/apple/IdeaProjects/temp/9-sprint-mission/discodeit/build/classes/java/main/com/sprint/mission/discodeit/security/registry/RedisJwtRegistry.class]

This may be due to missing parameter name information

Action:

Consider marking one of the beans as @Primary, updating the consumer to accept multiple beans, or using @Qualifier to identify the bean that should be consumed

Ensure that your compiler is configured to use the '-parameters' flag.
You may need to update both your build tool settings as well as your IDE.
(See https://github.com/spring-projects/spring-framework/wiki/Upgrading-to-Spring-Framework-6.x#parameter-name-retention)


26-06-19 09:11:06.981 [background-preinit] [32mINFO [0;39m o.h.validator.internal.util.Version  [ |  | ] - HV000001: Hibernate Validator 8.0.1.Final
26-06-19 09:11:07.057 [main] [32mINFO [0;39m c.s.m.discodeit.DiscodeitApplication [ |  | ] - Starting DiscodeitApplication using Java 17.0.18 with PID 26745 (/Users/apple/IdeaProjects/temp/9-sprint-mission/discodeit/build/classes/java/main started by apple in /Users/apple/IdeaProjects/temp/9-sprint-mission)
26-06-19 09:11:07.058 [main] [32mDEBUG[0;39m c.s.m.discodeit.DiscodeitApplication [ |  | ] - Running with Spring Boot v3.4.0, Spring v6.2.0
26-06-19 09:11:07.059 [main] [32mINFO [0;39m c.s.m.discodeit.DiscodeitApplication [ |  | ] - The following 1 profile is active: "dev"
26-06-19 09:11:09.343 [main] [32mINFO [0;39m o.s.d.r.c.RepositoryConfigurationDelegate [ |  | ] - Multiple Spring Data modules found, entering strict repository configuration mode
26-06-19 09:11:09.346 [main] [32mINFO [0;39m o.s.d.r.c.RepositoryConfigurationDelegate [ |  | ] - Bootstrapping Spring Data JPA repositories in DEFAULT mode.
26-06-19 09:11:09.646 [main] [32mINFO [0;39m o.s.d.r.c.RepositoryConfigurationDelegate [ |  | ] - Finished Spring Data repository scanning in 282 ms. Found 7 JPA repository interfaces.
26-06-19 09:11:10.437 [main] [32mINFO [0;39m o.s.d.r.c.RepositoryConfigurationDelegate [ |  | ] - Multiple Spring Data modules found, entering strict repository configuration mode
26-06-19 09:11:10.445 [main] [32mINFO [0;39m o.s.d.r.c.RepositoryConfigurationDelegate [ |  | ] - Bootstrapping Spring Data Redis repositories in DEFAULT mode.
26-06-19 09:11:10.495 [main] [32mINFO [0;39m o.s.d.r.c.RepositoryConfigurationExtensionSupport [ |  | ] - Spring Data Redis - Could not safely identify store assignment for repository candidate interface com.sprint.mission.discodeit.repository.BinaryContentRepository; If you want this repository to be a Redis repository, consider annotating your entities with one of these annotations: org.springframework.data.redis.core.RedisHash (preferred), or consider extending one of the following types with your repository: org.springframework.data.keyvalue.repository.KeyValueRepository
26-06-19 09:11:10.496 [main] [32mINFO [0;39m o.s.d.r.c.RepositoryConfigurationExtensionSupport [ |  | ] - Spring Data Redis - Could not safely identify store assignment for repository candidate interface com.sprint.mission.discodeit.repository.ChannelRepository; If you want this repository to be a Redis repository, consider annotating your entities with one of these annotations: org.springframework.data.redis.core.RedisHash (preferred), or consider extending one of the following types with your repository: org.springframework.data.keyvalue.repository.KeyValueRepository
26-06-19 09:11:10.496 [main] [32mINFO [0;39m o.s.d.r.c.RepositoryConfigurationExtensionSupport [ |  | ] - Spring Data Redis - Could not safely identify store assignment for repository candidate interface com.sprint.mission.discodeit.repository.MessageRepository; If you want this repository to be a Redis repository, consider annotating your entities with one of these annotations: org.springframework.data.redis.core.RedisHash (preferred), or consider extending one of the following types with your repository: org.springframework.data.keyvalue.repository.KeyValueRepository
26-06-19 09:11:10.497 [main] [32mINFO [0;39m o.s.d.r.c.RepositoryConfigurationExtensionSupport [ |  | ] - Spring Data Redis - Could not safely identify store assignment for repository candidate interface com.sprint.mission.discodeit.repository.NotificationRepository; If you want this repository to be a Redis repository, consider annotating your entities with one of these annotations: org.springframework.data.redis.core.RedisHash (preferred), or consider extending one of the following types with your repository: org.springframework.data.keyvalue.repository.KeyValueRepository
26-06-19 09:11:10.498 [main] [32mINFO [0;39m o.s.d.r.c.RepositoryConfigurationExtensionSupport [ |  | ] - Spring Data Redis - Could not safely identify store assignment for repository candidate interface com.sprint.mission.discodeit.repository.ReadStatusRepository; If you want this repository to be a Redis repository, consider annotating your entities with one of these annotations: org.springframework.data.redis.core.RedisHash (preferred), or consider extending one of the following types with your repository: org.springframework.data.keyvalue.repository.KeyValueRepository
26-06-19 09:11:10.498 [main] [32mINFO [0;39m o.s.d.r.c.RepositoryConfigurationExtensionSupport [ |  | ] - Spring Data Redis - Could not safely identify store assignment for repository candidate interface com.sprint.mission.discodeit.repository.UserRepository; If you want this repository to be a Redis repository, consider annotating your entities with one of these annotations: org.springframework.data.redis.core.RedisHash (preferred), or consider extending one of the following types with your repository: org.springframework.data.keyvalue.repository.KeyValueRepository
26-06-19 09:11:10.498 [main] [32mINFO [0;39m o.s.d.r.c.RepositoryConfigurationExtensionSupport [ |  | ] - Spring Data Redis - Could not safely identify store assignment for repository candidate interface com.sprint.mission.discodeit.repository.jpa.JpaChannelRepository; If you want this repository to be a Redis repository, consider annotating your entities with one of these annotations: org.springframework.data.redis.core.RedisHash (preferred), or consider extending one of the following types with your repository: org.springframework.data.keyvalue.repository.KeyValueRepository
26-06-19 09:11:10.498 [main] [32mINFO [0;39m o.s.d.r.c.RepositoryConfigurationDelegate [ |  | ] - Finished Spring Data repository scanning in 32 ms. Found 0 Redis repository interfaces.
26-06-19 09:11:12.232 [main] [32mINFO [0;39m o.s.b.w.e.tomcat.TomcatWebServer     [ |  | ] - Tomcat initialized with port 8080 (http)
26-06-19 09:11:12.251 [main] [32mINFO [0;39m o.a.coyote.http11.Http11NioProtocol  [ |  | ] - Initializing ProtocolHandler ["http-nio-8080"]
26-06-19 09:11:12.253 [main] [32mINFO [0;39m o.a.catalina.core.StandardService    [ |  | ] - Starting service [Tomcat]
26-06-19 09:11:12.254 [main] [32mINFO [0;39m o.a.catalina.core.StandardEngine     [ |  | ] - Starting Servlet engine: [Apache Tomcat/10.1.33]
26-06-19 09:11:12.340 [main] [32mINFO [0;39m o.a.c.c.C.[Tomcat].[localhost].[/]   [ |  | ] - Initializing Spring embedded WebApplicationContext
26-06-19 09:11:12.340 [main] [32mINFO [0;39m o.s.b.w.s.c.ServletWebServerApplicationContext [ |  | ] - Root WebApplicationContext: initialization completed in 5221 ms
26-06-19 09:11:12.734 [main] [31mERROR[0;39m o.s.b.w.e.tomcat.TomcatStarter       [ |  | ] - Error starting Tomcat context. Exception: org.springframework.beans.factory.UnsatisfiedDependencyException. Message: Error creating bean with name 'jwtAuthenticationFilter' defined in file [/Users/apple/IdeaProjects/temp/9-sprint-mission/discodeit/build/classes/java/main/com/sprint/mission/discodeit/security/filter/JwtAuthenticationFilter.class]: Unsatisfied dependency expressed through constructor parameter 1: Error creating bean with name 'redisJwtRegistry' defined in file [/Users/apple/IdeaProjects/temp/9-sprint-mission/discodeit/build/classes/java/main/com/sprint/mission/discodeit/security/registry/RedisJwtRegistry.class]: Unsatisfied dependency expressed through constructor parameter 3: Error creating bean with name 'redisTemplate' defined in class path resource [com/sprint/mission/discodeit/config/RedisConfig.class]: Unsatisfied dependency expressed through method 'redisTemplate' parameter 0: Error creating bean with name 'org.springframework.boot.autoconfigure.data.redis.LettuceConnectionConfiguration': Unsatisfied dependency expressed through constructor parameter 0: Error creating bean with name 'spring.data.redis-org.springframework.boot.autoconfigure.data.redis.RedisProperties': Could not bind properties to 'RedisProperties' : prefix=spring.data.redis, ignoreInvalidFields=false, ignoreUnknownFields=true
26-06-19 09:11:12.763 [main] [32mINFO [0;39m o.a.catalina.core.StandardService    [ |  | ] - Stopping service [Tomcat]
26-06-19 09:11:12.778 [main] [33mWARN [0;39m o.s.b.w.s.c.AnnotationConfigServletWebServerApplicationContext [ |  | ] - Exception encountered during context initialization - cancelling refresh attempt: org.springframework.context.ApplicationContextException: Unable to start web server
26-06-19 09:11:12.801 [main] [32mINFO [0;39m o.s.b.a.l.ConditionEvaluationReportLogger [ |  | ] - 

Error starting ApplicationContext. To display the condition evaluation report re-run your application with 'debug' enabled.
26-06-19 09:11:12.820 [main] [31mERROR[0;39m o.s.b.d.LoggingFailureAnalysisReporter [ |  | ] - 

***************************
APPLICATION FAILED TO START
***************************

Description:

Failed to bind properties under 'spring.data.redis.port' to int:

    Property: spring.data.redis.port
    Value: "${REDIS_PORT}"
    Origin: class path resource [application.yaml] - 35:13
    Reason: failed to convert java.lang.String to int (caused by java.lang.NumberFormatException: For input string: "${REDIS_PORT}")

Action:

Update your application's configuration

26-06-19 09:12:32.045 [background-preinit] [32mINFO [0;39m o.h.validator.internal.util.Version  [ |  | ] - HV000001: Hibernate Validator 8.0.1.Final
26-06-19 09:12:32.117 [main] [32mINFO [0;39m c.s.m.discodeit.DiscodeitApplication [ |  | ] - Starting DiscodeitApplication using Java 17.0.18 with PID 26799 (/Users/apple/IdeaProjects/temp/9-sprint-mission/discodeit/build/classes/java/main started by apple in /Users/apple/IdeaProjects/temp/9-sprint-mission)
26-06-19 09:12:32.118 [main] [32mDEBUG[0;39m c.s.m.discodeit.DiscodeitApplication [ |  | ] - Running with Spring Boot v3.4.0, Spring v6.2.0
26-06-19 09:12:32.119 [main] [32mINFO [0;39m c.s.m.discodeit.DiscodeitApplication [ |  | ] - The following 1 profile is active: "dev"
26-06-19 09:12:35.646 [main] [32mINFO [0;39m o.s.d.r.c.RepositoryConfigurationDelegate [ |  | ] - Multiple Spring Data modules found, entering strict repository configuration mode
26-06-19 09:12:35.650 [main] [32mINFO [0;39m o.s.d.r.c.RepositoryConfigurationDelegate [ |  | ] - Bootstrapping Spring Data JPA repositories in DEFAULT mode.
26-06-19 09:12:35.877 [main] [32mINFO [0;39m o.s.d.r.c.RepositoryConfigurationDelegate [ |  | ] - Finished Spring Data repository scanning in 210 ms. Found 7 JPA repository interfaces.
26-06-19 09:12:35.915 [main] [32mINFO [0;39m o.s.d.r.c.RepositoryConfigurationDelegate [ |  | ] - Multiple Spring Data modules found, entering strict repository configuration mode
26-06-19 09:12:35.917 [main] [32mINFO [0;39m o.s.d.r.c.RepositoryConfigurationDelegate [ |  | ] - Bootstrapping Spring Data Redis repositories in DEFAULT mode.
26-06-19 09:12:35.978 [main] [32mINFO [0;39m o.s.d.r.c.RepositoryConfigurationExtensionSupport [ |  | ] - Spring Data Redis - Could not safely identify store assignment for repository candidate interface com.sprint.mission.discodeit.repository.BinaryContentRepository; If you want this repository to be a Redis repository, consider annotating your entities with one of these annotations: org.springframework.data.redis.core.RedisHash (preferred), or consider extending one of the following types with your repository: org.springframework.data.keyvalue.repository.KeyValueRepository
26-06-19 09:12:35.979 [main] [32mINFO [0;39m o.s.d.r.c.RepositoryConfigurationExtensionSupport [ |  | ] - Spring Data Redis - Could not safely identify store assignment for repository candidate interface com.sprint.mission.discodeit.repository.ChannelRepository; If you want this repository to be a Redis repository, consider annotating your entities with one of these annotations: org.springframework.data.redis.core.RedisHash (preferred), or consider extending one of the following types with your repository: org.springframework.data.keyvalue.repository.KeyValueRepository
26-06-19 09:12:35.980 [main] [32mINFO [0;39m o.s.d.r.c.RepositoryConfigurationExtensionSupport [ |  | ] - Spring Data Redis - Could not safely identify store assignment for repository candidate interface com.sprint.mission.discodeit.repository.MessageRepository; If you want this repository to be a Redis repository, consider annotating your entities with one of these annotations: org.springframework.data.redis.core.RedisHash (preferred), or consider extending one of the following types with your repository: org.springframework.data.keyvalue.repository.KeyValueRepository
26-06-19 09:12:35.982 [main] [32mINFO [0;39m o.s.d.r.c.RepositoryConfigurationExtensionSupport [ |  | ] - Spring Data Redis - Could not safely identify store assignment for repository candidate interface com.sprint.mission.discodeit.repository.NotificationRepository; If you want this repository to be a Redis repository, consider annotating your entities with one of these annotations: org.springframework.data.redis.core.RedisHash (preferred), or consider extending one of the following types with your repository: org.springframework.data.keyvalue.repository.KeyValueRepository
26-06-19 09:12:35.985 [main] [32mINFO [0;39m o.s.d.r.c.RepositoryConfigurationExtensionSupport [ |  | ] - Spring Data Redis - Could not safely identify store assignment for repository candidate interface com.sprint.mission.discodeit.repository.ReadStatusRepository; If you want this repository to be a Redis repository, consider annotating your entities with one of these annotations: org.springframework.data.redis.core.RedisHash (preferred), or consider extending one of the following types with your repository: org.springframework.data.keyvalue.repository.KeyValueRepository
26-06-19 09:12:35.986 [main] [32mINFO [0;39m o.s.d.r.c.RepositoryConfigurationExtensionSupport [ |  | ] - Spring Data Redis - Could not safely identify store assignment for repository candidate interface com.sprint.mission.discodeit.repository.UserRepository; If you want this repository to be a Redis repository, consider annotating your entities with one of these annotations: org.springframework.data.redis.core.RedisHash (preferred), or consider extending one of the following types with your repository: org.springframework.data.keyvalue.repository.KeyValueRepository
26-06-19 09:12:35.986 [main] [32mINFO [0;39m o.s.d.r.c.RepositoryConfigurationExtensionSupport [ |  | ] - Spring Data Redis - Could not safely identify store assignment for repository candidate interface com.sprint.mission.discodeit.repository.jpa.JpaChannelRepository; If you want this repository to be a Redis repository, consider annotating your entities with one of these annotations: org.springframework.data.redis.core.RedisHash (preferred), or consider extending one of the following types with your repository: org.springframework.data.keyvalue.repository.KeyValueRepository
26-06-19 09:12:35.987 [main] [32mINFO [0;39m o.s.d.r.c.RepositoryConfigurationDelegate [ |  | ] - Finished Spring Data repository scanning in 36 ms. Found 0 Redis repository interfaces.
26-06-19 09:12:38.256 [main] [32mINFO [0;39m o.s.b.w.e.tomcat.TomcatWebServer     [ |  | ] - Tomcat initialized with port 8080 (http)
26-06-19 09:12:38.273 [main] [32mINFO [0;39m o.a.coyote.http11.Http11NioProtocol  [ |  | ] - Initializing ProtocolHandler ["http-nio-8080"]
26-06-19 09:12:38.277 [main] [32mINFO [0;39m o.a.catalina.core.StandardService    [ |  | ] - Starting service [Tomcat]
26-06-19 09:12:38.277 [main] [32mINFO [0;39m o.a.catalina.core.StandardEngine     [ |  | ] - Starting Servlet engine: [Apache Tomcat/10.1.33]
26-06-19 09:12:38.394 [main] [32mINFO [0;39m o.a.c.c.C.[Tomcat].[localhost].[/]   [ |  | ] - Initializing Spring embedded WebApplicationContext
26-06-19 09:12:38.394 [main] [32mINFO [0;39m o.s.b.w.s.c.ServletWebServerApplicationContext [ |  | ] - Root WebApplicationContext: initialization completed in 6203 ms
26-06-19 09:12:39.964 [main] [32mINFO [0;39m com.zaxxer.hikari.HikariDataSource   [ |  | ] - HikariPool-1 - Starting...
26-06-19 09:12:40.302 [main] [32mINFO [0;39m com.zaxxer.hikari.pool.HikariPool    [ |  | ] - HikariPool-1 - Added connection org.postgresql.jdbc.PgConnection@39b9dc35
26-06-19 09:12:40.308 [main] [32mINFO [0;39m com.zaxxer.hikari.HikariDataSource   [ |  | ] - HikariPool-1 - Start completed.
26-06-19 09:12:40.600 [main] [32mINFO [0;39m o.h.jpa.internal.util.LogHelper      [ |  | ] - HHH000204: Processing PersistenceUnitInfo [name: default]
26-06-19 09:12:40.710 [main] [32mINFO [0;39m org.hibernate.Version                [ |  | ] - HHH000412: Hibernate ORM core version 6.6.2.Final
26-06-19 09:12:40.765 [main] [32mINFO [0;39m o.h.c.i.RegionFactoryInitiator       [ |  | ] - HHH000026: Second-level cache disabled
26-06-19 09:12:42.282 [main] [32mINFO [0;39m o.s.o.j.p.SpringPersistenceUnitInfo  [ |  | ] - No LoadTimeWeaver setup: ignoring JPA class transformer
26-06-19 09:12:42.603 [main] [32mINFO [0;39m o.hibernate.orm.connections.pooling  [ |  | ] - HHH10001005: Database info:
	Database JDBC URL [Connecting through datasource 'HikariDataSource (HikariPool-1)']
	Database driver: undefined/unknown
	Database version: 14.21
	Autocommit mode: undefined/unknown
	Isolation level: undefined/unknown
	Minimum pool size: undefined/unknown
	Maximum pool size: undefined/unknown
26-06-19 09:12:44.110 [main] [32mINFO [0;39m o.h.e.t.j.p.i.JtaPlatformInitiator   [ |  | ] - HHH000489: No JTA platform available (set 'hibernate.transaction.jta.platform' to enable JTA platform integration)
26-06-19 09:12:44.210 [main] [32mINFO [0;39m o.s.o.j.LocalContainerEntityManagerFactoryBean [ |  | ] - Initialized JPA EntityManagerFactory for persistence unit 'default'
26-06-19 09:12:44.722 [main] [32mINFO [0;39m o.s.d.j.r.query.QueryEnhancerFactory [ |  | ] - Hibernate is in classpath; If applicable, HQL parser will be used.
26-06-19 09:12:45.236 [main] [32mDEBUG[0;39m c.s.m.d.s.f.JwtAuthenticationFilter  [ |  | ] - Filter 'jwtAuthenticationFilter' configured for use
26-06-19 09:12:46.483 [main] [32mTRACE[0;39m o.s.s.c.a.a.c.AuthenticationConfiguration$EnableGlobalAuthenticationAutowiredConfigurer [ |  | ] - Eagerly initializing {securityConfig=com.sprint.mission.discodeit.config.SecurityConfig$$SpringCGLIB$$0@201b8a01}
26-06-19 09:12:46.492 [main] [32mINFO [0;39m o.s.s.c.a.a.c.InitializeUserDetailsBeanManagerConfigurer$InitializeUserDetailsManagerConfigurer [ |  | ] - Global AuthenticationManager configured with UserDetailsService bean with name discodeitUserDetailsService
26-06-19 09:12:46.805 [main] [32mINFO [0;39m o.s.b.a.w.s.WelcomePageHandlerMapping [ |  | ] - Adding welcome page: class path resource [static/index.html]
26-06-19 09:12:48.567 [main] [32mINFO [0;39m o.s.b.a.e.web.EndpointLinksResolver  [ |  | ] - Exposing 4 endpoints beneath base path '/actuator'
26-06-19 09:12:49.165 [main] [32mDEBUG[0;39m o.s.s.web.DefaultSecurityFilterChain [ |  | ] - Will secure any request with filters: DisableEncodeUrlFilter, WebAsyncManagerIntegrationFilter, SecurityContextHolderFilter, HeaderWriterFilter, CsrfFilter, LogoutFilter, JwtAuthenticationFilter, UsernamePasswordAuthenticationFilter, RequestCacheAwareFilter, SecurityContextHolderAwareRequestFilter, RememberMeAuthenticationFilter, AnonymousAuthenticationFilter, SessionManagementFilter, ExceptionTranslationFilter, AuthorizationFilter
26-06-19 09:12:51.209 [main] [32mINFO [0;39m o.s.m.s.b.SimpleBrokerMessageHandler [ |  | ] - Starting...
26-06-19 09:12:51.210 [main] [32mINFO [0;39m o.s.m.s.b.SimpleBrokerMessageHandler [ |  | ] - BrokerAvailabilityEvent[available=true, SimpleBrokerMessageHandler [org.springframework.messaging.simp.broker.DefaultSubscriptionRegistry@38f42298]]
26-06-19 09:12:51.211 [main] [32mINFO [0;39m o.s.m.s.b.SimpleBrokerMessageHandler [ |  | ] - Started.
26-06-19 09:12:51.212 [main] [32mINFO [0;39m o.a.coyote.http11.Http11NioProtocol  [ |  | ] - Starting ProtocolHandler ["http-nio-8080"]
26-06-19 09:12:51.232 [main] [32mINFO [0;39m o.s.b.w.e.tomcat.TomcatWebServer     [ |  | ] - Tomcat started on port 8080 (http) with context path '/'
26-06-19 09:12:51.284 [main] [32mINFO [0;39m o.a.k.c.consumer.ConsumerConfig      [ |  | ] - ConsumerConfig values: 
	allow.auto.create.topics = true
	auto.commit.interval.ms = 5000
	auto.include.jmx.reporter = true
	auto.offset.reset = earliest
	bootstrap.servers = [${KAFKA_BOOTSTRAP_SERVERS}]
	check.crcs = true
	client.dns.lookup = use_all_dns_ips
	client.id = consumer-discodeit-notification-group-1
	client.rack = 
	connections.max.idle.ms = 540000
	default.api.timeout.ms = 60000
	enable.auto.commit = false
	enable.metrics.push = true
	exclude.internal.topics = true
	fetch.max.bytes = 52428800
	fetch.max.wait.ms = 500
	fetch.min.bytes = 1
	group.id = discodeit-notification-group
	group.instance.id = null
	group.protocol = classic
	group.remote.assignor = null
	heartbeat.interval.ms = 3000
	interceptor.classes = []
	internal.leave.group.on.close = true
	internal.throw.on.fetch.stable.offset.unsupported = false
	isolation.level = read_uncommitted
	key.deserializer = class org.apache.kafka.common.serialization.StringDeserializer
	max.partition.fetch.bytes = 1048576
	max.poll.interval.ms = 300000
	max.poll.records = 500
	metadata.max.age.ms = 300000
	metadata.recovery.strategy = none
	metric.reporters = []
	metrics.num.samples = 2
	metrics.recording.level = INFO
	metrics.sample.window.ms = 30000
	partition.assignment.strategy = [class org.apache.kafka.clients.consumer.RangeAssignor, class org.apache.kafka.clients.consumer.CooperativeStickyAssignor]
	receive.buffer.bytes = 65536
	reconnect.backoff.max.ms = 1000
	reconnect.backoff.ms = 50
	request.timeout.ms = 30000
	retry.backoff.max.ms = 1000
	retry.backoff.ms = 100
	sasl.client.callback.handler.class = null
	sasl.jaas.config = null
	sasl.kerberos.kinit.cmd = /usr/bin/kinit
	sasl.kerberos.min.time.before.relogin = 60000
	sasl.kerberos.service.name = null
	sasl.kerberos.ticket.renew.jitter = 0.05
	sasl.kerberos.ticket.renew.window.factor = 0.8
	sasl.login.callback.handler.class = null
	sasl.login.class = null
	sasl.login.connect.timeout.ms = null
	sasl.login.read.timeout.ms = null
	sasl.login.refresh.buffer.seconds = 300
	sasl.login.refresh.min.period.seconds = 60
	sasl.login.refresh.window.factor = 0.8
	sasl.login.refresh.window.jitter = 0.05
	sasl.login.retry.backoff.max.ms = 10000
	sasl.login.retry.backoff.ms = 100
	sasl.mechanism = GSSAPI
	sasl.oauthbearer.clock.skew.seconds = 30
	sasl.oauthbearer.expected.audience = null
	sasl.oauthbearer.expected.issuer = null
	sasl.oauthbearer.jwks.endpoint.refresh.ms = 3600000
	sasl.oauthbearer.jwks.endpoint.retry.backoff.max.ms = 10000
	sasl.oauthbearer.jwks.endpoint.retry.backoff.ms = 100
	sasl.oauthbearer.jwks.endpoint.url = null
	sasl.oauthbearer.scope.claim.name = scope
	sasl.oauthbearer.sub.claim.name = sub
	sasl.oauthbearer.token.endpoint.url = null
	security.protocol = PLAINTEXT
	security.providers = null
	send.buffer.bytes = 131072
	session.timeout.ms = 45000
	socket.connection.setup.timeout.max.ms = 30000
	socket.connection.setup.timeout.ms = 10000
	ssl.cipher.suites = null
	ssl.enabled.protocols = [TLSv1.2, TLSv1.3]
	ssl.endpoint.identification.algorithm = https
	ssl.engine.factory.class = null
	ssl.key.password = null
	ssl.keymanager.algorithm = SunX509
	ssl.keystore.certificate.chain = null
	ssl.keystore.key = null
	ssl.keystore.location = null
	ssl.keystore.password = null
	ssl.keystore.type = JKS
	ssl.protocol = TLSv1.3
	ssl.provider = null
	ssl.secure.random.implementation = null
	ssl.trustmanager.algorithm = PKIX
	ssl.truststore.certificates = null
	ssl.truststore.location = null
	ssl.truststore.password = null
	ssl.truststore.type = JKS
	value.deserializer = class org.apache.kafka.common.serialization.StringDeserializer

26-06-19 09:12:51.353 [main] [32mINFO [0;39m o.a.k.c.t.i.KafkaMetricsCollector    [ |  | ] - initializing Kafka metrics collector
26-06-19 09:12:51.368 [main] [32mINFO [0;39m o.a.kafka.common.metrics.Metrics     [ |  | ] - Metrics scheduler closed
26-06-19 09:12:51.369 [main] [32mINFO [0;39m o.a.kafka.common.metrics.Metrics     [ |  | ] - Closing reporter org.apache.kafka.common.metrics.JmxReporter
26-06-19 09:12:51.369 [main] [32mINFO [0;39m o.a.kafka.common.metrics.Metrics     [ |  | ] - Closing reporter org.apache.kafka.common.telemetry.internals.ClientTelemetryReporter
26-06-19 09:12:51.369 [main] [32mINFO [0;39m o.a.kafka.common.metrics.Metrics     [ |  | ] - Metrics reporters closed
26-06-19 09:12:51.372 [main] [32mINFO [0;39m o.a.kafka.common.utils.AppInfoParser [ |  | ] - App info kafka.consumer for consumer-discodeit-notification-group-1 unregistered
26-06-19 09:12:51.375 [main] [32mINFO [0;39m o.s.b.w.e.tomcat.GracefulShutdown    [ |  | ] - Commencing graceful shutdown. Waiting for active requests to complete
26-06-19 09:12:51.375 [tomcat-shutdown] [32mINFO [0;39m o.a.coyote.http11.Http11NioProtocol  [ |  | ] - Pausing ProtocolHandler ["http-nio-8080"]
26-06-19 09:12:51.378 [tomcat-shutdown] [32mINFO [0;39m o.s.b.w.e.tomcat.GracefulShutdown    [ |  | ] - Graceful shutdown complete
26-06-19 09:12:51.378 [main] [32mINFO [0;39m o.a.coyote.http11.Http11NioProtocol  [ |  | ] - Stopping ProtocolHandler ["http-nio-8080"]
26-06-19 09:12:51.381 [main] [32mINFO [0;39m o.s.m.s.b.SimpleBrokerMessageHandler [ |  | ] - Stopping...
26-06-19 09:12:51.382 [main] [32mINFO [0;39m o.s.m.s.b.SimpleBrokerMessageHandler [ |  | ] - BrokerAvailabilityEvent[available=false, SimpleBrokerMessageHandler [org.springframework.messaging.simp.broker.DefaultSubscriptionRegistry@38f42298]]
26-06-19 09:12:51.382 [main] [32mINFO [0;39m o.s.m.s.b.SimpleBrokerMessageHandler [ |  | ] - Stopped.
26-06-19 09:12:51.391 [main] [33mWARN [0;39m o.s.b.w.s.c.AnnotationConfigServletWebServerApplicationContext [ |  | ] - Exception encountered during context initialization - cancelling refresh attempt: org.springframework.context.ApplicationContextException: Failed to start bean 'org.springframework.kafka.config.internalKafkaListenerEndpointRegistry'
26-06-19 09:12:51.401 [main] [32mINFO [0;39m o.s.o.j.LocalContainerEntityManagerFactoryBean [ |  | ] - Closing JPA EntityManagerFactory for persistence unit 'default'
26-06-19 09:12:51.404 [main] [32mINFO [0;39m com.zaxxer.hikari.HikariDataSource   [ |  | ] - HikariPool-1 - Shutdown initiated...
26-06-19 09:12:51.409 [main] [32mINFO [0;39m com.zaxxer.hikari.HikariDataSource   [ |  | ] - HikariPool-1 - Shutdown completed.
26-06-19 09:12:51.470 [main] [32mINFO [0;39m o.s.b.a.l.ConditionEvaluationReportLogger [ |  | ] - 

Error starting ApplicationContext. To display the condition evaluation report re-run your application with 'debug' enabled.
26-06-19 09:12:51.530 [main] [31mERROR[0;39m o.s.boot.SpringApplication           [ |  | ] - Application run failed
org.springframework.context.ApplicationContextException: Failed to start bean 'org.springframework.kafka.config.internalKafkaListenerEndpointRegistry'
	at org.springframework.context.support.DefaultLifecycleProcessor.doStart(DefaultLifecycleProcessor.java:326)
	at org.springframework.context.support.DefaultLifecycleProcessor$LifecycleGroup.start(DefaultLifecycleProcessor.java:510)
	at java.base/java.lang.Iterable.forEach(Iterable.java:75)
	at org.springframework.context.support.DefaultLifecycleProcessor.startBeans(DefaultLifecycleProcessor.java:295)
	at org.springframework.context.support.DefaultLifecycleProcessor.onRefresh(DefaultLifecycleProcessor.java:240)
	at org.springframework.context.support.AbstractApplicationContext.finishRefresh(AbstractApplicationContext.java:1006)
	at org.springframework.context.support.AbstractApplicationContext.refresh(AbstractApplicationContext.java:630)
	at org.springframework.boot.web.servlet.context.ServletWebServerApplicationContext.refresh(ServletWebServerApplicationContext.java:146)
	at org.springframework.boot.SpringApplication.refresh(SpringApplication.java:752)
	at org.springframework.boot.SpringApplication.refreshContext(SpringApplication.java:439)
	at org.springframework.boot.SpringApplication.run(SpringApplication.java:318)
	at org.springframework.boot.SpringApplication.run(SpringApplication.java:1361)
	at org.springframework.boot.SpringApplication.run(SpringApplication.java:1350)
	at com.sprint.mission.discodeit.DiscodeitApplication.main(DiscodeitApplication.java:14)
Caused by: org.apache.kafka.common.KafkaException: Failed to construct kafka consumer
	at org.apache.kafka.clients.consumer.internals.LegacyKafkaConsumer.<init>(LegacyKafkaConsumer.java:265)
	at org.apache.kafka.clients.consumer.internals.ConsumerDelegateCreator.create(ConsumerDelegateCreator.java:65)
	at org.apache.kafka.clients.consumer.KafkaConsumer.<init>(KafkaConsumer.java:600)
	at org.apache.kafka.clients.consumer.KafkaConsumer.<init>(KafkaConsumer.java:595)
	at org.springframework.kafka.core.DefaultKafkaConsumerFactory$ExtendedKafkaConsumer.<init>(DefaultKafkaConsumerFactory.java:498)
	at org.springframework.kafka.core.DefaultKafkaConsumerFactory.createRawConsumer(DefaultKafkaConsumerFactory.java:453)
	at org.springframework.kafka.core.DefaultKafkaConsumerFactory.createKafkaConsumer(DefaultKafkaConsumerFactory.java:430)
	at org.springframework.kafka.core.DefaultKafkaConsumerFactory.createConsumerWithAdjustedProperties(DefaultKafkaConsumerFactory.java:407)
	at org.springframework.kafka.core.DefaultKafkaConsumerFactory.createKafkaConsumer(DefaultKafkaConsumerFactory.java:374)
	at org.springframework.kafka.core.DefaultKafkaConsumerFactory.createConsumer(DefaultKafkaConsumerFactory.java:335)
	at org.springframework.kafka.listener.KafkaMessageListenerContainer$ListenerConsumer.<init>(KafkaMessageListenerContainer.java:874)
	at org.springframework.kafka.listener.KafkaMessageListenerContainer.doStart(KafkaMessageListenerContainer.java:385)
	at org.springframework.kafka.listener.AbstractMessageListenerContainer.start(AbstractMessageListenerContainer.java:520)
	at org.springframework.kafka.listener.ConcurrentMessageListenerContainer.doStart(ConcurrentMessageListenerContainer.java:264)
	at org.springframework.kafka.listener.AbstractMessageListenerContainer.start(AbstractMessageListenerContainer.java:520)
	at org.springframework.kafka.config.KafkaListenerEndpointRegistry.startIfNecessary(KafkaListenerEndpointRegistry.java:436)
	at org.springframework.kafka.config.KafkaListenerEndpointRegistry.start(KafkaListenerEndpointRegistry.java:382)
	at org.springframework.context.support.DefaultLifecycleProcessor.doStart(DefaultLifecycleProcessor.java:323)
	... 13 common frames omitted
Caused by: org.apache.kafka.common.config.ConfigException: Invalid url in bootstrap.servers: ${KAFKA_BOOTSTRAP_SERVERS}
	at org.apache.kafka.clients.ClientUtils.parseAndValidateAddresses(ClientUtils.java:73)
	at org.apache.kafka.clients.ClientUtils.parseAndValidateAddresses(ClientUtils.java:62)
	at org.apache.kafka.clients.ClientUtils.parseAndValidateAddresses(ClientUtils.java:58)
	at org.apache.kafka.clients.consumer.internals.LegacyKafkaConsumer.<init>(LegacyKafkaConsumer.java:184)
	... 30 common frames omitted
26-06-19 09:13:39.817 [background-preinit] [32mINFO [0;39m o.h.validator.internal.util.Version  [ |  | ] - HV000001: Hibernate Validator 8.0.1.Final
26-06-19 09:13:39.903 [main] [32mINFO [0;39m c.s.m.discodeit.DiscodeitApplication [ |  | ] - Starting DiscodeitApplication using Java 17.0.18 with PID 26864 (/Users/apple/IdeaProjects/temp/9-sprint-mission/discodeit/build/classes/java/main started by apple in /Users/apple/IdeaProjects/temp/9-sprint-mission)
26-06-19 09:13:39.904 [main] [32mDEBUG[0;39m c.s.m.discodeit.DiscodeitApplication [ |  | ] - Running with Spring Boot v3.4.0, Spring v6.2.0
26-06-19 09:13:39.905 [main] [32mINFO [0;39m c.s.m.discodeit.DiscodeitApplication [ |  | ] - The following 1 profile is active: "dev"
26-06-19 09:13:41.956 [main] [32mINFO [0;39m o.s.d.r.c.RepositoryConfigurationDelegate [ |  | ] - Multiple Spring Data modules found, entering strict repository configuration mode
26-06-19 09:13:41.961 [main] [32mINFO [0;39m o.s.d.r.c.RepositoryConfigurationDelegate [ |  | ] - Bootstrapping Spring Data JPA repositories in DEFAULT mode.
26-06-19 09:13:42.366 [main] [32mINFO [0;39m o.s.d.r.c.RepositoryConfigurationDelegate [ |  | ] - Finished Spring Data repository scanning in 393 ms. Found 7 JPA repository interfaces.
26-06-19 09:13:42.386 [main] [32mINFO [0;39m o.s.d.r.c.RepositoryConfigurationDelegate [ |  | ] - Multiple Spring Data modules found, entering strict repository configuration mode
26-06-19 09:13:42.387 [main] [32mINFO [0;39m o.s.d.r.c.RepositoryConfigurationDelegate [ |  | ] - Bootstrapping Spring Data Redis repositories in DEFAULT mode.
26-06-19 09:13:42.416 [main] [32mINFO [0;39m o.s.d.r.c.RepositoryConfigurationExtensionSupport [ |  | ] - Spring Data Redis - Could not safely identify store assignment for repository candidate interface com.sprint.mission.discodeit.repository.BinaryContentRepository; If you want this repository to be a Redis repository, consider annotating your entities with one of these annotations: org.springframework.data.redis.core.RedisHash (preferred), or consider extending one of the following types with your repository: org.springframework.data.keyvalue.repository.KeyValueRepository
26-06-19 09:13:42.416 [main] [32mINFO [0;39m o.s.d.r.c.RepositoryConfigurationExtensionSupport [ |  | ] - Spring Data Redis - Could not safely identify store assignment for repository candidate interface com.sprint.mission.discodeit.repository.ChannelRepository; If you want this repository to be a Redis repository, consider annotating your entities with one of these annotations: org.springframework.data.redis.core.RedisHash (preferred), or consider extending one of the following types with your repository: org.springframework.data.keyvalue.repository.KeyValueRepository
26-06-19 09:13:42.416 [main] [32mINFO [0;39m o.s.d.r.c.RepositoryConfigurationExtensionSupport [ |  | ] - Spring Data Redis - Could not safely identify store assignment for repository candidate interface com.sprint.mission.discodeit.repository.MessageRepository; If you want this repository to be a Redis repository, consider annotating your entities with one of these annotations: org.springframework.data.redis.core.RedisHash (preferred), or consider extending one of the following types with your repository: org.springframework.data.keyvalue.repository.KeyValueRepository
26-06-19 09:13:42.416 [main] [32mINFO [0;39m o.s.d.r.c.RepositoryConfigurationExtensionSupport [ |  | ] - Spring Data Redis - Could not safely identify store assignment for repository candidate interface com.sprint.mission.discodeit.repository.NotificationRepository; If you want this repository to be a Redis repository, consider annotating your entities with one of these annotations: org.springframework.data.redis.core.RedisHash (preferred), or consider extending one of the following types with your repository: org.springframework.data.keyvalue.repository.KeyValueRepository
26-06-19 09:13:42.417 [main] [32mINFO [0;39m o.s.d.r.c.RepositoryConfigurationExtensionSupport [ |  | ] - Spring Data Redis - Could not safely identify store assignment for repository candidate interface com.sprint.mission.discodeit.repository.ReadStatusRepository; If you want this repository to be a Redis repository, consider annotating your entities with one of these annotations: org.springframework.data.redis.core.RedisHash (preferred), or consider extending one of the following types with your repository: org.springframework.data.keyvalue.repository.KeyValueRepository
26-06-19 09:13:42.417 [main] [32mINFO [0;39m o.s.d.r.c.RepositoryConfigurationExtensionSupport [ |  | ] - Spring Data Redis - Could not safely identify store assignment for repository candidate interface com.sprint.mission.discodeit.repository.UserRepository; If you want this repository to be a Redis repository, consider annotating your entities with one of these annotations: org.springframework.data.redis.core.RedisHash (preferred), or consider extending one of the following types with your repository: org.springframework.data.keyvalue.repository.KeyValueRepository
26-06-19 09:13:42.417 [main] [32mINFO [0;39m o.s.d.r.c.RepositoryConfigurationExtensionSupport [ |  | ] - Spring Data Redis - Could not safely identify store assignment for repository candidate interface com.sprint.mission.discodeit.repository.jpa.JpaChannelRepository; If you want this repository to be a Redis repository, consider annotating your entities with one of these annotations: org.springframework.data.redis.core.RedisHash (preferred), or consider extending one of the following types with your repository: org.springframework.data.keyvalue.repository.KeyValueRepository
26-06-19 09:13:42.417 [main] [32mINFO [0;39m o.s.d.r.c.RepositoryConfigurationDelegate [ |  | ] - Finished Spring Data repository scanning in 15 ms. Found 0 Redis repository interfaces.
26-06-19 09:13:45.114 [main] [32mINFO [0;39m o.s.b.w.e.tomcat.TomcatWebServer     [ |  | ] - Tomcat initialized with port 8080 (http)
26-06-19 09:13:45.146 [main] [32mINFO [0;39m o.a.coyote.http11.Http11NioProtocol  [ |  | ] - Initializing ProtocolHandler ["http-nio-8080"]
26-06-19 09:13:45.150 [main] [32mINFO [0;39m o.a.catalina.core.StandardService    [ |  | ] - Starting service [Tomcat]
26-06-19 09:13:45.150 [main] [32mINFO [0;39m o.a.catalina.core.StandardEngine     [ |  | ] - Starting Servlet engine: [Apache Tomcat/10.1.33]
26-06-19 09:13:45.300 [main] [32mINFO [0;39m o.a.c.c.C.[Tomcat].[localhost].[/]   [ |  | ] - Initializing Spring embedded WebApplicationContext
26-06-19 09:13:45.300 [main] [32mINFO [0;39m o.s.b.w.s.c.ServletWebServerApplicationContext [ |  | ] - Root WebApplicationContext: initialization completed in 5329 ms
26-06-19 09:13:46.785 [main] [32mINFO [0;39m com.zaxxer.hikari.HikariDataSource   [ |  | ] - HikariPool-1 - Starting...
26-06-19 09:13:46.896 [main] [32mINFO [0;39m com.zaxxer.hikari.pool.HikariPool    [ |  | ] - HikariPool-1 - Added connection org.postgresql.jdbc.PgConnection@25da1dc9
26-06-19 09:13:46.898 [main] [32mINFO [0;39m com.zaxxer.hikari.HikariDataSource   [ |  | ] - HikariPool-1 - Start completed.
26-06-19 09:13:47.087 [main] [32mINFO [0;39m o.h.jpa.internal.util.LogHelper      [ |  | ] - HHH000204: Processing PersistenceUnitInfo [name: default]
26-06-19 09:13:47.166 [main] [32mINFO [0;39m org.hibernate.Version                [ |  | ] - HHH000412: Hibernate ORM core version 6.6.2.Final
26-06-19 09:13:47.244 [main] [32mINFO [0;39m o.h.c.i.RegionFactoryInitiator       [ |  | ] - HHH000026: Second-level cache disabled
26-06-19 09:13:47.606 [main] [32mINFO [0;39m o.s.o.j.p.SpringPersistenceUnitInfo  [ |  | ] - No LoadTimeWeaver setup: ignoring JPA class transformer
26-06-19 09:13:47.697 [main] [32mINFO [0;39m o.hibernate.orm.connections.pooling  [ |  | ] - HHH10001005: Database info:
	Database JDBC URL [Connecting through datasource 'HikariDataSource (HikariPool-1)']
	Database driver: undefined/unknown
	Database version: 14.21
	Autocommit mode: undefined/unknown
	Isolation level: undefined/unknown
	Minimum pool size: undefined/unknown
	Maximum pool size: undefined/unknown
26-06-19 09:13:48.854 [main] [32mINFO [0;39m o.h.e.t.j.p.i.JtaPlatformInitiator   [ |  | ] - HHH000489: No JTA platform available (set 'hibernate.transaction.jta.platform' to enable JTA platform integration)
26-06-19 09:13:48.907 [main] [32mINFO [0;39m o.s.o.j.LocalContainerEntityManagerFactoryBean [ |  | ] - Initialized JPA EntityManagerFactory for persistence unit 'default'
26-06-19 09:13:49.273 [main] [32mINFO [0;39m o.s.d.j.r.query.QueryEnhancerFactory [ |  | ] - Hibernate is in classpath; If applicable, HQL parser will be used.
26-06-19 09:13:50.126 [main] [32mDEBUG[0;39m c.s.m.d.s.f.JwtAuthenticationFilter  [ |  | ] - Filter 'jwtAuthenticationFilter' configured for use
26-06-19 09:13:52.676 [main] [32mTRACE[0;39m o.s.s.c.a.a.c.AuthenticationConfiguration$EnableGlobalAuthenticationAutowiredConfigurer [ |  | ] - Eagerly initializing {securityConfig=com.sprint.mission.discodeit.config.SecurityConfig$$SpringCGLIB$$0@5d798a2c}
26-06-19 09:13:52.687 [main] [32mINFO [0;39m o.s.s.c.a.a.c.InitializeUserDetailsBeanManagerConfigurer$InitializeUserDetailsManagerConfigurer [ |  | ] - Global AuthenticationManager configured with UserDetailsService bean with name discodeitUserDetailsService
26-06-19 09:13:52.969 [main] [32mINFO [0;39m o.s.b.a.w.s.WelcomePageHandlerMapping [ |  | ] - Adding welcome page: class path resource [static/index.html]
26-06-19 09:13:53.643 [main] [32mINFO [0;39m o.s.b.a.e.web.EndpointLinksResolver  [ |  | ] - Exposing 4 endpoints beneath base path '/actuator'
26-06-19 09:13:53.940 [main] [32mDEBUG[0;39m o.s.s.web.DefaultSecurityFilterChain [ |  | ] - Will secure any request with filters: DisableEncodeUrlFilter, WebAsyncManagerIntegrationFilter, SecurityContextHolderFilter, HeaderWriterFilter, CsrfFilter, LogoutFilter, JwtAuthenticationFilter, UsernamePasswordAuthenticationFilter, RequestCacheAwareFilter, SecurityContextHolderAwareRequestFilter, RememberMeAuthenticationFilter, AnonymousAuthenticationFilter, SessionManagementFilter, ExceptionTranslationFilter, AuthorizationFilter
26-06-19 09:13:55.543 [main] [32mINFO [0;39m o.s.m.s.b.SimpleBrokerMessageHandler [ |  | ] - Starting...
26-06-19 09:13:55.545 [main] [32mINFO [0;39m o.s.m.s.b.SimpleBrokerMessageHandler [ |  | ] - BrokerAvailabilityEvent[available=true, SimpleBrokerMessageHandler [org.springframework.messaging.simp.broker.DefaultSubscriptionRegistry@8880259]]
26-06-19 09:13:55.546 [main] [32mINFO [0;39m o.s.m.s.b.SimpleBrokerMessageHandler [ |  | ] - Started.
26-06-19 09:13:55.546 [main] [32mINFO [0;39m o.a.coyote.http11.Http11NioProtocol  [ |  | ] - Starting ProtocolHandler ["http-nio-8080"]
26-06-19 09:13:55.563 [main] [32mINFO [0;39m o.s.b.w.e.tomcat.TomcatWebServer     [ |  | ] - Tomcat started on port 8080 (http) with context path '/'
26-06-19 09:13:55.600 [main] [32mINFO [0;39m o.a.k.c.consumer.ConsumerConfig      [ |  | ] - ConsumerConfig values: 
	allow.auto.create.topics = true
	auto.commit.interval.ms = 5000
	auto.include.jmx.reporter = true
	auto.offset.reset = earliest
	bootstrap.servers = [localhost:9092]
	check.crcs = true
	client.dns.lookup = use_all_dns_ips
	client.id = consumer-discodeit-notification-group-1
	client.rack = 
	connections.max.idle.ms = 540000
	default.api.timeout.ms = 60000
	enable.auto.commit = false
	enable.metrics.push = true
	exclude.internal.topics = true
	fetch.max.bytes = 52428800
	fetch.max.wait.ms = 500
	fetch.min.bytes = 1
	group.id = discodeit-notification-group
	group.instance.id = null
	group.protocol = classic
	group.remote.assignor = null
	heartbeat.interval.ms = 3000
	interceptor.classes = []
	internal.leave.group.on.close = true
	internal.throw.on.fetch.stable.offset.unsupported = false
	isolation.level = read_uncommitted
	key.deserializer = class org.apache.kafka.common.serialization.StringDeserializer
	max.partition.fetch.bytes = 1048576
	max.poll.interval.ms = 300000
	max.poll.records = 500
	metadata.max.age.ms = 300000
	metadata.recovery.strategy = none
	metric.reporters = []
	metrics.num.samples = 2
	metrics.recording.level = INFO
	metrics.sample.window.ms = 30000
	partition.assignment.strategy = [class org.apache.kafka.clients.consumer.RangeAssignor, class org.apache.kafka.clients.consumer.CooperativeStickyAssignor]
	receive.buffer.bytes = 65536
	reconnect.backoff.max.ms = 1000
	reconnect.backoff.ms = 50
	request.timeout.ms = 30000
	retry.backoff.max.ms = 1000
	retry.backoff.ms = 100
	sasl.client.callback.handler.class = null
	sasl.jaas.config = null
	sasl.kerberos.kinit.cmd = /usr/bin/kinit
	sasl.kerberos.min.time.before.relogin = 60000
	sasl.kerberos.service.name = null
	sasl.kerberos.ticket.renew.jitter = 0.05
	sasl.kerberos.ticket.renew.window.factor = 0.8
	sasl.login.callback.handler.class = null
	sasl.login.class = null
	sasl.login.connect.timeout.ms = null
	sasl.login.read.timeout.ms = null
	sasl.login.refresh.buffer.seconds = 300
	sasl.login.refresh.min.period.seconds = 60
	sasl.login.refresh.window.factor = 0.8
	sasl.login.refresh.window.jitter = 0.05
	sasl.login.retry.backoff.max.ms = 10000
	sasl.login.retry.backoff.ms = 100
	sasl.mechanism = GSSAPI
	sasl.oauthbearer.clock.skew.seconds = 30
	sasl.oauthbearer.expected.audience = null
	sasl.oauthbearer.expected.issuer = null
	sasl.oauthbearer.jwks.endpoint.refresh.ms = 3600000
	sasl.oauthbearer.jwks.endpoint.retry.backoff.max.ms = 10000
	sasl.oauthbearer.jwks.endpoint.retry.backoff.ms = 100
	sasl.oauthbearer.jwks.endpoint.url = null
	sasl.oauthbearer.scope.claim.name = scope
	sasl.oauthbearer.sub.claim.name = sub
	sasl.oauthbearer.token.endpoint.url = null
	security.protocol = PLAINTEXT
	security.providers = null
	send.buffer.bytes = 131072
	session.timeout.ms = 45000
	socket.connection.setup.timeout.max.ms = 30000
	socket.connection.setup.timeout.ms = 10000
	ssl.cipher.suites = null
	ssl.enabled.protocols = [TLSv1.2, TLSv1.3]
	ssl.endpoint.identification.algorithm = https
	ssl.engine.factory.class = null
	ssl.key.password = null
	ssl.keymanager.algorithm = SunX509
	ssl.keystore.certificate.chain = null
	ssl.keystore.key = null
	ssl.keystore.location = null
	ssl.keystore.password = null
	ssl.keystore.type = JKS
	ssl.protocol = TLSv1.3
	ssl.provider = null
	ssl.secure.random.implementation = null
	ssl.trustmanager.algorithm = PKIX
	ssl.truststore.certificates = null
	ssl.truststore.location = null
	ssl.truststore.password = null
	ssl.truststore.type = JKS
	value.deserializer = class org.apache.kafka.common.serialization.StringDeserializer

26-06-19 09:13:55.679 [main] [32mINFO [0;39m o.a.k.c.t.i.KafkaMetricsCollector    [ |  | ] - initializing Kafka metrics collector
26-06-19 09:13:55.928 [main] [32mINFO [0;39m o.a.kafka.common.utils.AppInfoParser [ |  | ] - Kafka version: 3.8.1
26-06-19 09:13:55.928 [main] [32mINFO [0;39m o.a.kafka.common.utils.AppInfoParser [ |  | ] - Kafka commitId: 70d6ff42debf7e17
26-06-19 09:13:55.928 [main] [32mINFO [0;39m o.a.kafka.common.utils.AppInfoParser [ |  | ] - Kafka startTimeMs: 1781828035926
26-06-19 09:13:55.941 [main] [32mINFO [0;39m o.a.k.c.c.i.LegacyKafkaConsumer      [ |  | ] - [Consumer clientId=consumer-discodeit-notification-group-1, groupId=discodeit-notification-group] Subscribed to topic(s): discodeit.MessageCreatedEvent
26-06-19 09:13:55.948 [main] [32mINFO [0;39m o.a.k.c.consumer.ConsumerConfig      [ |  | ] - ConsumerConfig values: 
	allow.auto.create.topics = true
	auto.commit.interval.ms = 5000
	auto.include.jmx.reporter = true
	auto.offset.reset = earliest
	bootstrap.servers = [localhost:9092]
	check.crcs = true
	client.dns.lookup = use_all_dns_ips
	client.id = consumer-discodeit-notification-group-2
	client.rack = 
	connections.max.idle.ms = 540000
	default.api.timeout.ms = 60000
	enable.auto.commit = false
	enable.metrics.push = true
	exclude.internal.topics = true
	fetch.max.bytes = 52428800
	fetch.max.wait.ms = 500
	fetch.min.bytes = 1
	group.id = discodeit-notification-group
	group.instance.id = null
	group.protocol = classic
	group.remote.assignor = null
	heartbeat.interval.ms = 3000
	interceptor.classes = []
	internal.leave.group.on.close = true
	internal.throw.on.fetch.stable.offset.unsupported = false
	isolation.level = read_uncommitted
	key.deserializer = class org.apache.kafka.common.serialization.StringDeserializer
	max.partition.fetch.bytes = 1048576
	max.poll.interval.ms = 300000
	max.poll.records = 500
	metadata.max.age.ms = 300000
	metadata.recovery.strategy = none
	metric.reporters = []
	metrics.num.samples = 2
	metrics.recording.level = INFO
	metrics.sample.window.ms = 30000
	partition.assignment.strategy = [class org.apache.kafka.clients.consumer.RangeAssignor, class org.apache.kafka.clients.consumer.CooperativeStickyAssignor]
	receive.buffer.bytes = 65536
	reconnect.backoff.max.ms = 1000
	reconnect.backoff.ms = 50
	request.timeout.ms = 30000
	retry.backoff.max.ms = 1000
	retry.backoff.ms = 100
	sasl.client.callback.handler.class = null
	sasl.jaas.config = null
	sasl.kerberos.kinit.cmd = /usr/bin/kinit
	sasl.kerberos.min.time.before.relogin = 60000
	sasl.kerberos.service.name = null
	sasl.kerberos.ticket.renew.jitter = 0.05
	sasl.kerberos.ticket.renew.window.factor = 0.8
	sasl.login.callback.handler.class = null
	sasl.login.class = null
	sasl.login.connect.timeout.ms = null
	sasl.login.read.timeout.ms = null
	sasl.login.refresh.buffer.seconds = 300
	sasl.login.refresh.min.period.seconds = 60
	sasl.login.refresh.window.factor = 0.8
	sasl.login.refresh.window.jitter = 0.05
	sasl.login.retry.backoff.max.ms = 10000
	sasl.login.retry.backoff.ms = 100
	sasl.mechanism = GSSAPI
	sasl.oauthbearer.clock.skew.seconds = 30
	sasl.oauthbearer.expected.audience = null
	sasl.oauthbearer.expected.issuer = null
	sasl.oauthbearer.jwks.endpoint.refresh.ms = 3600000
	sasl.oauthbearer.jwks.endpoint.retry.backoff.max.ms = 10000
	sasl.oauthbearer.jwks.endpoint.retry.backoff.ms = 100
	sasl.oauthbearer.jwks.endpoint.url = null
	sasl.oauthbearer.scope.claim.name = scope
	sasl.oauthbearer.sub.claim.name = sub
	sasl.oauthbearer.token.endpoint.url = null
	security.protocol = PLAINTEXT
	security.providers = null
	send.buffer.bytes = 131072
	session.timeout.ms = 45000
	socket.connection.setup.timeout.max.ms = 30000
	socket.connection.setup.timeout.ms = 10000
	ssl.cipher.suites = null
	ssl.enabled.protocols = [TLSv1.2, TLSv1.3]
	ssl.endpoint.identification.algorithm = https
	ssl.engine.factory.class = null
	ssl.key.password = null
	ssl.keymanager.algorithm = SunX509
	ssl.keystore.certificate.chain = null
	ssl.keystore.key = null
	ssl.keystore.location = null
	ssl.keystore.password = null
	ssl.keystore.type = JKS
	ssl.protocol = TLSv1.3
	ssl.provider = null
	ssl.secure.random.implementation = null
	ssl.trustmanager.algorithm = PKIX
	ssl.truststore.certificates = null
	ssl.truststore.location = null
	ssl.truststore.password = null
	ssl.truststore.type = JKS
	value.deserializer = class org.apache.kafka.common.serialization.StringDeserializer

26-06-19 09:13:55.949 [main] [32mINFO [0;39m o.a.k.c.t.i.KafkaMetricsCollector    [ |  | ] - initializing Kafka metrics collector
26-06-19 09:13:55.959 [main] [32mINFO [0;39m o.a.kafka.common.utils.AppInfoParser [ |  | ] - Kafka version: 3.8.1
26-06-19 09:13:55.959 [main] [32mINFO [0;39m o.a.kafka.common.utils.AppInfoParser [ |  | ] - Kafka commitId: 70d6ff42debf7e17
26-06-19 09:13:55.959 [main] [32mINFO [0;39m o.a.kafka.common.utils.AppInfoParser [ |  | ] - Kafka startTimeMs: 1781828035959
26-06-19 09:13:55.968 [main] [32mINFO [0;39m o.a.k.c.c.i.LegacyKafkaConsumer      [ |  | ] - [Consumer clientId=consumer-discodeit-notification-group-2, groupId=discodeit-notification-group] Subscribed to topic(s): discodeit.RoleUpdatedEvent
26-06-19 09:13:56.018 [main] [32mINFO [0;39m c.s.m.discodeit.DiscodeitApplication [ |  | ] - Started DiscodeitApplication in 16.861 seconds (process running for 18.715)
26-06-19 09:13:56.346 [main] [32mDEBUG[0;39m org.hibernate.SQL                    [ |  | ] - 
    select
        u1_0.id 
    from
        users u1_0 
    where
        u1_0.role=? 
    fetch
        first ? rows only
26-06-19 09:13:56.355 [main] [32mTRACE[0;39m org.hibernate.orm.jdbc.bind          [ |  | ] - binding parameter (1:VARCHAR) <- [ADMIN]
26-06-19 09:13:56.356 [main] [32mTRACE[0;39m org.hibernate.orm.jdbc.bind          [ |  | ] - binding parameter (2:INTEGER) <- [1]
26-06-19 09:13:56.579 [org.springframework.kafka.KafkaListenerEndpointContainer#1-0-C-1] [32mINFO [0;39m o.apache.kafka.clients.NetworkClient [ |  | ] - [Consumer clientId=consumer-discodeit-notification-group-2, groupId=discodeit-notification-group] Node -1 disconnected.
26-06-19 09:13:56.579 [org.springframework.kafka.KafkaListenerEndpointContainer#0-0-C-1] [32mINFO [0;39m o.apache.kafka.clients.NetworkClient [ |  | ] - [Consumer clientId=consumer-discodeit-notification-group-1, groupId=discodeit-notification-group] Node -1 disconnected.
26-06-19 09:13:56.585 [org.springframework.kafka.KafkaListenerEndpointContainer#0-0-C-1] [33mWARN [0;39m o.apache.kafka.clients.NetworkClient [ |  | ] - [Consumer clientId=consumer-discodeit-notification-group-1, groupId=discodeit-notification-group] Connection to node -1 (localhost/127.0.0.1:9092) could not be established. Node may not be available.
26-06-19 09:13:56.586 [org.springframework.kafka.KafkaListenerEndpointContainer#0-0-C-1] [33mWARN [0;39m o.apache.kafka.clients.NetworkClient [ |  | ] - [Consumer clientId=consumer-discodeit-notification-group-1, groupId=discodeit-notification-group] Bootstrap broker localhost:9092 (id: -1 rack: null) disconnected
26-06-19 09:13:56.585 [org.springframework.kafka.KafkaListenerEndpointContainer#1-0-C-1] [33mWARN [0;39m o.apache.kafka.clients.NetworkClient [ |  | ] - [Consumer clientId=consumer-discodeit-notification-group-2, groupId=discodeit-notification-group] Connection to node -1 (localhost/127.0.0.1:9092) could not be established. Node may not be available.
26-06-19 09:13:56.587 [org.springframework.kafka.KafkaListenerEndpointContainer#1-0-C-1] [33mWARN [0;39m o.apache.kafka.clients.NetworkClient [ |  | ] - [Consumer clientId=consumer-discodeit-notification-group-2, groupId=discodeit-notification-group] Bootstrap broker localhost:9092 (id: -1 rack: null) disconnected
26-06-19 09:13:56.701 [org.springframework.kafka.KafkaListenerEndpointContainer#0-0-C-1] [32mINFO [0;39m o.apache.kafka.clients.NetworkClient [ |  | ] - [Consumer clientId=consumer-discodeit-notification-group-1, groupId=discodeit-notification-group] Node -1 disconnected.
26-06-19 09:13:56.737 [org.springframework.kafka.KafkaListenerEndpointContainer#0-0-C-1] [33mWARN [0;39m o.apache.kafka.clients.NetworkClient [ |  | ] - [Consumer clientId=consumer-discodeit-notification-group-1, groupId=discodeit-notification-group] Connection to node -1 (localhost/127.0.0.1:9092) could not be established. Node may not be available.
26-06-19 09:13:56.763 [org.springframework.kafka.KafkaListenerEndpointContainer#0-0-C-1] [33mWARN [0;39m o.apache.kafka.clients.NetworkClient [ |  | ] - [Consumer clientId=consumer-discodeit-notification-group-1, groupId=discodeit-notification-group] Bootstrap broker localhost:9092 (id: -1 rack: null) disconnected
26-06-19 09:13:56.768 [org.springframework.kafka.KafkaListenerEndpointContainer#1-0-C-1] [32mINFO [0;39m o.apache.kafka.clients.NetworkClient [ |  | ] - [Consumer clientId=consumer-discodeit-notification-group-2, groupId=discodeit-notification-group] Node -1 disconnected.
26-06-19 09:13:56.768 [org.springframework.kafka.KafkaListenerEndpointContainer#1-0-C-1] [33mWARN [0;39m o.apache.kafka.clients.NetworkClient [ |  | ] - [Consumer clientId=consumer-discodeit-notification-group-2, groupId=discodeit-notification-group] Connection to node -1 (localhost/127.0.0.1:9092) could not be established. Node may not be available.
26-06-19 09:13:56.769 [org.springframework.kafka.KafkaListenerEndpointContainer#1-0-C-1] [33mWARN [0;39m o.apache.kafka.clients.NetworkClient [ |  | ] - [Consumer clientId=consumer-discodeit-notification-group-2, groupId=discodeit-notification-group] Bootstrap broker localhost:9092 (id: -1 rack: null) disconnected
26-06-19 09:13:56.833 [org.springframework.kafka.KafkaListenerEndpointContainer#0-0-C-1] [32mINFO [0;39m o.apache.kafka.clients.NetworkClient [ |  | ] - [Consumer clientId=consumer-discodeit-notification-group-1, groupId=discodeit-notification-group] Node -1 disconnected.
26-06-19 09:13:56.841 [org.springframework.kafka.KafkaListenerEndpointContainer#0-0-C-1] [33mWARN [0;39m o.apache.kafka.clients.NetworkClient [ |  | ] - [Consumer clientId=consumer-discodeit-notification-group-1, groupId=discodeit-notification-group] Connection to node -1 (localhost/127.0.0.1:9092) could not be established. Node may not be available.
26-06-19 09:13:56.842 [org.springframework.kafka.KafkaListenerEndpointContainer#0-0-C-1] [33mWARN [0;39m o.apache.kafka.clients.NetworkClient [ |  | ] - [Consumer clientId=consumer-discodeit-notification-group-1, groupId=discodeit-notification-group] Bootstrap broker localhost:9092 (id: -1 rack: null) disconnected
26-06-19 09:13:57.191 [org.springframework.kafka.KafkaListenerEndpointContainer#0-0-C-1] [32mINFO [0;39m o.apache.kafka.clients.NetworkClient [ |  | ] - [Consumer clientId=consumer-discodeit-notification-group-1, groupId=discodeit-notification-group] Node -1 disconnected.
26-06-19 09:13:57.143 [org.springframework.kafka.KafkaListenerEndpointContainer#1-0-C-1] [32mINFO [0;39m o.apache.kafka.clients.NetworkClient [ |  | ] - [Consumer clientId=consumer-discodeit-notification-group-2, groupId=discodeit-notification-group] Node -1 disconnected.
26-06-19 09:13:57.778 [org.springframework.kafka.KafkaListenerEndpointContainer#1-0-C-1] [33mWARN [0;39m o.apache.kafka.clients.NetworkClient [ |  | ] - [Consumer clientId=consumer-discodeit-notification-group-2, groupId=discodeit-notification-group] Connection to node -1 (localhost/127.0.0.1:9092) could not be established. Node may not be available.
26-06-19 09:13:57.801 [org.springframework.kafka.KafkaListenerEndpointContainer#1-0-C-1] [33mWARN [0;39m o.apache.kafka.clients.NetworkClient [ |  | ] - [Consumer clientId=consumer-discodeit-notification-group-2, groupId=discodeit-notification-group] Bootstrap broker localhost:9092 (id: -1 rack: null) disconnected
26-06-19 09:13:57.778 [org.springframework.kafka.KafkaListenerEndpointContainer#0-0-C-1] [33mWARN [0;39m o.apache.kafka.clients.NetworkClient [ |  | ] - [Consumer clientId=consumer-discodeit-notification-group-1, groupId=discodeit-notification-group] Connection to node -1 (localhost/127.0.0.1:9092) could not be established. Node may not be available.
26-06-19 09:13:57.810 [org.springframework.kafka.KafkaListenerEndpointContainer#0-0-C-1] [33mWARN [0;39m o.apache.kafka.clients.NetworkClient [ |  | ] - [Consumer clientId=consumer-discodeit-notification-group-1, groupId=discodeit-notification-group] Bootstrap broker localhost:9092 (id: -1 rack: null) disconnected
26-06-19 09:13:57.819 [org.springframework.kafka.KafkaListenerEndpointContainer#1-0-C-1] [32mINFO [0;39m o.apache.kafka.clients.NetworkClient [ |  | ] - [Consumer clientId=consumer-discodeit-notification-group-2, groupId=discodeit-notification-group] Node -1 disconnected.
26-06-19 09:13:57.820 [org.springframework.kafka.KafkaListenerEndpointContainer#1-0-C-1] [33mWARN [0;39m o.apache.kafka.clients.NetworkClient [ |  | ] - [Consumer clientId=consumer-discodeit-notification-group-2, groupId=discodeit-notification-group] Connection to node -1 (localhost/127.0.0.1:9092) could not be established. Node may not be available.
26-06-19 09:13:57.819 [org.springframework.kafka.KafkaListenerEndpointContainer#0-0-C-1] [32mINFO [0;39m o.apache.kafka.clients.NetworkClient [ |  | ] - [Consumer clientId=consumer-discodeit-notification-group-1, groupId=discodeit-notification-group] Node -1 disconnected.
26-06-19 09:13:57.820 [org.springframework.kafka.KafkaListenerEndpointContainer#1-0-C-1] [33mWARN [0;39m o.apache.kafka.clients.NetworkClient [ |  | ] - [Consumer clientId=consumer-discodeit-notification-group-2, groupId=discodeit-notification-group] Bootstrap broker localhost:9092 (id: -1 rack: null) disconnected
26-06-19 09:13:57.820 [org.springframework.kafka.KafkaListenerEndpointContainer#0-0-C-1] [33mWARN [0;39m o.apache.kafka.clients.NetworkClient [ |  | ] - [Consumer clientId=consumer-discodeit-notification-group-1, groupId=discodeit-notification-group] Connection to node -1 (localhost/127.0.0.1:9092) could not be established. Node may not be available.
26-06-19 09:13:57.820 [org.springframework.kafka.KafkaListenerEndpointContainer#0-0-C-1] [33mWARN [0;39m o.apache.kafka.clients.NetworkClient [ |  | ] - [Consumer clientId=consumer-discodeit-notification-group-1, groupId=discodeit-notification-group] Bootstrap broker localhost:9092 (id: -1 rack: null) disconnected
26-06-19 09:13:58.352 [org.springframework.kafka.KafkaListenerEndpointContainer#1-0-C-1] [32mINFO [0;39m o.apache.kafka.clients.NetworkClient [ |  | ] - [Consumer clientId=consumer-discodeit-notification-group-2, groupId=discodeit-notification-group] Node -1 disconnected.
26-06-19 09:13:58.360 [org.springframework.kafka.KafkaListenerEndpointContainer#1-0-C-1] [33mWARN [0;39m o.apache.kafka.clients.NetworkClient [ |  | ] - [Consumer clientId=consumer-discodeit-notification-group-2, groupId=discodeit-notification-group] Connection to node -1 (localhost/127.0.0.1:9092) could not be established. Node may not be available.
26-06-19 09:13:58.360 [org.springframework.kafka.KafkaListenerEndpointContainer#1-0-C-1] [33mWARN [0;39m o.apache.kafka.clients.NetworkClient [ |  | ] - [Consumer clientId=consumer-discodeit-notification-group-2, groupId=discodeit-notification-group] Bootstrap broker localhost:9092 (id: -1 rack: null) disconnected
26-06-19 09:13:58.411 [MessageBroker-1] [31mERROR[0;39m o.s.s.s.TaskUtils$LoggingErrorHandler [ |  | ] - Unexpected error occurred in scheduled task
org.springframework.data.redis.RedisConnectionFailureException: Unable to connect to Redis
	at org.springframework.data.redis.connection.lettuce.LettuceConnectionFactory$ExceptionTranslatingConnectionProvider.translateException(LettuceConnectionFactory.java:1858)
	at org.springframework.data.redis.connection.lettuce.LettuceConnectionFactory$ExceptionTranslatingConnectionProvider.getConnection(LettuceConnectionFactory.java:1789)
	at org.springframework.data.redis.connection.lettuce.LettuceConnectionFactory$SharedConnection.getNativeConnection(LettuceConnectionFactory.java:1586)
	at org.springframework.data.redis.connection.lettuce.LettuceConnectionFactory$SharedConnection.lambda$getConnection$0(LettuceConnectionFactory.java:1566)
	at org.springframework.data.redis.connection.lettuce.LettuceConnectionFactory.doInLock(LettuceConnectionFactory.java:1527)
	at org.springframework.data.redis.connection.lettuce.LettuceConnectionFactory$SharedConnection.getConnection(LettuceConnectionFactory.java:1563)
	at org.springframework.data.redis.connection.lettuce.LettuceConnectionFactory.getSharedConnection(LettuceConnectionFactory.java:1249)
	at org.springframework.data.redis.connection.lettuce.LettuceConnectionFactory.getConnection(LettuceConnectionFactory.java:1055)
	at org.springframework.data.redis.core.RedisConnectionUtils.fetchConnection(RedisConnectionUtils.java:195)
	at org.springframework.data.redis.core.RedisConnectionUtils.doGetConnection(RedisConnectionUtils.java:144)
	at org.springframework.data.redis.core.RedisConnectionUtils.getConnection(RedisConnectionUtils.java:105)
	at org.springframework.data.redis.core.RedisTemplate.execute(RedisTemplate.java:398)
	at org.springframework.data.redis.core.RedisTemplate.execute(RedisTemplate.java:378)
	at org.springframework.data.redis.core.RedisTemplate.doWithKeys(RedisTemplate.java:790)
	at org.springframework.data.redis.core.RedisTemplate.keys(RedisTemplate.java:643)
	at com.sprint.mission.discodeit.security.registry.RedisJwtRegistry.clearExpiredJwtInformation(RedisJwtRegistry.java:159)
	at java.base/jdk.internal.reflect.NativeMethodAccessorImpl.invoke0(Native Method)
	at java.base/jdk.internal.reflect.NativeMethodAccessorImpl.invoke(NativeMethodAccessorImpl.java:77)
	at java.base/jdk.internal.reflect.DelegatingMethodAccessorImpl.invoke(DelegatingMethodAccessorImpl.java:43)
	at java.base/java.lang.reflect.Method.invoke(Method.java:569)
	at org.springframework.aop.support.AopUtils.invokeJoinpointUsingReflection(AopUtils.java:359)
	at org.springframework.aop.framework.ReflectiveMethodInvocation.invokeJoinpoint(ReflectiveMethodInvocation.java:196)
	at org.springframework.aop.framework.ReflectiveMethodInvocation.proceed(ReflectiveMethodInvocation.java:163)
	at org.springframework.retry.annotation.AnnotationAwareRetryOperationsInterceptor.invoke(AnnotationAwareRetryOperationsInterceptor.java:165)
	at org.springframework.aop.framework.ReflectiveMethodInvocation.proceed(ReflectiveMethodInvocation.java:184)
	at org.springframework.aop.framework.CglibAopProxy$DynamicAdvisedInterceptor.intercept(CglibAopProxy.java:727)
	at com.sprint.mission.discodeit.security.registry.RedisJwtRegistry$$SpringCGLIB$$0.clearExpiredJwtInformation(<generated>)
	at java.base/jdk.internal.reflect.NativeMethodAccessorImpl.invoke0(Native Method)
	at java.base/jdk.internal.reflect.NativeMethodAccessorImpl.invoke(NativeMethodAccessorImpl.java:77)
	at java.base/jdk.internal.reflect.DelegatingMethodAccessorImpl.invoke(DelegatingMethodAccessorImpl.java:43)
	at java.base/java.lang.reflect.Method.invoke(Method.java:569)
	at org.springframework.scheduling.support.ScheduledMethodRunnable.runInternal(ScheduledMethodRunnable.java:130)
	at org.springframework.scheduling.support.ScheduledMethodRunnable.lambda$run$2(ScheduledMethodRunnable.java:124)
	at io.micrometer.observation.Observation.observe(Observation.java:499)
	at org.springframework.scheduling.support.ScheduledMethodRunnable.run(ScheduledMethodRunnable.java:124)
	at org.springframework.scheduling.config.Task$OutcomeTrackingRunnable.run(Task.java:83)
	at org.springframework.scheduling.support.DelegatingErrorHandlingRunnable.run(DelegatingErrorHandlingRunnable.java:54)
	at java.base/java.util.concurrent.Executors$RunnableAdapter.call(Executors.java:539)
	at java.base/java.util.concurrent.FutureTask.runAndReset(FutureTask.java:305)
	at java.base/java.util.concurrent.ScheduledThreadPoolExecutor$ScheduledFutureTask.run(ScheduledThreadPoolExecutor.java:305)
	at java.base/java.util.concurrent.ThreadPoolExecutor.runWorker(ThreadPoolExecutor.java:1136)
	at java.base/java.util.concurrent.ThreadPoolExecutor$Worker.run(ThreadPoolExecutor.java:635)
	at java.base/java.lang.Thread.run(Thread.java:840)
Caused by: io.lettuce.core.RedisConnectionException: Unable to connect to localhost/<unresolved>:6379
	at io.lettuce.core.RedisConnectionException.create(RedisConnectionException.java:63)
	at io.lettuce.core.RedisConnectionException.create(RedisConnectionException.java:41)
	at io.lettuce.core.AbstractRedisClient.getConnection(AbstractRedisClient.java:354)
	at io.lettuce.core.RedisClient.connect(RedisClient.java:219)
	at org.springframework.data.redis.connection.lettuce.StandaloneConnectionProvider.lambda$getConnection$1(StandaloneConnectionProvider.java:112)
	at java.base/java.util.Optional.orElseGet(Optional.java:364)
	at org.springframework.data.redis.connection.lettuce.StandaloneConnectionProvider.getConnection(StandaloneConnectionProvider.java:112)
	at org.springframework.data.redis.connection.lettuce.LettuceConnectionFactory$ExceptionTranslatingConnectionProvider.getConnection(LettuceConnectionFactory.java:1787)
	... 41 common frames omitted
Caused by: io.netty.channel.AbstractChannel$AnnotatedConnectException: Connection refused: localhost/127.0.0.1:6379
Caused by: java.net.ConnectException: Connection refused
	at java.base/sun.nio.ch.Net.pollConnect(Native Method)
	at java.base/sun.nio.ch.Net.pollConnectNow(Net.java:684)
	at java.base/sun.nio.ch.SocketChannelImpl.finishConnect(SocketChannelImpl.java:946)
	at io.netty.channel.socket.nio.NioSocketChannel.doFinishConnect(NioSocketChannel.java:336)
	at io.netty.channel.nio.AbstractNioChannel$AbstractNioUnsafe.finishConnect(AbstractNioChannel.java:339)
	at io.netty.channel.nio.NioEventLoop.processSelectedKey(NioEventLoop.java:776)
	at io.netty.channel.nio.NioEventLoop.processSelectedKeysOptimized(NioEventLoop.java:724)
	at io.netty.channel.nio.NioEventLoop.processSelectedKeys(NioEventLoop.java:650)
	at io.netty.channel.nio.NioEventLoop.run(NioEventLoop.java:562)
	at io.netty.util.concurrent.SingleThreadEventExecutor$4.run(SingleThreadEventExecutor.java:997)
	at io.netty.util.internal.ThreadExecutorMap$2.run(ThreadExecutorMap.java:74)
	at io.netty.util.concurrent.FastThreadLocalRunnable.run(FastThreadLocalRunnable.java:30)
	at java.base/java.lang.Thread.run(Thread.java:840)
26-06-19 09:13:58.585 [org.springframework.kafka.KafkaListenerEndpointContainer#0-0-C-1] [32mINFO [0;39m o.apache.kafka.clients.NetworkClient [ |  | ] - [Consumer clientId=consumer-discodeit-notification-group-1, groupId=discodeit-notification-group] Node -1 disconnected.
26-06-19 09:13:58.587 [org.springframework.kafka.KafkaListenerEndpointContainer#0-0-C-1] [33mWARN [0;39m o.apache.kafka.clients.NetworkClient [ |  | ] - [Consumer clientId=consumer-discodeit-notification-group-1, groupId=discodeit-notification-group] Connection to node -1 (localhost/127.0.0.1:9092) could not be established. Node may not be available.
26-06-19 09:13:58.587 [org.springframework.kafka.KafkaListenerEndpointContainer#0-0-C-1] [33mWARN [0;39m o.apache.kafka.clients.NetworkClient [ |  | ] - [Consumer clientId=consumer-discodeit-notification-group-1, groupId=discodeit-notification-group] Bootstrap broker localhost:9092 (id: -1 rack: null) disconnected
26-06-19 09:13:59.318 [org.springframework.kafka.KafkaListenerEndpointContainer#1-0-C-1] [32mINFO [0;39m o.apache.kafka.clients.NetworkClient [ |  | ] - [Consumer clientId=consumer-discodeit-notification-group-2, groupId=discodeit-notification-group] Node -1 disconnected.
26-06-19 09:13:59.335 [org.springframework.kafka.KafkaListenerEndpointContainer#1-0-C-1] [33mWARN [0;39m o.apache.kafka.clients.NetworkClient [ |  | ] - [Consumer clientId=consumer-discodeit-notification-group-2, groupId=discodeit-notification-group] Connection to node -1 (localhost/127.0.0.1:9092) could not be established. Node may not be available.
26-06-19 09:13:59.338 [org.springframework.kafka.KafkaListenerEndpointContainer#1-0-C-1] [33mWARN [0;39m o.apache.kafka.clients.NetworkClient [ |  | ] - [Consumer clientId=consumer-discodeit-notification-group-2, groupId=discodeit-notification-group] Bootstrap broker localhost:9092 (id: -1 rack: null) disconnected
26-06-19 09:13:59.600 [org.springframework.kafka.KafkaListenerEndpointContainer#0-0-C-1] [32mINFO [0;39m o.apache.kafka.clients.NetworkClient [ |  | ] - [Consumer clientId=consumer-discodeit-notification-group-1, groupId=discodeit-notification-group] Node -1 disconnected.
26-06-19 09:13:59.600 [org.springframework.kafka.KafkaListenerEndpointContainer#0-0-C-1] [33mWARN [0;39m o.apache.kafka.clients.NetworkClient [ |  | ] - [Consumer clientId=consumer-discodeit-notification-group-1, groupId=discodeit-notification-group] Connection to node -1 (localhost/127.0.0.1:9092) could not be established. Node may not be available.
26-06-19 09:13:59.600 [org.springframework.kafka.KafkaListenerEndpointContainer#0-0-C-1] [33mWARN [0;39m o.apache.kafka.clients.NetworkClient [ |  | ] - [Consumer clientId=consumer-discodeit-notification-group-1, groupId=discodeit-notification-group] Bootstrap broker localhost:9092 (id: -1 rack: null) disconnected
26-06-19 09:14:00.315 [org.springframework.kafka.KafkaListenerEndpointContainer#1-0-C-1] [32mINFO [0;39m o.apache.kafka.clients.NetworkClient [ |  | ] - [Consumer clientId=consumer-discodeit-notification-group-2, groupId=discodeit-notification-group] Node -1 disconnected.
26-06-19 09:14:00.322 [org.springframework.kafka.KafkaListenerEndpointContainer#1-0-C-1] [33mWARN [0;39m o.apache.kafka.clients.NetworkClient [ |  | ] - [Consumer clientId=consumer-discodeit-notification-group-2, groupId=discodeit-notification-group] Connection to node -1 (localhost/127.0.0.1:9092) could not be established. Node may not be available.
26-06-19 09:14:00.324 [org.springframework.kafka.KafkaListenerEndpointContainer#1-0-C-1] [33mWARN [0;39m o.apache.kafka.clients.NetworkClient [ |  | ] - [Consumer clientId=consumer-discodeit-notification-group-2, groupId=discodeit-notification-group] Bootstrap broker localhost:9092 (id: -1 rack: null) disconnected
26-06-19 09:14:00.371 [RMI TCP Connection(4)-192.168.219.150] [32mINFO [0;39m o.a.c.c.C.[Tomcat].[localhost].[/]   [ |  | ] - Initializing Spring DispatcherServlet 'dispatcherServlet'
26-06-19 09:14:00.378 [RMI TCP Connection(4)-192.168.219.150] [32mINFO [0;39m o.s.web.servlet.DispatcherServlet    [ |  | ] - Initializing Servlet 'dispatcherServlet'
26-06-19 09:14:00.404 [RMI TCP Connection(4)-192.168.219.150] [32mINFO [0;39m o.s.web.servlet.DispatcherServlet    [ |  | ] - Completed initialization in 23 ms
26-06-19 09:14:00.478 [boundedElastic-1] [33mWARN [0;39m o.s.b.a.d.r.RedisReactiveHealthIndicator [ |  | ] - Redis health check failed
org.springframework.data.redis.RedisConnectionFailureException: Unable to connect to Redis
	at org.springframework.data.redis.connection.lettuce.LettuceConnectionFactory$ExceptionTranslatingConnectionProvider.translateException(LettuceConnectionFactory.java:1858)
	at org.springframework.data.redis.connection.lettuce.LettuceConnectionFactory$ExceptionTranslatingConnectionProvider.getConnection(LettuceConnectionFactory.java:1789)
	at org.springframework.data.redis.connection.lettuce.LettuceConnectionFactory$SharedConnection.getNativeConnection(LettuceConnectionFactory.java:1586)
	at org.springframework.data.redis.connection.lettuce.LettuceConnectionFactory$SharedConnection.lambda$getConnection$0(LettuceConnectionFactory.java:1566)
	at org.springframework.data.redis.connection.lettuce.LettuceConnectionFactory.doInLock(LettuceConnectionFactory.java:1527)
	at org.springframework.data.redis.connection.lettuce.LettuceConnectionFactory$SharedConnection.getConnection(LettuceConnectionFactory.java:1563)
	at org.springframework.data.redis.connection.lettuce.LettuceConnectionFactory.getSharedReactiveConnection(LettuceConnectionFactory.java:1274)
	at org.springframework.data.redis.connection.lettuce.LettuceConnectionFactory.getReactiveConnection(LettuceConnectionFactory.java:1149)
	at org.springframework.data.redis.connection.lettuce.LettuceConnectionFactory.getReactiveConnection(LettuceConnectionFactory.java:120)
	at reactor.core.publisher.MonoSupplier.call(MonoSupplier.java:67)
	at reactor.core.publisher.FluxSubscribeOnCallable$CallableSubscribeOnSubscription.run(FluxSubscribeOnCallable.java:228)
	at reactor.core.scheduler.SchedulerTask.call(SchedulerTask.java:68)
	at reactor.core.scheduler.SchedulerTask.call(SchedulerTask.java:28)
	at java.base/java.util.concurrent.FutureTask.run(FutureTask.java:264)
	at java.base/java.util.concurrent.ScheduledThreadPoolExecutor$ScheduledFutureTask.run(ScheduledThreadPoolExecutor.java:304)
	at java.base/java.util.concurrent.ThreadPoolExecutor.runWorker(ThreadPoolExecutor.java:1136)
	at java.base/java.util.concurrent.ThreadPoolExecutor$Worker.run(ThreadPoolExecutor.java:635)
	at java.base/java.lang.Thread.run(Thread.java:840)
Caused by: io.lettuce.core.RedisConnectionException: Unable to connect to localhost/<unresolved>:6379
	at io.lettuce.core.RedisConnectionException.create(RedisConnectionException.java:63)
	at io.lettuce.core.RedisConnectionException.create(RedisConnectionException.java:41)
	at io.lettuce.core.AbstractRedisClient.getConnection(AbstractRedisClient.java:354)
	at io.lettuce.core.RedisClient.connect(RedisClient.java:219)
	at org.springframework.data.redis.connection.lettuce.StandaloneConnectionProvider.lambda$getConnection$1(StandaloneConnectionProvider.java:112)
	at java.base/java.util.Optional.orElseGet(Optional.java:364)
	at org.springframework.data.redis.connection.lettuce.StandaloneConnectionProvider.getConnection(StandaloneConnectionProvider.java:112)
	at org.springframework.data.redis.connection.lettuce.LettuceConnectionFactory$ExceptionTranslatingConnectionProvider.getConnection(LettuceConnectionFactory.java:1787)
	... 16 common frames omitted
Caused by: io.netty.channel.AbstractChannel$AnnotatedConnectException: Connection refused: localhost/127.0.0.1:6379
Caused by: java.net.ConnectException: Connection refused
	at java.base/sun.nio.ch.Net.pollConnect(Native Method)
	at java.base/sun.nio.ch.Net.pollConnectNow(Net.java:684)
	at java.base/sun.nio.ch.SocketChannelImpl.finishConnect(SocketChannelImpl.java:946)
	at io.netty.channel.socket.nio.NioSocketChannel.doFinishConnect(NioSocketChannel.java:336)
	at io.netty.channel.nio.AbstractNioChannel$AbstractNioUnsafe.finishConnect(AbstractNioChannel.java:339)
	at io.netty.channel.nio.NioEventLoop.processSelectedKey(NioEventLoop.java:776)
	at io.netty.channel.nio.NioEventLoop.processSelectedKeysOptimized(NioEventLoop.java:724)
	at io.netty.channel.nio.NioEventLoop.processSelectedKeys(NioEventLoop.java:650)
	at io.netty.channel.nio.NioEventLoop.run(NioEventLoop.java:562)
	at io.netty.util.concurrent.SingleThreadEventExecutor$4.run(SingleThreadEventExecutor.java:997)
	at io.netty.util.internal.ThreadExecutorMap$2.run(ThreadExecutorMap.java:74)
	at io.netty.util.concurrent.FastThreadLocalRunnable.run(FastThreadLocalRunnable.java:30)
	at java.base/java.lang.Thread.run(Thread.java:840)
26-06-19 09:14:00.563 [org.springframework.kafka.KafkaListenerEndpointContainer#0-0-C-1] [32mINFO [0;39m o.apache.kafka.clients.NetworkClient [ |  | ] - [Consumer clientId=consumer-discodeit-notification-group-1, groupId=discodeit-notification-group] Node -1 disconnected.
26-06-19 09:14:00.563 [org.springframework.kafka.KafkaListenerEndpointContainer#0-0-C-1] [33mWARN [0;39m o.apache.kafka.clients.NetworkClient [ |  | ] - [Consumer clientId=consumer-discodeit-notification-group-1, groupId=discodeit-notification-group] Connection to node -1 (localhost/127.0.0.1:9092) could not be established. Node may not be available.
26-06-19 09:14:00.563 [org.springframework.kafka.KafkaListenerEndpointContainer#0-0-C-1] [33mWARN [0;39m o.apache.kafka.clients.NetworkClient [ |  | ] - [Consumer clientId=consumer-discodeit-notification-group-1, groupId=discodeit-notification-group] Bootstrap broker localhost:9092 (id: -1 rack: null) disconnected
26-06-19 09:14:01.357 [org.springframework.kafka.KafkaListenerEndpointContainer#1-0-C-1] [32mINFO [0;39m o.apache.kafka.clients.NetworkClient [ |  | ] - [Consumer clientId=consumer-discodeit-notification-group-2, groupId=discodeit-notification-group] Node -1 disconnected.
26-06-19 09:14:01.368 [org.springframework.kafka.KafkaListenerEndpointContainer#1-0-C-1] [33mWARN [0;39m o.apache.kafka.clients.NetworkClient [ |  | ] - [Consumer clientId=consumer-discodeit-notification-group-2, groupId=discodeit-notification-group] Connection to node -1 (localhost/127.0.0.1:9092) could not be established. Node may not be available.
26-06-19 09:14:01.369 [org.springframework.kafka.KafkaListenerEndpointContainer#1-0-C-1] [33mWARN [0;39m o.apache.kafka.clients.NetworkClient [ |  | ] - [Consumer clientId=consumer-discodeit-notification-group-2, groupId=discodeit-notification-group] Bootstrap broker localhost:9092 (id: -1 rack: null) disconnected
26-06-19 09:14:01.419 [org.springframework.kafka.KafkaListenerEndpointContainer#0-0-C-1] [32mINFO [0;39m o.apache.kafka.clients.NetworkClient [ |  | ] - [Consumer clientId=consumer-discodeit-notification-group-1, groupId=discodeit-notification-group] Node -1 disconnected.
26-06-19 09:14:01.420 [org.springframework.kafka.KafkaListenerEndpointContainer#0-0-C-1] [33mWARN [0;39m o.apache.kafka.clients.NetworkClient [ |  | ] - [Consumer clientId=consumer-discodeit-notification-group-1, groupId=discodeit-notification-group] Connection to node -1 (localhost/127.0.0.1:9092) could not be established. Node may not be available.
26-06-19 09:14:01.420 [org.springframework.kafka.KafkaListenerEndpointContainer#0-0-C-1] [33mWARN [0;39m o.apache.kafka.clients.NetworkClient [ |  | ] - [Consumer clientId=consumer-discodeit-notification-group-1, groupId=discodeit-notification-group] Bootstrap broker localhost:9092 (id: -1 rack: null) disconnected
26-06-19 09:14:02.271 [org.springframework.kafka.KafkaListenerEndpointContainer#0-0-C-1] [32mINFO [0;39m o.apache.kafka.clients.NetworkClient [ |  | ] - [Consumer clientId=consumer-discodeit-notification-group-1, groupId=discodeit-notification-group] Node -1 disconnected.
26-06-19 09:14:02.272 [org.springframework.kafka.KafkaListenerEndpointContainer#0-0-C-1] [33mWARN [0;39m o.apache.kafka.clients.NetworkClient [ |  | ] - [Consumer clientId=consumer-discodeit-notification-group-1, groupId=discodeit-notification-group] Connection to node -1 (localhost/127.0.0.1:9092) could not be established. Node may not be available.
26-06-19 09:14:02.272 [org.springframework.kafka.KafkaListenerEndpointContainer#0-0-C-1] [33mWARN [0;39m o.apache.kafka.clients.NetworkClient [ |  | ] - [Consumer clientId=consumer-discodeit-notification-group-1, groupId=discodeit-notification-group] Bootstrap broker localhost:9092 (id: -1 rack: null) disconnected
26-06-19 09:14:02.277 [org.springframework.kafka.KafkaListenerEndpointContainer#1-0-C-1] [32mINFO [0;39m o.apache.kafka.clients.NetworkClient [ |  | ] - [Consumer clientId=consumer-discodeit-notification-group-2, groupId=discodeit-notification-group] Node -1 disconnected.
26-06-19 09:14:02.277 [org.springframework.kafka.KafkaListenerEndpointContainer#1-0-C-1] [33mWARN [0;39m o.apache.kafka.clients.NetworkClient [ |  | ] - [Consumer clientId=consumer-discodeit-notification-group-2, groupId=discodeit-notification-group] Connection to node -1 (localhost/127.0.0.1:9092) could not be established. Node may not be available.
26-06-19 09:14:02.277 [org.springframework.kafka.KafkaListenerEndpointContainer#1-0-C-1] [33mWARN [0;39m o.apache.kafka.clients.NetworkClient [ |  | ] - [Consumer clientId=consumer-discodeit-notification-group-2, groupId=discodeit-notification-group] Bootstrap broker localhost:9092 (id: -1 rack: null) disconnected
26-06-19 09:14:03.285 [org.springframework.kafka.KafkaListenerEndpointContainer#1-0-C-1] [32mINFO [0;39m o.apache.kafka.clients.NetworkClient [ |  | ] - [Consumer clientId=consumer-discodeit-notification-group-2, groupId=discodeit-notification-group] Node -1 disconnected.
26-06-19 09:14:03.287 [org.springframework.kafka.KafkaListenerEndpointContainer#1-0-C-1] [33mWARN [0;39m o.apache.kafka.clients.NetworkClient [ |  | ] - [Consumer clientId=consumer-discodeit-notification-group-2, groupId=discodeit-notification-group] Connection to node -1 (localhost/127.0.0.1:9092) could not be established. Node may not be available.
26-06-19 09:14:03.288 [org.springframework.kafka.KafkaListenerEndpointContainer#1-0-C-1] [33mWARN [0;39m o.apache.kafka.clients.NetworkClient [ |  | ] - [Consumer clientId=consumer-discodeit-notification-group-2, groupId=discodeit-notification-group] Bootstrap broker localhost:9092 (id: -1 rack: null) disconnected
26-06-19 09:14:03.296 [org.springframework.kafka.KafkaListenerEndpointContainer#0-0-C-1] [32mINFO [0;39m o.apache.kafka.clients.NetworkClient [ |  | ] - [Consumer clientId=consumer-discodeit-notification-group-1, groupId=discodeit-notification-group] Node -1 disconnected.
26-06-19 09:14:03.296 [org.springframework.kafka.KafkaListenerEndpointContainer#0-0-C-1] [33mWARN [0;39m o.apache.kafka.clients.NetworkClient [ |  | ] - [Consumer clientId=consumer-discodeit-notification-group-1, groupId=discodeit-notification-group] Connection to node -1 (localhost/127.0.0.1:9092) could not be established. Node may not be available.
26-06-19 09:14:03.296 [org.springframework.kafka.KafkaListenerEndpointContainer#0-0-C-1] [33mWARN [0;39m o.apache.kafka.clients.NetworkClient [ |  | ] - [Consumer clientId=consumer-discodeit-notification-group-1, groupId=discodeit-notification-group] Bootstrap broker localhost:9092 (id: -1 rack: null) disconnected
26-06-19 09:14:04.263 [org.springframework.kafka.KafkaListenerEndpointContainer#1-0-C-1] [32mINFO [0;39m o.apache.kafka.clients.NetworkClient [ |  | ] - [Consumer clientId=consumer-discodeit-notification-group-2, groupId=discodeit-notification-group] Node -1 disconnected.
26-06-19 09:14:04.265 [org.springframework.kafka.KafkaListenerEndpointContainer#1-0-C-1] [33mWARN [0;39m o.apache.kafka.clients.NetworkClient [ |  | ] - [Consumer clientId=consumer-discodeit-notification-group-2, groupId=discodeit-notification-group] Connection to node -1 (localhost/127.0.0.1:9092) could not be established. Node may not be available.
26-06-19 09:14:04.265 [org.springframework.kafka.KafkaListenerEndpointContainer#1-0-C-1] [33mWARN [0;39m o.apache.kafka.clients.NetworkClient [ |  | ] - [Consumer clientId=consumer-discodeit-notification-group-2, groupId=discodeit-notification-group] Bootstrap broker localhost:9092 (id: -1 rack: null) disconnected
26-06-19 09:14:04.319 [org.springframework.kafka.KafkaListenerEndpointContainer#0-0-C-1] [32mINFO [0;39m o.apache.kafka.clients.NetworkClient [ |  | ] - [Consumer clientId=consumer-discodeit-notification-group-1, groupId=discodeit-notification-group] Node -1 disconnected.
26-06-19 09:14:04.319 [org.springframework.kafka.KafkaListenerEndpointContainer#0-0-C-1] [33mWARN [0;39m o.apache.kafka.clients.NetworkClient [ |  | ] - [Consumer clientId=consumer-discodeit-notification-group-1, groupId=discodeit-notification-group] Connection to node -1 (localhost/127.0.0.1:9092) could not be established. Node may not be available.
26-06-19 09:14:04.319 [org.springframework.kafka.KafkaListenerEndpointContainer#0-0-C-1] [33mWARN [0;39m o.apache.kafka.clients.NetworkClient [ |  | ] - [Consumer clientId=consumer-discodeit-notification-group-1, groupId=discodeit-notification-group] Bootstrap broker localhost:9092 (id: -1 rack: null) disconnected
26-06-19 09:14:05.241 [org.springframework.kafka.KafkaListenerEndpointContainer#0-0-C-1] [32mINFO [0;39m o.apache.kafka.clients.NetworkClient [ |  | ] - [Consumer clientId=consumer-discodeit-notification-group-1, groupId=discodeit-notification-group] Node -1 disconnected.
26-06-19 09:14:05.243 [org.springframework.kafka.KafkaListenerEndpointContainer#0-0-C-1] [33mWARN [0;39m o.apache.kafka.clients.NetworkClient [ |  | ] - [Consumer clientId=consumer-discodeit-notification-group-1, groupId=discodeit-notification-group] Connection to node -1 (localhost/127.0.0.1:9092) could not be established. Node may not be available.
26-06-19 09:14:05.244 [org.springframework.kafka.KafkaListenerEndpointContainer#0-0-C-1] [33mWARN [0;39m o.apache.kafka.clients.NetworkClient [ |  | ] - [Consumer clientId=consumer-discodeit-notification-group-1, groupId=discodeit-notification-group] Bootstrap broker localhost:9092 (id: -1 rack: null) disconnected
26-06-19 09:14:05.307 [org.springframework.kafka.KafkaListenerEndpointContainer#1-0-C-1] [32mINFO [0;39m o.apache.kafka.clients.NetworkClient [ |  | ] - [Consumer clientId=consumer-discodeit-notification-group-2, groupId=discodeit-notification-group] Node -1 disconnected.
26-06-19 09:14:05.307 [org.springframework.kafka.KafkaListenerEndpointContainer#1-0-C-1] [33mWARN [0;39m o.apache.kafka.clients.NetworkClient [ |  | ] - [Consumer clientId=consumer-discodeit-notification-group-2, groupId=discodeit-notification-group] Connection to node -1 (localhost/127.0.0.1:9092) could not be established. Node may not be available.
26-06-19 09:14:05.307 [org.springframework.kafka.KafkaListenerEndpointContainer#1-0-C-1] [33mWARN [0;39m o.apache.kafka.clients.NetworkClient [ |  | ] - [Consumer clientId=consumer-discodeit-notification-group-2, groupId=discodeit-notification-group] Bootstrap broker localhost:9092 (id: -1 rack: null) disconnected
26-06-19 09:14:06.303 [org.springframework.kafka.KafkaListenerEndpointContainer#0-0-C-1] [32mINFO [0;39m o.apache.kafka.clients.NetworkClient [ |  | ] - [Consumer clientId=consumer-discodeit-notification-group-1, groupId=discodeit-notification-group] Node -1 disconnected.
26-06-19 09:14:06.303 [org.springframework.kafka.KafkaListenerEndpointContainer#1-0-C-1] [32mINFO [0;39m o.apache.kafka.clients.NetworkClient [ |  | ] - [Consumer clientId=consumer-discodeit-notification-group-2, groupId=discodeit-notification-group] Node -1 disconnected.
26-06-19 09:14:06.313 [org.springframework.kafka.KafkaListenerEndpointContainer#1-0-C-1] [33mWARN [0;39m o.apache.kafka.clients.NetworkClient [ |  | ] - [Consumer clientId=consumer-discodeit-notification-group-2, groupId=discodeit-notification-group] Connection to node -1 (localhost/127.0.0.1:9092) could not be established. Node may not be available.
26-06-19 09:14:06.313 [org.springframework.kafka.KafkaListenerEndpointContainer#0-0-C-1] [33mWARN [0;39m o.apache.kafka.clients.NetworkClient [ |  | ] - [Consumer clientId=consumer-discodeit-notification-group-1, groupId=discodeit-notification-group] Connection to node -1 (localhost/127.0.0.1:9092) could not be established. Node may not be available.
26-06-19 09:14:06.315 [org.springframework.kafka.KafkaListenerEndpointContainer#0-0-C-1] [33mWARN [0;39m o.apache.kafka.clients.NetworkClient [ |  | ] - [Consumer clientId=consumer-discodeit-notification-group-1, groupId=discodeit-notification-group] Bootstrap broker localhost:9092 (id: -1 rack: null) disconnected
26-06-19 09:14:06.315 [org.springframework.kafka.KafkaListenerEndpointContainer#1-0-C-1] [33mWARN [0;39m o.apache.kafka.clients.NetworkClient [ |  | ] - [Consumer clientId=consumer-discodeit-notification-group-2, groupId=discodeit-notification-group] Bootstrap broker localhost:9092 (id: -1 rack: null) disconnected
26-06-19 09:14:07.302 [org.springframework.kafka.KafkaListenerEndpointContainer#0-0-C-1] [32mINFO [0;39m o.apache.kafka.clients.NetworkClient [ |  | ] - [Consumer clientId=consumer-discodeit-notification-group-1, groupId=discodeit-notification-group] Node -1 disconnected.
26-06-19 09:14:07.302 [org.springframework.kafka.KafkaListenerEndpointContainer#1-0-C-1] [32mINFO [0;39m o.apache.kafka.clients.NetworkClient [ |  | ] - [Consumer clientId=consumer-discodeit-notification-group-2, groupId=discodeit-notification-group] Node -1 disconnected.
26-06-19 09:14:07.304 [org.springframework.kafka.KafkaListenerEndpointContainer#0-0-C-1] [33mWARN [0;39m o.apache.kafka.clients.NetworkClient [ |  | ] - [Consumer clientId=consumer-discodeit-notification-group-1, groupId=discodeit-notification-group] Connection to node -1 (localhost/127.0.0.1:9092) could not be established. Node may not be available.
26-06-19 09:14:07.304 [org.springframework.kafka.KafkaListenerEndpointContainer#1-0-C-1] [33mWARN [0;39m o.apache.kafka.clients.NetworkClient [ |  | ] - [Consumer clientId=consumer-discodeit-notification-group-2, groupId=discodeit-notification-group] Connection to node -1 (localhost/127.0.0.1:9092) could not be established. Node may not be available.
26-06-19 09:14:07.304 [org.springframework.kafka.KafkaListenerEndpointContainer#0-0-C-1] [33mWARN [0;39m o.apache.kafka.clients.NetworkClient [ |  | ] - [Consumer clientId=consumer-discodeit-notification-group-1, groupId=discodeit-notification-group] Bootstrap broker localhost:9092 (id: -1 rack: null) disconnected
26-06-19 09:14:07.304 [org.springframework.kafka.KafkaListenerEndpointContainer#1-0-C-1] [33mWARN [0;39m o.apache.kafka.clients.NetworkClient [ |  | ] - [Consumer clientId=consumer-discodeit-notification-group-2, groupId=discodeit-notification-group] Bootstrap broker localhost:9092 (id: -1 rack: null) disconnected
26-06-19 09:14:08.176 [org.springframework.kafka.KafkaListenerEndpointContainer#0-0-C-1] [32mINFO [0;39m o.apache.kafka.clients.NetworkClient [ |  | ] - [Consumer clientId=consumer-discodeit-notification-group-1, groupId=discodeit-notification-group] Node -1 disconnected.
26-06-19 09:14:08.176 [org.springframework.kafka.KafkaListenerEndpointContainer#0-0-C-1] [33mWARN [0;39m o.apache.kafka.clients.NetworkClient [ |  | ] - [Consumer clientId=consumer-discodeit-notification-group-1, groupId=discodeit-notification-group] Connection to node -1 (localhost/127.0.0.1:9092) could not be established. Node may not be available.
26-06-19 09:14:08.176 [org.springframework.kafka.KafkaListenerEndpointContainer#0-0-C-1] [33mWARN [0;39m o.apache.kafka.clients.NetworkClient [ |  | ] - [Consumer clientId=consumer-discodeit-notification-group-1, groupId=discodeit-notification-group] Bootstrap broker localhost:9092 (id: -1 rack: null) disconnected
26-06-19 09:14:08.302 [org.springframework.kafka.KafkaListenerEndpointContainer#1-0-C-1] [32mINFO [0;39m o.apache.kafka.clients.NetworkClient [ |  | ] - [Consumer clientId=consumer-discodeit-notification-group-2, groupId=discodeit-notification-group] Node -1 disconnected.
26-06-19 09:14:08.302 [org.springframework.kafka.KafkaListenerEndpointContainer#1-0-C-1] [33mWARN [0;39m o.apache.kafka.clients.NetworkClient [ |  | ] - [Consumer clientId=consumer-discodeit-notification-group-2, groupId=discodeit-notification-group] Connection to node -1 (localhost/127.0.0.1:9092) could not be established. Node may not be available.
26-06-19 09:14:08.302 [org.springframework.kafka.KafkaListenerEndpointContainer#1-0-C-1] [33mWARN [0;39m o.apache.kafka.clients.NetworkClient [ |  | ] - [Consumer clientId=consumer-discodeit-notification-group-2, groupId=discodeit-notification-group] Bootstrap broker localhost:9092 (id: -1 rack: null) disconnected
26-06-19 09:14:09.182 [org.springframework.kafka.KafkaListenerEndpointContainer#1-0-C-1] [32mINFO [0;39m o.apache.kafka.clients.NetworkClient [ |  | ] - [Consumer clientId=consumer-discodeit-notification-group-2, groupId=discodeit-notification-group] Node -1 disconnected.
26-06-19 09:14:09.184 [org.springframework.kafka.KafkaListenerEndpointContainer#1-0-C-1] [33mWARN [0;39m o.apache.kafka.clients.NetworkClient [ |  | ] - [Consumer clientId=consumer-discodeit-notification-group-2, groupId=discodeit-notification-group] Connection to node -1 (localhost/127.0.0.1:9092) could not be established. Node may not be available.
26-06-19 09:14:09.184 [org.springframework.kafka.KafkaListenerEndpointContainer#1-0-C-1] [33mWARN [0;39m o.apache.kafka.clients.NetworkClient [ |  | ] - [Consumer clientId=consumer-discodeit-notification-group-2, groupId=discodeit-notification-group] Bootstrap broker localhost:9092 (id: -1 rack: null) disconnected
26-06-19 09:14:09.222 [org.springframework.kafka.KafkaListenerEndpointContainer#0-0-C-1] [32mINFO [0;39m o.apache.kafka.clients.NetworkClient [ |  | ] - [Consumer clientId=consumer-discodeit-notification-group-1, groupId=discodeit-notification-group] Node -1 disconnected.
26-06-19 09:14:09.223 [org.springframework.kafka.KafkaListenerEndpointContainer#0-0-C-1] [33mWARN [0;39m o.apache.kafka.clients.NetworkClient [ |  | ] - [Consumer clientId=consumer-discodeit-notification-group-1, groupId=discodeit-notification-group] Connection to node -1 (localhost/127.0.0.1:9092) could not be established. Node may not be available.
26-06-19 09:14:09.223 [org.springframework.kafka.KafkaListenerEndpointContainer#0-0-C-1] [33mWARN [0;39m o.apache.kafka.clients.NetworkClient [ |  | ] - [Consumer clientId=consumer-discodeit-notification-group-1, groupId=discodeit-notification-group] Bootstrap broker localhost:9092 (id: -1 rack: null) disconnected
26-06-19 09:14:10.038 [org.springframework.kafka.KafkaListenerEndpointContainer#1-0-C-1] [32mINFO [0;39m o.apache.kafka.clients.NetworkClient [ |  | ] - [Consumer clientId=consumer-discodeit-notification-group-2, groupId=discodeit-notification-group] Node -1 disconnected.
26-06-19 09:14:10.039 [org.springframework.kafka.KafkaListenerEndpointContainer#1-0-C-1] [33mWARN [0;39m o.apache.kafka.clients.NetworkClient [ |  | ] - [Consumer clientId=consumer-discodeit-notification-group-2, groupId=discodeit-notification-group] Connection to node -1 (localhost/127.0.0.1:9092) could not be established. Node may not be available.
26-06-19 09:14:10.039 [org.springframework.kafka.KafkaListenerEndpointContainer#1-0-C-1] [33mWARN [0;39m o.apache.kafka.clients.NetworkClient [ |  | ] - [Consumer clientId=consumer-discodeit-notification-group-2, groupId=discodeit-notification-group] Bootstrap broker localhost:9092 (id: -1 rack: null) disconnected
26-06-19 09:14:10.224 [org.springframework.kafka.KafkaListenerEndpointContainer#0-0-C-1] [32mINFO [0;39m o.apache.kafka.clients.NetworkClient [ |  | ] - [Consumer clientId=consumer-discodeit-notification-group-1, groupId=discodeit-notification-group] Node -1 disconnected.
26-06-19 09:14:10.225 [org.springframework.kafka.KafkaListenerEndpointContainer#0-0-C-1] [33mWARN [0;39m o.apache.kafka.clients.NetworkClient [ |  | ] - [Consumer clientId=consumer-discodeit-notification-group-1, groupId=discodeit-notification-group] Connection to node -1 (localhost/127.0.0.1:9092) could not be established. Node may not be available.
26-06-19 09:14:10.225 [org.springframework.kafka.KafkaListenerEndpointContainer#0-0-C-1] [33mWARN [0;39m o.apache.kafka.clients.NetworkClient [ |  | ] - [Consumer clientId=consumer-discodeit-notification-group-1, groupId=discodeit-notification-group] Bootstrap broker localhost:9092 (id: -1 rack: null) disconnected
26-06-19 09:14:11.075 [org.springframework.kafka.KafkaListenerEndpointContainer#1-0-C-1] [32mINFO [0;39m o.apache.kafka.clients.NetworkClient [ |  | ] - [Consumer clientId=consumer-discodeit-notification-group-2, groupId=discodeit-notification-group] Node -1 disconnected.
26-06-19 09:14:11.076 [org.springframework.kafka.KafkaListenerEndpointContainer#1-0-C-1] [33mWARN [0;39m o.apache.kafka.clients.NetworkClient [ |  | ] - [Consumer clientId=consumer-discodeit-notification-group-2, groupId=discodeit-notification-group] Connection to node -1 (localhost/127.0.0.1:9092) could not be established. Node may not be available.
26-06-19 09:14:11.076 [org.springframework.kafka.KafkaListenerEndpointContainer#1-0-C-1] [33mWARN [0;39m o.apache.kafka.clients.NetworkClient [ |  | ] - [Consumer clientId=consumer-discodeit-notification-group-2, groupId=discodeit-notification-group] Bootstrap broker localhost:9092 (id: -1 rack: null) disconnected
26-06-19 09:14:11.237 [org.springframework.kafka.KafkaListenerEndpointContainer#0-0-C-1] [32mINFO [0;39m o.apache.kafka.clients.NetworkClient [ |  | ] - [Consumer clientId=consumer-discodeit-notification-group-1, groupId=discodeit-notification-group] Node -1 disconnected.
26-06-19 09:14:11.247 [org.springframework.kafka.KafkaListenerEndpointContainer#0-0-C-1] [33mWARN [0;39m o.apache.kafka.clients.NetworkClient [ |  | ] - [Consumer clientId=consumer-discodeit-notification-group-1, groupId=discodeit-notification-group] Connection to node -1 (localhost/127.0.0.1:9092) could not be established. Node may not be available.
26-06-19 09:14:11.247 [org.springframework.kafka.KafkaListenerEndpointContainer#0-0-C-1] [33mWARN [0;39m o.apache.kafka.clients.NetworkClient [ |  | ] - [Consumer clientId=consumer-discodeit-notification-group-1, groupId=discodeit-notification-group] Bootstrap broker localhost:9092 (id: -1 rack: null) disconnected
26-06-19 09:14:12.011 [org.springframework.kafka.KafkaListenerEndpointContainer#1-0-C-1] [32mINFO [0;39m o.apache.kafka.clients.NetworkClient [ |  | ] - [Consumer clientId=consumer-discodeit-notification-group-2, groupId=discodeit-notification-group] Node -1 disconnected.
26-06-19 09:14:12.017 [org.springframework.kafka.KafkaListenerEndpointContainer#1-0-C-1] [33mWARN [0;39m o.apache.kafka.clients.NetworkClient [ |  | ] - [Consumer clientId=consumer-discodeit-notification-group-2, groupId=discodeit-notification-group] Connection to node -1 (localhost/127.0.0.1:9092) could not be established. Node may not be available.
26-06-19 09:14:12.017 [org.springframework.kafka.KafkaListenerEndpointContainer#1-0-C-1] [33mWARN [0;39m o.apache.kafka.clients.NetworkClient [ |  | ] - [Consumer clientId=consumer-discodeit-notification-group-2, groupId=discodeit-notification-group] Bootstrap broker localhost:9092 (id: -1 rack: null) disconnected
26-06-19 09:14:12.158 [org.springframework.kafka.KafkaListenerEndpointContainer#0-0-C-1] [32mINFO [0;39m o.apache.kafka.clients.NetworkClient [ |  | ] - [Consumer clientId=consumer-discodeit-notification-group-1, groupId=discodeit-notification-group] Node -1 disconnected.
26-06-19 09:14:12.160 [org.springframework.kafka.KafkaListenerEndpointContainer#0-0-C-1] [33mWARN [0;39m o.apache.kafka.clients.NetworkClient [ |  | ] - [Consumer clientId=consumer-discodeit-notification-group-1, groupId=discodeit-notification-group] Connection to node -1 (localhost/127.0.0.1:9092) could not be established. Node may not be available.
26-06-19 09:14:12.165 [org.springframework.kafka.KafkaListenerEndpointContainer#0-0-C-1] [33mWARN [0;39m o.apache.kafka.clients.NetworkClient [ |  | ] - [Consumer clientId=consumer-discodeit-notification-group-1, groupId=discodeit-notification-group] Bootstrap broker localhost:9092 (id: -1 rack: null) disconnected
26-06-19 09:14:13.104 [org.springframework.kafka.KafkaListenerEndpointContainer#1-0-C-1] [32mINFO [0;39m o.apache.kafka.clients.NetworkClient [ |  | ] - [Consumer clientId=consumer-discodeit-notification-group-2, groupId=discodeit-notification-group] Node -1 disconnected.
26-06-19 09:14:13.104 [org.springframework.kafka.KafkaListenerEndpointContainer#0-0-C-1] [32mINFO [0;39m o.apache.kafka.clients.NetworkClient [ |  | ] - [Consumer clientId=consumer-discodeit-notification-group-1, groupId=discodeit-notification-group] Node -1 disconnected.
26-06-19 09:14:13.106 [org.springframework.kafka.KafkaListenerEndpointContainer#1-0-C-1] [33mWARN [0;39m o.apache.kafka.clients.NetworkClient [ |  | ] - [Consumer clientId=consumer-discodeit-notification-group-2, groupId=discodeit-notification-group] Connection to node -1 (localhost/127.0.0.1:9092) could not be established. Node may not be available.
26-06-19 09:14:13.106 [org.springframework.kafka.KafkaListenerEndpointContainer#0-0-C-1] [33mWARN [0;39m o.apache.kafka.clients.NetworkClient [ |  | ] - [Consumer clientId=consumer-discodeit-notification-group-1, groupId=discodeit-notification-group] Connection to node -1 (localhost/127.0.0.1:9092) could not be established. Node may not be available.
26-06-19 09:14:13.107 [org.springframework.kafka.KafkaListenerEndpointContainer#1-0-C-1] [33mWARN [0;39m o.apache.kafka.clients.NetworkClient [ |  | ] - [Consumer clientId=consumer-discodeit-notification-group-2, groupId=discodeit-notification-group] Bootstrap broker localhost:9092 (id: -1 rack: null) disconnected
26-06-19 09:14:13.107 [org.springframework.kafka.KafkaListenerEndpointContainer#0-0-C-1] [33mWARN [0;39m o.apache.kafka.clients.NetworkClient [ |  | ] - [Consumer clientId=consumer-discodeit-notification-group-1, groupId=discodeit-notification-group] Bootstrap broker localhost:9092 (id: -1 rack: null) disconnected
26-06-19 09:14:14.134 [org.springframework.kafka.KafkaListenerEndpointContainer#1-0-C-1] [32mINFO [0;39m o.apache.kafka.clients.NetworkClient [ |  | ] - [Consumer clientId=consumer-discodeit-notification-group-2, groupId=discodeit-notification-group] Node -1 disconnected.
26-06-19 09:14:14.130 [org.springframework.kafka.KafkaListenerEndpointContainer#0-0-C-1] [32mINFO [0;39m o.apache.kafka.clients.NetworkClient [ |  | ] - [Consumer clientId=consumer-discodeit-notification-group-1, groupId=discodeit-notification-group] Node -1 disconnected.
26-06-19 09:14:14.138 [org.springframework.kafka.KafkaListenerEndpointContainer#1-0-C-1] [33mWARN [0;39m o.apache.kafka.clients.NetworkClient [ |  | ] - [Consumer clientId=consumer-discodeit-notification-group-2, groupId=discodeit-notification-group] Connection to node -1 (localhost/127.0.0.1:9092) could not be established. Node may not be available.
26-06-19 09:14:14.138 [org.springframework.kafka.KafkaListenerEndpointContainer#0-0-C-1] [33mWARN [0;39m o.apache.kafka.clients.NetworkClient [ |  | ] - [Consumer clientId=consumer-discodeit-notification-group-1, groupId=discodeit-notification-group] Connection to node -1 (localhost/127.0.0.1:9092) could not be established. Node may not be available.
26-06-19 09:14:14.139 [org.springframework.kafka.KafkaListenerEndpointContainer#0-0-C-1] [33mWARN [0;39m o.apache.kafka.clients.NetworkClient [ |  | ] - [Consumer clientId=consumer-discodeit-notification-group-1, groupId=discodeit-notification-group] Bootstrap broker localhost:9092 (id: -1 rack: null) disconnected
26-06-19 09:14:14.139 [org.springframework.kafka.KafkaListenerEndpointContainer#1-0-C-1] [33mWARN [0;39m o.apache.kafka.clients.NetworkClient [ |  | ] - [Consumer clientId=consumer-discodeit-notification-group-2, groupId=discodeit-notification-group] Bootstrap broker localhost:9092 (id: -1 rack: null) disconnected
26-06-19 09:14:15.137 [org.springframework.kafka.KafkaListenerEndpointContainer#1-0-C-1] [32mINFO [0;39m o.apache.kafka.clients.NetworkClient [ |  | ] - [Consumer clientId=consumer-discodeit-notification-group-2, groupId=discodeit-notification-group] Node -1 disconnected.
26-06-19 09:14:15.139 [org.springframework.kafka.KafkaListenerEndpointContainer#1-0-C-1] [33mWARN [0;39m o.apache.kafka.clients.NetworkClient [ |  | ] - [Consumer clientId=consumer-discodeit-notification-group-2, groupId=discodeit-notification-group] Connection to node -1 (localhost/127.0.0.1:9092) could not be established. Node may not be available.
26-06-19 09:14:15.139 [org.springframework.kafka.KafkaListenerEndpointContainer#1-0-C-1] [33mWARN [0;39m o.apache.kafka.clients.NetworkClient [ |  | ] - [Consumer clientId=consumer-discodeit-notification-group-2, groupId=discodeit-notification-group] Bootstrap broker localhost:9092 (id: -1 rack: null) disconnected
26-06-19 09:14:15.163 [org.springframework.kafka.KafkaListenerEndpointContainer#0-0-C-1] [32mINFO [0;39m o.apache.kafka.clients.NetworkClient [ |  | ] - [Consumer clientId=consumer-discodeit-notification-group-1, groupId=discodeit-notification-group] Node -1 disconnected.
26-06-19 09:14:15.163 [org.springframework.kafka.KafkaListenerEndpointContainer#0-0-C-1] [33mWARN [0;39m o.apache.kafka.clients.NetworkClient [ |  | ] - [Consumer clientId=consumer-discodeit-notification-group-1, groupId=discodeit-notification-group] Connection to node -1 (localhost/127.0.0.1:9092) could not be established. Node may not be available.
26-06-19 09:14:15.163 [org.springframework.kafka.KafkaListenerEndpointContainer#0-0-C-1] [33mWARN [0;39m o.apache.kafka.clients.NetworkClient [ |  | ] - [Consumer clientId=consumer-discodeit-notification-group-1, groupId=discodeit-notification-group] Bootstrap broker localhost:9092 (id: -1 rack: null) disconnected
26-06-19 09:14:16.074 [org.springframework.kafka.KafkaListenerEndpointContainer#0-0-C-1] [32mINFO [0;39m o.apache.kafka.clients.NetworkClient [ |  | ] - [Consumer clientId=consumer-discodeit-notification-group-1, groupId=discodeit-notification-group] Node -1 disconnected.
26-06-19 09:14:16.075 [org.springframework.kafka.KafkaListenerEndpointContainer#0-0-C-1] [33mWARN [0;39m o.apache.kafka.clients.NetworkClient [ |  | ] - [Consumer clientId=consumer-discodeit-notification-group-1, groupId=discodeit-notification-group] Connection to node -1 (localhost/127.0.0.1:9092) could not be established. Node may not be available.
26-06-19 09:14:16.075 [org.springframework.kafka.KafkaListenerEndpointContainer#0-0-C-1] [33mWARN [0;39m o.apache.kafka.clients.NetworkClient [ |  | ] - [Consumer clientId=consumer-discodeit-notification-group-1, groupId=discodeit-notification-group] Bootstrap broker localhost:9092 (id: -1 rack: null) disconnected
26-06-19 09:14:16.135 [org.springframework.kafka.KafkaListenerEndpointContainer#1-0-C-1] [32mINFO [0;39m o.apache.kafka.clients.NetworkClient [ |  | ] - [Consumer clientId=consumer-discodeit-notification-group-2, groupId=discodeit-notification-group] Node -1 disconnected.
26-06-19 09:14:16.136 [org.springframework.kafka.KafkaListenerEndpointContainer#1-0-C-1] [33mWARN [0;39m o.apache.kafka.clients.NetworkClient [ |  | ] - [Consumer clientId=consumer-discodeit-notification-group-2, groupId=discodeit-notification-group] Connection to node -1 (localhost/127.0.0.1:9092) could not be established. Node may not be available.
26-06-19 09:14:16.136 [org.springframework.kafka.KafkaListenerEndpointContainer#1-0-C-1] [33mWARN [0;39m o.apache.kafka.clients.NetworkClient [ |  | ] - [Consumer clientId=consumer-discodeit-notification-group-2, groupId=discodeit-notification-group] Bootstrap broker localhost:9092 (id: -1 rack: null) disconnected
26-06-19 09:14:17.089 [org.springframework.kafka.KafkaListenerEndpointContainer#0-0-C-1] [32mINFO [0;39m o.apache.kafka.clients.NetworkClient [ |  | ] - [Consumer clientId=consumer-discodeit-notification-group-1, groupId=discodeit-notification-group] Node -1 disconnected.
26-06-19 09:14:17.091 [org.springframework.kafka.KafkaListenerEndpointContainer#0-0-C-1] [33mWARN [0;39m o.apache.kafka.clients.NetworkClient [ |  | ] - [Consumer clientId=consumer-discodeit-notification-group-1, groupId=discodeit-notification-group] Connection to node -1 (localhost/127.0.0.1:9092) could not be established. Node may not be available.
26-06-19 09:14:17.093 [org.springframework.kafka.KafkaListenerEndpointContainer#0-0-C-1] [33mWARN [0;39m o.apache.kafka.clients.NetworkClient [ |  | ] - [Consumer clientId=consumer-discodeit-notification-group-1, groupId=discodeit-notification-group] Bootstrap broker localhost:9092 (id: -1 rack: null) disconnected
26-06-19 09:14:17.162 [org.springframework.kafka.KafkaListenerEndpointContainer#1-0-C-1] [32mINFO [0;39m o.apache.kafka.clients.NetworkClient [ |  | ] - [Consumer clientId=consumer-discodeit-notification-group-2, groupId=discodeit-notification-group] Node -1 disconnected.
26-06-19 09:14:17.162 [org.springframework.kafka.KafkaListenerEndpointContainer#1-0-C-1] [33mWARN [0;39m o.apache.kafka.clients.NetworkClient [ |  | ] - [Consumer clientId=consumer-discodeit-notification-group-2, groupId=discodeit-notification-group] Connection to node -1 (localhost/127.0.0.1:9092) could not be established. Node may not be available.
26-06-19 09:14:17.163 [org.springframework.kafka.KafkaListenerEndpointContainer#1-0-C-1] [33mWARN [0;39m o.apache.kafka.clients.NetworkClient [ |  | ] - [Consumer clientId=consumer-discodeit-notification-group-2, groupId=discodeit-notification-group] Bootstrap broker localhost:9092 (id: -1 rack: null) disconnected
26-06-19 09:14:18.091 [org.springframework.kafka.KafkaListenerEndpointContainer#0-0-C-1] [32mINFO [0;39m o.apache.kafka.clients.NetworkClient [ |  | ] - [Consumer clientId=consumer-discodeit-notification-group-1, groupId=discodeit-notification-group] Node -1 disconnected.
26-06-19 09:14:18.095 [org.springframework.kafka.KafkaListenerEndpointContainer#0-0-C-1] [33mWARN [0;39m o.apache.kafka.clients.NetworkClient [ |  | ] - [Consumer clientId=consumer-discodeit-notification-group-1, groupId=discodeit-notification-group] Connection to node -1 (localhost/127.0.0.1:9092) could not be established. Node may not be available.
26-06-19 09:14:18.095 [org.springframework.kafka.KafkaListenerEndpointContainer#0-0-C-1] [33mWARN [0;39m o.apache.kafka.clients.NetworkClient [ |  | ] - [Consumer clientId=consumer-discodeit-notification-group-1, groupId=discodeit-notification-group] Bootstrap broker localhost:9092 (id: -1 rack: null) disconnected
26-06-19 09:14:18.114 [org.springframework.kafka.KafkaListenerEndpointContainer#1-0-C-1] [32mINFO [0;39m o.apache.kafka.clients.NetworkClient [ |  | ] - [Consumer clientId=consumer-discodeit-notification-group-2, groupId=discodeit-notification-group] Node -1 disconnected.
26-06-19 09:14:18.114 [org.springframework.kafka.KafkaListenerEndpointContainer#1-0-C-1] [33mWARN [0;39m o.apache.kafka.clients.NetworkClient [ |  | ] - [Consumer clientId=consumer-discodeit-notification-group-2, groupId=discodeit-notification-group] Connection to node -1 (localhost/127.0.0.1:9092) could not be established. Node may not be available.
26-06-19 09:14:18.114 [org.springframework.kafka.KafkaListenerEndpointContainer#1-0-C-1] [33mWARN [0;39m o.apache.kafka.clients.NetworkClient [ |  | ] - [Consumer clientId=consumer-discodeit-notification-group-2, groupId=discodeit-notification-group] Bootstrap broker localhost:9092 (id: -1 rack: null) disconnected
26-06-19 09:14:19.089 [org.springframework.kafka.KafkaListenerEndpointContainer#1-0-C-1] [32mINFO [0;39m o.apache.kafka.clients.NetworkClient [ |  | ] - [Consumer clientId=consumer-discodeit-notification-group-2, groupId=discodeit-notification-group] Node -1 disconnected.
26-06-19 09:14:19.092 [org.springframework.kafka.KafkaListenerEndpointContainer#1-0-C-1] [33mWARN [0;39m o.apache.kafka.clients.NetworkClient [ |  | ] - [Consumer clientId=consumer-discodeit-notification-group-2, groupId=discodeit-notification-group] Connection to node -1 (localhost/127.0.0.1:9092) could not be established. Node may not be available.
26-06-19 09:14:19.092 [org.springframework.kafka.KafkaListenerEndpointContainer#1-0-C-1] [33mWARN [0;39m o.apache.kafka.clients.NetworkClient [ |  | ] - [Consumer clientId=consumer-discodeit-notification-group-2, groupId=discodeit-notification-group] Bootstrap broker localhost:9092 (id: -1 rack: null) disconnected
26-06-19 09:14:19.099 [org.springframework.kafka.KafkaListenerEndpointContainer#0-0-C-1] [32mINFO [0;39m o.apache.kafka.clients.NetworkClient [ |  | ] - [Consumer clientId=consumer-discodeit-notification-group-1, groupId=discodeit-notification-group] Node -1 disconnected.
26-06-19 09:14:19.099 [org.springframework.kafka.KafkaListenerEndpointContainer#0-0-C-1] [33mWARN [0;39m o.apache.kafka.clients.NetworkClient [ |  | ] - [Consumer clientId=consumer-discodeit-notification-group-1, groupId=discodeit-notification-group] Connection to node -1 (localhost/127.0.0.1:9092) could not be established. Node may not be available.
26-06-19 09:14:19.099 [org.springframework.kafka.KafkaListenerEndpointContainer#0-0-C-1] [33mWARN [0;39m o.apache.kafka.clients.NetworkClient [ |  | ] - [Consumer clientId=consumer-discodeit-notification-group-1, groupId=discodeit-notification-group] Bootstrap broker localhost:9092 (id: -1 rack: null) disconnected
26-06-19 09:14:20.523 [org.springframework.kafka.KafkaListenerEndpointContainer#1-0-C-1] [32mINFO [0;39m o.apache.kafka.clients.NetworkClient [ |  | ] - [Consumer clientId=consumer-discodeit-notification-group-2, groupId=discodeit-notification-group] Node -1 disconnected.
26-06-19 09:14:20.523 [org.springframework.kafka.KafkaListenerEndpointContainer#0-0-C-1] [32mINFO [0;39m o.apache.kafka.clients.NetworkClient [ |  | ] - [Consumer clientId=consumer-discodeit-notification-group-1, groupId=discodeit-notification-group] Node -1 disconnected.
26-06-19 09:14:20.541 [org.springframework.kafka.KafkaListenerEndpointContainer#1-0-C-1] [33mWARN [0;39m o.apache.kafka.clients.NetworkClient [ |  | ] - [Consumer clientId=consumer-discodeit-notification-group-2, groupId=discodeit-notification-group] Connection to node -1 (localhost/127.0.0.1:9092) could not be established. Node may not be available.
26-06-19 09:14:20.542 [org.springframework.kafka.KafkaListenerEndpointContainer#0-0-C-1] [33mWARN [0;39m o.apache.kafka.clients.NetworkClient [ |  | ] - [Consumer clientId=consumer-discodeit-notification-group-1, groupId=discodeit-notification-group] Connection to node -1 (localhost/127.0.0.1:9092) could not be established. Node may not be available.
26-06-19 09:14:20.543 [org.springframework.kafka.KafkaListenerEndpointContainer#0-0-C-1] [33mWARN [0;39m o.apache.kafka.clients.NetworkClient [ |  | ] - [Consumer clientId=consumer-discodeit-notification-group-1, groupId=discodeit-notification-group] Bootstrap broker localhost:9092 (id: -1 rack: null) disconnected
26-06-19 09:14:20.544 [org.springframework.kafka.KafkaListenerEndpointContainer#1-0-C-1] [33mWARN [0;39m o.apache.kafka.clients.NetworkClient [ |  | ] - [Consumer clientId=consumer-discodeit-notification-group-2, groupId=discodeit-notification-group] Bootstrap broker localhost:9092 (id: -1 rack: null) disconnected
26-06-19 09:14:21.383 [org.springframework.kafka.KafkaListenerEndpointContainer#0-0-C-1] [32mINFO [0;39m o.apache.kafka.clients.NetworkClient [ |  | ] - [Consumer clientId=consumer-discodeit-notification-group-1, groupId=discodeit-notification-group] Node -1 disconnected.
26-06-19 09:14:21.396 [org.springframework.kafka.KafkaListenerEndpointContainer#1-0-C-1] [32mINFO [0;39m o.apache.kafka.clients.NetworkClient [ |  | ] - [Consumer clientId=consumer-discodeit-notification-group-2, groupId=discodeit-notification-group] Node -1 disconnected.
26-06-19 09:14:21.411 [org.springframework.kafka.KafkaListenerEndpointContainer#1-0-C-1] [33mWARN [0;39m o.apache.kafka.clients.NetworkClient [ |  | ] - [Consumer clientId=consumer-discodeit-notification-group-2, groupId=discodeit-notification-group] Connection to node -1 (localhost/127.0.0.1:9092) could not be established. Node may not be available.
26-06-19 09:14:21.409 [org.springframework.kafka.KafkaListenerEndpointContainer#0-0-C-1] [33mWARN [0;39m o.apache.kafka.clients.NetworkClient [ |  | ] - [Consumer clientId=consumer-discodeit-notification-group-1, groupId=discodeit-notification-group] Connection to node -1 (localhost/127.0.0.1:9092) could not be established. Node may not be available.
26-06-19 09:14:21.417 [org.springframework.kafka.KafkaListenerEndpointContainer#0-0-C-1] [33mWARN [0;39m o.apache.kafka.clients.NetworkClient [ |  | ] - [Consumer clientId=consumer-discodeit-notification-group-1, groupId=discodeit-notification-group] Bootstrap broker localhost:9092 (id: -1 rack: null) disconnected
26-06-19 09:14:21.417 [org.springframework.kafka.KafkaListenerEndpointContainer#1-0-C-1] [33mWARN [0;39m o.apache.kafka.clients.NetworkClient [ |  | ] - [Consumer clientId=consumer-discodeit-notification-group-2, groupId=discodeit-notification-group] Bootstrap broker localhost:9092 (id: -1 rack: null) disconnected
26-06-19 09:14:22.285 [org.springframework.kafka.KafkaListenerEndpointContainer#0-0-C-1] [32mINFO [0;39m o.apache.kafka.clients.NetworkClient [ |  | ] - [Consumer clientId=consumer-discodeit-notification-group-1, groupId=discodeit-notification-group] Node -1 disconnected.
26-06-19 09:14:22.289 [org.springframework.kafka.KafkaListenerEndpointContainer#0-0-C-1] [33mWARN [0;39m o.apache.kafka.clients.NetworkClient [ |  | ] - [Consumer clientId=consumer-discodeit-notification-group-1, groupId=discodeit-notification-group] Connection to node -1 (localhost/127.0.0.1:9092) could not be established. Node may not be available.
26-06-19 09:14:22.289 [org.springframework.kafka.KafkaListenerEndpointContainer#0-0-C-1] [33mWARN [0;39m o.apache.kafka.clients.NetworkClient [ |  | ] - [Consumer clientId=consumer-discodeit-notification-group-1, groupId=discodeit-notification-group] Bootstrap broker localhost:9092 (id: -1 rack: null) disconnected
26-06-19 09:14:22.410 [org.springframework.kafka.KafkaListenerEndpointContainer#1-0-C-1] [32mINFO [0;39m o.apache.kafka.clients.NetworkClient [ |  | ] - [Consumer clientId=consumer-discodeit-notification-group-2, groupId=discodeit-notification-group] Node -1 disconnected.
26-06-19 09:14:22.411 [org.springframework.kafka.KafkaListenerEndpointContainer#1-0-C-1] [33mWARN [0;39m o.apache.kafka.clients.NetworkClient [ |  | ] - [Consumer clientId=consumer-discodeit-notification-group-2, groupId=discodeit-notification-group] Connection to node -1 (localhost/127.0.0.1:9092) could not be established. Node may not be available.
26-06-19 09:14:22.411 [org.springframework.kafka.KafkaListenerEndpointContainer#1-0-C-1] [33mWARN [0;39m o.apache.kafka.clients.NetworkClient [ |  | ] - [Consumer clientId=consumer-discodeit-notification-group-2, groupId=discodeit-notification-group] Bootstrap broker localhost:9092 (id: -1 rack: null) disconnected
26-06-19 09:14:23.267 [org.springframework.kafka.KafkaListenerEndpointContainer#0-0-C-1] [32mINFO [0;39m o.apache.kafka.clients.NetworkClient [ |  | ] - [Consumer clientId=consumer-discodeit-notification-group-1, groupId=discodeit-notification-group] Node -1 disconnected.
26-06-19 09:14:23.283 [org.springframework.kafka.KafkaListenerEndpointContainer#0-0-C-1] [33mWARN [0;39m o.apache.kafka.clients.NetworkClient [ |  | ] - [Consumer clientId=consumer-discodeit-notification-group-1, groupId=discodeit-notification-group] Connection to node -1 (localhost/127.0.0.1:9092) could not be established. Node may not be available.
26-06-19 09:14:23.283 [org.springframework.kafka.KafkaListenerEndpointContainer#0-0-C-1] [33mWARN [0;39m o.apache.kafka.clients.NetworkClient [ |  | ] - [Consumer clientId=consumer-discodeit-notification-group-1, groupId=discodeit-notification-group] Bootstrap broker localhost:9092 (id: -1 rack: null) disconnected
26-06-19 09:14:23.296 [org.springframework.kafka.KafkaListenerEndpointContainer#1-0-C-1] [32mINFO [0;39m o.apache.kafka.clients.NetworkClient [ |  | ] - [Consumer clientId=consumer-discodeit-notification-group-2, groupId=discodeit-notification-group] Node -1 disconnected.
26-06-19 09:14:23.297 [org.springframework.kafka.KafkaListenerEndpointContainer#1-0-C-1] [33mWARN [0;39m o.apache.kafka.clients.NetworkClient [ |  | ] - [Consumer clientId=consumer-discodeit-notification-group-2, groupId=discodeit-notification-group] Connection to node -1 (localhost/127.0.0.1:9092) could not be established. Node may not be available.
26-06-19 09:14:23.297 [org.springframework.kafka.KafkaListenerEndpointContainer#1-0-C-1] [33mWARN [0;39m o.apache.kafka.clients.NetworkClient [ |  | ] - [Consumer clientId=consumer-discodeit-notification-group-2, groupId=discodeit-notification-group] Bootstrap broker localhost:9092 (id: -1 rack: null) disconnected
26-06-19 09:14:24.231 [org.springframework.kafka.KafkaListenerEndpointContainer#0-0-C-1] [32mINFO [0;39m o.apache.kafka.clients.NetworkClient [ |  | ] - [Consumer clientId=consumer-discodeit-notification-group-1, groupId=discodeit-notification-group] Node -1 disconnected.
26-06-19 09:14:24.233 [org.springframework.kafka.KafkaListenerEndpointContainer#0-0-C-1] [33mWARN [0;39m o.apache.kafka.clients.NetworkClient [ |  | ] - [Consumer clientId=consumer-discodeit-notification-group-1, groupId=discodeit-notification-group] Connection to node -1 (localhost/127.0.0.1:9092) could not be established. Node may not be available.
26-06-19 09:14:24.233 [org.springframework.kafka.KafkaListenerEndpointContainer#0-0-C-1] [33mWARN [0;39m o.apache.kafka.clients.NetworkClient [ |  | ] - [Consumer clientId=consumer-discodeit-notification-group-1, groupId=discodeit-notification-group] Bootstrap broker localhost:9092 (id: -1 rack: null) disconnected
26-06-19 09:14:24.337 [org.springframework.kafka.KafkaListenerEndpointContainer#1-0-C-1] [32mINFO [0;39m o.apache.kafka.clients.NetworkClient [ |  | ] - [Consumer clientId=consumer-discodeit-notification-group-2, groupId=discodeit-notification-group] Node -1 disconnected.
26-06-19 09:14:24.337 [org.springframework.kafka.KafkaListenerEndpointContainer#1-0-C-1] [33mWARN [0;39m o.apache.kafka.clients.NetworkClient [ |  | ] - [Consumer clientId=consumer-discodeit-notification-group-2, groupId=discodeit-notification-group] Connection to node -1 (localhost/127.0.0.1:9092) could not be established. Node may not be available.
26-06-19 09:14:24.337 [org.springframework.kafka.KafkaListenerEndpointContainer#1-0-C-1] [33mWARN [0;39m o.apache.kafka.clients.NetworkClient [ |  | ] - [Consumer clientId=consumer-discodeit-notification-group-2, groupId=discodeit-notification-group] Bootstrap broker localhost:9092 (id: -1 rack: null) disconnected
26-06-19 09:14:25.274 [org.springframework.kafka.KafkaListenerEndpointContainer#0-0-C-1] [32mINFO [0;39m o.apache.kafka.clients.NetworkClient [ |  | ] - [Consumer clientId=consumer-discodeit-notification-group-1, groupId=discodeit-notification-group] Node -1 disconnected.
26-06-19 09:14:25.283 [org.springframework.kafka.KafkaListenerEndpointContainer#0-0-C-1] [33mWARN [0;39m o.apache.kafka.clients.NetworkClient [ |  | ] - [Consumer clientId=consumer-discodeit-notification-group-1, groupId=discodeit-notification-group] Connection to node -1 (localhost/127.0.0.1:9092) could not be established. Node may not be available.
26-06-19 09:14:25.283 [org.springframework.kafka.KafkaListenerEndpointContainer#0-0-C-1] [33mWARN [0;39m o.apache.kafka.clients.NetworkClient [ |  | ] - [Consumer clientId=consumer-discodeit-notification-group-1, groupId=discodeit-notification-group] Bootstrap broker localhost:9092 (id: -1 rack: null) disconnected
26-06-19 09:14:25.274 [org.springframework.kafka.KafkaListenerEndpointContainer#1-0-C-1] [32mINFO [0;39m o.apache.kafka.clients.NetworkClient [ |  | ] - [Consumer clientId=consumer-discodeit-notification-group-2, groupId=discodeit-notification-group] Node -1 disconnected.
26-06-19 09:14:25.284 [org.springframework.kafka.KafkaListenerEndpointContainer#1-0-C-1] [33mWARN [0;39m o.apache.kafka.clients.NetworkClient [ |  | ] - [Consumer clientId=consumer-discodeit-notification-group-2, groupId=discodeit-notification-group] Connection to node -1 (localhost/127.0.0.1:9092) could not be established. Node may not be available.
26-06-19 09:14:25.284 [org.springframework.kafka.KafkaListenerEndpointContainer#1-0-C-1] [33mWARN [0;39m o.apache.kafka.clients.NetworkClient [ |  | ] - [Consumer clientId=consumer-discodeit-notification-group-2, groupId=discodeit-notification-group] Bootstrap broker localhost:9092 (id: -1 rack: null) disconnected
26-06-19 09:14:26.144 [org.springframework.kafka.KafkaListenerEndpointContainer#0-0-C-1] [32mINFO [0;39m o.apache.kafka.clients.NetworkClient [ |  | ] - [Consumer clientId=consumer-discodeit-notification-group-1, groupId=discodeit-notification-group] Node -1 disconnected.
26-06-19 09:14:26.160 [org.springframework.kafka.KafkaListenerEndpointContainer#1-0-C-1] [32mINFO [0;39m o.apache.kafka.clients.NetworkClient [ |  | ] - [Consumer clientId=consumer-discodeit-notification-group-2, groupId=discodeit-notification-group] Node -1 disconnected.
26-06-19 09:14:26.161 [org.springframework.kafka.KafkaListenerEndpointContainer#0-0-C-1] [33mWARN [0;39m o.apache.kafka.clients.NetworkClient [ |  | ] - [Consumer clientId=consumer-discodeit-notification-group-1, groupId=discodeit-notification-group] Connection to node -1 (localhost/127.0.0.1:9092) could not be established. Node may not be available.
26-06-19 09:14:26.161 [org.springframework.kafka.KafkaListenerEndpointContainer#1-0-C-1] [33mWARN [0;39m o.apache.kafka.clients.NetworkClient [ |  | ] - [Consumer clientId=consumer-discodeit-notification-group-2, groupId=discodeit-notification-group] Connection to node -1 (localhost/127.0.0.1:9092) could not be established. Node may not be available.
26-06-19 09:14:26.161 [org.springframework.kafka.KafkaListenerEndpointContainer#1-0-C-1] [33mWARN [0;39m o.apache.kafka.clients.NetworkClient [ |  | ] - [Consumer clientId=consumer-discodeit-notification-group-2, groupId=discodeit-notification-group] Bootstrap broker localhost:9092 (id: -1 rack: null) disconnected
26-06-19 09:14:26.161 [org.springframework.kafka.KafkaListenerEndpointContainer#0-0-C-1] [33mWARN [0;39m o.apache.kafka.clients.NetworkClient [ |  | ] - [Consumer clientId=consumer-discodeit-notification-group-1, groupId=discodeit-notification-group] Bootstrap broker localhost:9092 (id: -1 rack: null) disconnected
26-06-19 09:14:26.990 [org.springframework.kafka.KafkaListenerEndpointContainer#1-0-C-1] [32mINFO [0;39m o.apache.kafka.clients.NetworkClient [ |  | ] - [Consumer clientId=consumer-discodeit-notification-group-2, groupId=discodeit-notification-group] Node -1 disconnected.
26-06-19 09:14:26.990 [org.springframework.kafka.KafkaListenerEndpointContainer#1-0-C-1] [33mWARN [0;39m o.apache.kafka.clients.NetworkClient [ |  | ] - [Consumer clientId=consumer-discodeit-notification-group-2, groupId=discodeit-notification-group] Connection to node -1 (localhost/127.0.0.1:9092) could not be established. Node may not be available.
26-06-19 09:14:26.990 [org.springframework.kafka.KafkaListenerEndpointContainer#1-0-C-1] [33mWARN [0;39m o.apache.kafka.clients.NetworkClient [ |  | ] - [Consumer clientId=consumer-discodeit-notification-group-2, groupId=discodeit-notification-group] Bootstrap broker localhost:9092 (id: -1 rack: null) disconnected
26-06-19 09:14:27.142 [org.springframework.kafka.KafkaListenerEndpointContainer#0-0-C-1] [32mINFO [0;39m o.apache.kafka.clients.NetworkClient [ |  | ] - [Consumer clientId=consumer-discodeit-notification-group-1, groupId=discodeit-notification-group] Node -1 disconnected.
26-06-19 09:14:27.142 [org.springframework.kafka.KafkaListenerEndpointContainer#0-0-C-1] [33mWARN [0;39m o.apache.kafka.clients.NetworkClient [ |  | ] - [Consumer clientId=consumer-discodeit-notification-group-1, groupId=discodeit-notification-group] Connection to node -1 (localhost/127.0.0.1:9092) could not be established. Node may not be available.
26-06-19 09:14:27.142 [org.springframework.kafka.KafkaListenerEndpointContainer#0-0-C-1] [33mWARN [0;39m o.apache.kafka.clients.NetworkClient [ |  | ] - [Consumer clientId=consumer-discodeit-notification-group-1, groupId=discodeit-notification-group] Bootstrap broker localhost:9092 (id: -1 rack: null) disconnected
26-06-19 09:14:28.001 [org.springframework.kafka.KafkaListenerEndpointContainer#1-0-C-1] [32mINFO [0;39m o.apache.kafka.clients.NetworkClient [ |  | ] - [Consumer clientId=consumer-discodeit-notification-group-2, groupId=discodeit-notification-group] Node -1 disconnected.
26-06-19 09:14:28.008 [org.springframework.kafka.KafkaListenerEndpointContainer#1-0-C-1] [33mWARN [0;39m o.apache.kafka.clients.NetworkClient [ |  | ] - [Consumer clientId=consumer-discodeit-notification-group-2, groupId=discodeit-notification-group] Connection to node -1 (localhost/127.0.0.1:9092) could not be established. Node may not be available.
26-06-19 09:14:28.011 [org.springframework.kafka.KafkaListenerEndpointContainer#1-0-C-1] [33mWARN [0;39m o.apache.kafka.clients.NetworkClient [ |  | ] - [Consumer clientId=consumer-discodeit-notification-group-2, groupId=discodeit-notification-group] Bootstrap broker localhost:9092 (id: -1 rack: null) disconnected
26-06-19 09:14:28.015 [org.springframework.kafka.KafkaListenerEndpointContainer#0-0-C-1] [32mINFO [0;39m o.apache.kafka.clients.NetworkClient [ |  | ] - [Consumer clientId=consumer-discodeit-notification-group-1, groupId=discodeit-notification-group] Node -1 disconnected.
26-06-19 09:14:28.016 [org.springframework.kafka.KafkaListenerEndpointContainer#0-0-C-1] [33mWARN [0;39m o.apache.kafka.clients.NetworkClient [ |  | ] - [Consumer clientId=consumer-discodeit-notification-group-1, groupId=discodeit-notification-group] Connection to node -1 (localhost/127.0.0.1:9092) could not be established. Node may not be available.
26-06-19 09:14:28.016 [org.springframework.kafka.KafkaListenerEndpointContainer#0-0-C-1] [33mWARN [0;39m o.apache.kafka.clients.NetworkClient [ |  | ] - [Consumer clientId=consumer-discodeit-notification-group-1, groupId=discodeit-notification-group] Bootstrap broker localhost:9092 (id: -1 rack: null) disconnected
26-06-19 09:14:29.006 [org.springframework.kafka.KafkaListenerEndpointContainer#1-0-C-1] [32mINFO [0;39m o.apache.kafka.clients.NetworkClient [ |  | ] - [Consumer clientId=consumer-discodeit-notification-group-2, groupId=discodeit-notification-group] Node -1 disconnected.
26-06-19 09:14:29.006 [org.springframework.kafka.KafkaListenerEndpointContainer#0-0-C-1] [32mINFO [0;39m o.apache.kafka.clients.NetworkClient [ |  | ] - [Consumer clientId=consumer-discodeit-notification-group-1, groupId=discodeit-notification-group] Node -1 disconnected.
26-06-19 09:14:29.007 [org.springframework.kafka.KafkaListenerEndpointContainer#1-0-C-1] [33mWARN [0;39m o.apache.kafka.clients.NetworkClient [ |  | ] - [Consumer clientId=consumer-discodeit-notification-group-2, groupId=discodeit-notification-group] Connection to node -1 (localhost/127.0.0.1:9092) could not be established. Node may not be available.
26-06-19 09:14:29.007 [org.springframework.kafka.KafkaListenerEndpointContainer#0-0-C-1] [33mWARN [0;39m o.apache.kafka.clients.NetworkClient [ |  | ] - [Consumer clientId=consumer-discodeit-notification-group-1, groupId=discodeit-notification-group] Connection to node -1 (localhost/127.0.0.1:9092) could not be established. Node may not be available.
26-06-19 09:14:29.008 [org.springframework.kafka.KafkaListenerEndpointContainer#1-0-C-1] [33mWARN [0;39m o.apache.kafka.clients.NetworkClient [ |  | ] - [Consumer clientId=consumer-discodeit-notification-group-2, groupId=discodeit-notification-group] Bootstrap broker localhost:9092 (id: -1 rack: null) disconnected
26-06-19 09:14:29.008 [org.springframework.kafka.KafkaListenerEndpointContainer#0-0-C-1] [33mWARN [0;39m o.apache.kafka.clients.NetworkClient [ |  | ] - [Consumer clientId=consumer-discodeit-notification-group-1, groupId=discodeit-notification-group] Bootstrap broker localhost:9092 (id: -1 rack: null) disconnected
26-06-19 09:14:29.954 [org.springframework.kafka.KafkaListenerEndpointContainer#0-0-C-1] [32mINFO [0;39m o.apache.kafka.clients.NetworkClient [ |  | ] - [Consumer clientId=consumer-discodeit-notification-group-1, groupId=discodeit-notification-group] Node -1 disconnected.
26-06-19 09:14:29.956 [org.springframework.kafka.KafkaListenerEndpointContainer#0-0-C-1] [33mWARN [0;39m o.apache.kafka.clients.NetworkClient [ |  | ] - [Consumer clientId=consumer-discodeit-notification-group-1, groupId=discodeit-notification-group] Connection to node -1 (localhost/127.0.0.1:9092) could not be established. Node may not be available.
26-06-19 09:14:29.956 [org.springframework.kafka.KafkaListenerEndpointContainer#0-0-C-1] [33mWARN [0;39m o.apache.kafka.clients.NetworkClient [ |  | ] - [Consumer clientId=consumer-discodeit-notification-group-1, groupId=discodeit-notification-group] Bootstrap broker localhost:9092 (id: -1 rack: null) disconnected
26-06-19 09:14:30.007 [org.springframework.kafka.KafkaListenerEndpointContainer#1-0-C-1] [32mINFO [0;39m o.apache.kafka.clients.NetworkClient [ |  | ] - [Consumer clientId=consumer-discodeit-notification-group-2, groupId=discodeit-notification-group] Node -1 disconnected.
26-06-19 09:14:30.007 [org.springframework.kafka.KafkaListenerEndpointContainer#1-0-C-1] [33mWARN [0;39m o.apache.kafka.clients.NetworkClient [ |  | ] - [Consumer clientId=consumer-discodeit-notification-group-2, groupId=discodeit-notification-group] Connection to node -1 (localhost/127.0.0.1:9092) could not be established. Node may not be available.
26-06-19 09:14:30.008 [org.springframework.kafka.KafkaListenerEndpointContainer#1-0-C-1] [33mWARN [0;39m o.apache.kafka.clients.NetworkClient [ |  | ] - [Consumer clientId=consumer-discodeit-notification-group-2, groupId=discodeit-notification-group] Bootstrap broker localhost:9092 (id: -1 rack: null) disconnected
26-06-19 09:14:30.831 [org.springframework.kafka.KafkaListenerEndpointContainer#0-0-C-1] [32mINFO [0;39m o.apache.kafka.clients.NetworkClient [ |  | ] - [Consumer clientId=consumer-discodeit-notification-group-1, groupId=discodeit-notification-group] Node -1 disconnected.
26-06-19 09:14:30.832 [org.springframework.kafka.KafkaListenerEndpointContainer#0-0-C-1] [33mWARN [0;39m o.apache.kafka.clients.NetworkClient [ |  | ] - [Consumer clientId=consumer-discodeit-notification-group-1, groupId=discodeit-notification-group] Connection to node -1 (localhost/127.0.0.1:9092) could not be established. Node may not be available.
26-06-19 09:14:30.833 [org.springframework.kafka.KafkaListenerEndpointContainer#0-0-C-1] [33mWARN [0;39m o.apache.kafka.clients.NetworkClient [ |  | ] - [Consumer clientId=consumer-discodeit-notification-group-1, groupId=discodeit-notification-group] Bootstrap broker localhost:9092 (id: -1 rack: null) disconnected
26-06-19 09:14:30.875 [org.springframework.kafka.KafkaListenerEndpointContainer#1-0-C-1] [32mINFO [0;39m o.apache.kafka.clients.NetworkClient [ |  | ] - [Consumer clientId=consumer-discodeit-notification-group-2, groupId=discodeit-notification-group] Node -1 disconnected.
26-06-19 09:14:30.875 [org.springframework.kafka.KafkaListenerEndpointContainer#1-0-C-1] [33mWARN [0;39m o.apache.kafka.clients.NetworkClient [ |  | ] - [Consumer clientId=consumer-discodeit-notification-group-2, groupId=discodeit-notification-group] Connection to node -1 (localhost/127.0.0.1:9092) could not be established. Node may not be available.
26-06-19 09:14:30.875 [org.springframework.kafka.KafkaListenerEndpointContainer#1-0-C-1] [33mWARN [0;39m o.apache.kafka.clients.NetworkClient [ |  | ] - [Consumer clientId=consumer-discodeit-notification-group-2, groupId=discodeit-notification-group] Bootstrap broker localhost:9092 (id: -1 rack: null) disconnected
26-06-19 09:14:31.804 [org.springframework.kafka.KafkaListenerEndpointContainer#0-0-C-1] [32mINFO [0;39m o.apache.kafka.clients.NetworkClient [ |  | ] - [Consumer clientId=consumer-discodeit-notification-group-1, groupId=discodeit-notification-group] Node -1 disconnected.
26-06-19 09:14:31.808 [org.springframework.kafka.KafkaListenerEndpointContainer#0-0-C-1] [33mWARN [0;39m o.apache.kafka.clients.NetworkClient [ |  | ] - [Consumer clientId=consumer-discodeit-notification-group-1, groupId=discodeit-notification-group] Connection to node -1 (localhost/127.0.0.1:9092) could not be established. Node may not be available.
26-06-19 09:14:31.808 [org.springframework.kafka.KafkaListenerEndpointContainer#0-0-C-1] [33mWARN [0;39m o.apache.kafka.clients.NetworkClient [ |  | ] - [Consumer clientId=consumer-discodeit-notification-group-1, groupId=discodeit-notification-group] Bootstrap broker localhost:9092 (id: -1 rack: null) disconnected
26-06-19 09:14:31.886 [org.springframework.kafka.KafkaListenerEndpointContainer#1-0-C-1] [32mINFO [0;39m o.apache.kafka.clients.NetworkClient [ |  | ] - [Consumer clientId=consumer-discodeit-notification-group-2, groupId=discodeit-notification-group] Node -1 disconnected.
26-06-19 09:14:31.886 [org.springframework.kafka.KafkaListenerEndpointContainer#1-0-C-1] [33mWARN [0;39m o.apache.kafka.clients.NetworkClient [ |  | ] - [Consumer clientId=consumer-discodeit-notification-group-2, groupId=discodeit-notification-group] Connection to node -1 (localhost/127.0.0.1:9092) could not be established. Node may not be available.
26-06-19 09:14:31.886 [org.springframework.kafka.KafkaListenerEndpointContainer#1-0-C-1] [33mWARN [0;39m o.apache.kafka.clients.NetworkClient [ |  | ] - [Consumer clientId=consumer-discodeit-notification-group-2, groupId=discodeit-notification-group] Bootstrap broker localhost:9092 (id: -1 rack: null) disconnected
26-06-19 09:14:32.829 [org.springframework.kafka.KafkaListenerEndpointContainer#0-0-C-1] [32mINFO [0;39m o.apache.kafka.clients.NetworkClient [ |  | ] - [Consumer clientId=consumer-discodeit-notification-group-1, groupId=discodeit-notification-group] Node -1 disconnected.
26-06-19 09:14:32.840 [org.springframework.kafka.KafkaListenerEndpointContainer#0-0-C-1] [33mWARN [0;39m o.apache.kafka.clients.NetworkClient [ |  | ] - [Consumer clientId=consumer-discodeit-notification-group-1, groupId=discodeit-notification-group] Connection to node -1 (localhost/127.0.0.1:9092) could not be established. Node may not be available.
26-06-19 09:14:32.841 [org.springframework.kafka.KafkaListenerEndpointContainer#0-0-C-1] [33mWARN [0;39m o.apache.kafka.clients.NetworkClient [ |  | ] - [Consumer clientId=consumer-discodeit-notification-group-1, groupId=discodeit-notification-group] Bootstrap broker localhost:9092 (id: -1 rack: null) disconnected
26-06-19 09:14:32.921 [org.springframework.kafka.KafkaListenerEndpointContainer#1-0-C-1] [32mINFO [0;39m o.apache.kafka.clients.NetworkClient [ |  | ] - [Consumer clientId=consumer-discodeit-notification-group-2, groupId=discodeit-notification-group] Node -1 disconnected.
26-06-19 09:14:32.921 [org.springframework.kafka.KafkaListenerEndpointContainer#1-0-C-1] [33mWARN [0;39m o.apache.kafka.clients.NetworkClient [ |  | ] - [Consumer clientId=consumer-discodeit-notification-group-2, groupId=discodeit-notification-group] Connection to node -1 (localhost/127.0.0.1:9092) could not be established. Node may not be available.
26-06-19 09:14:32.922 [org.springframework.kafka.KafkaListenerEndpointContainer#1-0-C-1] [33mWARN [0;39m o.apache.kafka.clients.NetworkClient [ |  | ] - [Consumer clientId=consumer-discodeit-notification-group-2, groupId=discodeit-notification-group] Bootstrap broker localhost:9092 (id: -1 rack: null) disconnected
26-06-19 09:14:33.761 [org.springframework.kafka.KafkaListenerEndpointContainer#1-0-C-1] [32mINFO [0;39m o.apache.kafka.clients.NetworkClient [ |  | ] - [Consumer clientId=consumer-discodeit-notification-group-2, groupId=discodeit-notification-group] Node -1 disconnected.
26-06-19 09:14:33.765 [org.springframework.kafka.KafkaListenerEndpointContainer#1-0-C-1] [33mWARN [0;39m o.apache.kafka.clients.NetworkClient [ |  | ] - [Consumer clientId=consumer-discodeit-notification-group-2, groupId=discodeit-notification-group] Connection to node -1 (localhost/127.0.0.1:9092) could not be established. Node may not be available.
26-06-19 09:14:33.765 [org.springframework.kafka.KafkaListenerEndpointContainer#1-0-C-1] [33mWARN [0;39m o.apache.kafka.clients.NetworkClient [ |  | ] - [Consumer clientId=consumer-discodeit-notification-group-2, groupId=discodeit-notification-group] Bootstrap broker localhost:9092 (id: -1 rack: null) disconnected
26-06-19 09:14:33.832 [org.springframework.kafka.KafkaListenerEndpointContainer#0-0-C-1] [32mINFO [0;39m o.apache.kafka.clients.NetworkClient [ |  | ] - [Consumer clientId=consumer-discodeit-notification-group-1, groupId=discodeit-notification-group] Node -1 disconnected.
26-06-19 09:14:33.832 [org.springframework.kafka.KafkaListenerEndpointContainer#0-0-C-1] [33mWARN [0;39m o.apache.kafka.clients.NetworkClient [ |  | ] - [Consumer clientId=consumer-discodeit-notification-group-1, groupId=discodeit-notification-group] Connection to node -1 (localhost/127.0.0.1:9092) could not be established. Node may not be available.
26-06-19 09:14:33.832 [org.springframework.kafka.KafkaListenerEndpointContainer#0-0-C-1] [33mWARN [0;39m o.apache.kafka.clients.NetworkClient [ |  | ] - [Consumer clientId=consumer-discodeit-notification-group-1, groupId=discodeit-notification-group] Bootstrap broker localhost:9092 (id: -1 rack: null) disconnected
26-06-19 09:14:34.802 [org.springframework.kafka.KafkaListenerEndpointContainer#1-0-C-1] [32mINFO [0;39m o.apache.kafka.clients.NetworkClient [ |  | ] - [Consumer clientId=consumer-discodeit-notification-group-2, groupId=discodeit-notification-group] Node -1 disconnected.
26-06-19 09:14:34.805 [org.springframework.kafka.KafkaListenerEndpointContainer#1-0-C-1] [33mWARN [0;39m o.apache.kafka.clients.NetworkClient [ |  | ] - [Consumer clientId=consumer-discodeit-notification-group-2, groupId=discodeit-notification-group] Connection to node -1 (localhost/127.0.0.1:9092) could not be established. Node may not be available.
26-06-19 09:14:34.805 [org.springframework.kafka.KafkaListenerEndpointContainer#1-0-C-1] [33mWARN [0;39m o.apache.kafka.clients.NetworkClient [ |  | ] - [Consumer clientId=consumer-discodeit-notification-group-2, groupId=discodeit-notification-group] Bootstrap broker localhost:9092 (id: -1 rack: null) disconnected
26-06-19 09:14:34.838 [org.springframework.kafka.KafkaListenerEndpointContainer#0-0-C-1] [32mINFO [0;39m o.apache.kafka.clients.NetworkClient [ |  | ] - [Consumer clientId=consumer-discodeit-notification-group-1, groupId=discodeit-notification-group] Node -1 disconnected.
26-06-19 09:14:34.839 [org.springframework.kafka.KafkaListenerEndpointContainer#0-0-C-1] [33mWARN [0;39m o.apache.kafka.clients.NetworkClient [ |  | ] - [Consumer clientId=consumer-discodeit-notification-group-1, groupId=discodeit-notification-group] Connection to node -1 (localhost/127.0.0.1:9092) could not be established. Node may not be available.
26-06-19 09:14:34.839 [org.springframework.kafka.KafkaListenerEndpointContainer#0-0-C-1] [33mWARN [0;39m o.apache.kafka.clients.NetworkClient [ |  | ] - [Consumer clientId=consumer-discodeit-notification-group-1, groupId=discodeit-notification-group] Bootstrap broker localhost:9092 (id: -1 rack: null) disconnected
26-06-19 09:14:35.864 [org.springframework.kafka.KafkaListenerEndpointContainer#0-0-C-1] [32mINFO [0;39m o.apache.kafka.clients.NetworkClient [ |  | ] - [Consumer clientId=consumer-discodeit-notification-group-1, groupId=discodeit-notification-group] Node -1 disconnected.
26-06-19 09:14:35.864 [org.springframework.kafka.KafkaListenerEndpointContainer#1-0-C-1] [32mINFO [0;39m o.apache.kafka.clients.NetworkClient [ |  | ] - [Consumer clientId=consumer-discodeit-notification-group-2, groupId=discodeit-notification-group] Node -1 disconnected.
26-06-19 09:14:35.866 [org.springframework.kafka.KafkaListenerEndpointContainer#1-0-C-1] [33mWARN [0;39m o.apache.kafka.clients.NetworkClient [ |  | ] - [Consumer clientId=consumer-discodeit-notification-group-2, groupId=discodeit-notification-group] Connection to node -1 (localhost/127.0.0.1:9092) could not be established. Node may not be available.
26-06-19 09:14:35.866 [org.springframework.kafka.KafkaListenerEndpointContainer#0-0-C-1] [33mWARN [0;39m o.apache.kafka.clients.NetworkClient [ |  | ] - [Consumer clientId=consumer-discodeit-notification-group-1, groupId=discodeit-notification-group] Connection to node -1 (localhost/127.0.0.1:9092) could not be established. Node may not be available.
26-06-19 09:14:35.866 [org.springframework.kafka.KafkaListenerEndpointContainer#1-0-C-1] [33mWARN [0;39m o.apache.kafka.clients.NetworkClient [ |  | ] - [Consumer clientId=consumer-discodeit-notification-group-2, groupId=discodeit-notification-group] Bootstrap broker localhost:9092 (id: -1 rack: null) disconnected
26-06-19 09:14:35.866 [org.springframework.kafka.KafkaListenerEndpointContainer#0-0-C-1] [33mWARN [0;39m o.apache.kafka.clients.NetworkClient [ |  | ] - [Consumer clientId=consumer-discodeit-notification-group-1, groupId=discodeit-notification-group] Bootstrap broker localhost:9092 (id: -1 rack: null) disconnected
26-06-19 09:14:36.877 [org.springframework.kafka.KafkaListenerEndpointContainer#1-0-C-1] [32mINFO [0;39m o.apache.kafka.clients.NetworkClient [ |  | ] - [Consumer clientId=consumer-discodeit-notification-group-2, groupId=discodeit-notification-group] Node -1 disconnected.
26-06-19 09:14:36.881 [org.springframework.kafka.KafkaListenerEndpointContainer#1-0-C-1] [33mWARN [0;39m o.apache.kafka.clients.NetworkClient [ |  | ] - [Consumer clientId=consumer-discodeit-notification-group-2, groupId=discodeit-notification-group] Connection to node -1 (localhost/127.0.0.1:9092) could not be established. Node may not be available.
26-06-19 09:14:36.881 [org.springframework.kafka.KafkaListenerEndpointContainer#1-0-C-1] [33mWARN [0;39m o.apache.kafka.clients.NetworkClient [ |  | ] - [Consumer clientId=consumer-discodeit-notification-group-2, groupId=discodeit-notification-group] Bootstrap broker localhost:9092 (id: -1 rack: null) disconnected
26-06-19 09:14:36.895 [org.springframework.kafka.KafkaListenerEndpointContainer#0-0-C-1] [32mINFO [0;39m o.apache.kafka.clients.NetworkClient [ |  | ] - [Consumer clientId=consumer-discodeit-notification-group-1, groupId=discodeit-notification-group] Node -1 disconnected.
26-06-19 09:14:36.899 [org.springframework.kafka.KafkaListenerEndpointContainer#0-0-C-1] [33mWARN [0;39m o.apache.kafka.clients.NetworkClient [ |  | ] - [Consumer clientId=consumer-discodeit-notification-group-1, groupId=discodeit-notification-group] Connection to node -1 (localhost/127.0.0.1:9092) could not be established. Node may not be available.
26-06-19 09:14:36.899 [org.springframework.kafka.KafkaListenerEndpointContainer#0-0-C-1] [33mWARN [0;39m o.apache.kafka.clients.NetworkClient [ |  | ] - [Consumer clientId=consumer-discodeit-notification-group-1, groupId=discodeit-notification-group] Bootstrap broker localhost:9092 (id: -1 rack: null) disconnected
26-06-19 09:14:37.708 [org.springframework.kafka.KafkaListenerEndpointContainer#1-0-C-1] [32mINFO [0;39m o.apache.kafka.clients.NetworkClient [ |  | ] - [Consumer clientId=consumer-discodeit-notification-group-2, groupId=discodeit-notification-group] Node -1 disconnected.
26-06-19 09:14:37.709 [org.springframework.kafka.KafkaListenerEndpointContainer#1-0-C-1] [33mWARN [0;39m o.apache.kafka.clients.NetworkClient [ |  | ] - [Consumer clientId=consumer-discodeit-notification-group-2, groupId=discodeit-notification-group] Connection to node -1 (localhost/127.0.0.1:9092) could not be established. Node may not be available.
26-06-19 09:14:37.709 [org.springframework.kafka.KafkaListenerEndpointContainer#1-0-C-1] [33mWARN [0;39m o.apache.kafka.clients.NetworkClient [ |  | ] - [Consumer clientId=consumer-discodeit-notification-group-2, groupId=discodeit-notification-group] Bootstrap broker localhost:9092 (id: -1 rack: null) disconnected
26-06-19 09:14:37.897 [org.springframework.kafka.KafkaListenerEndpointContainer#0-0-C-1] [32mINFO [0;39m o.apache.kafka.clients.NetworkClient [ |  | ] - [Consumer clientId=consumer-discodeit-notification-group-1, groupId=discodeit-notification-group] Node -1 disconnected.
26-06-19 09:14:37.897 [org.springframework.kafka.KafkaListenerEndpointContainer#0-0-C-1] [33mWARN [0;39m o.apache.kafka.clients.NetworkClient [ |  | ] - [Consumer clientId=consumer-discodeit-notification-group-1, groupId=discodeit-notification-group] Connection to node -1 (localhost/127.0.0.1:9092) could not be established. Node may not be available.
26-06-19 09:14:37.897 [org.springframework.kafka.KafkaListenerEndpointContainer#0-0-C-1] [33mWARN [0;39m o.apache.kafka.clients.NetworkClient [ |  | ] - [Consumer clientId=consumer-discodeit-notification-group-1, groupId=discodeit-notification-group] Bootstrap broker localhost:9092 (id: -1 rack: null) disconnected
26-06-19 09:14:38.573 [org.springframework.kafka.KafkaListenerEndpointContainer#1-0-C-1] [32mINFO [0;39m o.apache.kafka.clients.NetworkClient [ |  | ] - [Consumer clientId=consumer-discodeit-notification-group-2, groupId=discodeit-notification-group] Node -1 disconnected.
26-06-19 09:14:38.577 [org.springframework.kafka.KafkaListenerEndpointContainer#1-0-C-1] [33mWARN [0;39m o.apache.kafka.clients.NetworkClient [ |  | ] - [Consumer clientId=consumer-discodeit-notification-group-2, groupId=discodeit-notification-group] Connection to node -1 (localhost/127.0.0.1:9092) could not be established. Node may not be available.
26-06-19 09:14:38.578 [org.springframework.kafka.KafkaListenerEndpointContainer#1-0-C-1] [33mWARN [0;39m o.apache.kafka.clients.NetworkClient [ |  | ] - [Consumer clientId=consumer-discodeit-notification-group-2, groupId=discodeit-notification-group] Bootstrap broker localhost:9092 (id: -1 rack: null) disconnected
26-06-19 09:14:38.890 [org.springframework.kafka.KafkaListenerEndpointContainer#0-0-C-1] [32mINFO [0;39m o.apache.kafka.clients.NetworkClient [ |  | ] - [Consumer clientId=consumer-discodeit-notification-group-1, groupId=discodeit-notification-group] Node -1 disconnected.
26-06-19 09:14:38.891 [org.springframework.kafka.KafkaListenerEndpointContainer#0-0-C-1] [33mWARN [0;39m o.apache.kafka.clients.NetworkClient [ |  | ] - [Consumer clientId=consumer-discodeit-notification-group-1, groupId=discodeit-notification-group] Connection to node -1 (localhost/127.0.0.1:9092) could not be established. Node may not be available.
26-06-19 09:14:38.891 [org.springframework.kafka.KafkaListenerEndpointContainer#0-0-C-1] [33mWARN [0;39m o.apache.kafka.clients.NetworkClient [ |  | ] - [Consumer clientId=consumer-discodeit-notification-group-1, groupId=discodeit-notification-group] Bootstrap broker localhost:9092 (id: -1 rack: null) disconnected
26-06-19 09:14:39.524 [org.springframework.kafka.KafkaListenerEndpointContainer#1-0-C-1] [32mINFO [0;39m o.apache.kafka.clients.NetworkClient [ |  | ] - [Consumer clientId=consumer-discodeit-notification-group-2, groupId=discodeit-notification-group] Node -1 disconnected.
26-06-19 09:14:39.540 [org.springframework.kafka.KafkaListenerEndpointContainer#1-0-C-1] [33mWARN [0;39m o.apache.kafka.clients.NetworkClient [ |  | ] - [Consumer clientId=consumer-discodeit-notification-group-2, groupId=discodeit-notification-group] Connection to node -1 (localhost/127.0.0.1:9092) could not be established. Node may not be available.
26-06-19 09:14:39.546 [org.springframework.kafka.KafkaListenerEndpointContainer#1-0-C-1] [33mWARN [0;39m o.apache.kafka.clients.NetworkClient [ |  | ] - [Consumer clientId=consumer-discodeit-notification-group-2, groupId=discodeit-notification-group] Bootstrap broker localhost:9092 (id: -1 rack: null) disconnected
26-06-19 09:14:39.699 [org.springframework.kafka.KafkaListenerEndpointContainer#0-0-C-1] [32mINFO [0;39m o.a.k.c.c.i.ConsumerCoordinator      [ |  | ] - [Consumer clientId=consumer-discodeit-notification-group-1, groupId=discodeit-notification-group] Resetting generation and member id due to: consumer pro-actively leaving the group
26-06-19 09:14:39.699 [org.springframework.kafka.KafkaListenerEndpointContainer#0-0-C-1] [32mINFO [0;39m o.a.k.c.c.i.ConsumerCoordinator      [ |  | ] - [Consumer clientId=consumer-discodeit-notification-group-1, groupId=discodeit-notification-group] Request joining group due to: consumer pro-actively leaving the group
26-06-19 09:14:39.699 [org.springframework.kafka.KafkaListenerEndpointContainer#0-0-C-1] [32mINFO [0;39m o.a.k.c.c.i.LegacyKafkaConsumer      [ |  | ] - [Consumer clientId=consumer-discodeit-notification-group-1, groupId=discodeit-notification-group] Unsubscribed all topics or patterns and assigned partitions
26-06-19 09:14:39.699 [org.springframework.kafka.KafkaListenerEndpointContainer#1-0-C-1] [32mINFO [0;39m o.a.k.c.c.i.ConsumerCoordinator      [ |  | ] - [Consumer clientId=consumer-discodeit-notification-group-2, groupId=discodeit-notification-group] Resetting generation and member id due to: consumer pro-actively leaving the group
26-06-19 09:14:39.700 [org.springframework.kafka.KafkaListenerEndpointContainer#1-0-C-1] [32mINFO [0;39m o.a.k.c.c.i.ConsumerCoordinator      [ |  | ] - [Consumer clientId=consumer-discodeit-notification-group-2, groupId=discodeit-notification-group] Request joining group due to: consumer pro-actively leaving the group
26-06-19 09:14:39.700 [org.springframework.kafka.KafkaListenerEndpointContainer#1-0-C-1] [32mINFO [0;39m o.a.k.c.c.i.LegacyKafkaConsumer      [ |  | ] - [Consumer clientId=consumer-discodeit-notification-group-2, groupId=discodeit-notification-group] Unsubscribed all topics or patterns and assigned partitions
26-06-19 09:14:39.729 [org.springframework.kafka.KafkaListenerEndpointContainer#1-0-C-1] [32mINFO [0;39m o.a.k.c.c.i.ConsumerCoordinator      [ |  | ] - [Consumer clientId=consumer-discodeit-notification-group-2, groupId=discodeit-notification-group] Resetting generation and member id due to: consumer pro-actively leaving the group
26-06-19 09:14:39.729 [org.springframework.kafka.KafkaListenerEndpointContainer#1-0-C-1] [32mINFO [0;39m o.a.k.c.c.i.ConsumerCoordinator      [ |  | ] - [Consumer clientId=consumer-discodeit-notification-group-2, groupId=discodeit-notification-group] Request joining group due to: consumer pro-actively leaving the group
26-06-19 09:14:39.731 [org.springframework.kafka.KafkaListenerEndpointContainer#0-0-C-1] [32mINFO [0;39m o.a.k.c.c.i.ConsumerCoordinator      [ |  | ] - [Consumer clientId=consumer-discodeit-notification-group-1, groupId=discodeit-notification-group] Resetting generation and member id due to: consumer pro-actively leaving the group
26-06-19 09:14:39.733 [org.springframework.kafka.KafkaListenerEndpointContainer#0-0-C-1] [32mINFO [0;39m o.a.k.c.c.i.ConsumerCoordinator      [ |  | ] - [Consumer clientId=consumer-discodeit-notification-group-1, groupId=discodeit-notification-group] Request joining group due to: consumer pro-actively leaving the group
26-06-19 09:14:39.790 [org.springframework.kafka.KafkaListenerEndpointContainer#0-0-C-1] [32mINFO [0;39m o.a.kafka.common.metrics.Metrics     [ |  | ] - Metrics scheduler closed
26-06-19 09:14:39.791 [org.springframework.kafka.KafkaListenerEndpointContainer#0-0-C-1] [32mINFO [0;39m o.a.kafka.common.metrics.Metrics     [ |  | ] - Closing reporter org.apache.kafka.common.metrics.JmxReporter
26-06-19 09:14:39.791 [org.springframework.kafka.KafkaListenerEndpointContainer#0-0-C-1] [32mINFO [0;39m o.a.kafka.common.metrics.Metrics     [ |  | ] - Closing reporter org.apache.kafka.common.telemetry.internals.ClientTelemetryReporter
26-06-19 09:14:39.791 [org.springframework.kafka.KafkaListenerEndpointContainer#1-0-C-1] [32mINFO [0;39m o.a.kafka.common.metrics.Metrics     [ |  | ] - Metrics scheduler closed
26-06-19 09:14:39.791 [org.springframework.kafka.KafkaListenerEndpointContainer#1-0-C-1] [32mINFO [0;39m o.a.kafka.common.metrics.Metrics     [ |  | ] - Closing reporter org.apache.kafka.common.metrics.JmxReporter
26-06-19 09:14:39.792 [org.springframework.kafka.KafkaListenerEndpointContainer#1-0-C-1] [32mINFO [0;39m o.a.kafka.common.metrics.Metrics     [ |  | ] - Closing reporter org.apache.kafka.common.telemetry.internals.ClientTelemetryReporter
26-06-19 09:14:39.792 [org.springframework.kafka.KafkaListenerEndpointContainer#1-0-C-1] [32mINFO [0;39m o.a.kafka.common.metrics.Metrics     [ |  | ] - Metrics reporters closed
26-06-19 09:14:39.792 [org.springframework.kafka.KafkaListenerEndpointContainer#0-0-C-1] [32mINFO [0;39m o.a.kafka.common.metrics.Metrics     [ |  | ] - Metrics reporters closed
26-06-19 09:14:39.846 [org.springframework.kafka.KafkaListenerEndpointContainer#1-0-C-1] [32mINFO [0;39m o.a.kafka.common.utils.AppInfoParser [ |  | ] - App info kafka.consumer for consumer-discodeit-notification-group-2 unregistered
26-06-19 09:14:39.849 [org.springframework.kafka.KafkaListenerEndpointContainer#0-0-C-1] [32mINFO [0;39m o.a.kafka.common.utils.AppInfoParser [ |  | ] - App info kafka.consumer for consumer-discodeit-notification-group-1 unregistered
26-06-19 09:14:39.897 [org.springframework.kafka.KafkaListenerEndpointContainer#1-0-C-1] [32mINFO [0;39m o.s.k.l.KafkaMessageListenerContainer [ |  | ] - discodeit-notification-group: Consumer stopped
26-06-19 09:14:39.900 [org.springframework.kafka.KafkaListenerEndpointContainer#0-0-C-1] [32mINFO [0;39m o.s.k.l.KafkaMessageListenerContainer [ |  | ] - discodeit-notification-group: Consumer stopped
26-06-19 09:14:39.914 [SpringApplicationShutdownHook] [32mINFO [0;39m o.s.b.w.e.tomcat.GracefulShutdown    [ |  | ] - Commencing graceful shutdown. Waiting for active requests to complete
26-06-19 09:14:39.943 [tomcat-shutdown] [32mINFO [0;39m o.s.b.w.e.tomcat.GracefulShutdown    [ |  | ] - Graceful shutdown complete
26-06-19 09:14:39.949 [SpringApplicationShutdownHook] [32mINFO [0;39m o.s.m.s.b.SimpleBrokerMessageHandler [ |  | ] - Stopping...
26-06-19 09:14:39.953 [SpringApplicationShutdownHook] [32mINFO [0;39m o.s.m.s.b.SimpleBrokerMessageHandler [ |  | ] - BrokerAvailabilityEvent[available=false, SimpleBrokerMessageHandler [org.springframework.messaging.simp.broker.DefaultSubscriptionRegistry@8880259]]
26-06-19 09:14:39.954 [SpringApplicationShutdownHook] [32mINFO [0;39m o.s.m.s.b.SimpleBrokerMessageHandler [ |  | ] - Stopped.
26-06-19 09:14:40.473 [SpringApplicationShutdownHook] [32mINFO [0;39m o.s.o.j.LocalContainerEntityManagerFactoryBean [ |  | ] - Closing JPA EntityManagerFactory for persistence unit 'default'
26-06-19 09:14:40.539 [SpringApplicationShutdownHook] [32mINFO [0;39m com.zaxxer.hikari.HikariDataSource   [ |  | ] - HikariPool-1 - Shutdown initiated...
26-06-19 09:14:40.571 [SpringApplicationShutdownHook] [32mINFO [0;39m com.zaxxer.hikari.HikariDataSource   [ |  | ] - HikariPool-1 - Shutdown completed.
26-06-19 09:24:27.486 [background-preinit] [32mINFO [0;39m o.h.validator.internal.util.Version  [ |  | ] - HV000001: Hibernate Validator 8.0.1.Final
26-06-19 09:24:27.550 [main] [32mINFO [0;39m c.s.m.discodeit.DiscodeitApplication [ |  | ] - Starting DiscodeitApplication using Java 17.0.18 with PID 27436 (/Users/apple/IdeaProjects/temp/9-sprint-mission/discodeit/build/classes/java/main started by apple in /Users/apple/IdeaProjects/temp/9-sprint-mission)
26-06-19 09:24:27.551 [main] [32mDEBUG[0;39m c.s.m.discodeit.DiscodeitApplication [ |  | ] - Running with Spring Boot v3.4.0, Spring v6.2.0
26-06-19 09:24:27.552 [main] [32mINFO [0;39m c.s.m.discodeit.DiscodeitApplication [ |  | ] - The following 1 profile is active: "dev"
26-06-19 09:24:31.315 [background-preinit] [32mINFO [0;39m o.h.validator.internal.util.Version  [ |  | ] - HV000001: Hibernate Validator 8.0.1.Final
26-06-19 09:24:31.357 [main] [32mINFO [0;39m c.s.m.discodeit.DiscodeitApplication [ |  | ] - Starting DiscodeitApplication using Java 17.0.18 with PID 27448 (/Users/apple/IdeaProjects/temp/9-sprint-mission/discodeit/build/classes/java/main started by apple in /Users/apple/IdeaProjects/temp/9-sprint-mission)
26-06-19 09:24:31.357 [main] [32mDEBUG[0;39m c.s.m.discodeit.DiscodeitApplication [ |  | ] - Running with Spring Boot v3.4.0, Spring v6.2.0
26-06-19 09:24:31.357 [main] [32mINFO [0;39m c.s.m.discodeit.DiscodeitApplication [ |  | ] - The following 1 profile is active: "dev"
26-06-19 09:24:31.417 [main] [32mINFO [0;39m o.s.d.r.c.RepositoryConfigurationDelegate [ |  | ] - Multiple Spring Data modules found, entering strict repository configuration mode
26-06-19 09:24:31.421 [main] [32mINFO [0;39m o.s.d.r.c.RepositoryConfigurationDelegate [ |  | ] - Bootstrapping Spring Data JPA repositories in DEFAULT mode.
26-06-19 09:24:32.175 [main] [32mINFO [0;39m o.s.d.r.c.RepositoryConfigurationDelegate [ |  | ] - Finished Spring Data repository scanning in 741 ms. Found 7 JPA repository interfaces.
26-06-19 09:24:32.299 [main] [32mINFO [0;39m o.s.d.r.c.RepositoryConfigurationDelegate [ |  | ] - Multiple Spring Data modules found, entering strict repository configuration mode
26-06-19 09:24:32.309 [main] [32mINFO [0;39m o.s.d.r.c.RepositoryConfigurationDelegate [ |  | ] - Bootstrapping Spring Data Redis repositories in DEFAULT mode.
26-06-19 09:24:32.560 [main] [32mINFO [0;39m o.s.d.r.c.RepositoryConfigurationExtensionSupport [ |  | ] - Spring Data Redis - Could not safely identify store assignment for repository candidate interface com.sprint.mission.discodeit.repository.BinaryContentRepository; If you want this repository to be a Redis repository, consider annotating your entities with one of these annotations: org.springframework.data.redis.core.RedisHash (preferred), or consider extending one of the following types with your repository: org.springframework.data.keyvalue.repository.KeyValueRepository
26-06-19 09:24:32.564 [main] [32mINFO [0;39m o.s.d.r.c.RepositoryConfigurationExtensionSupport [ |  | ] - Spring Data Redis - Could not safely identify store assignment for repository candidate interface com.sprint.mission.discodeit.repository.ChannelRepository; If you want this repository to be a Redis repository, consider annotating your entities with one of these annotations: org.springframework.data.redis.core.RedisHash (preferred), or consider extending one of the following types with your repository: org.springframework.data.keyvalue.repository.KeyValueRepository
26-06-19 09:24:32.569 [main] [32mINFO [0;39m o.s.d.r.c.RepositoryConfigurationExtensionSupport [ |  | ] - Spring Data Redis - Could not safely identify store assignment for repository candidate interface com.sprint.mission.discodeit.repository.MessageRepository; If you want this repository to be a Redis repository, consider annotating your entities with one of these annotations: org.springframework.data.redis.core.RedisHash (preferred), or consider extending one of the following types with your repository: org.springframework.data.keyvalue.repository.KeyValueRepository
26-06-19 09:24:32.570 [main] [32mINFO [0;39m o.s.d.r.c.RepositoryConfigurationExtensionSupport [ |  | ] - Spring Data Redis - Could not safely identify store assignment for repository candidate interface com.sprint.mission.discodeit.repository.NotificationRepository; If you want this repository to be a Redis repository, consider annotating your entities with one of these annotations: org.springframework.data.redis.core.RedisHash (preferred), or consider extending one of the following types with your repository: org.springframework.data.keyvalue.repository.KeyValueRepository
26-06-19 09:24:32.572 [main] [32mINFO [0;39m o.s.d.r.c.RepositoryConfigurationExtensionSupport [ |  | ] - Spring Data Redis - Could not safely identify store assignment for repository candidate interface com.sprint.mission.discodeit.repository.ReadStatusRepository; If you want this repository to be a Redis repository, consider annotating your entities with one of these annotations: org.springframework.data.redis.core.RedisHash (preferred), or consider extending one of the following types with your repository: org.springframework.data.keyvalue.repository.KeyValueRepository
26-06-19 09:24:32.573 [main] [32mINFO [0;39m o.s.d.r.c.RepositoryConfigurationExtensionSupport [ |  | ] - Spring Data Redis - Could not safely identify store assignment for repository candidate interface com.sprint.mission.discodeit.repository.UserRepository; If you want this repository to be a Redis repository, consider annotating your entities with one of these annotations: org.springframework.data.redis.core.RedisHash (preferred), or consider extending one of the following types with your repository: org.springframework.data.keyvalue.repository.KeyValueRepository
26-06-19 09:24:32.575 [main] [32mINFO [0;39m o.s.d.r.c.RepositoryConfigurationExtensionSupport [ |  | ] - Spring Data Redis - Could not safely identify store assignment for repository candidate interface com.sprint.mission.discodeit.repository.jpa.JpaChannelRepository; If you want this repository to be a Redis repository, consider annotating your entities with one of these annotations: org.springframework.data.redis.core.RedisHash (preferred), or consider extending one of the following types with your repository: org.springframework.data.keyvalue.repository.KeyValueRepository
26-06-19 09:24:32.580 [main] [32mINFO [0;39m o.s.d.r.c.RepositoryConfigurationDelegate [ |  | ] - Finished Spring Data repository scanning in 168 ms. Found 0 Redis repository interfaces.
26-06-19 09:24:35.512 [main] [32mINFO [0;39m o.s.d.r.c.RepositoryConfigurationDelegate [ |  | ] - Multiple Spring Data modules found, entering strict repository configuration mode
26-06-19 09:24:35.515 [main] [32mINFO [0;39m o.s.d.r.c.RepositoryConfigurationDelegate [ |  | ] - Bootstrapping Spring Data JPA repositories in DEFAULT mode.
26-06-19 09:24:35.694 [main] [32mINFO [0;39m o.s.d.r.c.RepositoryConfigurationDelegate [ |  | ] - Finished Spring Data repository scanning in 169 ms. Found 7 JPA repository interfaces.
26-06-19 09:24:35.701 [main] [32mINFO [0;39m o.s.b.w.e.tomcat.TomcatWebServer     [ |  | ] - Tomcat initialized with port 8080 (http)
26-06-19 09:24:35.707 [main] [32mINFO [0;39m o.s.d.r.c.RepositoryConfigurationDelegate [ |  | ] - Multiple Spring Data modules found, entering strict repository configuration mode
26-06-19 09:24:35.708 [main] [32mINFO [0;39m o.s.d.r.c.RepositoryConfigurationDelegate [ |  | ] - Bootstrapping Spring Data Redis repositories in DEFAULT mode.
26-06-19 09:24:35.719 [main] [32mINFO [0;39m o.a.coyote.http11.Http11NioProtocol  [ |  | ] - Initializing ProtocolHandler ["http-nio-8080"]
26-06-19 09:24:35.722 [main] [32mINFO [0;39m o.a.catalina.core.StandardService    [ |  | ] - Starting service [Tomcat]
26-06-19 09:24:35.722 [main] [32mINFO [0;39m o.a.catalina.core.StandardEngine     [ |  | ] - Starting Servlet engine: [Apache Tomcat/10.1.33]
26-06-19 09:24:35.752 [main] [32mINFO [0;39m o.s.d.r.c.RepositoryConfigurationExtensionSupport [ |  | ] - Spring Data Redis - Could not safely identify store assignment for repository candidate interface com.sprint.mission.discodeit.repository.BinaryContentRepository; If you want this repository to be a Redis repository, consider annotating your entities with one of these annotations: org.springframework.data.redis.core.RedisHash (preferred), or consider extending one of the following types with your repository: org.springframework.data.keyvalue.repository.KeyValueRepository
26-06-19 09:24:35.753 [main] [32mINFO [0;39m o.s.d.r.c.RepositoryConfigurationExtensionSupport [ |  | ] - Spring Data Redis - Could not safely identify store assignment for repository candidate interface com.sprint.mission.discodeit.repository.ChannelRepository; If you want this repository to be a Redis repository, consider annotating your entities with one of these annotations: org.springframework.data.redis.core.RedisHash (preferred), or consider extending one of the following types with your repository: org.springframework.data.keyvalue.repository.KeyValueRepository
26-06-19 09:24:35.754 [main] [32mINFO [0;39m o.s.d.r.c.RepositoryConfigurationExtensionSupport [ |  | ] - Spring Data Redis - Could not safely identify store assignment for repository candidate interface com.sprint.mission.discodeit.repository.MessageRepository; If you want this repository to be a Redis repository, consider annotating your entities with one of these annotations: org.springframework.data.redis.core.RedisHash (preferred), or consider extending one of the following types with your repository: org.springframework.data.keyvalue.repository.KeyValueRepository
26-06-19 09:24:35.754 [main] [32mINFO [0;39m o.s.d.r.c.RepositoryConfigurationExtensionSupport [ |  | ] - Spring Data Redis - Could not safely identify store assignment for repository candidate interface com.sprint.mission.discodeit.repository.NotificationRepository; If you want this repository to be a Redis repository, consider annotating your entities with one of these annotations: org.springframework.data.redis.core.RedisHash (preferred), or consider extending one of the following types with your repository: org.springframework.data.keyvalue.repository.KeyValueRepository
26-06-19 09:24:35.755 [main] [32mINFO [0;39m o.s.d.r.c.RepositoryConfigurationExtensionSupport [ |  | ] - Spring Data Redis - Could not safely identify store assignment for repository candidate interface com.sprint.mission.discodeit.repository.ReadStatusRepository; If you want this repository to be a Redis repository, consider annotating your entities with one of these annotations: org.springframework.data.redis.core.RedisHash (preferred), or consider extending one of the following types with your repository: org.springframework.data.keyvalue.repository.KeyValueRepository
26-06-19 09:24:35.756 [main] [32mINFO [0;39m o.s.d.r.c.RepositoryConfigurationExtensionSupport [ |  | ] - Spring Data Redis - Could not safely identify store assignment for repository candidate interface com.sprint.mission.discodeit.repository.UserRepository; If you want this repository to be a Redis repository, consider annotating your entities with one of these annotations: org.springframework.data.redis.core.RedisHash (preferred), or consider extending one of the following types with your repository: org.springframework.data.keyvalue.repository.KeyValueRepository
26-06-19 09:24:35.757 [main] [32mINFO [0;39m o.s.d.r.c.RepositoryConfigurationExtensionSupport [ |  | ] - Spring Data Redis - Could not safely identify store assignment for repository candidate interface com.sprint.mission.discodeit.repository.jpa.JpaChannelRepository; If you want this repository to be a Redis repository, consider annotating your entities with one of these annotations: org.springframework.data.redis.core.RedisHash (preferred), or consider extending one of the following types with your repository: org.springframework.data.keyvalue.repository.KeyValueRepository
26-06-19 09:24:35.757 [main] [32mINFO [0;39m o.s.d.r.c.RepositoryConfigurationDelegate [ |  | ] - Finished Spring Data repository scanning in 32 ms. Found 0 Redis repository interfaces.
26-06-19 09:24:35.861 [main] [32mINFO [0;39m o.a.c.c.C.[Tomcat].[localhost].[/]   [ |  | ] - Initializing Spring embedded WebApplicationContext
26-06-19 09:24:35.862 [main] [32mINFO [0;39m o.s.b.w.s.c.ServletWebServerApplicationContext [ |  | ] - Root WebApplicationContext: initialization completed in 8245 ms
26-06-19 09:24:36.750 [main] [32mINFO [0;39m o.s.b.w.e.tomcat.TomcatWebServer     [ |  | ] - Tomcat initialized with port 8080 (http)
26-06-19 09:24:36.759 [main] [32mINFO [0;39m o.a.coyote.http11.Http11NioProtocol  [ |  | ] - Initializing ProtocolHandler ["http-nio-8080"]
26-06-19 09:24:36.760 [main] [32mINFO [0;39m o.a.catalina.core.StandardService    [ |  | ] - Starting service [Tomcat]
26-06-19 09:24:36.760 [main] [32mINFO [0;39m o.a.catalina.core.StandardEngine     [ |  | ] - Starting Servlet engine: [Apache Tomcat/10.1.33]
26-06-19 09:24:36.806 [main] [32mINFO [0;39m o.a.c.c.C.[Tomcat].[localhost].[/]   [ |  | ] - Initializing Spring embedded WebApplicationContext
26-06-19 09:24:36.806 [main] [32mINFO [0;39m o.s.b.w.s.c.ServletWebServerApplicationContext [ |  | ] - Root WebApplicationContext: initialization completed in 5397 ms
26-06-19 09:24:36.869 [main] [32mINFO [0;39m com.zaxxer.hikari.HikariDataSource   [ |  | ] - HikariPool-1 - Starting...
26-06-19 09:24:36.969 [main] [32mINFO [0;39m com.zaxxer.hikari.pool.HikariPool    [ |  | ] - HikariPool-1 - Added connection org.postgresql.jdbc.PgConnection@255d4d7
26-06-19 09:24:36.971 [main] [32mINFO [0;39m com.zaxxer.hikari.HikariDataSource   [ |  | ] - HikariPool-1 - Start completed.
26-06-19 09:24:37.101 [main] [32mINFO [0;39m o.h.jpa.internal.util.LogHelper      [ |  | ] - HHH000204: Processing PersistenceUnitInfo [name: default]
26-06-19 09:24:37.155 [main] [32mINFO [0;39m org.hibernate.Version                [ |  | ] - HHH000412: Hibernate ORM core version 6.6.2.Final
26-06-19 09:24:37.185 [main] [32mINFO [0;39m o.h.c.i.RegionFactoryInitiator       [ |  | ] - HHH000026: Second-level cache disabled
26-06-19 09:24:37.424 [main] [32mINFO [0;39m o.s.o.j.p.SpringPersistenceUnitInfo  [ |  | ] - No LoadTimeWeaver setup: ignoring JPA class transformer
26-06-19 09:24:37.515 [main] [32mINFO [0;39m o.hibernate.orm.connections.pooling  [ |  | ] - HHH10001005: Database info:
	Database JDBC URL [Connecting through datasource 'HikariDataSource (HikariPool-1)']
	Database driver: undefined/unknown
	Database version: 14.21
	Autocommit mode: undefined/unknown
	Isolation level: undefined/unknown
	Minimum pool size: undefined/unknown
	Maximum pool size: undefined/unknown
26-06-19 09:24:37.656 [main] [32mINFO [0;39m com.zaxxer.hikari.HikariDataSource   [ |  | ] - HikariPool-1 - Starting...
26-06-19 09:24:37.718 [main] [32mINFO [0;39m com.zaxxer.hikari.pool.HikariPool    [ |  | ] - HikariPool-1 - Added connection org.postgresql.jdbc.PgConnection@2cfd9b0a
26-06-19 09:24:37.719 [main] [32mINFO [0;39m com.zaxxer.hikari.HikariDataSource   [ |  | ] - HikariPool-1 - Start completed.
26-06-19 09:24:37.805 [main] [32mINFO [0;39m o.h.jpa.internal.util.LogHelper      [ |  | ] - HHH000204: Processing PersistenceUnitInfo [name: default]
26-06-19 09:24:37.838 [main] [32mINFO [0;39m org.hibernate.Version                [ |  | ] - HHH000412: Hibernate ORM core version 6.6.2.Final
26-06-19 09:24:37.878 [main] [32mINFO [0;39m o.h.c.i.RegionFactoryInitiator       [ |  | ] - HHH000026: Second-level cache disabled
26-06-19 09:24:38.121 [main] [32mINFO [0;39m o.s.o.j.p.SpringPersistenceUnitInfo  [ |  | ] - No LoadTimeWeaver setup: ignoring JPA class transformer
26-06-19 09:24:38.182 [main] [32mINFO [0;39m o.hibernate.orm.connections.pooling  [ |  | ] - HHH10001005: Database info:
	Database JDBC URL [Connecting through datasource 'HikariDataSource (HikariPool-1)']
	Database driver: undefined/unknown
	Database version: 14.21
	Autocommit mode: undefined/unknown
	Isolation level: undefined/unknown
	Minimum pool size: undefined/unknown
	Maximum pool size: undefined/unknown
26-06-19 09:24:38.522 [main] [32mINFO [0;39m o.h.e.t.j.p.i.JtaPlatformInitiator   [ |  | ] - HHH000489: No JTA platform available (set 'hibernate.transaction.jta.platform' to enable JTA platform integration)
26-06-19 09:24:38.591 [main] [32mINFO [0;39m o.s.o.j.LocalContainerEntityManagerFactoryBean [ |  | ] - Initialized JPA EntityManagerFactory for persistence unit 'default'
26-06-19 09:24:38.834 [main] [32mINFO [0;39m o.s.d.j.r.query.QueryEnhancerFactory [ |  | ] - Hibernate is in classpath; If applicable, HQL parser will be used.
26-06-19 09:24:39.094 [main] [32mINFO [0;39m o.h.e.t.j.p.i.JtaPlatformInitiator   [ |  | ] - HHH000489: No JTA platform available (set 'hibernate.transaction.jta.platform' to enable JTA platform integration)
26-06-19 09:24:39.132 [main] [32mINFO [0;39m o.s.o.j.LocalContainerEntityManagerFactoryBean [ |  | ] - Initialized JPA EntityManagerFactory for persistence unit 'default'
26-06-19 09:24:39.200 [main] [32mDEBUG[0;39m c.s.m.d.s.f.JwtAuthenticationFilter  [ |  | ] - Filter 'jwtAuthenticationFilter' configured for use
26-06-19 09:24:39.400 [main] [32mINFO [0;39m o.s.d.j.r.query.QueryEnhancerFactory [ |  | ] - Hibernate is in classpath; If applicable, HQL parser will be used.
26-06-19 09:24:39.861 [main] [32mDEBUG[0;39m c.s.m.d.s.f.JwtAuthenticationFilter  [ |  | ] - Filter 'jwtAuthenticationFilter' configured for use
26-06-19 09:24:40.289 [main] [32mTRACE[0;39m o.s.s.c.a.a.c.AuthenticationConfiguration$EnableGlobalAuthenticationAutowiredConfigurer [ |  | ] - Eagerly initializing {securityConfig=com.sprint.mission.discodeit.config.SecurityConfig$$SpringCGLIB$$0@c55b4d0}
26-06-19 09:24:40.297 [main] [32mINFO [0;39m o.s.s.c.a.a.c.InitializeUserDetailsBeanManagerConfigurer$InitializeUserDetailsManagerConfigurer [ |  | ] - Global AuthenticationManager configured with UserDetailsService bean with name discodeitUserDetailsService
26-06-19 09:24:40.469 [main] [32mINFO [0;39m o.s.b.a.w.s.WelcomePageHandlerMapping [ |  | ] - Adding welcome page: class path resource [static/index.html]
26-06-19 09:24:40.758 [main] [32mTRACE[0;39m o.s.s.c.a.a.c.AuthenticationConfiguration$EnableGlobalAuthenticationAutowiredConfigurer [ |  | ] - Eagerly initializing {securityConfig=com.sprint.mission.discodeit.config.SecurityConfig$$SpringCGLIB$$0@4f6f6223}
26-06-19 09:24:40.765 [main] [32mINFO [0;39m o.s.s.c.a.a.c.InitializeUserDetailsBeanManagerConfigurer$InitializeUserDetailsManagerConfigurer [ |  | ] - Global AuthenticationManager configured with UserDetailsService bean with name discodeitUserDetailsService
26-06-19 09:24:40.906 [main] [32mINFO [0;39m o.s.b.a.e.web.EndpointLinksResolver  [ |  | ] - Exposing 4 endpoints beneath base path '/actuator'
26-06-19 09:24:40.913 [main] [32mINFO [0;39m o.s.b.a.w.s.WelcomePageHandlerMapping [ |  | ] - Adding welcome page: class path resource [static/index.html]
26-06-19 09:24:41.131 [main] [32mDEBUG[0;39m o.s.s.web.DefaultSecurityFilterChain [ |  | ] - Will secure any request with filters: DisableEncodeUrlFilter, WebAsyncManagerIntegrationFilter, SecurityContextHolderFilter, HeaderWriterFilter, CsrfFilter, LogoutFilter, JwtAuthenticationFilter, UsernamePasswordAuthenticationFilter, RequestCacheAwareFilter, SecurityContextHolderAwareRequestFilter, RememberMeAuthenticationFilter, AnonymousAuthenticationFilter, SessionManagementFilter, ExceptionTranslationFilter, AuthorizationFilter
26-06-19 09:24:41.365 [main] [32mINFO [0;39m o.s.b.a.e.web.EndpointLinksResolver  [ |  | ] - Exposing 4 endpoints beneath base path '/actuator'
26-06-19 09:24:41.541 [main] [32mDEBUG[0;39m o.s.s.web.DefaultSecurityFilterChain [ |  | ] - Will secure any request with filters: DisableEncodeUrlFilter, WebAsyncManagerIntegrationFilter, SecurityContextHolderFilter, HeaderWriterFilter, CsrfFilter, LogoutFilter, JwtAuthenticationFilter, UsernamePasswordAuthenticationFilter, RequestCacheAwareFilter, SecurityContextHolderAwareRequestFilter, RememberMeAuthenticationFilter, AnonymousAuthenticationFilter, SessionManagementFilter, ExceptionTranslationFilter, AuthorizationFilter
26-06-19 09:24:42.291 [main] [32mINFO [0;39m o.s.m.s.b.SimpleBrokerMessageHandler [ |  | ] - Starting...
26-06-19 09:24:42.292 [main] [32mINFO [0;39m o.s.m.s.b.SimpleBrokerMessageHandler [ |  | ] - BrokerAvailabilityEvent[available=true, SimpleBrokerMessageHandler [org.springframework.messaging.simp.broker.DefaultSubscriptionRegistry@29c26959]]
26-06-19 09:24:42.292 [main] [32mINFO [0;39m o.s.m.s.b.SimpleBrokerMessageHandler [ |  | ] - Started.
26-06-19 09:24:42.293 [main] [32mINFO [0;39m o.a.coyote.http11.Http11NioProtocol  [ |  | ] - Starting ProtocolHandler ["http-nio-8080"]
26-06-19 09:24:42.300 [main] [32mINFO [0;39m o.s.m.s.b.SimpleBrokerMessageHandler [ |  | ] - Stopping...
26-06-19 09:24:42.300 [main] [32mINFO [0;39m o.s.m.s.b.SimpleBrokerMessageHandler [ |  | ] - BrokerAvailabilityEvent[available=false, SimpleBrokerMessageHandler [org.springframework.messaging.simp.broker.DefaultSubscriptionRegistry@29c26959]]
26-06-19 09:24:42.300 [main] [32mINFO [0;39m o.s.m.s.b.SimpleBrokerMessageHandler [ |  | ] - Stopped.
26-06-19 09:24:42.304 [main] [33mWARN [0;39m o.s.b.w.s.c.AnnotationConfigServletWebServerApplicationContext [ |  | ] - Exception encountered during context initialization - cancelling refresh attempt: org.springframework.context.ApplicationContextException: Failed to start bean 'webServerStartStop'
26-06-19 09:24:42.311 [main] [32mINFO [0;39m o.s.o.j.LocalContainerEntityManagerFactoryBean [ |  | ] - Closing JPA EntityManagerFactory for persistence unit 'default'
26-06-19 09:24:42.313 [main] [32mINFO [0;39m com.zaxxer.hikari.HikariDataSource   [ |  | ] - HikariPool-1 - Shutdown initiated...
26-06-19 09:24:42.315 [main] [32mINFO [0;39m com.zaxxer.hikari.HikariDataSource   [ |  | ] - HikariPool-1 - Shutdown completed.
26-06-19 09:24:42.336 [main] [32mINFO [0;39m o.s.b.a.l.ConditionEvaluationReportLogger [ |  | ] - 

Error starting ApplicationContext. To display the condition evaluation report re-run your application with 'debug' enabled.
26-06-19 09:24:42.346 [main] [31mERROR[0;39m o.s.b.d.LoggingFailureAnalysisReporter [ |  | ] - 

***************************
APPLICATION FAILED TO START
***************************

Description:

Web server failed to start. Port 8080 was already in use.

Action:

Identify and stop the process that's listening on port 8080 or configure this application to listen on another port.

26-06-19 09:24:42.620 [main] [32mINFO [0;39m o.s.m.s.b.SimpleBrokerMessageHandler [ |  | ] - Starting...
26-06-19 09:24:42.621 [main] [32mINFO [0;39m o.s.m.s.b.SimpleBrokerMessageHandler [ |  | ] - BrokerAvailabilityEvent[available=true, SimpleBrokerMessageHandler [org.springframework.messaging.simp.broker.DefaultSubscriptionRegistry@1c4e516e]]
26-06-19 09:24:42.622 [main] [32mINFO [0;39m o.s.m.s.b.SimpleBrokerMessageHandler [ |  | ] - Started.
26-06-19 09:24:42.622 [main] [32mINFO [0;39m o.a.coyote.http11.Http11NioProtocol  [ |  | ] - Starting ProtocolHandler ["http-nio-8080"]
26-06-19 09:24:42.626 [main] [32mINFO [0;39m o.s.m.s.b.SimpleBrokerMessageHandler [ |  | ] - Stopping...
26-06-19 09:24:42.627 [main] [32mINFO [0;39m o.s.m.s.b.SimpleBrokerMessageHandler [ |  | ] - BrokerAvailabilityEvent[available=false, SimpleBrokerMessageHandler [org.springframework.messaging.simp.broker.DefaultSubscriptionRegistry@1c4e516e]]
26-06-19 09:24:42.627 [main] [32mINFO [0;39m o.s.m.s.b.SimpleBrokerMessageHandler [ |  | ] - Stopped.
26-06-19 09:24:42.632 [main] [33mWARN [0;39m o.s.b.w.s.c.AnnotationConfigServletWebServerApplicationContext [ |  | ] - Exception encountered during context initialization - cancelling refresh attempt: org.springframework.context.ApplicationContextException: Failed to start bean 'webServerStartStop'
26-06-19 09:24:42.638 [main] [32mINFO [0;39m o.s.o.j.LocalContainerEntityManagerFactoryBean [ |  | ] - Closing JPA EntityManagerFactory for persistence unit 'default'
26-06-19 09:24:42.640 [main] [32mINFO [0;39m com.zaxxer.hikari.HikariDataSource   [ |  | ] - HikariPool-1 - Shutdown initiated...
26-06-19 09:24:42.643 [main] [32mINFO [0;39m com.zaxxer.hikari.HikariDataSource   [ |  | ] - HikariPool-1 - Shutdown completed.
26-06-19 09:24:42.670 [main] [32mINFO [0;39m o.s.b.a.l.ConditionEvaluationReportLogger [ |  | ] - 

Error starting ApplicationContext. To display the condition evaluation report re-run your application with 'debug' enabled.
26-06-19 09:24:42.682 [main] [31mERROR[0;39m o.s.b.d.LoggingFailureAnalysisReporter [ |  | ] - 

***************************
APPLICATION FAILED TO START
***************************

Description:

Web server failed to start. Port 8080 was already in use.

Action:

Identify and stop the process that's listening on port 8080 or configure this application to listen on another port.

26-06-19 09:26:28.614 [background-preinit] [32mINFO [0;39m o.h.validator.internal.util.Version  [ |  | ] - HV000001: Hibernate Validator 8.0.1.Final
26-06-19 09:26:28.643 [main] [32mINFO [0;39m c.s.m.discodeit.DiscodeitApplication [ |  | ] - Starting DiscodeitApplication using Java 17.0.18 with PID 27576 (/Users/apple/IdeaProjects/temp/9-sprint-mission/discodeit/build/classes/java/main started by apple in /Users/apple/IdeaProjects/temp/9-sprint-mission)
26-06-19 09:26:28.643 [main] [32mDEBUG[0;39m c.s.m.discodeit.DiscodeitApplication [ |  | ] - Running with Spring Boot v3.4.0, Spring v6.2.0
26-06-19 09:26:28.644 [main] [32mINFO [0;39m c.s.m.discodeit.DiscodeitApplication [ |  | ] - The following 1 profile is active: "dev"
26-06-19 09:26:29.678 [main] [32mINFO [0;39m o.s.d.r.c.RepositoryConfigurationDelegate [ |  | ] - Multiple Spring Data modules found, entering strict repository configuration mode
26-06-19 09:26:29.680 [main] [32mINFO [0;39m o.s.d.r.c.RepositoryConfigurationDelegate [ |  | ] - Bootstrapping Spring Data JPA repositories in DEFAULT mode.
26-06-19 09:26:29.786 [main] [32mINFO [0;39m o.s.d.r.c.RepositoryConfigurationDelegate [ |  | ] - Finished Spring Data repository scanning in 100 ms. Found 7 JPA repository interfaces.
26-06-19 09:26:29.795 [main] [32mINFO [0;39m o.s.d.r.c.RepositoryConfigurationDelegate [ |  | ] - Multiple Spring Data modules found, entering strict repository configuration mode
26-06-19 09:26:29.796 [main] [32mINFO [0;39m o.s.d.r.c.RepositoryConfigurationDelegate [ |  | ] - Bootstrapping Spring Data Redis repositories in DEFAULT mode.
26-06-19 09:26:29.806 [main] [32mINFO [0;39m o.s.d.r.c.RepositoryConfigurationExtensionSupport [ |  | ] - Spring Data Redis - Could not safely identify store assignment for repository candidate interface com.sprint.mission.discodeit.repository.BinaryContentRepository; If you want this repository to be a Redis repository, consider annotating your entities with one of these annotations: org.springframework.data.redis.core.RedisHash (preferred), or consider extending one of the following types with your repository: org.springframework.data.keyvalue.repository.KeyValueRepository
26-06-19 09:26:29.807 [main] [32mINFO [0;39m o.s.d.r.c.RepositoryConfigurationExtensionSupport [ |  | ] - Spring Data Redis - Could not safely identify store assignment for repository candidate interface com.sprint.mission.discodeit.repository.ChannelRepository; If you want this repository to be a Redis repository, consider annotating your entities with one of these annotations: org.springframework.data.redis.core.RedisHash (preferred), or consider extending one of the following types with your repository: org.springframework.data.keyvalue.repository.KeyValueRepository
26-06-19 09:26:29.807 [main] [32mINFO [0;39m o.s.d.r.c.RepositoryConfigurationExtensionSupport [ |  | ] - Spring Data Redis - Could not safely identify store assignment for repository candidate interface com.sprint.mission.discodeit.repository.MessageRepository; If you want this repository to be a Redis repository, consider annotating your entities with one of these annotations: org.springframework.data.redis.core.RedisHash (preferred), or consider extending one of the following types with your repository: org.springframework.data.keyvalue.repository.KeyValueRepository
26-06-19 09:26:29.807 [main] [32mINFO [0;39m o.s.d.r.c.RepositoryConfigurationExtensionSupport [ |  | ] - Spring Data Redis - Could not safely identify store assignment for repository candidate interface com.sprint.mission.discodeit.repository.NotificationRepository; If you want this repository to be a Redis repository, consider annotating your entities with one of these annotations: org.springframework.data.redis.core.RedisHash (preferred), or consider extending one of the following types with your repository: org.springframework.data.keyvalue.repository.KeyValueRepository
26-06-19 09:26:29.808 [main] [32mINFO [0;39m o.s.d.r.c.RepositoryConfigurationExtensionSupport [ |  | ] - Spring Data Redis - Could not safely identify store assignment for repository candidate interface com.sprint.mission.discodeit.repository.ReadStatusRepository; If you want this repository to be a Redis repository, consider annotating your entities with one of these annotations: org.springframework.data.redis.core.RedisHash (preferred), or consider extending one of the following types with your repository: org.springframework.data.keyvalue.repository.KeyValueRepository
26-06-19 09:26:29.808 [main] [32mINFO [0;39m o.s.d.r.c.RepositoryConfigurationExtensionSupport [ |  | ] - Spring Data Redis - Could not safely identify store assignment for repository candidate interface com.sprint.mission.discodeit.repository.UserRepository; If you want this repository to be a Redis repository, consider annotating your entities with one of these annotations: org.springframework.data.redis.core.RedisHash (preferred), or consider extending one of the following types with your repository: org.springframework.data.keyvalue.repository.KeyValueRepository
26-06-19 09:26:29.808 [main] [32mINFO [0;39m o.s.d.r.c.RepositoryConfigurationExtensionSupport [ |  | ] - Spring Data Redis - Could not safely identify store assignment for repository candidate interface com.sprint.mission.discodeit.repository.jpa.JpaChannelRepository; If you want this repository to be a Redis repository, consider annotating your entities with one of these annotations: org.springframework.data.redis.core.RedisHash (preferred), or consider extending one of the following types with your repository: org.springframework.data.keyvalue.repository.KeyValueRepository
26-06-19 09:26:29.808 [main] [32mINFO [0;39m o.s.d.r.c.RepositoryConfigurationDelegate [ |  | ] - Finished Spring Data repository scanning in 6 ms. Found 0 Redis repository interfaces.
26-06-19 09:26:30.518 [main] [32mINFO [0;39m o.s.b.w.e.tomcat.TomcatWebServer     [ |  | ] - Tomcat initialized with port 8080 (http)
26-06-19 09:26:30.527 [main] [32mINFO [0;39m o.a.coyote.http11.Http11NioProtocol  [ |  | ] - Initializing ProtocolHandler ["http-nio-8080"]
26-06-19 09:26:30.529 [main] [32mINFO [0;39m o.a.catalina.core.StandardService    [ |  | ] - Starting service [Tomcat]
26-06-19 09:26:30.529 [main] [32mINFO [0;39m o.a.catalina.core.StandardEngine     [ |  | ] - Starting Servlet engine: [Apache Tomcat/10.1.33]
26-06-19 09:26:30.565 [main] [32mINFO [0;39m o.a.c.c.C.[Tomcat].[localhost].[/]   [ |  | ] - Initializing Spring embedded WebApplicationContext
26-06-19 09:26:30.565 [main] [32mINFO [0;39m o.s.b.w.s.c.ServletWebServerApplicationContext [ |  | ] - Root WebApplicationContext: initialization completed in 1889 ms
26-06-19 09:26:31.211 [main] [32mINFO [0;39m com.zaxxer.hikari.HikariDataSource   [ |  | ] - HikariPool-1 - Starting...
26-06-19 09:26:31.292 [main] [32mINFO [0;39m com.zaxxer.hikari.pool.HikariPool    [ |  | ] - HikariPool-1 - Added connection org.postgresql.jdbc.PgConnection@26c1244c
26-06-19 09:26:31.293 [main] [32mINFO [0;39m com.zaxxer.hikari.HikariDataSource   [ |  | ] - HikariPool-1 - Start completed.
26-06-19 09:26:31.371 [main] [32mINFO [0;39m o.h.jpa.internal.util.LogHelper      [ |  | ] - HHH000204: Processing PersistenceUnitInfo [name: default]
26-06-19 09:26:31.410 [main] [32mINFO [0;39m org.hibernate.Version                [ |  | ] - HHH000412: Hibernate ORM core version 6.6.2.Final
26-06-19 09:26:31.439 [main] [32mINFO [0;39m o.h.c.i.RegionFactoryInitiator       [ |  | ] - HHH000026: Second-level cache disabled
26-06-19 09:26:31.637 [main] [32mINFO [0;39m o.s.o.j.p.SpringPersistenceUnitInfo  [ |  | ] - No LoadTimeWeaver setup: ignoring JPA class transformer
26-06-19 09:26:31.727 [main] [32mINFO [0;39m o.hibernate.orm.connections.pooling  [ |  | ] - HHH10001005: Database info:
	Database JDBC URL [Connecting through datasource 'HikariDataSource (HikariPool-1)']
	Database driver: undefined/unknown
	Database version: 14.21
	Autocommit mode: undefined/unknown
	Isolation level: undefined/unknown
	Minimum pool size: undefined/unknown
	Maximum pool size: undefined/unknown
26-06-19 09:26:32.443 [main] [32mINFO [0;39m o.h.e.t.j.p.i.JtaPlatformInitiator   [ |  | ] - HHH000489: No JTA platform available (set 'hibernate.transaction.jta.platform' to enable JTA platform integration)
26-06-19 09:26:32.484 [main] [32mINFO [0;39m o.s.o.j.LocalContainerEntityManagerFactoryBean [ |  | ] - Initialized JPA EntityManagerFactory for persistence unit 'default'
26-06-19 09:26:32.663 [main] [32mINFO [0;39m o.s.d.j.r.query.QueryEnhancerFactory [ |  | ] - Hibernate is in classpath; If applicable, HQL parser will be used.
26-06-19 09:26:32.932 [main] [32mDEBUG[0;39m c.s.m.d.s.f.JwtAuthenticationFilter  [ |  | ] - Filter 'jwtAuthenticationFilter' configured for use
26-06-19 09:26:33.617 [main] [32mTRACE[0;39m o.s.s.c.a.a.c.AuthenticationConfiguration$EnableGlobalAuthenticationAutowiredConfigurer [ |  | ] - Eagerly initializing {securityConfig=com.sprint.mission.discodeit.config.SecurityConfig$$SpringCGLIB$$0@4c062325}
26-06-19 09:26:33.622 [main] [32mINFO [0;39m o.s.s.c.a.a.c.InitializeUserDetailsBeanManagerConfigurer$InitializeUserDetailsManagerConfigurer [ |  | ] - Global AuthenticationManager configured with UserDetailsService bean with name discodeitUserDetailsService
26-06-19 09:26:33.756 [main] [32mINFO [0;39m o.s.b.a.w.s.WelcomePageHandlerMapping [ |  | ] - Adding welcome page: class path resource [static/index.html]
26-06-19 09:26:34.105 [main] [32mINFO [0;39m o.s.b.a.e.web.EndpointLinksResolver  [ |  | ] - Exposing 4 endpoints beneath base path '/actuator'
26-06-19 09:26:34.264 [main] [32mDEBUG[0;39m o.s.s.web.DefaultSecurityFilterChain [ |  | ] - Will secure any request with filters: DisableEncodeUrlFilter, WebAsyncManagerIntegrationFilter, SecurityContextHolderFilter, HeaderWriterFilter, CsrfFilter, LogoutFilter, JwtAuthenticationFilter, UsernamePasswordAuthenticationFilter, RequestCacheAwareFilter, SecurityContextHolderAwareRequestFilter, RememberMeAuthenticationFilter, AnonymousAuthenticationFilter, SessionManagementFilter, ExceptionTranslationFilter, AuthorizationFilter
26-06-19 09:26:35.283 [main] [32mINFO [0;39m o.s.m.s.b.SimpleBrokerMessageHandler [ |  | ] - Starting...
26-06-19 09:26:35.284 [main] [32mINFO [0;39m o.s.m.s.b.SimpleBrokerMessageHandler [ |  | ] - BrokerAvailabilityEvent[available=true, SimpleBrokerMessageHandler [org.springframework.messaging.simp.broker.DefaultSubscriptionRegistry@7c70c33a]]
26-06-19 09:26:35.285 [main] [32mINFO [0;39m o.s.m.s.b.SimpleBrokerMessageHandler [ |  | ] - Started.
26-06-19 09:26:35.285 [main] [32mINFO [0;39m o.a.coyote.http11.Http11NioProtocol  [ |  | ] - Starting ProtocolHandler ["http-nio-8080"]
26-06-19 09:26:35.296 [main] [32mINFO [0;39m o.s.b.w.e.tomcat.TomcatWebServer     [ |  | ] - Tomcat started on port 8080 (http) with context path '/'
26-06-19 09:26:35.321 [main] [32mINFO [0;39m o.a.k.c.consumer.ConsumerConfig      [ |  | ] - ConsumerConfig values: 
	allow.auto.create.topics = true
	auto.commit.interval.ms = 5000
	auto.include.jmx.reporter = true
	auto.offset.reset = earliest
	bootstrap.servers = [localhost:9092]
	check.crcs = true
	client.dns.lookup = use_all_dns_ips
	client.id = consumer-discodeit-notification-group-1
	client.rack = 
	connections.max.idle.ms = 540000
	default.api.timeout.ms = 60000
	enable.auto.commit = false
	enable.metrics.push = true
	exclude.internal.topics = true
	fetch.max.bytes = 52428800
	fetch.max.wait.ms = 500
	fetch.min.bytes = 1
	group.id = discodeit-notification-group
	group.instance.id = null
	group.protocol = classic
	group.remote.assignor = null
	heartbeat.interval.ms = 3000
	interceptor.classes = []
	internal.leave.group.on.close = true
	internal.throw.on.fetch.stable.offset.unsupported = false
	isolation.level = read_uncommitted
	key.deserializer = class org.apache.kafka.common.serialization.StringDeserializer
	max.partition.fetch.bytes = 1048576
	max.poll.interval.ms = 300000
	max.poll.records = 500
	metadata.max.age.ms = 300000
	metadata.recovery.strategy = none
	metric.reporters = []
	metrics.num.samples = 2
	metrics.recording.level = INFO
	metrics.sample.window.ms = 30000
	partition.assignment.strategy = [class org.apache.kafka.clients.consumer.RangeAssignor, class org.apache.kafka.clients.consumer.CooperativeStickyAssignor]
	receive.buffer.bytes = 65536
	reconnect.backoff.max.ms = 1000
	reconnect.backoff.ms = 50
	request.timeout.ms = 30000
	retry.backoff.max.ms = 1000
	retry.backoff.ms = 100
	sasl.client.callback.handler.class = null
	sasl.jaas.config = null
	sasl.kerberos.kinit.cmd = /usr/bin/kinit
	sasl.kerberos.min.time.before.relogin = 60000
	sasl.kerberos.service.name = null
	sasl.kerberos.ticket.renew.jitter = 0.05
	sasl.kerberos.ticket.renew.window.factor = 0.8
	sasl.login.callback.handler.class = null
	sasl.login.class = null
	sasl.login.connect.timeout.ms = null
	sasl.login.read.timeout.ms = null
	sasl.login.refresh.buffer.seconds = 300
	sasl.login.refresh.min.period.seconds = 60
	sasl.login.refresh.window.factor = 0.8
	sasl.login.refresh.window.jitter = 0.05
	sasl.login.retry.backoff.max.ms = 10000
	sasl.login.retry.backoff.ms = 100
	sasl.mechanism = GSSAPI
	sasl.oauthbearer.clock.skew.seconds = 30
	sasl.oauthbearer.expected.audience = null
	sasl.oauthbearer.expected.issuer = null
	sasl.oauthbearer.jwks.endpoint.refresh.ms = 3600000
	sasl.oauthbearer.jwks.endpoint.retry.backoff.max.ms = 10000
	sasl.oauthbearer.jwks.endpoint.retry.backoff.ms = 100
	sasl.oauthbearer.jwks.endpoint.url = null
	sasl.oauthbearer.scope.claim.name = scope
	sasl.oauthbearer.sub.claim.name = sub
	sasl.oauthbearer.token.endpoint.url = null
	security.protocol = PLAINTEXT
	security.providers = null
	send.buffer.bytes = 131072
	session.timeout.ms = 45000
	socket.connection.setup.timeout.max.ms = 30000
	socket.connection.setup.timeout.ms = 10000
	ssl.cipher.suites = null
	ssl.enabled.protocols = [TLSv1.2, TLSv1.3]
	ssl.endpoint.identification.algorithm = https
	ssl.engine.factory.class = null
	ssl.key.password = null
	ssl.keymanager.algorithm = SunX509
	ssl.keystore.certificate.chain = null
	ssl.keystore.key = null
	ssl.keystore.location = null
	ssl.keystore.password = null
	ssl.keystore.type = JKS
	ssl.protocol = TLSv1.3
	ssl.provider = null
	ssl.secure.random.implementation = null
	ssl.trustmanager.algorithm = PKIX
	ssl.truststore.certificates = null
	ssl.truststore.location = null
	ssl.truststore.password = null
	ssl.truststore.type = JKS
	value.deserializer = class org.apache.kafka.common.serialization.StringDeserializer

26-06-19 09:26:35.355 [main] [32mINFO [0;39m o.a.k.c.t.i.KafkaMetricsCollector    [ |  | ] - initializing Kafka metrics collector
26-06-19 09:26:35.404 [main] [32mINFO [0;39m o.a.kafka.common.utils.AppInfoParser [ |  | ] - Kafka version: 3.8.1
26-06-19 09:26:35.404 [main] [32mINFO [0;39m o.a.kafka.common.utils.AppInfoParser [ |  | ] - Kafka commitId: 70d6ff42debf7e17
26-06-19 09:26:35.404 [main] [32mINFO [0;39m o.a.kafka.common.utils.AppInfoParser [ |  | ] - Kafka startTimeMs: 1781828795403
26-06-19 09:26:35.410 [main] [32mINFO [0;39m o.a.k.c.c.i.LegacyKafkaConsumer      [ |  | ] - [Consumer clientId=consumer-discodeit-notification-group-1, groupId=discodeit-notification-group] Subscribed to topic(s): discodeit.MessageCreatedEvent
26-06-19 09:26:35.414 [main] [32mINFO [0;39m o.a.k.c.consumer.ConsumerConfig      [ |  | ] - ConsumerConfig values: 
	allow.auto.create.topics = true
	auto.commit.interval.ms = 5000
	auto.include.jmx.reporter = true
	auto.offset.reset = earliest
	bootstrap.servers = [localhost:9092]
	check.crcs = true
	client.dns.lookup = use_all_dns_ips
	client.id = consumer-discodeit-notification-group-2
	client.rack = 
	connections.max.idle.ms = 540000
	default.api.timeout.ms = 60000
	enable.auto.commit = false
	enable.metrics.push = true
	exclude.internal.topics = true
	fetch.max.bytes = 52428800
	fetch.max.wait.ms = 500
	fetch.min.bytes = 1
	group.id = discodeit-notification-group
	group.instance.id = null
	group.protocol = classic
	group.remote.assignor = null
	heartbeat.interval.ms = 3000
	interceptor.classes = []
	internal.leave.group.on.close = true
	internal.throw.on.fetch.stable.offset.unsupported = false
	isolation.level = read_uncommitted
	key.deserializer = class org.apache.kafka.common.serialization.StringDeserializer
	max.partition.fetch.bytes = 1048576
	max.poll.interval.ms = 300000
	max.poll.records = 500
	metadata.max.age.ms = 300000
	metadata.recovery.strategy = none
	metric.reporters = []
	metrics.num.samples = 2
	metrics.recording.level = INFO
	metrics.sample.window.ms = 30000
	partition.assignment.strategy = [class org.apache.kafka.clients.consumer.RangeAssignor, class org.apache.kafka.clients.consumer.CooperativeStickyAssignor]
	receive.buffer.bytes = 65536
	reconnect.backoff.max.ms = 1000
	reconnect.backoff.ms = 50
	request.timeout.ms = 30000
	retry.backoff.max.ms = 1000
	retry.backoff.ms = 100
	sasl.client.callback.handler.class = null
	sasl.jaas.config = null
	sasl.kerberos.kinit.cmd = /usr/bin/kinit
	sasl.kerberos.min.time.before.relogin = 60000
	sasl.kerberos.service.name = null
	sasl.kerberos.ticket.renew.jitter = 0.05
	sasl.kerberos.ticket.renew.window.factor = 0.8
	sasl.login.callback.handler.class = null
	sasl.login.class = null
	sasl.login.connect.timeout.ms = null
	sasl.login.read.timeout.ms = null
	sasl.login.refresh.buffer.seconds = 300
	sasl.login.refresh.min.period.seconds = 60
	sasl.login.refresh.window.factor = 0.8
	sasl.login.refresh.window.jitter = 0.05
	sasl.login.retry.backoff.max.ms = 10000
	sasl.login.retry.backoff.ms = 100
	sasl.mechanism = GSSAPI
	sasl.oauthbearer.clock.skew.seconds = 30
	sasl.oauthbearer.expected.audience = null
	sasl.oauthbearer.expected.issuer = null
	sasl.oauthbearer.jwks.endpoint.refresh.ms = 3600000
	sasl.oauthbearer.jwks.endpoint.retry.backoff.max.ms = 10000
	sasl.oauthbearer.jwks.endpoint.retry.backoff.ms = 100
	sasl.oauthbearer.jwks.endpoint.url = null
	sasl.oauthbearer.scope.claim.name = scope
	sasl.oauthbearer.sub.claim.name = sub
	sasl.oauthbearer.token.endpoint.url = null
	security.protocol = PLAINTEXT
	security.providers = null
	send.buffer.bytes = 131072
	session.timeout.ms = 45000
	socket.connection.setup.timeout.max.ms = 30000
	socket.connection.setup.timeout.ms = 10000
	ssl.cipher.suites = null
	ssl.enabled.protocols = [TLSv1.2, TLSv1.3]
	ssl.endpoint.identification.algorithm = https
	ssl.engine.factory.class = null
	ssl.key.password = null
	ssl.keymanager.algorithm = SunX509
	ssl.keystore.certificate.chain = null
	ssl.keystore.key = null
	ssl.keystore.location = null
	ssl.keystore.password = null
	ssl.keystore.type = JKS
	ssl.protocol = TLSv1.3
	ssl.provider = null
	ssl.secure.random.implementation = null
	ssl.trustmanager.algorithm = PKIX
	ssl.truststore.certificates = null
	ssl.truststore.location = null
	ssl.truststore.password = null
	ssl.truststore.type = JKS
	value.deserializer = class org.apache.kafka.common.serialization.StringDeserializer

26-06-19 09:26:35.415 [main] [32mINFO [0;39m o.a.k.c.t.i.KafkaMetricsCollector    [ |  | ] - initializing Kafka metrics collector
26-06-19 09:26:35.418 [main] [32mINFO [0;39m o.a.kafka.common.utils.AppInfoParser [ |  | ] - Kafka version: 3.8.1
26-06-19 09:26:35.418 [main] [32mINFO [0;39m o.a.kafka.common.utils.AppInfoParser [ |  | ] - Kafka commitId: 70d6ff42debf7e17
26-06-19 09:26:35.418 [main] [32mINFO [0;39m o.a.kafka.common.utils.AppInfoParser [ |  | ] - Kafka startTimeMs: 1781828795418
26-06-19 09:26:35.420 [main] [32mINFO [0;39m o.a.k.c.c.i.LegacyKafkaConsumer      [ |  | ] - [Consumer clientId=consumer-discodeit-notification-group-2, groupId=discodeit-notification-group] Subscribed to topic(s): discodeit.RoleUpdatedEvent
26-06-19 09:26:35.436 [main] [32mINFO [0;39m c.s.m.discodeit.DiscodeitApplication [ |  | ] - Started DiscodeitApplication in 7.119 seconds (process running for 7.932)
26-06-19 09:26:35.508 [main] [32mDEBUG[0;39m org.hibernate.SQL                    [ |  | ] - 
    select
        u1_0.id 
    from
        users u1_0 
    where
        u1_0.role=? 
    fetch
        first ? rows only
26-06-19 09:26:35.510 [main] [32mTRACE[0;39m org.hibernate.orm.jdbc.bind          [ |  | ] - binding parameter (1:VARCHAR) <- [ADMIN]
26-06-19 09:26:35.511 [main] [32mTRACE[0;39m org.hibernate.orm.jdbc.bind          [ |  | ] - binding parameter (2:INTEGER) <- [1]
26-06-19 09:26:35.630 [org.springframework.kafka.KafkaListenerEndpointContainer#0-0-C-1] [32mINFO [0;39m o.apache.kafka.clients.NetworkClient [ |  | ] - [Consumer clientId=consumer-discodeit-notification-group-1, groupId=discodeit-notification-group] Node -1 disconnected.
26-06-19 09:26:35.630 [org.springframework.kafka.KafkaListenerEndpointContainer#1-0-C-1] [32mINFO [0;39m o.apache.kafka.clients.NetworkClient [ |  | ] - [Consumer clientId=consumer-discodeit-notification-group-2, groupId=discodeit-notification-group] Node -1 disconnected.
26-06-19 09:26:35.631 [org.springframework.kafka.KafkaListenerEndpointContainer#0-0-C-1] [33mWARN [0;39m o.apache.kafka.clients.NetworkClient [ |  | ] - [Consumer clientId=consumer-discodeit-notification-group-1, groupId=discodeit-notification-group] Connection to node -1 (localhost/127.0.0.1:9092) could not be established. Node may not be available.
26-06-19 09:26:35.631 [org.springframework.kafka.KafkaListenerEndpointContainer#1-0-C-1] [33mWARN [0;39m o.apache.kafka.clients.NetworkClient [ |  | ] - [Consumer clientId=consumer-discodeit-notification-group-2, groupId=discodeit-notification-group] Connection to node -1 (localhost/127.0.0.1:9092) could not be established. Node may not be available.
26-06-19 09:26:35.632 [org.springframework.kafka.KafkaListenerEndpointContainer#0-0-C-1] [33mWARN [0;39m o.apache.kafka.clients.NetworkClient [ |  | ] - [Consumer clientId=consumer-discodeit-notification-group-1, groupId=discodeit-notification-group] Bootstrap broker localhost:9092 (id: -1 rack: null) disconnected
26-06-19 09:26:35.632 [org.springframework.kafka.KafkaListenerEndpointContainer#1-0-C-1] [33mWARN [0;39m o.apache.kafka.clients.NetworkClient [ |  | ] - [Consumer clientId=consumer-discodeit-notification-group-2, groupId=discodeit-notification-group] Bootstrap broker localhost:9092 (id: -1 rack: null) disconnected
26-06-19 09:26:35.732 [MessageBroker-1] [31mERROR[0;39m o.s.s.s.TaskUtils$LoggingErrorHandler [ |  | ] - Unexpected error occurred in scheduled task
org.springframework.data.redis.RedisConnectionFailureException: Unable to connect to Redis
	at org.springframework.data.redis.connection.lettuce.LettuceConnectionFactory$ExceptionTranslatingConnectionProvider.translateException(LettuceConnectionFactory.java:1858)
	at org.springframework.data.redis.connection.lettuce.LettuceConnectionFactory$ExceptionTranslatingConnectionProvider.getConnection(LettuceConnectionFactory.java:1789)
	at org.springframework.data.redis.connection.lettuce.LettuceConnectionFactory$SharedConnection.getNativeConnection(LettuceConnectionFactory.java:1586)
	at org.springframework.data.redis.connection.lettuce.LettuceConnectionFactory$SharedConnection.lambda$getConnection$0(LettuceConnectionFactory.java:1566)
	at org.springframework.data.redis.connection.lettuce.LettuceConnectionFactory.doInLock(LettuceConnectionFactory.java:1527)
	at org.springframework.data.redis.connection.lettuce.LettuceConnectionFactory$SharedConnection.getConnection(LettuceConnectionFactory.java:1563)
	at org.springframework.data.redis.connection.lettuce.LettuceConnectionFactory.getSharedConnection(LettuceConnectionFactory.java:1249)
	at org.springframework.data.redis.connection.lettuce.LettuceConnectionFactory.getConnection(LettuceConnectionFactory.java:1055)
	at org.springframework.data.redis.core.RedisConnectionUtils.fetchConnection(RedisConnectionUtils.java:195)
	at org.springframework.data.redis.core.RedisConnectionUtils.doGetConnection(RedisConnectionUtils.java:144)
	at org.springframework.data.redis.core.RedisConnectionUtils.getConnection(RedisConnectionUtils.java:105)
	at org.springframework.data.redis.core.RedisTemplate.execute(RedisTemplate.java:398)
	at org.springframework.data.redis.core.RedisTemplate.execute(RedisTemplate.java:378)
	at org.springframework.data.redis.core.RedisTemplate.doWithKeys(RedisTemplate.java:790)
	at org.springframework.data.redis.core.RedisTemplate.keys(RedisTemplate.java:643)
	at com.sprint.mission.discodeit.security.registry.RedisJwtRegistry.clearExpiredJwtInformation(RedisJwtRegistry.java:159)
	at java.base/jdk.internal.reflect.NativeMethodAccessorImpl.invoke0(Native Method)
	at java.base/jdk.internal.reflect.NativeMethodAccessorImpl.invoke(NativeMethodAccessorImpl.java:77)
	at java.base/jdk.internal.reflect.DelegatingMethodAccessorImpl.invoke(DelegatingMethodAccessorImpl.java:43)
	at java.base/java.lang.reflect.Method.invoke(Method.java:569)
	at org.springframework.aop.support.AopUtils.invokeJoinpointUsingReflection(AopUtils.java:359)
	at org.springframework.aop.framework.ReflectiveMethodInvocation.invokeJoinpoint(ReflectiveMethodInvocation.java:196)
	at org.springframework.aop.framework.ReflectiveMethodInvocation.proceed(ReflectiveMethodInvocation.java:163)
	at org.springframework.retry.annotation.AnnotationAwareRetryOperationsInterceptor.invoke(AnnotationAwareRetryOperationsInterceptor.java:165)
	at org.springframework.aop.framework.ReflectiveMethodInvocation.proceed(ReflectiveMethodInvocation.java:184)
	at org.springframework.aop.framework.CglibAopProxy$DynamicAdvisedInterceptor.intercept(CglibAopProxy.java:727)
	at com.sprint.mission.discodeit.security.registry.RedisJwtRegistry$$SpringCGLIB$$0.clearExpiredJwtInformation(<generated>)
	at java.base/jdk.internal.reflect.NativeMethodAccessorImpl.invoke0(Native Method)
	at java.base/jdk.internal.reflect.NativeMethodAccessorImpl.invoke(NativeMethodAccessorImpl.java:77)
	at java.base/jdk.internal.reflect.DelegatingMethodAccessorImpl.invoke(DelegatingMethodAccessorImpl.java:43)
	at java.base/java.lang.reflect.Method.invoke(Method.java:569)
	at org.springframework.scheduling.support.ScheduledMethodRunnable.runInternal(ScheduledMethodRunnable.java:130)
	at org.springframework.scheduling.support.ScheduledMethodRunnable.lambda$run$2(ScheduledMethodRunnable.java:124)
	at io.micrometer.observation.Observation.observe(Observation.java:499)
	at org.springframework.scheduling.support.ScheduledMethodRunnable.run(ScheduledMethodRunnable.java:124)
	at org.springframework.scheduling.config.Task$OutcomeTrackingRunnable.run(Task.java:83)
	at org.springframework.scheduling.support.DelegatingErrorHandlingRunnable.run(DelegatingErrorHandlingRunnable.java:54)
	at java.base/java.util.concurrent.Executors$RunnableAdapter.call(Executors.java:539)
	at java.base/java.util.concurrent.FutureTask.runAndReset(FutureTask.java:305)
	at java.base/java.util.concurrent.ScheduledThreadPoolExecutor$ScheduledFutureTask.run(ScheduledThreadPoolExecutor.java:305)
	at java.base/java.util.concurrent.ThreadPoolExecutor.runWorker(ThreadPoolExecutor.java:1136)
	at java.base/java.util.concurrent.ThreadPoolExecutor$Worker.run(ThreadPoolExecutor.java:635)
	at java.base/java.lang.Thread.run(Thread.java:840)
Caused by: io.lettuce.core.RedisConnectionException: Unable to connect to localhost/<unresolved>:6379
	at io.lettuce.core.RedisConnectionException.create(RedisConnectionException.java:63)
	at io.lettuce.core.RedisConnectionException.create(RedisConnectionException.java:41)
	at io.lettuce.core.AbstractRedisClient.getConnection(AbstractRedisClient.java:354)
	at io.lettuce.core.RedisClient.connect(RedisClient.java:219)
	at org.springframework.data.redis.connection.lettuce.StandaloneConnectionProvider.lambda$getConnection$1(StandaloneConnectionProvider.java:112)
	at java.base/java.util.Optional.orElseGet(Optional.java:364)
	at org.springframework.data.redis.connection.lettuce.StandaloneConnectionProvider.getConnection(StandaloneConnectionProvider.java:112)
	at org.springframework.data.redis.connection.lettuce.LettuceConnectionFactory$ExceptionTranslatingConnectionProvider.getConnection(LettuceConnectionFactory.java:1787)
	... 41 common frames omitted
Caused by: io.netty.channel.AbstractChannel$AnnotatedConnectException: Connection refused: localhost/127.0.0.1:6379
Caused by: java.net.ConnectException: Connection refused
	at java.base/sun.nio.ch.Net.pollConnect(Native Method)
	at java.base/sun.nio.ch.Net.pollConnectNow(Net.java:684)
	at java.base/sun.nio.ch.SocketChannelImpl.finishConnect(SocketChannelImpl.java:946)
	at io.netty.channel.socket.nio.NioSocketChannel.doFinishConnect(NioSocketChannel.java:336)
	at io.netty.channel.nio.AbstractNioChannel$AbstractNioUnsafe.finishConnect(AbstractNioChannel.java:339)
	at io.netty.channel.nio.NioEventLoop.processSelectedKey(NioEventLoop.java:776)
	at io.netty.channel.nio.NioEventLoop.processSelectedKeysOptimized(NioEventLoop.java:724)
	at io.netty.channel.nio.NioEventLoop.processSelectedKeys(NioEventLoop.java:650)
	at io.netty.channel.nio.NioEventLoop.run(NioEventLoop.java:562)
	at io.netty.util.concurrent.SingleThreadEventExecutor$4.run(SingleThreadEventExecutor.java:997)
	at io.netty.util.internal.ThreadExecutorMap$2.run(ThreadExecutorMap.java:74)
	at io.netty.util.concurrent.FastThreadLocalRunnable.run(FastThreadLocalRunnable.java:30)
	at java.base/java.lang.Thread.run(Thread.java:840)
26-06-19 09:26:35.743 [org.springframework.kafka.KafkaListenerEndpointContainer#1-0-C-1] [32mINFO [0;39m o.apache.kafka.clients.NetworkClient [ |  | ] - [Consumer clientId=consumer-discodeit-notification-group-2, groupId=discodeit-notification-group] Node -1 disconnected.
26-06-19 09:26:35.743 [org.springframework.kafka.KafkaListenerEndpointContainer#1-0-C-1] [33mWARN [0;39m o.apache.kafka.clients.NetworkClient [ |  | ] - [Consumer clientId=consumer-discodeit-notification-group-2, groupId=discodeit-notification-group] Connection to node -1 (localhost/127.0.0.1:9092) could not be established. Node may not be available.
26-06-19 09:26:35.744 [org.springframework.kafka.KafkaListenerEndpointContainer#1-0-C-1] [33mWARN [0;39m o.apache.kafka.clients.NetworkClient [ |  | ] - [Consumer clientId=consumer-discodeit-notification-group-2, groupId=discodeit-notification-group] Bootstrap broker localhost:9092 (id: -1 rack: null) disconnected
26-06-19 09:26:35.750 [org.springframework.kafka.KafkaListenerEndpointContainer#0-0-C-1] [32mINFO [0;39m o.apache.kafka.clients.NetworkClient [ |  | ] - [Consumer clientId=consumer-discodeit-notification-group-1, groupId=discodeit-notification-group] Node -1 disconnected.
26-06-19 09:26:35.751 [org.springframework.kafka.KafkaListenerEndpointContainer#0-0-C-1] [33mWARN [0;39m o.apache.kafka.clients.NetworkClient [ |  | ] - [Consumer clientId=consumer-discodeit-notification-group-1, groupId=discodeit-notification-group] Connection to node -1 (localhost/127.0.0.1:9092) could not be established. Node may not be available.
26-06-19 09:26:35.751 [org.springframework.kafka.KafkaListenerEndpointContainer#0-0-C-1] [33mWARN [0;39m o.apache.kafka.clients.NetworkClient [ |  | ] - [Consumer clientId=consumer-discodeit-notification-group-1, groupId=discodeit-notification-group] Bootstrap broker localhost:9092 (id: -1 rack: null) disconnected
26-06-19 09:26:35.847 [org.springframework.kafka.KafkaListenerEndpointContainer#1-0-C-1] [32mINFO [0;39m o.apache.kafka.clients.NetworkClient [ |  | ] - [Consumer clientId=consumer-discodeit-notification-group-2, groupId=discodeit-notification-group] Node -1 disconnected.
26-06-19 09:26:35.847 [org.springframework.kafka.KafkaListenerEndpointContainer#1-0-C-1] [33mWARN [0;39m o.apache.kafka.clients.NetworkClient [ |  | ] - [Consumer clientId=consumer-discodeit-notification-group-2, groupId=discodeit-notification-group] Connection to node -1 (localhost/127.0.0.1:9092) could not be established. Node may not be available.
26-06-19 09:26:35.847 [org.springframework.kafka.KafkaListenerEndpointContainer#1-0-C-1] [33mWARN [0;39m o.apache.kafka.clients.NetworkClient [ |  | ] - [Consumer clientId=consumer-discodeit-notification-group-2, groupId=discodeit-notification-group] Bootstrap broker localhost:9092 (id: -1 rack: null) disconnected
26-06-19 09:26:35.853 [org.springframework.kafka.KafkaListenerEndpointContainer#0-0-C-1] [32mINFO [0;39m o.apache.kafka.clients.NetworkClient [ |  | ] - [Consumer clientId=consumer-discodeit-notification-group-1, groupId=discodeit-notification-group] Node -1 disconnected.
26-06-19 09:26:35.853 [org.springframework.kafka.KafkaListenerEndpointContainer#0-0-C-1] [33mWARN [0;39m o.apache.kafka.clients.NetworkClient [ |  | ] - [Consumer clientId=consumer-discodeit-notification-group-1, groupId=discodeit-notification-group] Connection to node -1 (localhost/127.0.0.1:9092) could not be established. Node may not be available.
26-06-19 09:26:35.854 [org.springframework.kafka.KafkaListenerEndpointContainer#0-0-C-1] [33mWARN [0;39m o.apache.kafka.clients.NetworkClient [ |  | ] - [Consumer clientId=consumer-discodeit-notification-group-1, groupId=discodeit-notification-group] Bootstrap broker localhost:9092 (id: -1 rack: null) disconnected
26-06-19 09:26:36.073 [org.springframework.kafka.KafkaListenerEndpointContainer#1-0-C-1] [32mINFO [0;39m o.apache.kafka.clients.NetworkClient [ |  | ] - [Consumer clientId=consumer-discodeit-notification-group-2, groupId=discodeit-notification-group] Node -1 disconnected.
26-06-19 09:26:36.074 [org.springframework.kafka.KafkaListenerEndpointContainer#1-0-C-1] [33mWARN [0;39m o.apache.kafka.clients.NetworkClient [ |  | ] - [Consumer clientId=consumer-discodeit-notification-group-2, groupId=discodeit-notification-group] Connection to node -1 (localhost/127.0.0.1:9092) could not be established. Node may not be available.
26-06-19 09:26:36.074 [org.springframework.kafka.KafkaListenerEndpointContainer#1-0-C-1] [33mWARN [0;39m o.apache.kafka.clients.NetworkClient [ |  | ] - [Consumer clientId=consumer-discodeit-notification-group-2, groupId=discodeit-notification-group] Bootstrap broker localhost:9092 (id: -1 rack: null) disconnected
26-06-19 09:26:36.124 [org.springframework.kafka.KafkaListenerEndpointContainer#0-0-C-1] [32mINFO [0;39m o.apache.kafka.clients.NetworkClient [ |  | ] - [Consumer clientId=consumer-discodeit-notification-group-1, groupId=discodeit-notification-group] Node -1 disconnected.
26-06-19 09:26:36.125 [org.springframework.kafka.KafkaListenerEndpointContainer#0-0-C-1] [33mWARN [0;39m o.apache.kafka.clients.NetworkClient [ |  | ] - [Consumer clientId=consumer-discodeit-notification-group-1, groupId=discodeit-notification-group] Connection to node -1 (localhost/127.0.0.1:9092) could not be established. Node may not be available.
26-06-19 09:26:36.125 [org.springframework.kafka.KafkaListenerEndpointContainer#0-0-C-1] [33mWARN [0;39m o.apache.kafka.clients.NetworkClient [ |  | ] - [Consumer clientId=consumer-discodeit-notification-group-1, groupId=discodeit-notification-group] Bootstrap broker localhost:9092 (id: -1 rack: null) disconnected
26-06-19 09:26:36.212 [RMI TCP Connection(4)-192.168.219.150] [32mINFO [0;39m o.a.c.c.C.[Tomcat].[localhost].[/]   [ |  | ] - Initializing Spring DispatcherServlet 'dispatcherServlet'
26-06-19 09:26:36.212 [RMI TCP Connection(4)-192.168.219.150] [32mINFO [0;39m o.s.web.servlet.DispatcherServlet    [ |  | ] - Initializing Servlet 'dispatcherServlet'
26-06-19 09:26:36.215 [RMI TCP Connection(4)-192.168.219.150] [32mINFO [0;39m o.s.web.servlet.DispatcherServlet    [ |  | ] - Completed initialization in 2 ms
26-06-19 09:26:36.239 [boundedElastic-1] [33mWARN [0;39m o.s.b.a.d.r.RedisReactiveHealthIndicator [ |  | ] - Redis health check failed
org.springframework.data.redis.RedisConnectionFailureException: Unable to connect to Redis
	at org.springframework.data.redis.connection.lettuce.LettuceConnectionFactory$ExceptionTranslatingConnectionProvider.translateException(LettuceConnectionFactory.java:1858)
	at org.springframework.data.redis.connection.lettuce.LettuceConnectionFactory$ExceptionTranslatingConnectionProvider.getConnection(LettuceConnectionFactory.java:1789)
	at org.springframework.data.redis.connection.lettuce.LettuceConnectionFactory$SharedConnection.getNativeConnection(LettuceConnectionFactory.java:1586)
	at org.springframework.data.redis.connection.lettuce.LettuceConnectionFactory$SharedConnection.lambda$getConnection$0(LettuceConnectionFactory.java:1566)
	at org.springframework.data.redis.connection.lettuce.LettuceConnectionFactory.doInLock(LettuceConnectionFactory.java:1527)
	at org.springframework.data.redis.connection.lettuce.LettuceConnectionFactory$SharedConnection.getConnection(LettuceConnectionFactory.java:1563)
	at org.springframework.data.redis.connection.lettuce.LettuceConnectionFactory.getSharedReactiveConnection(LettuceConnectionFactory.java:1274)
	at org.springframework.data.redis.connection.lettuce.LettuceConnectionFactory.getReactiveConnection(LettuceConnectionFactory.java:1149)
	at org.springframework.data.redis.connection.lettuce.LettuceConnectionFactory.getReactiveConnection(LettuceConnectionFactory.java:120)
	at reactor.core.publisher.MonoSupplier.call(MonoSupplier.java:67)
	at reactor.core.publisher.FluxSubscribeOnCallable$CallableSubscribeOnSubscription.run(FluxSubscribeOnCallable.java:228)
	at reactor.core.scheduler.SchedulerTask.call(SchedulerTask.java:68)
	at reactor.core.scheduler.SchedulerTask.call(SchedulerTask.java:28)
	at java.base/java.util.concurrent.FutureTask.run(FutureTask.java:264)
	at java.base/java.util.concurrent.ScheduledThreadPoolExecutor$ScheduledFutureTask.run(ScheduledThreadPoolExecutor.java:304)
	at java.base/java.util.concurrent.ThreadPoolExecutor.runWorker(ThreadPoolExecutor.java:1136)
	at java.base/java.util.concurrent.ThreadPoolExecutor$Worker.run(ThreadPoolExecutor.java:635)
	at java.base/java.lang.Thread.run(Thread.java:840)
Caused by: io.lettuce.core.RedisConnectionException: Unable to connect to localhost/<unresolved>:6379
	at io.lettuce.core.RedisConnectionException.create(RedisConnectionException.java:63)
	at io.lettuce.core.RedisConnectionException.create(RedisConnectionException.java:41)
	at io.lettuce.core.AbstractRedisClient.getConnection(AbstractRedisClient.java:354)
	at io.lettuce.core.RedisClient.connect(RedisClient.java:219)
	at org.springframework.data.redis.connection.lettuce.StandaloneConnectionProvider.lambda$getConnection$1(StandaloneConnectionProvider.java:112)
	at java.base/java.util.Optional.orElseGet(Optional.java:364)
	at org.springframework.data.redis.connection.lettuce.StandaloneConnectionProvider.getConnection(StandaloneConnectionProvider.java:112)
	at org.springframework.data.redis.connection.lettuce.LettuceConnectionFactory$ExceptionTranslatingConnectionProvider.getConnection(LettuceConnectionFactory.java:1787)
	... 16 common frames omitted
Caused by: io.netty.channel.AbstractChannel$AnnotatedConnectException: Connection refused: localhost/127.0.0.1:6379
Caused by: java.net.ConnectException: Connection refused
	at java.base/sun.nio.ch.Net.pollConnect(Native Method)
	at java.base/sun.nio.ch.Net.pollConnectNow(Net.java:684)
	at java.base/sun.nio.ch.SocketChannelImpl.finishConnect(SocketChannelImpl.java:946)
	at io.netty.channel.socket.nio.NioSocketChannel.doFinishConnect(NioSocketChannel.java:336)
	at io.netty.channel.nio.AbstractNioChannel$AbstractNioUnsafe.finishConnect(AbstractNioChannel.java:339)
	at io.netty.channel.nio.NioEventLoop.processSelectedKey(NioEventLoop.java:776)
	at io.netty.channel.nio.NioEventLoop.processSelectedKeysOptimized(NioEventLoop.java:724)
	at io.netty.channel.nio.NioEventLoop.processSelectedKeys(NioEventLoop.java:650)
	at io.netty.channel.nio.NioEventLoop.run(NioEventLoop.java:562)
	at io.netty.util.concurrent.SingleThreadEventExecutor$4.run(SingleThreadEventExecutor.java:997)
	at io.netty.util.internal.ThreadExecutorMap$2.run(ThreadExecutorMap.java:74)
	at io.netty.util.concurrent.FastThreadLocalRunnable.run(FastThreadLocalRunnable.java:30)
	at java.base/java.lang.Thread.run(Thread.java:840)
26-06-19 09:26:36.433 [org.springframework.kafka.KafkaListenerEndpointContainer#1-0-C-1] [32mINFO [0;39m o.apache.kafka.clients.NetworkClient [ |  | ] - [Consumer clientId=consumer-discodeit-notification-group-2, groupId=discodeit-notification-group] Node -1 disconnected.
26-06-19 09:26:36.433 [org.springframework.kafka.KafkaListenerEndpointContainer#1-0-C-1] [33mWARN [0;39m o.apache.kafka.clients.NetworkClient [ |  | ] - [Consumer clientId=consumer-discodeit-notification-group-2, groupId=discodeit-notification-group] Connection to node -1 (localhost/127.0.0.1:9092) could not be established. Node may not be available.
26-06-19 09:26:36.434 [org.springframework.kafka.KafkaListenerEndpointContainer#1-0-C-1] [33mWARN [0;39m o.apache.kafka.clients.NetworkClient [ |  | ] - [Consumer clientId=consumer-discodeit-notification-group-2, groupId=discodeit-notification-group] Bootstrap broker localhost:9092 (id: -1 rack: null) disconnected
26-06-19 09:26:36.588 [org.springframework.kafka.KafkaListenerEndpointContainer#0-0-C-1] [32mINFO [0;39m o.apache.kafka.clients.NetworkClient [ |  | ] - [Consumer clientId=consumer-discodeit-notification-group-1, groupId=discodeit-notification-group] Node -1 disconnected.
26-06-19 09:26:36.588 [org.springframework.kafka.KafkaListenerEndpointContainer#0-0-C-1] [33mWARN [0;39m o.apache.kafka.clients.NetworkClient [ |  | ] - [Consumer clientId=consumer-discodeit-notification-group-1, groupId=discodeit-notification-group] Connection to node -1 (localhost/127.0.0.1:9092) could not be established. Node may not be available.
26-06-19 09:26:36.588 [org.springframework.kafka.KafkaListenerEndpointContainer#0-0-C-1] [33mWARN [0;39m o.apache.kafka.clients.NetworkClient [ |  | ] - [Consumer clientId=consumer-discodeit-notification-group-1, groupId=discodeit-notification-group] Bootstrap broker localhost:9092 (id: -1 rack: null) disconnected
26-06-19 09:26:37.101 [org.springframework.kafka.KafkaListenerEndpointContainer#1-0-C-1] [32mINFO [0;39m o.apache.kafka.clients.NetworkClient [ |  | ] - [Consumer clientId=consumer-discodeit-notification-group-2, groupId=discodeit-notification-group] Node -1 disconnected.
26-06-19 09:26:37.102 [org.springframework.kafka.KafkaListenerEndpointContainer#1-0-C-1] [33mWARN [0;39m o.apache.kafka.clients.NetworkClient [ |  | ] - [Consumer clientId=consumer-discodeit-notification-group-2, groupId=discodeit-notification-group] Connection to node -1 (localhost/127.0.0.1:9092) could not be established. Node may not be available.
26-06-19 09:26:37.102 [org.springframework.kafka.KafkaListenerEndpointContainer#1-0-C-1] [33mWARN [0;39m o.apache.kafka.clients.NetworkClient [ |  | ] - [Consumer clientId=consumer-discodeit-notification-group-2, groupId=discodeit-notification-group] Bootstrap broker localhost:9092 (id: -1 rack: null) disconnected
26-06-19 09:26:37.561 [org.springframework.kafka.KafkaListenerEndpointContainer#0-0-C-1] [32mINFO [0;39m o.apache.kafka.clients.NetworkClient [ |  | ] - [Consumer clientId=consumer-discodeit-notification-group-1, groupId=discodeit-notification-group] Node -1 disconnected.
26-06-19 09:26:37.562 [org.springframework.kafka.KafkaListenerEndpointContainer#0-0-C-1] [33mWARN [0;39m o.apache.kafka.clients.NetworkClient [ |  | ] - [Consumer clientId=consumer-discodeit-notification-group-1, groupId=discodeit-notification-group] Connection to node -1 (localhost/127.0.0.1:9092) could not be established. Node may not be available.
26-06-19 09:26:37.562 [org.springframework.kafka.KafkaListenerEndpointContainer#0-0-C-1] [33mWARN [0;39m o.apache.kafka.clients.NetworkClient [ |  | ] - [Consumer clientId=consumer-discodeit-notification-group-1, groupId=discodeit-notification-group] Bootstrap broker localhost:9092 (id: -1 rack: null) disconnected
26-06-19 09:26:38.136 [org.springframework.kafka.KafkaListenerEndpointContainer#1-0-C-1] [32mINFO [0;39m o.apache.kafka.clients.NetworkClient [ |  | ] - [Consumer clientId=consumer-discodeit-notification-group-2, groupId=discodeit-notification-group] Node -1 disconnected.
26-06-19 09:26:38.136 [org.springframework.kafka.KafkaListenerEndpointContainer#1-0-C-1] [33mWARN [0;39m o.apache.kafka.clients.NetworkClient [ |  | ] - [Consumer clientId=consumer-discodeit-notification-group-2, groupId=discodeit-notification-group] Connection to node -1 (localhost/127.0.0.1:9092) could not be established. Node may not be available.
26-06-19 09:26:38.136 [org.springframework.kafka.KafkaListenerEndpointContainer#1-0-C-1] [33mWARN [0;39m o.apache.kafka.clients.NetworkClient [ |  | ] - [Consumer clientId=consumer-discodeit-notification-group-2, groupId=discodeit-notification-group] Bootstrap broker localhost:9092 (id: -1 rack: null) disconnected
26-06-19 09:26:38.563 [org.springframework.kafka.KafkaListenerEndpointContainer#0-0-C-1] [32mINFO [0;39m o.apache.kafka.clients.NetworkClient [ |  | ] - [Consumer clientId=consumer-discodeit-notification-group-1, groupId=discodeit-notification-group] Node -1 disconnected.
26-06-19 09:26:38.563 [org.springframework.kafka.KafkaListenerEndpointContainer#0-0-C-1] [33mWARN [0;39m o.apache.kafka.clients.NetworkClient [ |  | ] - [Consumer clientId=consumer-discodeit-notification-group-1, groupId=discodeit-notification-group] Connection to node -1 (localhost/127.0.0.1:9092) could not be established. Node may not be available.
26-06-19 09:26:38.563 [org.springframework.kafka.KafkaListenerEndpointContainer#0-0-C-1] [33mWARN [0;39m o.apache.kafka.clients.NetworkClient [ |  | ] - [Consumer clientId=consumer-discodeit-notification-group-1, groupId=discodeit-notification-group] Bootstrap broker localhost:9092 (id: -1 rack: null) disconnected
26-06-19 09:26:39.006 [org.springframework.kafka.KafkaListenerEndpointContainer#1-0-C-1] [32mINFO [0;39m o.apache.kafka.clients.NetworkClient [ |  | ] - [Consumer clientId=consumer-discodeit-notification-group-2, groupId=discodeit-notification-group] Node -1 disconnected.
26-06-19 09:26:39.006 [org.springframework.kafka.KafkaListenerEndpointContainer#1-0-C-1] [33mWARN [0;39m o.apache.kafka.clients.NetworkClient [ |  | ] - [Consumer clientId=consumer-discodeit-notification-group-2, groupId=discodeit-notification-group] Connection to node -1 (localhost/127.0.0.1:9092) could not be established. Node may not be available.
26-06-19 09:26:39.007 [org.springframework.kafka.KafkaListenerEndpointContainer#1-0-C-1] [33mWARN [0;39m o.apache.kafka.clients.NetworkClient [ |  | ] - [Consumer clientId=consumer-discodeit-notification-group-2, groupId=discodeit-notification-group] Bootstrap broker localhost:9092 (id: -1 rack: null) disconnected
26-06-19 09:26:39.436 [org.springframework.kafka.KafkaListenerEndpointContainer#0-0-C-1] [32mINFO [0;39m o.apache.kafka.clients.NetworkClient [ |  | ] - [Consumer clientId=consumer-discodeit-notification-group-1, groupId=discodeit-notification-group] Node -1 disconnected.
26-06-19 09:26:39.437 [org.springframework.kafka.KafkaListenerEndpointContainer#0-0-C-1] [33mWARN [0;39m o.apache.kafka.clients.NetworkClient [ |  | ] - [Consumer clientId=consumer-discodeit-notification-group-1, groupId=discodeit-notification-group] Connection to node -1 (localhost/127.0.0.1:9092) could not be established. Node may not be available.
26-06-19 09:26:39.437 [org.springframework.kafka.KafkaListenerEndpointContainer#0-0-C-1] [33mWARN [0;39m o.apache.kafka.clients.NetworkClient [ |  | ] - [Consumer clientId=consumer-discodeit-notification-group-1, groupId=discodeit-notification-group] Bootstrap broker localhost:9092 (id: -1 rack: null) disconnected
26-06-19 09:26:40.056 [org.springframework.kafka.KafkaListenerEndpointContainer#1-0-C-1] [32mINFO [0;39m o.apache.kafka.clients.NetworkClient [ |  | ] - [Consumer clientId=consumer-discodeit-notification-group-2, groupId=discodeit-notification-group] Node -1 disconnected.
26-06-19 09:26:40.056 [org.springframework.kafka.KafkaListenerEndpointContainer#1-0-C-1] [33mWARN [0;39m o.apache.kafka.clients.NetworkClient [ |  | ] - [Consumer clientId=consumer-discodeit-notification-group-2, groupId=discodeit-notification-group] Connection to node -1 (localhost/127.0.0.1:9092) could not be established. Node may not be available.
26-06-19 09:26:40.057 [org.springframework.kafka.KafkaListenerEndpointContainer#1-0-C-1] [33mWARN [0;39m o.apache.kafka.clients.NetworkClient [ |  | ] - [Consumer clientId=consumer-discodeit-notification-group-2, groupId=discodeit-notification-group] Bootstrap broker localhost:9092 (id: -1 rack: null) disconnected
26-06-19 09:26:40.387 [org.springframework.kafka.KafkaListenerEndpointContainer#0-0-C-1] [32mINFO [0;39m o.apache.kafka.clients.NetworkClient [ |  | ] - [Consumer clientId=consumer-discodeit-notification-group-1, groupId=discodeit-notification-group] Node -1 disconnected.
26-06-19 09:26:40.387 [org.springframework.kafka.KafkaListenerEndpointContainer#0-0-C-1] [33mWARN [0;39m o.apache.kafka.clients.NetworkClient [ |  | ] - [Consumer clientId=consumer-discodeit-notification-group-1, groupId=discodeit-notification-group] Connection to node -1 (localhost/127.0.0.1:9092) could not be established. Node may not be available.
26-06-19 09:26:40.387 [org.springframework.kafka.KafkaListenerEndpointContainer#0-0-C-1] [33mWARN [0;39m o.apache.kafka.clients.NetworkClient [ |  | ] - [Consumer clientId=consumer-discodeit-notification-group-1, groupId=discodeit-notification-group] Bootstrap broker localhost:9092 (id: -1 rack: null) disconnected
26-06-19 09:26:40.901 [org.springframework.kafka.KafkaListenerEndpointContainer#1-0-C-1] [32mINFO [0;39m o.apache.kafka.clients.NetworkClient [ |  | ] - [Consumer clientId=consumer-discodeit-notification-group-2, groupId=discodeit-notification-group] Node -1 disconnected.
26-06-19 09:26:40.902 [org.springframework.kafka.KafkaListenerEndpointContainer#1-0-C-1] [33mWARN [0;39m o.apache.kafka.clients.NetworkClient [ |  | ] - [Consumer clientId=consumer-discodeit-notification-group-2, groupId=discodeit-notification-group] Connection to node -1 (localhost/127.0.0.1:9092) could not be established. Node may not be available.
26-06-19 09:26:40.902 [org.springframework.kafka.KafkaListenerEndpointContainer#1-0-C-1] [33mWARN [0;39m o.apache.kafka.clients.NetworkClient [ |  | ] - [Consumer clientId=consumer-discodeit-notification-group-2, groupId=discodeit-notification-group] Bootstrap broker localhost:9092 (id: -1 rack: null) disconnected
26-06-19 09:26:41.389 [org.springframework.kafka.KafkaListenerEndpointContainer#0-0-C-1] [32mINFO [0;39m o.apache.kafka.clients.NetworkClient [ |  | ] - [Consumer clientId=consumer-discodeit-notification-group-1, groupId=discodeit-notification-group] Node -1 disconnected.
26-06-19 09:26:41.389 [org.springframework.kafka.KafkaListenerEndpointContainer#0-0-C-1] [33mWARN [0;39m o.apache.kafka.clients.NetworkClient [ |  | ] - [Consumer clientId=consumer-discodeit-notification-group-1, groupId=discodeit-notification-group] Connection to node -1 (localhost/127.0.0.1:9092) could not be established. Node may not be available.
26-06-19 09:26:41.390 [org.springframework.kafka.KafkaListenerEndpointContainer#0-0-C-1] [33mWARN [0;39m o.apache.kafka.clients.NetworkClient [ |  | ] - [Consumer clientId=consumer-discodeit-notification-group-1, groupId=discodeit-notification-group] Bootstrap broker localhost:9092 (id: -1 rack: null) disconnected
26-06-19 09:26:41.930 [org.springframework.kafka.KafkaListenerEndpointContainer#1-0-C-1] [32mINFO [0;39m o.apache.kafka.clients.NetworkClient [ |  | ] - [Consumer clientId=consumer-discodeit-notification-group-2, groupId=discodeit-notification-group] Node -1 disconnected.
26-06-19 09:26:41.930 [org.springframework.kafka.KafkaListenerEndpointContainer#1-0-C-1] [33mWARN [0;39m o.apache.kafka.clients.NetworkClient [ |  | ] - [Consumer clientId=consumer-discodeit-notification-group-2, groupId=discodeit-notification-group] Connection to node -1 (localhost/127.0.0.1:9092) could not be established. Node may not be available.
26-06-19 09:26:41.930 [org.springframework.kafka.KafkaListenerEndpointContainer#1-0-C-1] [33mWARN [0;39m o.apache.kafka.clients.NetworkClient [ |  | ] - [Consumer clientId=consumer-discodeit-notification-group-2, groupId=discodeit-notification-group] Bootstrap broker localhost:9092 (id: -1 rack: null) disconnected
26-06-19 09:26:42.411 [org.springframework.kafka.KafkaListenerEndpointContainer#0-0-C-1] [32mINFO [0;39m o.apache.kafka.clients.NetworkClient [ |  | ] - [Consumer clientId=consumer-discodeit-notification-group-1, groupId=discodeit-notification-group] Node -1 disconnected.
26-06-19 09:26:42.412 [org.springframework.kafka.KafkaListenerEndpointContainer#0-0-C-1] [33mWARN [0;39m o.apache.kafka.clients.NetworkClient [ |  | ] - [Consumer clientId=consumer-discodeit-notification-group-1, groupId=discodeit-notification-group] Connection to node -1 (localhost/127.0.0.1:9092) could not be established. Node may not be available.
26-06-19 09:26:42.413 [org.springframework.kafka.KafkaListenerEndpointContainer#0-0-C-1] [33mWARN [0;39m o.apache.kafka.clients.NetworkClient [ |  | ] - [Consumer clientId=consumer-discodeit-notification-group-1, groupId=discodeit-notification-group] Bootstrap broker localhost:9092 (id: -1 rack: null) disconnected
26-06-19 09:26:42.897 [org.springframework.kafka.KafkaListenerEndpointContainer#1-0-C-1] [32mINFO [0;39m o.apache.kafka.clients.NetworkClient [ |  | ] - [Consumer clientId=consumer-discodeit-notification-group-2, groupId=discodeit-notification-group] Node -1 disconnected.
26-06-19 09:26:42.898 [org.springframework.kafka.KafkaListenerEndpointContainer#1-0-C-1] [33mWARN [0;39m o.apache.kafka.clients.NetworkClient [ |  | ] - [Consumer clientId=consumer-discodeit-notification-group-2, groupId=discodeit-notification-group] Connection to node -1 (localhost/127.0.0.1:9092) could not be established. Node may not be available.
26-06-19 09:26:42.898 [org.springframework.kafka.KafkaListenerEndpointContainer#1-0-C-1] [33mWARN [0;39m o.apache.kafka.clients.NetworkClient [ |  | ] - [Consumer clientId=consumer-discodeit-notification-group-2, groupId=discodeit-notification-group] Bootstrap broker localhost:9092 (id: -1 rack: null) disconnected
26-06-19 09:26:43.334 [org.springframework.kafka.KafkaListenerEndpointContainer#0-0-C-1] [32mINFO [0;39m o.apache.kafka.clients.NetworkClient [ |  | ] - [Consumer clientId=consumer-discodeit-notification-group-1, groupId=discodeit-notification-group] Node -1 disconnected.
26-06-19 09:26:43.334 [org.springframework.kafka.KafkaListenerEndpointContainer#0-0-C-1] [33mWARN [0;39m o.apache.kafka.clients.NetworkClient [ |  | ] - [Consumer clientId=consumer-discodeit-notification-group-1, groupId=discodeit-notification-group] Connection to node -1 (localhost/127.0.0.1:9092) could not be established. Node may not be available.
26-06-19 09:26:43.334 [org.springframework.kafka.KafkaListenerEndpointContainer#0-0-C-1] [33mWARN [0;39m o.apache.kafka.clients.NetworkClient [ |  | ] - [Consumer clientId=consumer-discodeit-notification-group-1, groupId=discodeit-notification-group] Bootstrap broker localhost:9092 (id: -1 rack: null) disconnected
26-06-19 09:26:43.929 [org.springframework.kafka.KafkaListenerEndpointContainer#1-0-C-1] [32mINFO [0;39m o.apache.kafka.clients.NetworkClient [ |  | ] - [Consumer clientId=consumer-discodeit-notification-group-2, groupId=discodeit-notification-group] Node -1 disconnected.
26-06-19 09:26:43.929 [org.springframework.kafka.KafkaListenerEndpointContainer#1-0-C-1] [33mWARN [0;39m o.apache.kafka.clients.NetworkClient [ |  | ] - [Consumer clientId=consumer-discodeit-notification-group-2, groupId=discodeit-notification-group] Connection to node -1 (localhost/127.0.0.1:9092) could not be established. Node may not be available.
26-06-19 09:26:43.929 [org.springframework.kafka.KafkaListenerEndpointContainer#1-0-C-1] [33mWARN [0;39m o.apache.kafka.clients.NetworkClient [ |  | ] - [Consumer clientId=consumer-discodeit-notification-group-2, groupId=discodeit-notification-group] Bootstrap broker localhost:9092 (id: -1 rack: null) disconnected
26-06-19 09:26:44.336 [org.springframework.kafka.KafkaListenerEndpointContainer#0-0-C-1] [32mINFO [0;39m o.apache.kafka.clients.NetworkClient [ |  | ] - [Consumer clientId=consumer-discodeit-notification-group-1, groupId=discodeit-notification-group] Node -1 disconnected.
26-06-19 09:26:44.336 [org.springframework.kafka.KafkaListenerEndpointContainer#0-0-C-1] [33mWARN [0;39m o.apache.kafka.clients.NetworkClient [ |  | ] - [Consumer clientId=consumer-discodeit-notification-group-1, groupId=discodeit-notification-group] Connection to node -1 (localhost/127.0.0.1:9092) could not be established. Node may not be available.
26-06-19 09:26:44.336 [org.springframework.kafka.KafkaListenerEndpointContainer#0-0-C-1] [33mWARN [0;39m o.apache.kafka.clients.NetworkClient [ |  | ] - [Consumer clientId=consumer-discodeit-notification-group-1, groupId=discodeit-notification-group] Bootstrap broker localhost:9092 (id: -1 rack: null) disconnected
26-06-19 09:26:44.942 [org.springframework.kafka.KafkaListenerEndpointContainer#1-0-C-1] [32mINFO [0;39m o.apache.kafka.clients.NetworkClient [ |  | ] - [Consumer clientId=consumer-discodeit-notification-group-2, groupId=discodeit-notification-group] Node -1 disconnected.
26-06-19 09:26:44.943 [org.springframework.kafka.KafkaListenerEndpointContainer#1-0-C-1] [33mWARN [0;39m o.apache.kafka.clients.NetworkClient [ |  | ] - [Consumer clientId=consumer-discodeit-notification-group-2, groupId=discodeit-notification-group] Connection to node -1 (localhost/127.0.0.1:9092) could not be established. Node may not be available.
26-06-19 09:26:44.943 [org.springframework.kafka.KafkaListenerEndpointContainer#1-0-C-1] [33mWARN [0;39m o.apache.kafka.clients.NetworkClient [ |  | ] - [Consumer clientId=consumer-discodeit-notification-group-2, groupId=discodeit-notification-group] Bootstrap broker localhost:9092 (id: -1 rack: null) disconnected
26-06-19 09:26:45.338 [org.springframework.kafka.KafkaListenerEndpointContainer#0-0-C-1] [32mINFO [0;39m o.apache.kafka.clients.NetworkClient [ |  | ] - [Consumer clientId=consumer-discodeit-notification-group-1, groupId=discodeit-notification-group] Node -1 disconnected.
26-06-19 09:26:45.339 [org.springframework.kafka.KafkaListenerEndpointContainer#0-0-C-1] [33mWARN [0;39m o.apache.kafka.clients.NetworkClient [ |  | ] - [Consumer clientId=consumer-discodeit-notification-group-1, groupId=discodeit-notification-group] Connection to node -1 (localhost/127.0.0.1:9092) could not be established. Node may not be available.
26-06-19 09:26:45.339 [org.springframework.kafka.KafkaListenerEndpointContainer#0-0-C-1] [33mWARN [0;39m o.apache.kafka.clients.NetworkClient [ |  | ] - [Consumer clientId=consumer-discodeit-notification-group-1, groupId=discodeit-notification-group] Bootstrap broker localhost:9092 (id: -1 rack: null) disconnected
26-06-19 09:26:45.750 [org.springframework.kafka.KafkaListenerEndpointContainer#1-0-C-1] [32mINFO [0;39m o.apache.kafka.clients.NetworkClient [ |  | ] - [Consumer clientId=consumer-discodeit-notification-group-2, groupId=discodeit-notification-group] Node -1 disconnected.
26-06-19 09:26:45.751 [org.springframework.kafka.KafkaListenerEndpointContainer#1-0-C-1] [33mWARN [0;39m o.apache.kafka.clients.NetworkClient [ |  | ] - [Consumer clientId=consumer-discodeit-notification-group-2, groupId=discodeit-notification-group] Connection to node -1 (localhost/127.0.0.1:9092) could not be established. Node may not be available.
26-06-19 09:26:45.751 [org.springframework.kafka.KafkaListenerEndpointContainer#1-0-C-1] [33mWARN [0;39m o.apache.kafka.clients.NetworkClient [ |  | ] - [Consumer clientId=consumer-discodeit-notification-group-2, groupId=discodeit-notification-group] Bootstrap broker localhost:9092 (id: -1 rack: null) disconnected
26-06-19 09:26:46.341 [org.springframework.kafka.KafkaListenerEndpointContainer#0-0-C-1] [32mINFO [0;39m o.apache.kafka.clients.NetworkClient [ |  | ] - [Consumer clientId=consumer-discodeit-notification-group-1, groupId=discodeit-notification-group] Node -1 disconnected.
26-06-19 09:26:46.341 [org.springframework.kafka.KafkaListenerEndpointContainer#0-0-C-1] [33mWARN [0;39m o.apache.kafka.clients.NetworkClient [ |  | ] - [Consumer clientId=consumer-discodeit-notification-group-1, groupId=discodeit-notification-group] Connection to node -1 (localhost/127.0.0.1:9092) could not be established. Node may not be available.
26-06-19 09:26:46.341 [org.springframework.kafka.KafkaListenerEndpointContainer#0-0-C-1] [33mWARN [0;39m o.apache.kafka.clients.NetworkClient [ |  | ] - [Consumer clientId=consumer-discodeit-notification-group-1, groupId=discodeit-notification-group] Bootstrap broker localhost:9092 (id: -1 rack: null) disconnected
26-06-19 09:26:46.769 [org.springframework.kafka.KafkaListenerEndpointContainer#1-0-C-1] [32mINFO [0;39m o.apache.kafka.clients.NetworkClient [ |  | ] - [Consumer clientId=consumer-discodeit-notification-group-2, groupId=discodeit-notification-group] Node -1 disconnected.
26-06-19 09:26:46.770 [org.springframework.kafka.KafkaListenerEndpointContainer#1-0-C-1] [33mWARN [0;39m o.apache.kafka.clients.NetworkClient [ |  | ] - [Consumer clientId=consumer-discodeit-notification-group-2, groupId=discodeit-notification-group] Connection to node -1 (localhost/127.0.0.1:9092) could not be established. Node may not be available.
26-06-19 09:26:46.770 [org.springframework.kafka.KafkaListenerEndpointContainer#1-0-C-1] [33mWARN [0;39m o.apache.kafka.clients.NetworkClient [ |  | ] - [Consumer clientId=consumer-discodeit-notification-group-2, groupId=discodeit-notification-group] Bootstrap broker localhost:9092 (id: -1 rack: null) disconnected
26-06-19 09:26:47.365 [org.springframework.kafka.KafkaListenerEndpointContainer#0-0-C-1] [32mINFO [0;39m o.apache.kafka.clients.NetworkClient [ |  | ] - [Consumer clientId=consumer-discodeit-notification-group-1, groupId=discodeit-notification-group] Node -1 disconnected.
26-06-19 09:26:47.365 [org.springframework.kafka.KafkaListenerEndpointContainer#0-0-C-1] [33mWARN [0;39m o.apache.kafka.clients.NetworkClient [ |  | ] - [Consumer clientId=consumer-discodeit-notification-group-1, groupId=discodeit-notification-group] Connection to node -1 (localhost/127.0.0.1:9092) could not be established. Node may not be available.
26-06-19 09:26:47.366 [org.springframework.kafka.KafkaListenerEndpointContainer#0-0-C-1] [33mWARN [0;39m o.apache.kafka.clients.NetworkClient [ |  | ] - [Consumer clientId=consumer-discodeit-notification-group-1, groupId=discodeit-notification-group] Bootstrap broker localhost:9092 (id: -1 rack: null) disconnected
26-06-19 09:26:47.735 [org.springframework.kafka.KafkaListenerEndpointContainer#1-0-C-1] [32mINFO [0;39m o.apache.kafka.clients.NetworkClient [ |  | ] - [Consumer clientId=consumer-discodeit-notification-group-2, groupId=discodeit-notification-group] Node -1 disconnected.
26-06-19 09:26:47.736 [org.springframework.kafka.KafkaListenerEndpointContainer#1-0-C-1] [33mWARN [0;39m o.apache.kafka.clients.NetworkClient [ |  | ] - [Consumer clientId=consumer-discodeit-notification-group-2, groupId=discodeit-notification-group] Connection to node -1 (localhost/127.0.0.1:9092) could not be established. Node may not be available.
26-06-19 09:26:47.736 [org.springframework.kafka.KafkaListenerEndpointContainer#1-0-C-1] [33mWARN [0;39m o.apache.kafka.clients.NetworkClient [ |  | ] - [Consumer clientId=consumer-discodeit-notification-group-2, groupId=discodeit-notification-group] Bootstrap broker localhost:9092 (id: -1 rack: null) disconnected
26-06-19 09:26:48.391 [org.springframework.kafka.KafkaListenerEndpointContainer#0-0-C-1] [32mINFO [0;39m o.apache.kafka.clients.NetworkClient [ |  | ] - [Consumer clientId=consumer-discodeit-notification-group-1, groupId=discodeit-notification-group] Node -1 disconnected.
26-06-19 09:26:48.392 [org.springframework.kafka.KafkaListenerEndpointContainer#0-0-C-1] [33mWARN [0;39m o.apache.kafka.clients.NetworkClient [ |  | ] - [Consumer clientId=consumer-discodeit-notification-group-1, groupId=discodeit-notification-group] Connection to node -1 (localhost/127.0.0.1:9092) could not be established. Node may not be available.
26-06-19 09:26:48.393 [org.springframework.kafka.KafkaListenerEndpointContainer#0-0-C-1] [33mWARN [0;39m o.apache.kafka.clients.NetworkClient [ |  | ] - [Consumer clientId=consumer-discodeit-notification-group-1, groupId=discodeit-notification-group] Bootstrap broker localhost:9092 (id: -1 rack: null) disconnected
26-06-19 09:26:48.757 [org.springframework.kafka.KafkaListenerEndpointContainer#1-0-C-1] [32mINFO [0;39m o.apache.kafka.clients.NetworkClient [ |  | ] - [Consumer clientId=consumer-discodeit-notification-group-2, groupId=discodeit-notification-group] Node -1 disconnected.
26-06-19 09:26:48.757 [org.springframework.kafka.KafkaListenerEndpointContainer#1-0-C-1] [33mWARN [0;39m o.apache.kafka.clients.NetworkClient [ |  | ] - [Consumer clientId=consumer-discodeit-notification-group-2, groupId=discodeit-notification-group] Connection to node -1 (localhost/127.0.0.1:9092) could not be established. Node may not be available.
26-06-19 09:26:48.757 [org.springframework.kafka.KafkaListenerEndpointContainer#1-0-C-1] [33mWARN [0;39m o.apache.kafka.clients.NetworkClient [ |  | ] - [Consumer clientId=consumer-discodeit-notification-group-2, groupId=discodeit-notification-group] Bootstrap broker localhost:9092 (id: -1 rack: null) disconnected
26-06-19 09:26:49.362 [org.springframework.kafka.KafkaListenerEndpointContainer#0-0-C-1] [32mINFO [0;39m o.apache.kafka.clients.NetworkClient [ |  | ] - [Consumer clientId=consumer-discodeit-notification-group-1, groupId=discodeit-notification-group] Node -1 disconnected.
26-06-19 09:26:49.362 [org.springframework.kafka.KafkaListenerEndpointContainer#0-0-C-1] [33mWARN [0;39m o.apache.kafka.clients.NetworkClient [ |  | ] - [Consumer clientId=consumer-discodeit-notification-group-1, groupId=discodeit-notification-group] Connection to node -1 (localhost/127.0.0.1:9092) could not be established. Node may not be available.
26-06-19 09:26:49.362 [org.springframework.kafka.KafkaListenerEndpointContainer#0-0-C-1] [33mWARN [0;39m o.apache.kafka.clients.NetworkClient [ |  | ] - [Consumer clientId=consumer-discodeit-notification-group-1, groupId=discodeit-notification-group] Bootstrap broker localhost:9092 (id: -1 rack: null) disconnected
26-06-19 09:26:49.758 [org.springframework.kafka.KafkaListenerEndpointContainer#1-0-C-1] [32mINFO [0;39m o.apache.kafka.clients.NetworkClient [ |  | ] - [Consumer clientId=consumer-discodeit-notification-group-2, groupId=discodeit-notification-group] Node -1 disconnected.
26-06-19 09:26:49.759 [org.springframework.kafka.KafkaListenerEndpointContainer#1-0-C-1] [33mWARN [0;39m o.apache.kafka.clients.NetworkClient [ |  | ] - [Consumer clientId=consumer-discodeit-notification-group-2, groupId=discodeit-notification-group] Connection to node -1 (localhost/127.0.0.1:9092) could not be established. Node may not be available.
26-06-19 09:26:49.759 [org.springframework.kafka.KafkaListenerEndpointContainer#1-0-C-1] [33mWARN [0;39m o.apache.kafka.clients.NetworkClient [ |  | ] - [Consumer clientId=consumer-discodeit-notification-group-2, groupId=discodeit-notification-group] Bootstrap broker localhost:9092 (id: -1 rack: null) disconnected
26-06-19 09:26:50.379 [org.springframework.kafka.KafkaListenerEndpointContainer#0-0-C-1] [32mINFO [0;39m o.apache.kafka.clients.NetworkClient [ |  | ] - [Consumer clientId=consumer-discodeit-notification-group-1, groupId=discodeit-notification-group] Node -1 disconnected.
26-06-19 09:26:50.379 [org.springframework.kafka.KafkaListenerEndpointContainer#0-0-C-1] [33mWARN [0;39m o.apache.kafka.clients.NetworkClient [ |  | ] - [Consumer clientId=consumer-discodeit-notification-group-1, groupId=discodeit-notification-group] Connection to node -1 (localhost/127.0.0.1:9092) could not be established. Node may not be available.
26-06-19 09:26:50.379 [org.springframework.kafka.KafkaListenerEndpointContainer#0-0-C-1] [33mWARN [0;39m o.apache.kafka.clients.NetworkClient [ |  | ] - [Consumer clientId=consumer-discodeit-notification-group-1, groupId=discodeit-notification-group] Bootstrap broker localhost:9092 (id: -1 rack: null) disconnected
26-06-19 09:26:50.760 [org.springframework.kafka.KafkaListenerEndpointContainer#1-0-C-1] [32mINFO [0;39m o.apache.kafka.clients.NetworkClient [ |  | ] - [Consumer clientId=consumer-discodeit-notification-group-2, groupId=discodeit-notification-group] Node -1 disconnected.
26-06-19 09:26:50.760 [org.springframework.kafka.KafkaListenerEndpointContainer#1-0-C-1] [33mWARN [0;39m o.apache.kafka.clients.NetworkClient [ |  | ] - [Consumer clientId=consumer-discodeit-notification-group-2, groupId=discodeit-notification-group] Connection to node -1 (localhost/127.0.0.1:9092) could not be established. Node may not be available.
26-06-19 09:26:50.760 [org.springframework.kafka.KafkaListenerEndpointContainer#1-0-C-1] [33mWARN [0;39m o.apache.kafka.clients.NetworkClient [ |  | ] - [Consumer clientId=consumer-discodeit-notification-group-2, groupId=discodeit-notification-group] Bootstrap broker localhost:9092 (id: -1 rack: null) disconnected
26-06-19 09:26:51.427 [org.springframework.kafka.KafkaListenerEndpointContainer#0-0-C-1] [32mINFO [0;39m o.apache.kafka.clients.NetworkClient [ |  | ] - [Consumer clientId=consumer-discodeit-notification-group-1, groupId=discodeit-notification-group] Node -1 disconnected.
26-06-19 09:26:51.428 [org.springframework.kafka.KafkaListenerEndpointContainer#0-0-C-1] [33mWARN [0;39m o.apache.kafka.clients.NetworkClient [ |  | ] - [Consumer clientId=consumer-discodeit-notification-group-1, groupId=discodeit-notification-group] Connection to node -1 (localhost/127.0.0.1:9092) could not be established. Node may not be available.
26-06-19 09:26:51.428 [org.springframework.kafka.KafkaListenerEndpointContainer#0-0-C-1] [33mWARN [0;39m o.apache.kafka.clients.NetworkClient [ |  | ] - [Consumer clientId=consumer-discodeit-notification-group-1, groupId=discodeit-notification-group] Bootstrap broker localhost:9092 (id: -1 rack: null) disconnected
26-06-19 09:26:51.762 [org.springframework.kafka.KafkaListenerEndpointContainer#1-0-C-1] [32mINFO [0;39m o.apache.kafka.clients.NetworkClient [ |  | ] - [Consumer clientId=consumer-discodeit-notification-group-2, groupId=discodeit-notification-group] Node -1 disconnected.
26-06-19 09:26:51.762 [org.springframework.kafka.KafkaListenerEndpointContainer#1-0-C-1] [33mWARN [0;39m o.apache.kafka.clients.NetworkClient [ |  | ] - [Consumer clientId=consumer-discodeit-notification-group-2, groupId=discodeit-notification-group] Connection to node -1 (localhost/127.0.0.1:9092) could not be established. Node may not be available.
26-06-19 09:26:51.762 [org.springframework.kafka.KafkaListenerEndpointContainer#1-0-C-1] [33mWARN [0;39m o.apache.kafka.clients.NetworkClient [ |  | ] - [Consumer clientId=consumer-discodeit-notification-group-2, groupId=discodeit-notification-group] Bootstrap broker localhost:9092 (id: -1 rack: null) disconnected
26-06-19 09:26:52.430 [org.springframework.kafka.KafkaListenerEndpointContainer#0-0-C-1] [32mINFO [0;39m o.apache.kafka.clients.NetworkClient [ |  | ] - [Consumer clientId=consumer-discodeit-notification-group-1, groupId=discodeit-notification-group] Node -1 disconnected.
26-06-19 09:26:52.430 [org.springframework.kafka.KafkaListenerEndpointContainer#0-0-C-1] [33mWARN [0;39m o.apache.kafka.clients.NetworkClient [ |  | ] - [Consumer clientId=consumer-discodeit-notification-group-1, groupId=discodeit-notification-group] Connection to node -1 (localhost/127.0.0.1:9092) could not be established. Node may not be available.
26-06-19 09:26:52.431 [org.springframework.kafka.KafkaListenerEndpointContainer#0-0-C-1] [33mWARN [0;39m o.apache.kafka.clients.NetworkClient [ |  | ] - [Consumer clientId=consumer-discodeit-notification-group-1, groupId=discodeit-notification-group] Bootstrap broker localhost:9092 (id: -1 rack: null) disconnected
26-06-19 09:26:52.783 [org.springframework.kafka.KafkaListenerEndpointContainer#1-0-C-1] [32mINFO [0;39m o.apache.kafka.clients.NetworkClient [ |  | ] - [Consumer clientId=consumer-discodeit-notification-group-2, groupId=discodeit-notification-group] Node -1 disconnected.
26-06-19 09:26:52.783 [org.springframework.kafka.KafkaListenerEndpointContainer#1-0-C-1] [33mWARN [0;39m o.apache.kafka.clients.NetworkClient [ |  | ] - [Consumer clientId=consumer-discodeit-notification-group-2, groupId=discodeit-notification-group] Connection to node -1 (localhost/127.0.0.1:9092) could not be established. Node may not be available.
26-06-19 09:26:52.783 [org.springframework.kafka.KafkaListenerEndpointContainer#1-0-C-1] [33mWARN [0;39m o.apache.kafka.clients.NetworkClient [ |  | ] - [Consumer clientId=consumer-discodeit-notification-group-2, groupId=discodeit-notification-group] Bootstrap broker localhost:9092 (id: -1 rack: null) disconnected
26-06-19 09:26:53.450 [org.springframework.kafka.KafkaListenerEndpointContainer#0-0-C-1] [32mINFO [0;39m o.apache.kafka.clients.NetworkClient [ |  | ] - [Consumer clientId=consumer-discodeit-notification-group-1, groupId=discodeit-notification-group] Node -1 disconnected.
26-06-19 09:26:53.451 [org.springframework.kafka.KafkaListenerEndpointContainer#0-0-C-1] [33mWARN [0;39m o.apache.kafka.clients.NetworkClient [ |  | ] - [Consumer clientId=consumer-discodeit-notification-group-1, groupId=discodeit-notification-group] Connection to node -1 (localhost/127.0.0.1:9092) could not be established. Node may not be available.
26-06-19 09:26:53.451 [org.springframework.kafka.KafkaListenerEndpointContainer#0-0-C-1] [33mWARN [0;39m o.apache.kafka.clients.NetworkClient [ |  | ] - [Consumer clientId=consumer-discodeit-notification-group-1, groupId=discodeit-notification-group] Bootstrap broker localhost:9092 (id: -1 rack: null) disconnected
26-06-19 09:26:53.548 [org.springframework.kafka.KafkaListenerEndpointContainer#1-0-C-1] [32mINFO [0;39m o.a.k.c.c.i.ConsumerCoordinator      [ |  | ] - [Consumer clientId=consumer-discodeit-notification-group-2, groupId=discodeit-notification-group] Resetting generation and member id due to: consumer pro-actively leaving the group
26-06-19 09:26:53.548 [org.springframework.kafka.KafkaListenerEndpointContainer#0-0-C-1] [32mINFO [0;39m o.a.k.c.c.i.ConsumerCoordinator      [ |  | ] - [Consumer clientId=consumer-discodeit-notification-group-1, groupId=discodeit-notification-group] Resetting generation and member id due to: consumer pro-actively leaving the group
26-06-19 09:26:53.548 [org.springframework.kafka.KafkaListenerEndpointContainer#1-0-C-1] [32mINFO [0;39m o.a.k.c.c.i.ConsumerCoordinator      [ |  | ] - [Consumer clientId=consumer-discodeit-notification-group-2, groupId=discodeit-notification-group] Request joining group due to: consumer pro-actively leaving the group
26-06-19 09:26:53.548 [org.springframework.kafka.KafkaListenerEndpointContainer#0-0-C-1] [32mINFO [0;39m o.a.k.c.c.i.ConsumerCoordinator      [ |  | ] - [Consumer clientId=consumer-discodeit-notification-group-1, groupId=discodeit-notification-group] Request joining group due to: consumer pro-actively leaving the group
26-06-19 09:26:53.548 [org.springframework.kafka.KafkaListenerEndpointContainer#1-0-C-1] [32mINFO [0;39m o.a.k.c.c.i.LegacyKafkaConsumer      [ |  | ] - [Consumer clientId=consumer-discodeit-notification-group-2, groupId=discodeit-notification-group] Unsubscribed all topics or patterns and assigned partitions
26-06-19 09:26:53.549 [org.springframework.kafka.KafkaListenerEndpointContainer#0-0-C-1] [32mINFO [0;39m o.a.k.c.c.i.LegacyKafkaConsumer      [ |  | ] - [Consumer clientId=consumer-discodeit-notification-group-1, groupId=discodeit-notification-group] Unsubscribed all topics or patterns and assigned partitions
26-06-19 09:26:53.556 [org.springframework.kafka.KafkaListenerEndpointContainer#0-0-C-1] [32mINFO [0;39m o.a.k.c.c.i.ConsumerCoordinator      [ |  | ] - [Consumer clientId=consumer-discodeit-notification-group-1, groupId=discodeit-notification-group] Resetting generation and member id due to: consumer pro-actively leaving the group
26-06-19 09:26:53.556 [org.springframework.kafka.KafkaListenerEndpointContainer#0-0-C-1] [32mINFO [0;39m o.a.k.c.c.i.ConsumerCoordinator      [ |  | ] - [Consumer clientId=consumer-discodeit-notification-group-1, groupId=discodeit-notification-group] Request joining group due to: consumer pro-actively leaving the group
26-06-19 09:26:53.556 [org.springframework.kafka.KafkaListenerEndpointContainer#1-0-C-1] [32mINFO [0;39m o.a.k.c.c.i.ConsumerCoordinator      [ |  | ] - [Consumer clientId=consumer-discodeit-notification-group-2, groupId=discodeit-notification-group] Resetting generation and member id due to: consumer pro-actively leaving the group
26-06-19 09:26:53.557 [org.springframework.kafka.KafkaListenerEndpointContainer#1-0-C-1] [32mINFO [0;39m o.a.k.c.c.i.ConsumerCoordinator      [ |  | ] - [Consumer clientId=consumer-discodeit-notification-group-2, groupId=discodeit-notification-group] Request joining group due to: consumer pro-actively leaving the group
26-06-19 09:26:53.564 [org.springframework.kafka.KafkaListenerEndpointContainer#1-0-C-1] [32mINFO [0;39m o.a.kafka.common.metrics.Metrics     [ |  | ] - Metrics scheduler closed
26-06-19 09:26:53.564 [org.springframework.kafka.KafkaListenerEndpointContainer#0-0-C-1] [32mINFO [0;39m o.a.kafka.common.metrics.Metrics     [ |  | ] - Metrics scheduler closed
26-06-19 09:26:53.564 [org.springframework.kafka.KafkaListenerEndpointContainer#1-0-C-1] [32mINFO [0;39m o.a.kafka.common.metrics.Metrics     [ |  | ] - Closing reporter org.apache.kafka.common.metrics.JmxReporter
26-06-19 09:26:53.564 [org.springframework.kafka.KafkaListenerEndpointContainer#0-0-C-1] [32mINFO [0;39m o.a.kafka.common.metrics.Metrics     [ |  | ] - Closing reporter org.apache.kafka.common.metrics.JmxReporter
26-06-19 09:26:53.565 [org.springframework.kafka.KafkaListenerEndpointContainer#1-0-C-1] [32mINFO [0;39m o.a.kafka.common.metrics.Metrics     [ |  | ] - Closing reporter org.apache.kafka.common.telemetry.internals.ClientTelemetryReporter
26-06-19 09:26:53.565 [org.springframework.kafka.KafkaListenerEndpointContainer#0-0-C-1] [32mINFO [0;39m o.a.kafka.common.metrics.Metrics     [ |  | ] - Closing reporter org.apache.kafka.common.telemetry.internals.ClientTelemetryReporter
26-06-19 09:26:53.565 [org.springframework.kafka.KafkaListenerEndpointContainer#1-0-C-1] [32mINFO [0;39m o.a.kafka.common.metrics.Metrics     [ |  | ] - Metrics reporters closed
26-06-19 09:26:53.565 [org.springframework.kafka.KafkaListenerEndpointContainer#0-0-C-1] [32mINFO [0;39m o.a.kafka.common.metrics.Metrics     [ |  | ] - Metrics reporters closed
26-06-19 09:26:53.573 [org.springframework.kafka.KafkaListenerEndpointContainer#0-0-C-1] [32mINFO [0;39m o.a.kafka.common.utils.AppInfoParser [ |  | ] - App info kafka.consumer for consumer-discodeit-notification-group-1 unregistered
26-06-19 09:26:53.574 [org.springframework.kafka.KafkaListenerEndpointContainer#1-0-C-1] [32mINFO [0;39m o.a.kafka.common.utils.AppInfoParser [ |  | ] - App info kafka.consumer for consumer-discodeit-notification-group-2 unregistered
26-06-19 09:26:53.584 [org.springframework.kafka.KafkaListenerEndpointContainer#0-0-C-1] [32mINFO [0;39m o.s.k.l.KafkaMessageListenerContainer [ |  | ] - discodeit-notification-group: Consumer stopped
26-06-19 09:26:53.585 [org.springframework.kafka.KafkaListenerEndpointContainer#1-0-C-1] [32mINFO [0;39m o.s.k.l.KafkaMessageListenerContainer [ |  | ] - discodeit-notification-group: Consumer stopped
26-06-19 09:26:53.586 [SpringApplicationShutdownHook] [32mINFO [0;39m o.s.b.w.e.tomcat.GracefulShutdown    [ |  | ] - Commencing graceful shutdown. Waiting for active requests to complete
26-06-19 09:26:53.597 [tomcat-shutdown] [32mINFO [0;39m o.s.b.w.e.tomcat.GracefulShutdown    [ |  | ] - Graceful shutdown complete
26-06-19 09:26:53.599 [SpringApplicationShutdownHook] [32mINFO [0;39m o.s.m.s.b.SimpleBrokerMessageHandler [ |  | ] - Stopping...
26-06-19 09:26:53.599 [SpringApplicationShutdownHook] [32mINFO [0;39m o.s.m.s.b.SimpleBrokerMessageHandler [ |  | ] - BrokerAvailabilityEvent[available=false, SimpleBrokerMessageHandler [org.springframework.messaging.simp.broker.DefaultSubscriptionRegistry@7c70c33a]]
26-06-19 09:26:53.599 [SpringApplicationShutdownHook] [32mINFO [0;39m o.s.m.s.b.SimpleBrokerMessageHandler [ |  | ] - Stopped.
26-06-19 09:26:53.618 [SpringApplicationShutdownHook] [32mINFO [0;39m o.s.o.j.LocalContainerEntityManagerFactoryBean [ |  | ] - Closing JPA EntityManagerFactory for persistence unit 'default'
26-06-19 09:26:53.624 [SpringApplicationShutdownHook] [32mINFO [0;39m com.zaxxer.hikari.HikariDataSource   [ |  | ] - HikariPool-1 - Shutdown initiated...
26-06-19 09:26:53.627 [SpringApplicationShutdownHook] [32mINFO [0;39m com.zaxxer.hikari.HikariDataSource   [ |  | ] - HikariPool-1 - Shutdown completed.
26-06-19 09:29:52.457 [background-preinit] [32mINFO [0;39m o.h.validator.internal.util.Version  [ |  | ] - HV000001: Hibernate Validator 8.0.1.Final
26-06-19 09:29:52.494 [main] [32mINFO [0;39m c.s.m.discodeit.DiscodeitApplication [ |  | ] - Starting DiscodeitApplication using Java 17.0.18 with PID 27740 (/Users/apple/IdeaProjects/temp/9-sprint-mission/discodeit/build/classes/java/main started by apple in /Users/apple/IdeaProjects/temp/9-sprint-mission)
26-06-19 09:29:52.495 [main] [32mDEBUG[0;39m c.s.m.discodeit.DiscodeitApplication [ |  | ] - Running with Spring Boot v3.4.0, Spring v6.2.0
26-06-19 09:29:52.496 [main] [32mINFO [0;39m c.s.m.discodeit.DiscodeitApplication [ |  | ] - The following 1 profile is active: "dev"
26-06-19 09:29:54.008 [main] [32mINFO [0;39m o.s.d.r.c.RepositoryConfigurationDelegate [ |  | ] - Multiple Spring Data modules found, entering strict repository configuration mode
26-06-19 09:29:54.011 [main] [32mINFO [0;39m o.s.d.r.c.RepositoryConfigurationDelegate [ |  | ] - Bootstrapping Spring Data JPA repositories in DEFAULT mode.
26-06-19 09:29:54.206 [main] [32mINFO [0;39m o.s.d.r.c.RepositoryConfigurationDelegate [ |  | ] - Finished Spring Data repository scanning in 184 ms. Found 7 JPA repository interfaces.
26-06-19 09:29:54.217 [main] [32mINFO [0;39m o.s.d.r.c.RepositoryConfigurationDelegate [ |  | ] - Multiple Spring Data modules found, entering strict repository configuration mode
26-06-19 09:29:54.218 [main] [32mINFO [0;39m o.s.d.r.c.RepositoryConfigurationDelegate [ |  | ] - Bootstrapping Spring Data Redis repositories in DEFAULT mode.
26-06-19 09:29:54.247 [main] [32mINFO [0;39m o.s.d.r.c.RepositoryConfigurationExtensionSupport [ |  | ] - Spring Data Redis - Could not safely identify store assignment for repository candidate interface com.sprint.mission.discodeit.repository.BinaryContentRepository; If you want this repository to be a Redis repository, consider annotating your entities with one of these annotations: org.springframework.data.redis.core.RedisHash (preferred), or consider extending one of the following types with your repository: org.springframework.data.keyvalue.repository.KeyValueRepository
26-06-19 09:29:54.248 [main] [32mINFO [0;39m o.s.d.r.c.RepositoryConfigurationExtensionSupport [ |  | ] - Spring Data Redis - Could not safely identify store assignment for repository candidate interface com.sprint.mission.discodeit.repository.ChannelRepository; If you want this repository to be a Redis repository, consider annotating your entities with one of these annotations: org.springframework.data.redis.core.RedisHash (preferred), or consider extending one of the following types with your repository: org.springframework.data.keyvalue.repository.KeyValueRepository
26-06-19 09:29:54.248 [main] [32mINFO [0;39m o.s.d.r.c.RepositoryConfigurationExtensionSupport [ |  | ] - Spring Data Redis - Could not safely identify store assignment for repository candidate interface com.sprint.mission.discodeit.repository.MessageRepository; If you want this repository to be a Redis repository, consider annotating your entities with one of these annotations: org.springframework.data.redis.core.RedisHash (preferred), or consider extending one of the following types with your repository: org.springframework.data.keyvalue.repository.KeyValueRepository
26-06-19 09:29:54.248 [main] [32mINFO [0;39m o.s.d.r.c.RepositoryConfigurationExtensionSupport [ |  | ] - Spring Data Redis - Could not safely identify store assignment for repository candidate interface com.sprint.mission.discodeit.repository.NotificationRepository; If you want this repository to be a Redis repository, consider annotating your entities with one of these annotations: org.springframework.data.redis.core.RedisHash (preferred), or consider extending one of the following types with your repository: org.springframework.data.keyvalue.repository.KeyValueRepository
26-06-19 09:29:54.249 [main] [32mINFO [0;39m o.s.d.r.c.RepositoryConfigurationExtensionSupport [ |  | ] - Spring Data Redis - Could not safely identify store assignment for repository candidate interface com.sprint.mission.discodeit.repository.ReadStatusRepository; If you want this repository to be a Redis repository, consider annotating your entities with one of these annotations: org.springframework.data.redis.core.RedisHash (preferred), or consider extending one of the following types with your repository: org.springframework.data.keyvalue.repository.KeyValueRepository
26-06-19 09:29:54.249 [main] [32mINFO [0;39m o.s.d.r.c.RepositoryConfigurationExtensionSupport [ |  | ] - Spring Data Redis - Could not safely identify store assignment for repository candidate interface com.sprint.mission.discodeit.repository.UserRepository; If you want this repository to be a Redis repository, consider annotating your entities with one of these annotations: org.springframework.data.redis.core.RedisHash (preferred), or consider extending one of the following types with your repository: org.springframework.data.keyvalue.repository.KeyValueRepository
26-06-19 09:29:54.250 [main] [32mINFO [0;39m o.s.d.r.c.RepositoryConfigurationExtensionSupport [ |  | ] - Spring Data Redis - Could not safely identify store assignment for repository candidate interface com.sprint.mission.discodeit.repository.jpa.JpaChannelRepository; If you want this repository to be a Redis repository, consider annotating your entities with one of these annotations: org.springframework.data.redis.core.RedisHash (preferred), or consider extending one of the following types with your repository: org.springframework.data.keyvalue.repository.KeyValueRepository
26-06-19 09:29:54.250 [main] [32mINFO [0;39m o.s.d.r.c.RepositoryConfigurationDelegate [ |  | ] - Finished Spring Data repository scanning in 11 ms. Found 0 Redis repository interfaces.
26-06-19 09:29:55.510 [main] [32mINFO [0;39m o.s.b.w.e.tomcat.TomcatWebServer     [ |  | ] - Tomcat initialized with port 8080 (http)
26-06-19 09:29:55.599 [main] [32mINFO [0;39m o.s.b.w.s.c.ServletWebServerApplicationContext [ |  | ] - Root WebApplicationContext: initialization completed in 3058 ms
26-06-19 09:29:57.319 [main] [32mINFO [0;39m com.zaxxer.hikari.HikariDataSource   [ |  | ] - HikariPool-1 - Starting...
26-06-19 09:29:57.533 [main] [32mINFO [0;39m com.zaxxer.hikari.pool.HikariPool    [ |  | ] - HikariPool-1 - Added connection org.postgresql.jdbc.PgConnection@f4c3e9
26-06-19 09:29:57.540 [main] [32mINFO [0;39m com.zaxxer.hikari.HikariDataSource   [ |  | ] - HikariPool-1 - Start completed.
26-06-19 09:29:57.727 [main] [32mINFO [0;39m o.h.jpa.internal.util.LogHelper      [ |  | ] - HHH000204: Processing PersistenceUnitInfo [name: default]
26-06-19 09:29:57.800 [main] [32mINFO [0;39m org.hibernate.Version                [ |  | ] - HHH000412: Hibernate ORM core version 6.6.2.Final
26-06-19 09:29:57.837 [main] [32mINFO [0;39m o.h.c.i.RegionFactoryInitiator       [ |  | ] - HHH000026: Second-level cache disabled
26-06-19 09:29:58.146 [main] [32mINFO [0;39m o.s.o.j.p.SpringPersistenceUnitInfo  [ |  | ] - No LoadTimeWeaver setup: ignoring JPA class transformer
26-06-19 09:29:58.252 [main] [32mINFO [0;39m o.hibernate.orm.connections.pooling  [ |  | ] - HHH10001005: Database info:
	Database JDBC URL [Connecting through datasource 'HikariDataSource (HikariPool-1)']
	Database driver: undefined/unknown
	Database version: 14.21
	Autocommit mode: undefined/unknown
	Isolation level: undefined/unknown
	Minimum pool size: undefined/unknown
	Maximum pool size: undefined/unknown
26-06-19 09:29:59.043 [main] [32mINFO [0;39m o.h.e.t.j.p.i.JtaPlatformInitiator   [ |  | ] - HHH000489: No JTA platform available (set 'hibernate.transaction.jta.platform' to enable JTA platform integration)
26-06-19 09:29:59.108 [main] [32mINFO [0;39m o.s.o.j.LocalContainerEntityManagerFactoryBean [ |  | ] - Initialized JPA EntityManagerFactory for persistence unit 'default'
26-06-19 09:29:59.333 [main] [32mINFO [0;39m o.s.d.j.r.query.QueryEnhancerFactory [ |  | ] - Hibernate is in classpath; If applicable, HQL parser will be used.
26-06-19 09:29:59.797 [main] [32mDEBUG[0;39m c.s.m.d.s.f.JwtAuthenticationFilter  [ |  | ] - Filter 'jwtAuthenticationFilter' configured for use
26-06-19 09:30:00.875 [main] [32mTRACE[0;39m o.s.s.c.a.a.c.AuthenticationConfiguration$EnableGlobalAuthenticationAutowiredConfigurer [ |  | ] - Eagerly initializing {securityConfig=com.sprint.mission.discodeit.config.SecurityConfig$$SpringCGLIB$$0@1b0947c3}
26-06-19 09:30:00.883 [main] [32mINFO [0;39m o.s.s.c.a.a.c.InitializeUserDetailsBeanManagerConfigurer$InitializeUserDetailsManagerConfigurer [ |  | ] - Global AuthenticationManager configured with UserDetailsService bean with name discodeitUserDetailsService
26-06-19 09:30:01.329 [main] [32mINFO [0;39m o.s.b.a.w.s.WelcomePageHandlerMapping [ |  | ] - Adding welcome page: class path resource [static/index.html]
26-06-19 09:30:02.522 [main] [32mINFO [0;39m o.s.b.a.e.web.EndpointLinksResolver  [ |  | ] - Exposing 4 endpoints beneath base path '/actuator'
26-06-19 09:30:02.881 [main] [32mDEBUG[0;39m o.s.s.web.DefaultSecurityFilterChain [ |  | ] - Will secure any request with filters: DisableEncodeUrlFilter, WebAsyncManagerIntegrationFilter, SecurityContextHolderFilter, HeaderWriterFilter, CsrfFilter, LogoutFilter, JwtAuthenticationFilter, UsernamePasswordAuthenticationFilter, RequestCacheAwareFilter, SecurityContextHolderAwareRequestFilter, RememberMeAuthenticationFilter, AnonymousAuthenticationFilter, SessionManagementFilter, ExceptionTranslationFilter, AuthorizationFilter
26-06-19 09:30:04.889 [main] [32mINFO [0;39m o.s.m.s.b.SimpleBrokerMessageHandler [ |  | ] - Starting...
26-06-19 09:30:04.890 [main] [32mINFO [0;39m o.s.m.s.b.SimpleBrokerMessageHandler [ |  | ] - BrokerAvailabilityEvent[available=true, SimpleBrokerMessageHandler [org.springframework.messaging.simp.broker.DefaultSubscriptionRegistry@78aa11f2]]
26-06-19 09:30:04.891 [main] [32mINFO [0;39m o.s.m.s.b.SimpleBrokerMessageHandler [ |  | ] - Started.
26-06-19 09:30:04.907 [main] [32mINFO [0;39m o.s.b.w.e.tomcat.TomcatWebServer     [ |  | ] - Tomcat started on port 8080 (http) with context path '/'
26-06-19 09:30:04.940 [main] [32mINFO [0;39m o.a.k.c.consumer.ConsumerConfig      [ |  | ] - ConsumerConfig values: 
	allow.auto.create.topics = true
	auto.commit.interval.ms = 5000
	auto.include.jmx.reporter = true
	auto.offset.reset = earliest
	bootstrap.servers = [localhost:9092]
	check.crcs = true
	client.dns.lookup = use_all_dns_ips
	client.id = consumer-discodeit-notification-group-1
	client.rack = 
	connections.max.idle.ms = 540000
	default.api.timeout.ms = 60000
	enable.auto.commit = false
	enable.metrics.push = true
	exclude.internal.topics = true
	fetch.max.bytes = 52428800
	fetch.max.wait.ms = 500
	fetch.min.bytes = 1
	group.id = discodeit-notification-group
	group.instance.id = null
	group.protocol = classic
	group.remote.assignor = null
	heartbeat.interval.ms = 3000
	interceptor.classes = []
	internal.leave.group.on.close = true
	internal.throw.on.fetch.stable.offset.unsupported = false
	isolation.level = read_uncommitted
	key.deserializer = class org.apache.kafka.common.serialization.StringDeserializer
	max.partition.fetch.bytes = 1048576
	max.poll.interval.ms = 300000
	max.poll.records = 500
	metadata.max.age.ms = 300000
	metadata.recovery.strategy = none
	metric.reporters = []
	metrics.num.samples = 2
	metrics.recording.level = INFO
	metrics.sample.window.ms = 30000
	partition.assignment.strategy = [class org.apache.kafka.clients.consumer.RangeAssignor, class org.apache.kafka.clients.consumer.CooperativeStickyAssignor]
	receive.buffer.bytes = 65536
	reconnect.backoff.max.ms = 1000
	reconnect.backoff.ms = 50
	request.timeout.ms = 30000
	retry.backoff.max.ms = 1000
	retry.backoff.ms = 100
	sasl.client.callback.handler.class = null
	sasl.jaas.config = null
	sasl.kerberos.kinit.cmd = /usr/bin/kinit
	sasl.kerberos.min.time.before.relogin = 60000
	sasl.kerberos.service.name = null
	sasl.kerberos.ticket.renew.jitter = 0.05
	sasl.kerberos.ticket.renew.window.factor = 0.8
	sasl.login.callback.handler.class = null
	sasl.login.class = null
	sasl.login.connect.timeout.ms = null
	sasl.login.read.timeout.ms = null
	sasl.login.refresh.buffer.seconds = 300
	sasl.login.refresh.min.period.seconds = 60
	sasl.login.refresh.window.factor = 0.8
	sasl.login.refresh.window.jitter = 0.05
	sasl.login.retry.backoff.max.ms = 10000
	sasl.login.retry.backoff.ms = 100
	sasl.mechanism = GSSAPI
	sasl.oauthbearer.clock.skew.seconds = 30
	sasl.oauthbearer.expected.audience = null
	sasl.oauthbearer.expected.issuer = null
	sasl.oauthbearer.jwks.endpoint.refresh.ms = 3600000
	sasl.oauthbearer.jwks.endpoint.retry.backoff.max.ms = 10000
	sasl.oauthbearer.jwks.endpoint.retry.backoff.ms = 100
	sasl.oauthbearer.jwks.endpoint.url = null
	sasl.oauthbearer.scope.claim.name = scope
	sasl.oauthbearer.sub.claim.name = sub
	sasl.oauthbearer.token.endpoint.url = null
	security.protocol = PLAINTEXT
	security.providers = null
	send.buffer.bytes = 131072
	session.timeout.ms = 45000
	socket.connection.setup.timeout.max.ms = 30000
	socket.connection.setup.timeout.ms = 10000
	ssl.cipher.suites = null
	ssl.enabled.protocols = [TLSv1.2, TLSv1.3]
	ssl.endpoint.identification.algorithm = https
	ssl.engine.factory.class = null
	ssl.key.password = null
	ssl.keymanager.algorithm = SunX509
	ssl.keystore.certificate.chain = null
	ssl.keystore.key = null
	ssl.keystore.location = null
	ssl.keystore.password = null
	ssl.keystore.type = JKS
	ssl.protocol = TLSv1.3
	ssl.provider = null
	ssl.secure.random.implementation = null
	ssl.trustmanager.algorithm = PKIX
	ssl.truststore.certificates = null
	ssl.truststore.location = null
	ssl.truststore.password = null
	ssl.truststore.type = JKS
	value.deserializer = class org.apache.kafka.common.serialization.StringDeserializer

26-06-19 09:30:04.989 [main] [32mINFO [0;39m o.a.k.c.t.i.KafkaMetricsCollector    [ |  | ] - initializing Kafka metrics collector
26-06-19 09:30:05.052 [main] [32mINFO [0;39m o.a.kafka.common.utils.AppInfoParser [ |  | ] - Kafka version: 3.8.1
26-06-19 09:30:05.053 [main] [32mINFO [0;39m o.a.kafka.common.utils.AppInfoParser [ |  | ] - Kafka commitId: 70d6ff42debf7e17
26-06-19 09:30:05.053 [main] [32mINFO [0;39m o.a.kafka.common.utils.AppInfoParser [ |  | ] - Kafka startTimeMs: 1781829005051
26-06-19 09:30:05.060 [main] [32mINFO [0;39m o.a.k.c.c.i.LegacyKafkaConsumer      [ |  | ] - [Consumer clientId=consumer-discodeit-notification-group-1, groupId=discodeit-notification-group] Subscribed to topic(s): discodeit.MessageCreatedEvent
26-06-19 09:30:05.066 [main] [32mINFO [0;39m o.a.k.c.consumer.ConsumerConfig      [ |  | ] - ConsumerConfig values: 
	allow.auto.create.topics = true
	auto.commit.interval.ms = 5000
	auto.include.jmx.reporter = true
	auto.offset.reset = earliest
	bootstrap.servers = [localhost:9092]
	check.crcs = true
	client.dns.lookup = use_all_dns_ips
	client.id = consumer-discodeit-notification-group-2
	client.rack = 
	connections.max.idle.ms = 540000
	default.api.timeout.ms = 60000
	enable.auto.commit = false
	enable.metrics.push = true
	exclude.internal.topics = true
	fetch.max.bytes = 52428800
	fetch.max.wait.ms = 500
	fetch.min.bytes = 1
	group.id = discodeit-notification-group
	group.instance.id = null
	group.protocol = classic
	group.remote.assignor = null
	heartbeat.interval.ms = 3000
	interceptor.classes = []
	internal.leave.group.on.close = true
	internal.throw.on.fetch.stable.offset.unsupported = false
	isolation.level = read_uncommitted
	key.deserializer = class org.apache.kafka.common.serialization.StringDeserializer
	max.partition.fetch.bytes = 1048576
	max.poll.interval.ms = 300000
	max.poll.records = 500
	metadata.max.age.ms = 300000
	metadata.recovery.strategy = none
	metric.reporters = []
	metrics.num.samples = 2
	metrics.recording.level = INFO
	metrics.sample.window.ms = 30000
	partition.assignment.strategy = [class org.apache.kafka.clients.consumer.RangeAssignor, class org.apache.kafka.clients.consumer.CooperativeStickyAssignor]
	receive.buffer.bytes = 65536
	reconnect.backoff.max.ms = 1000
	reconnect.backoff.ms = 50
	request.timeout.ms = 30000
	retry.backoff.max.ms = 1000
	retry.backoff.ms = 100
	sasl.client.callback.handler.class = null
	sasl.jaas.config = null
	sasl.kerberos.kinit.cmd = /usr/bin/kinit
	sasl.kerberos.min.time.before.relogin = 60000
	sasl.kerberos.service.name = null
	sasl.kerberos.ticket.renew.jitter = 0.05
	sasl.kerberos.ticket.renew.window.factor = 0.8
	sasl.login.callback.handler.class = null
	sasl.login.class = null
	sasl.login.connect.timeout.ms = null
	sasl.login.read.timeout.ms = null
	sasl.login.refresh.buffer.seconds = 300
	sasl.login.refresh.min.period.seconds = 60
	sasl.login.refresh.window.factor = 0.8
	sasl.login.refresh.window.jitter = 0.05
	sasl.login.retry.backoff.max.ms = 10000
	sasl.login.retry.backoff.ms = 100
	sasl.mechanism = GSSAPI
	sasl.oauthbearer.clock.skew.seconds = 30
	sasl.oauthbearer.expected.audience = null
	sasl.oauthbearer.expected.issuer = null
	sasl.oauthbearer.jwks.endpoint.refresh.ms = 3600000
	sasl.oauthbearer.jwks.endpoint.retry.backoff.max.ms = 10000
	sasl.oauthbearer.jwks.endpoint.retry.backoff.ms = 100
	sasl.oauthbearer.jwks.endpoint.url = null
	sasl.oauthbearer.scope.claim.name = scope
	sasl.oauthbearer.sub.claim.name = sub
	sasl.oauthbearer.token.endpoint.url = null
	security.protocol = PLAINTEXT
	security.providers = null
	send.buffer.bytes = 131072
	session.timeout.ms = 45000
	socket.connection.setup.timeout.max.ms = 30000
	socket.connection.setup.timeout.ms = 10000
	ssl.cipher.suites = null
	ssl.enabled.protocols = [TLSv1.2, TLSv1.3]
	ssl.endpoint.identification.algorithm = https
	ssl.engine.factory.class = null
	ssl.key.password = null
	ssl.keymanager.algorithm = SunX509
	ssl.keystore.certificate.chain = null
	ssl.keystore.key = null
	ssl.keystore.location = null
	ssl.keystore.password = null
	ssl.keystore.type = JKS
	ssl.protocol = TLSv1.3
	ssl.provider = null
	ssl.secure.random.implementation = null
	ssl.trustmanager.algorithm = PKIX
	ssl.truststore.certificates = null
	ssl.truststore.location = null
	ssl.truststore.password = null
	ssl.truststore.type = JKS
	value.deserializer = class org.apache.kafka.common.serialization.StringDeserializer

26-06-19 09:30:05.067 [main] [32mINFO [0;39m o.a.k.c.t.i.KafkaMetricsCollector    [ |  | ] - initializing Kafka metrics collector
26-06-19 09:30:05.072 [main] [32mINFO [0;39m o.a.kafka.common.utils.AppInfoParser [ |  | ] - Kafka version: 3.8.1
26-06-19 09:30:05.072 [main] [32mINFO [0;39m o.a.kafka.common.utils.AppInfoParser [ |  | ] - Kafka commitId: 70d6ff42debf7e17
26-06-19 09:30:05.072 [main] [32mINFO [0;39m o.a.kafka.common.utils.AppInfoParser [ |  | ] - Kafka startTimeMs: 1781829005072
26-06-19 09:30:05.075 [main] [32mINFO [0;39m o.a.k.c.c.i.LegacyKafkaConsumer      [ |  | ] - [Consumer clientId=consumer-discodeit-notification-group-2, groupId=discodeit-notification-group] Subscribed to topic(s): discodeit.RoleUpdatedEvent
26-06-19 09:30:05.097 [main] [32mINFO [0;39m c.s.m.discodeit.DiscodeitApplication [ |  | ] - Started DiscodeitApplication in 13.041 seconds (process running for 13.854)
26-06-19 09:30:05.194 [main] [32mDEBUG[0;39m org.hibernate.SQL                    [ |  | ] - 
    select
        u1_0.id 
    from
        users u1_0 
    where
        u1_0.role=? 
    fetch
        first ? rows only
26-06-19 09:30:05.196 [main] [32mTRACE[0;39m org.hibernate.orm.jdbc.bind          [ |  | ] - binding parameter (1:VARCHAR) <- [ADMIN]
26-06-19 09:30:05.196 [main] [32mTRACE[0;39m org.hibernate.orm.jdbc.bind          [ |  | ] - binding parameter (2:INTEGER) <- [1]
26-06-19 09:30:05.331 [org.springframework.kafka.KafkaListenerEndpointContainer#0-0-C-1] [32mINFO [0;39m o.apache.kafka.clients.NetworkClient [ |  | ] - [Consumer clientId=consumer-discodeit-notification-group-1, groupId=discodeit-notification-group] Node -1 disconnected.
26-06-19 09:30:05.331 [org.springframework.kafka.KafkaListenerEndpointContainer#1-0-C-1] [32mINFO [0;39m o.apache.kafka.clients.NetworkClient [ |  | ] - [Consumer clientId=consumer-discodeit-notification-group-2, groupId=discodeit-notification-group] Node -1 disconnected.
26-06-19 09:30:05.333 [org.springframework.kafka.KafkaListenerEndpointContainer#0-0-C-1] [33mWARN [0;39m o.apache.kafka.clients.NetworkClient [ |  | ] - [Consumer clientId=consumer-discodeit-notification-group-1, groupId=discodeit-notification-group] Connection to node -1 (localhost/127.0.0.1:9092) could not be established. Node may not be available.
26-06-19 09:30:05.333 [org.springframework.kafka.KafkaListenerEndpointContainer#1-0-C-1] [33mWARN [0;39m o.apache.kafka.clients.NetworkClient [ |  | ] - [Consumer clientId=consumer-discodeit-notification-group-2, groupId=discodeit-notification-group] Connection to node -1 (localhost/127.0.0.1:9092) could not be established. Node may not be available.
26-06-19 09:30:05.334 [org.springframework.kafka.KafkaListenerEndpointContainer#1-0-C-1] [33mWARN [0;39m o.apache.kafka.clients.NetworkClient [ |  | ] - [Consumer clientId=consumer-discodeit-notification-group-2, groupId=discodeit-notification-group] Bootstrap broker localhost:9092 (id: -1 rack: null) disconnected
26-06-19 09:30:05.334 [org.springframework.kafka.KafkaListenerEndpointContainer#0-0-C-1] [33mWARN [0;39m o.apache.kafka.clients.NetworkClient [ |  | ] - [Consumer clientId=consumer-discodeit-notification-group-1, groupId=discodeit-notification-group] Bootstrap broker localhost:9092 (id: -1 rack: null) disconnected
26-06-19 09:30:05.342 [org.springframework.kafka.KafkaListenerEndpointContainer#0-0-C-1] [32mINFO [0;39m o.a.k.c.c.i.ConsumerCoordinator      [ |  | ] - [Consumer clientId=consumer-discodeit-notification-group-1, groupId=discodeit-notification-group] Resetting generation and member id due to: consumer pro-actively leaving the group
26-06-19 09:30:05.342 [org.springframework.kafka.KafkaListenerEndpointContainer#1-0-C-1] [32mINFO [0;39m o.a.k.c.c.i.ConsumerCoordinator      [ |  | ] - [Consumer clientId=consumer-discodeit-notification-group-2, groupId=discodeit-notification-group] Resetting generation and member id due to: consumer pro-actively leaving the group
26-06-19 09:30:05.342 [org.springframework.kafka.KafkaListenerEndpointContainer#0-0-C-1] [32mINFO [0;39m o.a.k.c.c.i.ConsumerCoordinator      [ |  | ] - [Consumer clientId=consumer-discodeit-notification-group-1, groupId=discodeit-notification-group] Request joining group due to: consumer pro-actively leaving the group
26-06-19 09:30:05.342 [org.springframework.kafka.KafkaListenerEndpointContainer#0-0-C-1] [32mINFO [0;39m o.a.k.c.c.i.LegacyKafkaConsumer      [ |  | ] - [Consumer clientId=consumer-discodeit-notification-group-1, groupId=discodeit-notification-group] Unsubscribed all topics or patterns and assigned partitions
26-06-19 09:30:05.342 [org.springframework.kafka.KafkaListenerEndpointContainer#1-0-C-1] [32mINFO [0;39m o.a.k.c.c.i.ConsumerCoordinator      [ |  | ] - [Consumer clientId=consumer-discodeit-notification-group-2, groupId=discodeit-notification-group] Request joining group due to: consumer pro-actively leaving the group
26-06-19 09:30:05.342 [org.springframework.kafka.KafkaListenerEndpointContainer#1-0-C-1] [32mINFO [0;39m o.a.k.c.c.i.LegacyKafkaConsumer      [ |  | ] - [Consumer clientId=consumer-discodeit-notification-group-2, groupId=discodeit-notification-group] Unsubscribed all topics or patterns and assigned partitions
26-06-19 09:30:05.344 [org.springframework.kafka.KafkaListenerEndpointContainer#0-0-C-1] [32mINFO [0;39m o.a.k.c.c.i.ConsumerCoordinator      [ |  | ] - [Consumer clientId=consumer-discodeit-notification-group-1, groupId=discodeit-notification-group] Resetting generation and member id due to: consumer pro-actively leaving the group
26-06-19 09:30:05.344 [org.springframework.kafka.KafkaListenerEndpointContainer#0-0-C-1] [32mINFO [0;39m o.a.k.c.c.i.ConsumerCoordinator      [ |  | ] - [Consumer clientId=consumer-discodeit-notification-group-1, groupId=discodeit-notification-group] Request joining group due to: consumer pro-actively leaving the group
26-06-19 09:30:05.344 [org.springframework.kafka.KafkaListenerEndpointContainer#1-0-C-1] [32mINFO [0;39m o.a.k.c.c.i.ConsumerCoordinator      [ |  | ] - [Consumer clientId=consumer-discodeit-notification-group-2, groupId=discodeit-notification-group] Resetting generation and member id due to: consumer pro-actively leaving the group
26-06-19 09:30:05.345 [org.springframework.kafka.KafkaListenerEndpointContainer#1-0-C-1] [32mINFO [0;39m o.a.k.c.c.i.ConsumerCoordinator      [ |  | ] - [Consumer clientId=consumer-discodeit-notification-group-2, groupId=discodeit-notification-group] Request joining group due to: consumer pro-actively leaving the group
26-06-19 09:30:05.350 [org.springframework.kafka.KafkaListenerEndpointContainer#0-0-C-1] [32mINFO [0;39m o.a.kafka.common.metrics.Metrics     [ |  | ] - Metrics scheduler closed
26-06-19 09:30:05.352 [org.springframework.kafka.KafkaListenerEndpointContainer#0-0-C-1] [32mINFO [0;39m o.a.kafka.common.metrics.Metrics     [ |  | ] - Closing reporter org.apache.kafka.common.metrics.JmxReporter
26-06-19 09:30:05.353 [org.springframework.kafka.KafkaListenerEndpointContainer#1-0-C-1] [32mINFO [0;39m o.a.kafka.common.metrics.Metrics     [ |  | ] - Metrics scheduler closed
26-06-19 09:30:05.354 [org.springframework.kafka.KafkaListenerEndpointContainer#1-0-C-1] [32mINFO [0;39m o.a.kafka.common.metrics.Metrics     [ |  | ] - Closing reporter org.apache.kafka.common.metrics.JmxReporter
26-06-19 09:30:05.355 [org.springframework.kafka.KafkaListenerEndpointContainer#0-0-C-1] [32mINFO [0;39m o.a.kafka.common.metrics.Metrics     [ |  | ] - Closing reporter org.apache.kafka.common.telemetry.internals.ClientTelemetryReporter
26-06-19 09:30:05.355 [org.springframework.kafka.KafkaListenerEndpointContainer#1-0-C-1] [32mINFO [0;39m o.a.kafka.common.metrics.Metrics     [ |  | ] - Closing reporter org.apache.kafka.common.telemetry.internals.ClientTelemetryReporter
26-06-19 09:30:05.355 [org.springframework.kafka.KafkaListenerEndpointContainer#0-0-C-1] [32mINFO [0;39m o.a.kafka.common.metrics.Metrics     [ |  | ] - Metrics reporters closed
26-06-19 09:30:05.355 [org.springframework.kafka.KafkaListenerEndpointContainer#1-0-C-1] [32mINFO [0;39m o.a.kafka.common.metrics.Metrics     [ |  | ] - Metrics reporters closed
26-06-19 09:30:05.364 [org.springframework.kafka.KafkaListenerEndpointContainer#1-0-C-1] [32mINFO [0;39m o.a.kafka.common.utils.AppInfoParser [ |  | ] - App info kafka.consumer for consumer-discodeit-notification-group-2 unregistered
26-06-19 09:30:05.365 [org.springframework.kafka.KafkaListenerEndpointContainer#0-0-C-1] [32mINFO [0;39m o.a.kafka.common.utils.AppInfoParser [ |  | ] - App info kafka.consumer for consumer-discodeit-notification-group-1 unregistered
26-06-19 09:30:05.386 [org.springframework.kafka.KafkaListenerEndpointContainer#1-0-C-1] [32mINFO [0;39m o.s.k.l.KafkaMessageListenerContainer [ |  | ] - discodeit-notification-group: Consumer stopped
26-06-19 09:30:05.391 [org.springframework.kafka.KafkaListenerEndpointContainer#0-0-C-1] [32mINFO [0;39m o.s.k.l.KafkaMessageListenerContainer [ |  | ] - discodeit-notification-group: Consumer stopped
26-06-19 09:30:05.393 [SpringApplicationShutdownHook] [32mINFO [0;39m o.s.b.w.e.tomcat.GracefulShutdown    [ |  | ] - Commencing graceful shutdown. Waiting for active requests to complete
26-06-19 09:30:05.396 [tomcat-shutdown] [32mINFO [0;39m o.s.b.w.e.tomcat.GracefulShutdown    [ |  | ] - Graceful shutdown complete
26-06-19 09:30:05.401 [SpringApplicationShutdownHook] [32mINFO [0;39m o.s.m.s.b.SimpleBrokerMessageHandler [ |  | ] - Stopping...
26-06-19 09:30:05.401 [SpringApplicationShutdownHook] [32mINFO [0;39m o.s.m.s.b.SimpleBrokerMessageHandler [ |  | ] - BrokerAvailabilityEvent[available=false, SimpleBrokerMessageHandler [org.springframework.messaging.simp.broker.DefaultSubscriptionRegistry@78aa11f2]]
26-06-19 09:30:05.401 [SpringApplicationShutdownHook] [32mINFO [0;39m o.s.m.s.b.SimpleBrokerMessageHandler [ |  | ] - Stopped.
26-06-19 09:30:05.513 [MessageBroker-1] [31mERROR[0;39m o.s.s.s.TaskUtils$LoggingErrorHandler [ |  | ] - Unexpected error occurred in scheduled task
org.springframework.data.redis.RedisConnectionFailureException: Unable to connect to Redis
	at org.springframework.data.redis.connection.lettuce.LettuceConnectionFactory$ExceptionTranslatingConnectionProvider.translateException(LettuceConnectionFactory.java:1858)
	at org.springframework.data.redis.connection.lettuce.LettuceConnectionFactory$ExceptionTranslatingConnectionProvider.getConnection(LettuceConnectionFactory.java:1789)
	at org.springframework.data.redis.connection.lettuce.LettuceConnectionFactory$SharedConnection.getNativeConnection(LettuceConnectionFactory.java:1586)
	at org.springframework.data.redis.connection.lettuce.LettuceConnectionFactory$SharedConnection.lambda$getConnection$0(LettuceConnectionFactory.java:1566)
	at org.springframework.data.redis.connection.lettuce.LettuceConnectionFactory.doInLock(LettuceConnectionFactory.java:1527)
	at org.springframework.data.redis.connection.lettuce.LettuceConnectionFactory$SharedConnection.getConnection(LettuceConnectionFactory.java:1563)
	at org.springframework.data.redis.connection.lettuce.LettuceConnectionFactory.getSharedConnection(LettuceConnectionFactory.java:1249)
	at org.springframework.data.redis.connection.lettuce.LettuceConnectionFactory.getConnection(LettuceConnectionFactory.java:1055)
	at org.springframework.data.redis.core.RedisConnectionUtils.fetchConnection(RedisConnectionUtils.java:195)
	at org.springframework.data.redis.core.RedisConnectionUtils.doGetConnection(RedisConnectionUtils.java:144)
	at org.springframework.data.redis.core.RedisConnectionUtils.getConnection(RedisConnectionUtils.java:105)
	at org.springframework.data.redis.core.RedisTemplate.execute(RedisTemplate.java:398)
	at org.springframework.data.redis.core.RedisTemplate.execute(RedisTemplate.java:378)
	at org.springframework.data.redis.core.RedisTemplate.doWithKeys(RedisTemplate.java:790)
	at org.springframework.data.redis.core.RedisTemplate.keys(RedisTemplate.java:643)
	at com.sprint.mission.discodeit.security.registry.RedisJwtRegistry.clearExpiredJwtInformation(RedisJwtRegistry.java:159)
	at java.base/jdk.internal.reflect.NativeMethodAccessorImpl.invoke0(Native Method)
	at java.base/jdk.internal.reflect.NativeMethodAccessorImpl.invoke(NativeMethodAccessorImpl.java:77)
	at java.base/jdk.internal.reflect.DelegatingMethodAccessorImpl.invoke(DelegatingMethodAccessorImpl.java:43)
	at java.base/java.lang.reflect.Method.invoke(Method.java:569)
	at org.springframework.aop.support.AopUtils.invokeJoinpointUsingReflection(AopUtils.java:359)
	at org.springframework.aop.framework.ReflectiveMethodInvocation.invokeJoinpoint(ReflectiveMethodInvocation.java:196)
	at org.springframework.aop.framework.ReflectiveMethodInvocation.proceed(ReflectiveMethodInvocation.java:163)
	at org.springframework.retry.annotation.AnnotationAwareRetryOperationsInterceptor.invoke(AnnotationAwareRetryOperationsInterceptor.java:165)
	at org.springframework.aop.framework.ReflectiveMethodInvocation.proceed(ReflectiveMethodInvocation.java:184)
	at org.springframework.aop.framework.CglibAopProxy$DynamicAdvisedInterceptor.intercept(CglibAopProxy.java:727)
	at com.sprint.mission.discodeit.security.registry.RedisJwtRegistry$$SpringCGLIB$$0.clearExpiredJwtInformation(<generated>)
	at java.base/jdk.internal.reflect.NativeMethodAccessorImpl.invoke0(Native Method)
	at java.base/jdk.internal.reflect.NativeMethodAccessorImpl.invoke(NativeMethodAccessorImpl.java:77)
	at java.base/jdk.internal.reflect.DelegatingMethodAccessorImpl.invoke(DelegatingMethodAccessorImpl.java:43)
	at java.base/java.lang.reflect.Method.invoke(Method.java:569)
	at org.springframework.scheduling.support.ScheduledMethodRunnable.runInternal(ScheduledMethodRunnable.java:130)
	at org.springframework.scheduling.support.ScheduledMethodRunnable.lambda$run$2(ScheduledMethodRunnable.java:124)
	at io.micrometer.observation.Observation.observe(Observation.java:499)
	at org.springframework.scheduling.support.ScheduledMethodRunnable.run(ScheduledMethodRunnable.java:124)
	at org.springframework.scheduling.config.Task$OutcomeTrackingRunnable.run(Task.java:83)
	at org.springframework.scheduling.support.DelegatingErrorHandlingRunnable.run(DelegatingErrorHandlingRunnable.java:54)
	at java.base/java.util.concurrent.Executors$RunnableAdapter.call(Executors.java:539)
	at java.base/java.util.concurrent.FutureTask.runAndReset(FutureTask.java:305)
	at java.base/java.util.concurrent.ScheduledThreadPoolExecutor$ScheduledFutureTask.run(ScheduledThreadPoolExecutor.java:305)
	at java.base/java.util.concurrent.ThreadPoolExecutor.runWorker(ThreadPoolExecutor.java:1136)
	at java.base/java.util.concurrent.ThreadPoolExecutor$Worker.run(ThreadPoolExecutor.java:635)
	at java.base/java.lang.Thread.run(Thread.java:840)
Caused by: io.lettuce.core.RedisConnectionException: Unable to connect to localhost/<unresolved>:6379
	at io.lettuce.core.RedisConnectionException.create(RedisConnectionException.java:63)
	at io.lettuce.core.RedisConnectionException.create(RedisConnectionException.java:41)
	at io.lettuce.core.AbstractRedisClient.getConnection(AbstractRedisClient.java:354)
	at io.lettuce.core.RedisClient.connect(RedisClient.java:219)
	at org.springframework.data.redis.connection.lettuce.StandaloneConnectionProvider.lambda$getConnection$1(StandaloneConnectionProvider.java:112)
	at java.base/java.util.Optional.orElseGet(Optional.java:364)
	at org.springframework.data.redis.connection.lettuce.StandaloneConnectionProvider.getConnection(StandaloneConnectionProvider.java:112)
	at org.springframework.data.redis.connection.lettuce.LettuceConnectionFactory$ExceptionTranslatingConnectionProvider.getConnection(LettuceConnectionFactory.java:1787)
	... 41 common frames omitted
Caused by: io.netty.channel.AbstractChannel$AnnotatedConnectException: Connection refused: localhost/127.0.0.1:6379
Caused by: java.net.ConnectException: Connection refused
	at java.base/sun.nio.ch.Net.pollConnect(Native Method)
	at java.base/sun.nio.ch.Net.pollConnectNow(Net.java:684)
	at java.base/sun.nio.ch.SocketChannelImpl.finishConnect(SocketChannelImpl.java:946)
	at io.netty.channel.socket.nio.NioSocketChannel.doFinishConnect(NioSocketChannel.java:336)
	at io.netty.channel.nio.AbstractNioChannel$AbstractNioUnsafe.finishConnect(AbstractNioChannel.java:339)
	at io.netty.channel.nio.NioEventLoop.processSelectedKey(NioEventLoop.java:776)
	at io.netty.channel.nio.NioEventLoop.processSelectedKeysOptimized(NioEventLoop.java:724)
	at io.netty.channel.nio.NioEventLoop.processSelectedKeys(NioEventLoop.java:650)
	at io.netty.channel.nio.NioEventLoop.run(NioEventLoop.java:562)
	at io.netty.util.concurrent.SingleThreadEventExecutor$4.run(SingleThreadEventExecutor.java:997)
	at io.netty.util.internal.ThreadExecutorMap$2.run(ThreadExecutorMap.java:74)
	at io.netty.util.concurrent.FastThreadLocalRunnable.run(FastThreadLocalRunnable.java:30)
	at java.base/java.lang.Thread.run(Thread.java:840)
26-06-19 09:30:05.539 [SpringApplicationShutdownHook] [32mINFO [0;39m o.s.o.j.LocalContainerEntityManagerFactoryBean [ |  | ] - Closing JPA EntityManagerFactory for persistence unit 'default'
26-06-19 09:30:05.541 [SpringApplicationShutdownHook] [32mINFO [0;39m com.zaxxer.hikari.HikariDataSource   [ |  | ] - HikariPool-1 - Shutdown initiated...
26-06-19 09:30:05.544 [SpringApplicationShutdownHook] [32mINFO [0;39m com.zaxxer.hikari.HikariDataSource   [ |  | ] - HikariPool-1 - Shutdown completed.
26-06-19 09:30:40.867 [background-preinit] [32mINFO [0;39m o.h.validator.internal.util.Version  [ |  | ] - HV000001: Hibernate Validator 8.0.1.Final
26-06-19 09:30:40.902 [main] [32mINFO [0;39m c.s.m.discodeit.DiscodeitApplication [ |  | ] - Starting DiscodeitApplication using Java 17.0.18 with PID 27838 (/Users/apple/IdeaProjects/temp/9-sprint-mission/discodeit/build/classes/java/main started by apple in /Users/apple/IdeaProjects/temp/9-sprint-mission)
26-06-19 09:30:40.903 [main] [32mDEBUG[0;39m c.s.m.discodeit.DiscodeitApplication [ |  | ] - Running with Spring Boot v3.4.0, Spring v6.2.0
26-06-19 09:30:40.904 [main] [32mINFO [0;39m c.s.m.discodeit.DiscodeitApplication [ |  | ] - The following 1 profile is active: "dev"
26-06-19 09:30:42.083 [main] [32mINFO [0;39m o.s.d.r.c.RepositoryConfigurationDelegate [ |  | ] - Multiple Spring Data modules found, entering strict repository configuration mode
26-06-19 09:30:42.086 [main] [32mINFO [0;39m o.s.d.r.c.RepositoryConfigurationDelegate [ |  | ] - Bootstrapping Spring Data JPA repositories in DEFAULT mode.
26-06-19 09:30:42.226 [main] [32mINFO [0;39m o.s.d.r.c.RepositoryConfigurationDelegate [ |  | ] - Finished Spring Data repository scanning in 132 ms. Found 7 JPA repository interfaces.
26-06-19 09:30:42.236 [main] [32mINFO [0;39m o.s.d.r.c.RepositoryConfigurationDelegate [ |  | ] - Multiple Spring Data modules found, entering strict repository configuration mode
26-06-19 09:30:42.237 [main] [32mINFO [0;39m o.s.d.r.c.RepositoryConfigurationDelegate [ |  | ] - Bootstrapping Spring Data Redis repositories in DEFAULT mode.
26-06-19 09:30:42.257 [main] [32mINFO [0;39m o.s.d.r.c.RepositoryConfigurationExtensionSupport [ |  | ] - Spring Data Redis - Could not safely identify store assignment for repository candidate interface com.sprint.mission.discodeit.repository.BinaryContentRepository; If you want this repository to be a Redis repository, consider annotating your entities with one of these annotations: org.springframework.data.redis.core.RedisHash (preferred), or consider extending one of the following types with your repository: org.springframework.data.keyvalue.repository.KeyValueRepository
26-06-19 09:30:42.257 [main] [32mINFO [0;39m o.s.d.r.c.RepositoryConfigurationExtensionSupport [ |  | ] - Spring Data Redis - Could not safely identify store assignment for repository candidate interface com.sprint.mission.discodeit.repository.ChannelRepository; If you want this repository to be a Redis repository, consider annotating your entities with one of these annotations: org.springframework.data.redis.core.RedisHash (preferred), or consider extending one of the following types with your repository: org.springframework.data.keyvalue.repository.KeyValueRepository
26-06-19 09:30:42.257 [main] [32mINFO [0;39m o.s.d.r.c.RepositoryConfigurationExtensionSupport [ |  | ] - Spring Data Redis - Could not safely identify store assignment for repository candidate interface com.sprint.mission.discodeit.repository.MessageRepository; If you want this repository to be a Redis repository, consider annotating your entities with one of these annotations: org.springframework.data.redis.core.RedisHash (preferred), or consider extending one of the following types with your repository: org.springframework.data.keyvalue.repository.KeyValueRepository
26-06-19 09:30:42.258 [main] [32mINFO [0;39m o.s.d.r.c.RepositoryConfigurationExtensionSupport [ |  | ] - Spring Data Redis - Could not safely identify store assignment for repository candidate interface com.sprint.mission.discodeit.repository.NotificationRepository; If you want this repository to be a Redis repository, consider annotating your entities with one of these annotations: org.springframework.data.redis.core.RedisHash (preferred), or consider extending one of the following types with your repository: org.springframework.data.keyvalue.repository.KeyValueRepository
26-06-19 09:30:42.258 [main] [32mINFO [0;39m o.s.d.r.c.RepositoryConfigurationExtensionSupport [ |  | ] - Spring Data Redis - Could not safely identify store assignment for repository candidate interface com.sprint.mission.discodeit.repository.ReadStatusRepository; If you want this repository to be a Redis repository, consider annotating your entities with one of these annotations: org.springframework.data.redis.core.RedisHash (preferred), or consider extending one of the following types with your repository: org.springframework.data.keyvalue.repository.KeyValueRepository
26-06-19 09:30:42.258 [main] [32mINFO [0;39m o.s.d.r.c.RepositoryConfigurationExtensionSupport [ |  | ] - Spring Data Redis - Could not safely identify store assignment for repository candidate interface com.sprint.mission.discodeit.repository.UserRepository; If you want this repository to be a Redis repository, consider annotating your entities with one of these annotations: org.springframework.data.redis.core.RedisHash (preferred), or consider extending one of the following types with your repository: org.springframework.data.keyvalue.repository.KeyValueRepository
26-06-19 09:30:42.258 [main] [32mINFO [0;39m o.s.d.r.c.RepositoryConfigurationExtensionSupport [ |  | ] - Spring Data Redis - Could not safely identify store assignment for repository candidate interface com.sprint.mission.discodeit.repository.jpa.JpaChannelRepository; If you want this repository to be a Redis repository, consider annotating your entities with one of these annotations: org.springframework.data.redis.core.RedisHash (preferred), or consider extending one of the following types with your repository: org.springframework.data.keyvalue.repository.KeyValueRepository
26-06-19 09:30:42.258 [main] [32mINFO [0;39m o.s.d.r.c.RepositoryConfigurationDelegate [ |  | ] - Finished Spring Data repository scanning in 8 ms. Found 0 Redis repository interfaces.
26-06-19 09:30:43.148 [main] [32mINFO [0;39m o.s.b.w.e.tomcat.TomcatWebServer     [ |  | ] - Tomcat initialized with port 8080 (http)
26-06-19 09:30:43.157 [main] [32mINFO [0;39m o.a.coyote.http11.Http11NioProtocol  [ |  | ] - Initializing ProtocolHandler ["http-nio-8080"]
26-06-19 09:30:43.158 [main] [32mINFO [0;39m o.a.catalina.core.StandardService    [ |  | ] - Starting service [Tomcat]
26-06-19 09:30:43.158 [main] [32mINFO [0;39m o.a.catalina.core.StandardEngine     [ |  | ] - Starting Servlet engine: [Apache Tomcat/10.1.33]
26-06-19 09:30:43.201 [main] [32mINFO [0;39m o.a.c.c.C.[Tomcat].[localhost].[/]   [ |  | ] - Initializing Spring embedded WebApplicationContext
26-06-19 09:30:43.202 [main] [32mINFO [0;39m o.s.b.w.s.c.ServletWebServerApplicationContext [ |  | ] - Root WebApplicationContext: initialization completed in 2269 ms
26-06-19 09:30:44.008 [main] [32mINFO [0;39m com.zaxxer.hikari.HikariDataSource   [ |  | ] - HikariPool-1 - Starting...
26-06-19 09:30:44.078 [main] [32mINFO [0;39m com.zaxxer.hikari.pool.HikariPool    [ |  | ] - HikariPool-1 - Added connection org.postgresql.jdbc.PgConnection@15405ba1
26-06-19 09:30:44.079 [main] [32mINFO [0;39m com.zaxxer.hikari.HikariDataSource   [ |  | ] - HikariPool-1 - Start completed.
26-06-19 09:30:44.163 [main] [32mINFO [0;39m o.h.jpa.internal.util.LogHelper      [ |  | ] - HHH000204: Processing PersistenceUnitInfo [name: default]
26-06-19 09:30:44.209 [main] [32mINFO [0;39m org.hibernate.Version                [ |  | ] - HHH000412: Hibernate ORM core version 6.6.2.Final
26-06-19 09:30:44.248 [main] [32mINFO [0;39m o.h.c.i.RegionFactoryInitiator       [ |  | ] - HHH000026: Second-level cache disabled
26-06-19 09:30:44.577 [main] [32mINFO [0;39m o.s.o.j.p.SpringPersistenceUnitInfo  [ |  | ] - No LoadTimeWeaver setup: ignoring JPA class transformer
26-06-19 09:30:44.655 [main] [32mINFO [0;39m o.hibernate.orm.connections.pooling  [ |  | ] - HHH10001005: Database info:
	Database JDBC URL [Connecting through datasource 'HikariDataSource (HikariPool-1)']
	Database driver: undefined/unknown
	Database version: 14.21
	Autocommit mode: undefined/unknown
	Isolation level: undefined/unknown
	Minimum pool size: undefined/unknown
	Maximum pool size: undefined/unknown
26-06-19 09:30:45.618 [main] [32mINFO [0;39m o.h.e.t.j.p.i.JtaPlatformInitiator   [ |  | ] - HHH000489: No JTA platform available (set 'hibernate.transaction.jta.platform' to enable JTA platform integration)
26-06-19 09:30:45.659 [main] [32mINFO [0;39m o.s.o.j.LocalContainerEntityManagerFactoryBean [ |  | ] - Initialized JPA EntityManagerFactory for persistence unit 'default'
26-06-19 09:30:46.004 [main] [32mINFO [0;39m o.s.d.j.r.query.QueryEnhancerFactory [ |  | ] - Hibernate is in classpath; If applicable, HQL parser will be used.
26-06-19 09:30:46.783 [main] [32mDEBUG[0;39m c.s.m.d.s.f.JwtAuthenticationFilter  [ |  | ] - Filter 'jwtAuthenticationFilter' configured for use
26-06-19 09:30:48.410 [main] [32mTRACE[0;39m o.s.s.c.a.a.c.AuthenticationConfiguration$EnableGlobalAuthenticationAutowiredConfigurer [ |  | ] - Eagerly initializing {securityConfig=com.sprint.mission.discodeit.config.SecurityConfig$$SpringCGLIB$$0@6626137e}
26-06-19 09:30:48.420 [main] [32mINFO [0;39m o.s.s.c.a.a.c.InitializeUserDetailsBeanManagerConfigurer$InitializeUserDetailsManagerConfigurer [ |  | ] - Global AuthenticationManager configured with UserDetailsService bean with name discodeitUserDetailsService
26-06-19 09:30:48.666 [main] [32mINFO [0;39m o.s.b.a.w.s.WelcomePageHandlerMapping [ |  | ] - Adding welcome page: class path resource [static/index.html]
26-06-19 09:30:49.328 [main] [32mINFO [0;39m o.s.b.a.e.web.EndpointLinksResolver  [ |  | ] - Exposing 4 endpoints beneath base path '/actuator'
26-06-19 09:30:49.672 [main] [32mDEBUG[0;39m o.s.s.web.DefaultSecurityFilterChain [ |  | ] - Will secure any request with filters: DisableEncodeUrlFilter, WebAsyncManagerIntegrationFilter, SecurityContextHolderFilter, HeaderWriterFilter, CsrfFilter, LogoutFilter, JwtAuthenticationFilter, UsernamePasswordAuthenticationFilter, RequestCacheAwareFilter, SecurityContextHolderAwareRequestFilter, RememberMeAuthenticationFilter, AnonymousAuthenticationFilter, SessionManagementFilter, ExceptionTranslationFilter, AuthorizationFilter
26-06-19 09:30:51.263 [main] [32mINFO [0;39m o.s.m.s.b.SimpleBrokerMessageHandler [ |  | ] - Starting...
26-06-19 09:30:51.264 [main] [32mINFO [0;39m o.s.m.s.b.SimpleBrokerMessageHandler [ |  | ] - BrokerAvailabilityEvent[available=true, SimpleBrokerMessageHandler [org.springframework.messaging.simp.broker.DefaultSubscriptionRegistry@344d9421]]
26-06-19 09:30:51.266 [main] [32mINFO [0;39m o.s.m.s.b.SimpleBrokerMessageHandler [ |  | ] - Started.
26-06-19 09:30:51.267 [main] [32mINFO [0;39m o.a.coyote.http11.Http11NioProtocol  [ |  | ] - Starting ProtocolHandler ["http-nio-8080"]
26-06-19 09:30:51.376 [main] [32mINFO [0;39m o.s.b.w.e.tomcat.TomcatWebServer     [ |  | ] - Tomcat started on port 8080 (http) with context path '/'
26-06-19 09:30:51.533 [main] [32mINFO [0;39m o.a.k.c.consumer.ConsumerConfig      [ |  | ] - ConsumerConfig values: 
	allow.auto.create.topics = true
	auto.commit.interval.ms = 5000
	auto.include.jmx.reporter = true
	auto.offset.reset = earliest
	bootstrap.servers = [localhost:9092]
	check.crcs = true
	client.dns.lookup = use_all_dns_ips
	client.id = consumer-discodeit-notification-group-1
	client.rack = 
	connections.max.idle.ms = 540000
	default.api.timeout.ms = 60000
	enable.auto.commit = false
	enable.metrics.push = true
	exclude.internal.topics = true
	fetch.max.bytes = 52428800
	fetch.max.wait.ms = 500
	fetch.min.bytes = 1
	group.id = discodeit-notification-group
	group.instance.id = null
	group.protocol = classic
	group.remote.assignor = null
	heartbeat.interval.ms = 3000
	interceptor.classes = []
	internal.leave.group.on.close = true
	internal.throw.on.fetch.stable.offset.unsupported = false
	isolation.level = read_uncommitted
	key.deserializer = class org.apache.kafka.common.serialization.StringDeserializer
	max.partition.fetch.bytes = 1048576
	max.poll.interval.ms = 300000
	max.poll.records = 500
	metadata.max.age.ms = 300000
	metadata.recovery.strategy = none
	metric.reporters = []
	metrics.num.samples = 2
	metrics.recording.level = INFO
	metrics.sample.window.ms = 30000
	partition.assignment.strategy = [class org.apache.kafka.clients.consumer.RangeAssignor, class org.apache.kafka.clients.consumer.CooperativeStickyAssignor]
	receive.buffer.bytes = 65536
	reconnect.backoff.max.ms = 1000
	reconnect.backoff.ms = 50
	request.timeout.ms = 30000
	retry.backoff.max.ms = 1000
	retry.backoff.ms = 100
	sasl.client.callback.handler.class = null
	sasl.jaas.config = null
	sasl.kerberos.kinit.cmd = /usr/bin/kinit
	sasl.kerberos.min.time.before.relogin = 60000
	sasl.kerberos.service.name = null
	sasl.kerberos.ticket.renew.jitter = 0.05
	sasl.kerberos.ticket.renew.window.factor = 0.8
	sasl.login.callback.handler.class = null
	sasl.login.class = null
	sasl.login.connect.timeout.ms = null
	sasl.login.read.timeout.ms = null
	sasl.login.refresh.buffer.seconds = 300
	sasl.login.refresh.min.period.seconds = 60
	sasl.login.refresh.window.factor = 0.8
	sasl.login.refresh.window.jitter = 0.05
	sasl.login.retry.backoff.max.ms = 10000
	sasl.login.retry.backoff.ms = 100
	sasl.mechanism = GSSAPI
	sasl.oauthbearer.clock.skew.seconds = 30
	sasl.oauthbearer.expected.audience = null
	sasl.oauthbearer.expected.issuer = null
	sasl.oauthbearer.jwks.endpoint.refresh.ms = 3600000
	sasl.oauthbearer.jwks.endpoint.retry.backoff.max.ms = 10000
	sasl.oauthbearer.jwks.endpoint.retry.backoff.ms = 100
	sasl.oauthbearer.jwks.endpoint.url = null
	sasl.oauthbearer.scope.claim.name = scope
	sasl.oauthbearer.sub.claim.name = sub
	sasl.oauthbearer.token.endpoint.url = null
	security.protocol = PLAINTEXT
	security.providers = null
	send.buffer.bytes = 131072
	session.timeout.ms = 45000
	socket.connection.setup.timeout.max.ms = 30000
	socket.connection.setup.timeout.ms = 10000
	ssl.cipher.suites = null
	ssl.enabled.protocols = [TLSv1.2, TLSv1.3]
	ssl.endpoint.identification.algorithm = https
	ssl.engine.factory.class = null
	ssl.key.password = null
	ssl.keymanager.algorithm = SunX509
	ssl.keystore.certificate.chain = null
	ssl.keystore.key = null
	ssl.keystore.location = null
	ssl.keystore.password = null
	ssl.keystore.type = JKS
	ssl.protocol = TLSv1.3
	ssl.provider = null
	ssl.secure.random.implementation = null
	ssl.trustmanager.algorithm = PKIX
	ssl.truststore.certificates = null
	ssl.truststore.location = null
	ssl.truststore.password = null
	ssl.truststore.type = JKS
	value.deserializer = class org.apache.kafka.common.serialization.StringDeserializer

26-06-19 09:30:51.645 [main] [32mINFO [0;39m o.a.k.c.t.i.KafkaMetricsCollector    [ |  | ] - initializing Kafka metrics collector
26-06-19 09:30:51.768 [main] [32mINFO [0;39m o.a.kafka.common.utils.AppInfoParser [ |  | ] - Kafka version: 3.8.1
26-06-19 09:30:51.768 [main] [32mINFO [0;39m o.a.kafka.common.utils.AppInfoParser [ |  | ] - Kafka commitId: 70d6ff42debf7e17
26-06-19 09:30:51.768 [main] [32mINFO [0;39m o.a.kafka.common.utils.AppInfoParser [ |  | ] - Kafka startTimeMs: 1781829051763
26-06-19 09:30:51.828 [main] [32mINFO [0;39m o.a.k.c.c.i.LegacyKafkaConsumer      [ |  | ] - [Consumer clientId=consumer-discodeit-notification-group-1, groupId=discodeit-notification-group] Subscribed to topic(s): discodeit.MessageCreatedEvent
26-06-19 09:30:51.871 [main] [32mINFO [0;39m o.a.k.c.consumer.ConsumerConfig      [ |  | ] - ConsumerConfig values: 
	allow.auto.create.topics = true
	auto.commit.interval.ms = 5000
	auto.include.jmx.reporter = true
	auto.offset.reset = earliest
	bootstrap.servers = [localhost:9092]
	check.crcs = true
	client.dns.lookup = use_all_dns_ips
	client.id = consumer-discodeit-notification-group-2
	client.rack = 
	connections.max.idle.ms = 540000
	default.api.timeout.ms = 60000
	enable.auto.commit = false
	enable.metrics.push = true
	exclude.internal.topics = true
	fetch.max.bytes = 52428800
	fetch.max.wait.ms = 500
	fetch.min.bytes = 1
	group.id = discodeit-notification-group
	group.instance.id = null
	group.protocol = classic
	group.remote.assignor = null
	heartbeat.interval.ms = 3000
	interceptor.classes = []
	internal.leave.group.on.close = true
	internal.throw.on.fetch.stable.offset.unsupported = false
	isolation.level = read_uncommitted
	key.deserializer = class org.apache.kafka.common.serialization.StringDeserializer
	max.partition.fetch.bytes = 1048576
	max.poll.interval.ms = 300000
	max.poll.records = 500
	metadata.max.age.ms = 300000
	metadata.recovery.strategy = none
	metric.reporters = []
	metrics.num.samples = 2
	metrics.recording.level = INFO
	metrics.sample.window.ms = 30000
	partition.assignment.strategy = [class org.apache.kafka.clients.consumer.RangeAssignor, class org.apache.kafka.clients.consumer.CooperativeStickyAssignor]
	receive.buffer.bytes = 65536
	reconnect.backoff.max.ms = 1000
	reconnect.backoff.ms = 50
	request.timeout.ms = 30000
	retry.backoff.max.ms = 1000
	retry.backoff.ms = 100
	sasl.client.callback.handler.class = null
	sasl.jaas.config = null
	sasl.kerberos.kinit.cmd = /usr/bin/kinit
	sasl.kerberos.min.time.before.relogin = 60000
	sasl.kerberos.service.name = null
	sasl.kerberos.ticket.renew.jitter = 0.05
	sasl.kerberos.ticket.renew.window.factor = 0.8
	sasl.login.callback.handler.class = null
	sasl.login.class = null
	sasl.login.connect.timeout.ms = null
	sasl.login.read.timeout.ms = null
	sasl.login.refresh.buffer.seconds = 300
	sasl.login.refresh.min.period.seconds = 60
	sasl.login.refresh.window.factor = 0.8
	sasl.login.refresh.window.jitter = 0.05
	sasl.login.retry.backoff.max.ms = 10000
	sasl.login.retry.backoff.ms = 100
	sasl.mechanism = GSSAPI
	sasl.oauthbearer.clock.skew.seconds = 30
	sasl.oauthbearer.expected.audience = null
	sasl.oauthbearer.expected.issuer = null
	sasl.oauthbearer.jwks.endpoint.refresh.ms = 3600000
	sasl.oauthbearer.jwks.endpoint.retry.backoff.max.ms = 10000
	sasl.oauthbearer.jwks.endpoint.retry.backoff.ms = 100
	sasl.oauthbearer.jwks.endpoint.url = null
	sasl.oauthbearer.scope.claim.name = scope
	sasl.oauthbearer.sub.claim.name = sub
	sasl.oauthbearer.token.endpoint.url = null
	security.protocol = PLAINTEXT
	security.providers = null
	send.buffer.bytes = 131072
	session.timeout.ms = 45000
	socket.connection.setup.timeout.max.ms = 30000
	socket.connection.setup.timeout.ms = 10000
	ssl.cipher.suites = null
	ssl.enabled.protocols = [TLSv1.2, TLSv1.3]
	ssl.endpoint.identification.algorithm = https
	ssl.engine.factory.class = null
	ssl.key.password = null
	ssl.keymanager.algorithm = SunX509
	ssl.keystore.certificate.chain = null
	ssl.keystore.key = null
	ssl.keystore.location = null
	ssl.keystore.password = null
	ssl.keystore.type = JKS
	ssl.protocol = TLSv1.3
	ssl.provider = null
	ssl.secure.random.implementation = null
	ssl.trustmanager.algorithm = PKIX
	ssl.truststore.certificates = null
	ssl.truststore.location = null
	ssl.truststore.password = null
	ssl.truststore.type = JKS
	value.deserializer = class org.apache.kafka.common.serialization.StringDeserializer

26-06-19 09:30:51.872 [main] [32mINFO [0;39m o.a.k.c.t.i.KafkaMetricsCollector    [ |  | ] - initializing Kafka metrics collector
26-06-19 09:30:51.885 [main] [32mINFO [0;39m o.a.kafka.common.utils.AppInfoParser [ |  | ] - Kafka version: 3.8.1
26-06-19 09:30:51.890 [main] [32mINFO [0;39m o.a.kafka.common.utils.AppInfoParser [ |  | ] - Kafka commitId: 70d6ff42debf7e17
26-06-19 09:30:51.891 [main] [32mINFO [0;39m o.a.kafka.common.utils.AppInfoParser [ |  | ] - Kafka startTimeMs: 1781829051884
26-06-19 09:30:51.910 [main] [32mINFO [0;39m o.a.k.c.c.i.LegacyKafkaConsumer      [ |  | ] - [Consumer clientId=consumer-discodeit-notification-group-2, groupId=discodeit-notification-group] Subscribed to topic(s): discodeit.RoleUpdatedEvent
26-06-19 09:30:51.968 [main] [32mINFO [0;39m c.s.m.discodeit.DiscodeitApplication [ |  | ] - Started DiscodeitApplication in 11.467 seconds (process running for 12.013)
26-06-19 09:30:52.237 [main] [32mDEBUG[0;39m org.hibernate.SQL                    [ |  | ] - 
    select
        u1_0.id 
    from
        users u1_0 
    where
        u1_0.role=? 
    fetch
        first ? rows only
26-06-19 09:30:52.241 [main] [32mTRACE[0;39m org.hibernate.orm.jdbc.bind          [ |  | ] - binding parameter (1:VARCHAR) <- [ADMIN]
26-06-19 09:30:52.242 [main] [32mTRACE[0;39m org.hibernate.orm.jdbc.bind          [ |  | ] - binding parameter (2:INTEGER) <- [1]
26-06-19 09:30:52.822 [org.springframework.kafka.KafkaListenerEndpointContainer#0-0-C-1] [33mWARN [0;39m o.apache.kafka.clients.NetworkClient [ |  | ] - [Consumer clientId=consumer-discodeit-notification-group-1, groupId=discodeit-notification-group] Error while fetching metadata with correlation id 2 : {discodeit.MessageCreatedEvent=UNKNOWN_TOPIC_OR_PARTITION}
26-06-19 09:30:52.826 [org.springframework.kafka.KafkaListenerEndpointContainer#1-0-C-1] [33mWARN [0;39m o.apache.kafka.clients.NetworkClient [ |  | ] - [Consumer clientId=consumer-discodeit-notification-group-2, groupId=discodeit-notification-group] Error while fetching metadata with correlation id 2 : {discodeit.RoleUpdatedEvent=UNKNOWN_TOPIC_OR_PARTITION}
26-06-19 09:30:52.827 [org.springframework.kafka.KafkaListenerEndpointContainer#1-0-C-1] [32mINFO [0;39m org.apache.kafka.clients.Metadata    [ |  | ] - [Consumer clientId=consumer-discodeit-notification-group-2, groupId=discodeit-notification-group] Cluster ID: MkU3OEVBNTcwNTJENDM2Qg
26-06-19 09:30:52.827 [org.springframework.kafka.KafkaListenerEndpointContainer#0-0-C-1] [32mINFO [0;39m org.apache.kafka.clients.Metadata    [ |  | ] - [Consumer clientId=consumer-discodeit-notification-group-1, groupId=discodeit-notification-group] Cluster ID: MkU3OEVBNTcwNTJENDM2Qg
26-06-19 09:30:52.962 [org.springframework.kafka.KafkaListenerEndpointContainer#0-0-C-1] [33mWARN [0;39m o.apache.kafka.clients.NetworkClient [ |  | ] - [Consumer clientId=consumer-discodeit-notification-group-1, groupId=discodeit-notification-group] Error while fetching metadata with correlation id 5 : {discodeit.MessageCreatedEvent=UNKNOWN_TOPIC_OR_PARTITION}
26-06-19 09:30:53.128 [RMI TCP Connection(1)-192.168.219.150] [32mINFO [0;39m o.a.c.c.C.[Tomcat].[localhost].[/]   [ |  | ] - Initializing Spring DispatcherServlet 'dispatcherServlet'
26-06-19 09:30:53.129 [RMI TCP Connection(1)-192.168.219.150] [32mINFO [0;39m o.s.web.servlet.DispatcherServlet    [ |  | ] - Initializing Servlet 'dispatcherServlet'
26-06-19 09:30:53.137 [RMI TCP Connection(1)-192.168.219.150] [32mINFO [0;39m o.s.web.servlet.DispatcherServlet    [ |  | ] - Completed initialization in 7 ms
26-06-19 09:30:53.247 [org.springframework.kafka.KafkaListenerEndpointContainer#0-0-C-1] [32mINFO [0;39m o.a.k.c.c.i.ConsumerCoordinator      [ |  | ] - [Consumer clientId=consumer-discodeit-notification-group-1, groupId=discodeit-notification-group] Discovered group coordinator localhost:9092 (id: 2147483646 rack: null)
26-06-19 09:30:53.255 [org.springframework.kafka.KafkaListenerEndpointContainer#0-0-C-1] [32mINFO [0;39m o.a.k.c.c.i.ConsumerCoordinator      [ |  | ] - [Consumer clientId=consumer-discodeit-notification-group-1, groupId=discodeit-notification-group] (Re-)joining group
26-06-19 09:30:53.322 [org.springframework.kafka.KafkaListenerEndpointContainer#1-0-C-1] [32mINFO [0;39m o.a.k.c.c.i.ConsumerCoordinator      [ |  | ] - [Consumer clientId=consumer-discodeit-notification-group-2, groupId=discodeit-notification-group] Discovered group coordinator localhost:9092 (id: 2147483646 rack: null)
26-06-19 09:30:53.324 [org.springframework.kafka.KafkaListenerEndpointContainer#1-0-C-1] [32mINFO [0;39m o.a.k.c.c.i.ConsumerCoordinator      [ |  | ] - [Consumer clientId=consumer-discodeit-notification-group-2, groupId=discodeit-notification-group] (Re-)joining group
26-06-19 09:30:53.379 [org.springframework.kafka.KafkaListenerEndpointContainer#0-0-C-1] [32mINFO [0;39m o.a.k.c.c.i.ConsumerCoordinator      [ |  | ] - [Consumer clientId=consumer-discodeit-notification-group-1, groupId=discodeit-notification-group] Group coordinator localhost:9092 (id: 2147483646 rack: null) is unavailable or invalid due to cause: error response NOT_COORDINATOR. isDisconnected: false. Rediscovery will be attempted.
26-06-19 09:30:53.379 [org.springframework.kafka.KafkaListenerEndpointContainer#1-0-C-1] [32mINFO [0;39m o.a.k.c.c.i.ConsumerCoordinator      [ |  | ] - [Consumer clientId=consumer-discodeit-notification-group-2, groupId=discodeit-notification-group] Group coordinator localhost:9092 (id: 2147483646 rack: null) is unavailable or invalid due to cause: error response NOT_COORDINATOR. isDisconnected: false. Rediscovery will be attempted.
26-06-19 09:30:53.379 [org.springframework.kafka.KafkaListenerEndpointContainer#0-0-C-1] [32mINFO [0;39m o.a.k.c.c.i.ConsumerCoordinator      [ |  | ] - [Consumer clientId=consumer-discodeit-notification-group-1, groupId=discodeit-notification-group] Requesting disconnect from last known coordinator localhost:9092 (id: 2147483646 rack: null)
26-06-19 09:30:53.379 [org.springframework.kafka.KafkaListenerEndpointContainer#1-0-C-1] [32mINFO [0;39m o.a.k.c.c.i.ConsumerCoordinator      [ |  | ] - [Consumer clientId=consumer-discodeit-notification-group-2, groupId=discodeit-notification-group] Requesting disconnect from last known coordinator localhost:9092 (id: 2147483646 rack: null)
26-06-19 09:30:53.380 [org.springframework.kafka.KafkaListenerEndpointContainer#0-0-C-1] [32mINFO [0;39m o.a.k.c.c.i.ConsumerCoordinator      [ |  | ] - [Consumer clientId=consumer-discodeit-notification-group-1, groupId=discodeit-notification-group] JoinGroup failed: This is not the correct coordinator. Marking coordinator unknown. Sent generation was Generation{generationId=-1, memberId='', protocol='null'}
26-06-19 09:30:53.380 [org.springframework.kafka.KafkaListenerEndpointContainer#0-0-C-1] [32mINFO [0;39m o.apache.kafka.clients.NetworkClient [ |  | ] - [Consumer clientId=consumer-discodeit-notification-group-1, groupId=discodeit-notification-group] Client requested disconnect from node 2147483646
26-06-19 09:30:53.380 [org.springframework.kafka.KafkaListenerEndpointContainer#1-0-C-1] [32mINFO [0;39m o.a.k.c.c.i.ConsumerCoordinator      [ |  | ] - [Consumer clientId=consumer-discodeit-notification-group-2, groupId=discodeit-notification-group] JoinGroup failed: This is not the correct coordinator. Marking coordinator unknown. Sent generation was Generation{generationId=-1, memberId='', protocol='null'}
26-06-19 09:30:53.382 [org.springframework.kafka.KafkaListenerEndpointContainer#1-0-C-1] [32mINFO [0;39m o.apache.kafka.clients.NetworkClient [ |  | ] - [Consumer clientId=consumer-discodeit-notification-group-2, groupId=discodeit-notification-group] Client requested disconnect from node 2147483646
26-06-19 09:30:53.416 [org.springframework.kafka.KafkaListenerEndpointContainer#1-0-C-1] [32mINFO [0;39m o.a.k.c.c.i.ConsumerCoordinator      [ |  | ] - [Consumer clientId=consumer-discodeit-notification-group-2, groupId=discodeit-notification-group] Discovered group coordinator localhost:9092 (id: 2147483646 rack: null)
26-06-19 09:30:53.417 [org.springframework.kafka.KafkaListenerEndpointContainer#1-0-C-1] [32mINFO [0;39m o.a.k.c.c.i.ConsumerCoordinator      [ |  | ] - [Consumer clientId=consumer-discodeit-notification-group-2, groupId=discodeit-notification-group] Group coordinator localhost:9092 (id: 2147483646 rack: null) is unavailable or invalid due to cause: coordinator unavailable. isDisconnected: false. Rediscovery will be attempted.
26-06-19 09:30:53.418 [org.springframework.kafka.KafkaListenerEndpointContainer#1-0-C-1] [32mINFO [0;39m o.a.k.c.c.i.ConsumerCoordinator      [ |  | ] - [Consumer clientId=consumer-discodeit-notification-group-2, groupId=discodeit-notification-group] Requesting disconnect from last known coordinator localhost:9092 (id: 2147483646 rack: null)
26-06-19 09:30:53.480 [org.springframework.kafka.KafkaListenerEndpointContainer#0-0-C-1] [32mINFO [0;39m o.a.k.c.c.i.ConsumerCoordinator      [ |  | ] - [Consumer clientId=consumer-discodeit-notification-group-1, groupId=discodeit-notification-group] Discovered group coordinator localhost:9092 (id: 2147483646 rack: null)
26-06-19 09:30:53.482 [org.springframework.kafka.KafkaListenerEndpointContainer#0-0-C-1] [32mINFO [0;39m o.a.k.c.c.i.ConsumerCoordinator      [ |  | ] - [Consumer clientId=consumer-discodeit-notification-group-1, groupId=discodeit-notification-group] Request joining group due to: rebalance failed due to 'This is not the correct coordinator.' (NotCoordinatorException)
26-06-19 09:30:53.483 [org.springframework.kafka.KafkaListenerEndpointContainer#0-0-C-1] [32mINFO [0;39m o.a.k.c.c.i.ConsumerCoordinator      [ |  | ] - [Consumer clientId=consumer-discodeit-notification-group-1, groupId=discodeit-notification-group] (Re-)joining group
26-06-19 09:30:53.504 [org.springframework.kafka.KafkaListenerEndpointContainer#0-0-C-1] [32mINFO [0;39m o.a.k.c.c.i.ConsumerCoordinator      [ |  | ] - [Consumer clientId=consumer-discodeit-notification-group-1, groupId=discodeit-notification-group] Group coordinator localhost:9092 (id: 2147483646 rack: null) is unavailable or invalid due to cause: error response NOT_COORDINATOR. isDisconnected: false. Rediscovery will be attempted.
26-06-19 09:30:53.505 [org.springframework.kafka.KafkaListenerEndpointContainer#0-0-C-1] [32mINFO [0;39m o.a.k.c.c.i.ConsumerCoordinator      [ |  | ] - [Consumer clientId=consumer-discodeit-notification-group-1, groupId=discodeit-notification-group] Requesting disconnect from last known coordinator localhost:9092 (id: 2147483646 rack: null)
26-06-19 09:30:53.505 [org.springframework.kafka.KafkaListenerEndpointContainer#0-0-C-1] [32mINFO [0;39m o.a.k.c.c.i.ConsumerCoordinator      [ |  | ] - [Consumer clientId=consumer-discodeit-notification-group-1, groupId=discodeit-notification-group] JoinGroup failed: This is not the correct coordinator. Marking coordinator unknown. Sent generation was Generation{generationId=-1, memberId='', protocol='null'}
26-06-19 09:30:53.505 [org.springframework.kafka.KafkaListenerEndpointContainer#0-0-C-1] [32mINFO [0;39m o.apache.kafka.clients.NetworkClient [ |  | ] - [Consumer clientId=consumer-discodeit-notification-group-1, groupId=discodeit-notification-group] Client requested disconnect from node 2147483646
26-06-19 09:30:53.514 [org.springframework.kafka.KafkaListenerEndpointContainer#0-0-C-1] [32mINFO [0;39m o.a.k.c.c.i.ConsumerCoordinator      [ |  | ] - [Consumer clientId=consumer-discodeit-notification-group-1, groupId=discodeit-notification-group] Discovered group coordinator localhost:9092 (id: 2147483646 rack: null)
26-06-19 09:30:53.514 [org.springframework.kafka.KafkaListenerEndpointContainer#0-0-C-1] [32mINFO [0;39m o.a.k.c.c.i.ConsumerCoordinator      [ |  | ] - [Consumer clientId=consumer-discodeit-notification-group-1, groupId=discodeit-notification-group] Group coordinator localhost:9092 (id: 2147483646 rack: null) is unavailable or invalid due to cause: coordinator unavailable. isDisconnected: false. Rediscovery will be attempted.
26-06-19 09:30:53.514 [org.springframework.kafka.KafkaListenerEndpointContainer#0-0-C-1] [32mINFO [0;39m o.a.k.c.c.i.ConsumerCoordinator      [ |  | ] - [Consumer clientId=consumer-discodeit-notification-group-1, groupId=discodeit-notification-group] Requesting disconnect from last known coordinator localhost:9092 (id: 2147483646 rack: null)
26-06-19 09:30:53.538 [org.springframework.kafka.KafkaListenerEndpointContainer#1-0-C-1] [32mINFO [0;39m o.a.k.c.c.i.ConsumerCoordinator      [ |  | ] - [Consumer clientId=consumer-discodeit-notification-group-2, groupId=discodeit-notification-group] Discovered group coordinator localhost:9092 (id: 2147483646 rack: null)
26-06-19 09:30:53.540 [org.springframework.kafka.KafkaListenerEndpointContainer#1-0-C-1] [32mINFO [0;39m o.a.k.c.c.i.ConsumerCoordinator      [ |  | ] - [Consumer clientId=consumer-discodeit-notification-group-2, groupId=discodeit-notification-group] Request joining group due to: rebalance failed due to 'This is not the correct coordinator.' (NotCoordinatorException)
26-06-19 09:30:53.541 [org.springframework.kafka.KafkaListenerEndpointContainer#1-0-C-1] [32mINFO [0;39m o.a.k.c.c.i.ConsumerCoordinator      [ |  | ] - [Consumer clientId=consumer-discodeit-notification-group-2, groupId=discodeit-notification-group] (Re-)joining group
26-06-19 09:30:53.548 [org.springframework.kafka.KafkaListenerEndpointContainer#1-0-C-1] [32mINFO [0;39m o.a.k.c.c.i.ConsumerCoordinator      [ |  | ] - [Consumer clientId=consumer-discodeit-notification-group-2, groupId=discodeit-notification-group] Group coordinator localhost:9092 (id: 2147483646 rack: null) is unavailable or invalid due to cause: error response NOT_COORDINATOR. isDisconnected: false. Rediscovery will be attempted.
26-06-19 09:30:53.548 [org.springframework.kafka.KafkaListenerEndpointContainer#1-0-C-1] [32mINFO [0;39m o.a.k.c.c.i.ConsumerCoordinator      [ |  | ] - [Consumer clientId=consumer-discodeit-notification-group-2, groupId=discodeit-notification-group] Requesting disconnect from last known coordinator localhost:9092 (id: 2147483646 rack: null)
26-06-19 09:30:53.548 [org.springframework.kafka.KafkaListenerEndpointContainer#1-0-C-1] [32mINFO [0;39m o.a.k.c.c.i.ConsumerCoordinator      [ |  | ] - [Consumer clientId=consumer-discodeit-notification-group-2, groupId=discodeit-notification-group] JoinGroup failed: This is not the correct coordinator. Marking coordinator unknown. Sent generation was Generation{generationId=-1, memberId='', protocol='null'}
26-06-19 09:30:53.549 [org.springframework.kafka.KafkaListenerEndpointContainer#1-0-C-1] [32mINFO [0;39m o.apache.kafka.clients.NetworkClient [ |  | ] - [Consumer clientId=consumer-discodeit-notification-group-2, groupId=discodeit-notification-group] Client requested disconnect from node 2147483646
26-06-19 09:30:53.563 [org.springframework.kafka.KafkaListenerEndpointContainer#1-0-C-1] [32mINFO [0;39m o.a.k.c.c.i.ConsumerCoordinator      [ |  | ] - [Consumer clientId=consumer-discodeit-notification-group-2, groupId=discodeit-notification-group] Discovered group coordinator localhost:9092 (id: 2147483646 rack: null)
26-06-19 09:30:53.564 [org.springframework.kafka.KafkaListenerEndpointContainer#1-0-C-1] [32mINFO [0;39m o.a.k.c.c.i.ConsumerCoordinator      [ |  | ] - [Consumer clientId=consumer-discodeit-notification-group-2, groupId=discodeit-notification-group] Group coordinator localhost:9092 (id: 2147483646 rack: null) is unavailable or invalid due to cause: coordinator unavailable. isDisconnected: false. Rediscovery will be attempted.
26-06-19 09:30:53.564 [org.springframework.kafka.KafkaListenerEndpointContainer#1-0-C-1] [32mINFO [0;39m o.a.k.c.c.i.ConsumerCoordinator      [ |  | ] - [Consumer clientId=consumer-discodeit-notification-group-2, groupId=discodeit-notification-group] Requesting disconnect from last known coordinator localhost:9092 (id: 2147483646 rack: null)
26-06-19 09:30:53.700 [org.springframework.kafka.KafkaListenerEndpointContainer#0-0-C-1] [32mINFO [0;39m o.a.k.c.c.i.ConsumerCoordinator      [ |  | ] - [Consumer clientId=consumer-discodeit-notification-group-1, groupId=discodeit-notification-group] Discovered group coordinator localhost:9092 (id: 2147483646 rack: null)
26-06-19 09:30:53.701 [org.springframework.kafka.KafkaListenerEndpointContainer#0-0-C-1] [32mINFO [0;39m o.a.k.c.c.i.ConsumerCoordinator      [ |  | ] - [Consumer clientId=consumer-discodeit-notification-group-1, groupId=discodeit-notification-group] Request joining group due to: rebalance failed due to 'This is not the correct coordinator.' (NotCoordinatorException)
26-06-19 09:30:53.707 [org.springframework.kafka.KafkaListenerEndpointContainer#0-0-C-1] [32mINFO [0;39m o.a.k.c.c.i.ConsumerCoordinator      [ |  | ] - [Consumer clientId=consumer-discodeit-notification-group-1, groupId=discodeit-notification-group] (Re-)joining group
26-06-19 09:30:53.730 [org.springframework.kafka.KafkaListenerEndpointContainer#1-0-C-1] [32mINFO [0;39m o.a.k.c.c.i.ConsumerCoordinator      [ |  | ] - [Consumer clientId=consumer-discodeit-notification-group-2, groupId=discodeit-notification-group] Discovered group coordinator localhost:9092 (id: 2147483646 rack: null)
26-06-19 09:30:53.734 [org.springframework.kafka.KafkaListenerEndpointContainer#1-0-C-1] [32mINFO [0;39m o.a.k.c.c.i.ConsumerCoordinator      [ |  | ] - [Consumer clientId=consumer-discodeit-notification-group-2, groupId=discodeit-notification-group] Request joining group due to: rebalance failed due to 'This is not the correct coordinator.' (NotCoordinatorException)
26-06-19 09:30:53.741 [org.springframework.kafka.KafkaListenerEndpointContainer#1-0-C-1] [32mINFO [0;39m o.a.k.c.c.i.ConsumerCoordinator      [ |  | ] - [Consumer clientId=consumer-discodeit-notification-group-2, groupId=discodeit-notification-group] (Re-)joining group
26-06-19 09:30:53.747 [org.springframework.kafka.KafkaListenerEndpointContainer#0-0-C-1] [32mINFO [0;39m o.a.k.c.c.i.ConsumerCoordinator      [ |  | ] - [Consumer clientId=consumer-discodeit-notification-group-1, groupId=discodeit-notification-group] Group coordinator localhost:9092 (id: 2147483646 rack: null) is unavailable or invalid due to cause: error response NOT_COORDINATOR. isDisconnected: false. Rediscovery will be attempted.
26-06-19 09:30:53.747 [org.springframework.kafka.KafkaListenerEndpointContainer#0-0-C-1] [32mINFO [0;39m o.a.k.c.c.i.ConsumerCoordinator      [ |  | ] - [Consumer clientId=consumer-discodeit-notification-group-1, groupId=discodeit-notification-group] Requesting disconnect from last known coordinator localhost:9092 (id: 2147483646 rack: null)
26-06-19 09:30:53.748 [org.springframework.kafka.KafkaListenerEndpointContainer#0-0-C-1] [32mINFO [0;39m o.a.k.c.c.i.ConsumerCoordinator      [ |  | ] - [Consumer clientId=consumer-discodeit-notification-group-1, groupId=discodeit-notification-group] JoinGroup failed: This is not the correct coordinator. Marking coordinator unknown. Sent generation was Generation{generationId=-1, memberId='', protocol='null'}
26-06-19 09:30:53.748 [org.springframework.kafka.KafkaListenerEndpointContainer#0-0-C-1] [32mINFO [0;39m o.apache.kafka.clients.NetworkClient [ |  | ] - [Consumer clientId=consumer-discodeit-notification-group-1, groupId=discodeit-notification-group] Client requested disconnect from node 2147483646
26-06-19 09:30:53.772 [org.springframework.kafka.KafkaListenerEndpointContainer#0-0-C-1] [32mINFO [0;39m o.a.k.c.c.i.ConsumerCoordinator      [ |  | ] - [Consumer clientId=consumer-discodeit-notification-group-1, groupId=discodeit-notification-group] Discovered group coordinator localhost:9092 (id: 2147483646 rack: null)
26-06-19 09:30:53.772 [org.springframework.kafka.KafkaListenerEndpointContainer#0-0-C-1] [32mINFO [0;39m o.a.k.c.c.i.ConsumerCoordinator      [ |  | ] - [Consumer clientId=consumer-discodeit-notification-group-1, groupId=discodeit-notification-group] Group coordinator localhost:9092 (id: 2147483646 rack: null) is unavailable or invalid due to cause: coordinator unavailable. isDisconnected: false. Rediscovery will be attempted.
26-06-19 09:30:53.772 [org.springframework.kafka.KafkaListenerEndpointContainer#0-0-C-1] [32mINFO [0;39m o.a.k.c.c.i.ConsumerCoordinator      [ |  | ] - [Consumer clientId=consumer-discodeit-notification-group-1, groupId=discodeit-notification-group] Requesting disconnect from last known coordinator localhost:9092 (id: 2147483646 rack: null)
26-06-19 09:30:53.779 [org.springframework.kafka.KafkaListenerEndpointContainer#1-0-C-1] [32mINFO [0;39m o.a.k.c.c.i.ConsumerCoordinator      [ |  | ] - [Consumer clientId=consumer-discodeit-notification-group-2, groupId=discodeit-notification-group] Group coordinator localhost:9092 (id: 2147483646 rack: null) is unavailable or invalid due to cause: error response NOT_COORDINATOR. isDisconnected: false. Rediscovery will be attempted.
26-06-19 09:30:53.780 [org.springframework.kafka.KafkaListenerEndpointContainer#1-0-C-1] [32mINFO [0;39m o.a.k.c.c.i.ConsumerCoordinator      [ |  | ] - [Consumer clientId=consumer-discodeit-notification-group-2, groupId=discodeit-notification-group] Requesting disconnect from last known coordinator localhost:9092 (id: 2147483646 rack: null)
26-06-19 09:30:53.780 [org.springframework.kafka.KafkaListenerEndpointContainer#1-0-C-1] [32mINFO [0;39m o.a.k.c.c.i.ConsumerCoordinator      [ |  | ] - [Consumer clientId=consumer-discodeit-notification-group-2, groupId=discodeit-notification-group] JoinGroup failed: This is not the correct coordinator. Marking coordinator unknown. Sent generation was Generation{generationId=-1, memberId='', protocol='null'}
26-06-19 09:30:53.781 [org.springframework.kafka.KafkaListenerEndpointContainer#1-0-C-1] [32mINFO [0;39m o.apache.kafka.clients.NetworkClient [ |  | ] - [Consumer clientId=consumer-discodeit-notification-group-2, groupId=discodeit-notification-group] Client requested disconnect from node 2147483646
26-06-19 09:30:53.830 [org.springframework.kafka.KafkaListenerEndpointContainer#1-0-C-1] [32mINFO [0;39m o.a.k.c.c.i.ConsumerCoordinator      [ |  | ] - [Consumer clientId=consumer-discodeit-notification-group-2, groupId=discodeit-notification-group] Discovered group coordinator localhost:9092 (id: 2147483646 rack: null)
26-06-19 09:30:53.832 [org.springframework.kafka.KafkaListenerEndpointContainer#1-0-C-1] [32mINFO [0;39m o.a.k.c.c.i.ConsumerCoordinator      [ |  | ] - [Consumer clientId=consumer-discodeit-notification-group-2, groupId=discodeit-notification-group] Request joining group due to: rebalance failed due to 'This is not the correct coordinator.' (NotCoordinatorException)
26-06-19 09:30:53.834 [org.springframework.kafka.KafkaListenerEndpointContainer#1-0-C-1] [32mINFO [0;39m o.a.k.c.c.i.ConsumerCoordinator      [ |  | ] - [Consumer clientId=consumer-discodeit-notification-group-2, groupId=discodeit-notification-group] (Re-)joining group
26-06-19 09:30:53.864 [org.springframework.kafka.KafkaListenerEndpointContainer#1-0-C-1] [32mINFO [0;39m o.a.k.c.c.i.ConsumerCoordinator      [ |  | ] - [Consumer clientId=consumer-discodeit-notification-group-2, groupId=discodeit-notification-group] Group coordinator localhost:9092 (id: 2147483646 rack: null) is unavailable or invalid due to cause: error response NOT_COORDINATOR. isDisconnected: false. Rediscovery will be attempted.
26-06-19 09:30:53.866 [org.springframework.kafka.KafkaListenerEndpointContainer#1-0-C-1] [32mINFO [0;39m o.a.k.c.c.i.ConsumerCoordinator      [ |  | ] - [Consumer clientId=consumer-discodeit-notification-group-2, groupId=discodeit-notification-group] Requesting disconnect from last known coordinator localhost:9092 (id: 2147483646 rack: null)
26-06-19 09:30:53.866 [org.springframework.kafka.KafkaListenerEndpointContainer#1-0-C-1] [32mINFO [0;39m o.a.k.c.c.i.ConsumerCoordinator      [ |  | ] - [Consumer clientId=consumer-discodeit-notification-group-2, groupId=discodeit-notification-group] JoinGroup failed: This is not the correct coordinator. Marking coordinator unknown. Sent generation was Generation{generationId=-1, memberId='', protocol='null'}
26-06-19 09:30:53.867 [org.springframework.kafka.KafkaListenerEndpointContainer#1-0-C-1] [32mINFO [0;39m o.apache.kafka.clients.NetworkClient [ |  | ] - [Consumer clientId=consumer-discodeit-notification-group-2, groupId=discodeit-notification-group] Client requested disconnect from node 2147483646
26-06-19 09:30:53.889 [org.springframework.kafka.KafkaListenerEndpointContainer#1-0-C-1] [32mINFO [0;39m o.a.k.c.c.i.ConsumerCoordinator      [ |  | ] - [Consumer clientId=consumer-discodeit-notification-group-2, groupId=discodeit-notification-group] Discovered group coordinator localhost:9092 (id: 2147483646 rack: null)
26-06-19 09:30:53.890 [org.springframework.kafka.KafkaListenerEndpointContainer#1-0-C-1] [32mINFO [0;39m o.a.k.c.c.i.ConsumerCoordinator      [ |  | ] - [Consumer clientId=consumer-discodeit-notification-group-2, groupId=discodeit-notification-group] Group coordinator localhost:9092 (id: 2147483646 rack: null) is unavailable or invalid due to cause: coordinator unavailable. isDisconnected: false. Rediscovery will be attempted.
26-06-19 09:30:53.890 [org.springframework.kafka.KafkaListenerEndpointContainer#1-0-C-1] [32mINFO [0;39m o.a.k.c.c.i.ConsumerCoordinator      [ |  | ] - [Consumer clientId=consumer-discodeit-notification-group-2, groupId=discodeit-notification-group] Requesting disconnect from last known coordinator localhost:9092 (id: 2147483646 rack: null)
26-06-19 09:30:53.889 [org.springframework.kafka.KafkaListenerEndpointContainer#0-0-C-1] [32mINFO [0;39m o.a.k.c.c.i.ConsumerCoordinator      [ |  | ] - [Consumer clientId=consumer-discodeit-notification-group-1, groupId=discodeit-notification-group] Discovered group coordinator localhost:9092 (id: 2147483646 rack: null)
26-06-19 09:30:53.894 [org.springframework.kafka.KafkaListenerEndpointContainer#0-0-C-1] [32mINFO [0;39m o.a.k.c.c.i.ConsumerCoordinator      [ |  | ] - [Consumer clientId=consumer-discodeit-notification-group-1, groupId=discodeit-notification-group] Request joining group due to: rebalance failed due to 'This is not the correct coordinator.' (NotCoordinatorException)
26-06-19 09:30:53.897 [org.springframework.kafka.KafkaListenerEndpointContainer#0-0-C-1] [32mINFO [0;39m o.a.k.c.c.i.ConsumerCoordinator      [ |  | ] - [Consumer clientId=consumer-discodeit-notification-group-1, groupId=discodeit-notification-group] (Re-)joining group
26-06-19 09:30:53.927 [org.springframework.kafka.KafkaListenerEndpointContainer#0-0-C-1] [32mINFO [0;39m o.a.k.c.c.i.ConsumerCoordinator      [ |  | ] - [Consumer clientId=consumer-discodeit-notification-group-1, groupId=discodeit-notification-group] Group coordinator localhost:9092 (id: 2147483646 rack: null) is unavailable or invalid due to cause: error response NOT_COORDINATOR. isDisconnected: false. Rediscovery will be attempted.
26-06-19 09:30:53.927 [org.springframework.kafka.KafkaListenerEndpointContainer#0-0-C-1] [32mINFO [0;39m o.a.k.c.c.i.ConsumerCoordinator      [ |  | ] - [Consumer clientId=consumer-discodeit-notification-group-1, groupId=discodeit-notification-group] Requesting disconnect from last known coordinator localhost:9092 (id: 2147483646 rack: null)
26-06-19 09:30:53.928 [org.springframework.kafka.KafkaListenerEndpointContainer#0-0-C-1] [32mINFO [0;39m o.a.k.c.c.i.ConsumerCoordinator      [ |  | ] - [Consumer clientId=consumer-discodeit-notification-group-1, groupId=discodeit-notification-group] JoinGroup failed: This is not the correct coordinator. Marking coordinator unknown. Sent generation was Generation{generationId=-1, memberId='', protocol='null'}
26-06-19 09:30:53.928 [org.springframework.kafka.KafkaListenerEndpointContainer#0-0-C-1] [32mINFO [0;39m o.apache.kafka.clients.NetworkClient [ |  | ] - [Consumer clientId=consumer-discodeit-notification-group-1, groupId=discodeit-notification-group] Client requested disconnect from node 2147483646
26-06-19 09:30:53.948 [org.springframework.kafka.KafkaListenerEndpointContainer#0-0-C-1] [32mINFO [0;39m o.a.k.c.c.i.ConsumerCoordinator      [ |  | ] - [Consumer clientId=consumer-discodeit-notification-group-1, groupId=discodeit-notification-group] Discovered group coordinator localhost:9092 (id: 2147483646 rack: null)
26-06-19 09:30:53.949 [org.springframework.kafka.KafkaListenerEndpointContainer#0-0-C-1] [32mINFO [0;39m o.a.k.c.c.i.ConsumerCoordinator      [ |  | ] - [Consumer clientId=consumer-discodeit-notification-group-1, groupId=discodeit-notification-group] Group coordinator localhost:9092 (id: 2147483646 rack: null) is unavailable or invalid due to cause: coordinator unavailable. isDisconnected: false. Rediscovery will be attempted.
26-06-19 09:30:53.950 [org.springframework.kafka.KafkaListenerEndpointContainer#0-0-C-1] [32mINFO [0;39m o.a.k.c.c.i.ConsumerCoordinator      [ |  | ] - [Consumer clientId=consumer-discodeit-notification-group-1, groupId=discodeit-notification-group] Requesting disconnect from last known coordinator localhost:9092 (id: 2147483646 rack: null)
26-06-19 09:30:54.029 [org.springframework.kafka.KafkaListenerEndpointContainer#1-0-C-1] [32mINFO [0;39m o.a.k.c.c.i.ConsumerCoordinator      [ |  | ] - [Consumer clientId=consumer-discodeit-notification-group-2, groupId=discodeit-notification-group] Discovered group coordinator localhost:9092 (id: 2147483646 rack: null)
26-06-19 09:30:54.032 [org.springframework.kafka.KafkaListenerEndpointContainer#1-0-C-1] [32mINFO [0;39m o.a.k.c.c.i.ConsumerCoordinator      [ |  | ] - [Consumer clientId=consumer-discodeit-notification-group-2, groupId=discodeit-notification-group] Request joining group due to: rebalance failed due to 'This is not the correct coordinator.' (NotCoordinatorException)
26-06-19 09:30:54.034 [org.springframework.kafka.KafkaListenerEndpointContainer#1-0-C-1] [32mINFO [0;39m o.a.k.c.c.i.ConsumerCoordinator      [ |  | ] - [Consumer clientId=consumer-discodeit-notification-group-2, groupId=discodeit-notification-group] (Re-)joining group
26-06-19 09:30:54.056 [org.springframework.kafka.KafkaListenerEndpointContainer#1-0-C-1] [32mINFO [0;39m o.a.k.c.c.i.ConsumerCoordinator      [ |  | ] - [Consumer clientId=consumer-discodeit-notification-group-2, groupId=discodeit-notification-group] Group coordinator localhost:9092 (id: 2147483646 rack: null) is unavailable or invalid due to cause: error response NOT_COORDINATOR. isDisconnected: false. Rediscovery will be attempted.
26-06-19 09:30:54.056 [org.springframework.kafka.KafkaListenerEndpointContainer#1-0-C-1] [32mINFO [0;39m o.a.k.c.c.i.ConsumerCoordinator      [ |  | ] - [Consumer clientId=consumer-discodeit-notification-group-2, groupId=discodeit-notification-group] Requesting disconnect from last known coordinator localhost:9092 (id: 2147483646 rack: null)
26-06-19 09:30:54.057 [org.springframework.kafka.KafkaListenerEndpointContainer#1-0-C-1] [32mINFO [0;39m o.a.k.c.c.i.ConsumerCoordinator      [ |  | ] - [Consumer clientId=consumer-discodeit-notification-group-2, groupId=discodeit-notification-group] JoinGroup failed: This is not the correct coordinator. Marking coordinator unknown. Sent generation was Generation{generationId=-1, memberId='', protocol='null'}
26-06-19 09:30:54.057 [org.springframework.kafka.KafkaListenerEndpointContainer#1-0-C-1] [32mINFO [0;39m o.apache.kafka.clients.NetworkClient [ |  | ] - [Consumer clientId=consumer-discodeit-notification-group-2, groupId=discodeit-notification-group] Client requested disconnect from node 2147483646
26-06-19 09:30:54.064 [org.springframework.kafka.KafkaListenerEndpointContainer#1-0-C-1] [32mINFO [0;39m o.a.k.c.c.i.ConsumerCoordinator      [ |  | ] - [Consumer clientId=consumer-discodeit-notification-group-2, groupId=discodeit-notification-group] Discovered group coordinator localhost:9092 (id: 2147483646 rack: null)
26-06-19 09:30:54.064 [org.springframework.kafka.KafkaListenerEndpointContainer#1-0-C-1] [32mINFO [0;39m o.a.k.c.c.i.ConsumerCoordinator      [ |  | ] - [Consumer clientId=consumer-discodeit-notification-group-2, groupId=discodeit-notification-group] Group coordinator localhost:9092 (id: 2147483646 rack: null) is unavailable or invalid due to cause: coordinator unavailable. isDisconnected: false. Rediscovery will be attempted.
26-06-19 09:30:54.064 [org.springframework.kafka.KafkaListenerEndpointContainer#1-0-C-1] [32mINFO [0;39m o.a.k.c.c.i.ConsumerCoordinator      [ |  | ] - [Consumer clientId=consumer-discodeit-notification-group-2, groupId=discodeit-notification-group] Requesting disconnect from last known coordinator localhost:9092 (id: 2147483646 rack: null)
26-06-19 09:30:54.098 [org.springframework.kafka.KafkaListenerEndpointContainer#0-0-C-1] [32mINFO [0;39m o.a.k.c.c.i.ConsumerCoordinator      [ |  | ] - [Consumer clientId=consumer-discodeit-notification-group-1, groupId=discodeit-notification-group] Discovered group coordinator localhost:9092 (id: 2147483646 rack: null)
26-06-19 09:30:54.099 [org.springframework.kafka.KafkaListenerEndpointContainer#0-0-C-1] [32mINFO [0;39m o.a.k.c.c.i.ConsumerCoordinator      [ |  | ] - [Consumer clientId=consumer-discodeit-notification-group-1, groupId=discodeit-notification-group] Request joining group due to: rebalance failed due to 'This is not the correct coordinator.' (NotCoordinatorException)
26-06-19 09:30:54.100 [org.springframework.kafka.KafkaListenerEndpointContainer#0-0-C-1] [32mINFO [0;39m o.a.k.c.c.i.ConsumerCoordinator      [ |  | ] - [Consumer clientId=consumer-discodeit-notification-group-1, groupId=discodeit-notification-group] (Re-)joining group
26-06-19 09:30:54.128 [org.springframework.kafka.KafkaListenerEndpointContainer#0-0-C-1] [32mINFO [0;39m o.a.k.c.c.i.ConsumerCoordinator      [ |  | ] - [Consumer clientId=consumer-discodeit-notification-group-1, groupId=discodeit-notification-group] Group coordinator localhost:9092 (id: 2147483646 rack: null) is unavailable or invalid due to cause: error response NOT_COORDINATOR. isDisconnected: false. Rediscovery will be attempted.
26-06-19 09:30:54.128 [org.springframework.kafka.KafkaListenerEndpointContainer#0-0-C-1] [32mINFO [0;39m o.a.k.c.c.i.ConsumerCoordinator      [ |  | ] - [Consumer clientId=consumer-discodeit-notification-group-1, groupId=discodeit-notification-group] Requesting disconnect from last known coordinator localhost:9092 (id: 2147483646 rack: null)
26-06-19 09:30:54.128 [org.springframework.kafka.KafkaListenerEndpointContainer#0-0-C-1] [32mINFO [0;39m o.a.k.c.c.i.ConsumerCoordinator      [ |  | ] - [Consumer clientId=consumer-discodeit-notification-group-1, groupId=discodeit-notification-group] JoinGroup failed: This is not the correct coordinator. Marking coordinator unknown. Sent generation was Generation{generationId=-1, memberId='', protocol='null'}
26-06-19 09:30:54.128 [org.springframework.kafka.KafkaListenerEndpointContainer#0-0-C-1] [32mINFO [0;39m o.apache.kafka.clients.NetworkClient [ |  | ] - [Consumer clientId=consumer-discodeit-notification-group-1, groupId=discodeit-notification-group] Client requested disconnect from node 2147483646
26-06-19 09:30:54.152 [org.springframework.kafka.KafkaListenerEndpointContainer#0-0-C-1] [32mINFO [0;39m o.a.k.c.c.i.ConsumerCoordinator      [ |  | ] - [Consumer clientId=consumer-discodeit-notification-group-1, groupId=discodeit-notification-group] Discovered group coordinator localhost:9092 (id: 2147483646 rack: null)
26-06-19 09:30:54.155 [org.springframework.kafka.KafkaListenerEndpointContainer#0-0-C-1] [32mINFO [0;39m o.a.k.c.c.i.ConsumerCoordinator      [ |  | ] - [Consumer clientId=consumer-discodeit-notification-group-1, groupId=discodeit-notification-group] Group coordinator localhost:9092 (id: 2147483646 rack: null) is unavailable or invalid due to cause: coordinator unavailable. isDisconnected: false. Rediscovery will be attempted.
26-06-19 09:30:54.155 [org.springframework.kafka.KafkaListenerEndpointContainer#0-0-C-1] [32mINFO [0;39m o.a.k.c.c.i.ConsumerCoordinator      [ |  | ] - [Consumer clientId=consumer-discodeit-notification-group-1, groupId=discodeit-notification-group] Requesting disconnect from last known coordinator localhost:9092 (id: 2147483646 rack: null)
26-06-19 09:30:54.200 [org.springframework.kafka.KafkaListenerEndpointContainer#1-0-C-1] [32mINFO [0;39m o.a.k.c.c.i.ConsumerCoordinator      [ |  | ] - [Consumer clientId=consumer-discodeit-notification-group-2, groupId=discodeit-notification-group] Discovered group coordinator localhost:9092 (id: 2147483646 rack: null)
26-06-19 09:30:54.202 [org.springframework.kafka.KafkaListenerEndpointContainer#1-0-C-1] [32mINFO [0;39m o.a.k.c.c.i.ConsumerCoordinator      [ |  | ] - [Consumer clientId=consumer-discodeit-notification-group-2, groupId=discodeit-notification-group] Request joining group due to: rebalance failed due to 'This is not the correct coordinator.' (NotCoordinatorException)
26-06-19 09:30:54.209 [org.springframework.kafka.KafkaListenerEndpointContainer#1-0-C-1] [32mINFO [0;39m o.a.k.c.c.i.ConsumerCoordinator      [ |  | ] - [Consumer clientId=consumer-discodeit-notification-group-2, groupId=discodeit-notification-group] (Re-)joining group
26-06-19 09:30:54.264 [org.springframework.kafka.KafkaListenerEndpointContainer#1-0-C-1] [32mINFO [0;39m o.a.k.c.c.i.ConsumerCoordinator      [ |  | ] - [Consumer clientId=consumer-discodeit-notification-group-2, groupId=discodeit-notification-group] Group coordinator localhost:9092 (id: 2147483646 rack: null) is unavailable or invalid due to cause: error response NOT_COORDINATOR. isDisconnected: false. Rediscovery will be attempted.
26-06-19 09:30:54.265 [org.springframework.kafka.KafkaListenerEndpointContainer#1-0-C-1] [32mINFO [0;39m o.a.k.c.c.i.ConsumerCoordinator      [ |  | ] - [Consumer clientId=consumer-discodeit-notification-group-2, groupId=discodeit-notification-group] Requesting disconnect from last known coordinator localhost:9092 (id: 2147483646 rack: null)
26-06-19 09:30:54.266 [org.springframework.kafka.KafkaListenerEndpointContainer#1-0-C-1] [32mINFO [0;39m o.a.k.c.c.i.ConsumerCoordinator      [ |  | ] - [Consumer clientId=consumer-discodeit-notification-group-2, groupId=discodeit-notification-group] JoinGroup failed: This is not the correct coordinator. Marking coordinator unknown. Sent generation was Generation{generationId=-1, memberId='', protocol='null'}
26-06-19 09:30:54.266 [org.springframework.kafka.KafkaListenerEndpointContainer#1-0-C-1] [32mINFO [0;39m o.apache.kafka.clients.NetworkClient [ |  | ] - [Consumer clientId=consumer-discodeit-notification-group-2, groupId=discodeit-notification-group] Client requested disconnect from node 2147483646
26-06-19 09:30:54.283 [org.springframework.kafka.KafkaListenerEndpointContainer#1-0-C-1] [32mINFO [0;39m o.a.k.c.c.i.ConsumerCoordinator      [ |  | ] - [Consumer clientId=consumer-discodeit-notification-group-2, groupId=discodeit-notification-group] Discovered group coordinator localhost:9092 (id: 2147483646 rack: null)
26-06-19 09:30:54.284 [org.springframework.kafka.KafkaListenerEndpointContainer#1-0-C-1] [32mINFO [0;39m o.a.k.c.c.i.ConsumerCoordinator      [ |  | ] - [Consumer clientId=consumer-discodeit-notification-group-2, groupId=discodeit-notification-group] Group coordinator localhost:9092 (id: 2147483646 rack: null) is unavailable or invalid due to cause: coordinator unavailable. isDisconnected: false. Rediscovery will be attempted.
26-06-19 09:30:54.284 [org.springframework.kafka.KafkaListenerEndpointContainer#1-0-C-1] [32mINFO [0;39m o.a.k.c.c.i.ConsumerCoordinator      [ |  | ] - [Consumer clientId=consumer-discodeit-notification-group-2, groupId=discodeit-notification-group] Requesting disconnect from last known coordinator localhost:9092 (id: 2147483646 rack: null)
26-06-19 09:30:54.285 [org.springframework.kafka.KafkaListenerEndpointContainer#0-0-C-1] [32mINFO [0;39m o.a.k.c.c.i.ConsumerCoordinator      [ |  | ] - [Consumer clientId=consumer-discodeit-notification-group-1, groupId=discodeit-notification-group] Discovered group coordinator localhost:9092 (id: 2147483646 rack: null)
26-06-19 09:30:54.296 [org.springframework.kafka.KafkaListenerEndpointContainer#0-0-C-1] [32mINFO [0;39m o.a.k.c.c.i.ConsumerCoordinator      [ |  | ] - [Consumer clientId=consumer-discodeit-notification-group-1, groupId=discodeit-notification-group] Request joining group due to: rebalance failed due to 'This is not the correct coordinator.' (NotCoordinatorException)
26-06-19 09:30:54.304 [org.springframework.kafka.KafkaListenerEndpointContainer#0-0-C-1] [32mINFO [0;39m o.a.k.c.c.i.ConsumerCoordinator      [ |  | ] - [Consumer clientId=consumer-discodeit-notification-group-1, groupId=discodeit-notification-group] (Re-)joining group
26-06-19 09:30:54.348 [org.springframework.kafka.KafkaListenerEndpointContainer#0-0-C-1] [32mINFO [0;39m o.a.k.c.c.i.ConsumerCoordinator      [ |  | ] - [Consumer clientId=consumer-discodeit-notification-group-1, groupId=discodeit-notification-group] Group coordinator localhost:9092 (id: 2147483646 rack: null) is unavailable or invalid due to cause: error response NOT_COORDINATOR. isDisconnected: false. Rediscovery will be attempted.
26-06-19 09:30:54.349 [org.springframework.kafka.KafkaListenerEndpointContainer#0-0-C-1] [32mINFO [0;39m o.a.k.c.c.i.ConsumerCoordinator      [ |  | ] - [Consumer clientId=consumer-discodeit-notification-group-1, groupId=discodeit-notification-group] Requesting disconnect from last known coordinator localhost:9092 (id: 2147483646 rack: null)
26-06-19 09:30:54.349 [org.springframework.kafka.KafkaListenerEndpointContainer#0-0-C-1] [32mINFO [0;39m o.a.k.c.c.i.ConsumerCoordinator      [ |  | ] - [Consumer clientId=consumer-discodeit-notification-group-1, groupId=discodeit-notification-group] JoinGroup failed: This is not the correct coordinator. Marking coordinator unknown. Sent generation was Generation{generationId=-1, memberId='', protocol='null'}
26-06-19 09:30:54.349 [org.springframework.kafka.KafkaListenerEndpointContainer#0-0-C-1] [32mINFO [0;39m o.apache.kafka.clients.NetworkClient [ |  | ] - [Consumer clientId=consumer-discodeit-notification-group-1, groupId=discodeit-notification-group] Client requested disconnect from node 2147483646
26-06-19 09:30:54.366 [org.springframework.kafka.KafkaListenerEndpointContainer#0-0-C-1] [32mINFO [0;39m o.a.k.c.c.i.ConsumerCoordinator      [ |  | ] - [Consumer clientId=consumer-discodeit-notification-group-1, groupId=discodeit-notification-group] Discovered group coordinator localhost:9092 (id: 2147483646 rack: null)
26-06-19 09:30:54.367 [org.springframework.kafka.KafkaListenerEndpointContainer#0-0-C-1] [32mINFO [0;39m o.a.k.c.c.i.ConsumerCoordinator      [ |  | ] - [Consumer clientId=consumer-discodeit-notification-group-1, groupId=discodeit-notification-group] Group coordinator localhost:9092 (id: 2147483646 rack: null) is unavailable or invalid due to cause: coordinator unavailable. isDisconnected: false. Rediscovery will be attempted.
26-06-19 09:30:54.367 [org.springframework.kafka.KafkaListenerEndpointContainer#0-0-C-1] [32mINFO [0;39m o.a.k.c.c.i.ConsumerCoordinator      [ |  | ] - [Consumer clientId=consumer-discodeit-notification-group-1, groupId=discodeit-notification-group] Requesting disconnect from last known coordinator localhost:9092 (id: 2147483646 rack: null)
26-06-19 09:30:54.384 [org.springframework.kafka.KafkaListenerEndpointContainer#1-0-C-1] [32mINFO [0;39m o.a.k.c.c.i.ConsumerCoordinator      [ |  | ] - [Consumer clientId=consumer-discodeit-notification-group-2, groupId=discodeit-notification-group] Discovered group coordinator localhost:9092 (id: 2147483646 rack: null)
26-06-19 09:30:54.388 [org.springframework.kafka.KafkaListenerEndpointContainer#1-0-C-1] [32mINFO [0;39m o.a.k.c.c.i.ConsumerCoordinator      [ |  | ] - [Consumer clientId=consumer-discodeit-notification-group-2, groupId=discodeit-notification-group] Request joining group due to: rebalance failed due to 'This is not the correct coordinator.' (NotCoordinatorException)
26-06-19 09:30:54.389 [org.springframework.kafka.KafkaListenerEndpointContainer#1-0-C-1] [32mINFO [0;39m o.a.k.c.c.i.ConsumerCoordinator      [ |  | ] - [Consumer clientId=consumer-discodeit-notification-group-2, groupId=discodeit-notification-group] (Re-)joining group
26-06-19 09:30:54.420 [org.springframework.kafka.KafkaListenerEndpointContainer#1-0-C-1] [32mINFO [0;39m o.a.k.c.c.i.ConsumerCoordinator      [ |  | ] - [Consumer clientId=consumer-discodeit-notification-group-2, groupId=discodeit-notification-group] Group coordinator localhost:9092 (id: 2147483646 rack: null) is unavailable or invalid due to cause: error response NOT_COORDINATOR. isDisconnected: false. Rediscovery will be attempted.
26-06-19 09:30:54.421 [org.springframework.kafka.KafkaListenerEndpointContainer#1-0-C-1] [32mINFO [0;39m o.a.k.c.c.i.ConsumerCoordinator      [ |  | ] - [Consumer clientId=consumer-discodeit-notification-group-2, groupId=discodeit-notification-group] Requesting disconnect from last known coordinator localhost:9092 (id: 2147483646 rack: null)
26-06-19 09:30:54.421 [org.springframework.kafka.KafkaListenerEndpointContainer#1-0-C-1] [32mINFO [0;39m o.a.k.c.c.i.ConsumerCoordinator      [ |  | ] - [Consumer clientId=consumer-discodeit-notification-group-2, groupId=discodeit-notification-group] JoinGroup failed: This is not the correct coordinator. Marking coordinator unknown. Sent generation was Generation{generationId=-1, memberId='', protocol='null'}
26-06-19 09:30:54.421 [org.springframework.kafka.KafkaListenerEndpointContainer#1-0-C-1] [32mINFO [0;39m o.apache.kafka.clients.NetworkClient [ |  | ] - [Consumer clientId=consumer-discodeit-notification-group-2, groupId=discodeit-notification-group] Client requested disconnect from node 2147483646
26-06-19 09:30:54.435 [org.springframework.kafka.KafkaListenerEndpointContainer#1-0-C-1] [32mINFO [0;39m o.a.k.c.c.i.ConsumerCoordinator      [ |  | ] - [Consumer clientId=consumer-discodeit-notification-group-2, groupId=discodeit-notification-group] Discovered group coordinator localhost:9092 (id: 2147483646 rack: null)
26-06-19 09:30:54.435 [org.springframework.kafka.KafkaListenerEndpointContainer#1-0-C-1] [32mINFO [0;39m o.a.k.c.c.i.ConsumerCoordinator      [ |  | ] - [Consumer clientId=consumer-discodeit-notification-group-2, groupId=discodeit-notification-group] Group coordinator localhost:9092 (id: 2147483646 rack: null) is unavailable or invalid due to cause: coordinator unavailable. isDisconnected: false. Rediscovery will be attempted.
26-06-19 09:30:54.435 [org.springframework.kafka.KafkaListenerEndpointContainer#1-0-C-1] [32mINFO [0;39m o.a.k.c.c.i.ConsumerCoordinator      [ |  | ] - [Consumer clientId=consumer-discodeit-notification-group-2, groupId=discodeit-notification-group] Requesting disconnect from last known coordinator localhost:9092 (id: 2147483646 rack: null)
26-06-19 09:30:54.514 [org.springframework.kafka.KafkaListenerEndpointContainer#0-0-C-1] [32mINFO [0;39m o.a.k.c.c.i.ConsumerCoordinator      [ |  | ] - [Consumer clientId=consumer-discodeit-notification-group-1, groupId=discodeit-notification-group] Discovered group coordinator localhost:9092 (id: 2147483646 rack: null)
26-06-19 09:30:54.516 [org.springframework.kafka.KafkaListenerEndpointContainer#0-0-C-1] [32mINFO [0;39m o.a.k.c.c.i.ConsumerCoordinator      [ |  | ] - [Consumer clientId=consumer-discodeit-notification-group-1, groupId=discodeit-notification-group] Request joining group due to: rebalance failed due to 'This is not the correct coordinator.' (NotCoordinatorException)
26-06-19 09:30:54.517 [org.springframework.kafka.KafkaListenerEndpointContainer#0-0-C-1] [32mINFO [0;39m o.a.k.c.c.i.ConsumerCoordinator      [ |  | ] - [Consumer clientId=consumer-discodeit-notification-group-1, groupId=discodeit-notification-group] (Re-)joining group
26-06-19 09:30:54.541 [org.springframework.kafka.KafkaListenerEndpointContainer#0-0-C-1] [32mINFO [0;39m o.a.k.c.c.i.ConsumerCoordinator      [ |  | ] - [Consumer clientId=consumer-discodeit-notification-group-1, groupId=discodeit-notification-group] Group coordinator localhost:9092 (id: 2147483646 rack: null) is unavailable or invalid due to cause: error response NOT_COORDINATOR. isDisconnected: false. Rediscovery will be attempted.
26-06-19 09:30:54.542 [org.springframework.kafka.KafkaListenerEndpointContainer#0-0-C-1] [32mINFO [0;39m o.a.k.c.c.i.ConsumerCoordinator      [ |  | ] - [Consumer clientId=consumer-discodeit-notification-group-1, groupId=discodeit-notification-group] Requesting disconnect from last known coordinator localhost:9092 (id: 2147483646 rack: null)
26-06-19 09:30:54.542 [org.springframework.kafka.KafkaListenerEndpointContainer#0-0-C-1] [32mINFO [0;39m o.a.k.c.c.i.ConsumerCoordinator      [ |  | ] - [Consumer clientId=consumer-discodeit-notification-group-1, groupId=discodeit-notification-group] JoinGroup failed: This is not the correct coordinator. Marking coordinator unknown. Sent generation was Generation{generationId=-1, memberId='', protocol='null'}
26-06-19 09:30:54.542 [org.springframework.kafka.KafkaListenerEndpointContainer#0-0-C-1] [32mINFO [0;39m o.apache.kafka.clients.NetworkClient [ |  | ] - [Consumer clientId=consumer-discodeit-notification-group-1, groupId=discodeit-notification-group] Client requested disconnect from node 2147483646
26-06-19 09:30:54.552 [org.springframework.kafka.KafkaListenerEndpointContainer#0-0-C-1] [32mINFO [0;39m o.a.k.c.c.i.ConsumerCoordinator      [ |  | ] - [Consumer clientId=consumer-discodeit-notification-group-1, groupId=discodeit-notification-group] Discovered group coordinator localhost:9092 (id: 2147483646 rack: null)
26-06-19 09:30:54.555 [org.springframework.kafka.KafkaListenerEndpointContainer#0-0-C-1] [32mINFO [0;39m o.a.k.c.c.i.ConsumerCoordinator      [ |  | ] - [Consumer clientId=consumer-discodeit-notification-group-1, groupId=discodeit-notification-group] Group coordinator localhost:9092 (id: 2147483646 rack: null) is unavailable or invalid due to cause: coordinator unavailable. isDisconnected: false. Rediscovery will be attempted.
26-06-19 09:30:54.555 [org.springframework.kafka.KafkaListenerEndpointContainer#0-0-C-1] [32mINFO [0;39m o.a.k.c.c.i.ConsumerCoordinator      [ |  | ] - [Consumer clientId=consumer-discodeit-notification-group-1, groupId=discodeit-notification-group] Requesting disconnect from last known coordinator localhost:9092 (id: 2147483646 rack: null)
26-06-19 09:30:54.558 [org.springframework.kafka.KafkaListenerEndpointContainer#1-0-C-1] [32mINFO [0;39m o.a.k.c.c.i.ConsumerCoordinator      [ |  | ] - [Consumer clientId=consumer-discodeit-notification-group-2, groupId=discodeit-notification-group] Discovered group coordinator localhost:9092 (id: 2147483646 rack: null)
26-06-19 09:30:54.565 [org.springframework.kafka.KafkaListenerEndpointContainer#1-0-C-1] [32mINFO [0;39m o.a.k.c.c.i.ConsumerCoordinator      [ |  | ] - [Consumer clientId=consumer-discodeit-notification-group-2, groupId=discodeit-notification-group] Request joining group due to: rebalance failed due to 'This is not the correct coordinator.' (NotCoordinatorException)
26-06-19 09:30:54.567 [org.springframework.kafka.KafkaListenerEndpointContainer#1-0-C-1] [32mINFO [0;39m o.a.k.c.c.i.ConsumerCoordinator      [ |  | ] - [Consumer clientId=consumer-discodeit-notification-group-2, groupId=discodeit-notification-group] (Re-)joining group
26-06-19 09:30:54.598 [org.springframework.kafka.KafkaListenerEndpointContainer#1-0-C-1] [32mINFO [0;39m o.a.k.c.c.i.ConsumerCoordinator      [ |  | ] - [Consumer clientId=consumer-discodeit-notification-group-2, groupId=discodeit-notification-group] Group coordinator localhost:9092 (id: 2147483646 rack: null) is unavailable or invalid due to cause: error response NOT_COORDINATOR. isDisconnected: false. Rediscovery will be attempted.
26-06-19 09:30:54.598 [org.springframework.kafka.KafkaListenerEndpointContainer#1-0-C-1] [32mINFO [0;39m o.a.k.c.c.i.ConsumerCoordinator      [ |  | ] - [Consumer clientId=consumer-discodeit-notification-group-2, groupId=discodeit-notification-group] Requesting disconnect from last known coordinator localhost:9092 (id: 2147483646 rack: null)
26-06-19 09:30:54.598 [org.springframework.kafka.KafkaListenerEndpointContainer#1-0-C-1] [32mINFO [0;39m o.a.k.c.c.i.ConsumerCoordinator      [ |  | ] - [Consumer clientId=consumer-discodeit-notification-group-2, groupId=discodeit-notification-group] JoinGroup failed: This is not the correct coordinator. Marking coordinator unknown. Sent generation was Generation{generationId=-1, memberId='', protocol='null'}
26-06-19 09:30:54.598 [org.springframework.kafka.KafkaListenerEndpointContainer#1-0-C-1] [32mINFO [0;39m o.apache.kafka.clients.NetworkClient [ |  | ] - [Consumer clientId=consumer-discodeit-notification-group-2, groupId=discodeit-notification-group] Client requested disconnect from node 2147483646
26-06-19 09:30:54.606 [org.springframework.kafka.KafkaListenerEndpointContainer#1-0-C-1] [32mINFO [0;39m o.a.k.c.c.i.ConsumerCoordinator      [ |  | ] - [Consumer clientId=consumer-discodeit-notification-group-2, groupId=discodeit-notification-group] Discovered group coordinator localhost:9092 (id: 2147483646 rack: null)
26-06-19 09:30:54.607 [org.springframework.kafka.KafkaListenerEndpointContainer#1-0-C-1] [32mINFO [0;39m o.a.k.c.c.i.ConsumerCoordinator      [ |  | ] - [Consumer clientId=consumer-discodeit-notification-group-2, groupId=discodeit-notification-group] Group coordinator localhost:9092 (id: 2147483646 rack: null) is unavailable or invalid due to cause: coordinator unavailable. isDisconnected: false. Rediscovery will be attempted.
26-06-19 09:30:54.607 [org.springframework.kafka.KafkaListenerEndpointContainer#1-0-C-1] [32mINFO [0;39m o.a.k.c.c.i.ConsumerCoordinator      [ |  | ] - [Consumer clientId=consumer-discodeit-notification-group-2, groupId=discodeit-notification-group] Requesting disconnect from last known coordinator localhost:9092 (id: 2147483646 rack: null)
26-06-19 09:30:54.648 [org.springframework.kafka.KafkaListenerEndpointContainer#0-0-C-1] [32mINFO [0;39m o.a.k.c.c.i.ConsumerCoordinator      [ |  | ] - [Consumer clientId=consumer-discodeit-notification-group-1, groupId=discodeit-notification-group] Discovered group coordinator localhost:9092 (id: 2147483646 rack: null)
26-06-19 09:30:54.650 [org.springframework.kafka.KafkaListenerEndpointContainer#0-0-C-1] [32mINFO [0;39m o.a.k.c.c.i.ConsumerCoordinator      [ |  | ] - [Consumer clientId=consumer-discodeit-notification-group-1, groupId=discodeit-notification-group] Request joining group due to: rebalance failed due to 'This is not the correct coordinator.' (NotCoordinatorException)
26-06-19 09:30:54.651 [org.springframework.kafka.KafkaListenerEndpointContainer#0-0-C-1] [32mINFO [0;39m o.a.k.c.c.i.ConsumerCoordinator      [ |  | ] - [Consumer clientId=consumer-discodeit-notification-group-1, groupId=discodeit-notification-group] (Re-)joining group
26-06-19 09:30:54.666 [org.springframework.kafka.KafkaListenerEndpointContainer#0-0-C-1] [32mINFO [0;39m o.a.k.c.c.i.ConsumerCoordinator      [ |  | ] - [Consumer clientId=consumer-discodeit-notification-group-1, groupId=discodeit-notification-group] Group coordinator localhost:9092 (id: 2147483646 rack: null) is unavailable or invalid due to cause: error response NOT_COORDINATOR. isDisconnected: false. Rediscovery will be attempted.
26-06-19 09:30:54.667 [org.springframework.kafka.KafkaListenerEndpointContainer#0-0-C-1] [32mINFO [0;39m o.a.k.c.c.i.ConsumerCoordinator      [ |  | ] - [Consumer clientId=consumer-discodeit-notification-group-1, groupId=discodeit-notification-group] Requesting disconnect from last known coordinator localhost:9092 (id: 2147483646 rack: null)
26-06-19 09:30:54.677 [org.springframework.kafka.KafkaListenerEndpointContainer#0-0-C-1] [32mINFO [0;39m o.a.k.c.c.i.ConsumerCoordinator      [ |  | ] - [Consumer clientId=consumer-discodeit-notification-group-1, groupId=discodeit-notification-group] JoinGroup failed: This is not the correct coordinator. Marking coordinator unknown. Sent generation was Generation{generationId=-1, memberId='', protocol='null'}
26-06-19 09:30:54.679 [org.springframework.kafka.KafkaListenerEndpointContainer#0-0-C-1] [32mINFO [0;39m o.apache.kafka.clients.NetworkClient [ |  | ] - [Consumer clientId=consumer-discodeit-notification-group-1, groupId=discodeit-notification-group] Client requested disconnect from node 2147483646
26-06-19 09:30:54.697 [org.springframework.kafka.KafkaListenerEndpointContainer#0-0-C-1] [32mINFO [0;39m o.a.k.c.c.i.ConsumerCoordinator      [ |  | ] - [Consumer clientId=consumer-discodeit-notification-group-1, groupId=discodeit-notification-group] Discovered group coordinator localhost:9092 (id: 2147483646 rack: null)
26-06-19 09:30:54.698 [org.springframework.kafka.KafkaListenerEndpointContainer#0-0-C-1] [32mINFO [0;39m o.a.k.c.c.i.ConsumerCoordinator      [ |  | ] - [Consumer clientId=consumer-discodeit-notification-group-1, groupId=discodeit-notification-group] Group coordinator localhost:9092 (id: 2147483646 rack: null) is unavailable or invalid due to cause: coordinator unavailable. isDisconnected: false. Rediscovery will be attempted.
26-06-19 09:30:54.698 [org.springframework.kafka.KafkaListenerEndpointContainer#0-0-C-1] [32mINFO [0;39m o.a.k.c.c.i.ConsumerCoordinator      [ |  | ] - [Consumer clientId=consumer-discodeit-notification-group-1, groupId=discodeit-notification-group] Requesting disconnect from last known coordinator localhost:9092 (id: 2147483646 rack: null)
26-06-19 09:30:54.715 [org.springframework.kafka.KafkaListenerEndpointContainer#1-0-C-1] [32mINFO [0;39m o.a.k.c.c.i.ConsumerCoordinator      [ |  | ] - [Consumer clientId=consumer-discodeit-notification-group-2, groupId=discodeit-notification-group] Discovered group coordinator localhost:9092 (id: 2147483646 rack: null)
26-06-19 09:30:54.716 [org.springframework.kafka.KafkaListenerEndpointContainer#1-0-C-1] [32mINFO [0;39m o.a.k.c.c.i.ConsumerCoordinator      [ |  | ] - [Consumer clientId=consumer-discodeit-notification-group-2, groupId=discodeit-notification-group] Request joining group due to: rebalance failed due to 'This is not the correct coordinator.' (NotCoordinatorException)
26-06-19 09:30:54.717 [org.springframework.kafka.KafkaListenerEndpointContainer#1-0-C-1] [32mINFO [0;39m o.a.k.c.c.i.ConsumerCoordinator      [ |  | ] - [Consumer clientId=consumer-discodeit-notification-group-2, groupId=discodeit-notification-group] (Re-)joining group
26-06-19 09:30:54.772 [org.springframework.kafka.KafkaListenerEndpointContainer#1-0-C-1] [32mINFO [0;39m o.a.k.c.c.i.ConsumerCoordinator      [ |  | ] - [Consumer clientId=consumer-discodeit-notification-group-2, groupId=discodeit-notification-group] Group coordinator localhost:9092 (id: 2147483646 rack: null) is unavailable or invalid due to cause: error response NOT_COORDINATOR. isDisconnected: false. Rediscovery will be attempted.
26-06-19 09:30:54.772 [org.springframework.kafka.KafkaListenerEndpointContainer#1-0-C-1] [32mINFO [0;39m o.a.k.c.c.i.ConsumerCoordinator      [ |  | ] - [Consumer clientId=consumer-discodeit-notification-group-2, groupId=discodeit-notification-group] Requesting disconnect from last known coordinator localhost:9092 (id: 2147483646 rack: null)
26-06-19 09:30:54.773 [org.springframework.kafka.KafkaListenerEndpointContainer#1-0-C-1] [32mINFO [0;39m o.a.k.c.c.i.ConsumerCoordinator      [ |  | ] - [Consumer clientId=consumer-discodeit-notification-group-2, groupId=discodeit-notification-group] JoinGroup failed: This is not the correct coordinator. Marking coordinator unknown. Sent generation was Generation{generationId=-1, memberId='', protocol='null'}
26-06-19 09:30:54.773 [org.springframework.kafka.KafkaListenerEndpointContainer#1-0-C-1] [32mINFO [0;39m o.apache.kafka.clients.NetworkClient [ |  | ] - [Consumer clientId=consumer-discodeit-notification-group-2, groupId=discodeit-notification-group] Client requested disconnect from node 2147483646
26-06-19 09:30:54.794 [org.springframework.kafka.KafkaListenerEndpointContainer#1-0-C-1] [32mINFO [0;39m o.a.k.c.c.i.ConsumerCoordinator      [ |  | ] - [Consumer clientId=consumer-discodeit-notification-group-2, groupId=discodeit-notification-group] Discovered group coordinator localhost:9092 (id: 2147483646 rack: null)
26-06-19 09:30:54.794 [org.springframework.kafka.KafkaListenerEndpointContainer#1-0-C-1] [32mINFO [0;39m o.a.k.c.c.i.ConsumerCoordinator      [ |  | ] - [Consumer clientId=consumer-discodeit-notification-group-2, groupId=discodeit-notification-group] Group coordinator localhost:9092 (id: 2147483646 rack: null) is unavailable or invalid due to cause: coordinator unavailable. isDisconnected: false. Rediscovery will be attempted.
26-06-19 09:30:54.794 [org.springframework.kafka.KafkaListenerEndpointContainer#1-0-C-1] [32mINFO [0;39m o.a.k.c.c.i.ConsumerCoordinator      [ |  | ] - [Consumer clientId=consumer-discodeit-notification-group-2, groupId=discodeit-notification-group] Requesting disconnect from last known coordinator localhost:9092 (id: 2147483646 rack: null)
26-06-19 09:30:54.811 [org.springframework.kafka.KafkaListenerEndpointContainer#0-0-C-1] [32mINFO [0;39m o.a.k.c.c.i.ConsumerCoordinator      [ |  | ] - [Consumer clientId=consumer-discodeit-notification-group-1, groupId=discodeit-notification-group] Discovered group coordinator localhost:9092 (id: 2147483646 rack: null)
26-06-19 09:30:54.813 [org.springframework.kafka.KafkaListenerEndpointContainer#0-0-C-1] [32mINFO [0;39m o.a.k.c.c.i.ConsumerCoordinator      [ |  | ] - [Consumer clientId=consumer-discodeit-notification-group-1, groupId=discodeit-notification-group] Request joining group due to: rebalance failed due to 'This is not the correct coordinator.' (NotCoordinatorException)
26-06-19 09:30:54.814 [org.springframework.kafka.KafkaListenerEndpointContainer#0-0-C-1] [32mINFO [0;39m o.a.k.c.c.i.ConsumerCoordinator      [ |  | ] - [Consumer clientId=consumer-discodeit-notification-group-1, groupId=discodeit-notification-group] (Re-)joining group
26-06-19 09:30:54.833 [org.springframework.kafka.KafkaListenerEndpointContainer#0-0-C-1] [32mINFO [0;39m o.a.k.c.c.i.ConsumerCoordinator      [ |  | ] - [Consumer clientId=consumer-discodeit-notification-group-1, groupId=discodeit-notification-group] Group coordinator localhost:9092 (id: 2147483646 rack: null) is unavailable or invalid due to cause: error response NOT_COORDINATOR. isDisconnected: false. Rediscovery will be attempted.
26-06-19 09:30:54.834 [org.springframework.kafka.KafkaListenerEndpointContainer#0-0-C-1] [32mINFO [0;39m o.a.k.c.c.i.ConsumerCoordinator      [ |  | ] - [Consumer clientId=consumer-discodeit-notification-group-1, groupId=discodeit-notification-group] Requesting disconnect from last known coordinator localhost:9092 (id: 2147483646 rack: null)
26-06-19 09:30:54.837 [org.springframework.kafka.KafkaListenerEndpointContainer#0-0-C-1] [32mINFO [0;39m o.a.k.c.c.i.ConsumerCoordinator      [ |  | ] - [Consumer clientId=consumer-discodeit-notification-group-1, groupId=discodeit-notification-group] JoinGroup failed: This is not the correct coordinator. Marking coordinator unknown. Sent generation was Generation{generationId=-1, memberId='', protocol='null'}
26-06-19 09:30:54.838 [org.springframework.kafka.KafkaListenerEndpointContainer#0-0-C-1] [32mINFO [0;39m o.apache.kafka.clients.NetworkClient [ |  | ] - [Consumer clientId=consumer-discodeit-notification-group-1, groupId=discodeit-notification-group] Client requested disconnect from node 2147483646
26-06-19 09:30:54.848 [org.springframework.kafka.KafkaListenerEndpointContainer#0-0-C-1] [32mINFO [0;39m o.a.k.c.c.i.ConsumerCoordinator      [ |  | ] - [Consumer clientId=consumer-discodeit-notification-group-1, groupId=discodeit-notification-group] Discovered group coordinator localhost:9092 (id: 2147483646 rack: null)
26-06-19 09:30:54.848 [org.springframework.kafka.KafkaListenerEndpointContainer#0-0-C-1] [32mINFO [0;39m o.a.k.c.c.i.ConsumerCoordinator      [ |  | ] - [Consumer clientId=consumer-discodeit-notification-group-1, groupId=discodeit-notification-group] Group coordinator localhost:9092 (id: 2147483646 rack: null) is unavailable or invalid due to cause: coordinator unavailable. isDisconnected: false. Rediscovery will be attempted.
26-06-19 09:30:54.848 [org.springframework.kafka.KafkaListenerEndpointContainer#0-0-C-1] [32mINFO [0;39m o.a.k.c.c.i.ConsumerCoordinator      [ |  | ] - [Consumer clientId=consumer-discodeit-notification-group-1, groupId=discodeit-notification-group] Requesting disconnect from last known coordinator localhost:9092 (id: 2147483646 rack: null)
26-06-19 09:30:54.918 [org.springframework.kafka.KafkaListenerEndpointContainer#1-0-C-1] [32mINFO [0;39m o.a.k.c.c.i.ConsumerCoordinator      [ |  | ] - [Consumer clientId=consumer-discodeit-notification-group-2, groupId=discodeit-notification-group] Discovered group coordinator localhost:9092 (id: 2147483646 rack: null)
26-06-19 09:30:54.923 [org.springframework.kafka.KafkaListenerEndpointContainer#1-0-C-1] [32mINFO [0;39m o.a.k.c.c.i.ConsumerCoordinator      [ |  | ] - [Consumer clientId=consumer-discodeit-notification-group-2, groupId=discodeit-notification-group] Request joining group due to: rebalance failed due to 'This is not the correct coordinator.' (NotCoordinatorException)
26-06-19 09:30:54.924 [org.springframework.kafka.KafkaListenerEndpointContainer#1-0-C-1] [32mINFO [0;39m o.a.k.c.c.i.ConsumerCoordinator      [ |  | ] - [Consumer clientId=consumer-discodeit-notification-group-2, groupId=discodeit-notification-group] (Re-)joining group
26-06-19 09:30:54.951 [org.springframework.kafka.KafkaListenerEndpointContainer#1-0-C-1] [32mINFO [0;39m o.a.k.c.c.i.ConsumerCoordinator      [ |  | ] - [Consumer clientId=consumer-discodeit-notification-group-2, groupId=discodeit-notification-group] Group coordinator localhost:9092 (id: 2147483646 rack: null) is unavailable or invalid due to cause: error response NOT_COORDINATOR. isDisconnected: false. Rediscovery will be attempted.
26-06-19 09:30:54.951 [org.springframework.kafka.KafkaListenerEndpointContainer#0-0-C-1] [32mINFO [0;39m o.a.k.c.c.i.ConsumerCoordinator      [ |  | ] - [Consumer clientId=consumer-discodeit-notification-group-1, groupId=discodeit-notification-group] Discovered group coordinator localhost:9092 (id: 2147483646 rack: null)
26-06-19 09:30:54.951 [org.springframework.kafka.KafkaListenerEndpointContainer#1-0-C-1] [32mINFO [0;39m o.a.k.c.c.i.ConsumerCoordinator      [ |  | ] - [Consumer clientId=consumer-discodeit-notification-group-2, groupId=discodeit-notification-group] Requesting disconnect from last known coordinator localhost:9092 (id: 2147483646 rack: null)
26-06-19 09:30:54.952 [org.springframework.kafka.KafkaListenerEndpointContainer#1-0-C-1] [32mINFO [0;39m o.a.k.c.c.i.ConsumerCoordinator      [ |  | ] - [Consumer clientId=consumer-discodeit-notification-group-2, groupId=discodeit-notification-group] JoinGroup failed: This is not the correct coordinator. Marking coordinator unknown. Sent generation was Generation{generationId=-1, memberId='', protocol='null'}
26-06-19 09:30:54.955 [org.springframework.kafka.KafkaListenerEndpointContainer#0-0-C-1] [32mINFO [0;39m o.a.k.c.c.i.ConsumerCoordinator      [ |  | ] - [Consumer clientId=consumer-discodeit-notification-group-1, groupId=discodeit-notification-group] Request joining group due to: rebalance failed due to 'This is not the correct coordinator.' (NotCoordinatorException)
26-06-19 09:30:54.956 [org.springframework.kafka.KafkaListenerEndpointContainer#0-0-C-1] [32mINFO [0;39m o.a.k.c.c.i.ConsumerCoordinator      [ |  | ] - [Consumer clientId=consumer-discodeit-notification-group-1, groupId=discodeit-notification-group] (Re-)joining group
26-06-19 09:30:54.957 [org.springframework.kafka.KafkaListenerEndpointContainer#1-0-C-1] [32mINFO [0;39m o.apache.kafka.clients.NetworkClient [ |  | ] - [Consumer clientId=consumer-discodeit-notification-group-2, groupId=discodeit-notification-group] Client requested disconnect from node 2147483646
26-06-19 09:30:54.965 [org.springframework.kafka.KafkaListenerEndpointContainer#1-0-C-1] [32mINFO [0;39m o.a.k.c.c.i.ConsumerCoordinator      [ |  | ] - [Consumer clientId=consumer-discodeit-notification-group-2, groupId=discodeit-notification-group] Discovered group coordinator localhost:9092 (id: 2147483646 rack: null)
26-06-19 09:30:54.965 [org.springframework.kafka.KafkaListenerEndpointContainer#1-0-C-1] [32mINFO [0;39m o.a.k.c.c.i.ConsumerCoordinator      [ |  | ] - [Consumer clientId=consumer-discodeit-notification-group-2, groupId=discodeit-notification-group] Group coordinator localhost:9092 (id: 2147483646 rack: null) is unavailable or invalid due to cause: coordinator unavailable. isDisconnected: false. Rediscovery will be attempted.
26-06-19 09:30:54.966 [org.springframework.kafka.KafkaListenerEndpointContainer#1-0-C-1] [32mINFO [0;39m o.a.k.c.c.i.ConsumerCoordinator      [ |  | ] - [Consumer clientId=consumer-discodeit-notification-group-2, groupId=discodeit-notification-group] Requesting disconnect from last known coordinator localhost:9092 (id: 2147483646 rack: null)
26-06-19 09:30:54.981 [org.springframework.kafka.KafkaListenerEndpointContainer#0-0-C-1] [32mINFO [0;39m o.a.k.c.c.i.ConsumerCoordinator      [ |  | ] - [Consumer clientId=consumer-discodeit-notification-group-1, groupId=discodeit-notification-group] Group coordinator localhost:9092 (id: 2147483646 rack: null) is unavailable or invalid due to cause: error response NOT_COORDINATOR. isDisconnected: false. Rediscovery will be attempted.
26-06-19 09:30:54.981 [org.springframework.kafka.KafkaListenerEndpointContainer#0-0-C-1] [32mINFO [0;39m o.a.k.c.c.i.ConsumerCoordinator      [ |  | ] - [Consumer clientId=consumer-discodeit-notification-group-1, groupId=discodeit-notification-group] Requesting disconnect from last known coordinator localhost:9092 (id: 2147483646 rack: null)
26-06-19 09:30:54.981 [org.springframework.kafka.KafkaListenerEndpointContainer#0-0-C-1] [32mINFO [0;39m o.a.k.c.c.i.ConsumerCoordinator      [ |  | ] - [Consumer clientId=consumer-discodeit-notification-group-1, groupId=discodeit-notification-group] JoinGroup failed: This is not the correct coordinator. Marking coordinator unknown. Sent generation was Generation{generationId=-1, memberId='', protocol='null'}
26-06-19 09:30:54.982 [org.springframework.kafka.KafkaListenerEndpointContainer#0-0-C-1] [32mINFO [0;39m o.apache.kafka.clients.NetworkClient [ |  | ] - [Consumer clientId=consumer-discodeit-notification-group-1, groupId=discodeit-notification-group] Client requested disconnect from node 2147483646
26-06-19 09:30:54.999 [org.springframework.kafka.KafkaListenerEndpointContainer#0-0-C-1] [32mINFO [0;39m o.a.k.c.c.i.ConsumerCoordinator      [ |  | ] - [Consumer clientId=consumer-discodeit-notification-group-1, groupId=discodeit-notification-group] Discovered group coordinator localhost:9092 (id: 2147483646 rack: null)
26-06-19 09:30:54.999 [org.springframework.kafka.KafkaListenerEndpointContainer#0-0-C-1] [32mINFO [0;39m o.a.k.c.c.i.ConsumerCoordinator      [ |  | ] - [Consumer clientId=consumer-discodeit-notification-group-1, groupId=discodeit-notification-group] Group coordinator localhost:9092 (id: 2147483646 rack: null) is unavailable or invalid due to cause: coordinator unavailable. isDisconnected: false. Rediscovery will be attempted.
26-06-19 09:30:54.999 [org.springframework.kafka.KafkaListenerEndpointContainer#0-0-C-1] [32mINFO [0;39m o.a.k.c.c.i.ConsumerCoordinator      [ |  | ] - [Consumer clientId=consumer-discodeit-notification-group-1, groupId=discodeit-notification-group] Requesting disconnect from last known coordinator localhost:9092 (id: 2147483646 rack: null)
26-06-19 09:30:55.068 [org.springframework.kafka.KafkaListenerEndpointContainer#1-0-C-1] [32mINFO [0;39m o.a.k.c.c.i.ConsumerCoordinator      [ |  | ] - [Consumer clientId=consumer-discodeit-notification-group-2, groupId=discodeit-notification-group] Discovered group coordinator localhost:9092 (id: 2147483646 rack: null)
26-06-19 09:30:55.071 [org.springframework.kafka.KafkaListenerEndpointContainer#1-0-C-1] [32mINFO [0;39m o.a.k.c.c.i.ConsumerCoordinator      [ |  | ] - [Consumer clientId=consumer-discodeit-notification-group-2, groupId=discodeit-notification-group] Request joining group due to: rebalance failed due to 'This is not the correct coordinator.' (NotCoordinatorException)
26-06-19 09:30:55.071 [org.springframework.kafka.KafkaListenerEndpointContainer#1-0-C-1] [32mINFO [0;39m o.a.k.c.c.i.ConsumerCoordinator      [ |  | ] - [Consumer clientId=consumer-discodeit-notification-group-2, groupId=discodeit-notification-group] (Re-)joining group
26-06-19 09:30:55.081 [org.springframework.kafka.KafkaListenerEndpointContainer#1-0-C-1] [32mINFO [0;39m o.a.k.c.c.i.ConsumerCoordinator      [ |  | ] - [Consumer clientId=consumer-discodeit-notification-group-2, groupId=discodeit-notification-group] Group coordinator localhost:9092 (id: 2147483646 rack: null) is unavailable or invalid due to cause: error response NOT_COORDINATOR. isDisconnected: false. Rediscovery will be attempted.
26-06-19 09:30:55.081 [org.springframework.kafka.KafkaListenerEndpointContainer#1-0-C-1] [32mINFO [0;39m o.a.k.c.c.i.ConsumerCoordinator      [ |  | ] - [Consumer clientId=consumer-discodeit-notification-group-2, groupId=discodeit-notification-group] Requesting disconnect from last known coordinator localhost:9092 (id: 2147483646 rack: null)
26-06-19 09:30:55.081 [org.springframework.kafka.KafkaListenerEndpointContainer#1-0-C-1] [32mINFO [0;39m o.a.k.c.c.i.ConsumerCoordinator      [ |  | ] - [Consumer clientId=consumer-discodeit-notification-group-2, groupId=discodeit-notification-group] JoinGroup failed: This is not the correct coordinator. Marking coordinator unknown. Sent generation was Generation{generationId=-1, memberId='', protocol='null'}
26-06-19 09:30:55.081 [org.springframework.kafka.KafkaListenerEndpointContainer#1-0-C-1] [32mINFO [0;39m o.apache.kafka.clients.NetworkClient [ |  | ] - [Consumer clientId=consumer-discodeit-notification-group-2, groupId=discodeit-notification-group] Client requested disconnect from node 2147483646
26-06-19 09:30:55.085 [org.springframework.kafka.KafkaListenerEndpointContainer#1-0-C-1] [32mINFO [0;39m o.a.k.c.c.i.ConsumerCoordinator      [ |  | ] - [Consumer clientId=consumer-discodeit-notification-group-2, groupId=discodeit-notification-group] Discovered group coordinator localhost:9092 (id: 2147483646 rack: null)
26-06-19 09:30:55.086 [org.springframework.kafka.KafkaListenerEndpointContainer#1-0-C-1] [32mINFO [0;39m o.a.k.c.c.i.ConsumerCoordinator      [ |  | ] - [Consumer clientId=consumer-discodeit-notification-group-2, groupId=discodeit-notification-group] Group coordinator localhost:9092 (id: 2147483646 rack: null) is unavailable or invalid due to cause: coordinator unavailable. isDisconnected: false. Rediscovery will be attempted.
26-06-19 09:30:55.086 [org.springframework.kafka.KafkaListenerEndpointContainer#1-0-C-1] [32mINFO [0;39m o.a.k.c.c.i.ConsumerCoordinator      [ |  | ] - [Consumer clientId=consumer-discodeit-notification-group-2, groupId=discodeit-notification-group] Requesting disconnect from last known coordinator localhost:9092 (id: 2147483646 rack: null)
26-06-19 09:30:55.126 [org.springframework.kafka.KafkaListenerEndpointContainer#0-0-C-1] [32mINFO [0;39m o.a.k.c.c.i.ConsumerCoordinator      [ |  | ] - [Consumer clientId=consumer-discodeit-notification-group-1, groupId=discodeit-notification-group] Discovered group coordinator localhost:9092 (id: 2147483646 rack: null)
26-06-19 09:30:55.127 [org.springframework.kafka.KafkaListenerEndpointContainer#0-0-C-1] [32mINFO [0;39m o.a.k.c.c.i.ConsumerCoordinator      [ |  | ] - [Consumer clientId=consumer-discodeit-notification-group-1, groupId=discodeit-notification-group] Request joining group due to: rebalance failed due to 'This is not the correct coordinator.' (NotCoordinatorException)
26-06-19 09:30:55.128 [org.springframework.kafka.KafkaListenerEndpointContainer#0-0-C-1] [32mINFO [0;39m o.a.k.c.c.i.ConsumerCoordinator      [ |  | ] - [Consumer clientId=consumer-discodeit-notification-group-1, groupId=discodeit-notification-group] (Re-)joining group
26-06-19 09:30:55.141 [org.springframework.kafka.KafkaListenerEndpointContainer#0-0-C-1] [32mINFO [0;39m o.a.k.c.c.i.ConsumerCoordinator      [ |  | ] - [Consumer clientId=consumer-discodeit-notification-group-1, groupId=discodeit-notification-group] Group coordinator localhost:9092 (id: 2147483646 rack: null) is unavailable or invalid due to cause: error response NOT_COORDINATOR. isDisconnected: false. Rediscovery will be attempted.
26-06-19 09:30:55.141 [org.springframework.kafka.KafkaListenerEndpointContainer#0-0-C-1] [32mINFO [0;39m o.a.k.c.c.i.ConsumerCoordinator      [ |  | ] - [Consumer clientId=consumer-discodeit-notification-group-1, groupId=discodeit-notification-group] Requesting disconnect from last known coordinator localhost:9092 (id: 2147483646 rack: null)
26-06-19 09:30:55.141 [org.springframework.kafka.KafkaListenerEndpointContainer#0-0-C-1] [32mINFO [0;39m o.a.k.c.c.i.ConsumerCoordinator      [ |  | ] - [Consumer clientId=consumer-discodeit-notification-group-1, groupId=discodeit-notification-group] JoinGroup failed: This is not the correct coordinator. Marking coordinator unknown. Sent generation was Generation{generationId=-1, memberId='', protocol='null'}
26-06-19 09:30:55.141 [org.springframework.kafka.KafkaListenerEndpointContainer#0-0-C-1] [32mINFO [0;39m o.apache.kafka.clients.NetworkClient [ |  | ] - [Consumer clientId=consumer-discodeit-notification-group-1, groupId=discodeit-notification-group] Client requested disconnect from node 2147483646
26-06-19 09:30:55.146 [org.springframework.kafka.KafkaListenerEndpointContainer#0-0-C-1] [32mINFO [0;39m o.a.k.c.c.i.ConsumerCoordinator      [ |  | ] - [Consumer clientId=consumer-discodeit-notification-group-1, groupId=discodeit-notification-group] Discovered group coordinator localhost:9092 (id: 2147483646 rack: null)
26-06-19 09:30:55.147 [org.springframework.kafka.KafkaListenerEndpointContainer#0-0-C-1] [32mINFO [0;39m o.a.k.c.c.i.ConsumerCoordinator      [ |  | ] - [Consumer clientId=consumer-discodeit-notification-group-1, groupId=discodeit-notification-group] Group coordinator localhost:9092 (id: 2147483646 rack: null) is unavailable or invalid due to cause: coordinator unavailable. isDisconnected: false. Rediscovery will be attempted.
26-06-19 09:30:55.147 [org.springframework.kafka.KafkaListenerEndpointContainer#0-0-C-1] [32mINFO [0;39m o.a.k.c.c.i.ConsumerCoordinator      [ |  | ] - [Consumer clientId=consumer-discodeit-notification-group-1, groupId=discodeit-notification-group] Requesting disconnect from last known coordinator localhost:9092 (id: 2147483646 rack: null)
26-06-19 09:30:55.216 [org.springframework.kafka.KafkaListenerEndpointContainer#1-0-C-1] [32mINFO [0;39m o.a.k.c.c.i.ConsumerCoordinator      [ |  | ] - [Consumer clientId=consumer-discodeit-notification-group-2, groupId=discodeit-notification-group] Discovered group coordinator localhost:9092 (id: 2147483646 rack: null)
26-06-19 09:30:55.218 [org.springframework.kafka.KafkaListenerEndpointContainer#1-0-C-1] [32mINFO [0;39m o.a.k.c.c.i.ConsumerCoordinator      [ |  | ] - [Consumer clientId=consumer-discodeit-notification-group-2, groupId=discodeit-notification-group] Request joining group due to: rebalance failed due to 'This is not the correct coordinator.' (NotCoordinatorException)
26-06-19 09:30:55.219 [org.springframework.kafka.KafkaListenerEndpointContainer#1-0-C-1] [32mINFO [0;39m o.a.k.c.c.i.ConsumerCoordinator      [ |  | ] - [Consumer clientId=consumer-discodeit-notification-group-2, groupId=discodeit-notification-group] (Re-)joining group
26-06-19 09:30:55.243 [org.springframework.kafka.KafkaListenerEndpointContainer#1-0-C-1] [32mINFO [0;39m o.a.k.c.c.i.ConsumerCoordinator      [ |  | ] - [Consumer clientId=consumer-discodeit-notification-group-2, groupId=discodeit-notification-group] Group coordinator localhost:9092 (id: 2147483646 rack: null) is unavailable or invalid due to cause: error response NOT_COORDINATOR. isDisconnected: false. Rediscovery will be attempted.
26-06-19 09:30:55.247 [org.springframework.kafka.KafkaListenerEndpointContainer#1-0-C-1] [32mINFO [0;39m o.a.k.c.c.i.ConsumerCoordinator      [ |  | ] - [Consumer clientId=consumer-discodeit-notification-group-2, groupId=discodeit-notification-group] Requesting disconnect from last known coordinator localhost:9092 (id: 2147483646 rack: null)
26-06-19 09:30:55.248 [org.springframework.kafka.KafkaListenerEndpointContainer#1-0-C-1] [32mINFO [0;39m o.a.k.c.c.i.ConsumerCoordinator      [ |  | ] - [Consumer clientId=consumer-discodeit-notification-group-2, groupId=discodeit-notification-group] JoinGroup failed: This is not the correct coordinator. Marking coordinator unknown. Sent generation was Generation{generationId=-1, memberId='', protocol='null'}
26-06-19 09:30:55.248 [org.springframework.kafka.KafkaListenerEndpointContainer#1-0-C-1] [32mINFO [0;39m o.apache.kafka.clients.NetworkClient [ |  | ] - [Consumer clientId=consumer-discodeit-notification-group-2, groupId=discodeit-notification-group] Client requested disconnect from node 2147483646
26-06-19 09:30:55.262 [org.springframework.kafka.KafkaListenerEndpointContainer#1-0-C-1] [32mINFO [0;39m o.a.k.c.c.i.ConsumerCoordinator      [ |  | ] - [Consumer clientId=consumer-discodeit-notification-group-2, groupId=discodeit-notification-group] Discovered group coordinator localhost:9092 (id: 2147483646 rack: null)
26-06-19 09:30:55.263 [org.springframework.kafka.KafkaListenerEndpointContainer#1-0-C-1] [32mINFO [0;39m o.a.k.c.c.i.ConsumerCoordinator      [ |  | ] - [Consumer clientId=consumer-discodeit-notification-group-2, groupId=discodeit-notification-group] Group coordinator localhost:9092 (id: 2147483646 rack: null) is unavailable or invalid due to cause: coordinator unavailable. isDisconnected: false. Rediscovery will be attempted.
26-06-19 09:30:55.263 [org.springframework.kafka.KafkaListenerEndpointContainer#1-0-C-1] [32mINFO [0;39m o.a.k.c.c.i.ConsumerCoordinator      [ |  | ] - [Consumer clientId=consumer-discodeit-notification-group-2, groupId=discodeit-notification-group] Requesting disconnect from last known coordinator localhost:9092 (id: 2147483646 rack: null)
26-06-19 09:30:55.274 [org.springframework.kafka.KafkaListenerEndpointContainer#0-0-C-1] [32mINFO [0;39m o.a.k.c.c.i.ConsumerCoordinator      [ |  | ] - [Consumer clientId=consumer-discodeit-notification-group-1, groupId=discodeit-notification-group] Discovered group coordinator localhost:9092 (id: 2147483646 rack: null)
26-06-19 09:30:55.276 [org.springframework.kafka.KafkaListenerEndpointContainer#0-0-C-1] [32mINFO [0;39m o.a.k.c.c.i.ConsumerCoordinator      [ |  | ] - [Consumer clientId=consumer-discodeit-notification-group-1, groupId=discodeit-notification-group] Request joining group due to: rebalance failed due to 'This is not the correct coordinator.' (NotCoordinatorException)
26-06-19 09:30:55.276 [org.springframework.kafka.KafkaListenerEndpointContainer#0-0-C-1] [32mINFO [0;39m o.a.k.c.c.i.ConsumerCoordinator      [ |  | ] - [Consumer clientId=consumer-discodeit-notification-group-1, groupId=discodeit-notification-group] (Re-)joining group
26-06-19 09:30:55.287 [org.springframework.kafka.KafkaListenerEndpointContainer#0-0-C-1] [32mINFO [0;39m o.a.k.c.c.i.ConsumerCoordinator      [ |  | ] - [Consumer clientId=consumer-discodeit-notification-group-1, groupId=discodeit-notification-group] Group coordinator localhost:9092 (id: 2147483646 rack: null) is unavailable or invalid due to cause: error response NOT_COORDINATOR. isDisconnected: false. Rediscovery will be attempted.
26-06-19 09:30:55.288 [org.springframework.kafka.KafkaListenerEndpointContainer#0-0-C-1] [32mINFO [0;39m o.a.k.c.c.i.ConsumerCoordinator      [ |  | ] - [Consumer clientId=consumer-discodeit-notification-group-1, groupId=discodeit-notification-group] Requesting disconnect from last known coordinator localhost:9092 (id: 2147483646 rack: null)
26-06-19 09:30:55.288 [org.springframework.kafka.KafkaListenerEndpointContainer#0-0-C-1] [32mINFO [0;39m o.a.k.c.c.i.ConsumerCoordinator      [ |  | ] - [Consumer clientId=consumer-discodeit-notification-group-1, groupId=discodeit-notification-group] JoinGroup failed: This is not the correct coordinator. Marking coordinator unknown. Sent generation was Generation{generationId=-1, memberId='', protocol='null'}
26-06-19 09:30:55.288 [org.springframework.kafka.KafkaListenerEndpointContainer#0-0-C-1] [32mINFO [0;39m o.apache.kafka.clients.NetworkClient [ |  | ] - [Consumer clientId=consumer-discodeit-notification-group-1, groupId=discodeit-notification-group] Client requested disconnect from node 2147483646
26-06-19 09:30:55.296 [org.springframework.kafka.KafkaListenerEndpointContainer#0-0-C-1] [32mINFO [0;39m o.a.k.c.c.i.ConsumerCoordinator      [ |  | ] - [Consumer clientId=consumer-discodeit-notification-group-1, groupId=discodeit-notification-group] Discovered group coordinator localhost:9092 (id: 2147483646 rack: null)
26-06-19 09:30:55.296 [org.springframework.kafka.KafkaListenerEndpointContainer#0-0-C-1] [32mINFO [0;39m o.a.k.c.c.i.ConsumerCoordinator      [ |  | ] - [Consumer clientId=consumer-discodeit-notification-group-1, groupId=discodeit-notification-group] Group coordinator localhost:9092 (id: 2147483646 rack: null) is unavailable or invalid due to cause: coordinator unavailable. isDisconnected: false. Rediscovery will be attempted.
26-06-19 09:30:55.297 [org.springframework.kafka.KafkaListenerEndpointContainer#0-0-C-1] [32mINFO [0;39m o.a.k.c.c.i.ConsumerCoordinator      [ |  | ] - [Consumer clientId=consumer-discodeit-notification-group-1, groupId=discodeit-notification-group] Requesting disconnect from last known coordinator localhost:9092 (id: 2147483646 rack: null)
26-06-19 09:30:55.366 [org.springframework.kafka.KafkaListenerEndpointContainer#1-0-C-1] [32mINFO [0;39m o.a.k.c.c.i.ConsumerCoordinator      [ |  | ] - [Consumer clientId=consumer-discodeit-notification-group-2, groupId=discodeit-notification-group] Discovered group coordinator localhost:9092 (id: 2147483646 rack: null)
26-06-19 09:30:55.367 [org.springframework.kafka.KafkaListenerEndpointContainer#1-0-C-1] [32mINFO [0;39m o.a.k.c.c.i.ConsumerCoordinator      [ |  | ] - [Consumer clientId=consumer-discodeit-notification-group-2, groupId=discodeit-notification-group] Request joining group due to: rebalance failed due to 'This is not the correct coordinator.' (NotCoordinatorException)
26-06-19 09:30:55.368 [org.springframework.kafka.KafkaListenerEndpointContainer#1-0-C-1] [32mINFO [0;39m o.a.k.c.c.i.ConsumerCoordinator      [ |  | ] - [Consumer clientId=consumer-discodeit-notification-group-2, groupId=discodeit-notification-group] (Re-)joining group
26-06-19 09:30:55.382 [org.springframework.kafka.KafkaListenerEndpointContainer#1-0-C-1] [32mINFO [0;39m o.a.k.c.c.i.ConsumerCoordinator      [ |  | ] - [Consumer clientId=consumer-discodeit-notification-group-2, groupId=discodeit-notification-group] Group coordinator localhost:9092 (id: 2147483646 rack: null) is unavailable or invalid due to cause: error response NOT_COORDINATOR. isDisconnected: false. Rediscovery will be attempted.
26-06-19 09:30:55.382 [org.springframework.kafka.KafkaListenerEndpointContainer#1-0-C-1] [32mINFO [0;39m o.a.k.c.c.i.ConsumerCoordinator      [ |  | ] - [Consumer clientId=consumer-discodeit-notification-group-2, groupId=discodeit-notification-group] Requesting disconnect from last known coordinator localhost:9092 (id: 2147483646 rack: null)
26-06-19 09:30:55.383 [org.springframework.kafka.KafkaListenerEndpointContainer#1-0-C-1] [32mINFO [0;39m o.a.k.c.c.i.ConsumerCoordinator      [ |  | ] - [Consumer clientId=consumer-discodeit-notification-group-2, groupId=discodeit-notification-group] JoinGroup failed: This is not the correct coordinator. Marking coordinator unknown. Sent generation was Generation{generationId=-1, memberId='', protocol='null'}
26-06-19 09:30:55.383 [org.springframework.kafka.KafkaListenerEndpointContainer#1-0-C-1] [32mINFO [0;39m o.apache.kafka.clients.NetworkClient [ |  | ] - [Consumer clientId=consumer-discodeit-notification-group-2, groupId=discodeit-notification-group] Client requested disconnect from node 2147483646
26-06-19 09:30:55.389 [org.springframework.kafka.KafkaListenerEndpointContainer#1-0-C-1] [32mINFO [0;39m o.a.k.c.c.i.ConsumerCoordinator      [ |  | ] - [Consumer clientId=consumer-discodeit-notification-group-2, groupId=discodeit-notification-group] Discovered group coordinator localhost:9092 (id: 2147483646 rack: null)
26-06-19 09:30:55.389 [org.springframework.kafka.KafkaListenerEndpointContainer#1-0-C-1] [32mINFO [0;39m o.a.k.c.c.i.ConsumerCoordinator      [ |  | ] - [Consumer clientId=consumer-discodeit-notification-group-2, groupId=discodeit-notification-group] Group coordinator localhost:9092 (id: 2147483646 rack: null) is unavailable or invalid due to cause: coordinator unavailable. isDisconnected: false. Rediscovery will be attempted.
26-06-19 09:30:55.389 [org.springframework.kafka.KafkaListenerEndpointContainer#1-0-C-1] [32mINFO [0;39m o.a.k.c.c.i.ConsumerCoordinator      [ |  | ] - [Consumer clientId=consumer-discodeit-notification-group-2, groupId=discodeit-notification-group] Requesting disconnect from last known coordinator localhost:9092 (id: 2147483646 rack: null)
26-06-19 09:30:55.408 [org.springframework.kafka.KafkaListenerEndpointContainer#0-0-C-1] [32mINFO [0;39m o.a.k.c.c.i.ConsumerCoordinator      [ |  | ] - [Consumer clientId=consumer-discodeit-notification-group-1, groupId=discodeit-notification-group] Discovered group coordinator localhost:9092 (id: 2147483646 rack: null)
26-06-19 09:30:55.411 [org.springframework.kafka.KafkaListenerEndpointContainer#0-0-C-1] [32mINFO [0;39m o.a.k.c.c.i.ConsumerCoordinator      [ |  | ] - [Consumer clientId=consumer-discodeit-notification-group-1, groupId=discodeit-notification-group] Request joining group due to: rebalance failed due to 'This is not the correct coordinator.' (NotCoordinatorException)
26-06-19 09:30:55.412 [org.springframework.kafka.KafkaListenerEndpointContainer#0-0-C-1] [32mINFO [0;39m o.a.k.c.c.i.ConsumerCoordinator      [ |  | ] - [Consumer clientId=consumer-discodeit-notification-group-1, groupId=discodeit-notification-group] (Re-)joining group
26-06-19 09:30:55.452 [org.springframework.kafka.KafkaListenerEndpointContainer#0-0-C-1] [32mINFO [0;39m o.a.k.c.c.i.ConsumerCoordinator      [ |  | ] - [Consumer clientId=consumer-discodeit-notification-group-1, groupId=discodeit-notification-group] Group coordinator localhost:9092 (id: 2147483646 rack: null) is unavailable or invalid due to cause: error response NOT_COORDINATOR. isDisconnected: false. Rediscovery will be attempted.
26-06-19 09:30:55.453 [org.springframework.kafka.KafkaListenerEndpointContainer#0-0-C-1] [32mINFO [0;39m o.a.k.c.c.i.ConsumerCoordinator      [ |  | ] - [Consumer clientId=consumer-discodeit-notification-group-1, groupId=discodeit-notification-group] Requesting disconnect from last known coordinator localhost:9092 (id: 2147483646 rack: null)
26-06-19 09:30:55.453 [org.springframework.kafka.KafkaListenerEndpointContainer#0-0-C-1] [32mINFO [0;39m o.a.k.c.c.i.ConsumerCoordinator      [ |  | ] - [Consumer clientId=consumer-discodeit-notification-group-1, groupId=discodeit-notification-group] JoinGroup failed: This is not the correct coordinator. Marking coordinator unknown. Sent generation was Generation{generationId=-1, memberId='', protocol='null'}
26-06-19 09:30:55.454 [org.springframework.kafka.KafkaListenerEndpointContainer#0-0-C-1] [32mINFO [0;39m o.apache.kafka.clients.NetworkClient [ |  | ] - [Consumer clientId=consumer-discodeit-notification-group-1, groupId=discodeit-notification-group] Client requested disconnect from node 2147483646
26-06-19 09:30:55.466 [org.springframework.kafka.KafkaListenerEndpointContainer#0-0-C-1] [32mINFO [0;39m o.a.k.c.c.i.ConsumerCoordinator      [ |  | ] - [Consumer clientId=consumer-discodeit-notification-group-1, groupId=discodeit-notification-group] Discovered group coordinator localhost:9092 (id: 2147483646 rack: null)
26-06-19 09:30:55.466 [org.springframework.kafka.KafkaListenerEndpointContainer#0-0-C-1] [32mINFO [0;39m o.a.k.c.c.i.ConsumerCoordinator      [ |  | ] - [Consumer clientId=consumer-discodeit-notification-group-1, groupId=discodeit-notification-group] Group coordinator localhost:9092 (id: 2147483646 rack: null) is unavailable or invalid due to cause: coordinator unavailable. isDisconnected: false. Rediscovery will be attempted.
26-06-19 09:30:55.466 [org.springframework.kafka.KafkaListenerEndpointContainer#0-0-C-1] [32mINFO [0;39m o.a.k.c.c.i.ConsumerCoordinator      [ |  | ] - [Consumer clientId=consumer-discodeit-notification-group-1, groupId=discodeit-notification-group] Requesting disconnect from last known coordinator localhost:9092 (id: 2147483646 rack: null)
26-06-19 09:30:55.479 [org.springframework.kafka.KafkaListenerEndpointContainer#1-0-C-1] [32mINFO [0;39m o.a.k.c.c.i.ConsumerCoordinator      [ |  | ] - [Consumer clientId=consumer-discodeit-notification-group-2, groupId=discodeit-notification-group] Discovered group coordinator localhost:9092 (id: 2147483646 rack: null)
26-06-19 09:30:55.480 [org.springframework.kafka.KafkaListenerEndpointContainer#1-0-C-1] [32mINFO [0;39m o.a.k.c.c.i.ConsumerCoordinator      [ |  | ] - [Consumer clientId=consumer-discodeit-notification-group-2, groupId=discodeit-notification-group] Request joining group due to: rebalance failed due to 'This is not the correct coordinator.' (NotCoordinatorException)
26-06-19 09:30:55.481 [org.springframework.kafka.KafkaListenerEndpointContainer#1-0-C-1] [32mINFO [0;39m o.a.k.c.c.i.ConsumerCoordinator      [ |  | ] - [Consumer clientId=consumer-discodeit-notification-group-2, groupId=discodeit-notification-group] (Re-)joining group
26-06-19 09:30:55.506 [org.springframework.kafka.KafkaListenerEndpointContainer#1-0-C-1] [32mINFO [0;39m o.a.k.c.c.i.ConsumerCoordinator      [ |  | ] - [Consumer clientId=consumer-discodeit-notification-group-2, groupId=discodeit-notification-group] Group coordinator localhost:9092 (id: 2147483646 rack: null) is unavailable or invalid due to cause: error response NOT_COORDINATOR. isDisconnected: false. Rediscovery will be attempted.
26-06-19 09:30:55.507 [org.springframework.kafka.KafkaListenerEndpointContainer#1-0-C-1] [32mINFO [0;39m o.a.k.c.c.i.ConsumerCoordinator      [ |  | ] - [Consumer clientId=consumer-discodeit-notification-group-2, groupId=discodeit-notification-group] Requesting disconnect from last known coordinator localhost:9092 (id: 2147483646 rack: null)
26-06-19 09:30:55.507 [org.springframework.kafka.KafkaListenerEndpointContainer#1-0-C-1] [32mINFO [0;39m o.a.k.c.c.i.ConsumerCoordinator      [ |  | ] - [Consumer clientId=consumer-discodeit-notification-group-2, groupId=discodeit-notification-group] JoinGroup failed: This is not the correct coordinator. Marking coordinator unknown. Sent generation was Generation{generationId=-1, memberId='', protocol='null'}
26-06-19 09:30:55.507 [org.springframework.kafka.KafkaListenerEndpointContainer#1-0-C-1] [32mINFO [0;39m o.apache.kafka.clients.NetworkClient [ |  | ] - [Consumer clientId=consumer-discodeit-notification-group-2, groupId=discodeit-notification-group] Client requested disconnect from node 2147483646
26-06-19 09:30:55.511 [org.springframework.kafka.KafkaListenerEndpointContainer#1-0-C-1] [32mINFO [0;39m o.a.k.c.c.i.ConsumerCoordinator      [ |  | ] - [Consumer clientId=consumer-discodeit-notification-group-2, groupId=discodeit-notification-group] Discovered group coordinator localhost:9092 (id: 2147483646 rack: null)
26-06-19 09:30:55.511 [org.springframework.kafka.KafkaListenerEndpointContainer#1-0-C-1] [32mINFO [0;39m o.a.k.c.c.i.ConsumerCoordinator      [ |  | ] - [Consumer clientId=consumer-discodeit-notification-group-2, groupId=discodeit-notification-group] Group coordinator localhost:9092 (id: 2147483646 rack: null) is unavailable or invalid due to cause: coordinator unavailable. isDisconnected: false. Rediscovery will be attempted.
26-06-19 09:30:55.511 [org.springframework.kafka.KafkaListenerEndpointContainer#1-0-C-1] [32mINFO [0;39m o.a.k.c.c.i.ConsumerCoordinator      [ |  | ] - [Consumer clientId=consumer-discodeit-notification-group-2, groupId=discodeit-notification-group] Requesting disconnect from last known coordinator localhost:9092 (id: 2147483646 rack: null)
26-06-19 09:30:55.582 [org.springframework.kafka.KafkaListenerEndpointContainer#0-0-C-1] [32mINFO [0;39m o.a.k.c.c.i.ConsumerCoordinator      [ |  | ] - [Consumer clientId=consumer-discodeit-notification-group-1, groupId=discodeit-notification-group] Discovered group coordinator localhost:9092 (id: 2147483646 rack: null)
26-06-19 09:30:55.584 [org.springframework.kafka.KafkaListenerEndpointContainer#0-0-C-1] [32mINFO [0;39m o.a.k.c.c.i.ConsumerCoordinator      [ |  | ] - [Consumer clientId=consumer-discodeit-notification-group-1, groupId=discodeit-notification-group] Request joining group due to: rebalance failed due to 'This is not the correct coordinator.' (NotCoordinatorException)
26-06-19 09:30:55.584 [org.springframework.kafka.KafkaListenerEndpointContainer#0-0-C-1] [32mINFO [0;39m o.a.k.c.c.i.ConsumerCoordinator      [ |  | ] - [Consumer clientId=consumer-discodeit-notification-group-1, groupId=discodeit-notification-group] (Re-)joining group
26-06-19 09:30:55.617 [org.springframework.kafka.KafkaListenerEndpointContainer#1-0-C-1] [32mINFO [0;39m o.a.k.c.c.i.ConsumerCoordinator      [ |  | ] - [Consumer clientId=consumer-discodeit-notification-group-2, groupId=discodeit-notification-group] Discovered group coordinator localhost:9092 (id: 2147483646 rack: null)
26-06-19 09:30:55.618 [org.springframework.kafka.KafkaListenerEndpointContainer#1-0-C-1] [32mINFO [0;39m o.a.k.c.c.i.ConsumerCoordinator      [ |  | ] - [Consumer clientId=consumer-discodeit-notification-group-2, groupId=discodeit-notification-group] Request joining group due to: rebalance failed due to 'This is not the correct coordinator.' (NotCoordinatorException)
26-06-19 09:30:55.619 [org.springframework.kafka.KafkaListenerEndpointContainer#1-0-C-1] [32mINFO [0;39m o.a.k.c.c.i.ConsumerCoordinator      [ |  | ] - [Consumer clientId=consumer-discodeit-notification-group-2, groupId=discodeit-notification-group] (Re-)joining group
26-06-19 09:30:55.667 [org.springframework.kafka.KafkaListenerEndpointContainer#0-0-C-1] [32mINFO [0;39m o.a.k.c.c.i.ConsumerCoordinator      [ |  | ] - [Consumer clientId=consumer-discodeit-notification-group-1, groupId=discodeit-notification-group] Group coordinator localhost:9092 (id: 2147483646 rack: null) is unavailable or invalid due to cause: error response NOT_COORDINATOR. isDisconnected: false. Rediscovery will be attempted.
26-06-19 09:30:55.670 [org.springframework.kafka.KafkaListenerEndpointContainer#0-0-C-1] [32mINFO [0;39m o.a.k.c.c.i.ConsumerCoordinator      [ |  | ] - [Consumer clientId=consumer-discodeit-notification-group-1, groupId=discodeit-notification-group] Requesting disconnect from last known coordinator localhost:9092 (id: 2147483646 rack: null)
26-06-19 09:30:55.675 [org.springframework.kafka.KafkaListenerEndpointContainer#0-0-C-1] [32mINFO [0;39m o.a.k.c.c.i.ConsumerCoordinator      [ |  | ] - [Consumer clientId=consumer-discodeit-notification-group-1, groupId=discodeit-notification-group] JoinGroup failed: This is not the correct coordinator. Marking coordinator unknown. Sent generation was Generation{generationId=-1, memberId='', protocol='null'}
26-06-19 09:30:55.676 [org.springframework.kafka.KafkaListenerEndpointContainer#0-0-C-1] [32mINFO [0;39m o.apache.kafka.clients.NetworkClient [ |  | ] - [Consumer clientId=consumer-discodeit-notification-group-1, groupId=discodeit-notification-group] Client requested disconnect from node 2147483646
26-06-19 09:30:55.744 [org.springframework.kafka.KafkaListenerEndpointContainer#0-0-C-1] [32mINFO [0;39m o.a.k.c.c.i.ConsumerCoordinator      [ |  | ] - [Consumer clientId=consumer-discodeit-notification-group-1, groupId=discodeit-notification-group] Discovered group coordinator localhost:9092 (id: 2147483646 rack: null)
26-06-19 09:30:55.746 [org.springframework.kafka.KafkaListenerEndpointContainer#0-0-C-1] [32mINFO [0;39m o.a.k.c.c.i.ConsumerCoordinator      [ |  | ] - [Consumer clientId=consumer-discodeit-notification-group-1, groupId=discodeit-notification-group] Request joining group due to: rebalance failed due to 'This is not the correct coordinator.' (NotCoordinatorException)
26-06-19 09:30:55.746 [org.springframework.kafka.KafkaListenerEndpointContainer#0-0-C-1] [32mINFO [0;39m o.a.k.c.c.i.ConsumerCoordinator      [ |  | ] - [Consumer clientId=consumer-discodeit-notification-group-1, groupId=discodeit-notification-group] (Re-)joining group
26-06-19 09:30:55.751 [org.springframework.kafka.KafkaListenerEndpointContainer#1-0-C-1] [32mINFO [0;39m o.a.k.c.c.i.ConsumerCoordinator      [ |  | ] - [Consumer clientId=consumer-discodeit-notification-group-2, groupId=discodeit-notification-group] Group coordinator localhost:9092 (id: 2147483646 rack: null) is unavailable or invalid due to cause: error response NOT_COORDINATOR. isDisconnected: false. Rediscovery will be attempted.
26-06-19 09:30:55.751 [org.springframework.kafka.KafkaListenerEndpointContainer#1-0-C-1] [32mINFO [0;39m o.a.k.c.c.i.ConsumerCoordinator      [ |  | ] - [Consumer clientId=consumer-discodeit-notification-group-2, groupId=discodeit-notification-group] Requesting disconnect from last known coordinator localhost:9092 (id: 2147483646 rack: null)
26-06-19 09:30:55.751 [org.springframework.kafka.KafkaListenerEndpointContainer#1-0-C-1] [32mINFO [0;39m o.a.k.c.c.i.ConsumerCoordinator      [ |  | ] - [Consumer clientId=consumer-discodeit-notification-group-2, groupId=discodeit-notification-group] JoinGroup failed: This is not the correct coordinator. Marking coordinator unknown. Sent generation was Generation{generationId=-1, memberId='', protocol='null'}
26-06-19 09:30:55.752 [org.springframework.kafka.KafkaListenerEndpointContainer#1-0-C-1] [32mINFO [0;39m o.apache.kafka.clients.NetworkClient [ |  | ] - [Consumer clientId=consumer-discodeit-notification-group-2, groupId=discodeit-notification-group] Client requested disconnect from node 2147483646
26-06-19 09:30:55.766 [org.springframework.kafka.KafkaListenerEndpointContainer#1-0-C-1] [32mINFO [0;39m o.a.k.c.c.i.ConsumerCoordinator      [ |  | ] - [Consumer clientId=consumer-discodeit-notification-group-2, groupId=discodeit-notification-group] Discovered group coordinator localhost:9092 (id: 2147483646 rack: null)
26-06-19 09:30:55.766 [org.springframework.kafka.KafkaListenerEndpointContainer#1-0-C-1] [32mINFO [0;39m o.a.k.c.c.i.ConsumerCoordinator      [ |  | ] - [Consumer clientId=consumer-discodeit-notification-group-2, groupId=discodeit-notification-group] Group coordinator localhost:9092 (id: 2147483646 rack: null) is unavailable or invalid due to cause: coordinator unavailable. isDisconnected: false. Rediscovery will be attempted.
26-06-19 09:30:55.766 [org.springframework.kafka.KafkaListenerEndpointContainer#1-0-C-1] [32mINFO [0;39m o.a.k.c.c.i.ConsumerCoordinator      [ |  | ] - [Consumer clientId=consumer-discodeit-notification-group-2, groupId=discodeit-notification-group] Requesting disconnect from last known coordinator localhost:9092 (id: 2147483646 rack: null)
26-06-19 09:30:55.921 [org.springframework.kafka.KafkaListenerEndpointContainer#1-0-C-1] [32mINFO [0;39m o.a.k.c.c.i.ConsumerCoordinator      [ |  | ] - [Consumer clientId=consumer-discodeit-notification-group-2, groupId=discodeit-notification-group] Discovered group coordinator localhost:9092 (id: 2147483646 rack: null)
26-06-19 09:30:55.923 [org.springframework.kafka.KafkaListenerEndpointContainer#1-0-C-1] [32mINFO [0;39m o.a.k.c.c.i.ConsumerCoordinator      [ |  | ] - [Consumer clientId=consumer-discodeit-notification-group-2, groupId=discodeit-notification-group] Request joining group due to: rebalance failed due to 'This is not the correct coordinator.' (NotCoordinatorException)
26-06-19 09:30:55.925 [org.springframework.kafka.KafkaListenerEndpointContainer#1-0-C-1] [32mINFO [0;39m o.a.k.c.c.i.ConsumerCoordinator      [ |  | ] - [Consumer clientId=consumer-discodeit-notification-group-2, groupId=discodeit-notification-group] (Re-)joining group
26-06-19 09:30:56.075 [org.springframework.kafka.KafkaListenerEndpointContainer#0-0-C-1] [32mINFO [0;39m o.a.k.c.c.i.ConsumerCoordinator      [ |  | ] - [Consumer clientId=consumer-discodeit-notification-group-1, groupId=discodeit-notification-group] Request joining group due to: need to re-join with the given member-id: consumer-discodeit-notification-group-1-63d7fb63-ab41-443c-ada4-11a4b144fdc9
26-06-19 09:30:56.075 [org.springframework.kafka.KafkaListenerEndpointContainer#0-0-C-1] [32mINFO [0;39m o.a.k.c.c.i.ConsumerCoordinator      [ |  | ] - [Consumer clientId=consumer-discodeit-notification-group-1, groupId=discodeit-notification-group] (Re-)joining group
26-06-19 09:30:56.081 [org.springframework.kafka.KafkaListenerEndpointContainer#1-0-C-1] [32mINFO [0;39m o.a.k.c.c.i.ConsumerCoordinator      [ |  | ] - [Consumer clientId=consumer-discodeit-notification-group-2, groupId=discodeit-notification-group] Request joining group due to: need to re-join with the given member-id: consumer-discodeit-notification-group-2-f4d78da5-3d7b-472f-b05a-390f9b0112c0
26-06-19 09:30:56.082 [org.springframework.kafka.KafkaListenerEndpointContainer#1-0-C-1] [32mINFO [0;39m o.a.k.c.c.i.ConsumerCoordinator      [ |  | ] - [Consumer clientId=consumer-discodeit-notification-group-2, groupId=discodeit-notification-group] (Re-)joining group
26-06-19 09:30:56.300 [org.springframework.kafka.KafkaListenerEndpointContainer#0-0-C-1] [32mINFO [0;39m o.a.k.c.c.i.ConsumerCoordinator      [ |  | ] - [Consumer clientId=consumer-discodeit-notification-group-1, groupId=discodeit-notification-group] Successfully joined group with generation Generation{generationId=1, memberId='consumer-discodeit-notification-group-1-63d7fb63-ab41-443c-ada4-11a4b144fdc9', protocol='range'}
26-06-19 09:30:56.300 [org.springframework.kafka.KafkaListenerEndpointContainer#1-0-C-1] [32mINFO [0;39m o.a.k.c.c.i.ConsumerCoordinator      [ |  | ] - [Consumer clientId=consumer-discodeit-notification-group-2, groupId=discodeit-notification-group] Successfully joined group with generation Generation{generationId=1, memberId='consumer-discodeit-notification-group-2-f4d78da5-3d7b-472f-b05a-390f9b0112c0', protocol='range'}
26-06-19 09:30:56.369 [org.springframework.kafka.KafkaListenerEndpointContainer#0-0-C-1] [32mINFO [0;39m o.a.k.c.c.i.ConsumerCoordinator      [ |  | ] - [Consumer clientId=consumer-discodeit-notification-group-1, groupId=discodeit-notification-group] Finished assignment for group at generation 1: {consumer-discodeit-notification-group-1-63d7fb63-ab41-443c-ada4-11a4b144fdc9=Assignment(partitions=[discodeit.MessageCreatedEvent-0]), consumer-discodeit-notification-group-2-f4d78da5-3d7b-472f-b05a-390f9b0112c0=Assignment(partitions=[discodeit.RoleUpdatedEvent-0])}
26-06-19 09:30:56.547 [org.springframework.kafka.KafkaListenerEndpointContainer#1-0-C-1] [32mINFO [0;39m o.a.k.c.c.i.ConsumerCoordinator      [ |  | ] - [Consumer clientId=consumer-discodeit-notification-group-2, groupId=discodeit-notification-group] Successfully synced group in generation Generation{generationId=1, memberId='consumer-discodeit-notification-group-2-f4d78da5-3d7b-472f-b05a-390f9b0112c0', protocol='range'}
26-06-19 09:30:56.548 [org.springframework.kafka.KafkaListenerEndpointContainer#0-0-C-1] [32mINFO [0;39m o.a.k.c.c.i.ConsumerCoordinator      [ |  | ] - [Consumer clientId=consumer-discodeit-notification-group-1, groupId=discodeit-notification-group] Successfully synced group in generation Generation{generationId=1, memberId='consumer-discodeit-notification-group-1-63d7fb63-ab41-443c-ada4-11a4b144fdc9', protocol='range'}
26-06-19 09:30:56.548 [org.springframework.kafka.KafkaListenerEndpointContainer#1-0-C-1] [32mINFO [0;39m o.a.k.c.c.i.ConsumerCoordinator      [ |  | ] - [Consumer clientId=consumer-discodeit-notification-group-2, groupId=discodeit-notification-group] Notifying assignor about the new Assignment(partitions=[discodeit.RoleUpdatedEvent-0])
26-06-19 09:30:56.548 [org.springframework.kafka.KafkaListenerEndpointContainer#0-0-C-1] [32mINFO [0;39m o.a.k.c.c.i.ConsumerCoordinator      [ |  | ] - [Consumer clientId=consumer-discodeit-notification-group-1, groupId=discodeit-notification-group] Notifying assignor about the new Assignment(partitions=[discodeit.MessageCreatedEvent-0])
26-06-19 09:30:56.554 [org.springframework.kafka.KafkaListenerEndpointContainer#0-0-C-1] [32mINFO [0;39m o.a.k.c.c.i.ConsumerRebalanceListenerInvoker [ |  | ] - [Consumer clientId=consumer-discodeit-notification-group-1, groupId=discodeit-notification-group] Adding newly assigned partitions: discodeit.MessageCreatedEvent-0
26-06-19 09:30:56.554 [org.springframework.kafka.KafkaListenerEndpointContainer#1-0-C-1] [32mINFO [0;39m o.a.k.c.c.i.ConsumerRebalanceListenerInvoker [ |  | ] - [Consumer clientId=consumer-discodeit-notification-group-2, groupId=discodeit-notification-group] Adding newly assigned partitions: discodeit.RoleUpdatedEvent-0
26-06-19 09:30:56.683 [org.springframework.kafka.KafkaListenerEndpointContainer#1-0-C-1] [32mINFO [0;39m o.a.k.c.c.i.ConsumerCoordinator      [ |  | ] - [Consumer clientId=consumer-discodeit-notification-group-2, groupId=discodeit-notification-group] Found no committed offset for partition discodeit.RoleUpdatedEvent-0
26-06-19 09:30:56.683 [org.springframework.kafka.KafkaListenerEndpointContainer#0-0-C-1] [32mINFO [0;39m o.a.k.c.c.i.ConsumerCoordinator      [ |  | ] - [Consumer clientId=consumer-discodeit-notification-group-1, groupId=discodeit-notification-group] Found no committed offset for partition discodeit.MessageCreatedEvent-0
26-06-19 09:30:56.774 [org.springframework.kafka.KafkaListenerEndpointContainer#0-0-C-1] [32mINFO [0;39m o.a.k.c.c.i.SubscriptionState        [ |  | ] - [Consumer clientId=consumer-discodeit-notification-group-1, groupId=discodeit-notification-group] Resetting offset for partition discodeit.MessageCreatedEvent-0 to position FetchPosition{offset=0, offsetEpoch=Optional.empty, currentLeader=LeaderAndEpoch{leader=Optional[localhost:9092 (id: 1 rack: null)], epoch=0}}.
26-06-19 09:30:56.774 [org.springframework.kafka.KafkaListenerEndpointContainer#1-0-C-1] [32mINFO [0;39m o.a.k.c.c.i.SubscriptionState        [ |  | ] - [Consumer clientId=consumer-discodeit-notification-group-2, groupId=discodeit-notification-group] Resetting offset for partition discodeit.RoleUpdatedEvent-0 to position FetchPosition{offset=0, offsetEpoch=Optional.empty, currentLeader=LeaderAndEpoch{leader=Optional[localhost:9092 (id: 1 rack: null)], epoch=0}}.
26-06-19 09:30:56.777 [org.springframework.kafka.KafkaListenerEndpointContainer#1-0-C-1] [32mINFO [0;39m o.s.k.l.KafkaMessageListenerContainer [ |  | ] - discodeit-notification-group: partitions assigned: [discodeit.RoleUpdatedEvent-0]
26-06-19 09:30:56.777 [org.springframework.kafka.KafkaListenerEndpointContainer#0-0-C-1] [32mINFO [0;39m o.s.k.l.KafkaMessageListenerContainer [ |  | ] - discodeit-notification-group: partitions assigned: [discodeit.MessageCreatedEvent-0]
26-06-19 09:31:51.550 [MessageBroker-3] [32mINFO [0;39m o.s.w.s.c.WebSocketMessageBrokerStats [ |  | ] - WebSocketSession[0 current WS(0)-HttpStream(0)-HttpPoll(0), 0 total, 0 closed abnormally (0 connect failure, 0 send limit, 0 transport error)], stompSubProtocol[processed CONNECT(0)-CONNECTED(0)-DISCONNECT(0)], stompBrokerRelay[null], inboundChannel[pool size = 0, active threads = 0, queued tasks = 0, completed tasks = 0], outboundChannel[pool size = 0, active threads = 0, queued tasks = 0, completed tasks = 0], sockJsScheduler[pool size = 5, active threads = 1, queued tasks = 2, completed tasks = 2]
26-06-19 09:31:56.091 [org.springframework.kafka.KafkaListenerEndpointContainer#0-0-C-1] [32mINFO [0;39m o.a.k.c.c.i.ConsumerRebalanceListenerInvoker [ |  | ] - [Consumer clientId=consumer-discodeit-notification-group-1, groupId=discodeit-notification-group] Revoke previously assigned partitions discodeit.MessageCreatedEvent-0
26-06-19 09:31:56.091 [org.springframework.kafka.KafkaListenerEndpointContainer#1-0-C-1] [32mINFO [0;39m o.a.k.c.c.i.ConsumerRebalanceListenerInvoker [ |  | ] - [Consumer clientId=consumer-discodeit-notification-group-2, groupId=discodeit-notification-group] Revoke previously assigned partitions discodeit.RoleUpdatedEvent-0
26-06-19 09:31:56.096 [org.springframework.kafka.KafkaListenerEndpointContainer#0-0-C-1] [32mINFO [0;39m o.s.k.l.KafkaMessageListenerContainer [ |  | ] - discodeit-notification-group: partitions revoked: [discodeit.MessageCreatedEvent-0]
26-06-19 09:31:56.096 [org.springframework.kafka.KafkaListenerEndpointContainer#1-0-C-1] [32mINFO [0;39m o.s.k.l.KafkaMessageListenerContainer [ |  | ] - discodeit-notification-group: partitions revoked: [discodeit.RoleUpdatedEvent-0]
26-06-19 09:31:56.098 [org.springframework.kafka.KafkaListenerEndpointContainer#0-0-C-1] [32mINFO [0;39m o.a.k.c.c.i.ConsumerCoordinator      [ |  | ] - [Consumer clientId=consumer-discodeit-notification-group-1, groupId=discodeit-notification-group] Member consumer-discodeit-notification-group-1-63d7fb63-ab41-443c-ada4-11a4b144fdc9 sending LeaveGroup request to coordinator localhost:9092 (id: 2147483646 rack: null) due to the consumer unsubscribed from all topics
26-06-19 09:31:56.098 [org.springframework.kafka.KafkaListenerEndpointContainer#1-0-C-1] [32mINFO [0;39m o.a.k.c.c.i.ConsumerCoordinator      [ |  | ] - [Consumer clientId=consumer-discodeit-notification-group-2, groupId=discodeit-notification-group] Member consumer-discodeit-notification-group-2-f4d78da5-3d7b-472f-b05a-390f9b0112c0 sending LeaveGroup request to coordinator localhost:9092 (id: 2147483646 rack: null) due to the consumer unsubscribed from all topics
26-06-19 09:31:56.099 [org.springframework.kafka.KafkaListenerEndpointContainer#1-0-C-1] [32mINFO [0;39m o.a.k.c.c.i.ConsumerCoordinator      [ |  | ] - [Consumer clientId=consumer-discodeit-notification-group-2, groupId=discodeit-notification-group] Resetting generation and member id due to: consumer pro-actively leaving the group
26-06-19 09:31:56.099 [org.springframework.kafka.KafkaListenerEndpointContainer#0-0-C-1] [32mINFO [0;39m o.a.k.c.c.i.ConsumerCoordinator      [ |  | ] - [Consumer clientId=consumer-discodeit-notification-group-1, groupId=discodeit-notification-group] Resetting generation and member id due to: consumer pro-actively leaving the group
26-06-19 09:31:56.099 [org.springframework.kafka.KafkaListenerEndpointContainer#0-0-C-1] [32mINFO [0;39m o.a.k.c.c.i.ConsumerCoordinator      [ |  | ] - [Consumer clientId=consumer-discodeit-notification-group-1, groupId=discodeit-notification-group] Request joining group due to: consumer pro-actively leaving the group
26-06-19 09:31:56.099 [org.springframework.kafka.KafkaListenerEndpointContainer#1-0-C-1] [32mINFO [0;39m o.a.k.c.c.i.ConsumerCoordinator      [ |  | ] - [Consumer clientId=consumer-discodeit-notification-group-2, groupId=discodeit-notification-group] Request joining group due to: consumer pro-actively leaving the group
26-06-19 09:31:56.099 [org.springframework.kafka.KafkaListenerEndpointContainer#0-0-C-1] [32mINFO [0;39m o.a.k.c.c.i.LegacyKafkaConsumer      [ |  | ] - [Consumer clientId=consumer-discodeit-notification-group-1, groupId=discodeit-notification-group] Unsubscribed all topics or patterns and assigned partitions
26-06-19 09:31:56.099 [org.springframework.kafka.KafkaListenerEndpointContainer#1-0-C-1] [32mINFO [0;39m o.a.k.c.c.i.LegacyKafkaConsumer      [ |  | ] - [Consumer clientId=consumer-discodeit-notification-group-2, groupId=discodeit-notification-group] Unsubscribed all topics or patterns and assigned partitions
26-06-19 09:31:56.107 [org.springframework.kafka.KafkaListenerEndpointContainer#1-0-C-1] [32mINFO [0;39m o.a.k.c.c.i.ConsumerCoordinator      [ |  | ] - [Consumer clientId=consumer-discodeit-notification-group-2, groupId=discodeit-notification-group] Resetting generation and member id due to: consumer pro-actively leaving the group
26-06-19 09:31:56.108 [org.springframework.kafka.KafkaListenerEndpointContainer#1-0-C-1] [32mINFO [0;39m o.a.k.c.c.i.ConsumerCoordinator      [ |  | ] - [Consumer clientId=consumer-discodeit-notification-group-2, groupId=discodeit-notification-group] Request joining group due to: consumer pro-actively leaving the group
26-06-19 09:31:56.107 [org.springframework.kafka.KafkaListenerEndpointContainer#0-0-C-1] [32mINFO [0;39m o.a.k.c.c.i.ConsumerCoordinator      [ |  | ] - [Consumer clientId=consumer-discodeit-notification-group-1, groupId=discodeit-notification-group] Resetting generation and member id due to: consumer pro-actively leaving the group
26-06-19 09:31:56.108 [org.springframework.kafka.KafkaListenerEndpointContainer#0-0-C-1] [32mINFO [0;39m o.a.k.c.c.i.ConsumerCoordinator      [ |  | ] - [Consumer clientId=consumer-discodeit-notification-group-1, groupId=discodeit-notification-group] Request joining group due to: consumer pro-actively leaving the group
26-06-19 09:31:56.159 [org.springframework.kafka.KafkaListenerEndpointContainer#1-0-C-1] [32mINFO [0;39m o.a.kafka.common.metrics.Metrics     [ |  | ] - Metrics scheduler closed
26-06-19 09:31:56.159 [org.springframework.kafka.KafkaListenerEndpointContainer#1-0-C-1] [32mINFO [0;39m o.a.kafka.common.metrics.Metrics     [ |  | ] - Closing reporter org.apache.kafka.common.metrics.JmxReporter
26-06-19 09:31:56.159 [org.springframework.kafka.KafkaListenerEndpointContainer#0-0-C-1] [32mINFO [0;39m o.a.kafka.common.metrics.Metrics     [ |  | ] - Metrics scheduler closed
26-06-19 09:31:56.159 [org.springframework.kafka.KafkaListenerEndpointContainer#0-0-C-1] [32mINFO [0;39m o.a.kafka.common.metrics.Metrics     [ |  | ] - Closing reporter org.apache.kafka.common.metrics.JmxReporter
26-06-19 09:31:56.159 [org.springframework.kafka.KafkaListenerEndpointContainer#1-0-C-1] [32mINFO [0;39m o.a.kafka.common.metrics.Metrics     [ |  | ] - Closing reporter org.apache.kafka.common.telemetry.internals.ClientTelemetryReporter
26-06-19 09:31:56.159 [org.springframework.kafka.KafkaListenerEndpointContainer#0-0-C-1] [32mINFO [0;39m o.a.kafka.common.metrics.Metrics     [ |  | ] - Closing reporter org.apache.kafka.common.telemetry.internals.ClientTelemetryReporter
26-06-19 09:31:56.159 [org.springframework.kafka.KafkaListenerEndpointContainer#1-0-C-1] [32mINFO [0;39m o.a.kafka.common.metrics.Metrics     [ |  | ] - Metrics reporters closed
26-06-19 09:31:56.159 [org.springframework.kafka.KafkaListenerEndpointContainer#0-0-C-1] [32mINFO [0;39m o.a.kafka.common.metrics.Metrics     [ |  | ] - Metrics reporters closed
26-06-19 09:31:56.171 [org.springframework.kafka.KafkaListenerEndpointContainer#1-0-C-1] [32mINFO [0;39m o.a.kafka.common.utils.AppInfoParser [ |  | ] - App info kafka.consumer for consumer-discodeit-notification-group-2 unregistered
26-06-19 09:31:56.171 [org.springframework.kafka.KafkaListenerEndpointContainer#0-0-C-1] [32mINFO [0;39m o.a.kafka.common.utils.AppInfoParser [ |  | ] - App info kafka.consumer for consumer-discodeit-notification-group-1 unregistered
26-06-19 09:31:56.193 [org.springframework.kafka.KafkaListenerEndpointContainer#1-0-C-1] [32mINFO [0;39m o.s.k.l.KafkaMessageListenerContainer [ |  | ] - discodeit-notification-group: Consumer stopped
26-06-19 09:31:56.196 [org.springframework.kafka.KafkaListenerEndpointContainer#0-0-C-1] [32mINFO [0;39m o.s.k.l.KafkaMessageListenerContainer [ |  | ] - discodeit-notification-group: Consumer stopped
26-06-19 09:31:56.197 [SpringApplicationShutdownHook] [32mINFO [0;39m o.s.b.w.e.tomcat.GracefulShutdown    [ |  | ] - Commencing graceful shutdown. Waiting for active requests to complete
26-06-19 09:31:56.215 [tomcat-shutdown] [32mINFO [0;39m o.s.b.w.e.tomcat.GracefulShutdown    [ |  | ] - Graceful shutdown complete
26-06-19 09:31:56.256 [SpringApplicationShutdownHook] [32mINFO [0;39m o.s.m.s.b.SimpleBrokerMessageHandler [ |  | ] - Stopping...
26-06-19 09:31:56.256 [SpringApplicationShutdownHook] [32mINFO [0;39m o.s.m.s.b.SimpleBrokerMessageHandler [ |  | ] - BrokerAvailabilityEvent[available=false, SimpleBrokerMessageHandler [org.springframework.messaging.simp.broker.DefaultSubscriptionRegistry@344d9421]]
26-06-19 09:31:56.256 [SpringApplicationShutdownHook] [32mINFO [0;39m o.s.m.s.b.SimpleBrokerMessageHandler [ |  | ] - Stopped.
26-06-19 09:31:56.422 [SpringApplicationShutdownHook] [32mINFO [0;39m o.s.o.j.LocalContainerEntityManagerFactoryBean [ |  | ] - Closing JPA EntityManagerFactory for persistence unit 'default'
26-06-19 09:31:56.441 [SpringApplicationShutdownHook] [32mINFO [0;39m com.zaxxer.hikari.HikariDataSource   [ |  | ] - HikariPool-1 - Shutdown initiated...
26-06-19 09:31:56.458 [SpringApplicationShutdownHook] [32mINFO [0;39m com.zaxxer.hikari.HikariDataSource   [ |  | ] - HikariPool-1 - Shutdown completed.
26-06-19 09:32:08.754 [background-preinit] [32mINFO [0;39m o.h.validator.internal.util.Version  [ |  | ] - HV000001: Hibernate Validator 8.0.1.Final
26-06-19 09:32:08.860 [main] [32mINFO [0;39m c.s.m.discodeit.DiscodeitApplication [ |  | ] - Starting DiscodeitApplication using Java 17.0.18 with PID 27899 (/Users/apple/IdeaProjects/temp/9-sprint-mission/discodeit/build/classes/java/main started by apple in /Users/apple/IdeaProjects/temp/9-sprint-mission)
26-06-19 09:32:08.862 [main] [32mDEBUG[0;39m c.s.m.discodeit.DiscodeitApplication [ |  | ] - Running with Spring Boot v3.4.0, Spring v6.2.0
26-06-19 09:32:08.864 [main] [32mINFO [0;39m c.s.m.discodeit.DiscodeitApplication [ |  | ] - The following 1 profile is active: "dev"
26-06-19 09:32:16.263 [main] [32mINFO [0;39m o.s.d.r.c.RepositoryConfigurationDelegate [ |  | ] - Multiple Spring Data modules found, entering strict repository configuration mode
26-06-19 09:32:16.271 [main] [32mINFO [0;39m o.s.d.r.c.RepositoryConfigurationDelegate [ |  | ] - Bootstrapping Spring Data JPA repositories in DEFAULT mode.
26-06-19 09:32:17.681 [main] [32mINFO [0;39m o.s.d.r.c.RepositoryConfigurationDelegate [ |  | ] - Finished Spring Data repository scanning in 1356 ms. Found 7 JPA repository interfaces.
26-06-19 09:32:17.785 [main] [32mINFO [0;39m o.s.d.r.c.RepositoryConfigurationDelegate [ |  | ] - Multiple Spring Data modules found, entering strict repository configuration mode
26-06-19 09:32:17.789 [main] [32mINFO [0;39m o.s.d.r.c.RepositoryConfigurationDelegate [ |  | ] - Bootstrapping Spring Data Redis repositories in DEFAULT mode.
26-06-19 09:32:17.893 [main] [32mINFO [0;39m o.s.d.r.c.RepositoryConfigurationExtensionSupport [ |  | ] - Spring Data Redis - Could not safely identify store assignment for repository candidate interface com.sprint.mission.discodeit.repository.BinaryContentRepository; If you want this repository to be a Redis repository, consider annotating your entities with one of these annotations: org.springframework.data.redis.core.RedisHash (preferred), or consider extending one of the following types with your repository: org.springframework.data.keyvalue.repository.KeyValueRepository
26-06-19 09:32:17.894 [main] [32mINFO [0;39m o.s.d.r.c.RepositoryConfigurationExtensionSupport [ |  | ] - Spring Data Redis - Could not safely identify store assignment for repository candidate interface com.sprint.mission.discodeit.repository.ChannelRepository; If you want this repository to be a Redis repository, consider annotating your entities with one of these annotations: org.springframework.data.redis.core.RedisHash (preferred), or consider extending one of the following types with your repository: org.springframework.data.keyvalue.repository.KeyValueRepository
26-06-19 09:32:17.895 [main] [32mINFO [0;39m o.s.d.r.c.RepositoryConfigurationExtensionSupport [ |  | ] - Spring Data Redis - Could not safely identify store assignment for repository candidate interface com.sprint.mission.discodeit.repository.MessageRepository; If you want this repository to be a Redis repository, consider annotating your entities with one of these annotations: org.springframework.data.redis.core.RedisHash (preferred), or consider extending one of the following types with your repository: org.springframework.data.keyvalue.repository.KeyValueRepository
26-06-19 09:32:17.896 [main] [32mINFO [0;39m o.s.d.r.c.RepositoryConfigurationExtensionSupport [ |  | ] - Spring Data Redis - Could not safely identify store assignment for repository candidate interface com.sprint.mission.discodeit.repository.NotificationRepository; If you want this repository to be a Redis repository, consider annotating your entities with one of these annotations: org.springframework.data.redis.core.RedisHash (preferred), or consider extending one of the following types with your repository: org.springframework.data.keyvalue.repository.KeyValueRepository
26-06-19 09:32:17.897 [main] [32mINFO [0;39m o.s.d.r.c.RepositoryConfigurationExtensionSupport [ |  | ] - Spring Data Redis - Could not safely identify store assignment for repository candidate interface com.sprint.mission.discodeit.repository.ReadStatusRepository; If you want this repository to be a Redis repository, consider annotating your entities with one of these annotations: org.springframework.data.redis.core.RedisHash (preferred), or consider extending one of the following types with your repository: org.springframework.data.keyvalue.repository.KeyValueRepository
26-06-19 09:32:17.898 [main] [32mINFO [0;39m o.s.d.r.c.RepositoryConfigurationExtensionSupport [ |  | ] - Spring Data Redis - Could not safely identify store assignment for repository candidate interface com.sprint.mission.discodeit.repository.UserRepository; If you want this repository to be a Redis repository, consider annotating your entities with one of these annotations: org.springframework.data.redis.core.RedisHash (preferred), or consider extending one of the following types with your repository: org.springframework.data.keyvalue.repository.KeyValueRepository
26-06-19 09:32:17.899 [main] [32mINFO [0;39m o.s.d.r.c.RepositoryConfigurationExtensionSupport [ |  | ] - Spring Data Redis - Could not safely identify store assignment for repository candidate interface com.sprint.mission.discodeit.repository.jpa.JpaChannelRepository; If you want this repository to be a Redis repository, consider annotating your entities with one of these annotations: org.springframework.data.redis.core.RedisHash (preferred), or consider extending one of the following types with your repository: org.springframework.data.keyvalue.repository.KeyValueRepository
26-06-19 09:32:17.900 [main] [32mINFO [0;39m o.s.d.r.c.RepositoryConfigurationDelegate [ |  | ] - Finished Spring Data repository scanning in 64 ms. Found 0 Redis repository interfaces.
26-06-19 09:32:26.346 [main] [32mINFO [0;39m o.s.b.w.e.tomcat.TomcatWebServer     [ |  | ] - Tomcat initialized with port 8080 (http)
26-06-19 09:32:26.546 [main] [32mINFO [0;39m o.s.b.w.s.c.ServletWebServerApplicationContext [ |  | ] - Root WebApplicationContext: initialization completed in 17555 ms
26-06-19 09:32:28.223 [main] [32mINFO [0;39m com.zaxxer.hikari.HikariDataSource   [ |  | ] - HikariPool-1 - Starting...
26-06-19 09:32:28.334 [main] [32mINFO [0;39m com.zaxxer.hikari.pool.HikariPool    [ |  | ] - HikariPool-1 - Added connection org.postgresql.jdbc.PgConnection@7b38db21
26-06-19 09:32:28.335 [main] [32mINFO [0;39m com.zaxxer.hikari.HikariDataSource   [ |  | ] - HikariPool-1 - Start completed.
26-06-19 09:32:28.478 [main] [32mINFO [0;39m o.h.jpa.internal.util.LogHelper      [ |  | ] - HHH000204: Processing PersistenceUnitInfo [name: default]
26-06-19 09:32:28.544 [main] [32mINFO [0;39m org.hibernate.Version                [ |  | ] - HHH000412: Hibernate ORM core version 6.6.2.Final
26-06-19 09:32:28.611 [main] [32mINFO [0;39m o.h.c.i.RegionFactoryInitiator       [ |  | ] - HHH000026: Second-level cache disabled
26-06-19 09:32:28.977 [main] [32mINFO [0;39m o.s.o.j.p.SpringPersistenceUnitInfo  [ |  | ] - No LoadTimeWeaver setup: ignoring JPA class transformer
26-06-19 09:32:29.083 [main] [32mINFO [0;39m o.hibernate.orm.connections.pooling  [ |  | ] - HHH10001005: Database info:
	Database JDBC URL [Connecting through datasource 'HikariDataSource (HikariPool-1)']
	Database driver: undefined/unknown
	Database version: 14.21
	Autocommit mode: undefined/unknown
	Isolation level: undefined/unknown
	Minimum pool size: undefined/unknown
	Maximum pool size: undefined/unknown
26-06-19 09:32:30.414 [main] [32mINFO [0;39m o.h.e.t.j.p.i.JtaPlatformInitiator   [ |  | ] - HHH000489: No JTA platform available (set 'hibernate.transaction.jta.platform' to enable JTA platform integration)
26-06-19 09:32:30.471 [main] [32mINFO [0;39m o.s.o.j.LocalContainerEntityManagerFactoryBean [ |  | ] - Initialized JPA EntityManagerFactory for persistence unit 'default'
26-06-19 09:32:30.845 [main] [32mINFO [0;39m o.s.d.j.r.query.QueryEnhancerFactory [ |  | ] - Hibernate is in classpath; If applicable, HQL parser will be used.
26-06-19 09:32:31.401 [main] [32mDEBUG[0;39m c.s.m.d.s.f.JwtAuthenticationFilter  [ |  | ] - Filter 'jwtAuthenticationFilter' configured for use
26-06-19 09:32:33.000 [main] [32mTRACE[0;39m o.s.s.c.a.a.c.AuthenticationConfiguration$EnableGlobalAuthenticationAutowiredConfigurer [ |  | ] - Eagerly initializing {securityConfig=com.sprint.mission.discodeit.config.SecurityConfig$$SpringCGLIB$$0@68d751bf}
26-06-19 09:32:33.013 [main] [32mINFO [0;39m o.s.s.c.a.a.c.InitializeUserDetailsBeanManagerConfigurer$InitializeUserDetailsManagerConfigurer [ |  | ] - Global AuthenticationManager configured with UserDetailsService bean with name discodeitUserDetailsService
26-06-19 09:32:33.335 [main] [32mINFO [0;39m o.s.b.a.w.s.WelcomePageHandlerMapping [ |  | ] - Adding welcome page: class path resource [static/index.html]
26-06-19 09:32:34.111 [main] [32mINFO [0;39m o.s.b.a.e.web.EndpointLinksResolver  [ |  | ] - Exposing 4 endpoints beneath base path '/actuator'
26-06-19 09:32:34.405 [main] [32mDEBUG[0;39m o.s.s.web.DefaultSecurityFilterChain [ |  | ] - Will secure any request with filters: DisableEncodeUrlFilter, WebAsyncManagerIntegrationFilter, SecurityContextHolderFilter, HeaderWriterFilter, CsrfFilter, LogoutFilter, JwtAuthenticationFilter, UsernamePasswordAuthenticationFilter, RequestCacheAwareFilter, SecurityContextHolderAwareRequestFilter, RememberMeAuthenticationFilter, AnonymousAuthenticationFilter, SessionManagementFilter, ExceptionTranslationFilter, AuthorizationFilter
26-06-19 09:32:36.584 [main] [32mINFO [0;39m o.s.m.s.b.SimpleBrokerMessageHandler [ |  | ] - Starting...
26-06-19 09:32:36.586 [main] [32mINFO [0;39m o.s.m.s.b.SimpleBrokerMessageHandler [ |  | ] - BrokerAvailabilityEvent[available=true, SimpleBrokerMessageHandler [org.springframework.messaging.simp.broker.DefaultSubscriptionRegistry@4afca05f]]
26-06-19 09:32:36.587 [main] [32mINFO [0;39m o.s.m.s.b.SimpleBrokerMessageHandler [ |  | ] - Started.
26-06-19 09:32:36.610 [main] [32mINFO [0;39m o.s.b.w.e.tomcat.TomcatWebServer     [ |  | ] - Tomcat started on port 8080 (http) with context path '/'
26-06-19 09:32:36.655 [main] [32mINFO [0;39m o.a.k.c.consumer.ConsumerConfig      [ |  | ] - ConsumerConfig values: 
	allow.auto.create.topics = true
	auto.commit.interval.ms = 5000
	auto.include.jmx.reporter = true
	auto.offset.reset = earliest
	bootstrap.servers = [localhost:9092]
	check.crcs = true
	client.dns.lookup = use_all_dns_ips
	client.id = consumer-discodeit-notification-group-1
	client.rack = 
	connections.max.idle.ms = 540000
	default.api.timeout.ms = 60000
	enable.auto.commit = false
	enable.metrics.push = true
	exclude.internal.topics = true
	fetch.max.bytes = 52428800
	fetch.max.wait.ms = 500
	fetch.min.bytes = 1
	group.id = discodeit-notification-group
	group.instance.id = null
	group.protocol = classic
	group.remote.assignor = null
	heartbeat.interval.ms = 3000
	interceptor.classes = []
	internal.leave.group.on.close = true
	internal.throw.on.fetch.stable.offset.unsupported = false
	isolation.level = read_uncommitted
	key.deserializer = class org.apache.kafka.common.serialization.StringDeserializer
	max.partition.fetch.bytes = 1048576
	max.poll.interval.ms = 300000
	max.poll.records = 500
	metadata.max.age.ms = 300000
	metadata.recovery.strategy = none
	metric.reporters = []
	metrics.num.samples = 2
	metrics.recording.level = INFO
	metrics.sample.window.ms = 30000
	partition.assignment.strategy = [class org.apache.kafka.clients.consumer.RangeAssignor, class org.apache.kafka.clients.consumer.CooperativeStickyAssignor]
	receive.buffer.bytes = 65536
	reconnect.backoff.max.ms = 1000
	reconnect.backoff.ms = 50
	request.timeout.ms = 30000
	retry.backoff.max.ms = 1000
	retry.backoff.ms = 100
	sasl.client.callback.handler.class = null
	sasl.jaas.config = null
	sasl.kerberos.kinit.cmd = /usr/bin/kinit
	sasl.kerberos.min.time.before.relogin = 60000
	sasl.kerberos.service.name = null
	sasl.kerberos.ticket.renew.jitter = 0.05
	sasl.kerberos.ticket.renew.window.factor = 0.8
	sasl.login.callback.handler.class = null
	sasl.login.class = null
	sasl.login.connect.timeout.ms = null
	sasl.login.read.timeout.ms = null
	sasl.login.refresh.buffer.seconds = 300
	sasl.login.refresh.min.period.seconds = 60
	sasl.login.refresh.window.factor = 0.8
	sasl.login.refresh.window.jitter = 0.05
	sasl.login.retry.backoff.max.ms = 10000
	sasl.login.retry.backoff.ms = 100
	sasl.mechanism = GSSAPI
	sasl.oauthbearer.clock.skew.seconds = 30
	sasl.oauthbearer.expected.audience = null
	sasl.oauthbearer.expected.issuer = null
	sasl.oauthbearer.jwks.endpoint.refresh.ms = 3600000
	sasl.oauthbearer.jwks.endpoint.retry.backoff.max.ms = 10000
	sasl.oauthbearer.jwks.endpoint.retry.backoff.ms = 100
	sasl.oauthbearer.jwks.endpoint.url = null
	sasl.oauthbearer.scope.claim.name = scope
	sasl.oauthbearer.sub.claim.name = sub
	sasl.oauthbearer.token.endpoint.url = null
	security.protocol = PLAINTEXT
	security.providers = null
	send.buffer.bytes = 131072
	session.timeout.ms = 45000
	socket.connection.setup.timeout.max.ms = 30000
	socket.connection.setup.timeout.ms = 10000
	ssl.cipher.suites = null
	ssl.enabled.protocols = [TLSv1.2, TLSv1.3]
	ssl.endpoint.identification.algorithm = https
	ssl.engine.factory.class = null
	ssl.key.password = null
	ssl.keymanager.algorithm = SunX509
	ssl.keystore.certificate.chain = null
	ssl.keystore.key = null
	ssl.keystore.location = null
	ssl.keystore.password = null
	ssl.keystore.type = JKS
	ssl.protocol = TLSv1.3
	ssl.provider = null
	ssl.secure.random.implementation = null
	ssl.trustmanager.algorithm = PKIX
	ssl.truststore.certificates = null
	ssl.truststore.location = null
	ssl.truststore.password = null
	ssl.truststore.type = JKS
	value.deserializer = class org.apache.kafka.common.serialization.StringDeserializer

26-06-19 09:32:36.719 [main] [32mINFO [0;39m o.a.k.c.t.i.KafkaMetricsCollector    [ |  | ] - initializing Kafka metrics collector
26-06-19 09:32:36.803 [main] [32mINFO [0;39m o.a.kafka.common.utils.AppInfoParser [ |  | ] - Kafka version: 3.8.1
26-06-19 09:32:36.803 [main] [32mINFO [0;39m o.a.kafka.common.utils.AppInfoParser [ |  | ] - Kafka commitId: 70d6ff42debf7e17
26-06-19 09:32:36.803 [main] [32mINFO [0;39m o.a.kafka.common.utils.AppInfoParser [ |  | ] - Kafka startTimeMs: 1781829156800
26-06-19 09:32:36.814 [main] [32mINFO [0;39m o.a.k.c.c.i.LegacyKafkaConsumer      [ |  | ] - [Consumer clientId=consumer-discodeit-notification-group-1, groupId=discodeit-notification-group] Subscribed to topic(s): discodeit.MessageCreatedEvent
26-06-19 09:32:36.822 [main] [32mINFO [0;39m o.a.k.c.consumer.ConsumerConfig      [ |  | ] - ConsumerConfig values: 
	allow.auto.create.topics = true
	auto.commit.interval.ms = 5000
	auto.include.jmx.reporter = true
	auto.offset.reset = earliest
	bootstrap.servers = [localhost:9092]
	check.crcs = true
	client.dns.lookup = use_all_dns_ips
	client.id = consumer-discodeit-notification-group-2
	client.rack = 
	connections.max.idle.ms = 540000
	default.api.timeout.ms = 60000
	enable.auto.commit = false
	enable.metrics.push = true
	exclude.internal.topics = true
	fetch.max.bytes = 52428800
	fetch.max.wait.ms = 500
	fetch.min.bytes = 1
	group.id = discodeit-notification-group
	group.instance.id = null
	group.protocol = classic
	group.remote.assignor = null
	heartbeat.interval.ms = 3000
	interceptor.classes = []
	internal.leave.group.on.close = true
	internal.throw.on.fetch.stable.offset.unsupported = false
	isolation.level = read_uncommitted
	key.deserializer = class org.apache.kafka.common.serialization.StringDeserializer
	max.partition.fetch.bytes = 1048576
	max.poll.interval.ms = 300000
	max.poll.records = 500
	metadata.max.age.ms = 300000
	metadata.recovery.strategy = none
	metric.reporters = []
	metrics.num.samples = 2
	metrics.recording.level = INFO
	metrics.sample.window.ms = 30000
	partition.assignment.strategy = [class org.apache.kafka.clients.consumer.RangeAssignor, class org.apache.kafka.clients.consumer.CooperativeStickyAssignor]
	receive.buffer.bytes = 65536
	reconnect.backoff.max.ms = 1000
	reconnect.backoff.ms = 50
	request.timeout.ms = 30000
	retry.backoff.max.ms = 1000
	retry.backoff.ms = 100
	sasl.client.callback.handler.class = null
	sasl.jaas.config = null
	sasl.kerberos.kinit.cmd = /usr/bin/kinit
	sasl.kerberos.min.time.before.relogin = 60000
	sasl.kerberos.service.name = null
	sasl.kerberos.ticket.renew.jitter = 0.05
	sasl.kerberos.ticket.renew.window.factor = 0.8
	sasl.login.callback.handler.class = null
	sasl.login.class = null
	sasl.login.connect.timeout.ms = null
	sasl.login.read.timeout.ms = null
	sasl.login.refresh.buffer.seconds = 300
	sasl.login.refresh.min.period.seconds = 60
	sasl.login.refresh.window.factor = 0.8
	sasl.login.refresh.window.jitter = 0.05
	sasl.login.retry.backoff.max.ms = 10000
	sasl.login.retry.backoff.ms = 100
	sasl.mechanism = GSSAPI
	sasl.oauthbearer.clock.skew.seconds = 30
	sasl.oauthbearer.expected.audience = null
	sasl.oauthbearer.expected.issuer = null
	sasl.oauthbearer.jwks.endpoint.refresh.ms = 3600000
	sasl.oauthbearer.jwks.endpoint.retry.backoff.max.ms = 10000
	sasl.oauthbearer.jwks.endpoint.retry.backoff.ms = 100
	sasl.oauthbearer.jwks.endpoint.url = null
	sasl.oauthbearer.scope.claim.name = scope
	sasl.oauthbearer.sub.claim.name = sub
	sasl.oauthbearer.token.endpoint.url = null
	security.protocol = PLAINTEXT
	security.providers = null
	send.buffer.bytes = 131072
	session.timeout.ms = 45000
	socket.connection.setup.timeout.max.ms = 30000
	socket.connection.setup.timeout.ms = 10000
	ssl.cipher.suites = null
	ssl.enabled.protocols = [TLSv1.2, TLSv1.3]
	ssl.endpoint.identification.algorithm = https
	ssl.engine.factory.class = null
	ssl.key.password = null
	ssl.keymanager.algorithm = SunX509
	ssl.keystore.certificate.chain = null
	ssl.keystore.key = null
	ssl.keystore.location = null
	ssl.keystore.password = null
	ssl.keystore.type = JKS
	ssl.protocol = TLSv1.3
	ssl.provider = null
	ssl.secure.random.implementation = null
	ssl.trustmanager.algorithm = PKIX
	ssl.truststore.certificates = null
	ssl.truststore.location = null
	ssl.truststore.password = null
	ssl.truststore.type = JKS
	value.deserializer = class org.apache.kafka.common.serialization.StringDeserializer

26-06-19 09:32:36.823 [main] [32mINFO [0;39m o.a.k.c.t.i.KafkaMetricsCollector    [ |  | ] - initializing Kafka metrics collector
26-06-19 09:32:36.832 [main] [32mINFO [0;39m o.a.kafka.common.utils.AppInfoParser [ |  | ] - Kafka version: 3.8.1
26-06-19 09:32:36.832 [main] [32mINFO [0;39m o.a.kafka.common.utils.AppInfoParser [ |  | ] - Kafka commitId: 70d6ff42debf7e17
26-06-19 09:32:36.832 [main] [32mINFO [0;39m o.a.kafka.common.utils.AppInfoParser [ |  | ] - Kafka startTimeMs: 1781829156831
26-06-19 09:32:36.837 [main] [32mINFO [0;39m o.a.k.c.c.i.LegacyKafkaConsumer      [ |  | ] - [Consumer clientId=consumer-discodeit-notification-group-2, groupId=discodeit-notification-group] Subscribed to topic(s): discodeit.RoleUpdatedEvent
26-06-19 09:32:36.867 [main] [32mINFO [0;39m c.s.m.discodeit.DiscodeitApplication [ |  | ] - Started DiscodeitApplication in 29.344 seconds (process running for 30.993)
26-06-19 09:32:36.998 [main] [32mDEBUG[0;39m org.hibernate.SQL                    [ |  | ] - 
    select
        u1_0.id 
    from
        users u1_0 
    where
        u1_0.role=? 
    fetch
        first ? rows only
26-06-19 09:32:37.000 [main] [32mTRACE[0;39m org.hibernate.orm.jdbc.bind          [ |  | ] - binding parameter (1:VARCHAR) <- [ADMIN]
26-06-19 09:32:37.000 [main] [32mTRACE[0;39m org.hibernate.orm.jdbc.bind          [ |  | ] - binding parameter (2:INTEGER) <- [1]
26-06-19 09:32:37.175 [org.springframework.kafka.KafkaListenerEndpointContainer#0-0-C-1] [32mINFO [0;39m o.apache.kafka.clients.NetworkClient [ |  | ] - [Consumer clientId=consumer-discodeit-notification-group-1, groupId=discodeit-notification-group] Node -1 disconnected.
26-06-19 09:32:37.175 [org.springframework.kafka.KafkaListenerEndpointContainer#1-0-C-1] [32mINFO [0;39m o.apache.kafka.clients.NetworkClient [ |  | ] - [Consumer clientId=consumer-discodeit-notification-group-2, groupId=discodeit-notification-group] Node -1 disconnected.
26-06-19 09:32:37.177 [org.springframework.kafka.KafkaListenerEndpointContainer#0-0-C-1] [33mWARN [0;39m o.apache.kafka.clients.NetworkClient [ |  | ] - [Consumer clientId=consumer-discodeit-notification-group-1, groupId=discodeit-notification-group] Connection to node -1 (localhost/127.0.0.1:9092) could not be established. Node may not be available.
26-06-19 09:32:37.177 [org.springframework.kafka.KafkaListenerEndpointContainer#1-0-C-1] [33mWARN [0;39m o.apache.kafka.clients.NetworkClient [ |  | ] - [Consumer clientId=consumer-discodeit-notification-group-2, groupId=discodeit-notification-group] Connection to node -1 (localhost/127.0.0.1:9092) could not be established. Node may not be available.
26-06-19 09:32:37.178 [org.springframework.kafka.KafkaListenerEndpointContainer#0-0-C-1] [33mWARN [0;39m o.apache.kafka.clients.NetworkClient [ |  | ] - [Consumer clientId=consumer-discodeit-notification-group-1, groupId=discodeit-notification-group] Bootstrap broker localhost:9092 (id: -1 rack: null) disconnected
26-06-19 09:32:37.178 [org.springframework.kafka.KafkaListenerEndpointContainer#1-0-C-1] [33mWARN [0;39m o.apache.kafka.clients.NetworkClient [ |  | ] - [Consumer clientId=consumer-discodeit-notification-group-2, groupId=discodeit-notification-group] Bootstrap broker localhost:9092 (id: -1 rack: null) disconnected
26-06-19 09:32:37.183 [org.springframework.kafka.KafkaListenerEndpointContainer#0-0-C-1] [32mINFO [0;39m o.a.k.c.c.i.ConsumerCoordinator      [ |  | ] - [Consumer clientId=consumer-discodeit-notification-group-1, groupId=discodeit-notification-group] Resetting generation and member id due to: consumer pro-actively leaving the group
26-06-19 09:32:37.183 [org.springframework.kafka.KafkaListenerEndpointContainer#1-0-C-1] [32mINFO [0;39m o.a.k.c.c.i.ConsumerCoordinator      [ |  | ] - [Consumer clientId=consumer-discodeit-notification-group-2, groupId=discodeit-notification-group] Resetting generation and member id due to: consumer pro-actively leaving the group
26-06-19 09:32:37.184 [org.springframework.kafka.KafkaListenerEndpointContainer#1-0-C-1] [32mINFO [0;39m o.a.k.c.c.i.ConsumerCoordinator      [ |  | ] - [Consumer clientId=consumer-discodeit-notification-group-2, groupId=discodeit-notification-group] Request joining group due to: consumer pro-actively leaving the group
26-06-19 09:32:37.184 [org.springframework.kafka.KafkaListenerEndpointContainer#0-0-C-1] [32mINFO [0;39m o.a.k.c.c.i.ConsumerCoordinator      [ |  | ] - [Consumer clientId=consumer-discodeit-notification-group-1, groupId=discodeit-notification-group] Request joining group due to: consumer pro-actively leaving the group
26-06-19 09:32:37.184 [org.springframework.kafka.KafkaListenerEndpointContainer#1-0-C-1] [32mINFO [0;39m o.a.k.c.c.i.LegacyKafkaConsumer      [ |  | ] - [Consumer clientId=consumer-discodeit-notification-group-2, groupId=discodeit-notification-group] Unsubscribed all topics or patterns and assigned partitions
26-06-19 09:32:37.184 [org.springframework.kafka.KafkaListenerEndpointContainer#0-0-C-1] [32mINFO [0;39m o.a.k.c.c.i.LegacyKafkaConsumer      [ |  | ] - [Consumer clientId=consumer-discodeit-notification-group-1, groupId=discodeit-notification-group] Unsubscribed all topics or patterns and assigned partitions
26-06-19 09:32:37.186 [org.springframework.kafka.KafkaListenerEndpointContainer#1-0-C-1] [32mINFO [0;39m o.a.k.c.c.i.ConsumerCoordinator      [ |  | ] - [Consumer clientId=consumer-discodeit-notification-group-2, groupId=discodeit-notification-group] Resetting generation and member id due to: consumer pro-actively leaving the group
26-06-19 09:32:37.186 [org.springframework.kafka.KafkaListenerEndpointContainer#0-0-C-1] [32mINFO [0;39m o.a.k.c.c.i.ConsumerCoordinator      [ |  | ] - [Consumer clientId=consumer-discodeit-notification-group-1, groupId=discodeit-notification-group] Resetting generation and member id due to: consumer pro-actively leaving the group
26-06-19 09:32:37.187 [org.springframework.kafka.KafkaListenerEndpointContainer#1-0-C-1] [32mINFO [0;39m o.a.k.c.c.i.ConsumerCoordinator      [ |  | ] - [Consumer clientId=consumer-discodeit-notification-group-2, groupId=discodeit-notification-group] Request joining group due to: consumer pro-actively leaving the group
26-06-19 09:32:37.187 [org.springframework.kafka.KafkaListenerEndpointContainer#0-0-C-1] [32mINFO [0;39m o.a.k.c.c.i.ConsumerCoordinator      [ |  | ] - [Consumer clientId=consumer-discodeit-notification-group-1, groupId=discodeit-notification-group] Request joining group due to: consumer pro-actively leaving the group
26-06-19 09:32:37.193 [org.springframework.kafka.KafkaListenerEndpointContainer#0-0-C-1] [32mINFO [0;39m o.a.kafka.common.metrics.Metrics     [ |  | ] - Metrics scheduler closed
26-06-19 09:32:37.193 [org.springframework.kafka.KafkaListenerEndpointContainer#1-0-C-1] [32mINFO [0;39m o.a.kafka.common.metrics.Metrics     [ |  | ] - Metrics scheduler closed
26-06-19 09:32:37.193 [org.springframework.kafka.KafkaListenerEndpointContainer#0-0-C-1] [32mINFO [0;39m o.a.kafka.common.metrics.Metrics     [ |  | ] - Closing reporter org.apache.kafka.common.metrics.JmxReporter
26-06-19 09:32:37.193 [org.springframework.kafka.KafkaListenerEndpointContainer#1-0-C-1] [32mINFO [0;39m o.a.kafka.common.metrics.Metrics     [ |  | ] - Closing reporter org.apache.kafka.common.metrics.JmxReporter
26-06-19 09:32:37.193 [org.springframework.kafka.KafkaListenerEndpointContainer#0-0-C-1] [32mINFO [0;39m o.a.kafka.common.metrics.Metrics     [ |  | ] - Closing reporter org.apache.kafka.common.telemetry.internals.ClientTelemetryReporter
26-06-19 09:32:37.193 [org.springframework.kafka.KafkaListenerEndpointContainer#1-0-C-1] [32mINFO [0;39m o.a.kafka.common.metrics.Metrics     [ |  | ] - Closing reporter org.apache.kafka.common.telemetry.internals.ClientTelemetryReporter
26-06-19 09:32:37.193 [org.springframework.kafka.KafkaListenerEndpointContainer#1-0-C-1] [32mINFO [0;39m o.a.kafka.common.metrics.Metrics     [ |  | ] - Metrics reporters closed
26-06-19 09:32:37.193 [org.springframework.kafka.KafkaListenerEndpointContainer#0-0-C-1] [32mINFO [0;39m o.a.kafka.common.metrics.Metrics     [ |  | ] - Metrics reporters closed
26-06-19 09:32:37.205 [org.springframework.kafka.KafkaListenerEndpointContainer#0-0-C-1] [32mINFO [0;39m o.a.kafka.common.utils.AppInfoParser [ |  | ] - App info kafka.consumer for consumer-discodeit-notification-group-1 unregistered
26-06-19 09:32:37.205 [org.springframework.kafka.KafkaListenerEndpointContainer#1-0-C-1] [32mINFO [0;39m o.a.kafka.common.utils.AppInfoParser [ |  | ] - App info kafka.consumer for consumer-discodeit-notification-group-2 unregistered
26-06-19 09:32:37.233 [org.springframework.kafka.KafkaListenerEndpointContainer#0-0-C-1] [32mINFO [0;39m o.s.k.l.KafkaMessageListenerContainer [ |  | ] - discodeit-notification-group: Consumer stopped
26-06-19 09:32:37.237 [org.springframework.kafka.KafkaListenerEndpointContainer#1-0-C-1] [32mINFO [0;39m o.s.k.l.KafkaMessageListenerContainer [ |  | ] - discodeit-notification-group: Consumer stopped
26-06-19 09:32:37.238 [SpringApplicationShutdownHook] [32mINFO [0;39m o.s.b.w.e.tomcat.GracefulShutdown    [ |  | ] - Commencing graceful shutdown. Waiting for active requests to complete
26-06-19 09:32:37.242 [tomcat-shutdown] [32mINFO [0;39m o.s.b.w.e.tomcat.GracefulShutdown    [ |  | ] - Graceful shutdown complete
26-06-19 09:32:37.245 [SpringApplicationShutdownHook] [32mINFO [0;39m o.s.m.s.b.SimpleBrokerMessageHandler [ |  | ] - Stopping...
26-06-19 09:32:37.246 [SpringApplicationShutdownHook] [32mINFO [0;39m o.s.m.s.b.SimpleBrokerMessageHandler [ |  | ] - BrokerAvailabilityEvent[available=false, SimpleBrokerMessageHandler [org.springframework.messaging.simp.broker.DefaultSubscriptionRegistry@4afca05f]]
26-06-19 09:32:37.246 [SpringApplicationShutdownHook] [32mINFO [0;39m o.s.m.s.b.SimpleBrokerMessageHandler [ |  | ] - Stopped.
26-06-19 09:32:37.418 [MessageBroker-1] [31mERROR[0;39m o.s.s.s.TaskUtils$LoggingErrorHandler [ |  | ] - Unexpected error occurred in scheduled task
org.springframework.data.redis.RedisConnectionFailureException: Unable to connect to Redis
	at org.springframework.data.redis.connection.lettuce.LettuceConnectionFactory$ExceptionTranslatingConnectionProvider.translateException(LettuceConnectionFactory.java:1858)
	at org.springframework.data.redis.connection.lettuce.LettuceConnectionFactory$ExceptionTranslatingConnectionProvider.getConnection(LettuceConnectionFactory.java:1789)
	at org.springframework.data.redis.connection.lettuce.LettuceConnectionFactory$SharedConnection.getNativeConnection(LettuceConnectionFactory.java:1586)
	at org.springframework.data.redis.connection.lettuce.LettuceConnectionFactory$SharedConnection.lambda$getConnection$0(LettuceConnectionFactory.java:1566)
	at org.springframework.data.redis.connection.lettuce.LettuceConnectionFactory.doInLock(LettuceConnectionFactory.java:1527)
	at org.springframework.data.redis.connection.lettuce.LettuceConnectionFactory$SharedConnection.getConnection(LettuceConnectionFactory.java:1563)
	at org.springframework.data.redis.connection.lettuce.LettuceConnectionFactory.getSharedConnection(LettuceConnectionFactory.java:1249)
	at org.springframework.data.redis.connection.lettuce.LettuceConnectionFactory.getConnection(LettuceConnectionFactory.java:1055)
	at org.springframework.data.redis.core.RedisConnectionUtils.fetchConnection(RedisConnectionUtils.java:195)
	at org.springframework.data.redis.core.RedisConnectionUtils.doGetConnection(RedisConnectionUtils.java:144)
	at org.springframework.data.redis.core.RedisConnectionUtils.getConnection(RedisConnectionUtils.java:105)
	at org.springframework.data.redis.core.RedisTemplate.execute(RedisTemplate.java:398)
	at org.springframework.data.redis.core.RedisTemplate.execute(RedisTemplate.java:378)
	at org.springframework.data.redis.core.RedisTemplate.doWithKeys(RedisTemplate.java:790)
	at org.springframework.data.redis.core.RedisTemplate.keys(RedisTemplate.java:643)
	at com.sprint.mission.discodeit.security.registry.RedisJwtRegistry.clearExpiredJwtInformation(RedisJwtRegistry.java:159)
	at java.base/jdk.internal.reflect.NativeMethodAccessorImpl.invoke0(Native Method)
	at java.base/jdk.internal.reflect.NativeMethodAccessorImpl.invoke(NativeMethodAccessorImpl.java:77)
	at java.base/jdk.internal.reflect.DelegatingMethodAccessorImpl.invoke(DelegatingMethodAccessorImpl.java:43)
	at java.base/java.lang.reflect.Method.invoke(Method.java:569)
	at org.springframework.aop.support.AopUtils.invokeJoinpointUsingReflection(AopUtils.java:359)
	at org.springframework.aop.framework.ReflectiveMethodInvocation.invokeJoinpoint(ReflectiveMethodInvocation.java:196)
	at org.springframework.aop.framework.ReflectiveMethodInvocation.proceed(ReflectiveMethodInvocation.java:163)
	at org.springframework.retry.annotation.AnnotationAwareRetryOperationsInterceptor.invoke(AnnotationAwareRetryOperationsInterceptor.java:165)
	at org.springframework.aop.framework.ReflectiveMethodInvocation.proceed(ReflectiveMethodInvocation.java:184)
	at org.springframework.aop.framework.CglibAopProxy$DynamicAdvisedInterceptor.intercept(CglibAopProxy.java:727)
	at com.sprint.mission.discodeit.security.registry.RedisJwtRegistry$$SpringCGLIB$$0.clearExpiredJwtInformation(<generated>)
	at java.base/jdk.internal.reflect.NativeMethodAccessorImpl.invoke0(Native Method)
	at java.base/jdk.internal.reflect.NativeMethodAccessorImpl.invoke(NativeMethodAccessorImpl.java:77)
	at java.base/jdk.internal.reflect.DelegatingMethodAccessorImpl.invoke(DelegatingMethodAccessorImpl.java:43)
	at java.base/java.lang.reflect.Method.invoke(Method.java:569)
	at org.springframework.scheduling.support.ScheduledMethodRunnable.runInternal(ScheduledMethodRunnable.java:130)
	at org.springframework.scheduling.support.ScheduledMethodRunnable.lambda$run$2(ScheduledMethodRunnable.java:124)
	at io.micrometer.observation.Observation.observe(Observation.java:499)
	at org.springframework.scheduling.support.ScheduledMethodRunnable.run(ScheduledMethodRunnable.java:124)
	at org.springframework.scheduling.config.Task$OutcomeTrackingRunnable.run(Task.java:83)
	at org.springframework.scheduling.support.DelegatingErrorHandlingRunnable.run(DelegatingErrorHandlingRunnable.java:54)
	at java.base/java.util.concurrent.Executors$RunnableAdapter.call(Executors.java:539)
	at java.base/java.util.concurrent.FutureTask.runAndReset(FutureTask.java:305)
	at java.base/java.util.concurrent.ScheduledThreadPoolExecutor$ScheduledFutureTask.run(ScheduledThreadPoolExecutor.java:305)
	at java.base/java.util.concurrent.ThreadPoolExecutor.runWorker(ThreadPoolExecutor.java:1136)
	at java.base/java.util.concurrent.ThreadPoolExecutor$Worker.run(ThreadPoolExecutor.java:635)
	at java.base/java.lang.Thread.run(Thread.java:840)
Caused by: io.lettuce.core.RedisConnectionException: Unable to connect to localhost/<unresolved>:6379
	at io.lettuce.core.RedisConnectionException.create(RedisConnectionException.java:63)
	at io.lettuce.core.RedisConnectionException.create(RedisConnectionException.java:41)
	at io.lettuce.core.AbstractRedisClient.getConnection(AbstractRedisClient.java:354)
	at io.lettuce.core.RedisClient.connect(RedisClient.java:219)
	at org.springframework.data.redis.connection.lettuce.StandaloneConnectionProvider.lambda$getConnection$1(StandaloneConnectionProvider.java:112)
	at java.base/java.util.Optional.orElseGet(Optional.java:364)
	at org.springframework.data.redis.connection.lettuce.StandaloneConnectionProvider.getConnection(StandaloneConnectionProvider.java:112)
	at org.springframework.data.redis.connection.lettuce.LettuceConnectionFactory$ExceptionTranslatingConnectionProvider.getConnection(LettuceConnectionFactory.java:1787)
	... 41 common frames omitted
Caused by: io.netty.channel.AbstractChannel$AnnotatedConnectException: Connection refused: localhost/127.0.0.1:6379
Caused by: java.net.ConnectException: Connection refused
	at java.base/sun.nio.ch.Net.pollConnect(Native Method)
	at java.base/sun.nio.ch.Net.pollConnectNow(Net.java:684)
	at java.base/sun.nio.ch.SocketChannelImpl.finishConnect(SocketChannelImpl.java:946)
	at io.netty.channel.socket.nio.NioSocketChannel.doFinishConnect(NioSocketChannel.java:336)
	at io.netty.channel.nio.AbstractNioChannel$AbstractNioUnsafe.finishConnect(AbstractNioChannel.java:339)
	at io.netty.channel.nio.NioEventLoop.processSelectedKey(NioEventLoop.java:776)
	at io.netty.channel.nio.NioEventLoop.processSelectedKeysOptimized(NioEventLoop.java:724)
	at io.netty.channel.nio.NioEventLoop.processSelectedKeys(NioEventLoop.java:650)
	at io.netty.channel.nio.NioEventLoop.run(NioEventLoop.java:562)
	at io.netty.util.concurrent.SingleThreadEventExecutor$4.run(SingleThreadEventExecutor.java:997)
	at io.netty.util.internal.ThreadExecutorMap$2.run(ThreadExecutorMap.java:74)
	at io.netty.util.concurrent.FastThreadLocalRunnable.run(FastThreadLocalRunnable.java:30)
	at java.base/java.lang.Thread.run(Thread.java:840)
26-06-19 09:32:37.444 [SpringApplicationShutdownHook] [32mINFO [0;39m o.s.o.j.LocalContainerEntityManagerFactoryBean [ |  | ] - Closing JPA EntityManagerFactory for persistence unit 'default'
26-06-19 09:32:37.447 [SpringApplicationShutdownHook] [32mINFO [0;39m com.zaxxer.hikari.HikariDataSource   [ |  | ] - HikariPool-1 - Shutdown initiated...
26-06-19 09:32:37.449 [SpringApplicationShutdownHook] [32mINFO [0;39m com.zaxxer.hikari.HikariDataSource   [ |  | ] - HikariPool-1 - Shutdown completed.
26-06-19 09:35:08.010 [background-preinit] [32mINFO [0;39m o.h.validator.internal.util.Version  [ |  | ] - HV000001: Hibernate Validator 8.0.1.Final
26-06-19 09:35:08.082 [main] [32mINFO [0;39m c.s.m.discodeit.DiscodeitApplication [ |  | ] - Starting DiscodeitApplication using Java 17.0.18 with PID 28062 (/Users/apple/IdeaProjects/temp/9-sprint-mission/discodeit/build/classes/java/main started by apple in /Users/apple/IdeaProjects/temp/9-sprint-mission)
26-06-19 09:35:08.083 [main] [32mDEBUG[0;39m c.s.m.discodeit.DiscodeitApplication [ |  | ] - Running with Spring Boot v3.4.0, Spring v6.2.0
26-06-19 09:35:08.084 [main] [32mINFO [0;39m c.s.m.discodeit.DiscodeitApplication [ |  | ] - The following 1 profile is active: "dev"
26-06-19 09:35:10.381 [main] [32mINFO [0;39m o.s.d.r.c.RepositoryConfigurationDelegate [ |  | ] - Multiple Spring Data modules found, entering strict repository configuration mode
26-06-19 09:35:10.384 [main] [32mINFO [0;39m o.s.d.r.c.RepositoryConfigurationDelegate [ |  | ] - Bootstrapping Spring Data JPA repositories in DEFAULT mode.
26-06-19 09:35:10.648 [main] [32mINFO [0;39m o.s.d.r.c.RepositoryConfigurationDelegate [ |  | ] - Finished Spring Data repository scanning in 254 ms. Found 7 JPA repository interfaces.
26-06-19 09:35:10.674 [main] [32mINFO [0;39m o.s.d.r.c.RepositoryConfigurationDelegate [ |  | ] - Multiple Spring Data modules found, entering strict repository configuration mode
26-06-19 09:35:10.676 [main] [32mINFO [0;39m o.s.d.r.c.RepositoryConfigurationDelegate [ |  | ] - Bootstrapping Spring Data Redis repositories in DEFAULT mode.
26-06-19 09:35:10.701 [main] [32mINFO [0;39m o.s.d.r.c.RepositoryConfigurationExtensionSupport [ |  | ] - Spring Data Redis - Could not safely identify store assignment for repository candidate interface com.sprint.mission.discodeit.repository.BinaryContentRepository; If you want this repository to be a Redis repository, consider annotating your entities with one of these annotations: org.springframework.data.redis.core.RedisHash (preferred), or consider extending one of the following types with your repository: org.springframework.data.keyvalue.repository.KeyValueRepository
26-06-19 09:35:10.701 [main] [32mINFO [0;39m o.s.d.r.c.RepositoryConfigurationExtensionSupport [ |  | ] - Spring Data Redis - Could not safely identify store assignment for repository candidate interface com.sprint.mission.discodeit.repository.ChannelRepository; If you want this repository to be a Redis repository, consider annotating your entities with one of these annotations: org.springframework.data.redis.core.RedisHash (preferred), or consider extending one of the following types with your repository: org.springframework.data.keyvalue.repository.KeyValueRepository
26-06-19 09:35:10.702 [main] [32mINFO [0;39m o.s.d.r.c.RepositoryConfigurationExtensionSupport [ |  | ] - Spring Data Redis - Could not safely identify store assignment for repository candidate interface com.sprint.mission.discodeit.repository.MessageRepository; If you want this repository to be a Redis repository, consider annotating your entities with one of these annotations: org.springframework.data.redis.core.RedisHash (preferred), or consider extending one of the following types with your repository: org.springframework.data.keyvalue.repository.KeyValueRepository
26-06-19 09:35:10.703 [main] [32mINFO [0;39m o.s.d.r.c.RepositoryConfigurationExtensionSupport [ |  | ] - Spring Data Redis - Could not safely identify store assignment for repository candidate interface com.sprint.mission.discodeit.repository.NotificationRepository; If you want this repository to be a Redis repository, consider annotating your entities with one of these annotations: org.springframework.data.redis.core.RedisHash (preferred), or consider extending one of the following types with your repository: org.springframework.data.keyvalue.repository.KeyValueRepository
26-06-19 09:35:10.704 [main] [32mINFO [0;39m o.s.d.r.c.RepositoryConfigurationExtensionSupport [ |  | ] - Spring Data Redis - Could not safely identify store assignment for repository candidate interface com.sprint.mission.discodeit.repository.ReadStatusRepository; If you want this repository to be a Redis repository, consider annotating your entities with one of these annotations: org.springframework.data.redis.core.RedisHash (preferred), or consider extending one of the following types with your repository: org.springframework.data.keyvalue.repository.KeyValueRepository
26-06-19 09:35:10.704 [main] [32mINFO [0;39m o.s.d.r.c.RepositoryConfigurationExtensionSupport [ |  | ] - Spring Data Redis - Could not safely identify store assignment for repository candidate interface com.sprint.mission.discodeit.repository.UserRepository; If you want this repository to be a Redis repository, consider annotating your entities with one of these annotations: org.springframework.data.redis.core.RedisHash (preferred), or consider extending one of the following types with your repository: org.springframework.data.keyvalue.repository.KeyValueRepository
26-06-19 09:35:10.705 [main] [32mINFO [0;39m o.s.d.r.c.RepositoryConfigurationExtensionSupport [ |  | ] - Spring Data Redis - Could not safely identify store assignment for repository candidate interface com.sprint.mission.discodeit.repository.jpa.JpaChannelRepository; If you want this repository to be a Redis repository, consider annotating your entities with one of these annotations: org.springframework.data.redis.core.RedisHash (preferred), or consider extending one of the following types with your repository: org.springframework.data.keyvalue.repository.KeyValueRepository
26-06-19 09:35:10.705 [main] [32mINFO [0;39m o.s.d.r.c.RepositoryConfigurationDelegate [ |  | ] - Finished Spring Data repository scanning in 15 ms. Found 0 Redis repository interfaces.
26-06-19 09:35:12.507 [main] [32mINFO [0;39m o.s.b.w.e.tomcat.TomcatWebServer     [ |  | ] - Tomcat initialized with port 8080 (http)
26-06-19 09:35:12.523 [main] [32mINFO [0;39m o.a.coyote.http11.Http11NioProtocol  [ |  | ] - Initializing ProtocolHandler ["http-nio-8080"]
26-06-19 09:35:12.525 [main] [32mINFO [0;39m o.a.catalina.core.StandardService    [ |  | ] - Starting service [Tomcat]
26-06-19 09:35:12.526 [main] [32mINFO [0;39m o.a.catalina.core.StandardEngine     [ |  | ] - Starting Servlet engine: [Apache Tomcat/10.1.33]
26-06-19 09:35:12.621 [main] [32mINFO [0;39m o.a.c.c.C.[Tomcat].[localhost].[/]   [ |  | ] - Initializing Spring embedded WebApplicationContext
26-06-19 09:35:12.623 [main] [32mINFO [0;39m o.s.b.w.s.c.ServletWebServerApplicationContext [ |  | ] - Root WebApplicationContext: initialization completed in 4470 ms
26-06-19 09:35:13.861 [main] [32mINFO [0;39m com.zaxxer.hikari.HikariDataSource   [ |  | ] - HikariPool-1 - Starting...
26-06-19 09:35:13.983 [main] [32mINFO [0;39m com.zaxxer.hikari.pool.HikariPool    [ |  | ] - HikariPool-1 - Added connection org.postgresql.jdbc.PgConnection@1cc42abe
26-06-19 09:35:13.985 [main] [32mINFO [0;39m com.zaxxer.hikari.HikariDataSource   [ |  | ] - HikariPool-1 - Start completed.
26-06-19 09:35:14.131 [main] [32mINFO [0;39m o.h.jpa.internal.util.LogHelper      [ |  | ] - HHH000204: Processing PersistenceUnitInfo [name: default]
26-06-19 09:35:14.205 [main] [32mINFO [0;39m org.hibernate.Version                [ |  | ] - HHH000412: Hibernate ORM core version 6.6.2.Final
26-06-19 09:35:14.249 [main] [32mINFO [0;39m o.h.c.i.RegionFactoryInitiator       [ |  | ] - HHH000026: Second-level cache disabled
26-06-19 09:35:14.628 [main] [32mINFO [0;39m o.s.o.j.p.SpringPersistenceUnitInfo  [ |  | ] - No LoadTimeWeaver setup: ignoring JPA class transformer
26-06-19 09:35:14.735 [main] [32mINFO [0;39m o.hibernate.orm.connections.pooling  [ |  | ] - HHH10001005: Database info:
	Database JDBC URL [Connecting through datasource 'HikariDataSource (HikariPool-1)']
	Database driver: undefined/unknown
	Database version: 14.21
	Autocommit mode: undefined/unknown
	Isolation level: undefined/unknown
	Minimum pool size: undefined/unknown
	Maximum pool size: undefined/unknown
26-06-19 09:35:16.112 [main] [32mINFO [0;39m o.h.e.t.j.p.i.JtaPlatformInitiator   [ |  | ] - HHH000489: No JTA platform available (set 'hibernate.transaction.jta.platform' to enable JTA platform integration)
26-06-19 09:35:16.176 [main] [32mINFO [0;39m o.s.o.j.LocalContainerEntityManagerFactoryBean [ |  | ] - Initialized JPA EntityManagerFactory for persistence unit 'default'
26-06-19 09:35:16.573 [main] [32mINFO [0;39m o.s.d.j.r.query.QueryEnhancerFactory [ |  | ] - Hibernate is in classpath; If applicable, HQL parser will be used.
26-06-19 09:35:17.216 [main] [32mDEBUG[0;39m c.s.m.d.s.f.JwtAuthenticationFilter  [ |  | ] - Filter 'jwtAuthenticationFilter' configured for use
26-06-19 09:35:18.597 [main] [32mTRACE[0;39m o.s.s.c.a.a.c.AuthenticationConfiguration$EnableGlobalAuthenticationAutowiredConfigurer [ |  | ] - Eagerly initializing {securityConfig=com.sprint.mission.discodeit.config.SecurityConfig$$SpringCGLIB$$0@11d0033b}
26-06-19 09:35:18.608 [main] [32mINFO [0;39m o.s.s.c.a.a.c.InitializeUserDetailsBeanManagerConfigurer$InitializeUserDetailsManagerConfigurer [ |  | ] - Global AuthenticationManager configured with UserDetailsService bean with name discodeitUserDetailsService
26-06-19 09:35:18.839 [main] [32mINFO [0;39m o.s.b.a.w.s.WelcomePageHandlerMapping [ |  | ] - Adding welcome page: class path resource [static/index.html]
26-06-19 09:35:19.438 [main] [32mINFO [0;39m o.s.b.a.e.web.EndpointLinksResolver  [ |  | ] - Exposing 4 endpoints beneath base path '/actuator'
26-06-19 09:35:19.723 [main] [32mDEBUG[0;39m o.s.s.web.DefaultSecurityFilterChain [ |  | ] - Will secure any request with filters: DisableEncodeUrlFilter, WebAsyncManagerIntegrationFilter, SecurityContextHolderFilter, HeaderWriterFilter, CsrfFilter, LogoutFilter, JwtAuthenticationFilter, UsernamePasswordAuthenticationFilter, RequestCacheAwareFilter, SecurityContextHolderAwareRequestFilter, RememberMeAuthenticationFilter, AnonymousAuthenticationFilter, SessionManagementFilter, ExceptionTranslationFilter, AuthorizationFilter
26-06-19 09:35:21.324 [main] [32mINFO [0;39m o.s.m.s.b.SimpleBrokerMessageHandler [ |  | ] - Starting...
26-06-19 09:35:21.325 [main] [32mINFO [0;39m o.s.m.s.b.SimpleBrokerMessageHandler [ |  | ] - BrokerAvailabilityEvent[available=true, SimpleBrokerMessageHandler [org.springframework.messaging.simp.broker.DefaultSubscriptionRegistry@16335685]]
26-06-19 09:35:21.326 [main] [32mINFO [0;39m o.s.m.s.b.SimpleBrokerMessageHandler [ |  | ] - Started.
26-06-19 09:35:21.327 [main] [32mINFO [0;39m o.a.coyote.http11.Http11NioProtocol  [ |  | ] - Starting ProtocolHandler ["http-nio-8080"]
26-06-19 09:35:21.345 [main] [32mINFO [0;39m o.s.b.w.e.tomcat.TomcatWebServer     [ |  | ] - Tomcat started on port 8080 (http) with context path '/'
26-06-19 09:35:21.382 [main] [32mINFO [0;39m o.a.k.c.consumer.ConsumerConfig      [ |  | ] - ConsumerConfig values: 
	allow.auto.create.topics = true
	auto.commit.interval.ms = 5000
	auto.include.jmx.reporter = true
	auto.offset.reset = earliest
	bootstrap.servers = [localhost:9092]
	check.crcs = true
	client.dns.lookup = use_all_dns_ips
	client.id = consumer-discodeit-notification-group-1
	client.rack = 
	connections.max.idle.ms = 540000
	default.api.timeout.ms = 60000
	enable.auto.commit = false
	enable.metrics.push = true
	exclude.internal.topics = true
	fetch.max.bytes = 52428800
	fetch.max.wait.ms = 500
	fetch.min.bytes = 1
	group.id = discodeit-notification-group
	group.instance.id = null
	group.protocol = classic
	group.remote.assignor = null
	heartbeat.interval.ms = 3000
	interceptor.classes = []
	internal.leave.group.on.close = true
	internal.throw.on.fetch.stable.offset.unsupported = false
	isolation.level = read_uncommitted
	key.deserializer = class org.apache.kafka.common.serialization.StringDeserializer
	max.partition.fetch.bytes = 1048576
	max.poll.interval.ms = 300000
	max.poll.records = 500
	metadata.max.age.ms = 300000
	metadata.recovery.strategy = none
	metric.reporters = []
	metrics.num.samples = 2
	metrics.recording.level = INFO
	metrics.sample.window.ms = 30000
	partition.assignment.strategy = [class org.apache.kafka.clients.consumer.RangeAssignor, class org.apache.kafka.clients.consumer.CooperativeStickyAssignor]
	receive.buffer.bytes = 65536
	reconnect.backoff.max.ms = 1000
	reconnect.backoff.ms = 50
	request.timeout.ms = 30000
	retry.backoff.max.ms = 1000
	retry.backoff.ms = 100
	sasl.client.callback.handler.class = null
	sasl.jaas.config = null
	sasl.kerberos.kinit.cmd = /usr/bin/kinit
	sasl.kerberos.min.time.before.relogin = 60000
	sasl.kerberos.service.name = null
	sasl.kerberos.ticket.renew.jitter = 0.05
	sasl.kerberos.ticket.renew.window.factor = 0.8
	sasl.login.callback.handler.class = null
	sasl.login.class = null
	sasl.login.connect.timeout.ms = null
	sasl.login.read.timeout.ms = null
	sasl.login.refresh.buffer.seconds = 300
	sasl.login.refresh.min.period.seconds = 60
	sasl.login.refresh.window.factor = 0.8
	sasl.login.refresh.window.jitter = 0.05
	sasl.login.retry.backoff.max.ms = 10000
	sasl.login.retry.backoff.ms = 100
	sasl.mechanism = GSSAPI
	sasl.oauthbearer.clock.skew.seconds = 30
	sasl.oauthbearer.expected.audience = null
	sasl.oauthbearer.expected.issuer = null
	sasl.oauthbearer.jwks.endpoint.refresh.ms = 3600000
	sasl.oauthbearer.jwks.endpoint.retry.backoff.max.ms = 10000
	sasl.oauthbearer.jwks.endpoint.retry.backoff.ms = 100
	sasl.oauthbearer.jwks.endpoint.url = null
	sasl.oauthbearer.scope.claim.name = scope
	sasl.oauthbearer.sub.claim.name = sub
	sasl.oauthbearer.token.endpoint.url = null
	security.protocol = PLAINTEXT
	security.providers = null
	send.buffer.bytes = 131072
	session.timeout.ms = 45000
	socket.connection.setup.timeout.max.ms = 30000
	socket.connection.setup.timeout.ms = 10000
	ssl.cipher.suites = null
	ssl.enabled.protocols = [TLSv1.2, TLSv1.3]
	ssl.endpoint.identification.algorithm = https
	ssl.engine.factory.class = null
	ssl.key.password = null
	ssl.keymanager.algorithm = SunX509
	ssl.keystore.certificate.chain = null
	ssl.keystore.key = null
	ssl.keystore.location = null
	ssl.keystore.password = null
	ssl.keystore.type = JKS
	ssl.protocol = TLSv1.3
	ssl.provider = null
	ssl.secure.random.implementation = null
	ssl.trustmanager.algorithm = PKIX
	ssl.truststore.certificates = null
	ssl.truststore.location = null
	ssl.truststore.password = null
	ssl.truststore.type = JKS
	value.deserializer = class org.apache.kafka.common.serialization.StringDeserializer

26-06-19 09:35:21.435 [main] [32mINFO [0;39m o.a.k.c.t.i.KafkaMetricsCollector    [ |  | ] - initializing Kafka metrics collector
26-06-19 09:35:21.507 [main] [32mINFO [0;39m o.a.kafka.common.utils.AppInfoParser [ |  | ] - Kafka version: 3.8.1
26-06-19 09:35:21.507 [main] [32mINFO [0;39m o.a.kafka.common.utils.AppInfoParser [ |  | ] - Kafka commitId: 70d6ff42debf7e17
26-06-19 09:35:21.507 [main] [32mINFO [0;39m o.a.kafka.common.utils.AppInfoParser [ |  | ] - Kafka startTimeMs: 1781829321506
26-06-19 09:35:21.515 [main] [32mINFO [0;39m o.a.k.c.c.i.LegacyKafkaConsumer      [ |  | ] - [Consumer clientId=consumer-discodeit-notification-group-1, groupId=discodeit-notification-group] Subscribed to topic(s): discodeit.MessageCreatedEvent
26-06-19 09:35:21.523 [main] [32mINFO [0;39m o.a.k.c.consumer.ConsumerConfig      [ |  | ] - ConsumerConfig values: 
	allow.auto.create.topics = true
	auto.commit.interval.ms = 5000
	auto.include.jmx.reporter = true
	auto.offset.reset = earliest
	bootstrap.servers = [localhost:9092]
	check.crcs = true
	client.dns.lookup = use_all_dns_ips
	client.id = consumer-discodeit-notification-group-2
	client.rack = 
	connections.max.idle.ms = 540000
	default.api.timeout.ms = 60000
	enable.auto.commit = false
	enable.metrics.push = true
	exclude.internal.topics = true
	fetch.max.bytes = 52428800
	fetch.max.wait.ms = 500
	fetch.min.bytes = 1
	group.id = discodeit-notification-group
	group.instance.id = null
	group.protocol = classic
	group.remote.assignor = null
	heartbeat.interval.ms = 3000
	interceptor.classes = []
	internal.leave.group.on.close = true
	internal.throw.on.fetch.stable.offset.unsupported = false
	isolation.level = read_uncommitted
	key.deserializer = class org.apache.kafka.common.serialization.StringDeserializer
	max.partition.fetch.bytes = 1048576
	max.poll.interval.ms = 300000
	max.poll.records = 500
	metadata.max.age.ms = 300000
	metadata.recovery.strategy = none
	metric.reporters = []
	metrics.num.samples = 2
	metrics.recording.level = INFO
	metrics.sample.window.ms = 30000
	partition.assignment.strategy = [class org.apache.kafka.clients.consumer.RangeAssignor, class org.apache.kafka.clients.consumer.CooperativeStickyAssignor]
	receive.buffer.bytes = 65536
	reconnect.backoff.max.ms = 1000
	reconnect.backoff.ms = 50
	request.timeout.ms = 30000
	retry.backoff.max.ms = 1000
	retry.backoff.ms = 100
	sasl.client.callback.handler.class = null
	sasl.jaas.config = null
	sasl.kerberos.kinit.cmd = /usr/bin/kinit
	sasl.kerberos.min.time.before.relogin = 60000
	sasl.kerberos.service.name = null
	sasl.kerberos.ticket.renew.jitter = 0.05
	sasl.kerberos.ticket.renew.window.factor = 0.8
	sasl.login.callback.handler.class = null
	sasl.login.class = null
	sasl.login.connect.timeout.ms = null
	sasl.login.read.timeout.ms = null
	sasl.login.refresh.buffer.seconds = 300
	sasl.login.refresh.min.period.seconds = 60
	sasl.login.refresh.window.factor = 0.8
	sasl.login.refresh.window.jitter = 0.05
	sasl.login.retry.backoff.max.ms = 10000
	sasl.login.retry.backoff.ms = 100
	sasl.mechanism = GSSAPI
	sasl.oauthbearer.clock.skew.seconds = 30
	sasl.oauthbearer.expected.audience = null
	sasl.oauthbearer.expected.issuer = null
	sasl.oauthbearer.jwks.endpoint.refresh.ms = 3600000
	sasl.oauthbearer.jwks.endpoint.retry.backoff.max.ms = 10000
	sasl.oauthbearer.jwks.endpoint.retry.backoff.ms = 100
	sasl.oauthbearer.jwks.endpoint.url = null
	sasl.oauthbearer.scope.claim.name = scope
	sasl.oauthbearer.sub.claim.name = sub
	sasl.oauthbearer.token.endpoint.url = null
	security.protocol = PLAINTEXT
	security.providers = null
	send.buffer.bytes = 131072
	session.timeout.ms = 45000
	socket.connection.setup.timeout.max.ms = 30000
	socket.connection.setup.timeout.ms = 10000
	ssl.cipher.suites = null
	ssl.enabled.protocols = [TLSv1.2, TLSv1.3]
	ssl.endpoint.identification.algorithm = https
	ssl.engine.factory.class = null
	ssl.key.password = null
	ssl.keymanager.algorithm = SunX509
	ssl.keystore.certificate.chain = null
	ssl.keystore.key = null
	ssl.keystore.location = null
	ssl.keystore.password = null
	ssl.keystore.type = JKS
	ssl.protocol = TLSv1.3
	ssl.provider = null
	ssl.secure.random.implementation = null
	ssl.trustmanager.algorithm = PKIX
	ssl.truststore.certificates = null
	ssl.truststore.location = null
	ssl.truststore.password = null
	ssl.truststore.type = JKS
	value.deserializer = class org.apache.kafka.common.serialization.StringDeserializer

26-06-19 09:35:21.523 [main] [32mINFO [0;39m o.a.k.c.t.i.KafkaMetricsCollector    [ |  | ] - initializing Kafka metrics collector
26-06-19 09:35:21.530 [main] [32mINFO [0;39m o.a.kafka.common.utils.AppInfoParser [ |  | ] - Kafka version: 3.8.1
26-06-19 09:35:21.530 [main] [32mINFO [0;39m o.a.kafka.common.utils.AppInfoParser [ |  | ] - Kafka commitId: 70d6ff42debf7e17
26-06-19 09:35:21.530 [main] [32mINFO [0;39m o.a.kafka.common.utils.AppInfoParser [ |  | ] - Kafka startTimeMs: 1781829321529
26-06-19 09:35:21.534 [main] [32mINFO [0;39m o.a.k.c.c.i.LegacyKafkaConsumer      [ |  | ] - [Consumer clientId=consumer-discodeit-notification-group-2, groupId=discodeit-notification-group] Subscribed to topic(s): discodeit.RoleUpdatedEvent
26-06-19 09:35:21.571 [main] [32mINFO [0;39m c.s.m.discodeit.DiscodeitApplication [ |  | ] - Started DiscodeitApplication in 14.206 seconds (process running for 15.987)
26-06-19 09:35:21.693 [main] [32mDEBUG[0;39m org.hibernate.SQL                    [ |  | ] - 
    select
        u1_0.id 
    from
        users u1_0 
    where
        u1_0.role=? 
    fetch
        first ? rows only
26-06-19 09:35:21.695 [main] [32mTRACE[0;39m org.hibernate.orm.jdbc.bind          [ |  | ] - binding parameter (1:VARCHAR) <- [ADMIN]
26-06-19 09:35:21.696 [main] [32mTRACE[0;39m org.hibernate.orm.jdbc.bind          [ |  | ] - binding parameter (2:INTEGER) <- [1]
26-06-19 09:35:22.171 [org.springframework.kafka.KafkaListenerEndpointContainer#0-0-C-1] [33mWARN [0;39m o.apache.kafka.clients.NetworkClient [ |  | ] - [Consumer clientId=consumer-discodeit-notification-group-1, groupId=discodeit-notification-group] Error while fetching metadata with correlation id 2 : {discodeit.MessageCreatedEvent=UNKNOWN_TOPIC_OR_PARTITION}
26-06-19 09:35:22.171 [org.springframework.kafka.KafkaListenerEndpointContainer#1-0-C-1] [33mWARN [0;39m o.apache.kafka.clients.NetworkClient [ |  | ] - [Consumer clientId=consumer-discodeit-notification-group-2, groupId=discodeit-notification-group] Error while fetching metadata with correlation id 2 : {discodeit.RoleUpdatedEvent=UNKNOWN_TOPIC_OR_PARTITION}
26-06-19 09:35:22.173 [org.springframework.kafka.KafkaListenerEndpointContainer#0-0-C-1] [32mINFO [0;39m org.apache.kafka.clients.Metadata    [ |  | ] - [Consumer clientId=consumer-discodeit-notification-group-1, groupId=discodeit-notification-group] Cluster ID: MkU3OEVBNTcwNTJENDM2Qg
26-06-19 09:35:22.173 [org.springframework.kafka.KafkaListenerEndpointContainer#1-0-C-1] [32mINFO [0;39m org.apache.kafka.clients.Metadata    [ |  | ] - [Consumer clientId=consumer-discodeit-notification-group-2, groupId=discodeit-notification-group] Cluster ID: MkU3OEVBNTcwNTJENDM2Qg
26-06-19 09:35:22.323 [org.springframework.kafka.KafkaListenerEndpointContainer#0-0-C-1] [33mWARN [0;39m o.apache.kafka.clients.NetworkClient [ |  | ] - [Consumer clientId=consumer-discodeit-notification-group-1, groupId=discodeit-notification-group] Error while fetching metadata with correlation id 5 : {discodeit.MessageCreatedEvent=UNKNOWN_TOPIC_OR_PARTITION}
26-06-19 09:35:22.575 [org.springframework.kafka.KafkaListenerEndpointContainer#1-0-C-1] [32mINFO [0;39m o.a.k.c.c.i.ConsumerCoordinator      [ |  | ] - [Consumer clientId=consumer-discodeit-notification-group-2, groupId=discodeit-notification-group] Discovered group coordinator localhost:9092 (id: 2147483646 rack: null)
26-06-19 09:35:22.578 [org.springframework.kafka.KafkaListenerEndpointContainer#0-0-C-1] [32mINFO [0;39m o.a.k.c.c.i.ConsumerCoordinator      [ |  | ] - [Consumer clientId=consumer-discodeit-notification-group-1, groupId=discodeit-notification-group] Discovered group coordinator localhost:9092 (id: 2147483646 rack: null)
26-06-19 09:35:22.581 [org.springframework.kafka.KafkaListenerEndpointContainer#0-0-C-1] [32mINFO [0;39m o.a.k.c.c.i.ConsumerCoordinator      [ |  | ] - [Consumer clientId=consumer-discodeit-notification-group-1, groupId=discodeit-notification-group] (Re-)joining group
26-06-19 09:35:22.581 [org.springframework.kafka.KafkaListenerEndpointContainer#1-0-C-1] [32mINFO [0;39m o.a.k.c.c.i.ConsumerCoordinator      [ |  | ] - [Consumer clientId=consumer-discodeit-notification-group-2, groupId=discodeit-notification-group] (Re-)joining group
26-06-19 09:35:22.645 [org.springframework.kafka.KafkaListenerEndpointContainer#1-0-C-1] [32mINFO [0;39m o.a.k.c.c.i.ConsumerCoordinator      [ |  | ] - [Consumer clientId=consumer-discodeit-notification-group-2, groupId=discodeit-notification-group] Group coordinator localhost:9092 (id: 2147483646 rack: null) is unavailable or invalid due to cause: error response NOT_COORDINATOR. isDisconnected: false. Rediscovery will be attempted.
26-06-19 09:35:22.645 [org.springframework.kafka.KafkaListenerEndpointContainer#0-0-C-1] [32mINFO [0;39m o.a.k.c.c.i.ConsumerCoordinator      [ |  | ] - [Consumer clientId=consumer-discodeit-notification-group-1, groupId=discodeit-notification-group] Group coordinator localhost:9092 (id: 2147483646 rack: null) is unavailable or invalid due to cause: error response NOT_COORDINATOR. isDisconnected: false. Rediscovery will be attempted.
26-06-19 09:35:22.645 [org.springframework.kafka.KafkaListenerEndpointContainer#1-0-C-1] [32mINFO [0;39m o.a.k.c.c.i.ConsumerCoordinator      [ |  | ] - [Consumer clientId=consumer-discodeit-notification-group-2, groupId=discodeit-notification-group] Requesting disconnect from last known coordinator localhost:9092 (id: 2147483646 rack: null)
26-06-19 09:35:22.645 [org.springframework.kafka.KafkaListenerEndpointContainer#0-0-C-1] [32mINFO [0;39m o.a.k.c.c.i.ConsumerCoordinator      [ |  | ] - [Consumer clientId=consumer-discodeit-notification-group-1, groupId=discodeit-notification-group] Requesting disconnect from last known coordinator localhost:9092 (id: 2147483646 rack: null)
26-06-19 09:35:22.645 [org.springframework.kafka.KafkaListenerEndpointContainer#0-0-C-1] [32mINFO [0;39m o.a.k.c.c.i.ConsumerCoordinator      [ |  | ] - [Consumer clientId=consumer-discodeit-notification-group-1, groupId=discodeit-notification-group] JoinGroup failed: This is not the correct coordinator. Marking coordinator unknown. Sent generation was Generation{generationId=-1, memberId='', protocol='null'}
26-06-19 09:35:22.645 [org.springframework.kafka.KafkaListenerEndpointContainer#1-0-C-1] [32mINFO [0;39m o.a.k.c.c.i.ConsumerCoordinator      [ |  | ] - [Consumer clientId=consumer-discodeit-notification-group-2, groupId=discodeit-notification-group] JoinGroup failed: This is not the correct coordinator. Marking coordinator unknown. Sent generation was Generation{generationId=-1, memberId='', protocol='null'}
26-06-19 09:35:22.646 [org.springframework.kafka.KafkaListenerEndpointContainer#1-0-C-1] [32mINFO [0;39m o.apache.kafka.clients.NetworkClient [ |  | ] - [Consumer clientId=consumer-discodeit-notification-group-2, groupId=discodeit-notification-group] Client requested disconnect from node 2147483646
26-06-19 09:35:22.646 [org.springframework.kafka.KafkaListenerEndpointContainer#0-0-C-1] [32mINFO [0;39m o.apache.kafka.clients.NetworkClient [ |  | ] - [Consumer clientId=consumer-discodeit-notification-group-1, groupId=discodeit-notification-group] Client requested disconnect from node 2147483646
26-06-19 09:35:22.655 [org.springframework.kafka.KafkaListenerEndpointContainer#0-0-C-1] [32mINFO [0;39m o.a.k.c.c.i.ConsumerCoordinator      [ |  | ] - [Consumer clientId=consumer-discodeit-notification-group-1, groupId=discodeit-notification-group] Discovered group coordinator localhost:9092 (id: 2147483646 rack: null)
26-06-19 09:35:22.656 [org.springframework.kafka.KafkaListenerEndpointContainer#0-0-C-1] [32mINFO [0;39m o.a.k.c.c.i.ConsumerCoordinator      [ |  | ] - [Consumer clientId=consumer-discodeit-notification-group-1, groupId=discodeit-notification-group] Group coordinator localhost:9092 (id: 2147483646 rack: null) is unavailable or invalid due to cause: coordinator unavailable. isDisconnected: false. Rediscovery will be attempted.
26-06-19 09:35:22.656 [org.springframework.kafka.KafkaListenerEndpointContainer#0-0-C-1] [32mINFO [0;39m o.a.k.c.c.i.ConsumerCoordinator      [ |  | ] - [Consumer clientId=consumer-discodeit-notification-group-1, groupId=discodeit-notification-group] Requesting disconnect from last known coordinator localhost:9092 (id: 2147483646 rack: null)
26-06-19 09:35:22.684 [org.springframework.kafka.KafkaListenerEndpointContainer#1-0-C-1] [32mINFO [0;39m o.a.k.c.c.i.ConsumerCoordinator      [ |  | ] - [Consumer clientId=consumer-discodeit-notification-group-2, groupId=discodeit-notification-group] Discovered group coordinator localhost:9092 (id: 2147483646 rack: null)
26-06-19 09:35:22.685 [org.springframework.kafka.KafkaListenerEndpointContainer#1-0-C-1] [32mINFO [0;39m o.a.k.c.c.i.ConsumerCoordinator      [ |  | ] - [Consumer clientId=consumer-discodeit-notification-group-2, groupId=discodeit-notification-group] Group coordinator localhost:9092 (id: 2147483646 rack: null) is unavailable or invalid due to cause: coordinator unavailable. isDisconnected: false. Rediscovery will be attempted.
26-06-19 09:35:22.685 [org.springframework.kafka.KafkaListenerEndpointContainer#1-0-C-1] [32mINFO [0;39m o.a.k.c.c.i.ConsumerCoordinator      [ |  | ] - [Consumer clientId=consumer-discodeit-notification-group-2, groupId=discodeit-notification-group] Requesting disconnect from last known coordinator localhost:9092 (id: 2147483646 rack: null)
26-06-19 09:35:22.778 [org.springframework.kafka.KafkaListenerEndpointContainer#0-0-C-1] [32mINFO [0;39m o.a.k.c.c.i.ConsumerCoordinator      [ |  | ] - [Consumer clientId=consumer-discodeit-notification-group-1, groupId=discodeit-notification-group] Discovered group coordinator localhost:9092 (id: 2147483646 rack: null)
26-06-19 09:35:22.780 [org.springframework.kafka.KafkaListenerEndpointContainer#0-0-C-1] [32mINFO [0;39m o.a.k.c.c.i.ConsumerCoordinator      [ |  | ] - [Consumer clientId=consumer-discodeit-notification-group-1, groupId=discodeit-notification-group] Request joining group due to: rebalance failed due to 'This is not the correct coordinator.' (NotCoordinatorException)
26-06-19 09:35:22.780 [org.springframework.kafka.KafkaListenerEndpointContainer#0-0-C-1] [32mINFO [0;39m o.a.k.c.c.i.ConsumerCoordinator      [ |  | ] - [Consumer clientId=consumer-discodeit-notification-group-1, groupId=discodeit-notification-group] (Re-)joining group
26-06-19 09:35:22.787 [org.springframework.kafka.KafkaListenerEndpointContainer#1-0-C-1] [32mINFO [0;39m o.a.k.c.c.i.ConsumerCoordinator      [ |  | ] - [Consumer clientId=consumer-discodeit-notification-group-2, groupId=discodeit-notification-group] Discovered group coordinator localhost:9092 (id: 2147483646 rack: null)
26-06-19 09:35:22.789 [org.springframework.kafka.KafkaListenerEndpointContainer#1-0-C-1] [32mINFO [0;39m o.a.k.c.c.i.ConsumerCoordinator      [ |  | ] - [Consumer clientId=consumer-discodeit-notification-group-2, groupId=discodeit-notification-group] Request joining group due to: rebalance failed due to 'This is not the correct coordinator.' (NotCoordinatorException)
26-06-19 09:35:22.790 [org.springframework.kafka.KafkaListenerEndpointContainer#1-0-C-1] [32mINFO [0;39m o.a.k.c.c.i.ConsumerCoordinator      [ |  | ] - [Consumer clientId=consumer-discodeit-notification-group-2, groupId=discodeit-notification-group] (Re-)joining group
26-06-19 09:35:22.797 [org.springframework.kafka.KafkaListenerEndpointContainer#0-0-C-1] [32mINFO [0;39m o.a.k.c.c.i.ConsumerCoordinator      [ |  | ] - [Consumer clientId=consumer-discodeit-notification-group-1, groupId=discodeit-notification-group] Group coordinator localhost:9092 (id: 2147483646 rack: null) is unavailable or invalid due to cause: error response NOT_COORDINATOR. isDisconnected: false. Rediscovery will be attempted.
26-06-19 09:35:22.798 [org.springframework.kafka.KafkaListenerEndpointContainer#0-0-C-1] [32mINFO [0;39m o.a.k.c.c.i.ConsumerCoordinator      [ |  | ] - [Consumer clientId=consumer-discodeit-notification-group-1, groupId=discodeit-notification-group] Requesting disconnect from last known coordinator localhost:9092 (id: 2147483646 rack: null)
26-06-19 09:35:22.798 [org.springframework.kafka.KafkaListenerEndpointContainer#0-0-C-1] [32mINFO [0;39m o.a.k.c.c.i.ConsumerCoordinator      [ |  | ] - [Consumer clientId=consumer-discodeit-notification-group-1, groupId=discodeit-notification-group] JoinGroup failed: This is not the correct coordinator. Marking coordinator unknown. Sent generation was Generation{generationId=-1, memberId='', protocol='null'}
26-06-19 09:35:22.799 [org.springframework.kafka.KafkaListenerEndpointContainer#0-0-C-1] [32mINFO [0;39m o.apache.kafka.clients.NetworkClient [ |  | ] - [Consumer clientId=consumer-discodeit-notification-group-1, groupId=discodeit-notification-group] Client requested disconnect from node 2147483646
26-06-19 09:35:22.814 [org.springframework.kafka.KafkaListenerEndpointContainer#0-0-C-1] [32mINFO [0;39m o.a.k.c.c.i.ConsumerCoordinator      [ |  | ] - [Consumer clientId=consumer-discodeit-notification-group-1, groupId=discodeit-notification-group] Discovered group coordinator localhost:9092 (id: 2147483646 rack: null)
26-06-19 09:35:22.814 [org.springframework.kafka.KafkaListenerEndpointContainer#1-0-C-1] [32mINFO [0;39m o.a.k.c.c.i.ConsumerCoordinator      [ |  | ] - [Consumer clientId=consumer-discodeit-notification-group-2, groupId=discodeit-notification-group] Group coordinator localhost:9092 (id: 2147483646 rack: null) is unavailable or invalid due to cause: error response NOT_COORDINATOR. isDisconnected: false. Rediscovery will be attempted.
26-06-19 09:35:22.814 [org.springframework.kafka.KafkaListenerEndpointContainer#1-0-C-1] [32mINFO [0;39m o.a.k.c.c.i.ConsumerCoordinator      [ |  | ] - [Consumer clientId=consumer-discodeit-notification-group-2, groupId=discodeit-notification-group] Requesting disconnect from last known coordinator localhost:9092 (id: 2147483646 rack: null)
26-06-19 09:35:22.814 [org.springframework.kafka.KafkaListenerEndpointContainer#0-0-C-1] [32mINFO [0;39m o.a.k.c.c.i.ConsumerCoordinator      [ |  | ] - [Consumer clientId=consumer-discodeit-notification-group-1, groupId=discodeit-notification-group] Group coordinator localhost:9092 (id: 2147483646 rack: null) is unavailable or invalid due to cause: coordinator unavailable. isDisconnected: false. Rediscovery will be attempted.
26-06-19 09:35:22.814 [org.springframework.kafka.KafkaListenerEndpointContainer#0-0-C-1] [32mINFO [0;39m o.a.k.c.c.i.ConsumerCoordinator      [ |  | ] - [Consumer clientId=consumer-discodeit-notification-group-1, groupId=discodeit-notification-group] Requesting disconnect from last known coordinator localhost:9092 (id: 2147483646 rack: null)
26-06-19 09:35:22.814 [org.springframework.kafka.KafkaListenerEndpointContainer#1-0-C-1] [32mINFO [0;39m o.a.k.c.c.i.ConsumerCoordinator      [ |  | ] - [Consumer clientId=consumer-discodeit-notification-group-2, groupId=discodeit-notification-group] JoinGroup failed: This is not the correct coordinator. Marking coordinator unknown. Sent generation was Generation{generationId=-1, memberId='', protocol='null'}
26-06-19 09:35:22.815 [org.springframework.kafka.KafkaListenerEndpointContainer#1-0-C-1] [32mINFO [0;39m o.apache.kafka.clients.NetworkClient [ |  | ] - [Consumer clientId=consumer-discodeit-notification-group-2, groupId=discodeit-notification-group] Client requested disconnect from node 2147483646
26-06-19 09:35:22.845 [org.springframework.kafka.KafkaListenerEndpointContainer#1-0-C-1] [32mINFO [0;39m o.a.k.c.c.i.ConsumerCoordinator      [ |  | ] - [Consumer clientId=consumer-discodeit-notification-group-2, groupId=discodeit-notification-group] Discovered group coordinator localhost:9092 (id: 2147483646 rack: null)
26-06-19 09:35:22.846 [org.springframework.kafka.KafkaListenerEndpointContainer#1-0-C-1] [32mINFO [0;39m o.a.k.c.c.i.ConsumerCoordinator      [ |  | ] - [Consumer clientId=consumer-discodeit-notification-group-2, groupId=discodeit-notification-group] Group coordinator localhost:9092 (id: 2147483646 rack: null) is unavailable or invalid due to cause: coordinator unavailable. isDisconnected: false. Rediscovery will be attempted.
26-06-19 09:35:22.846 [org.springframework.kafka.KafkaListenerEndpointContainer#1-0-C-1] [32mINFO [0;39m o.a.k.c.c.i.ConsumerCoordinator      [ |  | ] - [Consumer clientId=consumer-discodeit-notification-group-2, groupId=discodeit-notification-group] Requesting disconnect from last known coordinator localhost:9092 (id: 2147483646 rack: null)
26-06-19 09:35:22.918 [org.springframework.kafka.KafkaListenerEndpointContainer#0-0-C-1] [32mINFO [0;39m o.a.k.c.c.i.ConsumerCoordinator      [ |  | ] - [Consumer clientId=consumer-discodeit-notification-group-1, groupId=discodeit-notification-group] Discovered group coordinator localhost:9092 (id: 2147483646 rack: null)
26-06-19 09:35:22.919 [org.springframework.kafka.KafkaListenerEndpointContainer#0-0-C-1] [32mINFO [0;39m o.a.k.c.c.i.ConsumerCoordinator      [ |  | ] - [Consumer clientId=consumer-discodeit-notification-group-1, groupId=discodeit-notification-group] Request joining group due to: rebalance failed due to 'This is not the correct coordinator.' (NotCoordinatorException)
26-06-19 09:35:22.921 [org.springframework.kafka.KafkaListenerEndpointContainer#0-0-C-1] [32mINFO [0;39m o.a.k.c.c.i.ConsumerCoordinator      [ |  | ] - [Consumer clientId=consumer-discodeit-notification-group-1, groupId=discodeit-notification-group] (Re-)joining group
26-06-19 09:35:22.934 [org.springframework.kafka.KafkaListenerEndpointContainer#0-0-C-1] [32mINFO [0;39m o.a.k.c.c.i.ConsumerCoordinator      [ |  | ] - [Consumer clientId=consumer-discodeit-notification-group-1, groupId=discodeit-notification-group] Group coordinator localhost:9092 (id: 2147483646 rack: null) is unavailable or invalid due to cause: error response NOT_COORDINATOR. isDisconnected: false. Rediscovery will be attempted.
26-06-19 09:35:22.934 [org.springframework.kafka.KafkaListenerEndpointContainer#0-0-C-1] [32mINFO [0;39m o.a.k.c.c.i.ConsumerCoordinator      [ |  | ] - [Consumer clientId=consumer-discodeit-notification-group-1, groupId=discodeit-notification-group] Requesting disconnect from last known coordinator localhost:9092 (id: 2147483646 rack: null)
26-06-19 09:35:22.935 [org.springframework.kafka.KafkaListenerEndpointContainer#0-0-C-1] [32mINFO [0;39m o.a.k.c.c.i.ConsumerCoordinator      [ |  | ] - [Consumer clientId=consumer-discodeit-notification-group-1, groupId=discodeit-notification-group] JoinGroup failed: This is not the correct coordinator. Marking coordinator unknown. Sent generation was Generation{generationId=-1, memberId='', protocol='null'}
26-06-19 09:35:22.935 [org.springframework.kafka.KafkaListenerEndpointContainer#0-0-C-1] [32mINFO [0;39m o.apache.kafka.clients.NetworkClient [ |  | ] - [Consumer clientId=consumer-discodeit-notification-group-1, groupId=discodeit-notification-group] Client requested disconnect from node 2147483646
26-06-19 09:35:22.944 [org.springframework.kafka.KafkaListenerEndpointContainer#1-0-C-1] [32mINFO [0;39m o.a.k.c.c.i.ConsumerCoordinator      [ |  | ] - [Consumer clientId=consumer-discodeit-notification-group-2, groupId=discodeit-notification-group] Discovered group coordinator localhost:9092 (id: 2147483646 rack: null)
26-06-19 09:35:22.945 [org.springframework.kafka.KafkaListenerEndpointContainer#0-0-C-1] [32mINFO [0;39m o.a.k.c.c.i.ConsumerCoordinator      [ |  | ] - [Consumer clientId=consumer-discodeit-notification-group-1, groupId=discodeit-notification-group] Discovered group coordinator localhost:9092 (id: 2147483646 rack: null)
26-06-19 09:35:22.946 [org.springframework.kafka.KafkaListenerEndpointContainer#0-0-C-1] [32mINFO [0;39m o.a.k.c.c.i.ConsumerCoordinator      [ |  | ] - [Consumer clientId=consumer-discodeit-notification-group-1, groupId=discodeit-notification-group] Group coordinator localhost:9092 (id: 2147483646 rack: null) is unavailable or invalid due to cause: coordinator unavailable. isDisconnected: false. Rediscovery will be attempted.
26-06-19 09:35:22.946 [org.springframework.kafka.KafkaListenerEndpointContainer#1-0-C-1] [32mINFO [0;39m o.a.k.c.c.i.ConsumerCoordinator      [ |  | ] - [Consumer clientId=consumer-discodeit-notification-group-2, groupId=discodeit-notification-group] Request joining group due to: rebalance failed due to 'This is not the correct coordinator.' (NotCoordinatorException)
26-06-19 09:35:22.946 [org.springframework.kafka.KafkaListenerEndpointContainer#0-0-C-1] [32mINFO [0;39m o.a.k.c.c.i.ConsumerCoordinator      [ |  | ] - [Consumer clientId=consumer-discodeit-notification-group-1, groupId=discodeit-notification-group] Requesting disconnect from last known coordinator localhost:9092 (id: 2147483646 rack: null)
26-06-19 09:35:22.947 [org.springframework.kafka.KafkaListenerEndpointContainer#1-0-C-1] [32mINFO [0;39m o.a.k.c.c.i.ConsumerCoordinator      [ |  | ] - [Consumer clientId=consumer-discodeit-notification-group-2, groupId=discodeit-notification-group] (Re-)joining group
26-06-19 09:35:22.977 [org.springframework.kafka.KafkaListenerEndpointContainer#1-0-C-1] [32mINFO [0;39m o.a.k.c.c.i.ConsumerCoordinator      [ |  | ] - [Consumer clientId=consumer-discodeit-notification-group-2, groupId=discodeit-notification-group] Group coordinator localhost:9092 (id: 2147483646 rack: null) is unavailable or invalid due to cause: error response NOT_COORDINATOR. isDisconnected: false. Rediscovery will be attempted.
26-06-19 09:35:22.977 [org.springframework.kafka.KafkaListenerEndpointContainer#1-0-C-1] [32mINFO [0;39m o.a.k.c.c.i.ConsumerCoordinator      [ |  | ] - [Consumer clientId=consumer-discodeit-notification-group-2, groupId=discodeit-notification-group] Requesting disconnect from last known coordinator localhost:9092 (id: 2147483646 rack: null)
26-06-19 09:35:22.977 [org.springframework.kafka.KafkaListenerEndpointContainer#1-0-C-1] [32mINFO [0;39m o.a.k.c.c.i.ConsumerCoordinator      [ |  | ] - [Consumer clientId=consumer-discodeit-notification-group-2, groupId=discodeit-notification-group] JoinGroup failed: This is not the correct coordinator. Marking coordinator unknown. Sent generation was Generation{generationId=-1, memberId='', protocol='null'}
26-06-19 09:35:22.977 [org.springframework.kafka.KafkaListenerEndpointContainer#1-0-C-1] [32mINFO [0;39m o.apache.kafka.clients.NetworkClient [ |  | ] - [Consumer clientId=consumer-discodeit-notification-group-2, groupId=discodeit-notification-group] Client requested disconnect from node 2147483646
26-06-19 09:35:22.982 [org.springframework.kafka.KafkaListenerEndpointContainer#1-0-C-1] [32mINFO [0;39m o.a.k.c.c.i.ConsumerCoordinator      [ |  | ] - [Consumer clientId=consumer-discodeit-notification-group-2, groupId=discodeit-notification-group] Discovered group coordinator localhost:9092 (id: 2147483646 rack: null)
26-06-19 09:35:22.983 [org.springframework.kafka.KafkaListenerEndpointContainer#1-0-C-1] [32mINFO [0;39m o.a.k.c.c.i.ConsumerCoordinator      [ |  | ] - [Consumer clientId=consumer-discodeit-notification-group-2, groupId=discodeit-notification-group] Group coordinator localhost:9092 (id: 2147483646 rack: null) is unavailable or invalid due to cause: coordinator unavailable. isDisconnected: false. Rediscovery will be attempted.
26-06-19 09:35:22.983 [org.springframework.kafka.KafkaListenerEndpointContainer#1-0-C-1] [32mINFO [0;39m o.a.k.c.c.i.ConsumerCoordinator      [ |  | ] - [Consumer clientId=consumer-discodeit-notification-group-2, groupId=discodeit-notification-group] Requesting disconnect from last known coordinator localhost:9092 (id: 2147483646 rack: null)
26-06-19 09:35:23.113 [org.springframework.kafka.KafkaListenerEndpointContainer#0-0-C-1] [32mINFO [0;39m o.a.k.c.c.i.ConsumerCoordinator      [ |  | ] - [Consumer clientId=consumer-discodeit-notification-group-1, groupId=discodeit-notification-group] Discovered group coordinator localhost:9092 (id: 2147483646 rack: null)
26-06-19 09:35:23.117 [org.springframework.kafka.KafkaListenerEndpointContainer#0-0-C-1] [32mINFO [0;39m o.a.k.c.c.i.ConsumerCoordinator      [ |  | ] - [Consumer clientId=consumer-discodeit-notification-group-1, groupId=discodeit-notification-group] Request joining group due to: rebalance failed due to 'This is not the correct coordinator.' (NotCoordinatorException)
26-06-19 09:35:23.119 [org.springframework.kafka.KafkaListenerEndpointContainer#0-0-C-1] [32mINFO [0;39m o.a.k.c.c.i.ConsumerCoordinator      [ |  | ] - [Consumer clientId=consumer-discodeit-notification-group-1, groupId=discodeit-notification-group] (Re-)joining group
26-06-19 09:35:23.145 [org.springframework.kafka.KafkaListenerEndpointContainer#1-0-C-1] [32mINFO [0;39m o.a.k.c.c.i.ConsumerCoordinator      [ |  | ] - [Consumer clientId=consumer-discodeit-notification-group-2, groupId=discodeit-notification-group] Discovered group coordinator localhost:9092 (id: 2147483646 rack: null)
26-06-19 09:35:23.148 [org.springframework.kafka.KafkaListenerEndpointContainer#1-0-C-1] [32mINFO [0;39m o.a.k.c.c.i.ConsumerCoordinator      [ |  | ] - [Consumer clientId=consumer-discodeit-notification-group-2, groupId=discodeit-notification-group] Request joining group due to: rebalance failed due to 'This is not the correct coordinator.' (NotCoordinatorException)
26-06-19 09:35:23.149 [org.springframework.kafka.KafkaListenerEndpointContainer#1-0-C-1] [32mINFO [0;39m o.a.k.c.c.i.ConsumerCoordinator      [ |  | ] - [Consumer clientId=consumer-discodeit-notification-group-2, groupId=discodeit-notification-group] (Re-)joining group
26-06-19 09:35:23.174 [org.springframework.kafka.KafkaListenerEndpointContainer#0-0-C-1] [32mINFO [0;39m o.a.k.c.c.i.ConsumerCoordinator      [ |  | ] - [Consumer clientId=consumer-discodeit-notification-group-1, groupId=discodeit-notification-group] Group coordinator localhost:9092 (id: 2147483646 rack: null) is unavailable or invalid due to cause: error response NOT_COORDINATOR. isDisconnected: false. Rediscovery will be attempted.
26-06-19 09:35:23.175 [org.springframework.kafka.KafkaListenerEndpointContainer#0-0-C-1] [32mINFO [0;39m o.a.k.c.c.i.ConsumerCoordinator      [ |  | ] - [Consumer clientId=consumer-discodeit-notification-group-1, groupId=discodeit-notification-group] Requesting disconnect from last known coordinator localhost:9092 (id: 2147483646 rack: null)
26-06-19 09:35:23.175 [org.springframework.kafka.KafkaListenerEndpointContainer#1-0-C-1] [32mINFO [0;39m o.a.k.c.c.i.ConsumerCoordinator      [ |  | ] - [Consumer clientId=consumer-discodeit-notification-group-2, groupId=discodeit-notification-group] Group coordinator localhost:9092 (id: 2147483646 rack: null) is unavailable or invalid due to cause: error response NOT_COORDINATOR. isDisconnected: false. Rediscovery will be attempted.
26-06-19 09:35:23.175 [org.springframework.kafka.KafkaListenerEndpointContainer#0-0-C-1] [32mINFO [0;39m o.a.k.c.c.i.ConsumerCoordinator      [ |  | ] - [Consumer clientId=consumer-discodeit-notification-group-1, groupId=discodeit-notification-group] JoinGroup failed: This is not the correct coordinator. Marking coordinator unknown. Sent generation was Generation{generationId=-1, memberId='', protocol='null'}
26-06-19 09:35:23.175 [org.springframework.kafka.KafkaListenerEndpointContainer#1-0-C-1] [32mINFO [0;39m o.a.k.c.c.i.ConsumerCoordinator      [ |  | ] - [Consumer clientId=consumer-discodeit-notification-group-2, groupId=discodeit-notification-group] Requesting disconnect from last known coordinator localhost:9092 (id: 2147483646 rack: null)
26-06-19 09:35:23.175 [org.springframework.kafka.KafkaListenerEndpointContainer#1-0-C-1] [32mINFO [0;39m o.a.k.c.c.i.ConsumerCoordinator      [ |  | ] - [Consumer clientId=consumer-discodeit-notification-group-2, groupId=discodeit-notification-group] JoinGroup failed: This is not the correct coordinator. Marking coordinator unknown. Sent generation was Generation{generationId=-1, memberId='', protocol='null'}
26-06-19 09:35:23.175 [org.springframework.kafka.KafkaListenerEndpointContainer#1-0-C-1] [32mINFO [0;39m o.apache.kafka.clients.NetworkClient [ |  | ] - [Consumer clientId=consumer-discodeit-notification-group-2, groupId=discodeit-notification-group] Client requested disconnect from node 2147483646
26-06-19 09:35:23.175 [org.springframework.kafka.KafkaListenerEndpointContainer#0-0-C-1] [32mINFO [0;39m o.apache.kafka.clients.NetworkClient [ |  | ] - [Consumer clientId=consumer-discodeit-notification-group-1, groupId=discodeit-notification-group] Client requested disconnect from node 2147483646
26-06-19 09:35:23.183 [org.springframework.kafka.KafkaListenerEndpointContainer#1-0-C-1] [32mINFO [0;39m o.a.k.c.c.i.ConsumerCoordinator      [ |  | ] - [Consumer clientId=consumer-discodeit-notification-group-2, groupId=discodeit-notification-group] Discovered group coordinator localhost:9092 (id: 2147483646 rack: null)
26-06-19 09:35:23.183 [org.springframework.kafka.KafkaListenerEndpointContainer#0-0-C-1] [32mINFO [0;39m o.a.k.c.c.i.ConsumerCoordinator      [ |  | ] - [Consumer clientId=consumer-discodeit-notification-group-1, groupId=discodeit-notification-group] Discovered group coordinator localhost:9092 (id: 2147483646 rack: null)
26-06-19 09:35:23.184 [org.springframework.kafka.KafkaListenerEndpointContainer#1-0-C-1] [32mINFO [0;39m o.a.k.c.c.i.ConsumerCoordinator      [ |  | ] - [Consumer clientId=consumer-discodeit-notification-group-2, groupId=discodeit-notification-group] Group coordinator localhost:9092 (id: 2147483646 rack: null) is unavailable or invalid due to cause: coordinator unavailable. isDisconnected: false. Rediscovery will be attempted.
26-06-19 09:35:23.185 [org.springframework.kafka.KafkaListenerEndpointContainer#1-0-C-1] [32mINFO [0;39m o.a.k.c.c.i.ConsumerCoordinator      [ |  | ] - [Consumer clientId=consumer-discodeit-notification-group-2, groupId=discodeit-notification-group] Requesting disconnect from last known coordinator localhost:9092 (id: 2147483646 rack: null)
26-06-19 09:35:23.184 [org.springframework.kafka.KafkaListenerEndpointContainer#0-0-C-1] [32mINFO [0;39m o.a.k.c.c.i.ConsumerCoordinator      [ |  | ] - [Consumer clientId=consumer-discodeit-notification-group-1, groupId=discodeit-notification-group] Group coordinator localhost:9092 (id: 2147483646 rack: null) is unavailable or invalid due to cause: coordinator unavailable. isDisconnected: false. Rediscovery will be attempted.
26-06-19 09:35:23.186 [org.springframework.kafka.KafkaListenerEndpointContainer#0-0-C-1] [32mINFO [0;39m o.a.k.c.c.i.ConsumerCoordinator      [ |  | ] - [Consumer clientId=consumer-discodeit-notification-group-1, groupId=discodeit-notification-group] Requesting disconnect from last known coordinator localhost:9092 (id: 2147483646 rack: null)
26-06-19 09:35:23.310 [org.springframework.kafka.KafkaListenerEndpointContainer#0-0-C-1] [32mINFO [0;39m o.a.k.c.c.i.ConsumerCoordinator      [ |  | ] - [Consumer clientId=consumer-discodeit-notification-group-1, groupId=discodeit-notification-group] Discovered group coordinator localhost:9092 (id: 2147483646 rack: null)
26-06-19 09:35:23.313 [org.springframework.kafka.KafkaListenerEndpointContainer#0-0-C-1] [32mINFO [0;39m o.a.k.c.c.i.ConsumerCoordinator      [ |  | ] - [Consumer clientId=consumer-discodeit-notification-group-1, groupId=discodeit-notification-group] Request joining group due to: rebalance failed due to 'This is not the correct coordinator.' (NotCoordinatorException)
26-06-19 09:35:23.315 [org.springframework.kafka.KafkaListenerEndpointContainer#0-0-C-1] [32mINFO [0;39m o.a.k.c.c.i.ConsumerCoordinator      [ |  | ] - [Consumer clientId=consumer-discodeit-notification-group-1, groupId=discodeit-notification-group] (Re-)joining group
26-06-19 09:35:23.329 [org.springframework.kafka.KafkaListenerEndpointContainer#1-0-C-1] [32mINFO [0;39m o.a.k.c.c.i.ConsumerCoordinator      [ |  | ] - [Consumer clientId=consumer-discodeit-notification-group-2, groupId=discodeit-notification-group] Discovered group coordinator localhost:9092 (id: 2147483646 rack: null)
26-06-19 09:35:23.332 [org.springframework.kafka.KafkaListenerEndpointContainer#1-0-C-1] [32mINFO [0;39m o.a.k.c.c.i.ConsumerCoordinator      [ |  | ] - [Consumer clientId=consumer-discodeit-notification-group-2, groupId=discodeit-notification-group] Request joining group due to: rebalance failed due to 'This is not the correct coordinator.' (NotCoordinatorException)
26-06-19 09:35:23.333 [org.springframework.kafka.KafkaListenerEndpointContainer#1-0-C-1] [32mINFO [0;39m o.a.k.c.c.i.ConsumerCoordinator      [ |  | ] - [Consumer clientId=consumer-discodeit-notification-group-2, groupId=discodeit-notification-group] (Re-)joining group
26-06-19 09:35:23.354 [org.springframework.kafka.KafkaListenerEndpointContainer#0-0-C-1] [32mINFO [0;39m o.a.k.c.c.i.ConsumerCoordinator      [ |  | ] - [Consumer clientId=consumer-discodeit-notification-group-1, groupId=discodeit-notification-group] Group coordinator localhost:9092 (id: 2147483646 rack: null) is unavailable or invalid due to cause: error response NOT_COORDINATOR. isDisconnected: false. Rediscovery will be attempted.
26-06-19 09:35:23.354 [org.springframework.kafka.KafkaListenerEndpointContainer#0-0-C-1] [32mINFO [0;39m o.a.k.c.c.i.ConsumerCoordinator      [ |  | ] - [Consumer clientId=consumer-discodeit-notification-group-1, groupId=discodeit-notification-group] Requesting disconnect from last known coordinator localhost:9092 (id: 2147483646 rack: null)
26-06-19 09:35:23.354 [org.springframework.kafka.KafkaListenerEndpointContainer#0-0-C-1] [32mINFO [0;39m o.a.k.c.c.i.ConsumerCoordinator      [ |  | ] - [Consumer clientId=consumer-discodeit-notification-group-1, groupId=discodeit-notification-group] JoinGroup failed: This is not the correct coordinator. Marking coordinator unknown. Sent generation was Generation{generationId=-1, memberId='', protocol='null'}
26-06-19 09:35:23.354 [org.springframework.kafka.KafkaListenerEndpointContainer#0-0-C-1] [32mINFO [0;39m o.apache.kafka.clients.NetworkClient [ |  | ] - [Consumer clientId=consumer-discodeit-notification-group-1, groupId=discodeit-notification-group] Client requested disconnect from node 2147483646
26-06-19 09:35:23.355 [org.springframework.kafka.KafkaListenerEndpointContainer#1-0-C-1] [32mINFO [0;39m o.a.k.c.c.i.ConsumerCoordinator      [ |  | ] - [Consumer clientId=consumer-discodeit-notification-group-2, groupId=discodeit-notification-group] Group coordinator localhost:9092 (id: 2147483646 rack: null) is unavailable or invalid due to cause: error response NOT_COORDINATOR. isDisconnected: false. Rediscovery will be attempted.
26-06-19 09:35:23.355 [org.springframework.kafka.KafkaListenerEndpointContainer#1-0-C-1] [32mINFO [0;39m o.a.k.c.c.i.ConsumerCoordinator      [ |  | ] - [Consumer clientId=consumer-discodeit-notification-group-2, groupId=discodeit-notification-group] Requesting disconnect from last known coordinator localhost:9092 (id: 2147483646 rack: null)
26-06-19 09:35:23.355 [org.springframework.kafka.KafkaListenerEndpointContainer#1-0-C-1] [32mINFO [0;39m o.a.k.c.c.i.ConsumerCoordinator      [ |  | ] - [Consumer clientId=consumer-discodeit-notification-group-2, groupId=discodeit-notification-group] JoinGroup failed: This is not the correct coordinator. Marking coordinator unknown. Sent generation was Generation{generationId=-1, memberId='', protocol='null'}
26-06-19 09:35:23.355 [org.springframework.kafka.KafkaListenerEndpointContainer#1-0-C-1] [32mINFO [0;39m o.apache.kafka.clients.NetworkClient [ |  | ] - [Consumer clientId=consumer-discodeit-notification-group-2, groupId=discodeit-notification-group] Client requested disconnect from node 2147483646
26-06-19 09:35:23.361 [org.springframework.kafka.KafkaListenerEndpointContainer#1-0-C-1] [32mINFO [0;39m o.a.k.c.c.i.ConsumerCoordinator      [ |  | ] - [Consumer clientId=consumer-discodeit-notification-group-2, groupId=discodeit-notification-group] Discovered group coordinator localhost:9092 (id: 2147483646 rack: null)
26-06-19 09:35:23.362 [org.springframework.kafka.KafkaListenerEndpointContainer#0-0-C-1] [32mINFO [0;39m o.a.k.c.c.i.ConsumerCoordinator      [ |  | ] - [Consumer clientId=consumer-discodeit-notification-group-1, groupId=discodeit-notification-group] Discovered group coordinator localhost:9092 (id: 2147483646 rack: null)
26-06-19 09:35:23.362 [org.springframework.kafka.KafkaListenerEndpointContainer#1-0-C-1] [32mINFO [0;39m o.a.k.c.c.i.ConsumerCoordinator      [ |  | ] - [Consumer clientId=consumer-discodeit-notification-group-2, groupId=discodeit-notification-group] Group coordinator localhost:9092 (id: 2147483646 rack: null) is unavailable or invalid due to cause: coordinator unavailable. isDisconnected: false. Rediscovery will be attempted.
26-06-19 09:35:23.362 [org.springframework.kafka.KafkaListenerEndpointContainer#1-0-C-1] [32mINFO [0;39m o.a.k.c.c.i.ConsumerCoordinator      [ |  | ] - [Consumer clientId=consumer-discodeit-notification-group-2, groupId=discodeit-notification-group] Requesting disconnect from last known coordinator localhost:9092 (id: 2147483646 rack: null)
26-06-19 09:35:23.362 [org.springframework.kafka.KafkaListenerEndpointContainer#0-0-C-1] [32mINFO [0;39m o.a.k.c.c.i.ConsumerCoordinator      [ |  | ] - [Consumer clientId=consumer-discodeit-notification-group-1, groupId=discodeit-notification-group] Group coordinator localhost:9092 (id: 2147483646 rack: null) is unavailable or invalid due to cause: coordinator unavailable. isDisconnected: false. Rediscovery will be attempted.
26-06-19 09:35:23.362 [org.springframework.kafka.KafkaListenerEndpointContainer#0-0-C-1] [32mINFO [0;39m o.a.k.c.c.i.ConsumerCoordinator      [ |  | ] - [Consumer clientId=consumer-discodeit-notification-group-1, groupId=discodeit-notification-group] Requesting disconnect from last known coordinator localhost:9092 (id: 2147483646 rack: null)
26-06-19 09:35:23.485 [org.springframework.kafka.KafkaListenerEndpointContainer#0-0-C-1] [32mINFO [0;39m o.a.k.c.c.i.ConsumerCoordinator      [ |  | ] - [Consumer clientId=consumer-discodeit-notification-group-1, groupId=discodeit-notification-group] Discovered group coordinator localhost:9092 (id: 2147483646 rack: null)
26-06-19 09:35:23.485 [org.springframework.kafka.KafkaListenerEndpointContainer#1-0-C-1] [32mINFO [0;39m o.a.k.c.c.i.ConsumerCoordinator      [ |  | ] - [Consumer clientId=consumer-discodeit-notification-group-2, groupId=discodeit-notification-group] Discovered group coordinator localhost:9092 (id: 2147483646 rack: null)
26-06-19 09:35:23.487 [org.springframework.kafka.KafkaListenerEndpointContainer#0-0-C-1] [32mINFO [0;39m o.a.k.c.c.i.ConsumerCoordinator      [ |  | ] - [Consumer clientId=consumer-discodeit-notification-group-1, groupId=discodeit-notification-group] Request joining group due to: rebalance failed due to 'This is not the correct coordinator.' (NotCoordinatorException)
26-06-19 09:35:23.487 [org.springframework.kafka.KafkaListenerEndpointContainer#1-0-C-1] [32mINFO [0;39m o.a.k.c.c.i.ConsumerCoordinator      [ |  | ] - [Consumer clientId=consumer-discodeit-notification-group-2, groupId=discodeit-notification-group] Request joining group due to: rebalance failed due to 'This is not the correct coordinator.' (NotCoordinatorException)
26-06-19 09:35:23.488 [org.springframework.kafka.KafkaListenerEndpointContainer#0-0-C-1] [32mINFO [0;39m o.a.k.c.c.i.ConsumerCoordinator      [ |  | ] - [Consumer clientId=consumer-discodeit-notification-group-1, groupId=discodeit-notification-group] (Re-)joining group
26-06-19 09:35:23.488 [org.springframework.kafka.KafkaListenerEndpointContainer#1-0-C-1] [32mINFO [0;39m o.a.k.c.c.i.ConsumerCoordinator      [ |  | ] - [Consumer clientId=consumer-discodeit-notification-group-2, groupId=discodeit-notification-group] (Re-)joining group
26-06-19 09:35:23.527 [org.springframework.kafka.KafkaListenerEndpointContainer#0-0-C-1] [32mINFO [0;39m o.a.k.c.c.i.ConsumerCoordinator      [ |  | ] - [Consumer clientId=consumer-discodeit-notification-group-1, groupId=discodeit-notification-group] Group coordinator localhost:9092 (id: 2147483646 rack: null) is unavailable or invalid due to cause: error response NOT_COORDINATOR. isDisconnected: false. Rediscovery will be attempted.
26-06-19 09:35:23.528 [org.springframework.kafka.KafkaListenerEndpointContainer#0-0-C-1] [32mINFO [0;39m o.a.k.c.c.i.ConsumerCoordinator      [ |  | ] - [Consumer clientId=consumer-discodeit-notification-group-1, groupId=discodeit-notification-group] Requesting disconnect from last known coordinator localhost:9092 (id: 2147483646 rack: null)
26-06-19 09:35:23.528 [org.springframework.kafka.KafkaListenerEndpointContainer#0-0-C-1] [32mINFO [0;39m o.a.k.c.c.i.ConsumerCoordinator      [ |  | ] - [Consumer clientId=consumer-discodeit-notification-group-1, groupId=discodeit-notification-group] JoinGroup failed: This is not the correct coordinator. Marking coordinator unknown. Sent generation was Generation{generationId=-1, memberId='', protocol='null'}
26-06-19 09:35:23.529 [org.springframework.kafka.KafkaListenerEndpointContainer#0-0-C-1] [32mINFO [0;39m o.apache.kafka.clients.NetworkClient [ |  | ] - [Consumer clientId=consumer-discodeit-notification-group-1, groupId=discodeit-notification-group] Client requested disconnect from node 2147483646
26-06-19 09:35:23.533 [org.springframework.kafka.KafkaListenerEndpointContainer#1-0-C-1] [32mINFO [0;39m o.a.k.c.c.i.ConsumerCoordinator      [ |  | ] - [Consumer clientId=consumer-discodeit-notification-group-2, groupId=discodeit-notification-group] Group coordinator localhost:9092 (id: 2147483646 rack: null) is unavailable or invalid due to cause: error response NOT_COORDINATOR. isDisconnected: false. Rediscovery will be attempted.
26-06-19 09:35:23.533 [org.springframework.kafka.KafkaListenerEndpointContainer#1-0-C-1] [32mINFO [0;39m o.a.k.c.c.i.ConsumerCoordinator      [ |  | ] - [Consumer clientId=consumer-discodeit-notification-group-2, groupId=discodeit-notification-group] Requesting disconnect from last known coordinator localhost:9092 (id: 2147483646 rack: null)
26-06-19 09:35:23.534 [org.springframework.kafka.KafkaListenerEndpointContainer#1-0-C-1] [32mINFO [0;39m o.a.k.c.c.i.ConsumerCoordinator      [ |  | ] - [Consumer clientId=consumer-discodeit-notification-group-2, groupId=discodeit-notification-group] JoinGroup failed: This is not the correct coordinator. Marking coordinator unknown. Sent generation was Generation{generationId=-1, memberId='', protocol='null'}
26-06-19 09:35:23.534 [org.springframework.kafka.KafkaListenerEndpointContainer#1-0-C-1] [32mINFO [0;39m o.apache.kafka.clients.NetworkClient [ |  | ] - [Consumer clientId=consumer-discodeit-notification-group-2, groupId=discodeit-notification-group] Client requested disconnect from node 2147483646
26-06-19 09:35:23.545 [org.springframework.kafka.KafkaListenerEndpointContainer#1-0-C-1] [32mINFO [0;39m o.a.k.c.c.i.ConsumerCoordinator      [ |  | ] - [Consumer clientId=consumer-discodeit-notification-group-2, groupId=discodeit-notification-group] Discovered group coordinator localhost:9092 (id: 2147483646 rack: null)
26-06-19 09:35:23.545 [org.springframework.kafka.KafkaListenerEndpointContainer#0-0-C-1] [32mINFO [0;39m o.a.k.c.c.i.ConsumerCoordinator      [ |  | ] - [Consumer clientId=consumer-discodeit-notification-group-1, groupId=discodeit-notification-group] Discovered group coordinator localhost:9092 (id: 2147483646 rack: null)
26-06-19 09:35:23.545 [org.springframework.kafka.KafkaListenerEndpointContainer#1-0-C-1] [32mINFO [0;39m o.a.k.c.c.i.ConsumerCoordinator      [ |  | ] - [Consumer clientId=consumer-discodeit-notification-group-2, groupId=discodeit-notification-group] Group coordinator localhost:9092 (id: 2147483646 rack: null) is unavailable or invalid due to cause: coordinator unavailable. isDisconnected: false. Rediscovery will be attempted.
26-06-19 09:35:23.545 [org.springframework.kafka.KafkaListenerEndpointContainer#1-0-C-1] [32mINFO [0;39m o.a.k.c.c.i.ConsumerCoordinator      [ |  | ] - [Consumer clientId=consumer-discodeit-notification-group-2, groupId=discodeit-notification-group] Requesting disconnect from last known coordinator localhost:9092 (id: 2147483646 rack: null)
26-06-19 09:35:23.545 [org.springframework.kafka.KafkaListenerEndpointContainer#0-0-C-1] [32mINFO [0;39m o.a.k.c.c.i.ConsumerCoordinator      [ |  | ] - [Consumer clientId=consumer-discodeit-notification-group-1, groupId=discodeit-notification-group] Group coordinator localhost:9092 (id: 2147483646 rack: null) is unavailable or invalid due to cause: coordinator unavailable. isDisconnected: false. Rediscovery will be attempted.
26-06-19 09:35:23.546 [org.springframework.kafka.KafkaListenerEndpointContainer#0-0-C-1] [32mINFO [0;39m o.a.k.c.c.i.ConsumerCoordinator      [ |  | ] - [Consumer clientId=consumer-discodeit-notification-group-1, groupId=discodeit-notification-group] Requesting disconnect from last known coordinator localhost:9092 (id: 2147483646 rack: null)
26-06-19 09:35:23.660 [org.springframework.kafka.KafkaListenerEndpointContainer#0-0-C-1] [32mINFO [0;39m o.a.k.c.c.i.ConsumerCoordinator      [ |  | ] - [Consumer clientId=consumer-discodeit-notification-group-1, groupId=discodeit-notification-group] Discovered group coordinator localhost:9092 (id: 2147483646 rack: null)
26-06-19 09:35:23.662 [org.springframework.kafka.KafkaListenerEndpointContainer#0-0-C-1] [32mINFO [0;39m o.a.k.c.c.i.ConsumerCoordinator      [ |  | ] - [Consumer clientId=consumer-discodeit-notification-group-1, groupId=discodeit-notification-group] Request joining group due to: rebalance failed due to 'This is not the correct coordinator.' (NotCoordinatorException)
26-06-19 09:35:23.663 [org.springframework.kafka.KafkaListenerEndpointContainer#0-0-C-1] [32mINFO [0;39m o.a.k.c.c.i.ConsumerCoordinator      [ |  | ] - [Consumer clientId=consumer-discodeit-notification-group-1, groupId=discodeit-notification-group] (Re-)joining group
26-06-19 09:35:23.668 [org.springframework.kafka.KafkaListenerEndpointContainer#1-0-C-1] [32mINFO [0;39m o.a.k.c.c.i.ConsumerCoordinator      [ |  | ] - [Consumer clientId=consumer-discodeit-notification-group-2, groupId=discodeit-notification-group] Discovered group coordinator localhost:9092 (id: 2147483646 rack: null)
26-06-19 09:35:23.671 [org.springframework.kafka.KafkaListenerEndpointContainer#1-0-C-1] [32mINFO [0;39m o.a.k.c.c.i.ConsumerCoordinator      [ |  | ] - [Consumer clientId=consumer-discodeit-notification-group-2, groupId=discodeit-notification-group] Request joining group due to: rebalance failed due to 'This is not the correct coordinator.' (NotCoordinatorException)
26-06-19 09:35:23.672 [org.springframework.kafka.KafkaListenerEndpointContainer#1-0-C-1] [32mINFO [0;39m o.a.k.c.c.i.ConsumerCoordinator      [ |  | ] - [Consumer clientId=consumer-discodeit-notification-group-2, groupId=discodeit-notification-group] (Re-)joining group
26-06-19 09:35:23.676 [org.springframework.kafka.KafkaListenerEndpointContainer#0-0-C-1] [32mINFO [0;39m o.a.k.c.c.i.ConsumerCoordinator      [ |  | ] - [Consumer clientId=consumer-discodeit-notification-group-1, groupId=discodeit-notification-group] Group coordinator localhost:9092 (id: 2147483646 rack: null) is unavailable or invalid due to cause: error response NOT_COORDINATOR. isDisconnected: false. Rediscovery will be attempted.
26-06-19 09:35:23.677 [org.springframework.kafka.KafkaListenerEndpointContainer#0-0-C-1] [32mINFO [0;39m o.a.k.c.c.i.ConsumerCoordinator      [ |  | ] - [Consumer clientId=consumer-discodeit-notification-group-1, groupId=discodeit-notification-group] Requesting disconnect from last known coordinator localhost:9092 (id: 2147483646 rack: null)
26-06-19 09:35:23.677 [org.springframework.kafka.KafkaListenerEndpointContainer#0-0-C-1] [32mINFO [0;39m o.a.k.c.c.i.ConsumerCoordinator      [ |  | ] - [Consumer clientId=consumer-discodeit-notification-group-1, groupId=discodeit-notification-group] JoinGroup failed: This is not the correct coordinator. Marking coordinator unknown. Sent generation was Generation{generationId=-1, memberId='', protocol='null'}
26-06-19 09:35:23.677 [org.springframework.kafka.KafkaListenerEndpointContainer#0-0-C-1] [32mINFO [0;39m o.apache.kafka.clients.NetworkClient [ |  | ] - [Consumer clientId=consumer-discodeit-notification-group-1, groupId=discodeit-notification-group] Client requested disconnect from node 2147483646
26-06-19 09:35:23.687 [org.springframework.kafka.KafkaListenerEndpointContainer#0-0-C-1] [32mINFO [0;39m o.a.k.c.c.i.ConsumerCoordinator      [ |  | ] - [Consumer clientId=consumer-discodeit-notification-group-1, groupId=discodeit-notification-group] Discovered group coordinator localhost:9092 (id: 2147483646 rack: null)
26-06-19 09:35:23.688 [org.springframework.kafka.KafkaListenerEndpointContainer#0-0-C-1] [32mINFO [0;39m o.a.k.c.c.i.ConsumerCoordinator      [ |  | ] - [Consumer clientId=consumer-discodeit-notification-group-1, groupId=discodeit-notification-group] Group coordinator localhost:9092 (id: 2147483646 rack: null) is unavailable or invalid due to cause: coordinator unavailable. isDisconnected: false. Rediscovery will be attempted.
26-06-19 09:35:23.688 [org.springframework.kafka.KafkaListenerEndpointContainer#0-0-C-1] [32mINFO [0;39m o.a.k.c.c.i.ConsumerCoordinator      [ |  | ] - [Consumer clientId=consumer-discodeit-notification-group-1, groupId=discodeit-notification-group] Requesting disconnect from last known coordinator localhost:9092 (id: 2147483646 rack: null)
26-06-19 09:35:23.697 [org.springframework.kafka.KafkaListenerEndpointContainer#1-0-C-1] [32mINFO [0;39m o.a.k.c.c.i.ConsumerCoordinator      [ |  | ] - [Consumer clientId=consumer-discodeit-notification-group-2, groupId=discodeit-notification-group] Group coordinator localhost:9092 (id: 2147483646 rack: null) is unavailable or invalid due to cause: error response NOT_COORDINATOR. isDisconnected: false. Rediscovery will be attempted.
26-06-19 09:35:23.697 [org.springframework.kafka.KafkaListenerEndpointContainer#1-0-C-1] [32mINFO [0;39m o.a.k.c.c.i.ConsumerCoordinator      [ |  | ] - [Consumer clientId=consumer-discodeit-notification-group-2, groupId=discodeit-notification-group] Requesting disconnect from last known coordinator localhost:9092 (id: 2147483646 rack: null)
26-06-19 09:35:23.698 [org.springframework.kafka.KafkaListenerEndpointContainer#1-0-C-1] [32mINFO [0;39m o.a.k.c.c.i.ConsumerCoordinator      [ |  | ] - [Consumer clientId=consumer-discodeit-notification-group-2, groupId=discodeit-notification-group] JoinGroup failed: This is not the correct coordinator. Marking coordinator unknown. Sent generation was Generation{generationId=-1, memberId='', protocol='null'}
26-06-19 09:35:23.698 [org.springframework.kafka.KafkaListenerEndpointContainer#1-0-C-1] [32mINFO [0;39m o.apache.kafka.clients.NetworkClient [ |  | ] - [Consumer clientId=consumer-discodeit-notification-group-2, groupId=discodeit-notification-group] Client requested disconnect from node 2147483646
26-06-19 09:35:23.716 [org.springframework.kafka.KafkaListenerEndpointContainer#1-0-C-1] [32mINFO [0;39m o.a.k.c.c.i.ConsumerCoordinator      [ |  | ] - [Consumer clientId=consumer-discodeit-notification-group-2, groupId=discodeit-notification-group] Discovered group coordinator localhost:9092 (id: 2147483646 rack: null)
26-06-19 09:35:23.716 [org.springframework.kafka.KafkaListenerEndpointContainer#1-0-C-1] [32mINFO [0;39m o.a.k.c.c.i.ConsumerCoordinator      [ |  | ] - [Consumer clientId=consumer-discodeit-notification-group-2, groupId=discodeit-notification-group] Group coordinator localhost:9092 (id: 2147483646 rack: null) is unavailable or invalid due to cause: coordinator unavailable. isDisconnected: false. Rediscovery will be attempted.
26-06-19 09:35:23.716 [org.springframework.kafka.KafkaListenerEndpointContainer#1-0-C-1] [32mINFO [0;39m o.a.k.c.c.i.ConsumerCoordinator      [ |  | ] - [Consumer clientId=consumer-discodeit-notification-group-2, groupId=discodeit-notification-group] Requesting disconnect from last known coordinator localhost:9092 (id: 2147483646 rack: null)
26-06-19 09:35:23.817 [org.springframework.kafka.KafkaListenerEndpointContainer#0-0-C-1] [32mINFO [0;39m o.a.k.c.c.i.ConsumerCoordinator      [ |  | ] - [Consumer clientId=consumer-discodeit-notification-group-1, groupId=discodeit-notification-group] Discovered group coordinator localhost:9092 (id: 2147483646 rack: null)
26-06-19 09:35:23.821 [org.springframework.kafka.KafkaListenerEndpointContainer#0-0-C-1] [32mINFO [0;39m o.a.k.c.c.i.ConsumerCoordinator      [ |  | ] - [Consumer clientId=consumer-discodeit-notification-group-1, groupId=discodeit-notification-group] Request joining group due to: rebalance failed due to 'This is not the correct coordinator.' (NotCoordinatorException)
26-06-19 09:35:23.822 [org.springframework.kafka.KafkaListenerEndpointContainer#0-0-C-1] [32mINFO [0;39m o.a.k.c.c.i.ConsumerCoordinator      [ |  | ] - [Consumer clientId=consumer-discodeit-notification-group-1, groupId=discodeit-notification-group] (Re-)joining group
26-06-19 09:35:23.831 [org.springframework.kafka.KafkaListenerEndpointContainer#1-0-C-1] [32mINFO [0;39m o.a.k.c.c.i.ConsumerCoordinator      [ |  | ] - [Consumer clientId=consumer-discodeit-notification-group-2, groupId=discodeit-notification-group] Discovered group coordinator localhost:9092 (id: 2147483646 rack: null)
26-06-19 09:35:23.833 [org.springframework.kafka.KafkaListenerEndpointContainer#1-0-C-1] [32mINFO [0;39m o.a.k.c.c.i.ConsumerCoordinator      [ |  | ] - [Consumer clientId=consumer-discodeit-notification-group-2, groupId=discodeit-notification-group] Request joining group due to: rebalance failed due to 'This is not the correct coordinator.' (NotCoordinatorException)
26-06-19 09:35:23.834 [org.springframework.kafka.KafkaListenerEndpointContainer#1-0-C-1] [32mINFO [0;39m o.a.k.c.c.i.ConsumerCoordinator      [ |  | ] - [Consumer clientId=consumer-discodeit-notification-group-2, groupId=discodeit-notification-group] (Re-)joining group
26-06-19 09:35:23.848 [org.springframework.kafka.KafkaListenerEndpointContainer#0-0-C-1] [32mINFO [0;39m o.a.k.c.c.i.ConsumerCoordinator      [ |  | ] - [Consumer clientId=consumer-discodeit-notification-group-1, groupId=discodeit-notification-group] Group coordinator localhost:9092 (id: 2147483646 rack: null) is unavailable or invalid due to cause: error response NOT_COORDINATOR. isDisconnected: false. Rediscovery will be attempted.
26-06-19 09:35:23.848 [org.springframework.kafka.KafkaListenerEndpointContainer#0-0-C-1] [32mINFO [0;39m o.a.k.c.c.i.ConsumerCoordinator      [ |  | ] - [Consumer clientId=consumer-discodeit-notification-group-1, groupId=discodeit-notification-group] Requesting disconnect from last known coordinator localhost:9092 (id: 2147483646 rack: null)
26-06-19 09:35:23.848 [org.springframework.kafka.KafkaListenerEndpointContainer#0-0-C-1] [32mINFO [0;39m o.a.k.c.c.i.ConsumerCoordinator      [ |  | ] - [Consumer clientId=consumer-discodeit-notification-group-1, groupId=discodeit-notification-group] JoinGroup failed: This is not the correct coordinator. Marking coordinator unknown. Sent generation was Generation{generationId=-1, memberId='', protocol='null'}
26-06-19 09:35:23.849 [org.springframework.kafka.KafkaListenerEndpointContainer#0-0-C-1] [32mINFO [0;39m o.apache.kafka.clients.NetworkClient [ |  | ] - [Consumer clientId=consumer-discodeit-notification-group-1, groupId=discodeit-notification-group] Client requested disconnect from node 2147483646
26-06-19 09:35:23.859 [org.springframework.kafka.KafkaListenerEndpointContainer#0-0-C-1] [32mINFO [0;39m o.a.k.c.c.i.ConsumerCoordinator      [ |  | ] - [Consumer clientId=consumer-discodeit-notification-group-1, groupId=discodeit-notification-group] Discovered group coordinator localhost:9092 (id: 2147483646 rack: null)
26-06-19 09:35:23.859 [org.springframework.kafka.KafkaListenerEndpointContainer#0-0-C-1] [32mINFO [0;39m o.a.k.c.c.i.ConsumerCoordinator      [ |  | ] - [Consumer clientId=consumer-discodeit-notification-group-1, groupId=discodeit-notification-group] Group coordinator localhost:9092 (id: 2147483646 rack: null) is unavailable or invalid due to cause: coordinator unavailable. isDisconnected: false. Rediscovery will be attempted.
26-06-19 09:35:23.859 [org.springframework.kafka.KafkaListenerEndpointContainer#0-0-C-1] [32mINFO [0;39m o.a.k.c.c.i.ConsumerCoordinator      [ |  | ] - [Consumer clientId=consumer-discodeit-notification-group-1, groupId=discodeit-notification-group] Requesting disconnect from last known coordinator localhost:9092 (id: 2147483646 rack: null)
26-06-19 09:35:23.864 [org.springframework.kafka.KafkaListenerEndpointContainer#1-0-C-1] [32mINFO [0;39m o.a.k.c.c.i.ConsumerCoordinator      [ |  | ] - [Consumer clientId=consumer-discodeit-notification-group-2, groupId=discodeit-notification-group] Group coordinator localhost:9092 (id: 2147483646 rack: null) is unavailable or invalid due to cause: error response NOT_COORDINATOR. isDisconnected: false. Rediscovery will be attempted.
26-06-19 09:35:23.865 [org.springframework.kafka.KafkaListenerEndpointContainer#1-0-C-1] [32mINFO [0;39m o.a.k.c.c.i.ConsumerCoordinator      [ |  | ] - [Consumer clientId=consumer-discodeit-notification-group-2, groupId=discodeit-notification-group] Requesting disconnect from last known coordinator localhost:9092 (id: 2147483646 rack: null)
26-06-19 09:35:23.865 [org.springframework.kafka.KafkaListenerEndpointContainer#1-0-C-1] [32mINFO [0;39m o.a.k.c.c.i.ConsumerCoordinator      [ |  | ] - [Consumer clientId=consumer-discodeit-notification-group-2, groupId=discodeit-notification-group] JoinGroup failed: This is not the correct coordinator. Marking coordinator unknown. Sent generation was Generation{generationId=-1, memberId='', protocol='null'}
26-06-19 09:35:23.865 [org.springframework.kafka.KafkaListenerEndpointContainer#1-0-C-1] [32mINFO [0;39m o.apache.kafka.clients.NetworkClient [ |  | ] - [Consumer clientId=consumer-discodeit-notification-group-2, groupId=discodeit-notification-group] Client requested disconnect from node 2147483646
26-06-19 09:35:23.871 [org.springframework.kafka.KafkaListenerEndpointContainer#1-0-C-1] [32mINFO [0;39m o.a.k.c.c.i.ConsumerCoordinator      [ |  | ] - [Consumer clientId=consumer-discodeit-notification-group-2, groupId=discodeit-notification-group] Discovered group coordinator localhost:9092 (id: 2147483646 rack: null)
26-06-19 09:35:23.871 [org.springframework.kafka.KafkaListenerEndpointContainer#1-0-C-1] [32mINFO [0;39m o.a.k.c.c.i.ConsumerCoordinator      [ |  | ] - [Consumer clientId=consumer-discodeit-notification-group-2, groupId=discodeit-notification-group] Group coordinator localhost:9092 (id: 2147483646 rack: null) is unavailable or invalid due to cause: coordinator unavailable. isDisconnected: false. Rediscovery will be attempted.
26-06-19 09:35:23.871 [org.springframework.kafka.KafkaListenerEndpointContainer#1-0-C-1] [32mINFO [0;39m o.a.k.c.c.i.ConsumerCoordinator      [ |  | ] - [Consumer clientId=consumer-discodeit-notification-group-2, groupId=discodeit-notification-group] Requesting disconnect from last known coordinator localhost:9092 (id: 2147483646 rack: null)
26-06-19 09:35:23.980 [org.springframework.kafka.KafkaListenerEndpointContainer#0-0-C-1] [32mINFO [0;39m o.a.k.c.c.i.ConsumerCoordinator      [ |  | ] - [Consumer clientId=consumer-discodeit-notification-group-1, groupId=discodeit-notification-group] Discovered group coordinator localhost:9092 (id: 2147483646 rack: null)
26-06-19 09:35:23.981 [org.springframework.kafka.KafkaListenerEndpointContainer#0-0-C-1] [32mINFO [0;39m o.a.k.c.c.i.ConsumerCoordinator      [ |  | ] - [Consumer clientId=consumer-discodeit-notification-group-1, groupId=discodeit-notification-group] Request joining group due to: rebalance failed due to 'This is not the correct coordinator.' (NotCoordinatorException)
26-06-19 09:35:23.982 [org.springframework.kafka.KafkaListenerEndpointContainer#0-0-C-1] [32mINFO [0;39m o.a.k.c.c.i.ConsumerCoordinator      [ |  | ] - [Consumer clientId=consumer-discodeit-notification-group-1, groupId=discodeit-notification-group] (Re-)joining group
26-06-19 09:35:24.026 [org.springframework.kafka.KafkaListenerEndpointContainer#0-0-C-1] [32mINFO [0;39m o.a.k.c.c.i.ConsumerCoordinator      [ |  | ] - [Consumer clientId=consumer-discodeit-notification-group-1, groupId=discodeit-notification-group] Group coordinator localhost:9092 (id: 2147483646 rack: null) is unavailable or invalid due to cause: error response NOT_COORDINATOR. isDisconnected: false. Rediscovery will be attempted.
26-06-19 09:35:24.027 [org.springframework.kafka.KafkaListenerEndpointContainer#0-0-C-1] [32mINFO [0;39m o.a.k.c.c.i.ConsumerCoordinator      [ |  | ] - [Consumer clientId=consumer-discodeit-notification-group-1, groupId=discodeit-notification-group] Requesting disconnect from last known coordinator localhost:9092 (id: 2147483646 rack: null)
26-06-19 09:35:24.027 [org.springframework.kafka.KafkaListenerEndpointContainer#0-0-C-1] [32mINFO [0;39m o.a.k.c.c.i.ConsumerCoordinator      [ |  | ] - [Consumer clientId=consumer-discodeit-notification-group-1, groupId=discodeit-notification-group] JoinGroup failed: This is not the correct coordinator. Marking coordinator unknown. Sent generation was Generation{generationId=-1, memberId='', protocol='null'}
26-06-19 09:35:24.027 [org.springframework.kafka.KafkaListenerEndpointContainer#1-0-C-1] [32mINFO [0;39m o.a.k.c.c.i.ConsumerCoordinator      [ |  | ] - [Consumer clientId=consumer-discodeit-notification-group-2, groupId=discodeit-notification-group] Discovered group coordinator localhost:9092 (id: 2147483646 rack: null)
26-06-19 09:35:24.027 [org.springframework.kafka.KafkaListenerEndpointContainer#0-0-C-1] [32mINFO [0;39m o.apache.kafka.clients.NetworkClient [ |  | ] - [Consumer clientId=consumer-discodeit-notification-group-1, groupId=discodeit-notification-group] Client requested disconnect from node 2147483646
26-06-19 09:35:24.028 [org.springframework.kafka.KafkaListenerEndpointContainer#1-0-C-1] [32mINFO [0;39m o.a.k.c.c.i.ConsumerCoordinator      [ |  | ] - [Consumer clientId=consumer-discodeit-notification-group-2, groupId=discodeit-notification-group] Request joining group due to: rebalance failed due to 'This is not the correct coordinator.' (NotCoordinatorException)
26-06-19 09:35:24.029 [org.springframework.kafka.KafkaListenerEndpointContainer#1-0-C-1] [32mINFO [0;39m o.a.k.c.c.i.ConsumerCoordinator      [ |  | ] - [Consumer clientId=consumer-discodeit-notification-group-2, groupId=discodeit-notification-group] (Re-)joining group
26-06-19 09:35:24.036 [org.springframework.kafka.KafkaListenerEndpointContainer#0-0-C-1] [32mINFO [0;39m o.a.k.c.c.i.ConsumerCoordinator      [ |  | ] - [Consumer clientId=consumer-discodeit-notification-group-1, groupId=discodeit-notification-group] Discovered group coordinator localhost:9092 (id: 2147483646 rack: null)
26-06-19 09:35:24.037 [org.springframework.kafka.KafkaListenerEndpointContainer#0-0-C-1] [32mINFO [0;39m o.a.k.c.c.i.ConsumerCoordinator      [ |  | ] - [Consumer clientId=consumer-discodeit-notification-group-1, groupId=discodeit-notification-group] Group coordinator localhost:9092 (id: 2147483646 rack: null) is unavailable or invalid due to cause: coordinator unavailable. isDisconnected: false. Rediscovery will be attempted.
26-06-19 09:35:24.037 [org.springframework.kafka.KafkaListenerEndpointContainer#0-0-C-1] [32mINFO [0;39m o.a.k.c.c.i.ConsumerCoordinator      [ |  | ] - [Consumer clientId=consumer-discodeit-notification-group-1, groupId=discodeit-notification-group] Requesting disconnect from last known coordinator localhost:9092 (id: 2147483646 rack: null)
26-06-19 09:35:24.046 [org.springframework.kafka.KafkaListenerEndpointContainer#1-0-C-1] [32mINFO [0;39m o.a.k.c.c.i.ConsumerCoordinator      [ |  | ] - [Consumer clientId=consumer-discodeit-notification-group-2, groupId=discodeit-notification-group] Group coordinator localhost:9092 (id: 2147483646 rack: null) is unavailable or invalid due to cause: error response NOT_COORDINATOR. isDisconnected: false. Rediscovery will be attempted.
26-06-19 09:35:24.046 [org.springframework.kafka.KafkaListenerEndpointContainer#1-0-C-1] [32mINFO [0;39m o.a.k.c.c.i.ConsumerCoordinator      [ |  | ] - [Consumer clientId=consumer-discodeit-notification-group-2, groupId=discodeit-notification-group] Requesting disconnect from last known coordinator localhost:9092 (id: 2147483646 rack: null)
26-06-19 09:35:24.046 [org.springframework.kafka.KafkaListenerEndpointContainer#1-0-C-1] [32mINFO [0;39m o.a.k.c.c.i.ConsumerCoordinator      [ |  | ] - [Consumer clientId=consumer-discodeit-notification-group-2, groupId=discodeit-notification-group] JoinGroup failed: This is not the correct coordinator. Marking coordinator unknown. Sent generation was Generation{generationId=-1, memberId='', protocol='null'}
26-06-19 09:35:24.047 [org.springframework.kafka.KafkaListenerEndpointContainer#1-0-C-1] [32mINFO [0;39m o.apache.kafka.clients.NetworkClient [ |  | ] - [Consumer clientId=consumer-discodeit-notification-group-2, groupId=discodeit-notification-group] Client requested disconnect from node 2147483646
26-06-19 09:35:24.051 [org.springframework.kafka.KafkaListenerEndpointContainer#1-0-C-1] [32mINFO [0;39m o.a.k.c.c.i.ConsumerCoordinator      [ |  | ] - [Consumer clientId=consumer-discodeit-notification-group-2, groupId=discodeit-notification-group] Discovered group coordinator localhost:9092 (id: 2147483646 rack: null)
26-06-19 09:35:24.051 [org.springframework.kafka.KafkaListenerEndpointContainer#1-0-C-1] [32mINFO [0;39m o.a.k.c.c.i.ConsumerCoordinator      [ |  | ] - [Consumer clientId=consumer-discodeit-notification-group-2, groupId=discodeit-notification-group] Group coordinator localhost:9092 (id: 2147483646 rack: null) is unavailable or invalid due to cause: coordinator unavailable. isDisconnected: false. Rediscovery will be attempted.
26-06-19 09:35:24.051 [org.springframework.kafka.KafkaListenerEndpointContainer#1-0-C-1] [32mINFO [0;39m o.a.k.c.c.i.ConsumerCoordinator      [ |  | ] - [Consumer clientId=consumer-discodeit-notification-group-2, groupId=discodeit-notification-group] Requesting disconnect from last known coordinator localhost:9092 (id: 2147483646 rack: null)
26-06-19 09:35:24.154 [org.springframework.kafka.KafkaListenerEndpointContainer#0-0-C-1] [32mINFO [0;39m o.a.k.c.c.i.ConsumerCoordinator      [ |  | ] - [Consumer clientId=consumer-discodeit-notification-group-1, groupId=discodeit-notification-group] Discovered group coordinator localhost:9092 (id: 2147483646 rack: null)
26-06-19 09:35:24.156 [org.springframework.kafka.KafkaListenerEndpointContainer#0-0-C-1] [32mINFO [0;39m o.a.k.c.c.i.ConsumerCoordinator      [ |  | ] - [Consumer clientId=consumer-discodeit-notification-group-1, groupId=discodeit-notification-group] Request joining group due to: rebalance failed due to 'This is not the correct coordinator.' (NotCoordinatorException)
26-06-19 09:35:24.157 [org.springframework.kafka.KafkaListenerEndpointContainer#0-0-C-1] [32mINFO [0;39m o.a.k.c.c.i.ConsumerCoordinator      [ |  | ] - [Consumer clientId=consumer-discodeit-notification-group-1, groupId=discodeit-notification-group] (Re-)joining group
26-06-19 09:35:24.173 [org.springframework.kafka.KafkaListenerEndpointContainer#0-0-C-1] [32mINFO [0;39m o.a.k.c.c.i.ConsumerCoordinator      [ |  | ] - [Consumer clientId=consumer-discodeit-notification-group-1, groupId=discodeit-notification-group] Group coordinator localhost:9092 (id: 2147483646 rack: null) is unavailable or invalid due to cause: error response NOT_COORDINATOR. isDisconnected: false. Rediscovery will be attempted.
26-06-19 09:35:24.173 [org.springframework.kafka.KafkaListenerEndpointContainer#0-0-C-1] [32mINFO [0;39m o.a.k.c.c.i.ConsumerCoordinator      [ |  | ] - [Consumer clientId=consumer-discodeit-notification-group-1, groupId=discodeit-notification-group] Requesting disconnect from last known coordinator localhost:9092 (id: 2147483646 rack: null)
26-06-19 09:35:24.173 [org.springframework.kafka.KafkaListenerEndpointContainer#0-0-C-1] [32mINFO [0;39m o.a.k.c.c.i.ConsumerCoordinator      [ |  | ] - [Consumer clientId=consumer-discodeit-notification-group-1, groupId=discodeit-notification-group] JoinGroup failed: This is not the correct coordinator. Marking coordinator unknown. Sent generation was Generation{generationId=-1, memberId='', protocol='null'}
26-06-19 09:35:24.173 [org.springframework.kafka.KafkaListenerEndpointContainer#0-0-C-1] [32mINFO [0;39m o.apache.kafka.clients.NetworkClient [ |  | ] - [Consumer clientId=consumer-discodeit-notification-group-1, groupId=discodeit-notification-group] Client requested disconnect from node 2147483646
26-06-19 09:35:24.177 [org.springframework.kafka.KafkaListenerEndpointContainer#1-0-C-1] [32mINFO [0;39m o.a.k.c.c.i.ConsumerCoordinator      [ |  | ] - [Consumer clientId=consumer-discodeit-notification-group-2, groupId=discodeit-notification-group] Discovered group coordinator localhost:9092 (id: 2147483646 rack: null)
26-06-19 09:35:24.178 [org.springframework.kafka.KafkaListenerEndpointContainer#0-0-C-1] [32mINFO [0;39m o.a.k.c.c.i.ConsumerCoordinator      [ |  | ] - [Consumer clientId=consumer-discodeit-notification-group-1, groupId=discodeit-notification-group] Discovered group coordinator localhost:9092 (id: 2147483646 rack: null)
26-06-19 09:35:24.178 [org.springframework.kafka.KafkaListenerEndpointContainer#1-0-C-1] [32mINFO [0;39m o.a.k.c.c.i.ConsumerCoordinator      [ |  | ] - [Consumer clientId=consumer-discodeit-notification-group-2, groupId=discodeit-notification-group] Request joining group due to: rebalance failed due to 'This is not the correct coordinator.' (NotCoordinatorException)
26-06-19 09:35:24.178 [org.springframework.kafka.KafkaListenerEndpointContainer#0-0-C-1] [32mINFO [0;39m o.a.k.c.c.i.ConsumerCoordinator      [ |  | ] - [Consumer clientId=consumer-discodeit-notification-group-1, groupId=discodeit-notification-group] Group coordinator localhost:9092 (id: 2147483646 rack: null) is unavailable or invalid due to cause: coordinator unavailable. isDisconnected: false. Rediscovery will be attempted.
26-06-19 09:35:24.178 [org.springframework.kafka.KafkaListenerEndpointContainer#0-0-C-1] [32mINFO [0;39m o.a.k.c.c.i.ConsumerCoordinator      [ |  | ] - [Consumer clientId=consumer-discodeit-notification-group-1, groupId=discodeit-notification-group] Requesting disconnect from last known coordinator localhost:9092 (id: 2147483646 rack: null)
26-06-19 09:35:24.178 [org.springframework.kafka.KafkaListenerEndpointContainer#1-0-C-1] [32mINFO [0;39m o.a.k.c.c.i.ConsumerCoordinator      [ |  | ] - [Consumer clientId=consumer-discodeit-notification-group-2, groupId=discodeit-notification-group] (Re-)joining group
26-06-19 09:35:24.198 [org.springframework.kafka.KafkaListenerEndpointContainer#1-0-C-1] [32mINFO [0;39m o.a.k.c.c.i.ConsumerCoordinator      [ |  | ] - [Consumer clientId=consumer-discodeit-notification-group-2, groupId=discodeit-notification-group] Group coordinator localhost:9092 (id: 2147483646 rack: null) is unavailable or invalid due to cause: error response NOT_COORDINATOR. isDisconnected: false. Rediscovery will be attempted.
26-06-19 09:35:24.198 [org.springframework.kafka.KafkaListenerEndpointContainer#1-0-C-1] [32mINFO [0;39m o.a.k.c.c.i.ConsumerCoordinator      [ |  | ] - [Consumer clientId=consumer-discodeit-notification-group-2, groupId=discodeit-notification-group] Requesting disconnect from last known coordinator localhost:9092 (id: 2147483646 rack: null)
26-06-19 09:35:24.198 [org.springframework.kafka.KafkaListenerEndpointContainer#1-0-C-1] [32mINFO [0;39m o.a.k.c.c.i.ConsumerCoordinator      [ |  | ] - [Consumer clientId=consumer-discodeit-notification-group-2, groupId=discodeit-notification-group] JoinGroup failed: This is not the correct coordinator. Marking coordinator unknown. Sent generation was Generation{generationId=-1, memberId='', protocol='null'}
26-06-19 09:35:24.198 [org.springframework.kafka.KafkaListenerEndpointContainer#1-0-C-1] [32mINFO [0;39m o.apache.kafka.clients.NetworkClient [ |  | ] - [Consumer clientId=consumer-discodeit-notification-group-2, groupId=discodeit-notification-group] Client requested disconnect from node 2147483646
26-06-19 09:35:24.211 [org.springframework.kafka.KafkaListenerEndpointContainer#1-0-C-1] [32mINFO [0;39m o.a.k.c.c.i.ConsumerCoordinator      [ |  | ] - [Consumer clientId=consumer-discodeit-notification-group-2, groupId=discodeit-notification-group] Discovered group coordinator localhost:9092 (id: 2147483646 rack: null)
26-06-19 09:35:24.212 [org.springframework.kafka.KafkaListenerEndpointContainer#1-0-C-1] [32mINFO [0;39m o.a.k.c.c.i.ConsumerCoordinator      [ |  | ] - [Consumer clientId=consumer-discodeit-notification-group-2, groupId=discodeit-notification-group] Group coordinator localhost:9092 (id: 2147483646 rack: null) is unavailable or invalid due to cause: coordinator unavailable. isDisconnected: false. Rediscovery will be attempted.
26-06-19 09:35:24.212 [org.springframework.kafka.KafkaListenerEndpointContainer#1-0-C-1] [32mINFO [0;39m o.a.k.c.c.i.ConsumerCoordinator      [ |  | ] - [Consumer clientId=consumer-discodeit-notification-group-2, groupId=discodeit-notification-group] Requesting disconnect from last known coordinator localhost:9092 (id: 2147483646 rack: null)
26-06-19 09:35:24.336 [org.springframework.kafka.KafkaListenerEndpointContainer#0-0-C-1] [32mINFO [0;39m o.a.k.c.c.i.ConsumerCoordinator      [ |  | ] - [Consumer clientId=consumer-discodeit-notification-group-1, groupId=discodeit-notification-group] Discovered group coordinator localhost:9092 (id: 2147483646 rack: null)
26-06-19 09:35:24.336 [org.springframework.kafka.KafkaListenerEndpointContainer#1-0-C-1] [32mINFO [0;39m o.a.k.c.c.i.ConsumerCoordinator      [ |  | ] - [Consumer clientId=consumer-discodeit-notification-group-2, groupId=discodeit-notification-group] Discovered group coordinator localhost:9092 (id: 2147483646 rack: null)
26-06-19 09:35:24.339 [org.springframework.kafka.KafkaListenerEndpointContainer#1-0-C-1] [32mINFO [0;39m o.a.k.c.c.i.ConsumerCoordinator      [ |  | ] - [Consumer clientId=consumer-discodeit-notification-group-2, groupId=discodeit-notification-group] Request joining group due to: rebalance failed due to 'This is not the correct coordinator.' (NotCoordinatorException)
26-06-19 09:35:24.339 [org.springframework.kafka.KafkaListenerEndpointContainer#0-0-C-1] [32mINFO [0;39m o.a.k.c.c.i.ConsumerCoordinator      [ |  | ] - [Consumer clientId=consumer-discodeit-notification-group-1, groupId=discodeit-notification-group] Request joining group due to: rebalance failed due to 'This is not the correct coordinator.' (NotCoordinatorException)
26-06-19 09:35:24.340 [org.springframework.kafka.KafkaListenerEndpointContainer#1-0-C-1] [32mINFO [0;39m o.a.k.c.c.i.ConsumerCoordinator      [ |  | ] - [Consumer clientId=consumer-discodeit-notification-group-2, groupId=discodeit-notification-group] (Re-)joining group
26-06-19 09:35:24.340 [org.springframework.kafka.KafkaListenerEndpointContainer#0-0-C-1] [32mINFO [0;39m o.a.k.c.c.i.ConsumerCoordinator      [ |  | ] - [Consumer clientId=consumer-discodeit-notification-group-1, groupId=discodeit-notification-group] (Re-)joining group
26-06-19 09:35:24.368 [org.springframework.kafka.KafkaListenerEndpointContainer#1-0-C-1] [32mINFO [0;39m o.a.k.c.c.i.ConsumerCoordinator      [ |  | ] - [Consumer clientId=consumer-discodeit-notification-group-2, groupId=discodeit-notification-group] Group coordinator localhost:9092 (id: 2147483646 rack: null) is unavailable or invalid due to cause: error response NOT_COORDINATOR. isDisconnected: false. Rediscovery will be attempted.
26-06-19 09:35:24.368 [org.springframework.kafka.KafkaListenerEndpointContainer#0-0-C-1] [32mINFO [0;39m o.a.k.c.c.i.ConsumerCoordinator      [ |  | ] - [Consumer clientId=consumer-discodeit-notification-group-1, groupId=discodeit-notification-group] Group coordinator localhost:9092 (id: 2147483646 rack: null) is unavailable or invalid due to cause: error response NOT_COORDINATOR. isDisconnected: false. Rediscovery will be attempted.
26-06-19 09:35:24.369 [org.springframework.kafka.KafkaListenerEndpointContainer#1-0-C-1] [32mINFO [0;39m o.a.k.c.c.i.ConsumerCoordinator      [ |  | ] - [Consumer clientId=consumer-discodeit-notification-group-2, groupId=discodeit-notification-group] Requesting disconnect from last known coordinator localhost:9092 (id: 2147483646 rack: null)
26-06-19 09:35:24.369 [org.springframework.kafka.KafkaListenerEndpointContainer#0-0-C-1] [32mINFO [0;39m o.a.k.c.c.i.ConsumerCoordinator      [ |  | ] - [Consumer clientId=consumer-discodeit-notification-group-1, groupId=discodeit-notification-group] Requesting disconnect from last known coordinator localhost:9092 (id: 2147483646 rack: null)
26-06-19 09:35:24.369 [org.springframework.kafka.KafkaListenerEndpointContainer#0-0-C-1] [32mINFO [0;39m o.a.k.c.c.i.ConsumerCoordinator      [ |  | ] - [Consumer clientId=consumer-discodeit-notification-group-1, groupId=discodeit-notification-group] JoinGroup failed: This is not the correct coordinator. Marking coordinator unknown. Sent generation was Generation{generationId=-1, memberId='', protocol='null'}
26-06-19 09:35:24.369 [org.springframework.kafka.KafkaListenerEndpointContainer#0-0-C-1] [32mINFO [0;39m o.apache.kafka.clients.NetworkClient [ |  | ] - [Consumer clientId=consumer-discodeit-notification-group-1, groupId=discodeit-notification-group] Client requested disconnect from node 2147483646
26-06-19 09:35:24.369 [org.springframework.kafka.KafkaListenerEndpointContainer#1-0-C-1] [32mINFO [0;39m o.a.k.c.c.i.ConsumerCoordinator      [ |  | ] - [Consumer clientId=consumer-discodeit-notification-group-2, groupId=discodeit-notification-group] JoinGroup failed: This is not the correct coordinator. Marking coordinator unknown. Sent generation was Generation{generationId=-1, memberId='', protocol='null'}
26-06-19 09:35:24.369 [org.springframework.kafka.KafkaListenerEndpointContainer#1-0-C-1] [32mINFO [0;39m o.apache.kafka.clients.NetworkClient [ |  | ] - [Consumer clientId=consumer-discodeit-notification-group-2, groupId=discodeit-notification-group] Client requested disconnect from node 2147483646
26-06-19 09:35:24.375 [org.springframework.kafka.KafkaListenerEndpointContainer#1-0-C-1] [32mINFO [0;39m o.a.k.c.c.i.ConsumerCoordinator      [ |  | ] - [Consumer clientId=consumer-discodeit-notification-group-2, groupId=discodeit-notification-group] Discovered group coordinator localhost:9092 (id: 2147483646 rack: null)
26-06-19 09:35:24.375 [org.springframework.kafka.KafkaListenerEndpointContainer#1-0-C-1] [32mINFO [0;39m o.a.k.c.c.i.ConsumerCoordinator      [ |  | ] - [Consumer clientId=consumer-discodeit-notification-group-2, groupId=discodeit-notification-group] Group coordinator localhost:9092 (id: 2147483646 rack: null) is unavailable or invalid due to cause: coordinator unavailable. isDisconnected: false. Rediscovery will be attempted.
26-06-19 09:35:24.375 [org.springframework.kafka.KafkaListenerEndpointContainer#1-0-C-1] [32mINFO [0;39m o.a.k.c.c.i.ConsumerCoordinator      [ |  | ] - [Consumer clientId=consumer-discodeit-notification-group-2, groupId=discodeit-notification-group] Requesting disconnect from last known coordinator localhost:9092 (id: 2147483646 rack: null)
26-06-19 09:35:24.376 [org.springframework.kafka.KafkaListenerEndpointContainer#0-0-C-1] [32mINFO [0;39m o.a.k.c.c.i.ConsumerCoordinator      [ |  | ] - [Consumer clientId=consumer-discodeit-notification-group-1, groupId=discodeit-notification-group] Discovered group coordinator localhost:9092 (id: 2147483646 rack: null)
26-06-19 09:35:24.376 [org.springframework.kafka.KafkaListenerEndpointContainer#0-0-C-1] [32mINFO [0;39m o.a.k.c.c.i.ConsumerCoordinator      [ |  | ] - [Consumer clientId=consumer-discodeit-notification-group-1, groupId=discodeit-notification-group] Group coordinator localhost:9092 (id: 2147483646 rack: null) is unavailable or invalid due to cause: coordinator unavailable. isDisconnected: false. Rediscovery will be attempted.
26-06-19 09:35:24.376 [org.springframework.kafka.KafkaListenerEndpointContainer#0-0-C-1] [32mINFO [0;39m o.a.k.c.c.i.ConsumerCoordinator      [ |  | ] - [Consumer clientId=consumer-discodeit-notification-group-1, groupId=discodeit-notification-group] Requesting disconnect from last known coordinator localhost:9092 (id: 2147483646 rack: null)
26-06-19 09:35:24.664 [org.springframework.kafka.KafkaListenerEndpointContainer#0-0-C-1] [32mINFO [0;39m o.a.k.c.c.i.ConsumerCoordinator      [ |  | ] - [Consumer clientId=consumer-discodeit-notification-group-1, groupId=discodeit-notification-group] Discovered group coordinator localhost:9092 (id: 2147483646 rack: null)
26-06-19 09:35:24.665 [org.springframework.kafka.KafkaListenerEndpointContainer#1-0-C-1] [32mINFO [0;39m o.a.k.c.c.i.ConsumerCoordinator      [ |  | ] - [Consumer clientId=consumer-discodeit-notification-group-2, groupId=discodeit-notification-group] Discovered group coordinator localhost:9092 (id: 2147483646 rack: null)
26-06-19 09:35:24.665 [org.springframework.kafka.KafkaListenerEndpointContainer#0-0-C-1] [32mINFO [0;39m o.a.k.c.c.i.ConsumerCoordinator      [ |  | ] - [Consumer clientId=consumer-discodeit-notification-group-1, groupId=discodeit-notification-group] Request joining group due to: rebalance failed due to 'This is not the correct coordinator.' (NotCoordinatorException)
26-06-19 09:35:24.665 [org.springframework.kafka.KafkaListenerEndpointContainer#0-0-C-1] [32mINFO [0;39m o.a.k.c.c.i.ConsumerCoordinator      [ |  | ] - [Consumer clientId=consumer-discodeit-notification-group-1, groupId=discodeit-notification-group] (Re-)joining group
26-06-19 09:35:24.666 [org.springframework.kafka.KafkaListenerEndpointContainer#1-0-C-1] [32mINFO [0;39m o.a.k.c.c.i.ConsumerCoordinator      [ |  | ] - [Consumer clientId=consumer-discodeit-notification-group-2, groupId=discodeit-notification-group] Request joining group due to: rebalance failed due to 'This is not the correct coordinator.' (NotCoordinatorException)
26-06-19 09:35:24.666 [org.springframework.kafka.KafkaListenerEndpointContainer#1-0-C-1] [32mINFO [0;39m o.a.k.c.c.i.ConsumerCoordinator      [ |  | ] - [Consumer clientId=consumer-discodeit-notification-group-2, groupId=discodeit-notification-group] (Re-)joining group
26-06-19 09:35:24.682 [org.springframework.kafka.KafkaListenerEndpointContainer#1-0-C-1] [32mINFO [0;39m o.a.k.c.c.i.ConsumerCoordinator      [ |  | ] - [Consumer clientId=consumer-discodeit-notification-group-2, groupId=discodeit-notification-group] Group coordinator localhost:9092 (id: 2147483646 rack: null) is unavailable or invalid due to cause: error response NOT_COORDINATOR. isDisconnected: false. Rediscovery will be attempted.
26-06-19 09:35:24.682 [org.springframework.kafka.KafkaListenerEndpointContainer#0-0-C-1] [32mINFO [0;39m o.a.k.c.c.i.ConsumerCoordinator      [ |  | ] - [Consumer clientId=consumer-discodeit-notification-group-1, groupId=discodeit-notification-group] Group coordinator localhost:9092 (id: 2147483646 rack: null) is unavailable or invalid due to cause: error response NOT_COORDINATOR. isDisconnected: false. Rediscovery will be attempted.
26-06-19 09:35:24.683 [org.springframework.kafka.KafkaListenerEndpointContainer#1-0-C-1] [32mINFO [0;39m o.a.k.c.c.i.ConsumerCoordinator      [ |  | ] - [Consumer clientId=consumer-discodeit-notification-group-2, groupId=discodeit-notification-group] Requesting disconnect from last known coordinator localhost:9092 (id: 2147483646 rack: null)
26-06-19 09:35:24.683 [org.springframework.kafka.KafkaListenerEndpointContainer#0-0-C-1] [32mINFO [0;39m o.a.k.c.c.i.ConsumerCoordinator      [ |  | ] - [Consumer clientId=consumer-discodeit-notification-group-1, groupId=discodeit-notification-group] Requesting disconnect from last known coordinator localhost:9092 (id: 2147483646 rack: null)
26-06-19 09:35:24.683 [org.springframework.kafka.KafkaListenerEndpointContainer#1-0-C-1] [32mINFO [0;39m o.a.k.c.c.i.ConsumerCoordinator      [ |  | ] - [Consumer clientId=consumer-discodeit-notification-group-2, groupId=discodeit-notification-group] JoinGroup failed: This is not the correct coordinator. Marking coordinator unknown. Sent generation was Generation{generationId=-1, memberId='', protocol='null'}
26-06-19 09:35:24.683 [org.springframework.kafka.KafkaListenerEndpointContainer#0-0-C-1] [32mINFO [0;39m o.a.k.c.c.i.ConsumerCoordinator      [ |  | ] - [Consumer clientId=consumer-discodeit-notification-group-1, groupId=discodeit-notification-group] JoinGroup failed: This is not the correct coordinator. Marking coordinator unknown. Sent generation was Generation{generationId=-1, memberId='', protocol='null'}
26-06-19 09:35:24.683 [org.springframework.kafka.KafkaListenerEndpointContainer#0-0-C-1] [32mINFO [0;39m o.apache.kafka.clients.NetworkClient [ |  | ] - [Consumer clientId=consumer-discodeit-notification-group-1, groupId=discodeit-notification-group] Client requested disconnect from node 2147483646
26-06-19 09:35:24.683 [org.springframework.kafka.KafkaListenerEndpointContainer#1-0-C-1] [32mINFO [0;39m o.apache.kafka.clients.NetworkClient [ |  | ] - [Consumer clientId=consumer-discodeit-notification-group-2, groupId=discodeit-notification-group] Client requested disconnect from node 2147483646
26-06-19 09:35:24.691 [org.springframework.kafka.KafkaListenerEndpointContainer#1-0-C-1] [32mINFO [0;39m o.a.k.c.c.i.ConsumerCoordinator      [ |  | ] - [Consumer clientId=consumer-discodeit-notification-group-2, groupId=discodeit-notification-group] Discovered group coordinator localhost:9092 (id: 2147483646 rack: null)
26-06-19 09:35:24.691 [org.springframework.kafka.KafkaListenerEndpointContainer#1-0-C-1] [32mINFO [0;39m o.a.k.c.c.i.ConsumerCoordinator      [ |  | ] - [Consumer clientId=consumer-discodeit-notification-group-2, groupId=discodeit-notification-group] Group coordinator localhost:9092 (id: 2147483646 rack: null) is unavailable or invalid due to cause: coordinator unavailable. isDisconnected: false. Rediscovery will be attempted.
26-06-19 09:35:24.691 [org.springframework.kafka.KafkaListenerEndpointContainer#1-0-C-1] [32mINFO [0;39m o.a.k.c.c.i.ConsumerCoordinator      [ |  | ] - [Consumer clientId=consumer-discodeit-notification-group-2, groupId=discodeit-notification-group] Requesting disconnect from last known coordinator localhost:9092 (id: 2147483646 rack: null)
26-06-19 09:35:24.691 [org.springframework.kafka.KafkaListenerEndpointContainer#0-0-C-1] [32mINFO [0;39m o.a.k.c.c.i.ConsumerCoordinator      [ |  | ] - [Consumer clientId=consumer-discodeit-notification-group-1, groupId=discodeit-notification-group] Discovered group coordinator localhost:9092 (id: 2147483646 rack: null)
26-06-19 09:35:24.691 [org.springframework.kafka.KafkaListenerEndpointContainer#0-0-C-1] [32mINFO [0;39m o.a.k.c.c.i.ConsumerCoordinator      [ |  | ] - [Consumer clientId=consumer-discodeit-notification-group-1, groupId=discodeit-notification-group] Group coordinator localhost:9092 (id: 2147483646 rack: null) is unavailable or invalid due to cause: coordinator unavailable. isDisconnected: false. Rediscovery will be attempted.
26-06-19 09:35:24.691 [org.springframework.kafka.KafkaListenerEndpointContainer#0-0-C-1] [32mINFO [0;39m o.a.k.c.c.i.ConsumerCoordinator      [ |  | ] - [Consumer clientId=consumer-discodeit-notification-group-1, groupId=discodeit-notification-group] Requesting disconnect from last known coordinator localhost:9092 (id: 2147483646 rack: null)
26-06-19 09:35:24.816 [org.springframework.kafka.KafkaListenerEndpointContainer#0-0-C-1] [32mINFO [0;39m o.a.k.c.c.i.ConsumerCoordinator      [ |  | ] - [Consumer clientId=consumer-discodeit-notification-group-1, groupId=discodeit-notification-group] Discovered group coordinator localhost:9092 (id: 2147483646 rack: null)
26-06-19 09:35:24.816 [org.springframework.kafka.KafkaListenerEndpointContainer#1-0-C-1] [32mINFO [0;39m o.a.k.c.c.i.ConsumerCoordinator      [ |  | ] - [Consumer clientId=consumer-discodeit-notification-group-2, groupId=discodeit-notification-group] Discovered group coordinator localhost:9092 (id: 2147483646 rack: null)
26-06-19 09:35:24.817 [org.springframework.kafka.KafkaListenerEndpointContainer#0-0-C-1] [32mINFO [0;39m o.a.k.c.c.i.ConsumerCoordinator      [ |  | ] - [Consumer clientId=consumer-discodeit-notification-group-1, groupId=discodeit-notification-group] Request joining group due to: rebalance failed due to 'This is not the correct coordinator.' (NotCoordinatorException)
26-06-19 09:35:24.817 [org.springframework.kafka.KafkaListenerEndpointContainer#1-0-C-1] [32mINFO [0;39m o.a.k.c.c.i.ConsumerCoordinator      [ |  | ] - [Consumer clientId=consumer-discodeit-notification-group-2, groupId=discodeit-notification-group] Request joining group due to: rebalance failed due to 'This is not the correct coordinator.' (NotCoordinatorException)
26-06-19 09:35:24.818 [org.springframework.kafka.KafkaListenerEndpointContainer#1-0-C-1] [32mINFO [0;39m o.a.k.c.c.i.ConsumerCoordinator      [ |  | ] - [Consumer clientId=consumer-discodeit-notification-group-2, groupId=discodeit-notification-group] (Re-)joining group
26-06-19 09:35:24.818 [org.springframework.kafka.KafkaListenerEndpointContainer#0-0-C-1] [32mINFO [0;39m o.a.k.c.c.i.ConsumerCoordinator      [ |  | ] - [Consumer clientId=consumer-discodeit-notification-group-1, groupId=discodeit-notification-group] (Re-)joining group
26-06-19 09:35:24.885 [org.springframework.kafka.KafkaListenerEndpointContainer#0-0-C-1] [32mINFO [0;39m o.a.k.c.c.i.ConsumerCoordinator      [ |  | ] - [Consumer clientId=consumer-discodeit-notification-group-1, groupId=discodeit-notification-group] Request joining group due to: need to re-join with the given member-id: consumer-discodeit-notification-group-1-af51786c-d444-4920-87db-ce19faf0ee2a
26-06-19 09:35:24.885 [org.springframework.kafka.KafkaListenerEndpointContainer#1-0-C-1] [32mINFO [0;39m o.a.k.c.c.i.ConsumerCoordinator      [ |  | ] - [Consumer clientId=consumer-discodeit-notification-group-2, groupId=discodeit-notification-group] Request joining group due to: need to re-join with the given member-id: consumer-discodeit-notification-group-2-3cfc9b09-355c-4b41-a339-05f70994e7d9
26-06-19 09:35:24.885 [org.springframework.kafka.KafkaListenerEndpointContainer#0-0-C-1] [32mINFO [0;39m o.a.k.c.c.i.ConsumerCoordinator      [ |  | ] - [Consumer clientId=consumer-discodeit-notification-group-1, groupId=discodeit-notification-group] (Re-)joining group
26-06-19 09:35:24.886 [org.springframework.kafka.KafkaListenerEndpointContainer#1-0-C-1] [32mINFO [0;39m o.a.k.c.c.i.ConsumerCoordinator      [ |  | ] - [Consumer clientId=consumer-discodeit-notification-group-2, groupId=discodeit-notification-group] (Re-)joining group
26-06-19 09:35:25.028 [org.springframework.kafka.KafkaListenerEndpointContainer#1-0-C-1] [32mINFO [0;39m o.a.k.c.c.i.ConsumerCoordinator      [ |  | ] - [Consumer clientId=consumer-discodeit-notification-group-2, groupId=discodeit-notification-group] Successfully joined group with generation Generation{generationId=1, memberId='consumer-discodeit-notification-group-2-3cfc9b09-355c-4b41-a339-05f70994e7d9', protocol='range'}
26-06-19 09:35:25.032 [org.springframework.kafka.KafkaListenerEndpointContainer#0-0-C-1] [32mINFO [0;39m o.a.k.c.c.i.ConsumerCoordinator      [ |  | ] - [Consumer clientId=consumer-discodeit-notification-group-1, groupId=discodeit-notification-group] Successfully joined group with generation Generation{generationId=1, memberId='consumer-discodeit-notification-group-1-af51786c-d444-4920-87db-ce19faf0ee2a', protocol='range'}
26-06-19 09:35:25.071 [org.springframework.kafka.KafkaListenerEndpointContainer#1-0-C-1] [32mINFO [0;39m o.a.k.c.c.i.ConsumerCoordinator      [ |  | ] - [Consumer clientId=consumer-discodeit-notification-group-2, groupId=discodeit-notification-group] Finished assignment for group at generation 1: {consumer-discodeit-notification-group-2-3cfc9b09-355c-4b41-a339-05f70994e7d9=Assignment(partitions=[discodeit.RoleUpdatedEvent-0]), consumer-discodeit-notification-group-1-af51786c-d444-4920-87db-ce19faf0ee2a=Assignment(partitions=[discodeit.MessageCreatedEvent-0])}
26-06-19 09:35:25.598 [org.springframework.kafka.KafkaListenerEndpointContainer#0-0-C-1] [32mINFO [0;39m o.a.k.c.c.i.ConsumerCoordinator      [ |  | ] - [Consumer clientId=consumer-discodeit-notification-group-1, groupId=discodeit-notification-group] Successfully synced group in generation Generation{generationId=1, memberId='consumer-discodeit-notification-group-1-af51786c-d444-4920-87db-ce19faf0ee2a', protocol='range'}
26-06-19 09:35:25.599 [org.springframework.kafka.KafkaListenerEndpointContainer#0-0-C-1] [32mINFO [0;39m o.a.k.c.c.i.ConsumerCoordinator      [ |  | ] - [Consumer clientId=consumer-discodeit-notification-group-1, groupId=discodeit-notification-group] Notifying assignor about the new Assignment(partitions=[discodeit.MessageCreatedEvent-0])
26-06-19 09:35:25.617 [org.springframework.kafka.KafkaListenerEndpointContainer#1-0-C-1] [32mINFO [0;39m o.a.k.c.c.i.ConsumerCoordinator      [ |  | ] - [Consumer clientId=consumer-discodeit-notification-group-2, groupId=discodeit-notification-group] Successfully synced group in generation Generation{generationId=1, memberId='consumer-discodeit-notification-group-2-3cfc9b09-355c-4b41-a339-05f70994e7d9', protocol='range'}
26-06-19 09:35:25.617 [org.springframework.kafka.KafkaListenerEndpointContainer#1-0-C-1] [32mINFO [0;39m o.a.k.c.c.i.ConsumerCoordinator      [ |  | ] - [Consumer clientId=consumer-discodeit-notification-group-2, groupId=discodeit-notification-group] Notifying assignor about the new Assignment(partitions=[discodeit.RoleUpdatedEvent-0])
26-06-19 09:35:25.642 [org.springframework.kafka.KafkaListenerEndpointContainer#0-0-C-1] [32mINFO [0;39m o.a.k.c.c.i.ConsumerRebalanceListenerInvoker [ |  | ] - [Consumer clientId=consumer-discodeit-notification-group-1, groupId=discodeit-notification-group] Adding newly assigned partitions: discodeit.MessageCreatedEvent-0
26-06-19 09:35:25.642 [org.springframework.kafka.KafkaListenerEndpointContainer#1-0-C-1] [32mINFO [0;39m o.a.k.c.c.i.ConsumerRebalanceListenerInvoker [ |  | ] - [Consumer clientId=consumer-discodeit-notification-group-2, groupId=discodeit-notification-group] Adding newly assigned partitions: discodeit.RoleUpdatedEvent-0
26-06-19 09:35:25.848 [org.springframework.kafka.KafkaListenerEndpointContainer#1-0-C-1] [32mINFO [0;39m o.a.k.c.c.i.ConsumerCoordinator      [ |  | ] - [Consumer clientId=consumer-discodeit-notification-group-2, groupId=discodeit-notification-group] Found no committed offset for partition discodeit.RoleUpdatedEvent-0
26-06-19 09:35:25.848 [org.springframework.kafka.KafkaListenerEndpointContainer#0-0-C-1] [32mINFO [0;39m o.a.k.c.c.i.ConsumerCoordinator      [ |  | ] - [Consumer clientId=consumer-discodeit-notification-group-1, groupId=discodeit-notification-group] Found no committed offset for partition discodeit.MessageCreatedEvent-0
26-06-19 09:35:25.942 [org.springframework.kafka.KafkaListenerEndpointContainer#0-0-C-1] [32mINFO [0;39m o.a.k.c.c.i.SubscriptionState        [ |  | ] - [Consumer clientId=consumer-discodeit-notification-group-1, groupId=discodeit-notification-group] Resetting offset for partition discodeit.MessageCreatedEvent-0 to position FetchPosition{offset=0, offsetEpoch=Optional.empty, currentLeader=LeaderAndEpoch{leader=Optional[localhost:9092 (id: 1 rack: null)], epoch=0}}.
26-06-19 09:35:25.943 [org.springframework.kafka.KafkaListenerEndpointContainer#1-0-C-1] [32mINFO [0;39m o.a.k.c.c.i.SubscriptionState        [ |  | ] - [Consumer clientId=consumer-discodeit-notification-group-2, groupId=discodeit-notification-group] Resetting offset for partition discodeit.RoleUpdatedEvent-0 to position FetchPosition{offset=0, offsetEpoch=Optional.empty, currentLeader=LeaderAndEpoch{leader=Optional[localhost:9092 (id: 1 rack: null)], epoch=0}}.
26-06-19 09:35:25.949 [org.springframework.kafka.KafkaListenerEndpointContainer#0-0-C-1] [32mINFO [0;39m o.s.k.l.KafkaMessageListenerContainer [ |  | ] - discodeit-notification-group: partitions assigned: [discodeit.MessageCreatedEvent-0]
26-06-19 09:35:25.949 [org.springframework.kafka.KafkaListenerEndpointContainer#1-0-C-1] [32mINFO [0;39m o.s.k.l.KafkaMessageListenerContainer [ |  | ] - discodeit-notification-group: partitions assigned: [discodeit.RoleUpdatedEvent-0]
26-06-19 09:35:49.629 [http-nio-8080-exec-1] [32mINFO [0;39m o.a.c.c.C.[Tomcat].[localhost].[/]   [ |  | ] - Initializing Spring DispatcherServlet 'dispatcherServlet'
26-06-19 09:35:49.641 [http-nio-8080-exec-1] [32mINFO [0;39m o.s.web.servlet.DispatcherServlet    [ |  | ] - Initializing Servlet 'dispatcherServlet'
26-06-19 09:35:49.980 [http-nio-8080-exec-1] [32mINFO [0;39m o.s.web.servlet.DispatcherServlet    [ |  | ] - Completed initialization in 333 ms
26-06-19 09:35:50.556 [http-nio-8080-exec-1] [32mTRACE[0;39m o.s.security.web.FilterChainProxy    [ |  | ] - Trying to match request against DefaultSecurityFilterChain defined as 'filterChain' in [class path resource [com/sprint/mission/discodeit/config/SecurityConfig.class]] matching [any request] and having filters [DisableEncodeUrl, WebAsyncManagerIntegration, SecurityContextHolder, HeaderWriter, Csrf, Logout, JwtAuthentication, UsernamePasswordAuthentication, RequestCacheAware, SecurityContextHolderAwareRequest, RememberMeAuthentication, AnonymousAuthentication, SessionManagement, ExceptionTranslation, Authorization] (1/1)
26-06-19 09:35:50.563 [http-nio-8080-exec-1] [32mDEBUG[0;39m o.s.security.web.FilterChainProxy    [ |  | ] - Securing GET /
26-06-19 09:35:50.593 [http-nio-8080-exec-1] [32mTRACE[0;39m o.s.security.web.FilterChainProxy    [ |  | ] - Invoking DisableEncodeUrlFilter (1/15)
26-06-19 09:35:50.617 [http-nio-8080-exec-1] [32mTRACE[0;39m o.s.security.web.FilterChainProxy    [ |  | ] - Invoking WebAsyncManagerIntegrationFilter (2/15)
26-06-19 09:35:50.632 [http-nio-8080-exec-1] [32mTRACE[0;39m o.s.security.web.FilterChainProxy    [ |  | ] - Invoking SecurityContextHolderFilter (3/15)
26-06-19 09:35:50.634 [http-nio-8080-exec-1] [32mTRACE[0;39m o.s.security.web.FilterChainProxy    [ |  | ] - Invoking HeaderWriterFilter (4/15)
26-06-19 09:35:50.639 [http-nio-8080-exec-1] [32mTRACE[0;39m o.s.security.web.FilterChainProxy    [ |  | ] - Invoking CsrfFilter (5/15)
26-06-19 09:35:50.659 [http-nio-8080-exec-1] [32mTRACE[0;39m o.s.security.web.csrf.CsrfFilter     [ |  | ] - Did not protect against CSRF since request did not match CsrfNotRequired [TRACE, HEAD, GET, OPTIONS]
26-06-19 09:35:50.659 [http-nio-8080-exec-1] [32mTRACE[0;39m o.s.security.web.FilterChainProxy    [ |  | ] - Invoking LogoutFilter (6/15)
26-06-19 09:35:50.664 [http-nio-8080-exec-1] [32mTRACE[0;39m o.s.s.w.a.logout.LogoutFilter        [ |  | ] - Did not match request to Ant [pattern='/api/auth/logout', POST]
26-06-19 09:35:50.665 [http-nio-8080-exec-1] [32mTRACE[0;39m o.s.security.web.FilterChainProxy    [ |  | ] - Invoking JwtAuthenticationFilter (7/15)
26-06-19 09:35:50.667 [http-nio-8080-exec-1] [32mTRACE[0;39m o.s.security.web.FilterChainProxy    [ |  | ] - Invoking UsernamePasswordAuthenticationFilter (8/15)
26-06-19 09:35:50.668 [http-nio-8080-exec-1] [32mTRACE[0;39m o.s.s.w.a.UsernamePasswordAuthenticationFilter [ |  | ] - Did not match request to Ant [pattern='/api/auth/login', POST]
26-06-19 09:35:50.671 [http-nio-8080-exec-1] [32mTRACE[0;39m o.s.security.web.FilterChainProxy    [ |  | ] - Invoking RequestCacheAwareFilter (9/15)
26-06-19 09:35:50.672 [http-nio-8080-exec-1] [32mTRACE[0;39m o.s.security.web.FilterChainProxy    [ |  | ] - Invoking SecurityContextHolderAwareRequestFilter (10/15)
26-06-19 09:35:50.675 [http-nio-8080-exec-1] [32mTRACE[0;39m o.s.security.web.FilterChainProxy    [ |  | ] - Invoking RememberMeAuthenticationFilter (11/15)
26-06-19 09:35:50.676 [http-nio-8080-exec-1] [32mTRACE[0;39m o.s.s.w.c.SupplierDeferredSecurityContext [ |  | ] - Created SecurityContextImpl [Null authentication]
26-06-19 09:35:50.676 [http-nio-8080-exec-1] [32mTRACE[0;39m o.s.security.web.FilterChainProxy    [ |  | ] - Invoking AnonymousAuthenticationFilter (12/15)
26-06-19 09:35:50.677 [http-nio-8080-exec-1] [32mTRACE[0;39m o.s.security.web.FilterChainProxy    [ |  | ] - Invoking SessionManagementFilter (13/15)
26-06-19 09:35:50.685 [http-nio-8080-exec-1] [32mTRACE[0;39m o.s.s.w.a.AnonymousAuthenticationFilter [ |  | ] - Set SecurityContextHolder to AnonymousAuthenticationToken [Principal=anonymousUser, Credentials=[PROTECTED], Authenticated=true, Details=WebAuthenticationDetails [RemoteIpAddress=0:0:0:0:0:0:0:1, SessionId=null], Granted Authorities=[ROLE_ANONYMOUS]]
26-06-19 09:35:50.686 [http-nio-8080-exec-1] [32mTRACE[0;39m o.s.security.web.FilterChainProxy    [ |  | ] - Invoking ExceptionTranslationFilter (14/15)
26-06-19 09:35:50.686 [http-nio-8080-exec-1] [32mTRACE[0;39m o.s.security.web.FilterChainProxy    [ |  | ] - Invoking AuthorizationFilter (15/15)
26-06-19 09:35:50.697 [http-nio-8080-exec-1] [32mTRACE[0;39m o.s.s.w.a.i.RequestMatcherDelegatingAuthorizationManager [ |  | ] - Authorizing GET /
26-06-19 09:35:50.700 [http-nio-8080-exec-1] [32mTRACE[0;39m o.s.s.w.a.i.RequestMatcherDelegatingAuthorizationManager [ |  | ] - Checking authorization on GET / using org.springframework.security.config.annotation.web.configurers.AuthorizeHttpRequestsConfigurer$$Lambda$1986/0x0000000601d27a60@1b6a5b98
26-06-19 09:35:50.712 [http-nio-8080-exec-1] [32mDEBUG[0;39m o.s.security.web.FilterChainProxy    [ |  | ] - Secured GET /
26-06-19 09:35:50.733 [http-nio-8080-exec-1] [32mDEBUG[0;39m c.s.m.d.config.MDCLoggingInterceptor [5922df715f68453f867e28338a188b60 | GET | /] - Request started
26-06-19 09:35:51.152 [http-nio-8080-exec-1] [32mTRACE[0;39m o.s.security.web.FilterChainProxy    [5922df715f68453f867e28338a188b60 | GET | /] - Trying to match request against DefaultSecurityFilterChain defined as 'filterChain' in [class path resource [com/sprint/mission/discodeit/config/SecurityConfig.class]] matching [any request] and having filters [DisableEncodeUrl, WebAsyncManagerIntegration, SecurityContextHolder, HeaderWriter, Csrf, Logout, JwtAuthentication, UsernamePasswordAuthentication, RequestCacheAware, SecurityContextHolderAwareRequest, RememberMeAuthentication, AnonymousAuthentication, SessionManagement, ExceptionTranslation, Authorization] (1/1)
26-06-19 09:35:51.155 [http-nio-8080-exec-1] [32mDEBUG[0;39m o.s.security.web.FilterChainProxy    [5922df715f68453f867e28338a188b60 | GET | /] - Securing GET /index.html
26-06-19 09:35:51.155 [http-nio-8080-exec-1] [32mTRACE[0;39m o.s.security.web.FilterChainProxy    [5922df715f68453f867e28338a188b60 | GET | /] - Invoking DisableEncodeUrlFilter (1/15)
26-06-19 09:35:51.158 [http-nio-8080-exec-1] [32mTRACE[0;39m o.s.security.web.FilterChainProxy    [5922df715f68453f867e28338a188b60 | GET | /] - Invoking WebAsyncManagerIntegrationFilter (2/15)
26-06-19 09:35:51.159 [http-nio-8080-exec-1] [32mTRACE[0;39m o.s.security.web.FilterChainProxy    [5922df715f68453f867e28338a188b60 | GET | /] - Invoking SecurityContextHolderFilter (3/15)
26-06-19 09:35:51.163 [http-nio-8080-exec-1] [32mTRACE[0;39m o.s.security.web.FilterChainProxy    [5922df715f68453f867e28338a188b60 | GET | /] - Invoking HeaderWriterFilter (4/15)
26-06-19 09:35:51.164 [http-nio-8080-exec-1] [32mTRACE[0;39m o.s.security.web.FilterChainProxy    [5922df715f68453f867e28338a188b60 | GET | /] - Invoking CsrfFilter (5/15)
26-06-19 09:35:51.165 [http-nio-8080-exec-1] [32mTRACE[0;39m o.s.security.web.FilterChainProxy    [5922df715f68453f867e28338a188b60 | GET | /] - Invoking LogoutFilter (6/15)
26-06-19 09:35:51.165 [http-nio-8080-exec-1] [32mTRACE[0;39m o.s.s.w.a.logout.LogoutFilter        [5922df715f68453f867e28338a188b60 | GET | /] - Did not match request to Ant [pattern='/api/auth/logout', POST]
26-06-19 09:35:51.165 [http-nio-8080-exec-1] [32mTRACE[0;39m o.s.security.web.FilterChainProxy    [5922df715f68453f867e28338a188b60 | GET | /] - Invoking JwtAuthenticationFilter (7/15)
26-06-19 09:35:51.165 [http-nio-8080-exec-1] [32mTRACE[0;39m o.s.security.web.FilterChainProxy    [5922df715f68453f867e28338a188b60 | GET | /] - Invoking UsernamePasswordAuthenticationFilter (8/15)
26-06-19 09:35:51.166 [http-nio-8080-exec-1] [32mTRACE[0;39m o.s.s.w.a.UsernamePasswordAuthenticationFilter [5922df715f68453f867e28338a188b60 | GET | /] - Did not match request to Ant [pattern='/api/auth/login', POST]
26-06-19 09:35:51.166 [http-nio-8080-exec-1] [32mTRACE[0;39m o.s.security.web.FilterChainProxy    [5922df715f68453f867e28338a188b60 | GET | /] - Invoking RequestCacheAwareFilter (9/15)
26-06-19 09:35:51.166 [http-nio-8080-exec-1] [32mTRACE[0;39m o.s.security.web.FilterChainProxy    [5922df715f68453f867e28338a188b60 | GET | /] - Invoking SecurityContextHolderAwareRequestFilter (10/15)
26-06-19 09:35:51.166 [http-nio-8080-exec-1] [32mTRACE[0;39m o.s.security.web.FilterChainProxy    [5922df715f68453f867e28338a188b60 | GET | /] - Invoking RememberMeAuthenticationFilter (11/15)
26-06-19 09:35:51.167 [http-nio-8080-exec-1] [32mDEBUG[0;39m o.s.s.w.a.r.RememberMeAuthenticationFilter [5922df715f68453f867e28338a188b60 | GET | /] - SecurityContextHolder not populated with remember-me token, as it already contained: 'AnonymousAuthenticationToken [Principal=anonymousUser, Credentials=[PROTECTED], Authenticated=true, Details=WebAuthenticationDetails [RemoteIpAddress=0:0:0:0:0:0:0:1, SessionId=null], Granted Authorities=[ROLE_ANONYMOUS]]'
26-06-19 09:35:51.167 [http-nio-8080-exec-1] [32mTRACE[0;39m o.s.security.web.FilterChainProxy    [5922df715f68453f867e28338a188b60 | GET | /] - Invoking AnonymousAuthenticationFilter (12/15)
26-06-19 09:35:51.167 [http-nio-8080-exec-1] [32mTRACE[0;39m o.s.security.web.FilterChainProxy    [5922df715f68453f867e28338a188b60 | GET | /] - Invoking SessionManagementFilter (13/15)
26-06-19 09:35:51.167 [http-nio-8080-exec-1] [32mTRACE[0;39m o.s.security.web.FilterChainProxy    [5922df715f68453f867e28338a188b60 | GET | /] - Invoking ExceptionTranslationFilter (14/15)
26-06-19 09:35:51.167 [http-nio-8080-exec-1] [32mTRACE[0;39m o.s.security.web.FilterChainProxy    [5922df715f68453f867e28338a188b60 | GET | /] - Invoking AuthorizationFilter (15/15)
26-06-19 09:35:51.168 [http-nio-8080-exec-1] [32mTRACE[0;39m o.s.s.w.a.i.RequestMatcherDelegatingAuthorizationManager [5922df715f68453f867e28338a188b60 | GET | /] - Authorizing GET /index.html
26-06-19 09:35:51.168 [http-nio-8080-exec-1] [32mTRACE[0;39m o.s.s.w.a.i.RequestMatcherDelegatingAuthorizationManager [5922df715f68453f867e28338a188b60 | GET | /] - Checking authorization on GET /index.html using org.springframework.security.config.annotation.web.configurers.AuthorizeHttpRequestsConfigurer$$Lambda$1986/0x0000000601d27a60@1b6a5b98
26-06-19 09:35:51.174 [http-nio-8080-exec-1] [32mDEBUG[0;39m o.s.security.web.FilterChainProxy    [5922df715f68453f867e28338a188b60 | GET | /] - Secured GET /index.html
26-06-19 09:35:51.183 [http-nio-8080-exec-1] [32mDEBUG[0;39m c.s.m.d.config.MDCLoggingInterceptor [2226dd6490304e39add025e1b70a129b | GET | /index.html] - Request started
26-06-19 09:35:51.276 [http-nio-8080-exec-1] [32mTRACE[0;39m o.s.s.w.h.writers.HstsHeaderWriter   [2226dd6490304e39add025e1b70a129b | GET | /index.html] - Not injecting HSTS header since it did not match request to [Is Secure]
26-06-19 09:35:51.299 [http-nio-8080-exec-1] [32mDEBUG[0;39m c.s.m.d.config.MDCLoggingInterceptor [2226dd6490304e39add025e1b70a129b | GET | /index.html] - Request completed
26-06-19 09:35:51.306 [http-nio-8080-exec-1] [32mTRACE[0;39m o.s.s.w.a.AnonymousAuthenticationFilter [ |  | ] - Did not set SecurityContextHolder since already authenticated AnonymousAuthenticationToken [Principal=anonymousUser, Credentials=[PROTECTED], Authenticated=true, Details=WebAuthenticationDetails [RemoteIpAddress=0:0:0:0:0:0:0:1, SessionId=null], Granted Authorities=[ROLE_ANONYMOUS]]
26-06-19 09:35:51.369 [http-nio-8080-exec-1] [32mDEBUG[0;39m c.s.m.d.config.MDCLoggingInterceptor [ |  | ] - Request completed
26-06-19 09:35:51.550 [http-nio-8080-exec-2] [32mTRACE[0;39m o.s.security.web.FilterChainProxy    [ |  | ] - Trying to match request against DefaultSecurityFilterChain defined as 'filterChain' in [class path resource [com/sprint/mission/discodeit/config/SecurityConfig.class]] matching [any request] and having filters [DisableEncodeUrl, WebAsyncManagerIntegration, SecurityContextHolder, HeaderWriter, Csrf, Logout, JwtAuthentication, UsernamePasswordAuthentication, RequestCacheAware, SecurityContextHolderAwareRequest, RememberMeAuthentication, AnonymousAuthentication, SessionManagement, ExceptionTranslation, Authorization] (1/1)
26-06-19 09:35:51.554 [http-nio-8080-exec-3] [32mTRACE[0;39m o.s.security.web.FilterChainProxy    [ |  | ] - Trying to match request against DefaultSecurityFilterChain defined as 'filterChain' in [class path resource [com/sprint/mission/discodeit/config/SecurityConfig.class]] matching [any request] and having filters [DisableEncodeUrl, WebAsyncManagerIntegration, SecurityContextHolder, HeaderWriter, Csrf, Logout, JwtAuthentication, UsernamePasswordAuthentication, RequestCacheAware, SecurityContextHolderAwareRequest, RememberMeAuthentication, AnonymousAuthentication, SessionManagement, ExceptionTranslation, Authorization] (1/1)
26-06-19 09:35:51.558 [http-nio-8080-exec-2] [32mDEBUG[0;39m o.s.security.web.FilterChainProxy    [ |  | ] - Securing GET /assets/index-bOSCxVDt.js
26-06-19 09:35:51.559 [http-nio-8080-exec-2] [32mTRACE[0;39m o.s.security.web.FilterChainProxy    [ |  | ] - Invoking DisableEncodeUrlFilter (1/15)
26-06-19 09:35:51.561 [http-nio-8080-exec-2] [32mTRACE[0;39m o.s.security.web.FilterChainProxy    [ |  | ] - Invoking WebAsyncManagerIntegrationFilter (2/15)
26-06-19 09:35:51.564 [http-nio-8080-exec-2] [32mTRACE[0;39m o.s.security.web.FilterChainProxy    [ |  | ] - Invoking SecurityContextHolderFilter (3/15)
26-06-19 09:35:51.566 [http-nio-8080-exec-2] [32mTRACE[0;39m o.s.security.web.FilterChainProxy    [ |  | ] - Invoking HeaderWriterFilter (4/15)
26-06-19 09:35:51.566 [http-nio-8080-exec-2] [32mTRACE[0;39m o.s.security.web.FilterChainProxy    [ |  | ] - Invoking CsrfFilter (5/15)
26-06-19 09:35:51.557 [http-nio-8080-exec-3] [32mDEBUG[0;39m o.s.security.web.FilterChainProxy    [ |  | ] - Securing GET /assets/index-kQJbKSsj.css
26-06-19 09:35:51.567 [http-nio-8080-exec-2] [32mTRACE[0;39m o.s.security.web.csrf.CsrfFilter     [ |  | ] - Did not protect against CSRF since request did not match CsrfNotRequired [TRACE, HEAD, GET, OPTIONS]
26-06-19 09:35:51.568 [http-nio-8080-exec-2] [32mTRACE[0;39m o.s.security.web.FilterChainProxy    [ |  | ] - Invoking LogoutFilter (6/15)
26-06-19 09:35:51.568 [http-nio-8080-exec-2] [32mTRACE[0;39m o.s.s.w.a.logout.LogoutFilter        [ |  | ] - Did not match request to Ant [pattern='/api/auth/logout', POST]
26-06-19 09:35:51.567 [http-nio-8080-exec-3] [32mTRACE[0;39m o.s.security.web.FilterChainProxy    [ |  | ] - Invoking DisableEncodeUrlFilter (1/15)
26-06-19 09:35:51.568 [http-nio-8080-exec-2] [32mTRACE[0;39m o.s.security.web.FilterChainProxy    [ |  | ] - Invoking JwtAuthenticationFilter (7/15)
26-06-19 09:35:51.571 [http-nio-8080-exec-2] [32mTRACE[0;39m o.s.security.web.FilterChainProxy    [ |  | ] - Invoking UsernamePasswordAuthenticationFilter (8/15)
26-06-19 09:35:51.571 [http-nio-8080-exec-2] [32mTRACE[0;39m o.s.s.w.a.UsernamePasswordAuthenticationFilter [ |  | ] - Did not match request to Ant [pattern='/api/auth/login', POST]
26-06-19 09:35:51.571 [http-nio-8080-exec-2] [32mTRACE[0;39m o.s.security.web.FilterChainProxy    [ |  | ] - Invoking RequestCacheAwareFilter (9/15)
26-06-19 09:35:51.571 [http-nio-8080-exec-2] [32mTRACE[0;39m o.s.security.web.FilterChainProxy    [ |  | ] - Invoking SecurityContextHolderAwareRequestFilter (10/15)
26-06-19 09:35:51.572 [http-nio-8080-exec-2] [32mTRACE[0;39m o.s.security.web.FilterChainProxy    [ |  | ] - Invoking RememberMeAuthenticationFilter (11/15)
26-06-19 09:35:51.572 [http-nio-8080-exec-2] [32mTRACE[0;39m o.s.s.w.c.SupplierDeferredSecurityContext [ |  | ] - Created SecurityContextImpl [Null authentication]
26-06-19 09:35:51.572 [http-nio-8080-exec-2] [32mTRACE[0;39m o.s.security.web.FilterChainProxy    [ |  | ] - Invoking AnonymousAuthenticationFilter (12/15)
26-06-19 09:35:51.572 [http-nio-8080-exec-2] [32mTRACE[0;39m o.s.security.web.FilterChainProxy    [ |  | ] - Invoking SessionManagementFilter (13/15)
26-06-19 09:35:51.572 [http-nio-8080-exec-2] [32mTRACE[0;39m o.s.s.w.a.AnonymousAuthenticationFilter [ |  | ] - Set SecurityContextHolder to AnonymousAuthenticationToken [Principal=anonymousUser, Credentials=[PROTECTED], Authenticated=true, Details=WebAuthenticationDetails [RemoteIpAddress=0:0:0:0:0:0:0:1, SessionId=null], Granted Authorities=[ROLE_ANONYMOUS]]
26-06-19 09:35:51.573 [http-nio-8080-exec-2] [32mTRACE[0;39m o.s.security.web.FilterChainProxy    [ |  | ] - Invoking ExceptionTranslationFilter (14/15)
26-06-19 09:35:51.573 [http-nio-8080-exec-2] [32mTRACE[0;39m o.s.security.web.FilterChainProxy    [ |  | ] - Invoking AuthorizationFilter (15/15)
26-06-19 09:35:51.573 [http-nio-8080-exec-2] [32mTRACE[0;39m o.s.s.w.a.i.RequestMatcherDelegatingAuthorizationManager [ |  | ] - Authorizing GET /assets/index-bOSCxVDt.js
26-06-19 09:35:51.573 [http-nio-8080-exec-3] [32mTRACE[0;39m o.s.security.web.FilterChainProxy    [ |  | ] - Invoking WebAsyncManagerIntegrationFilter (2/15)
26-06-19 09:35:51.574 [http-nio-8080-exec-3] [32mTRACE[0;39m o.s.security.web.FilterChainProxy    [ |  | ] - Invoking SecurityContextHolderFilter (3/15)
26-06-19 09:35:51.574 [http-nio-8080-exec-3] [32mTRACE[0;39m o.s.security.web.FilterChainProxy    [ |  | ] - Invoking HeaderWriterFilter (4/15)
26-06-19 09:35:51.574 [http-nio-8080-exec-3] [32mTRACE[0;39m o.s.security.web.FilterChainProxy    [ |  | ] - Invoking CsrfFilter (5/15)
26-06-19 09:35:51.574 [http-nio-8080-exec-3] [32mTRACE[0;39m o.s.security.web.csrf.CsrfFilter     [ |  | ] - Did not protect against CSRF since request did not match CsrfNotRequired [TRACE, HEAD, GET, OPTIONS]
26-06-19 09:35:51.574 [http-nio-8080-exec-3] [32mTRACE[0;39m o.s.security.web.FilterChainProxy    [ |  | ] - Invoking LogoutFilter (6/15)
26-06-19 09:35:51.574 [http-nio-8080-exec-3] [32mTRACE[0;39m o.s.s.w.a.logout.LogoutFilter        [ |  | ] - Did not match request to Ant [pattern='/api/auth/logout', POST]
26-06-19 09:35:51.574 [http-nio-8080-exec-3] [32mTRACE[0;39m o.s.security.web.FilterChainProxy    [ |  | ] - Invoking JwtAuthenticationFilter (7/15)
26-06-19 09:35:51.575 [http-nio-8080-exec-3] [32mTRACE[0;39m o.s.security.web.FilterChainProxy    [ |  | ] - Invoking UsernamePasswordAuthenticationFilter (8/15)
26-06-19 09:35:51.574 [http-nio-8080-exec-2] [32mTRACE[0;39m o.s.s.w.a.i.RequestMatcherDelegatingAuthorizationManager [ |  | ] - Checking authorization on GET /assets/index-bOSCxVDt.js using org.springframework.security.config.annotation.web.configurers.AuthorizeHttpRequestsConfigurer$$Lambda$1986/0x0000000601d27a60@1b6a5b98
26-06-19 09:35:51.575 [http-nio-8080-exec-3] [32mTRACE[0;39m o.s.s.w.a.UsernamePasswordAuthenticationFilter [ |  | ] - Did not match request to Ant [pattern='/api/auth/login', POST]
26-06-19 09:35:51.576 [http-nio-8080-exec-3] [32mTRACE[0;39m o.s.security.web.FilterChainProxy    [ |  | ] - Invoking RequestCacheAwareFilter (9/15)
26-06-19 09:35:51.584 [http-nio-8080-exec-3] [32mTRACE[0;39m o.s.security.web.FilterChainProxy    [ |  | ] - Invoking SecurityContextHolderAwareRequestFilter (10/15)
26-06-19 09:35:51.584 [http-nio-8080-exec-2] [32mDEBUG[0;39m o.s.security.web.FilterChainProxy    [ |  | ] - Secured GET /assets/index-bOSCxVDt.js
26-06-19 09:35:51.589 [http-nio-8080-exec-3] [32mTRACE[0;39m o.s.security.web.FilterChainProxy    [ |  | ] - Invoking RememberMeAuthenticationFilter (11/15)
26-06-19 09:35:51.589 [http-nio-8080-exec-3] [32mTRACE[0;39m o.s.s.w.c.SupplierDeferredSecurityContext [ |  | ] - Created SecurityContextImpl [Null authentication]
26-06-19 09:35:51.589 [http-nio-8080-exec-3] [32mTRACE[0;39m o.s.security.web.FilterChainProxy    [ |  | ] - Invoking AnonymousAuthenticationFilter (12/15)
26-06-19 09:35:51.589 [http-nio-8080-exec-3] [32mTRACE[0;39m o.s.security.web.FilterChainProxy    [ |  | ] - Invoking SessionManagementFilter (13/15)
26-06-19 09:35:51.589 [http-nio-8080-exec-3] [32mTRACE[0;39m o.s.s.w.a.AnonymousAuthenticationFilter [ |  | ] - Set SecurityContextHolder to AnonymousAuthenticationToken [Principal=anonymousUser, Credentials=[PROTECTED], Authenticated=true, Details=WebAuthenticationDetails [RemoteIpAddress=0:0:0:0:0:0:0:1, SessionId=null], Granted Authorities=[ROLE_ANONYMOUS]]
26-06-19 09:35:51.593 [http-nio-8080-exec-3] [32mTRACE[0;39m o.s.security.web.FilterChainProxy    [ |  | ] - Invoking ExceptionTranslationFilter (14/15)
26-06-19 09:35:51.594 [http-nio-8080-exec-3] [32mTRACE[0;39m o.s.security.web.FilterChainProxy    [ |  | ] - Invoking AuthorizationFilter (15/15)
26-06-19 09:35:51.594 [http-nio-8080-exec-3] [32mTRACE[0;39m o.s.s.w.a.i.RequestMatcherDelegatingAuthorizationManager [ |  | ] - Authorizing GET /assets/index-kQJbKSsj.css
26-06-19 09:35:51.594 [http-nio-8080-exec-3] [32mTRACE[0;39m o.s.s.w.a.i.RequestMatcherDelegatingAuthorizationManager [ |  | ] - Checking authorization on GET /assets/index-kQJbKSsj.css using org.springframework.security.config.annotation.web.configurers.AuthorizeHttpRequestsConfigurer$$Lambda$1986/0x0000000601d27a60@1b6a5b98
26-06-19 09:35:51.595 [http-nio-8080-exec-3] [32mDEBUG[0;39m o.s.security.web.FilterChainProxy    [ |  | ] - Secured GET /assets/index-kQJbKSsj.css
26-06-19 09:35:51.821 [http-nio-8080-exec-2] [32mDEBUG[0;39m c.s.m.d.config.MDCLoggingInterceptor [b287a2bd10dc4924bdfc9437ce024c41 | GET | /assets/index-bOSCxVDt.js] - Request started
26-06-19 09:35:51.822 [http-nio-8080-exec-3] [32mDEBUG[0;39m c.s.m.d.config.MDCLoggingInterceptor [ab4639445c9144038e112c245b3b06d3 | GET | /assets/index-kQJbKSsj.css] - Request started
26-06-19 09:35:51.854 [http-nio-8080-exec-2] [32mTRACE[0;39m o.s.s.w.h.writers.HstsHeaderWriter   [b287a2bd10dc4924bdfc9437ce024c41 | GET | /assets/index-bOSCxVDt.js] - Not injecting HSTS header since it did not match request to [Is Secure]
26-06-19 09:35:51.859 [http-nio-8080-exec-3] [32mTRACE[0;39m o.s.s.w.h.writers.HstsHeaderWriter   [ab4639445c9144038e112c245b3b06d3 | GET | /assets/index-kQJbKSsj.css] - Not injecting HSTS header since it did not match request to [Is Secure]
26-06-19 09:35:51.861 [http-nio-8080-exec-3] [32mDEBUG[0;39m c.s.m.d.config.MDCLoggingInterceptor [ab4639445c9144038e112c245b3b06d3 | GET | /assets/index-kQJbKSsj.css] - Request completed
26-06-19 09:35:51.895 [http-nio-8080-exec-2] [32mDEBUG[0;39m c.s.m.d.config.MDCLoggingInterceptor [b287a2bd10dc4924bdfc9437ce024c41 | GET | /assets/index-bOSCxVDt.js] - Request completed
26-06-19 09:35:52.029 [http-nio-8080-exec-5] [32mTRACE[0;39m o.s.security.web.FilterChainProxy    [ |  | ] - Trying to match request against DefaultSecurityFilterChain defined as 'filterChain' in [class path resource [com/sprint/mission/discodeit/config/SecurityConfig.class]] matching [any request] and having filters [DisableEncodeUrl, WebAsyncManagerIntegration, SecurityContextHolder, HeaderWriter, Csrf, Logout, JwtAuthentication, UsernamePasswordAuthentication, RequestCacheAware, SecurityContextHolderAwareRequest, RememberMeAuthentication, AnonymousAuthentication, SessionManagement, ExceptionTranslation, Authorization] (1/1)
26-06-19 09:35:52.029 [http-nio-8080-exec-4] [32mTRACE[0;39m o.s.security.web.FilterChainProxy    [ |  | ] - Trying to match request against DefaultSecurityFilterChain defined as 'filterChain' in [class path resource [com/sprint/mission/discodeit/config/SecurityConfig.class]] matching [any request] and having filters [DisableEncodeUrl, WebAsyncManagerIntegration, SecurityContextHolder, HeaderWriter, Csrf, Logout, JwtAuthentication, UsernamePasswordAuthentication, RequestCacheAware, SecurityContextHolderAwareRequest, RememberMeAuthentication, AnonymousAuthentication, SessionManagement, ExceptionTranslation, Authorization] (1/1)
26-06-19 09:35:52.030 [http-nio-8080-exec-5] [32mDEBUG[0;39m o.s.security.web.FilterChainProxy    [ |  | ] - Securing POST /api/auth/refresh
26-06-19 09:35:52.030 [http-nio-8080-exec-4] [32mDEBUG[0;39m o.s.security.web.FilterChainProxy    [ |  | ] - Securing GET /api/auth/csrf-token
26-06-19 09:35:52.031 [http-nio-8080-exec-4] [32mTRACE[0;39m o.s.security.web.FilterChainProxy    [ |  | ] - Invoking DisableEncodeUrlFilter (1/15)
26-06-19 09:35:52.031 [http-nio-8080-exec-5] [32mTRACE[0;39m o.s.security.web.FilterChainProxy    [ |  | ] - Invoking DisableEncodeUrlFilter (1/15)
26-06-19 09:35:52.032 [http-nio-8080-exec-5] [32mTRACE[0;39m o.s.security.web.FilterChainProxy    [ |  | ] - Invoking WebAsyncManagerIntegrationFilter (2/15)
26-06-19 09:35:52.032 [http-nio-8080-exec-5] [32mTRACE[0;39m o.s.security.web.FilterChainProxy    [ |  | ] - Invoking SecurityContextHolderFilter (3/15)
26-06-19 09:35:52.032 [http-nio-8080-exec-5] [32mTRACE[0;39m o.s.security.web.FilterChainProxy    [ |  | ] - Invoking HeaderWriterFilter (4/15)
26-06-19 09:35:52.032 [http-nio-8080-exec-5] [32mTRACE[0;39m o.s.security.web.FilterChainProxy    [ |  | ] - Invoking CsrfFilter (5/15)
26-06-19 09:35:52.032 [http-nio-8080-exec-4] [32mTRACE[0;39m o.s.security.web.FilterChainProxy    [ |  | ] - Invoking WebAsyncManagerIntegrationFilter (2/15)
26-06-19 09:35:52.034 [http-nio-8080-exec-4] [32mTRACE[0;39m o.s.security.web.FilterChainProxy    [ |  | ] - Invoking SecurityContextHolderFilter (3/15)
26-06-19 09:35:52.034 [http-nio-8080-exec-4] [32mTRACE[0;39m o.s.security.web.FilterChainProxy    [ |  | ] - Invoking HeaderWriterFilter (4/15)
26-06-19 09:35:52.038 [http-nio-8080-exec-4] [32mTRACE[0;39m o.s.security.web.FilterChainProxy    [ |  | ] - Invoking CsrfFilter (5/15)
26-06-19 09:35:52.039 [http-nio-8080-exec-5] [32mTRACE[0;39m o.s.security.web.FilterChainProxy    [ |  | ] - Invoking LogoutFilter (6/15)
26-06-19 09:35:52.040 [http-nio-8080-exec-4] [32mTRACE[0;39m o.s.security.web.csrf.CsrfFilter     [ |  | ] - Did not protect against CSRF since request did not match CsrfNotRequired [TRACE, HEAD, GET, OPTIONS]
26-06-19 09:35:52.040 [http-nio-8080-exec-4] [32mTRACE[0;39m o.s.security.web.FilterChainProxy    [ |  | ] - Invoking LogoutFilter (6/15)
26-06-19 09:35:52.040 [http-nio-8080-exec-4] [32mTRACE[0;39m o.s.s.w.a.logout.LogoutFilter        [ |  | ] - Did not match request to Ant [pattern='/api/auth/logout', POST]
26-06-19 09:35:52.040 [http-nio-8080-exec-4] [32mTRACE[0;39m o.s.security.web.FilterChainProxy    [ |  | ] - Invoking JwtAuthenticationFilter (7/15)
26-06-19 09:35:52.041 [http-nio-8080-exec-4] [32mTRACE[0;39m o.s.security.web.FilterChainProxy    [ |  | ] - Invoking UsernamePasswordAuthenticationFilter (8/15)
26-06-19 09:35:52.042 [http-nio-8080-exec-5] [32mTRACE[0;39m o.s.s.w.a.logout.LogoutFilter        [ |  | ] - Did not match request to Ant [pattern='/api/auth/logout', POST]
26-06-19 09:35:52.042 [http-nio-8080-exec-5] [32mTRACE[0;39m o.s.security.web.FilterChainProxy    [ |  | ] - Invoking JwtAuthenticationFilter (7/15)
26-06-19 09:35:52.042 [http-nio-8080-exec-4] [32mTRACE[0;39m o.s.s.w.a.UsernamePasswordAuthenticationFilter [ |  | ] - Did not match request to Ant [pattern='/api/auth/login', POST]
26-06-19 09:35:52.042 [http-nio-8080-exec-4] [32mTRACE[0;39m o.s.security.web.FilterChainProxy    [ |  | ] - Invoking RequestCacheAwareFilter (9/15)
26-06-19 09:35:52.042 [http-nio-8080-exec-4] [32mTRACE[0;39m o.s.security.web.FilterChainProxy    [ |  | ] - Invoking SecurityContextHolderAwareRequestFilter (10/15)
26-06-19 09:35:52.042 [http-nio-8080-exec-4] [32mTRACE[0;39m o.s.security.web.FilterChainProxy    [ |  | ] - Invoking RememberMeAuthenticationFilter (11/15)
26-06-19 09:35:52.044 [http-nio-8080-exec-4] [32mTRACE[0;39m o.s.s.w.c.SupplierDeferredSecurityContext [ |  | ] - Created SecurityContextImpl [Null authentication]
26-06-19 09:35:52.044 [http-nio-8080-exec-4] [32mTRACE[0;39m o.s.security.web.FilterChainProxy    [ |  | ] - Invoking AnonymousAuthenticationFilter (12/15)
26-06-19 09:35:52.043 [http-nio-8080-exec-5] [32mTRACE[0;39m o.s.security.web.FilterChainProxy    [ |  | ] - Invoking UsernamePasswordAuthenticationFilter (8/15)
26-06-19 09:35:52.046 [http-nio-8080-exec-5] [32mTRACE[0;39m o.s.s.w.a.UsernamePasswordAuthenticationFilter [ |  | ] - Did not match request to Ant [pattern='/api/auth/login', POST]
26-06-19 09:35:52.046 [http-nio-8080-exec-5] [32mTRACE[0;39m o.s.security.web.FilterChainProxy    [ |  | ] - Invoking RequestCacheAwareFilter (9/15)
26-06-19 09:35:52.045 [http-nio-8080-exec-4] [32mTRACE[0;39m o.s.security.web.FilterChainProxy    [ |  | ] - Invoking SessionManagementFilter (13/15)
26-06-19 09:35:52.047 [http-nio-8080-exec-5] [32mTRACE[0;39m o.s.security.web.FilterChainProxy    [ |  | ] - Invoking SecurityContextHolderAwareRequestFilter (10/15)
26-06-19 09:35:52.047 [http-nio-8080-exec-4] [32mTRACE[0;39m o.s.s.w.a.AnonymousAuthenticationFilter [ |  | ] - Set SecurityContextHolder to AnonymousAuthenticationToken [Principal=anonymousUser, Credentials=[PROTECTED], Authenticated=true, Details=WebAuthenticationDetails [RemoteIpAddress=0:0:0:0:0:0:0:1, SessionId=null], Granted Authorities=[ROLE_ANONYMOUS]]
26-06-19 09:35:52.047 [http-nio-8080-exec-5] [32mTRACE[0;39m o.s.security.web.FilterChainProxy    [ |  | ] - Invoking RememberMeAuthenticationFilter (11/15)
26-06-19 09:35:52.047 [http-nio-8080-exec-5] [32mTRACE[0;39m o.s.s.w.c.SupplierDeferredSecurityContext [ |  | ] - Created SecurityContextImpl [Null authentication]
26-06-19 09:35:52.047 [http-nio-8080-exec-5] [32mTRACE[0;39m o.s.security.web.FilterChainProxy    [ |  | ] - Invoking AnonymousAuthenticationFilter (12/15)
26-06-19 09:35:52.047 [http-nio-8080-exec-4] [32mTRACE[0;39m o.s.security.web.FilterChainProxy    [ |  | ] - Invoking ExceptionTranslationFilter (14/15)
26-06-19 09:35:52.048 [http-nio-8080-exec-5] [32mTRACE[0;39m o.s.security.web.FilterChainProxy    [ |  | ] - Invoking SessionManagementFilter (13/15)
26-06-19 09:35:52.048 [http-nio-8080-exec-5] [32mTRACE[0;39m o.s.s.w.a.AnonymousAuthenticationFilter [ |  | ] - Set SecurityContextHolder to AnonymousAuthenticationToken [Principal=anonymousUser, Credentials=[PROTECTED], Authenticated=true, Details=WebAuthenticationDetails [RemoteIpAddress=0:0:0:0:0:0:0:1, SessionId=null], Granted Authorities=[ROLE_ANONYMOUS]]
26-06-19 09:35:52.048 [http-nio-8080-exec-5] [32mTRACE[0;39m o.s.security.web.FilterChainProxy    [ |  | ] - Invoking ExceptionTranslationFilter (14/15)
26-06-19 09:35:52.048 [http-nio-8080-exec-5] [32mTRACE[0;39m o.s.security.web.FilterChainProxy    [ |  | ] - Invoking AuthorizationFilter (15/15)
26-06-19 09:35:52.048 [http-nio-8080-exec-4] [32mTRACE[0;39m o.s.security.web.FilterChainProxy    [ |  | ] - Invoking AuthorizationFilter (15/15)
26-06-19 09:35:52.049 [http-nio-8080-exec-4] [32mTRACE[0;39m o.s.s.w.a.i.RequestMatcherDelegatingAuthorizationManager [ |  | ] - Authorizing GET /api/auth/csrf-token
26-06-19 09:35:52.048 [http-nio-8080-exec-5] [32mTRACE[0;39m o.s.s.w.a.i.RequestMatcherDelegatingAuthorizationManager [ |  | ] - Authorizing POST /api/auth/refresh
26-06-19 09:35:52.057 [http-nio-8080-exec-4] [32mTRACE[0;39m o.s.s.w.a.i.RequestMatcherDelegatingAuthorizationManager [ |  | ] - Checking authorization on GET /api/auth/csrf-token using org.springframework.security.config.annotation.web.configurers.AuthorizeHttpRequestsConfigurer$$Lambda$1986/0x0000000601d27a60@1b6a5b98
26-06-19 09:35:52.059 [http-nio-8080-exec-5] [32mTRACE[0;39m o.s.s.w.a.i.RequestMatcherDelegatingAuthorizationManager [ |  | ] - Checking authorization on POST /api/auth/refresh using org.springframework.security.authorization.AuthenticatedAuthorizationManager@7b297000
26-06-19 09:35:52.062 [http-nio-8080-exec-4] [32mDEBUG[0;39m o.s.security.web.FilterChainProxy    [ |  | ] - Secured GET /api/auth/csrf-token
26-06-19 09:35:52.073 [http-nio-8080-exec-4] [32mDEBUG[0;39m c.s.m.d.config.MDCLoggingInterceptor [fac4c9eb209143c5bf42f5123b4dedbc | GET | /api/auth/csrf-token] - Request started
26-06-19 09:35:52.110 [http-nio-8080-exec-5] [32mTRACE[0;39m o.s.s.w.a.ExceptionTranslationFilter [ |  | ] - Sending AnonymousAuthenticationToken [Principal=anonymousUser, Credentials=[PROTECTED], Authenticated=true, Details=WebAuthenticationDetails [RemoteIpAddress=0:0:0:0:0:0:0:1, SessionId=null], Granted Authorities=[ROLE_ANONYMOUS]] to authentication entry point since access is denied
org.springframework.security.authorization.AuthorizationDeniedException: Access Denied
	at org.springframework.security.web.access.intercept.AuthorizationFilter.doFilter(AuthorizationFilter.java:99)
	at org.springframework.security.web.ObservationFilterChainDecorator$ObservationFilter.wrapFilter(ObservationFilterChainDecorator.java:240)
	at org.springframework.security.web.ObservationFilterChainDecorator$ObservationFilter.doFilter(ObservationFilterChainDecorator.java:227)
	at org.springframework.security.web.ObservationFilterChainDecorator$VirtualFilterChain.doFilter(ObservationFilterChainDecorator.java:137)
	at org.springframework.security.web.access.ExceptionTranslationFilter.doFilter(ExceptionTranslationFilter.java:126)
	at org.springframework.security.web.access.ExceptionTranslationFilter.doFilter(ExceptionTranslationFilter.java:120)
	at org.springframework.security.web.ObservationFilterChainDecorator$ObservationFilter.wrapFilter(ObservationFilterChainDecorator.java:240)
	at org.springframework.security.web.ObservationFilterChainDecorator$ObservationFilter.doFilter(ObservationFilterChainDecorator.java:227)
	at org.springframework.security.web.ObservationFilterChainDecorator$VirtualFilterChain.doFilter(ObservationFilterChainDecorator.java:137)
	at org.springframework.security.web.session.SessionManagementFilter.doFilter(SessionManagementFilter.java:131)
	at org.springframework.security.web.session.SessionManagementFilter.doFilter(SessionManagementFilter.java:85)
	at org.springframework.security.web.ObservationFilterChainDecorator$ObservationFilter.wrapFilter(ObservationFilterChainDecorator.java:240)
	at org.springframework.security.web.ObservationFilterChainDecorator$ObservationFilter.doFilter(ObservationFilterChainDecorator.java:227)
	at org.springframework.security.web.ObservationFilterChainDecorator$VirtualFilterChain.doFilter(ObservationFilterChainDecorator.java:137)
	at org.springframework.security.web.authentication.AnonymousAuthenticationFilter.doFilter(AnonymousAuthenticationFilter.java:100)
	at org.springframework.security.web.ObservationFilterChainDecorator$ObservationFilter.wrapFilter(ObservationFilterChainDecorator.java:240)
	at org.springframework.security.web.ObservationFilterChainDecorator$ObservationFilter.doFilter(ObservationFilterChainDecorator.java:227)
	at org.springframework.security.web.ObservationFilterChainDecorator$VirtualFilterChain.doFilter(ObservationFilterChainDecorator.java:137)
	at org.springframework.security.web.authentication.rememberme.RememberMeAuthenticationFilter.doFilter(RememberMeAuthenticationFilter.java:150)
	at org.springframework.security.web.authentication.rememberme.RememberMeAuthenticationFilter.doFilter(RememberMeAuthenticationFilter.java:105)
	at org.springframework.security.web.ObservationFilterChainDecorator$ObservationFilter.wrapFilter(ObservationFilterChainDecorator.java:240)
	at org.springframework.security.web.ObservationFilterChainDecorator$ObservationFilter.doFilter(ObservationFilterChainDecorator.java:227)
	at org.springframework.security.web.ObservationFilterChainDecorator$VirtualFilterChain.doFilter(ObservationFilterChainDecorator.java:137)
	at org.springframework.security.web.servletapi.SecurityContextHolderAwareRequestFilter.doFilter(SecurityContextHolderAwareRequestFilter.java:179)
	at org.springframework.security.web.ObservationFilterChainDecorator$ObservationFilter.wrapFilter(ObservationFilterChainDecorator.java:240)
	at org.springframework.security.web.ObservationFilterChainDecorator$ObservationFilter.doFilter(ObservationFilterChainDecorator.java:227)
	at org.springframework.security.web.ObservationFilterChainDecorator$VirtualFilterChain.doFilter(ObservationFilterChainDecorator.java:137)
	at org.springframework.security.web.savedrequest.RequestCacheAwareFilter.doFilter(RequestCacheAwareFilter.java:63)
	at org.springframework.security.web.ObservationFilterChainDecorator$ObservationFilter.wrapFilter(ObservationFilterChainDecorator.java:240)
	at org.springframework.security.web.ObservationFilterChainDecorator$ObservationFilter.doFilter(ObservationFilterChainDecorator.java:227)
	at org.springframework.security.web.ObservationFilterChainDecorator$VirtualFilterChain.doFilter(ObservationFilterChainDecorator.java:137)
	at org.springframework.security.web.authentication.AbstractAuthenticationProcessingFilter.doFilter(AbstractAuthenticationProcessingFilter.java:227)
	at org.springframework.security.web.authentication.AbstractAuthenticationProcessingFilter.doFilter(AbstractAuthenticationProcessingFilter.java:221)
	at org.springframework.security.web.ObservationFilterChainDecorator$ObservationFilter.wrapFilter(ObservationFilterChainDecorator.java:240)
	at org.springframework.security.web.ObservationFilterChainDecorator$ObservationFilter.doFilter(ObservationFilterChainDecorator.java:227)
	at org.springframework.security.web.ObservationFilterChainDecorator$VirtualFilterChain.doFilter(ObservationFilterChainDecorator.java:137)
	at com.sprint.mission.discodeit.security.filter.JwtAuthenticationFilter.doFilterInternal(JwtAuthenticationFilter.java:68)
	at org.springframework.web.filter.OncePerRequestFilter.doFilter(OncePerRequestFilter.java:116)
	at org.springframework.security.web.ObservationFilterChainDecorator$ObservationFilter.wrapFilter(ObservationFilterChainDecorator.java:240)
	at org.springframework.security.web.ObservationFilterChainDecorator$ObservationFilter.doFilter(ObservationFilterChainDecorator.java:227)
	at org.springframework.security.web.ObservationFilterChainDecorator$VirtualFilterChain.doFilter(ObservationFilterChainDecorator.java:137)
	at org.springframework.security.web.authentication.logout.LogoutFilter.doFilter(LogoutFilter.java:107)
	at org.springframework.security.web.authentication.logout.LogoutFilter.doFilter(LogoutFilter.java:93)
	at org.springframework.security.web.ObservationFilterChainDecorator$ObservationFilter.wrapFilter(ObservationFilterChainDecorator.java:240)
	at org.springframework.security.web.ObservationFilterChainDecorator$ObservationFilter.doFilter(ObservationFilterChainDecorator.java:227)
	at org.springframework.security.web.ObservationFilterChainDecorator$VirtualFilterChain.doFilter(ObservationFilterChainDecorator.java:137)
	at org.springframework.security.web.csrf.CsrfFilter.doFilterInternal(CsrfFilter.java:131)
	at org.springframework.web.filter.OncePerRequestFilter.doFilter(OncePerRequestFilter.java:116)
	at org.springframework.security.web.ObservationFilterChainDecorator$ObservationFilter.wrapFilter(ObservationFilterChainDecorator.java:240)
	at org.springframework.security.web.ObservationFilterChainDecorator$ObservationFilter.doFilter(ObservationFilterChainDecorator.java:227)
	at org.springframework.security.web.ObservationFilterChainDecorator$VirtualFilterChain.doFilter(ObservationFilterChainDecorator.java:137)
	at org.springframework.security.web.header.HeaderWriterFilter.doHeadersAfter(HeaderWriterFilter.java:90)
	at org.springframework.security.web.header.HeaderWriterFilter.doFilterInternal(HeaderWriterFilter.java:75)
	at org.springframework.web.filter.OncePerRequestFilter.doFilter(OncePerRequestFilter.java:116)
	at org.springframework.security.web.ObservationFilterChainDecorator$ObservationFilter.wrapFilter(ObservationFilterChainDecorator.java:240)
	at org.springframework.security.web.ObservationFilterChainDecorator$ObservationFilter.doFilter(ObservationFilterChainDecorator.java:227)
	at org.springframework.security.web.ObservationFilterChainDecorator$VirtualFilterChain.doFilter(ObservationFilterChainDecorator.java:137)
	at org.springframework.security.web.context.SecurityContextHolderFilter.doFilter(SecurityContextHolderFilter.java:82)
	at org.springframework.security.web.context.SecurityContextHolderFilter.doFilter(SecurityContextHolderFilter.java:69)
	at org.springframework.security.web.ObservationFilterChainDecorator$ObservationFilter.wrapFilter(ObservationFilterChainDecorator.java:240)
	at org.springframework.security.web.ObservationFilterChainDecorator$ObservationFilter.doFilter(ObservationFilterChainDecorator.java:227)
	at org.springframework.security.web.ObservationFilterChainDecorator$VirtualFilterChain.doFilter(ObservationFilterChainDecorator.java:137)
	at org.springframework.security.web.context.request.async.WebAsyncManagerIntegrationFilter.doFilterInternal(WebAsyncManagerIntegrationFilter.java:62)
	at org.springframework.web.filter.OncePerRequestFilter.doFilter(OncePerRequestFilter.java:116)
	at org.springframework.security.web.ObservationFilterChainDecorator$ObservationFilter.wrapFilter(ObservationFilterChainDecorator.java:240)
	at org.springframework.security.web.ObservationFilterChainDecorator$ObservationFilter.doFilter(ObservationFilterChainDecorator.java:227)
	at org.springframework.security.web.ObservationFilterChainDecorator$VirtualFilterChain.doFilter(ObservationFilterChainDecorator.java:137)
	at org.springframework.security.web.session.DisableEncodeUrlFilter.doFilterInternal(DisableEncodeUrlFilter.java:42)
	at org.springframework.web.filter.OncePerRequestFilter.doFilter(OncePerRequestFilter.java:116)
	at org.springframework.security.web.ObservationFilterChainDecorator$ObservationFilter.wrapFilter(ObservationFilterChainDecorator.java:240)
	at org.springframework.security.web.ObservationFilterChainDecorator$AroundFilterObservation$SimpleAroundFilterObservation.lambda$wrap$0(ObservationFilterChainDecorator.java:323)
	at org.springframework.security.web.ObservationFilterChainDecorator$ObservationFilter.doFilter(ObservationFilterChainDecorator.java:224)
	at org.springframework.security.web.ObservationFilterChainDecorator$VirtualFilterChain.doFilter(ObservationFilterChainDecorator.java:137)
	at org.springframework.security.web.FilterChainProxy.doFilterInternal(FilterChainProxy.java:233)
	at org.springframework.security.web.FilterChainProxy.doFilter(FilterChainProxy.java:191)
	at org.springframework.web.filter.CompositeFilter$VirtualFilterChain.doFilter(CompositeFilter.java:113)
	at org.springframework.web.servlet.handler.HandlerMappingIntrospector.lambda$createCacheFilter$3(HandlerMappingIntrospector.java:243)
	at org.springframework.web.filter.CompositeFilter$VirtualFilterChain.doFilter(CompositeFilter.java:113)
	at org.springframework.web.filter.CompositeFilter.doFilter(CompositeFilter.java:74)
	at org.springframework.security.config.annotation.web.configuration.WebMvcSecurityConfiguration$CompositeFilterChainProxy.doFilter(WebMvcSecurityConfiguration.java:238)
	at org.springframework.web.filter.DelegatingFilterProxy.invokeDelegate(DelegatingFilterProxy.java:362)
	at org.springframework.web.filter.DelegatingFilterProxy.doFilter(DelegatingFilterProxy.java:278)
	at org.apache.catalina.core.ApplicationFilterChain.internalDoFilter(ApplicationFilterChain.java:164)
	at org.apache.catalina.core.ApplicationFilterChain.doFilter(ApplicationFilterChain.java:140)
	at org.springframework.web.filter.RequestContextFilter.doFilterInternal(RequestContextFilter.java:100)
	at org.springframework.web.filter.OncePerRequestFilter.doFilter(OncePerRequestFilter.java:116)
	at org.apache.catalina.core.ApplicationFilterChain.internalDoFilter(ApplicationFilterChain.java:164)
	at org.apache.catalina.core.ApplicationFilterChain.doFilter(ApplicationFilterChain.java:140)
	at org.springframework.web.filter.FormContentFilter.doFilterInternal(FormContentFilter.java:93)
	at org.springframework.web.filter.OncePerRequestFilter.doFilter(OncePerRequestFilter.java:116)
	at org.apache.catalina.core.ApplicationFilterChain.internalDoFilter(ApplicationFilterChain.java:164)
	at org.apache.catalina.core.ApplicationFilterChain.doFilter(ApplicationFilterChain.java:140)
	at org.springframework.web.filter.ServerHttpObservationFilter.doFilterInternal(ServerHttpObservationFilter.java:114)
	at org.springframework.web.filter.OncePerRequestFilter.doFilter(OncePerRequestFilter.java:116)
	at org.apache.catalina.core.ApplicationFilterChain.internalDoFilter(ApplicationFilterChain.java:164)
	at org.apache.catalina.core.ApplicationFilterChain.doFilter(ApplicationFilterChain.java:140)
	at org.springframework.web.filter.CharacterEncodingFilter.doFilterInternal(CharacterEncodingFilter.java:201)
	at org.springframework.web.filter.OncePerRequestFilter.doFilter(OncePerRequestFilter.java:116)
	at org.apache.catalina.core.ApplicationFilterChain.internalDoFilter(ApplicationFilterChain.java:164)
	at org.apache.catalina.core.ApplicationFilterChain.doFilter(ApplicationFilterChain.java:140)
	at org.apache.catalina.core.StandardWrapperValve.invoke(StandardWrapperValve.java:167)
	at org.apache.catalina.core.StandardContextValve.invoke(StandardContextValve.java:90)
	at org.apache.catalina.authenticator.AuthenticatorBase.invoke(AuthenticatorBase.java:483)
	at org.apache.catalina.core.StandardHostValve.invoke(StandardHostValve.java:115)
	at org.apache.catalina.valves.ErrorReportValve.invoke(ErrorReportValve.java:93)
	at org.apache.catalina.core.StandardEngineValve.invoke(StandardEngineValve.java:74)
	at org.apache.catalina.connector.CoyoteAdapter.service(CoyoteAdapter.java:344)
	at org.apache.coyote.http11.Http11Processor.service(Http11Processor.java:397)
	at org.apache.coyote.AbstractProcessorLight.process(AbstractProcessorLight.java:63)
	at org.apache.coyote.AbstractProtocol$ConnectionHandler.process(AbstractProtocol.java:905)
	at org.apache.tomcat.util.net.NioEndpoint$SocketProcessor.doRun(NioEndpoint.java:1741)
	at org.apache.tomcat.util.net.SocketProcessorBase.run(SocketProcessorBase.java:52)
	at org.apache.tomcat.util.threads.ThreadPoolExecutor.runWorker(ThreadPoolExecutor.java:1190)
	at org.apache.tomcat.util.threads.ThreadPoolExecutor$Worker.run(ThreadPoolExecutor.java:659)
	at org.apache.tomcat.util.threads.TaskThread$WrappingRunnable.run(TaskThread.java:63)
	at java.base/java.lang.Thread.run(Thread.java:840)
26-06-19 09:35:52.200 [http-nio-8080-exec-5] [32mTRACE[0;39m o.s.s.w.h.writers.HstsHeaderWriter   [ |  | ] - Not injecting HSTS header since it did not match request to [Is Secure]
26-06-19 09:35:52.225 [http-nio-8080-exec-5] [32mTRACE[0;39m o.s.security.web.FilterChainProxy    [ |  | ] - Trying to match request against DefaultSecurityFilterChain defined as 'filterChain' in [class path resource [com/sprint/mission/discodeit/config/SecurityConfig.class]] matching [any request] and having filters [DisableEncodeUrl, WebAsyncManagerIntegration, SecurityContextHolder, HeaderWriter, Csrf, Logout, JwtAuthentication, UsernamePasswordAuthentication, RequestCacheAware, SecurityContextHolderAwareRequest, RememberMeAuthentication, AnonymousAuthentication, SessionManagement, ExceptionTranslation, Authorization] (1/1)
26-06-19 09:35:52.225 [http-nio-8080-exec-5] [32mDEBUG[0;39m o.s.security.web.FilterChainProxy    [ |  | ] - Securing GET /favicon.ico
26-06-19 09:35:52.226 [http-nio-8080-exec-5] [32mTRACE[0;39m o.s.security.web.FilterChainProxy    [ |  | ] - Invoking DisableEncodeUrlFilter (1/15)
26-06-19 09:35:52.226 [http-nio-8080-exec-5] [32mTRACE[0;39m o.s.security.web.FilterChainProxy    [ |  | ] - Invoking WebAsyncManagerIntegrationFilter (2/15)
26-06-19 09:35:52.226 [http-nio-8080-exec-5] [32mTRACE[0;39m o.s.security.web.FilterChainProxy    [ |  | ] - Invoking SecurityContextHolderFilter (3/15)
26-06-19 09:35:52.227 [http-nio-8080-exec-5] [32mTRACE[0;39m o.s.security.web.FilterChainProxy    [ |  | ] - Invoking HeaderWriterFilter (4/15)
26-06-19 09:35:52.227 [http-nio-8080-exec-5] [32mTRACE[0;39m o.s.security.web.FilterChainProxy    [ |  | ] - Invoking CsrfFilter (5/15)
26-06-19 09:35:52.227 [http-nio-8080-exec-5] [32mTRACE[0;39m o.s.security.web.csrf.CsrfFilter     [ |  | ] - Did not protect against CSRF since request did not match CsrfNotRequired [TRACE, HEAD, GET, OPTIONS]
26-06-19 09:35:52.227 [http-nio-8080-exec-5] [32mTRACE[0;39m o.s.security.web.FilterChainProxy    [ |  | ] - Invoking LogoutFilter (6/15)
26-06-19 09:35:52.227 [http-nio-8080-exec-5] [32mTRACE[0;39m o.s.s.w.a.logout.LogoutFilter        [ |  | ] - Did not match request to Ant [pattern='/api/auth/logout', POST]
26-06-19 09:35:52.227 [http-nio-8080-exec-5] [32mTRACE[0;39m o.s.security.web.FilterChainProxy    [ |  | ] - Invoking JwtAuthenticationFilter (7/15)
26-06-19 09:35:52.228 [http-nio-8080-exec-5] [32mTRACE[0;39m o.s.security.web.FilterChainProxy    [ |  | ] - Invoking UsernamePasswordAuthenticationFilter (8/15)
26-06-19 09:35:52.228 [http-nio-8080-exec-5] [32mTRACE[0;39m o.s.s.w.a.UsernamePasswordAuthenticationFilter [ |  | ] - Did not match request to Ant [pattern='/api/auth/login', POST]
26-06-19 09:35:52.228 [http-nio-8080-exec-5] [32mTRACE[0;39m o.s.security.web.FilterChainProxy    [ |  | ] - Invoking RequestCacheAwareFilter (9/15)
26-06-19 09:35:52.228 [http-nio-8080-exec-5] [32mTRACE[0;39m o.s.security.web.FilterChainProxy    [ |  | ] - Invoking SecurityContextHolderAwareRequestFilter (10/15)
26-06-19 09:35:52.228 [http-nio-8080-exec-5] [32mTRACE[0;39m o.s.security.web.FilterChainProxy    [ |  | ] - Invoking RememberMeAuthenticationFilter (11/15)
26-06-19 09:35:52.229 [http-nio-8080-exec-5] [32mTRACE[0;39m o.s.s.w.c.SupplierDeferredSecurityContext [ |  | ] - Created SecurityContextImpl [Null authentication]
26-06-19 09:35:52.229 [http-nio-8080-exec-5] [32mTRACE[0;39m o.s.security.web.FilterChainProxy    [ |  | ] - Invoking AnonymousAuthenticationFilter (12/15)
26-06-19 09:35:52.229 [http-nio-8080-exec-5] [32mTRACE[0;39m o.s.security.web.FilterChainProxy    [ |  | ] - Invoking SessionManagementFilter (13/15)
26-06-19 09:35:52.229 [http-nio-8080-exec-5] [32mTRACE[0;39m o.s.s.w.a.AnonymousAuthenticationFilter [ |  | ] - Set SecurityContextHolder to AnonymousAuthenticationToken [Principal=anonymousUser, Credentials=[PROTECTED], Authenticated=true, Details=WebAuthenticationDetails [RemoteIpAddress=0:0:0:0:0:0:0:1, SessionId=null], Granted Authorities=[ROLE_ANONYMOUS]]
26-06-19 09:35:52.230 [http-nio-8080-exec-5] [32mTRACE[0;39m o.s.security.web.FilterChainProxy    [ |  | ] - Invoking ExceptionTranslationFilter (14/15)
26-06-19 09:35:52.230 [http-nio-8080-exec-5] [32mTRACE[0;39m o.s.security.web.FilterChainProxy    [ |  | ] - Invoking AuthorizationFilter (15/15)
26-06-19 09:35:52.231 [http-nio-8080-exec-5] [32mTRACE[0;39m o.s.s.w.a.i.RequestMatcherDelegatingAuthorizationManager [ |  | ] - Authorizing GET /favicon.ico
26-06-19 09:35:52.235 [http-nio-8080-exec-5] [32mTRACE[0;39m o.s.s.w.a.i.RequestMatcherDelegatingAuthorizationManager [ |  | ] - Checking authorization on GET /favicon.ico using org.springframework.security.config.annotation.web.configurers.AuthorizeHttpRequestsConfigurer$$Lambda$1986/0x0000000601d27a60@1b6a5b98
26-06-19 09:35:52.238 [http-nio-8080-exec-5] [32mDEBUG[0;39m o.s.security.web.FilterChainProxy    [ |  | ] - Secured GET /favicon.ico
26-06-19 09:35:52.240 [http-nio-8080-exec-5] [32mDEBUG[0;39m c.s.m.d.config.MDCLoggingInterceptor [53155196221a4fcaa8855252a58ea7ef | GET | /favicon.ico] - Request started
26-06-19 09:35:52.263 [http-nio-8080-exec-5] [32mTRACE[0;39m o.s.s.w.h.writers.HstsHeaderWriter   [53155196221a4fcaa8855252a58ea7ef | GET | /favicon.ico] - Not injecting HSTS header since it did not match request to [Is Secure]
26-06-19 09:35:52.264 [http-nio-8080-exec-5] [32mDEBUG[0;39m c.s.m.d.config.MDCLoggingInterceptor [53155196221a4fcaa8855252a58ea7ef | GET | /favicon.ico] - Request completed
26-06-19 09:35:52.665 [http-nio-8080-exec-4] [32mTRACE[0;39m o.s.s.w.h.writers.HstsHeaderWriter   [fac4c9eb209143c5bf42f5123b4dedbc | GET | /api/auth/csrf-token] - Not injecting HSTS header since it did not match request to [Is Secure]
26-06-19 09:35:52.670 [http-nio-8080-exec-4] [32mDEBUG[0;39m c.s.m.d.config.MDCLoggingInterceptor [fac4c9eb209143c5bf42f5123b4dedbc | GET | /api/auth/csrf-token] - Request completed
26-06-19 09:36:21.298 [MessageBroker-3] [32mINFO [0;39m o.s.w.s.c.WebSocketMessageBrokerStats [ |  | ] - WebSocketSession[0 current WS(0)-HttpStream(0)-HttpPoll(0), 0 total, 0 closed abnormally (0 connect failure, 0 send limit, 0 transport error)], stompSubProtocol[processed CONNECT(0)-CONNECTED(0)-DISCONNECT(0)], stompBrokerRelay[null], inboundChannel[pool size = 0, active threads = 0, queued tasks = 0, completed tasks = 0], outboundChannel[pool size = 0, active threads = 0, queued tasks = 0, completed tasks = 0], sockJsScheduler[pool size = 5, active threads = 1, queued tasks = 2, completed tasks = 2]
26-06-19 09:36:25.048 [org.springframework.kafka.KafkaListenerEndpointContainer#0-0-C-1] [32mINFO [0;39m o.a.k.c.c.i.ConsumerRebalanceListenerInvoker [ |  | ] - [Consumer clientId=consumer-discodeit-notification-group-1, groupId=discodeit-notification-group] Revoke previously assigned partitions discodeit.MessageCreatedEvent-0
26-06-19 09:36:25.048 [org.springframework.kafka.KafkaListenerEndpointContainer#1-0-C-1] [32mINFO [0;39m o.a.k.c.c.i.ConsumerRebalanceListenerInvoker [ |  | ] - [Consumer clientId=consumer-discodeit-notification-group-2, groupId=discodeit-notification-group] Revoke previously assigned partitions discodeit.RoleUpdatedEvent-0
26-06-19 09:36:25.058 [org.springframework.kafka.KafkaListenerEndpointContainer#1-0-C-1] [32mINFO [0;39m o.s.k.l.KafkaMessageListenerContainer [ |  | ] - discodeit-notification-group: partitions revoked: [discodeit.RoleUpdatedEvent-0]
26-06-19 09:36:25.058 [org.springframework.kafka.KafkaListenerEndpointContainer#0-0-C-1] [32mINFO [0;39m o.s.k.l.KafkaMessageListenerContainer [ |  | ] - discodeit-notification-group: partitions revoked: [discodeit.MessageCreatedEvent-0]
26-06-19 09:36:25.060 [org.springframework.kafka.KafkaListenerEndpointContainer#1-0-C-1] [32mINFO [0;39m o.a.k.c.c.i.ConsumerCoordinator      [ |  | ] - [Consumer clientId=consumer-discodeit-notification-group-2, groupId=discodeit-notification-group] Member consumer-discodeit-notification-group-2-3cfc9b09-355c-4b41-a339-05f70994e7d9 sending LeaveGroup request to coordinator localhost:9092 (id: 2147483646 rack: null) due to the consumer unsubscribed from all topics
26-06-19 09:36:25.060 [org.springframework.kafka.KafkaListenerEndpointContainer#0-0-C-1] [32mINFO [0;39m o.a.k.c.c.i.ConsumerCoordinator      [ |  | ] - [Consumer clientId=consumer-discodeit-notification-group-1, groupId=discodeit-notification-group] Member consumer-discodeit-notification-group-1-af51786c-d444-4920-87db-ce19faf0ee2a sending LeaveGroup request to coordinator localhost:9092 (id: 2147483646 rack: null) due to the consumer unsubscribed from all topics
26-06-19 09:36:25.064 [org.springframework.kafka.KafkaListenerEndpointContainer#1-0-C-1] [32mINFO [0;39m o.a.k.c.c.i.ConsumerCoordinator      [ |  | ] - [Consumer clientId=consumer-discodeit-notification-group-2, groupId=discodeit-notification-group] Resetting generation and member id due to: consumer pro-actively leaving the group
26-06-19 09:36:25.065 [org.springframework.kafka.KafkaListenerEndpointContainer#1-0-C-1] [32mINFO [0;39m o.a.k.c.c.i.ConsumerCoordinator      [ |  | ] - [Consumer clientId=consumer-discodeit-notification-group-2, groupId=discodeit-notification-group] Request joining group due to: consumer pro-actively leaving the group
26-06-19 09:36:25.065 [org.springframework.kafka.KafkaListenerEndpointContainer#1-0-C-1] [32mINFO [0;39m o.a.k.c.c.i.LegacyKafkaConsumer      [ |  | ] - [Consumer clientId=consumer-discodeit-notification-group-2, groupId=discodeit-notification-group] Unsubscribed all topics or patterns and assigned partitions
26-06-19 09:36:25.064 [org.springframework.kafka.KafkaListenerEndpointContainer#0-0-C-1] [32mINFO [0;39m o.a.k.c.c.i.ConsumerCoordinator      [ |  | ] - [Consumer clientId=consumer-discodeit-notification-group-1, groupId=discodeit-notification-group] Resetting generation and member id due to: consumer pro-actively leaving the group
26-06-19 09:36:25.065 [org.springframework.kafka.KafkaListenerEndpointContainer#0-0-C-1] [32mINFO [0;39m o.a.k.c.c.i.ConsumerCoordinator      [ |  | ] - [Consumer clientId=consumer-discodeit-notification-group-1, groupId=discodeit-notification-group] Request joining group due to: consumer pro-actively leaving the group
26-06-19 09:36:25.065 [org.springframework.kafka.KafkaListenerEndpointContainer#0-0-C-1] [32mINFO [0;39m o.a.k.c.c.i.LegacyKafkaConsumer      [ |  | ] - [Consumer clientId=consumer-discodeit-notification-group-1, groupId=discodeit-notification-group] Unsubscribed all topics or patterns and assigned partitions
26-06-19 09:36:25.082 [org.springframework.kafka.KafkaListenerEndpointContainer#0-0-C-1] [32mINFO [0;39m o.a.k.c.c.i.ConsumerCoordinator      [ |  | ] - [Consumer clientId=consumer-discodeit-notification-group-1, groupId=discodeit-notification-group] Resetting generation and member id due to: consumer pro-actively leaving the group
26-06-19 09:36:25.082 [org.springframework.kafka.KafkaListenerEndpointContainer#0-0-C-1] [32mINFO [0;39m o.a.k.c.c.i.ConsumerCoordinator      [ |  | ] - [Consumer clientId=consumer-discodeit-notification-group-1, groupId=discodeit-notification-group] Request joining group due to: consumer pro-actively leaving the group
26-06-19 09:36:25.082 [org.springframework.kafka.KafkaListenerEndpointContainer#1-0-C-1] [32mINFO [0;39m o.a.k.c.c.i.ConsumerCoordinator      [ |  | ] - [Consumer clientId=consumer-discodeit-notification-group-2, groupId=discodeit-notification-group] Resetting generation and member id due to: consumer pro-actively leaving the group
26-06-19 09:36:25.083 [org.springframework.kafka.KafkaListenerEndpointContainer#1-0-C-1] [32mINFO [0;39m o.a.k.c.c.i.ConsumerCoordinator      [ |  | ] - [Consumer clientId=consumer-discodeit-notification-group-2, groupId=discodeit-notification-group] Request joining group due to: consumer pro-actively leaving the group
26-06-19 09:36:25.412 [org.springframework.kafka.KafkaListenerEndpointContainer#0-0-C-1] [32mINFO [0;39m o.a.kafka.common.metrics.Metrics     [ |  | ] - Metrics scheduler closed
26-06-19 09:36:25.412 [org.springframework.kafka.KafkaListenerEndpointContainer#1-0-C-1] [32mINFO [0;39m o.a.kafka.common.metrics.Metrics     [ |  | ] - Metrics scheduler closed
26-06-19 09:36:25.413 [org.springframework.kafka.KafkaListenerEndpointContainer#1-0-C-1] [32mINFO [0;39m o.a.kafka.common.metrics.Metrics     [ |  | ] - Closing reporter org.apache.kafka.common.metrics.JmxReporter
26-06-19 09:36:25.413 [org.springframework.kafka.KafkaListenerEndpointContainer#0-0-C-1] [32mINFO [0;39m o.a.kafka.common.metrics.Metrics     [ |  | ] - Closing reporter org.apache.kafka.common.metrics.JmxReporter
26-06-19 09:36:25.413 [org.springframework.kafka.KafkaListenerEndpointContainer#1-0-C-1] [32mINFO [0;39m o.a.kafka.common.metrics.Metrics     [ |  | ] - Closing reporter org.apache.kafka.common.telemetry.internals.ClientTelemetryReporter
26-06-19 09:36:25.413 [org.springframework.kafka.KafkaListenerEndpointContainer#0-0-C-1] [32mINFO [0;39m o.a.kafka.common.metrics.Metrics     [ |  | ] - Closing reporter org.apache.kafka.common.telemetry.internals.ClientTelemetryReporter
26-06-19 09:36:25.414 [org.springframework.kafka.KafkaListenerEndpointContainer#1-0-C-1] [32mINFO [0;39m o.a.kafka.common.metrics.Metrics     [ |  | ] - Metrics reporters closed
26-06-19 09:36:25.414 [org.springframework.kafka.KafkaListenerEndpointContainer#0-0-C-1] [32mINFO [0;39m o.a.kafka.common.metrics.Metrics     [ |  | ] - Metrics reporters closed
26-06-19 09:36:25.614 [org.springframework.kafka.KafkaListenerEndpointContainer#1-0-C-1] [32mINFO [0;39m o.a.kafka.common.utils.AppInfoParser [ |  | ] - App info kafka.consumer for consumer-discodeit-notification-group-2 unregistered
26-06-19 09:36:25.631 [org.springframework.kafka.KafkaListenerEndpointContainer#0-0-C-1] [32mINFO [0;39m o.a.kafka.common.utils.AppInfoParser [ |  | ] - App info kafka.consumer for consumer-discodeit-notification-group-1 unregistered
26-06-19 09:36:25.912 [org.springframework.kafka.KafkaListenerEndpointContainer#1-0-C-1] [32mINFO [0;39m o.s.k.l.KafkaMessageListenerContainer [ |  | ] - discodeit-notification-group: Consumer stopped
26-06-19 09:36:25.912 [org.springframework.kafka.KafkaListenerEndpointContainer#0-0-C-1] [32mINFO [0;39m o.s.k.l.KafkaMessageListenerContainer [ |  | ] - discodeit-notification-group: Consumer stopped
26-06-19 09:36:25.925 [SpringApplicationShutdownHook] [32mINFO [0;39m o.s.b.w.e.tomcat.GracefulShutdown    [ |  | ] - Commencing graceful shutdown. Waiting for active requests to complete
26-06-19 09:36:25.934 [tomcat-shutdown] [32mINFO [0;39m o.s.b.w.e.tomcat.GracefulShutdown    [ |  | ] - Graceful shutdown complete
26-06-19 09:36:25.996 [SpringApplicationShutdownHook] [32mINFO [0;39m o.s.m.s.b.SimpleBrokerMessageHandler [ |  | ] - Stopping...
26-06-19 09:36:25.999 [SpringApplicationShutdownHook] [32mINFO [0;39m o.s.m.s.b.SimpleBrokerMessageHandler [ |  | ] - BrokerAvailabilityEvent[available=false, SimpleBrokerMessageHandler [org.springframework.messaging.simp.broker.DefaultSubscriptionRegistry@16335685]]
26-06-19 09:36:26.000 [SpringApplicationShutdownHook] [32mINFO [0;39m o.s.m.s.b.SimpleBrokerMessageHandler [ |  | ] - Stopped.
26-06-19 09:36:26.461 [SpringApplicationShutdownHook] [32mINFO [0;39m o.s.o.j.LocalContainerEntityManagerFactoryBean [ |  | ] - Closing JPA EntityManagerFactory for persistence unit 'default'
26-06-19 09:36:26.601 [SpringApplicationShutdownHook] [32mINFO [0;39m com.zaxxer.hikari.HikariDataSource   [ |  | ] - HikariPool-1 - Shutdown initiated...
26-06-19 09:36:26.663 [SpringApplicationShutdownHook] [32mINFO [0;39m com.zaxxer.hikari.HikariDataSource   [ |  | ] - HikariPool-1 - Shutdown completed.
