26-06-15 15:52:32.969 [background-preinit] [32mINFO [0;39m o.h.validator.internal.util.Version  [ |  | ] - HV000001: Hibernate Validator 8.0.1.Final
26-06-15 15:52:33.004 [main] [32mINFO [0;39m c.s.m.discodeit.DiscodeitApplication [ |  | ] - Starting DiscodeitApplication using Java 17.0.17 with PID 81176 (/Users/apple/IdeaProjects/temp/9-sprint-mission/discodeit/build/classes/java/main started by apple in /Users/apple/IdeaProjects/temp/9-sprint-mission)
26-06-15 15:52:33.004 [main] [32mDEBUG[0;39m c.s.m.discodeit.DiscodeitApplication [ |  | ] - Running with Spring Boot v3.4.0, Spring v6.2.0
26-06-15 15:52:33.004 [main] [32mINFO [0;39m c.s.m.discodeit.DiscodeitApplication [ |  | ] - The following 1 profile is active: "dev"
26-06-15 15:52:33.797 [main] [32mINFO [0;39m o.s.d.r.c.RepositoryConfigurationDelegate [ |  | ] - Bootstrapping Spring Data JPA repositories in DEFAULT mode.
26-06-15 15:52:33.839 [main] [32mINFO [0;39m o.s.d.r.c.RepositoryConfigurationDelegate [ |  | ] - Finished Spring Data repository scanning in 34 ms. Found 6 JPA repository interfaces.
26-06-15 15:52:34.303 [main] [32mINFO [0;39m o.s.b.w.e.tomcat.TomcatWebServer     [ |  | ] - Tomcat initialized with port 8080 (http)
26-06-15 15:52:34.310 [main] [32mINFO [0;39m o.a.coyote.http11.Http11NioProtocol  [ |  | ] - Initializing ProtocolHandler ["http-nio-8080"]
26-06-15 15:52:34.311 [main] [32mINFO [0;39m o.a.catalina.core.StandardService    [ |  | ] - Starting service [Tomcat]
26-06-15 15:52:34.311 [main] [32mINFO [0;39m o.a.catalina.core.StandardEngine     [ |  | ] - Starting Servlet engine: [Apache Tomcat/10.1.33]
26-06-15 15:52:34.339 [main] [32mINFO [0;39m o.a.c.c.C.[Tomcat].[localhost].[/]   [ |  | ] - Initializing Spring embedded WebApplicationContext
26-06-15 15:52:34.339 [main] [32mINFO [0;39m o.s.b.w.s.c.ServletWebServerApplicationContext [ |  | ] - Root WebApplicationContext: initialization completed in 1311 ms
26-06-15 15:52:34.503 [main] [32mINFO [0;39m com.zaxxer.hikari.HikariDataSource   [ |  | ] - HikariPool-1 - Starting...
26-06-15 15:52:34.592 [main] [32mINFO [0;39m com.zaxxer.hikari.pool.HikariPool    [ |  | ] - HikariPool-1 - Added connection org.postgresql.jdbc.PgConnection@2cff03cf
26-06-15 15:52:34.593 [main] [32mINFO [0;39m com.zaxxer.hikari.HikariDataSource   [ |  | ] - HikariPool-1 - Start completed.
26-06-15 15:52:34.658 [main] [32mINFO [0;39m o.h.jpa.internal.util.LogHelper      [ |  | ] - HHH000204: Processing PersistenceUnitInfo [name: default]
26-06-15 15:52:34.687 [main] [32mINFO [0;39m org.hibernate.Version                [ |  | ] - HHH000412: Hibernate ORM core version 6.6.2.Final
26-06-15 15:52:34.704 [main] [32mINFO [0;39m o.h.c.i.RegionFactoryInitiator       [ |  | ] - HHH000026: Second-level cache disabled
26-06-15 15:52:34.848 [main] [32mINFO [0;39m o.s.o.j.p.SpringPersistenceUnitInfo  [ |  | ] - No LoadTimeWeaver setup: ignoring JPA class transformer
26-06-15 15:52:34.933 [main] [32mINFO [0;39m o.hibernate.orm.connections.pooling  [ |  | ] - HHH10001005: Database info:
	Database JDBC URL [Connecting through datasource 'HikariDataSource (HikariPool-1)']
	Database driver: undefined/unknown
	Database version: 14.21
	Autocommit mode: undefined/unknown
	Isolation level: undefined/unknown
	Minimum pool size: undefined/unknown
	Maximum pool size: undefined/unknown
26-06-15 15:52:35.459 [main] [32mINFO [0;39m o.h.e.t.j.p.i.JtaPlatformInitiator   [ |  | ] - HHH000489: No JTA platform available (set 'hibernate.transaction.jta.platform' to enable JTA platform integration)
26-06-15 15:52:35.466 [main] [32mDEBUG[0;39m org.hibernate.SQL                    [ |  | ] - 
    set client_min_messages = WARNING
26-06-15 15:52:35.469 [main] [32mDEBUG[0;39m org.hibernate.SQL                    [ |  | ] - 
    alter table if exists message_attachments 
       drop constraint if exists FKsd1m8rb8jcpbcnb7rpdue7ctc
26-06-15 15:52:35.496 [main] [32mDEBUG[0;39m org.hibernate.SQL                    [ |  | ] - 
    alter table if exists message_attachments 
       drop constraint if exists FKj7twd218e2gqw9cmlhwvo1rth
26-06-15 15:52:35.497 [main] [32mDEBUG[0;39m org.hibernate.SQL                    [ |  | ] - 
    alter table if exists messages 
       drop constraint if exists FKowtlim26svclkatusptbgi7u1
26-06-15 15:52:35.498 [main] [32mDEBUG[0;39m org.hibernate.SQL                    [ |  | ] - 
    alter table if exists messages 
       drop constraint if exists FK3u3ckbhwq9se1cmopk2pq05b2
26-06-15 15:52:35.499 [main] [32mDEBUG[0;39m org.hibernate.SQL                    [ |  | ] - 
    alter table if exists read_statuses 
       drop constraint if exists FKa38ri44ml4gfdpklx4ahqr8gd
26-06-15 15:52:35.500 [main] [32mDEBUG[0;39m org.hibernate.SQL                    [ |  | ] - 
    alter table if exists read_statuses 
       drop constraint if exists FKml3k4wr9sj5yxrmj6d0aoib2e
26-06-15 15:52:35.500 [main] [32mDEBUG[0;39m org.hibernate.SQL                    [ |  | ] - 
    alter table if exists users 
       drop constraint if exists FKtbudycgrip49xdptogmhfqnso
26-06-15 15:52:35.501 [main] [32mDEBUG[0;39m org.hibernate.SQL                    [ |  | ] - 
    drop table if exists binary_contents cascade
26-06-15 15:52:35.516 [main] [32mDEBUG[0;39m org.hibernate.SQL                    [ |  | ] - 
    drop table if exists channels cascade
26-06-15 15:52:35.518 [main] [32mDEBUG[0;39m org.hibernate.SQL                    [ |  | ] - 
    drop table if exists message_attachments cascade
26-06-15 15:52:35.520 [main] [32mDEBUG[0;39m org.hibernate.SQL                    [ |  | ] - 
    drop table if exists messages cascade
26-06-15 15:52:35.521 [main] [32mDEBUG[0;39m org.hibernate.SQL                    [ |  | ] - 
    drop table if exists notifications cascade
26-06-15 15:52:35.523 [main] [32mDEBUG[0;39m org.hibernate.SQL                    [ |  | ] - 
    drop table if exists read_statuses cascade
26-06-15 15:52:35.525 [main] [32mDEBUG[0;39m org.hibernate.SQL                    [ |  | ] - 
    drop table if exists users cascade
26-06-15 15:52:35.530 [main] [32mDEBUG[0;39m org.hibernate.SQL                    [ |  | ] - 
    create table binary_contents (
        created_at timestamp with time zone not null,
        size bigint not null,
        updated_at timestamp with time zone,
        id uuid not null,
        status varchar(20) not null check (status in ('PROCESSING','SUCCESS','FAIL')),
        content_type varchar(100) not null,
        file_name varchar(255) not null,
        primary key (id)
    )
26-06-15 15:52:35.552 [main] [32mDEBUG[0;39m org.hibernate.SQL                    [ |  | ] - 
    create table channels (
        created_at timestamp with time zone not null,
        updated_at timestamp with time zone,
        id uuid not null,
        name varchar(100),
        description varchar(500),
        type varchar(255) not null check (type in ('PUBLIC','PRIVATE')),
        primary key (id)
    )
26-06-15 15:52:35.556 [main] [32mDEBUG[0;39m org.hibernate.SQL                    [ |  | ] - 
    create table message_attachments (
        attachment_id uuid not null unique,
        message_id uuid not null
    )
26-06-15 15:52:35.559 [main] [32mDEBUG[0;39m org.hibernate.SQL                    [ |  | ] - 
    create table messages (
        created_at timestamp with time zone not null,
        updated_at timestamp with time zone,
        author_id uuid,
        channel_id uuid not null,
        id uuid not null,
        content text not null,
        primary key (id)
    )
26-06-15 15:52:35.565 [main] [32mDEBUG[0;39m org.hibernate.SQL                    [ |  | ] - 
    create table notifications (
        created_at timestamp with time zone not null,
        updated_at timestamp with time zone,
        id uuid not null,
        receiver_id uuid not null,
        content varchar(1000) not null,
        title varchar(255) not null,
        primary key (id)
    )
26-06-15 15:52:35.569 [main] [32mDEBUG[0;39m org.hibernate.SQL                    [ |  | ] - 
    create table read_statuses (
        notification_enabled boolean not null,
        created_at timestamp with time zone not null,
        last_read_at timestamp with time zone not null,
        updated_at timestamp with time zone,
        channel_id uuid not null,
        id uuid not null,
        user_id uuid not null,
        primary key (id),
        unique (user_id, channel_id)
    )
26-06-15 15:52:35.572 [main] [32mDEBUG[0;39m org.hibernate.SQL                    [ |  | ] - 
    create table users (
        created_at timestamp with time zone not null,
        updated_at timestamp with time zone,
        id uuid not null,
        profile_id uuid unique,
        username varchar(50) not null unique,
        password varchar(60) not null,
        email varchar(100) not null unique,
        role varchar(255) not null check (role in ('ADMIN','CHANNEL_MANAGER','USER')),
        primary key (id)
    )
26-06-15 15:52:35.577 [main] [32mDEBUG[0;39m org.hibernate.SQL                    [ |  | ] - 
    alter table if exists message_attachments 
       add constraint FKsd1m8rb8jcpbcnb7rpdue7ctc 
       foreign key (attachment_id) 
       references binary_contents
26-06-15 15:52:35.586 [main] [32mDEBUG[0;39m org.hibernate.SQL                    [ |  | ] - 
    alter table if exists message_attachments 
       add constraint FKj7twd218e2gqw9cmlhwvo1rth 
       foreign key (message_id) 
       references messages
26-06-15 15:52:35.588 [main] [32mDEBUG[0;39m org.hibernate.SQL                    [ |  | ] - 
    alter table if exists messages 
       add constraint FKowtlim26svclkatusptbgi7u1 
       foreign key (author_id) 
       references users
26-06-15 15:52:35.589 [main] [32mDEBUG[0;39m org.hibernate.SQL                    [ |  | ] - 
    alter table if exists messages 
       add constraint FK3u3ckbhwq9se1cmopk2pq05b2 
       foreign key (channel_id) 
       references channels
26-06-15 15:52:35.591 [main] [32mDEBUG[0;39m org.hibernate.SQL                    [ |  | ] - 
    alter table if exists read_statuses 
       add constraint FKa38ri44ml4gfdpklx4ahqr8gd 
       foreign key (channel_id) 
       references channels
26-06-15 15:52:35.593 [main] [32mDEBUG[0;39m org.hibernate.SQL                    [ |  | ] - 
    alter table if exists read_statuses 
       add constraint FKml3k4wr9sj5yxrmj6d0aoib2e 
       foreign key (user_id) 
       references users
26-06-15 15:52:35.594 [main] [32mDEBUG[0;39m org.hibernate.SQL                    [ |  | ] - 
    alter table if exists users 
       add constraint FKtbudycgrip49xdptogmhfqnso 
       foreign key (profile_id) 
       references binary_contents
26-06-15 15:52:35.598 [main] [32mINFO [0;39m o.s.o.j.LocalContainerEntityManagerFactoryBean [ |  | ] - Initialized JPA EntityManagerFactory for persistence unit 'default'
26-06-15 15:52:35.875 [main] [32mINFO [0;39m o.s.d.j.r.query.QueryEnhancerFactory [ |  | ] - Hibernate is in classpath; If applicable, HQL parser will be used.
26-06-15 15:52:36.180 [main] [32mDEBUG[0;39m c.s.m.d.s.j.JwtAuthenticationFilter  [ |  | ] - Filter 'jwtAuthenticationFilter' configured for use
26-06-15 15:52:36.205 [main] [32mDEBUG[0;39m o.s.s.a.h.RoleHierarchyImpl          [ |  | ] - buildRolesReachableInOneOrMoreStepsMap() - From role ROLE_ADMIN one can reach [ROLE_USER, ROLE_CHANNEL_MANAGER] in one or more steps.
26-06-15 15:52:36.205 [main] [32mDEBUG[0;39m o.s.s.a.h.RoleHierarchyImpl          [ |  | ] - buildRolesReachableInOneOrMoreStepsMap() - From role ROLE_CHANNEL_MANAGER one can reach [ROLE_USER] in one or more steps.
26-06-15 15:52:36.601 [main] [32mTRACE[0;39m o.s.s.c.a.a.c.AuthenticationConfiguration$EnableGlobalAuthenticationAutowiredConfigurer [ |  | ] - Eagerly initializing {securityConfig=com.sprint.mission.discodeit.config.SecurityConfig$$SpringCGLIB$$0@4a0b1701}
26-06-15 15:52:36.604 [main] [32mINFO [0;39m o.s.s.c.a.a.c.InitializeUserDetailsBeanManagerConfigurer$InitializeUserDetailsManagerConfigurer [ |  | ] - Global AuthenticationManager configured with UserDetailsService bean with name discodeitUserDetailsService
26-06-15 15:52:36.661 [main] [32mINFO [0;39m o.s.b.a.w.s.WelcomePageHandlerMapping [ |  | ] - Adding welcome page: class path resource [static/index.html]
26-06-15 15:52:36.994 [main] [32mINFO [0;39m o.s.b.a.e.web.EndpointLinksResolver  [ |  | ] - Exposing 4 endpoints beneath base path '/actuator'
26-06-15 15:52:37.100 [main] [32mDEBUG[0;39m o.s.s.web.DefaultSecurityFilterChain [ |  | ] - Will secure any request with filters: DisableEncodeUrlFilter, WebAsyncManagerIntegrationFilter, SecurityContextHolderFilter, HeaderWriterFilter, CsrfFilter, LogoutFilter, JwtAuthenticationFilter, UsernamePasswordAuthenticationFilter, RequestCacheAwareFilter, SecurityContextHolderAwareRequestFilter, AnonymousAuthenticationFilter, SessionManagementFilter, ExceptionTranslationFilter, AuthorizationFilter
26-06-15 15:52:37.602 [main] [32mINFO [0;39m o.a.coyote.http11.Http11NioProtocol  [ |  | ] - Starting ProtocolHandler ["http-nio-8080"]
26-06-15 15:52:37.612 [main] [32mINFO [0;39m o.s.b.w.e.tomcat.TomcatWebServer     [ |  | ] - Tomcat started on port 8080 (http) with context path '/'
26-06-15 15:52:37.625 [main] [32mINFO [0;39m c.s.m.discodeit.DiscodeitApplication [ |  | ] - Started DiscodeitApplication in 4.961 seconds (process running for 5.523)
26-06-15 15:52:37.632 [main] [32mDEBUG[0;39m c.s.m.d.config.SecurityConfig        [ |  | ] - Debug Filter Chain...
	[1/14] class org.springframework.security.web.session.DisableEncodeUrlFilter
	[2/14] class org.springframework.security.web.context.request.async.WebAsyncManagerIntegrationFilter
	[3/14] class org.springframework.security.web.context.SecurityContextHolderFilter
	[4/14] class org.springframework.security.web.header.HeaderWriterFilter
	[5/14] class org.springframework.security.web.csrf.CsrfFilter
	[6/14] class org.springframework.security.web.authentication.logout.LogoutFilter
	[7/14] class com.sprint.mission.discodeit.security.jwt.JwtAuthenticationFilter
	[8/14] class org.springframework.security.web.authentication.UsernamePasswordAuthenticationFilter
	[9/14] class org.springframework.security.web.savedrequest.RequestCacheAwareFilter
	[10/14] class org.springframework.security.web.servletapi.SecurityContextHolderAwareRequestFilter
	[11/14] class org.springframework.security.web.authentication.AnonymousAuthenticationFilter
	[12/14] class org.springframework.security.web.session.SessionManagementFilter
	[13/14] class org.springframework.security.web.access.ExceptionTranslationFilter
	[14/14] class org.springframework.security.web.access.intercept.AuthorizationFilter
26-06-15 15:52:37.637 [main] [32mDEBUG[0;39m c.s.m.d.s.basic.BasicUserService     [ |  | ] - 사용자 생성 시작: UserCreateRequest[username=admin, email=admin@example.com, password=admin1234!]
26-06-15 15:52:37.671 [main] [32mDEBUG[0;39m org.hibernate.SQL                    [ |  | ] - 
    select
        u1_0.id 
    from
        users u1_0 
    where
        u1_0.email=? 
    fetch
        first ? rows only
26-06-15 15:52:37.674 [main] [32mTRACE[0;39m org.hibernate.orm.jdbc.bind          [ |  | ] - binding parameter (1:VARCHAR) <- [admin@example.com]
26-06-15 15:52:37.674 [main] [32mTRACE[0;39m org.hibernate.orm.jdbc.bind          [ |  | ] - binding parameter (2:INTEGER) <- [1]
26-06-15 15:52:37.684 [main] [32mDEBUG[0;39m org.hibernate.SQL                    [ |  | ] - 
    select
        u1_0.id 
    from
        users u1_0 
    where
        u1_0.username=? 
    fetch
        first ? rows only
26-06-15 15:52:37.684 [main] [32mTRACE[0;39m org.hibernate.orm.jdbc.bind          [ |  | ] - binding parameter (1:VARCHAR) <- [admin]
26-06-15 15:52:37.684 [main] [32mTRACE[0;39m org.hibernate.orm.jdbc.bind          [ |  | ] - binding parameter (2:INTEGER) <- [1]
26-06-15 15:52:37.797 [main] [32mINFO [0;39m c.s.m.d.s.basic.BasicUserService     [ |  | ] - 사용자 생성 완료: id=24812604-e1dd-4231-8f11-0077c997d01c, username=admin
26-06-15 15:52:37.802 [main] [32mDEBUG[0;39m org.hibernate.SQL                    [ |  | ] - 
    insert 
    into
        users
        (created_at, email, password, profile_id, role, updated_at, username, id) 
    values
        (?, ?, ?, ?, ?, ?, ?, ?)
26-06-15 15:52:37.803 [main] [32mTRACE[0;39m org.hibernate.orm.jdbc.bind          [ |  | ] - binding parameter (1:TIMESTAMP_UTC) <- [2026-06-15T06:52:37.788504Z]
26-06-15 15:52:37.803 [main] [32mTRACE[0;39m org.hibernate.orm.jdbc.bind          [ |  | ] - binding parameter (2:VARCHAR) <- [admin@example.com]
26-06-15 15:52:37.803 [main] [32mTRACE[0;39m org.hibernate.orm.jdbc.bind          [ |  | ] - binding parameter (3:VARCHAR) <- [$2a$10$cIhMhmuy8g9rlnHknAviLueUj1FMfsNd.6JvqWi4KUMwO2VLtv7Z6]
26-06-15 15:52:37.803 [main] [32mTRACE[0;39m org.hibernate.orm.jdbc.bind          [ |  | ] - binding parameter (4:UUID) <- [null]
26-06-15 15:52:37.803 [main] [32mTRACE[0;39m org.hibernate.orm.jdbc.bind          [ |  | ] - binding parameter (5:VARCHAR) <- [USER]
26-06-15 15:52:37.803 [main] [32mTRACE[0;39m org.hibernate.orm.jdbc.bind          [ |  | ] - binding parameter (6:TIMESTAMP_UTC) <- [2026-06-15T06:52:37.788504Z]
26-06-15 15:52:37.803 [main] [32mTRACE[0;39m org.hibernate.orm.jdbc.bind          [ |  | ] - binding parameter (7:VARCHAR) <- [admin]
26-06-15 15:52:37.803 [main] [32mTRACE[0;39m org.hibernate.orm.jdbc.bind          [ |  | ] - binding parameter (8:UUID) <- [24812604-e1dd-4231-8f11-0077c997d01c]
26-06-15 15:52:37.811 [main] [32mDEBUG[0;39m org.hibernate.SQL                    [ |  | ] - 
    select
        u1_0.id,
        u1_0.created_at,
        u1_0.email,
        u1_0.password,
        u1_0.profile_id,
        u1_0.role,
        u1_0.updated_at,
        u1_0.username 
    from
        users u1_0 
    where
        u1_0.id=?
26-06-15 15:52:37.812 [main] [32mTRACE[0;39m org.hibernate.orm.jdbc.bind          [ |  | ] - binding parameter (1:UUID) <- [24812604-e1dd-4231-8f11-0077c997d01c]
26-06-15 15:52:37.822 [main] [32mDEBUG[0;39m org.hibernate.SQL                    [ |  | ] - 
    update
        users 
    set
        email=?,
        password=?,
        profile_id=?,
        role=?,
        updated_at=?,
        username=? 
    where
        id=?
26-06-15 15:52:37.822 [main] [32mTRACE[0;39m org.hibernate.orm.jdbc.bind          [ |  | ] - binding parameter (1:VARCHAR) <- [admin@example.com]
26-06-15 15:52:37.822 [main] [32mTRACE[0;39m org.hibernate.orm.jdbc.bind          [ |  | ] - binding parameter (2:VARCHAR) <- [$2a$10$cIhMhmuy8g9rlnHknAviLueUj1FMfsNd.6JvqWi4KUMwO2VLtv7Z6]
26-06-15 15:52:37.822 [main] [32mTRACE[0;39m org.hibernate.orm.jdbc.bind          [ |  | ] - binding parameter (3:UUID) <- [null]
26-06-15 15:52:37.822 [main] [32mTRACE[0;39m org.hibernate.orm.jdbc.bind          [ |  | ] - binding parameter (4:VARCHAR) <- [ADMIN]
26-06-15 15:52:37.823 [main] [32mTRACE[0;39m org.hibernate.orm.jdbc.bind          [ |  | ] - binding parameter (5:TIMESTAMP_UTC) <- [2026-06-15T06:52:37.819882Z]
26-06-15 15:52:37.823 [main] [32mTRACE[0;39m org.hibernate.orm.jdbc.bind          [ |  | ] - binding parameter (6:VARCHAR) <- [admin]
26-06-15 15:52:37.823 [main] [32mTRACE[0;39m org.hibernate.orm.jdbc.bind          [ |  | ] - binding parameter (7:UUID) <- [24812604-e1dd-4231-8f11-0077c997d01c]
26-06-15 15:52:37.826 [main] [32mINFO [0;39m c.s.m.d.security.AdminInitializer    [ |  | ] - 관리자 계정이 성공적으로 생성되었습니다.
26-06-15 15:52:38.162 [RMI TCP Connection(5)-127.0.0.1] [32mINFO [0;39m o.a.c.c.C.[Tomcat].[localhost].[/]   [ |  | ] - Initializing Spring DispatcherServlet 'dispatcherServlet'
26-06-15 15:52:38.162 [RMI TCP Connection(5)-127.0.0.1] [32mINFO [0;39m o.s.web.servlet.DispatcherServlet    [ |  | ] - Initializing Servlet 'dispatcherServlet'
26-06-15 15:52:38.164 [RMI TCP Connection(5)-127.0.0.1] [32mINFO [0;39m o.s.web.servlet.DispatcherServlet    [ |  | ] - Completed initialization in 2 ms
26-06-15 15:54:58.312 [SpringApplicationShutdownHook] [32mINFO [0;39m o.s.b.w.e.tomcat.GracefulShutdown    [ |  | ] - Commencing graceful shutdown. Waiting for active requests to complete
26-06-15 15:54:58.546 [tomcat-shutdown] [32mINFO [0;39m o.s.b.w.e.tomcat.GracefulShutdown    [ |  | ] - Graceful shutdown complete
26-06-15 15:54:58.583 [SpringApplicationShutdownHook] [32mINFO [0;39m o.s.o.j.LocalContainerEntityManagerFactoryBean [ |  | ] - Closing JPA EntityManagerFactory for persistence unit 'default'
26-06-15 15:54:58.606 [SpringApplicationShutdownHook] [32mINFO [0;39m com.zaxxer.hikari.HikariDataSource   [ |  | ] - HikariPool-1 - Shutdown initiated...
26-06-15 15:54:58.617 [SpringApplicationShutdownHook] [32mINFO [0;39m com.zaxxer.hikari.HikariDataSource   [ |  | ] - HikariPool-1 - Shutdown completed.
26-06-15 15:55:04.533 [background-preinit] [32mINFO [0;39m o.h.validator.internal.util.Version  [ |  | ] - HV000001: Hibernate Validator 8.0.1.Final
26-06-15 15:55:04.585 [main] [32mINFO [0;39m c.s.m.discodeit.DiscodeitApplication [ |  | ] - Starting DiscodeitApplication using Java 17.0.17 with PID 81481 (/Users/apple/IdeaProjects/temp/9-sprint-mission/discodeit/build/classes/java/main started by apple in /Users/apple/IdeaProjects/temp/9-sprint-mission)
26-06-15 15:55:04.585 [main] [32mDEBUG[0;39m c.s.m.discodeit.DiscodeitApplication [ |  | ] - Running with Spring Boot v3.4.0, Spring v6.2.0
26-06-15 15:55:04.586 [main] [32mINFO [0;39m c.s.m.discodeit.DiscodeitApplication [ |  | ] - The following 1 profile is active: "dev"
26-06-15 15:55:06.466 [main] [32mINFO [0;39m o.s.d.r.c.RepositoryConfigurationDelegate [ |  | ] - Bootstrapping Spring Data JPA repositories in DEFAULT mode.
26-06-15 15:55:06.543 [main] [32mINFO [0;39m o.s.d.r.c.RepositoryConfigurationDelegate [ |  | ] - Finished Spring Data repository scanning in 65 ms. Found 6 JPA repository interfaces.
26-06-15 15:55:07.527 [main] [32mINFO [0;39m o.s.b.w.e.tomcat.TomcatWebServer     [ |  | ] - Tomcat initialized with port 8080 (http)
26-06-15 15:55:07.539 [main] [32mINFO [0;39m o.a.coyote.http11.Http11NioProtocol  [ |  | ] - Initializing ProtocolHandler ["http-nio-8080"]
26-06-15 15:55:07.540 [main] [32mINFO [0;39m o.a.catalina.core.StandardService    [ |  | ] - Starting service [Tomcat]
26-06-15 15:55:07.540 [main] [32mINFO [0;39m o.a.catalina.core.StandardEngine     [ |  | ] - Starting Servlet engine: [Apache Tomcat/10.1.33]
26-06-15 15:55:07.609 [main] [32mINFO [0;39m o.a.c.c.C.[Tomcat].[localhost].[/]   [ |  | ] - Initializing Spring embedded WebApplicationContext
26-06-15 15:55:07.609 [main] [32mINFO [0;39m o.s.b.w.s.c.ServletWebServerApplicationContext [ |  | ] - Root WebApplicationContext: initialization completed in 2980 ms
26-06-15 15:55:07.943 [main] [32mINFO [0;39m com.zaxxer.hikari.HikariDataSource   [ |  | ] - HikariPool-1 - Starting...
26-06-15 15:55:09.358 [main] [32mINFO [0;39m com.zaxxer.hikari.pool.HikariPool    [ |  | ] - HikariPool-1 - Added connection org.postgresql.jdbc.PgConnection@2d7aa291
26-06-15 15:55:09.361 [main] [32mINFO [0;39m com.zaxxer.hikari.HikariDataSource   [ |  | ] - HikariPool-1 - Start completed.
26-06-15 15:55:09.469 [main] [32mINFO [0;39m o.h.jpa.internal.util.LogHelper      [ |  | ] - HHH000204: Processing PersistenceUnitInfo [name: default]
26-06-15 15:55:09.522 [main] [32mINFO [0;39m org.hibernate.Version                [ |  | ] - HHH000412: Hibernate ORM core version 6.6.2.Final
26-06-15 15:55:09.553 [main] [32mINFO [0;39m o.h.c.i.RegionFactoryInitiator       [ |  | ] - HHH000026: Second-level cache disabled
26-06-15 15:55:09.809 [main] [32mINFO [0;39m o.s.o.j.p.SpringPersistenceUnitInfo  [ |  | ] - No LoadTimeWeaver setup: ignoring JPA class transformer
26-06-15 15:55:10.764 [main] [32mINFO [0;39m o.hibernate.orm.connections.pooling  [ |  | ] - HHH10001005: Database info:
	Database JDBC URL [Connecting through datasource 'HikariDataSource (HikariPool-1)']
	Database driver: undefined/unknown
	Database version: 14.21
	Autocommit mode: undefined/unknown
	Isolation level: undefined/unknown
	Minimum pool size: undefined/unknown
	Maximum pool size: undefined/unknown
26-06-15 15:55:11.469 [main] [32mINFO [0;39m o.h.e.t.j.p.i.JtaPlatformInitiator   [ |  | ] - HHH000489: No JTA platform available (set 'hibernate.transaction.jta.platform' to enable JTA platform integration)
26-06-15 15:55:11.479 [main] [32mDEBUG[0;39m org.hibernate.SQL                    [ |  | ] - 
    set client_min_messages = WARNING
26-06-15 15:55:11.508 [main] [32mDEBUG[0;39m org.hibernate.SQL                    [ |  | ] - 
    alter table if exists message_attachments 
       drop constraint if exists FKsd1m8rb8jcpbcnb7rpdue7ctc
26-06-15 15:55:11.821 [main] [32mDEBUG[0;39m org.hibernate.SQL                    [ |  | ] - 
    alter table if exists message_attachments 
       drop constraint if exists FKj7twd218e2gqw9cmlhwvo1rth
26-06-15 15:55:11.824 [main] [32mDEBUG[0;39m org.hibernate.SQL                    [ |  | ] - 
    alter table if exists messages 
       drop constraint if exists FKowtlim26svclkatusptbgi7u1
26-06-15 15:55:11.826 [main] [32mDEBUG[0;39m org.hibernate.SQL                    [ |  | ] - 
    alter table if exists messages 
       drop constraint if exists FK3u3ckbhwq9se1cmopk2pq05b2
26-06-15 15:55:11.827 [main] [32mDEBUG[0;39m org.hibernate.SQL                    [ |  | ] - 
    alter table if exists read_statuses 
       drop constraint if exists FKa38ri44ml4gfdpklx4ahqr8gd
26-06-15 15:55:11.829 [main] [32mDEBUG[0;39m org.hibernate.SQL                    [ |  | ] - 
    alter table if exists read_statuses 
       drop constraint if exists FKml3k4wr9sj5yxrmj6d0aoib2e
26-06-15 15:55:11.830 [main] [32mDEBUG[0;39m org.hibernate.SQL                    [ |  | ] - 
    alter table if exists users 
       drop constraint if exists FKtbudycgrip49xdptogmhfqnso
26-06-15 15:55:11.833 [main] [32mDEBUG[0;39m org.hibernate.SQL                    [ |  | ] - 
    drop table if exists binary_contents cascade
26-06-15 15:55:12.241 [main] [32mDEBUG[0;39m org.hibernate.SQL                    [ |  | ] - 
    drop table if exists channels cascade
26-06-15 15:55:12.265 [main] [32mDEBUG[0;39m org.hibernate.SQL                    [ |  | ] - 
    drop table if exists message_attachments cascade
26-06-15 15:55:12.319 [main] [32mDEBUG[0;39m org.hibernate.SQL                    [ |  | ] - 
    drop table if exists messages cascade
26-06-15 15:55:12.387 [main] [32mDEBUG[0;39m org.hibernate.SQL                    [ |  | ] - 
    drop table if exists notifications cascade
26-06-15 15:55:12.389 [main] [32mDEBUG[0;39m org.hibernate.SQL                    [ |  | ] - 
    drop table if exists read_statuses cascade
26-06-15 15:55:12.391 [main] [32mDEBUG[0;39m org.hibernate.SQL                    [ |  | ] - 
    drop table if exists users cascade
26-06-15 15:55:12.405 [main] [32mDEBUG[0;39m org.hibernate.SQL                    [ |  | ] - 
    create table binary_contents (
        created_at timestamp with time zone not null,
        size bigint not null,
        updated_at timestamp with time zone,
        id uuid not null,
        status varchar(20) not null check (status in ('PROCESSING','SUCCESS','FAIL')),
        content_type varchar(100) not null,
        file_name varchar(255) not null,
        primary key (id)
    )
26-06-15 15:55:12.743 [main] [32mDEBUG[0;39m org.hibernate.SQL                    [ |  | ] - 
    create table channels (
        created_at timestamp with time zone not null,
        updated_at timestamp with time zone,
        id uuid not null,
        name varchar(100),
        description varchar(500),
        type varchar(255) not null check (type in ('PUBLIC','PRIVATE')),
        primary key (id)
    )
26-06-15 15:55:12.768 [main] [32mDEBUG[0;39m org.hibernate.SQL                    [ |  | ] - 
    create table message_attachments (
        attachment_id uuid not null unique,
        message_id uuid not null
    )
26-06-15 15:55:12.771 [main] [32mDEBUG[0;39m org.hibernate.SQL                    [ |  | ] - 
    create table messages (
        created_at timestamp with time zone not null,
        updated_at timestamp with time zone,
        author_id uuid,
        channel_id uuid not null,
        id uuid not null,
        content text not null,
        primary key (id)
    )
26-06-15 15:55:12.826 [main] [32mDEBUG[0;39m org.hibernate.SQL                    [ |  | ] - 
    create table notifications (
        created_at timestamp with time zone not null,
        updated_at timestamp with time zone,
        id uuid not null,
        receiver_id uuid not null,
        content varchar(1000) not null,
        title varchar(255) not null,
        primary key (id)
    )
26-06-15 15:55:12.863 [main] [32mDEBUG[0;39m org.hibernate.SQL                    [ |  | ] - 
    create table read_statuses (
        notification_enabled boolean not null,
        created_at timestamp with time zone not null,
        last_read_at timestamp with time zone not null,
        updated_at timestamp with time zone,
        channel_id uuid not null,
        id uuid not null,
        user_id uuid not null,
        primary key (id),
        unique (user_id, channel_id)
    )
26-06-15 15:55:12.882 [main] [32mDEBUG[0;39m org.hibernate.SQL                    [ |  | ] - 
    create table users (
        created_at timestamp with time zone not null,
        updated_at timestamp with time zone,
        id uuid not null,
        profile_id uuid unique,
        username varchar(50) not null unique,
        password varchar(60) not null,
        email varchar(100) not null unique,
        role varchar(255) not null check (role in ('ADMIN','CHANNEL_MANAGER','USER')),
        primary key (id)
    )
26-06-15 15:55:12.967 [main] [32mDEBUG[0;39m org.hibernate.SQL                    [ |  | ] - 
    alter table if exists message_attachments 
       add constraint FKsd1m8rb8jcpbcnb7rpdue7ctc 
       foreign key (attachment_id) 
       references binary_contents
26-06-15 15:55:13.092 [main] [32mDEBUG[0;39m org.hibernate.SQL                    [ |  | ] - 
    alter table if exists message_attachments 
       add constraint FKj7twd218e2gqw9cmlhwvo1rth 
       foreign key (message_id) 
       references messages
26-06-15 15:55:13.115 [main] [32mDEBUG[0;39m org.hibernate.SQL                    [ |  | ] - 
    alter table if exists messages 
       add constraint FKowtlim26svclkatusptbgi7u1 
       foreign key (author_id) 
       references users
26-06-15 15:55:13.118 [main] [32mDEBUG[0;39m org.hibernate.SQL                    [ |  | ] - 
    alter table if exists messages 
       add constraint FK3u3ckbhwq9se1cmopk2pq05b2 
       foreign key (channel_id) 
       references channels
26-06-15 15:55:13.120 [main] [32mDEBUG[0;39m org.hibernate.SQL                    [ |  | ] - 
    alter table if exists read_statuses 
       add constraint FKa38ri44ml4gfdpklx4ahqr8gd 
       foreign key (channel_id) 
       references channels
26-06-15 15:55:13.144 [main] [32mDEBUG[0;39m org.hibernate.SQL                    [ |  | ] - 
    alter table if exists read_statuses 
       add constraint FKml3k4wr9sj5yxrmj6d0aoib2e 
       foreign key (user_id) 
       references users
26-06-15 15:55:13.146 [main] [32mDEBUG[0;39m org.hibernate.SQL                    [ |  | ] - 
    alter table if exists users 
       add constraint FKtbudycgrip49xdptogmhfqnso 
       foreign key (profile_id) 
       references binary_contents
26-06-15 15:55:13.154 [main] [32mINFO [0;39m o.s.o.j.LocalContainerEntityManagerFactoryBean [ |  | ] - Initialized JPA EntityManagerFactory for persistence unit 'default'
26-06-15 15:55:13.544 [main] [32mINFO [0;39m o.s.d.j.r.query.QueryEnhancerFactory [ |  | ] - Hibernate is in classpath; If applicable, HQL parser will be used.
26-06-15 15:55:14.018 [main] [32mDEBUG[0;39m c.s.m.d.s.j.JwtAuthenticationFilter  [ |  | ] - Filter 'jwtAuthenticationFilter' configured for use
26-06-15 15:55:14.062 [main] [32mDEBUG[0;39m o.s.s.a.h.RoleHierarchyImpl          [ |  | ] - buildRolesReachableInOneOrMoreStepsMap() - From role ROLE_ADMIN one can reach [ROLE_USER, ROLE_CHANNEL_MANAGER] in one or more steps.
26-06-15 15:55:14.062 [main] [32mDEBUG[0;39m o.s.s.a.h.RoleHierarchyImpl          [ |  | ] - buildRolesReachableInOneOrMoreStepsMap() - From role ROLE_CHANNEL_MANAGER one can reach [ROLE_USER] in one or more steps.
26-06-15 15:55:14.613 [main] [32mTRACE[0;39m o.s.s.c.a.a.c.AuthenticationConfiguration$EnableGlobalAuthenticationAutowiredConfigurer [ |  | ] - Eagerly initializing {securityConfig=com.sprint.mission.discodeit.config.SecurityConfig$$SpringCGLIB$$0@757501da}
26-06-15 15:55:14.617 [main] [32mINFO [0;39m o.s.s.c.a.a.c.InitializeUserDetailsBeanManagerConfigurer$InitializeUserDetailsManagerConfigurer [ |  | ] - Global AuthenticationManager configured with UserDetailsService bean with name discodeitUserDetailsService
26-06-15 15:55:14.695 [main] [32mINFO [0;39m o.s.b.a.w.s.WelcomePageHandlerMapping [ |  | ] - Adding welcome page: class path resource [static/index.html]
26-06-15 15:55:15.128 [main] [32mINFO [0;39m o.s.b.a.e.web.EndpointLinksResolver  [ |  | ] - Exposing 4 endpoints beneath base path '/actuator'
26-06-15 15:55:15.262 [main] [32mDEBUG[0;39m o.s.s.web.DefaultSecurityFilterChain [ |  | ] - Will secure any request with filters: DisableEncodeUrlFilter, WebAsyncManagerIntegrationFilter, SecurityContextHolderFilter, HeaderWriterFilter, CsrfFilter, LogoutFilter, JwtAuthenticationFilter, UsernamePasswordAuthenticationFilter, RequestCacheAwareFilter, SecurityContextHolderAwareRequestFilter, AnonymousAuthenticationFilter, SessionManagementFilter, ExceptionTranslationFilter, AuthorizationFilter
26-06-15 15:55:16.094 [main] [32mINFO [0;39m o.a.coyote.http11.Http11NioProtocol  [ |  | ] - Starting ProtocolHandler ["http-nio-8080"]
26-06-15 15:55:16.111 [main] [32mINFO [0;39m o.s.b.w.e.tomcat.TomcatWebServer     [ |  | ] - Tomcat started on port 8080 (http) with context path '/'
26-06-15 15:55:16.129 [main] [32mINFO [0;39m c.s.m.discodeit.DiscodeitApplication [ |  | ] - Started DiscodeitApplication in 12.043 seconds (process running for 13.868)
26-06-15 15:55:16.138 [main] [32mDEBUG[0;39m c.s.m.d.config.SecurityConfig        [ |  | ] - Debug Filter Chain...
	[1/14] class org.springframework.security.web.session.DisableEncodeUrlFilter
	[2/14] class org.springframework.security.web.context.request.async.WebAsyncManagerIntegrationFilter
	[3/14] class org.springframework.security.web.context.SecurityContextHolderFilter
	[4/14] class org.springframework.security.web.header.HeaderWriterFilter
	[5/14] class org.springframework.security.web.csrf.CsrfFilter
	[6/14] class org.springframework.security.web.authentication.logout.LogoutFilter
	[7/14] class com.sprint.mission.discodeit.security.jwt.JwtAuthenticationFilter
	[8/14] class org.springframework.security.web.authentication.UsernamePasswordAuthenticationFilter
	[9/14] class org.springframework.security.web.savedrequest.RequestCacheAwareFilter
	[10/14] class org.springframework.security.web.servletapi.SecurityContextHolderAwareRequestFilter
	[11/14] class org.springframework.security.web.authentication.AnonymousAuthenticationFilter
	[12/14] class org.springframework.security.web.session.SessionManagementFilter
	[13/14] class org.springframework.security.web.access.ExceptionTranslationFilter
	[14/14] class org.springframework.security.web.access.intercept.AuthorizationFilter
26-06-15 15:55:16.151 [main] [32mDEBUG[0;39m c.s.m.d.s.basic.BasicUserService     [ |  | ] - 사용자 생성 시작: UserCreateRequest[username=admin, email=admin@example.com, password=admin1234!]
26-06-15 15:55:16.212 [main] [32mDEBUG[0;39m org.hibernate.SQL                    [ |  | ] - 
    select
        u1_0.id 
    from
        users u1_0 
    where
        u1_0.email=? 
    fetch
        first ? rows only
26-06-15 15:55:16.216 [main] [32mTRACE[0;39m org.hibernate.orm.jdbc.bind          [ |  | ] - binding parameter (1:VARCHAR) <- [admin@example.com]
26-06-15 15:55:16.217 [main] [32mTRACE[0;39m org.hibernate.orm.jdbc.bind          [ |  | ] - binding parameter (2:INTEGER) <- [1]
26-06-15 15:55:16.252 [main] [32mDEBUG[0;39m org.hibernate.SQL                    [ |  | ] - 
    select
        u1_0.id 
    from
        users u1_0 
    where
        u1_0.username=? 
    fetch
        first ? rows only
26-06-15 15:55:16.253 [main] [32mTRACE[0;39m org.hibernate.orm.jdbc.bind          [ |  | ] - binding parameter (1:VARCHAR) <- [admin]
26-06-15 15:55:16.253 [main] [32mTRACE[0;39m org.hibernate.orm.jdbc.bind          [ |  | ] - binding parameter (2:INTEGER) <- [1]
26-06-15 15:55:16.456 [main] [32mINFO [0;39m c.s.m.d.s.basic.BasicUserService     [ |  | ] - 사용자 생성 완료: id=77e9ee4c-9d84-4027-b8c4-2f0808c9e75b, username=admin
26-06-15 15:55:16.468 [main] [32mDEBUG[0;39m org.hibernate.SQL                    [ |  | ] - 
    insert 
    into
        users
        (created_at, email, password, profile_id, role, updated_at, username, id) 
    values
        (?, ?, ?, ?, ?, ?, ?, ?)
26-06-15 15:55:16.469 [main] [32mTRACE[0;39m org.hibernate.orm.jdbc.bind          [ |  | ] - binding parameter (1:TIMESTAMP_UTC) <- [2026-06-15T06:55:16.435115Z]
26-06-15 15:55:16.470 [main] [32mTRACE[0;39m org.hibernate.orm.jdbc.bind          [ |  | ] - binding parameter (2:VARCHAR) <- [admin@example.com]
26-06-15 15:55:16.470 [main] [32mTRACE[0;39m org.hibernate.orm.jdbc.bind          [ |  | ] - binding parameter (3:VARCHAR) <- [$2a$10$nAUS/G84EJNFPALQ4Ph18./7H3mLI5HYHCuNCl.J3pdC40L7wpTKC]
26-06-15 15:55:16.470 [main] [32mTRACE[0;39m org.hibernate.orm.jdbc.bind          [ |  | ] - binding parameter (4:UUID) <- [null]
26-06-15 15:55:16.470 [main] [32mTRACE[0;39m org.hibernate.orm.jdbc.bind          [ |  | ] - binding parameter (5:VARCHAR) <- [USER]
26-06-15 15:55:16.470 [main] [32mTRACE[0;39m org.hibernate.orm.jdbc.bind          [ |  | ] - binding parameter (6:TIMESTAMP_UTC) <- [2026-06-15T06:55:16.435115Z]
26-06-15 15:55:16.470 [main] [32mTRACE[0;39m org.hibernate.orm.jdbc.bind          [ |  | ] - binding parameter (7:VARCHAR) <- [admin]
26-06-15 15:55:16.470 [main] [32mTRACE[0;39m org.hibernate.orm.jdbc.bind          [ |  | ] - binding parameter (8:UUID) <- [77e9ee4c-9d84-4027-b8c4-2f0808c9e75b]
26-06-15 15:55:16.540 [main] [32mDEBUG[0;39m org.hibernate.SQL                    [ |  | ] - 
    select
        u1_0.id,
        u1_0.created_at,
        u1_0.email,
        u1_0.password,
        u1_0.profile_id,
        u1_0.role,
        u1_0.updated_at,
        u1_0.username 
    from
        users u1_0 
    where
        u1_0.id=?
26-06-15 15:55:16.541 [main] [32mTRACE[0;39m org.hibernate.orm.jdbc.bind          [ |  | ] - binding parameter (1:UUID) <- [77e9ee4c-9d84-4027-b8c4-2f0808c9e75b]
26-06-15 15:55:16.554 [main] [32mDEBUG[0;39m org.hibernate.SQL                    [ |  | ] - 
    update
        users 
    set
        email=?,
        password=?,
        profile_id=?,
        role=?,
        updated_at=?,
        username=? 
    where
        id=?
26-06-15 15:55:16.554 [main] [32mTRACE[0;39m org.hibernate.orm.jdbc.bind          [ |  | ] - binding parameter (1:VARCHAR) <- [admin@example.com]
26-06-15 15:55:16.554 [main] [32mTRACE[0;39m org.hibernate.orm.jdbc.bind          [ |  | ] - binding parameter (2:VARCHAR) <- [$2a$10$nAUS/G84EJNFPALQ4Ph18./7H3mLI5HYHCuNCl.J3pdC40L7wpTKC]
26-06-15 15:55:16.554 [main] [32mTRACE[0;39m org.hibernate.orm.jdbc.bind          [ |  | ] - binding parameter (3:UUID) <- [null]
26-06-15 15:55:16.554 [main] [32mTRACE[0;39m org.hibernate.orm.jdbc.bind          [ |  | ] - binding parameter (4:VARCHAR) <- [ADMIN]
26-06-15 15:55:16.555 [main] [32mTRACE[0;39m org.hibernate.orm.jdbc.bind          [ |  | ] - binding parameter (5:TIMESTAMP_UTC) <- [2026-06-15T06:55:16.552248Z]
26-06-15 15:55:16.555 [main] [32mTRACE[0;39m org.hibernate.orm.jdbc.bind          [ |  | ] - binding parameter (6:VARCHAR) <- [admin]
26-06-15 15:55:16.555 [main] [32mTRACE[0;39m org.hibernate.orm.jdbc.bind          [ |  | ] - binding parameter (7:UUID) <- [77e9ee4c-9d84-4027-b8c4-2f0808c9e75b]
26-06-15 15:55:16.579 [main] [32mINFO [0;39m c.s.m.d.security.AdminInitializer    [ |  | ] - 관리자 계정이 성공적으로 생성되었습니다.
26-06-15 15:55:17.071 [RMI TCP Connection(1)-127.0.0.1] [32mINFO [0;39m o.a.c.c.C.[Tomcat].[localhost].[/]   [ |  | ] - Initializing Spring DispatcherServlet 'dispatcherServlet'
26-06-15 15:55:17.072 [RMI TCP Connection(1)-127.0.0.1] [32mINFO [0;39m o.s.web.servlet.DispatcherServlet    [ |  | ] - Initializing Servlet 'dispatcherServlet'
26-06-15 15:55:17.075 [RMI TCP Connection(1)-127.0.0.1] [32mINFO [0;39m o.s.web.servlet.DispatcherServlet    [ |  | ] - Completed initialization in 2 ms
26-06-15 15:58:45.016 [SpringApplicationShutdownHook] [32mINFO [0;39m o.s.b.w.e.tomcat.GracefulShutdown    [ |  | ] - Commencing graceful shutdown. Waiting for active requests to complete
26-06-15 15:58:45.162 [tomcat-shutdown] [32mINFO [0;39m o.s.b.w.e.tomcat.GracefulShutdown    [ |  | ] - Graceful shutdown complete
26-06-15 15:58:45.267 [SpringApplicationShutdownHook] [32mINFO [0;39m o.s.o.j.LocalContainerEntityManagerFactoryBean [ |  | ] - Closing JPA EntityManagerFactory for persistence unit 'default'
26-06-15 15:58:45.320 [SpringApplicationShutdownHook] [32mINFO [0;39m com.zaxxer.hikari.HikariDataSource   [ |  | ] - HikariPool-1 - Shutdown initiated...
26-06-15 15:58:45.345 [SpringApplicationShutdownHook] [32mINFO [0;39m com.zaxxer.hikari.HikariDataSource   [ |  | ] - HikariPool-1 - Shutdown completed.
26-06-15 15:58:57.271 [background-preinit] [32mINFO [0;39m o.h.validator.internal.util.Version  [ |  | ] - HV000001: Hibernate Validator 8.0.1.Final
26-06-15 15:58:57.325 [main] [32mINFO [0;39m c.s.m.discodeit.DiscodeitApplication [ |  | ] - Starting DiscodeitApplication using Java 17.0.17 with PID 81652 (/Users/apple/IdeaProjects/temp/9-sprint-mission/discodeit/build/classes/java/main started by apple in /Users/apple/IdeaProjects/temp/9-sprint-mission)
26-06-15 15:58:57.325 [main] [32mDEBUG[0;39m c.s.m.discodeit.DiscodeitApplication [ |  | ] - Running with Spring Boot v3.4.0, Spring v6.2.0
26-06-15 15:58:57.325 [main] [32mINFO [0;39m c.s.m.discodeit.DiscodeitApplication [ |  | ] - The following 1 profile is active: "dev"
26-06-15 15:58:58.786 [main] [32mINFO [0;39m o.s.d.r.c.RepositoryConfigurationDelegate [ |  | ] - Bootstrapping Spring Data JPA repositories in DEFAULT mode.
26-06-15 15:58:58.863 [main] [32mINFO [0;39m o.s.d.r.c.RepositoryConfigurationDelegate [ |  | ] - Finished Spring Data repository scanning in 67 ms. Found 6 JPA repository interfaces.
26-06-15 15:58:59.797 [main] [32mINFO [0;39m o.s.b.w.e.tomcat.TomcatWebServer     [ |  | ] - Tomcat initialized with port 8080 (http)
26-06-15 15:58:59.808 [main] [32mINFO [0;39m o.a.coyote.http11.Http11NioProtocol  [ |  | ] - Initializing ProtocolHandler ["http-nio-8080"]
26-06-15 15:58:59.810 [main] [32mINFO [0;39m o.a.catalina.core.StandardService    [ |  | ] - Starting service [Tomcat]
26-06-15 15:58:59.810 [main] [32mINFO [0;39m o.a.catalina.core.StandardEngine     [ |  | ] - Starting Servlet engine: [Apache Tomcat/10.1.33]
26-06-15 15:58:59.868 [main] [32mINFO [0;39m o.a.c.c.C.[Tomcat].[localhost].[/]   [ |  | ] - Initializing Spring embedded WebApplicationContext
26-06-15 15:58:59.868 [main] [32mINFO [0;39m o.s.b.w.s.c.ServletWebServerApplicationContext [ |  | ] - Root WebApplicationContext: initialization completed in 2507 ms
26-06-15 15:59:00.242 [main] [32mINFO [0;39m com.zaxxer.hikari.HikariDataSource   [ |  | ] - HikariPool-1 - Starting...
26-06-15 15:59:00.379 [main] [32mINFO [0;39m com.zaxxer.hikari.pool.HikariPool    [ |  | ] - HikariPool-1 - Added connection org.postgresql.jdbc.PgConnection@1ba7db2a
26-06-15 15:59:00.380 [main] [32mINFO [0;39m com.zaxxer.hikari.HikariDataSource   [ |  | ] - HikariPool-1 - Start completed.
26-06-15 15:59:00.488 [main] [32mINFO [0;39m o.h.jpa.internal.util.LogHelper      [ |  | ] - HHH000204: Processing PersistenceUnitInfo [name: default]
26-06-15 15:59:00.536 [main] [32mINFO [0;39m org.hibernate.Version                [ |  | ] - HHH000412: Hibernate ORM core version 6.6.2.Final
26-06-15 15:59:00.561 [main] [32mINFO [0;39m o.h.c.i.RegionFactoryInitiator       [ |  | ] - HHH000026: Second-level cache disabled
26-06-15 15:59:00.763 [main] [32mINFO [0;39m o.s.o.j.p.SpringPersistenceUnitInfo  [ |  | ] - No LoadTimeWeaver setup: ignoring JPA class transformer
26-06-15 15:59:00.849 [main] [32mINFO [0;39m o.hibernate.orm.connections.pooling  [ |  | ] - HHH10001005: Database info:
	Database JDBC URL [Connecting through datasource 'HikariDataSource (HikariPool-1)']
	Database driver: undefined/unknown
	Database version: 14.21
	Autocommit mode: undefined/unknown
	Isolation level: undefined/unknown
	Minimum pool size: undefined/unknown
	Maximum pool size: undefined/unknown
26-06-15 15:59:01.406 [main] [32mINFO [0;39m o.h.e.t.j.p.i.JtaPlatformInitiator   [ |  | ] - HHH000489: No JTA platform available (set 'hibernate.transaction.jta.platform' to enable JTA platform integration)
26-06-15 15:59:01.414 [main] [32mDEBUG[0;39m org.hibernate.SQL                    [ |  | ] - 
    set client_min_messages = WARNING
26-06-15 15:59:01.415 [main] [32mDEBUG[0;39m org.hibernate.SQL                    [ |  | ] - 
    alter table if exists message_attachments 
       drop constraint if exists FKsd1m8rb8jcpbcnb7rpdue7ctc
26-06-15 15:59:01.426 [main] [32mDEBUG[0;39m org.hibernate.SQL                    [ |  | ] - 
    alter table if exists message_attachments 
       drop constraint if exists FKj7twd218e2gqw9cmlhwvo1rth
26-06-15 15:59:01.427 [main] [32mDEBUG[0;39m org.hibernate.SQL                    [ |  | ] - 
    alter table if exists messages 
       drop constraint if exists FKowtlim26svclkatusptbgi7u1
26-06-15 15:59:01.428 [main] [32mDEBUG[0;39m org.hibernate.SQL                    [ |  | ] - 
    alter table if exists messages 
       drop constraint if exists FK3u3ckbhwq9se1cmopk2pq05b2
26-06-15 15:59:01.429 [main] [32mDEBUG[0;39m org.hibernate.SQL                    [ |  | ] - 
    alter table if exists read_statuses 
       drop constraint if exists FKa38ri44ml4gfdpklx4ahqr8gd
26-06-15 15:59:01.430 [main] [32mDEBUG[0;39m org.hibernate.SQL                    [ |  | ] - 
    alter table if exists read_statuses 
       drop constraint if exists FKml3k4wr9sj5yxrmj6d0aoib2e
26-06-15 15:59:01.431 [main] [32mDEBUG[0;39m org.hibernate.SQL                    [ |  | ] - 
    alter table if exists users 
       drop constraint if exists FKtbudycgrip49xdptogmhfqnso
26-06-15 15:59:01.432 [main] [32mDEBUG[0;39m org.hibernate.SQL                    [ |  | ] - 
    drop table if exists binary_contents cascade
26-06-15 15:59:01.438 [main] [32mDEBUG[0;39m org.hibernate.SQL                    [ |  | ] - 
    drop table if exists channels cascade
26-06-15 15:59:01.441 [main] [32mDEBUG[0;39m org.hibernate.SQL                    [ |  | ] - 
    drop table if exists message_attachments cascade
26-06-15 15:59:01.443 [main] [32mDEBUG[0;39m org.hibernate.SQL                    [ |  | ] - 
    drop table if exists messages cascade
26-06-15 15:59:01.444 [main] [32mDEBUG[0;39m org.hibernate.SQL                    [ |  | ] - 
    drop table if exists notifications cascade
26-06-15 15:59:01.447 [main] [32mDEBUG[0;39m org.hibernate.SQL                    [ |  | ] - 
    drop table if exists read_statuses cascade
26-06-15 15:59:01.451 [main] [32mDEBUG[0;39m org.hibernate.SQL                    [ |  | ] - 
    drop table if exists users cascade
26-06-15 15:59:01.457 [main] [32mDEBUG[0;39m org.hibernate.SQL                    [ |  | ] - 
    create table binary_contents (
        created_at timestamp with time zone not null,
        size bigint not null,
        updated_at timestamp with time zone,
        id uuid not null,
        status varchar(20) not null check (status in ('PROCESSING','SUCCESS','FAIL')),
        content_type varchar(100) not null,
        file_name varchar(255) not null,
        primary key (id)
    )
26-06-15 15:59:01.471 [main] [32mDEBUG[0;39m org.hibernate.SQL                    [ |  | ] - 
    create table channels (
        created_at timestamp with time zone not null,
        updated_at timestamp with time zone,
        id uuid not null,
        name varchar(100),
        description varchar(500),
        type varchar(255) not null check (type in ('PUBLIC','PRIVATE')),
        primary key (id)
    )
26-06-15 15:59:01.475 [main] [32mDEBUG[0;39m org.hibernate.SQL                    [ |  | ] - 
    create table message_attachments (
        attachment_id uuid not null unique,
        message_id uuid not null
    )
26-06-15 15:59:01.478 [main] [32mDEBUG[0;39m org.hibernate.SQL                    [ |  | ] - 
    create table messages (
        created_at timestamp with time zone not null,
        updated_at timestamp with time zone,
        author_id uuid,
        channel_id uuid not null,
        id uuid not null,
        content text not null,
        primary key (id)
    )
26-06-15 15:59:01.482 [main] [32mDEBUG[0;39m org.hibernate.SQL                    [ |  | ] - 
    create table notifications (
        created_at timestamp with time zone not null,
        updated_at timestamp with time zone,
        id uuid not null,
        receiver_id uuid not null,
        content varchar(1000) not null,
        title varchar(255) not null,
        primary key (id)
    )
26-06-15 15:59:01.488 [main] [32mDEBUG[0;39m org.hibernate.SQL                    [ |  | ] - 
    create table read_statuses (
        notification_enabled boolean not null,
        created_at timestamp with time zone not null,
        last_read_at timestamp with time zone not null,
        updated_at timestamp with time zone,
        channel_id uuid not null,
        id uuid not null,
        user_id uuid not null,
        primary key (id),
        unique (user_id, channel_id)
    )
26-06-15 15:59:01.493 [main] [32mDEBUG[0;39m org.hibernate.SQL                    [ |  | ] - 
    create table users (
        created_at timestamp with time zone not null,
        updated_at timestamp with time zone,
        id uuid not null,
        profile_id uuid unique,
        username varchar(50) not null unique,
        password varchar(60) not null,
        email varchar(100) not null unique,
        role varchar(255) not null check (role in ('ADMIN','CHANNEL_MANAGER','USER')),
        primary key (id)
    )
26-06-15 15:59:01.500 [main] [32mDEBUG[0;39m org.hibernate.SQL                    [ |  | ] - 
    alter table if exists message_attachments 
       add constraint FKsd1m8rb8jcpbcnb7rpdue7ctc 
       foreign key (attachment_id) 
       references binary_contents
26-06-15 15:59:01.508 [main] [32mDEBUG[0;39m org.hibernate.SQL                    [ |  | ] - 
    alter table if exists message_attachments 
       add constraint FKj7twd218e2gqw9cmlhwvo1rth 
       foreign key (message_id) 
       references messages
26-06-15 15:59:01.509 [main] [32mDEBUG[0;39m org.hibernate.SQL                    [ |  | ] - 
    alter table if exists messages 
       add constraint FKowtlim26svclkatusptbgi7u1 
       foreign key (author_id) 
       references users
26-06-15 15:59:01.512 [main] [32mDEBUG[0;39m org.hibernate.SQL                    [ |  | ] - 
    alter table if exists messages 
       add constraint FK3u3ckbhwq9se1cmopk2pq05b2 
       foreign key (channel_id) 
       references channels
26-06-15 15:59:01.513 [main] [32mDEBUG[0;39m org.hibernate.SQL                    [ |  | ] - 
    alter table if exists read_statuses 
       add constraint FKa38ri44ml4gfdpklx4ahqr8gd 
       foreign key (channel_id) 
       references channels
26-06-15 15:59:01.517 [main] [32mDEBUG[0;39m org.hibernate.SQL                    [ |  | ] - 
    alter table if exists read_statuses 
       add constraint FKml3k4wr9sj5yxrmj6d0aoib2e 
       foreign key (user_id) 
       references users
26-06-15 15:59:01.518 [main] [32mDEBUG[0;39m org.hibernate.SQL                    [ |  | ] - 
    alter table if exists users 
       add constraint FKtbudycgrip49xdptogmhfqnso 
       foreign key (profile_id) 
       references binary_contents
26-06-15 15:59:01.522 [main] [32mINFO [0;39m o.s.o.j.LocalContainerEntityManagerFactoryBean [ |  | ] - Initialized JPA EntityManagerFactory for persistence unit 'default'
26-06-15 15:59:01.767 [main] [32mINFO [0;39m o.s.d.j.r.query.QueryEnhancerFactory [ |  | ] - Hibernate is in classpath; If applicable, HQL parser will be used.
26-06-15 15:59:02.167 [main] [32mDEBUG[0;39m c.s.m.d.s.j.JwtAuthenticationFilter  [ |  | ] - Filter 'jwtAuthenticationFilter' configured for use
26-06-15 15:59:02.194 [main] [32mDEBUG[0;39m o.s.s.a.h.RoleHierarchyImpl          [ |  | ] - buildRolesReachableInOneOrMoreStepsMap() - From role ROLE_ADMIN one can reach [ROLE_USER, ROLE_CHANNEL_MANAGER] in one or more steps.
26-06-15 15:59:02.194 [main] [32mDEBUG[0;39m o.s.s.a.h.RoleHierarchyImpl          [ |  | ] - buildRolesReachableInOneOrMoreStepsMap() - From role ROLE_CHANNEL_MANAGER one can reach [ROLE_USER] in one or more steps.
26-06-15 15:59:02.234 [main] [33mWARN [0;39m o.s.b.w.s.c.AnnotationConfigServletWebServerApplicationContext [ |  | ] - Exception encountered during context initialization - cancelling refresh attempt: org.springframework.beans.factory.UnsatisfiedDependencyException: Error creating bean with name 'authController' defined in file [/Users/apple/IdeaProjects/temp/9-sprint-mission/discodeit/build/classes/java/main/com/sprint/mission/discodeit/controller/AuthController.class]: Unsatisfied dependency expressed through constructor parameter 1: Error creating bean with name 'basicUserService' defined in file [/Users/apple/IdeaProjects/temp/9-sprint-mission/discodeit/build/classes/java/main/com/sprint/mission/discodeit/service/basic/BasicUserService.class]: Unsatisfied dependency expressed through constructor parameter 3: Error creating bean with name 's3BinaryContentStorage' defined in file [/Users/apple/IdeaProjects/temp/9-sprint-mission/discodeit/build/classes/java/main/com/sprint/mission/discodeit/storage/s3/S3BinaryContentStorage.class]: Unexpected exception during bean creation
26-06-15 15:59:02.235 [main] [32mINFO [0;39m o.s.o.j.LocalContainerEntityManagerFactoryBean [ |  | ] - Closing JPA EntityManagerFactory for persistence unit 'default'
26-06-15 15:59:02.236 [main] [32mINFO [0;39m com.zaxxer.hikari.HikariDataSource   [ |  | ] - HikariPool-1 - Shutdown initiated...
26-06-15 15:59:02.239 [main] [32mINFO [0;39m com.zaxxer.hikari.HikariDataSource   [ |  | ] - HikariPool-1 - Shutdown completed.
26-06-15 15:59:02.240 [main] [32mINFO [0;39m o.a.catalina.core.StandardService    [ |  | ] - Stopping service [Tomcat]
26-06-15 15:59:02.253 [main] [32mINFO [0;39m o.s.b.a.l.ConditionEvaluationReportLogger [ |  | ] - 

Error starting ApplicationContext. To display the condition evaluation report re-run your application with 'debug' enabled.
26-06-15 15:59:02.262 [main] [31mERROR[0;39m o.s.boot.SpringApplication           [ |  | ] - Application run failed
org.springframework.beans.factory.UnsatisfiedDependencyException: Error creating bean with name 'authController' defined in file [/Users/apple/IdeaProjects/temp/9-sprint-mission/discodeit/build/classes/java/main/com/sprint/mission/discodeit/controller/AuthController.class]: Unsatisfied dependency expressed through constructor parameter 1: Error creating bean with name 'basicUserService' defined in file [/Users/apple/IdeaProjects/temp/9-sprint-mission/discodeit/build/classes/java/main/com/sprint/mission/discodeit/service/basic/BasicUserService.class]: Unsatisfied dependency expressed through constructor parameter 3: Error creating bean with name 's3BinaryContentStorage' defined in file [/Users/apple/IdeaProjects/temp/9-sprint-mission/discodeit/build/classes/java/main/com/sprint/mission/discodeit/storage/s3/S3BinaryContentStorage.class]: Unexpected exception during bean creation
	at org.springframework.beans.factory.support.ConstructorResolver.createArgumentArray(ConstructorResolver.java:804)
	at org.springframework.beans.factory.support.ConstructorResolver.autowireConstructor(ConstructorResolver.java:240)
	at org.springframework.beans.factory.support.AbstractAutowireCapableBeanFactory.autowireConstructor(AbstractAutowireCapableBeanFactory.java:1371)
	at org.springframework.beans.factory.support.AbstractAutowireCapableBeanFactory.createBeanInstance(AbstractAutowireCapableBeanFactory.java:1208)
	at org.springframework.beans.factory.support.AbstractAutowireCapableBeanFactory.doCreateBean(AbstractAutowireCapableBeanFactory.java:563)
	at org.springframework.beans.factory.support.AbstractAutowireCapableBeanFactory.createBean(AbstractAutowireCapableBeanFactory.java:523)
	at org.springframework.beans.factory.support.AbstractBeanFactory.lambda$doGetBean$0(AbstractBeanFactory.java:336)
	at org.springframework.beans.factory.support.DefaultSingletonBeanRegistry.getSingleton(DefaultSingletonBeanRegistry.java:288)
	at org.springframework.beans.factory.support.AbstractBeanFactory.doGetBean(AbstractBeanFactory.java:334)
	at org.springframework.beans.factory.support.AbstractBeanFactory.getBean(AbstractBeanFactory.java:199)
	at org.springframework.beans.factory.support.DefaultListableBeanFactory.instantiateSingleton(DefaultListableBeanFactory.java:1122)
	at org.springframework.beans.factory.support.DefaultListableBeanFactory.preInstantiateSingleton(DefaultListableBeanFactory.java:1093)
	at org.springframework.beans.factory.support.DefaultListableBeanFactory.preInstantiateSingletons(DefaultListableBeanFactory.java:1030)
	at org.springframework.context.support.AbstractApplicationContext.finishBeanFactoryInitialization(AbstractApplicationContext.java:987)
	at org.springframework.context.support.AbstractApplicationContext.refresh(AbstractApplicationContext.java:627)
	at org.springframework.boot.web.servlet.context.ServletWebServerApplicationContext.refresh(ServletWebServerApplicationContext.java:146)
	at org.springframework.boot.SpringApplication.refresh(SpringApplication.java:752)
	at org.springframework.boot.SpringApplication.refreshContext(SpringApplication.java:439)
	at org.springframework.boot.SpringApplication.run(SpringApplication.java:318)
	at org.springframework.boot.SpringApplication.run(SpringApplication.java:1361)
	at org.springframework.boot.SpringApplication.run(SpringApplication.java:1350)
	at com.sprint.mission.discodeit.DiscodeitApplication.main(DiscodeitApplication.java:12)
Caused by: org.springframework.beans.factory.UnsatisfiedDependencyException: Error creating bean with name 'basicUserService' defined in file [/Users/apple/IdeaProjects/temp/9-sprint-mission/discodeit/build/classes/java/main/com/sprint/mission/discodeit/service/basic/BasicUserService.class]: Unsatisfied dependency expressed through constructor parameter 3: Error creating bean with name 's3BinaryContentStorage' defined in file [/Users/apple/IdeaProjects/temp/9-sprint-mission/discodeit/build/classes/java/main/com/sprint/mission/discodeit/storage/s3/S3BinaryContentStorage.class]: Unexpected exception during bean creation
	at org.springframework.beans.factory.support.ConstructorResolver.createArgumentArray(ConstructorResolver.java:804)
	at org.springframework.beans.factory.support.ConstructorResolver.autowireConstructor(ConstructorResolver.java:240)
	at org.springframework.beans.factory.support.AbstractAutowireCapableBeanFactory.autowireConstructor(AbstractAutowireCapableBeanFactory.java:1371)
	at org.springframework.beans.factory.support.AbstractAutowireCapableBeanFactory.createBeanInstance(AbstractAutowireCapableBeanFactory.java:1208)
	at org.springframework.beans.factory.support.AbstractAutowireCapableBeanFactory.doCreateBean(AbstractAutowireCapableBeanFactory.java:563)
	at org.springframework.beans.factory.support.AbstractAutowireCapableBeanFactory.createBean(AbstractAutowireCapableBeanFactory.java:523)
	at org.springframework.beans.factory.support.AbstractBeanFactory.lambda$doGetBean$0(AbstractBeanFactory.java:336)
	at org.springframework.beans.factory.support.DefaultSingletonBeanRegistry.getSingleton(DefaultSingletonBeanRegistry.java:288)
	at org.springframework.beans.factory.support.AbstractBeanFactory.doGetBean(AbstractBeanFactory.java:334)
	at org.springframework.beans.factory.support.AbstractBeanFactory.getBean(AbstractBeanFactory.java:199)
	at org.springframework.beans.factory.config.DependencyDescriptor.resolveCandidate(DependencyDescriptor.java:254)
	at org.springframework.beans.factory.support.DefaultListableBeanFactory.doResolveDependency(DefaultListableBeanFactory.java:1626)
	at org.springframework.beans.factory.support.DefaultListableBeanFactory.resolveDependency(DefaultListableBeanFactory.java:1514)
	at org.springframework.beans.factory.support.ConstructorResolver.resolveAutowiredArgument(ConstructorResolver.java:913)
	at org.springframework.beans.factory.support.ConstructorResolver.createArgumentArray(ConstructorResolver.java:791)
	... 21 common frames omitted
Caused by: org.springframework.beans.factory.BeanCreationException: Error creating bean with name 's3BinaryContentStorage' defined in file [/Users/apple/IdeaProjects/temp/9-sprint-mission/discodeit/build/classes/java/main/com/sprint/mission/discodeit/storage/s3/S3BinaryContentStorage.class]: Unexpected exception during bean creation
	at org.springframework.beans.factory.support.AbstractAutowireCapableBeanFactory.createBean(AbstractAutowireCapableBeanFactory.java:536)
	at org.springframework.beans.factory.support.AbstractBeanFactory.lambda$doGetBean$0(AbstractBeanFactory.java:336)
	at org.springframework.beans.factory.support.DefaultSingletonBeanRegistry.getSingleton(DefaultSingletonBeanRegistry.java:288)
	at org.springframework.beans.factory.support.AbstractBeanFactory.doGetBean(AbstractBeanFactory.java:334)
	at org.springframework.beans.factory.support.AbstractBeanFactory.getBean(AbstractBeanFactory.java:199)
	at org.springframework.beans.factory.config.DependencyDescriptor.resolveCandidate(DependencyDescriptor.java:254)
	at org.springframework.beans.factory.support.DefaultListableBeanFactory.doResolveDependency(DefaultListableBeanFactory.java:1626)
	at org.springframework.beans.factory.support.DefaultListableBeanFactory.resolveDependency(DefaultListableBeanFactory.java:1514)
	at org.springframework.beans.factory.support.ConstructorResolver.resolveAutowiredArgument(ConstructorResolver.java:913)
	at org.springframework.beans.factory.support.ConstructorResolver.createArgumentArray(ConstructorResolver.java:791)
	... 35 common frames omitted
Caused by: org.springframework.util.PlaceholderResolutionException: Could not resolve placeholder 'AWS_S3_ACCESS_KEY' in value "${AWS_S3_ACCESS_KEY}" <-- "${discodeit.storage.s3.access-key}"
	at org.springframework.util.PlaceholderResolutionException.withValue(PlaceholderResolutionException.java:81)
	at org.springframework.util.PlaceholderParser$ParsedValue.resolve(PlaceholderParser.java:416)
	at org.springframework.util.PlaceholderParser.replacePlaceholders(PlaceholderParser.java:128)
	at org.springframework.util.PropertyPlaceholderHelper.parseStringValue(PropertyPlaceholderHelper.java:118)
	at org.springframework.util.PropertyPlaceholderHelper.replacePlaceholders(PropertyPlaceholderHelper.java:114)
	at org.springframework.core.env.AbstractPropertyResolver.doResolvePlaceholders(AbstractPropertyResolver.java:255)
	at org.springframework.core.env.AbstractPropertyResolver.resolveRequiredPlaceholders(AbstractPropertyResolver.java:226)
	at org.springframework.context.support.PropertySourcesPlaceholderConfigurer.lambda$processProperties$0(PropertySourcesPlaceholderConfigurer.java:201)
	at org.springframework.beans.factory.support.AbstractBeanFactory.resolveEmbeddedValue(AbstractBeanFactory.java:963)
	at org.springframework.beans.factory.support.DefaultListableBeanFactory.doResolveDependency(DefaultListableBeanFactory.java:1536)
	at org.springframework.beans.factory.support.DefaultListableBeanFactory.resolveDependency(DefaultListableBeanFactory.java:1514)
	at org.springframework.beans.factory.support.ConstructorResolver.resolveAutowiredArgument(ConstructorResolver.java:913)
	at org.springframework.beans.factory.support.ConstructorResolver.createArgumentArray(ConstructorResolver.java:791)
	at org.springframework.beans.factory.support.ConstructorResolver.autowireConstructor(ConstructorResolver.java:240)
	at org.springframework.beans.factory.support.AbstractAutowireCapableBeanFactory.autowireConstructor(AbstractAutowireCapableBeanFactory.java:1371)
	at org.springframework.beans.factory.support.AbstractAutowireCapableBeanFactory.createBeanInstance(AbstractAutowireCapableBeanFactory.java:1208)
	at org.springframework.beans.factory.support.AbstractAutowireCapableBeanFactory.doCreateBean(AbstractAutowireCapableBeanFactory.java:563)
	at org.springframework.beans.factory.support.AbstractAutowireCapableBeanFactory.createBean(AbstractAutowireCapableBeanFactory.java:523)
	... 44 common frames omitted
26-06-15 16:49:55.155 [background-preinit] [32mINFO [0;39m o.h.validator.internal.util.Version  [ |  | ] - HV000001: Hibernate Validator 8.0.1.Final
26-06-15 16:49:55.217 [main] [32mINFO [0;39m c.s.m.discodeit.DiscodeitApplication [ |  | ] - Starting DiscodeitApplication using Java 17.0.17 with PID 83759 (/Users/apple/IdeaProjects/temp/9-sprint-mission/discodeit/build/classes/java/main started by apple in /Users/apple/IdeaProjects/temp/9-sprint-mission)
26-06-15 16:49:55.220 [main] [32mDEBUG[0;39m c.s.m.discodeit.DiscodeitApplication [ |  | ] - Running with Spring Boot v3.4.0, Spring v6.2.0
26-06-15 16:49:55.231 [main] [32mINFO [0;39m c.s.m.discodeit.DiscodeitApplication [ |  | ] - The following 1 profile is active: "dev"
26-06-15 16:49:58.047 [main] [32mINFO [0;39m o.s.d.r.c.RepositoryConfigurationDelegate [ |  | ] - Bootstrapping Spring Data JPA repositories in DEFAULT mode.
26-06-15 16:49:58.173 [main] [32mINFO [0;39m o.s.d.r.c.RepositoryConfigurationDelegate [ |  | ] - Finished Spring Data repository scanning in 105 ms. Found 6 JPA repository interfaces.
26-06-15 16:49:59.787 [main] [32mINFO [0;39m o.s.b.w.e.tomcat.TomcatWebServer     [ |  | ] - Tomcat initialized with port 8080 (http)
26-06-15 16:49:59.803 [main] [32mINFO [0;39m o.a.coyote.http11.Http11NioProtocol  [ |  | ] - Initializing ProtocolHandler ["http-nio-8080"]
26-06-15 16:49:59.805 [main] [32mINFO [0;39m o.a.catalina.core.StandardService    [ |  | ] - Starting service [Tomcat]
26-06-15 16:49:59.805 [main] [32mINFO [0;39m o.a.catalina.core.StandardEngine     [ |  | ] - Starting Servlet engine: [Apache Tomcat/10.1.33]
26-06-15 16:49:59.885 [main] [32mINFO [0;39m o.a.c.c.C.[Tomcat].[localhost].[/]   [ |  | ] - Initializing Spring embedded WebApplicationContext
26-06-15 16:49:59.885 [main] [32mINFO [0;39m o.s.b.w.s.c.ServletWebServerApplicationContext [ |  | ] - Root WebApplicationContext: initialization completed in 4601 ms
26-06-15 16:50:00.354 [main] [32mINFO [0;39m com.zaxxer.hikari.HikariDataSource   [ |  | ] - HikariPool-1 - Starting...
26-06-15 16:50:00.458 [main] [32mINFO [0;39m com.zaxxer.hikari.pool.HikariPool    [ |  | ] - HikariPool-1 - Added connection org.postgresql.jdbc.PgConnection@72ec16f8
26-06-15 16:50:00.460 [main] [32mINFO [0;39m com.zaxxer.hikari.HikariDataSource   [ |  | ] - HikariPool-1 - Start completed.
26-06-15 16:50:00.614 [main] [32mINFO [0;39m o.h.jpa.internal.util.LogHelper      [ |  | ] - HHH000204: Processing PersistenceUnitInfo [name: default]
26-06-15 16:50:00.686 [main] [32mINFO [0;39m org.hibernate.Version                [ |  | ] - HHH000412: Hibernate ORM core version 6.6.2.Final
26-06-15 16:50:00.718 [main] [32mINFO [0;39m o.h.c.i.RegionFactoryInitiator       [ |  | ] - HHH000026: Second-level cache disabled
26-06-15 16:50:01.020 [main] [32mINFO [0;39m o.s.o.j.p.SpringPersistenceUnitInfo  [ |  | ] - No LoadTimeWeaver setup: ignoring JPA class transformer
26-06-15 16:50:01.171 [main] [32mINFO [0;39m o.hibernate.orm.connections.pooling  [ |  | ] - HHH10001005: Database info:
	Database JDBC URL [Connecting through datasource 'HikariDataSource (HikariPool-1)']
	Database driver: undefined/unknown
	Database version: 14.21
	Autocommit mode: undefined/unknown
	Isolation level: undefined/unknown
	Minimum pool size: undefined/unknown
	Maximum pool size: undefined/unknown
26-06-15 16:50:02.308 [main] [32mINFO [0;39m o.h.e.t.j.p.i.JtaPlatformInitiator   [ |  | ] - HHH000489: No JTA platform available (set 'hibernate.transaction.jta.platform' to enable JTA platform integration)
26-06-15 16:50:02.324 [main] [32mDEBUG[0;39m org.hibernate.SQL                    [ |  | ] - 
    set client_min_messages = WARNING
26-06-15 16:50:02.330 [main] [32mDEBUG[0;39m org.hibernate.SQL                    [ |  | ] - 
    alter table if exists message_attachments 
       drop constraint if exists FKsd1m8rb8jcpbcnb7rpdue7ctc
26-06-15 16:50:02.352 [main] [32mDEBUG[0;39m org.hibernate.SQL                    [ |  | ] - 
    alter table if exists message_attachments 
       drop constraint if exists FKj7twd218e2gqw9cmlhwvo1rth
26-06-15 16:50:02.354 [main] [32mDEBUG[0;39m org.hibernate.SQL                    [ |  | ] - 
    alter table if exists messages 
       drop constraint if exists FKowtlim26svclkatusptbgi7u1
26-06-15 16:50:02.360 [main] [32mDEBUG[0;39m org.hibernate.SQL                    [ |  | ] - 
    alter table if exists messages 
       drop constraint if exists FK3u3ckbhwq9se1cmopk2pq05b2
26-06-15 16:50:02.362 [main] [32mDEBUG[0;39m org.hibernate.SQL                    [ |  | ] - 
    alter table if exists read_statuses 
       drop constraint if exists FKa38ri44ml4gfdpklx4ahqr8gd
26-06-15 16:50:02.363 [main] [32mDEBUG[0;39m org.hibernate.SQL                    [ |  | ] - 
    alter table if exists read_statuses 
       drop constraint if exists FKml3k4wr9sj5yxrmj6d0aoib2e
26-06-15 16:50:02.364 [main] [32mDEBUG[0;39m org.hibernate.SQL                    [ |  | ] - 
    alter table if exists users 
       drop constraint if exists FKtbudycgrip49xdptogmhfqnso
26-06-15 16:50:02.365 [main] [32mDEBUG[0;39m org.hibernate.SQL                    [ |  | ] - 
    drop table if exists binary_contents cascade
26-06-15 16:50:02.381 [main] [32mDEBUG[0;39m org.hibernate.SQL                    [ |  | ] - 
    drop table if exists channels cascade
26-06-15 16:50:02.385 [main] [32mDEBUG[0;39m org.hibernate.SQL                    [ |  | ] - 
    drop table if exists message_attachments cascade
26-06-15 16:50:02.389 [main] [32mDEBUG[0;39m org.hibernate.SQL                    [ |  | ] - 
    drop table if exists messages cascade
26-06-15 16:50:02.393 [main] [32mDEBUG[0;39m org.hibernate.SQL                    [ |  | ] - 
    drop table if exists notifications cascade
26-06-15 16:50:02.399 [main] [32mDEBUG[0;39m org.hibernate.SQL                    [ |  | ] - 
    drop table if exists read_statuses cascade
26-06-15 16:50:02.402 [main] [32mDEBUG[0;39m org.hibernate.SQL                    [ |  | ] - 
    drop table if exists users cascade
26-06-15 16:50:02.413 [main] [32mDEBUG[0;39m org.hibernate.SQL                    [ |  | ] - 
    create table binary_contents (
        created_at timestamp with time zone not null,
        size bigint not null,
        updated_at timestamp with time zone,
        id uuid not null,
        status varchar(20) not null check (status in ('PROCESSING','SUCCESS','FAIL')),
        content_type varchar(100) not null,
        file_name varchar(255) not null,
        primary key (id)
    )
26-06-15 16:50:02.491 [main] [32mDEBUG[0;39m org.hibernate.SQL                    [ |  | ] - 
    create table channels (
        created_at timestamp with time zone not null,
        updated_at timestamp with time zone,
        id uuid not null,
        name varchar(100),
        description varchar(500),
        type varchar(255) not null check (type in ('PUBLIC','PRIVATE')),
        primary key (id)
    )
26-06-15 16:50:02.497 [main] [32mDEBUG[0;39m org.hibernate.SQL                    [ |  | ] - 
    create table message_attachments (
        attachment_id uuid not null unique,
        message_id uuid not null
    )
26-06-15 16:50:02.572 [main] [32mDEBUG[0;39m org.hibernate.SQL                    [ |  | ] - 
    create table messages (
        created_at timestamp with time zone not null,
        updated_at timestamp with time zone,
        author_id uuid,
        channel_id uuid not null,
        id uuid not null,
        content text not null,
        primary key (id)
    )
26-06-15 16:50:02.609 [main] [32mDEBUG[0;39m org.hibernate.SQL                    [ |  | ] - 
    create table notifications (
        created_at timestamp with time zone not null,
        updated_at timestamp with time zone,
        id uuid not null,
        receiver_id uuid not null,
        content varchar(1000) not null,
        title varchar(255) not null,
        primary key (id)
    )
26-06-15 16:50:02.614 [main] [32mDEBUG[0;39m org.hibernate.SQL                    [ |  | ] - 
    create table read_statuses (
        notification_enabled boolean not null,
        created_at timestamp with time zone not null,
        last_read_at timestamp with time zone not null,
        updated_at timestamp with time zone,
        channel_id uuid not null,
        id uuid not null,
        user_id uuid not null,
        primary key (id),
        unique (user_id, channel_id)
    )
26-06-15 16:50:02.650 [main] [32mDEBUG[0;39m org.hibernate.SQL                    [ |  | ] - 
    create table users (
        created_at timestamp with time zone not null,
        updated_at timestamp with time zone,
        id uuid not null,
        profile_id uuid unique,
        username varchar(50) not null unique,
        password varchar(60) not null,
        email varchar(100) not null unique,
        role varchar(255) not null check (role in ('ADMIN','CHANNEL_MANAGER','USER')),
        primary key (id)
    )
26-06-15 16:50:02.670 [main] [32mDEBUG[0;39m org.hibernate.SQL                    [ |  | ] - 
    alter table if exists message_attachments 
       add constraint FKsd1m8rb8jcpbcnb7rpdue7ctc 
       foreign key (attachment_id) 
       references binary_contents
26-06-15 16:50:02.682 [main] [32mDEBUG[0;39m org.hibernate.SQL                    [ |  | ] - 
    alter table if exists message_attachments 
       add constraint FKj7twd218e2gqw9cmlhwvo1rth 
       foreign key (message_id) 
       references messages
26-06-15 16:50:02.684 [main] [32mDEBUG[0;39m org.hibernate.SQL                    [ |  | ] - 
    alter table if exists messages 
       add constraint FKowtlim26svclkatusptbgi7u1 
       foreign key (author_id) 
       references users
26-06-15 16:50:02.687 [main] [32mDEBUG[0;39m org.hibernate.SQL                    [ |  | ] - 
    alter table if exists messages 
       add constraint FK3u3ckbhwq9se1cmopk2pq05b2 
       foreign key (channel_id) 
       references channels
26-06-15 16:50:02.689 [main] [32mDEBUG[0;39m org.hibernate.SQL                    [ |  | ] - 
    alter table if exists read_statuses 
       add constraint FKa38ri44ml4gfdpklx4ahqr8gd 
       foreign key (channel_id) 
       references channels
26-06-15 16:50:02.700 [main] [32mDEBUG[0;39m org.hibernate.SQL                    [ |  | ] - 
    alter table if exists read_statuses 
       add constraint FKml3k4wr9sj5yxrmj6d0aoib2e 
       foreign key (user_id) 
       references users
26-06-15 16:50:02.702 [main] [32mDEBUG[0;39m org.hibernate.SQL                    [ |  | ] - 
    alter table if exists users 
       add constraint FKtbudycgrip49xdptogmhfqnso 
       foreign key (profile_id) 
       references binary_contents
26-06-15 16:50:02.708 [main] [32mINFO [0;39m o.s.o.j.LocalContainerEntityManagerFactoryBean [ |  | ] - Initialized JPA EntityManagerFactory for persistence unit 'default'
26-06-15 16:50:03.264 [main] [32mINFO [0;39m o.s.d.j.r.query.QueryEnhancerFactory [ |  | ] - Hibernate is in classpath; If applicable, HQL parser will be used.
26-06-15 16:50:03.964 [main] [32mDEBUG[0;39m c.s.m.d.s.j.JwtAuthenticationFilter  [ |  | ] - Filter 'jwtAuthenticationFilter' configured for use
26-06-15 16:50:04.016 [main] [32mDEBUG[0;39m o.s.s.a.h.RoleHierarchyImpl          [ |  | ] - buildRolesReachableInOneOrMoreStepsMap() - From role ROLE_ADMIN one can reach [ROLE_USER, ROLE_CHANNEL_MANAGER] in one or more steps.
26-06-15 16:50:04.017 [main] [32mDEBUG[0;39m o.s.s.a.h.RoleHierarchyImpl          [ |  | ] - buildRolesReachableInOneOrMoreStepsMap() - From role ROLE_CHANNEL_MANAGER one can reach [ROLE_USER] in one or more steps.
26-06-15 16:50:04.788 [main] [32mTRACE[0;39m o.s.s.c.a.a.c.AuthenticationConfiguration$EnableGlobalAuthenticationAutowiredConfigurer [ |  | ] - Eagerly initializing {securityConfig=com.sprint.mission.discodeit.config.SecurityConfig$$SpringCGLIB$$0@49bcd90d}
26-06-15 16:50:04.794 [main] [32mINFO [0;39m o.s.s.c.a.a.c.InitializeUserDetailsBeanManagerConfigurer$InitializeUserDetailsManagerConfigurer [ |  | ] - Global AuthenticationManager configured with UserDetailsService bean with name discodeitUserDetailsService
26-06-15 16:50:04.876 [main] [32mINFO [0;39m o.s.b.a.w.s.WelcomePageHandlerMapping [ |  | ] - Adding welcome page: class path resource [static/index.html]
26-06-15 16:50:05.466 [main] [32mINFO [0;39m o.s.b.a.e.web.EndpointLinksResolver  [ |  | ] - Exposing 4 endpoints beneath base path '/actuator'
26-06-15 16:50:05.654 [main] [32mDEBUG[0;39m o.s.s.web.DefaultSecurityFilterChain [ |  | ] - Will secure any request with filters: DisableEncodeUrlFilter, WebAsyncManagerIntegrationFilter, SecurityContextHolderFilter, HeaderWriterFilter, CsrfFilter, LogoutFilter, JwtAuthenticationFilter, UsernamePasswordAuthenticationFilter, RequestCacheAwareFilter, SecurityContextHolderAwareRequestFilter, AnonymousAuthenticationFilter, SessionManagementFilter, ExceptionTranslationFilter, AuthorizationFilter
26-06-15 16:50:07.472 [main] [32mINFO [0;39m o.a.coyote.http11.Http11NioProtocol  [ |  | ] - Starting ProtocolHandler ["http-nio-8080"]
26-06-15 16:50:07.546 [main] [32mINFO [0;39m o.s.b.w.e.tomcat.TomcatWebServer     [ |  | ] - Tomcat started on port 8080 (http) with context path '/'
26-06-15 16:50:07.702 [main] [32mINFO [0;39m c.s.m.discodeit.DiscodeitApplication [ |  | ] - Started DiscodeitApplication in 13.107 seconds (process running for 14.588)
26-06-15 16:50:07.753 [main] [32mDEBUG[0;39m c.s.m.d.config.SecurityConfig        [ |  | ] - Debug Filter Chain...
	[1/14] class org.springframework.security.web.session.DisableEncodeUrlFilter
	[2/14] class org.springframework.security.web.context.request.async.WebAsyncManagerIntegrationFilter
	[3/14] class org.springframework.security.web.context.SecurityContextHolderFilter
	[4/14] class org.springframework.security.web.header.HeaderWriterFilter
	[5/14] class org.springframework.security.web.csrf.CsrfFilter
	[6/14] class org.springframework.security.web.authentication.logout.LogoutFilter
	[7/14] class com.sprint.mission.discodeit.security.jwt.JwtAuthenticationFilter
	[8/14] class org.springframework.security.web.authentication.UsernamePasswordAuthenticationFilter
	[9/14] class org.springframework.security.web.savedrequest.RequestCacheAwareFilter
	[10/14] class org.springframework.security.web.servletapi.SecurityContextHolderAwareRequestFilter
	[11/14] class org.springframework.security.web.authentication.AnonymousAuthenticationFilter
	[12/14] class org.springframework.security.web.session.SessionManagementFilter
	[13/14] class org.springframework.security.web.access.ExceptionTranslationFilter
	[14/14] class org.springframework.security.web.access.intercept.AuthorizationFilter
26-06-15 16:50:07.813 [main] [32mDEBUG[0;39m c.s.m.d.s.basic.BasicUserService     [ |  | ] - 사용자 생성 시작: UserCreateRequest[username=admin, email=admin@example.com, password=admin1234!]
26-06-15 16:50:08.310 [main] [32mDEBUG[0;39m org.hibernate.SQL                    [ |  | ] - 
    select
        u1_0.id 
    from
        users u1_0 
    where
        u1_0.email=? 
    fetch
        first ? rows only
26-06-15 16:50:08.338 [main] [32mTRACE[0;39m org.hibernate.orm.jdbc.bind          [ |  | ] - binding parameter (1:VARCHAR) <- [admin@example.com]
26-06-15 16:50:08.340 [main] [32mTRACE[0;39m org.hibernate.orm.jdbc.bind          [ |  | ] - binding parameter (2:INTEGER) <- [1]
26-06-15 16:50:08.466 [main] [32mDEBUG[0;39m org.hibernate.SQL                    [ |  | ] - 
    select
        u1_0.id 
    from
        users u1_0 
    where
        u1_0.username=? 
    fetch
        first ? rows only
26-06-15 16:50:08.468 [main] [32mTRACE[0;39m org.hibernate.orm.jdbc.bind          [ |  | ] - binding parameter (1:VARCHAR) <- [admin]
26-06-15 16:50:08.468 [main] [32mTRACE[0;39m org.hibernate.orm.jdbc.bind          [ |  | ] - binding parameter (2:INTEGER) <- [1]
26-06-15 16:50:08.969 [main] [32mINFO [0;39m c.s.m.d.s.basic.BasicUserService     [ |  | ] - 사용자 생성 완료: id=1eb51e83-e6c1-43f3-ab3b-977bcbfcf041, username=admin
26-06-15 16:50:09.017 [main] [32mDEBUG[0;39m org.hibernate.SQL                    [ |  | ] - 
    insert 
    into
        users
        (created_at, email, password, profile_id, role, updated_at, username, id) 
    values
        (?, ?, ?, ?, ?, ?, ?, ?)
26-06-15 16:50:09.021 [main] [32mTRACE[0;39m org.hibernate.orm.jdbc.bind          [ |  | ] - binding parameter (1:TIMESTAMP_UTC) <- [2026-06-15T07:50:08.907808Z]
26-06-15 16:50:09.024 [main] [32mTRACE[0;39m org.hibernate.orm.jdbc.bind          [ |  | ] - binding parameter (2:VARCHAR) <- [admin@example.com]
26-06-15 16:50:09.026 [main] [32mTRACE[0;39m org.hibernate.orm.jdbc.bind          [ |  | ] - binding parameter (3:VARCHAR) <- [$2a$10$wyHgmnyYllSDOMLmKN6UeeHUqaXjgWdNrgdS/uHeKYW6J2UMauuca]
26-06-15 16:50:09.027 [main] [32mTRACE[0;39m org.hibernate.orm.jdbc.bind          [ |  | ] - binding parameter (4:UUID) <- [null]
26-06-15 16:50:09.027 [main] [32mTRACE[0;39m org.hibernate.orm.jdbc.bind          [ |  | ] - binding parameter (5:VARCHAR) <- [USER]
26-06-15 16:50:09.028 [main] [32mTRACE[0;39m org.hibernate.orm.jdbc.bind          [ |  | ] - binding parameter (6:TIMESTAMP_UTC) <- [2026-06-15T07:50:08.907808Z]
26-06-15 16:50:09.028 [main] [32mTRACE[0;39m org.hibernate.orm.jdbc.bind          [ |  | ] - binding parameter (7:VARCHAR) <- [admin]
26-06-15 16:50:09.028 [main] [32mTRACE[0;39m org.hibernate.orm.jdbc.bind          [ |  | ] - binding parameter (8:UUID) <- [1eb51e83-e6c1-43f3-ab3b-977bcbfcf041]
26-06-15 16:50:09.124 [main] [32mDEBUG[0;39m org.hibernate.SQL                    [ |  | ] - 
    select
        u1_0.id,
        u1_0.created_at,
        u1_0.email,
        u1_0.password,
        u1_0.profile_id,
        u1_0.role,
        u1_0.updated_at,
        u1_0.username 
    from
        users u1_0 
    where
        u1_0.id=?
26-06-15 16:50:09.125 [main] [32mTRACE[0;39m org.hibernate.orm.jdbc.bind          [ |  | ] - binding parameter (1:UUID) <- [1eb51e83-e6c1-43f3-ab3b-977bcbfcf041]
26-06-15 16:50:09.175 [main] [32mDEBUG[0;39m org.hibernate.SQL                    [ |  | ] - 
    update
        users 
    set
        email=?,
        password=?,
        profile_id=?,
        role=?,
        updated_at=?,
        username=? 
    where
        id=?
26-06-15 16:50:09.176 [main] [32mTRACE[0;39m org.hibernate.orm.jdbc.bind          [ |  | ] - binding parameter (1:VARCHAR) <- [admin@example.com]
26-06-15 16:50:09.176 [main] [32mTRACE[0;39m org.hibernate.orm.jdbc.bind          [ |  | ] - binding parameter (2:VARCHAR) <- [$2a$10$wyHgmnyYllSDOMLmKN6UeeHUqaXjgWdNrgdS/uHeKYW6J2UMauuca]
26-06-15 16:50:09.177 [main] [32mTRACE[0;39m org.hibernate.orm.jdbc.bind          [ |  | ] - binding parameter (3:UUID) <- [null]
26-06-15 16:50:09.177 [main] [32mTRACE[0;39m org.hibernate.orm.jdbc.bind          [ |  | ] - binding parameter (4:VARCHAR) <- [ADMIN]
26-06-15 16:50:09.177 [main] [32mTRACE[0;39m org.hibernate.orm.jdbc.bind          [ |  | ] - binding parameter (5:TIMESTAMP_UTC) <- [2026-06-15T07:50:09.165821Z]
26-06-15 16:50:09.177 [main] [32mTRACE[0;39m org.hibernate.orm.jdbc.bind          [ |  | ] - binding parameter (6:VARCHAR) <- [admin]
26-06-15 16:50:09.177 [main] [32mTRACE[0;39m org.hibernate.orm.jdbc.bind          [ |  | ] - binding parameter (7:UUID) <- [1eb51e83-e6c1-43f3-ab3b-977bcbfcf041]
26-06-15 16:50:09.192 [main] [32mINFO [0;39m c.s.m.d.security.AdminInitializer    [ |  | ] - 관리자 계정이 성공적으로 생성되었습니다.
26-06-15 16:50:10.339 [RMI TCP Connection(4)-127.0.0.1] [32mINFO [0;39m o.a.c.c.C.[Tomcat].[localhost].[/]   [ |  | ] - Initializing Spring DispatcherServlet 'dispatcherServlet'
26-06-15 16:50:10.342 [RMI TCP Connection(4)-127.0.0.1] [32mINFO [0;39m o.s.web.servlet.DispatcherServlet    [ |  | ] - Initializing Servlet 'dispatcherServlet'
26-06-15 16:50:10.360 [RMI TCP Connection(4)-127.0.0.1] [32mINFO [0;39m o.s.web.servlet.DispatcherServlet    [ |  | ] - Completed initialization in 16 ms
26-06-15 17:07:12.593 [http-nio-8080-exec-2] [32mTRACE[0;39m o.s.security.web.FilterChainProxy    [ |  | ] - Trying to match request against DefaultSecurityFilterChain defined as 'filterChain' in [class path resource [com/sprint/mission/discodeit/config/SecurityConfig.class]] matching [any request] and having filters [DisableEncodeUrl, WebAsyncManagerIntegration, SecurityContextHolder, HeaderWriter, Csrf, Logout, JwtAuthentication, UsernamePasswordAuthentication, RequestCacheAware, SecurityContextHolderAwareRequest, AnonymousAuthentication, SessionManagement, ExceptionTranslation, Authorization] (1/1)
26-06-15 17:07:12.622 [http-nio-8080-exec-2] [32mDEBUG[0;39m o.s.security.web.FilterChainProxy    [ |  | ] - Securing POST /api/auth/login
26-06-15 17:07:12.638 [http-nio-8080-exec-2] [32mTRACE[0;39m o.s.security.web.FilterChainProxy    [ |  | ] - Invoking DisableEncodeUrlFilter (1/14)
26-06-15 17:07:12.657 [http-nio-8080-exec-2] [32mTRACE[0;39m o.s.security.web.FilterChainProxy    [ |  | ] - Invoking WebAsyncManagerIntegrationFilter (2/14)
26-06-15 17:07:12.671 [http-nio-8080-exec-2] [32mTRACE[0;39m o.s.security.web.FilterChainProxy    [ |  | ] - Invoking SecurityContextHolderFilter (3/14)
26-06-15 17:07:12.681 [http-nio-8080-exec-2] [32mTRACE[0;39m o.s.security.web.FilterChainProxy    [ |  | ] - Invoking HeaderWriterFilter (4/14)
26-06-15 17:07:12.686 [http-nio-8080-exec-2] [32mTRACE[0;39m o.s.security.web.FilterChainProxy    [ |  | ] - Invoking CsrfFilter (5/14)
26-06-15 17:07:12.736 [http-nio-8080-exec-2] [32mDEBUG[0;39m o.s.security.web.csrf.CsrfFilter     [ |  | ] - Invalid CSRF token found for http://localhost:8080/api/auth/login
26-06-15 17:07:12.803 [http-nio-8080-exec-2] [32mTRACE[0;39m o.s.s.w.h.writers.HstsHeaderWriter   [ |  | ] - Not injecting HSTS header since it did not match request to [Is Secure]
26-06-15 17:07:20.274 [http-nio-8080-exec-3] [32mTRACE[0;39m o.s.security.web.FilterChainProxy    [ |  | ] - Trying to match request against DefaultSecurityFilterChain defined as 'filterChain' in [class path resource [com/sprint/mission/discodeit/config/SecurityConfig.class]] matching [any request] and having filters [DisableEncodeUrl, WebAsyncManagerIntegration, SecurityContextHolder, HeaderWriter, Csrf, Logout, JwtAuthentication, UsernamePasswordAuthentication, RequestCacheAware, SecurityContextHolderAwareRequest, AnonymousAuthentication, SessionManagement, ExceptionTranslation, Authorization] (1/1)
26-06-15 17:07:20.276 [http-nio-8080-exec-3] [32mDEBUG[0;39m o.s.security.web.FilterChainProxy    [ |  | ] - Securing POST /api/auth/login
26-06-15 17:07:20.276 [http-nio-8080-exec-3] [32mTRACE[0;39m o.s.security.web.FilterChainProxy    [ |  | ] - Invoking DisableEncodeUrlFilter (1/14)
26-06-15 17:07:20.278 [http-nio-8080-exec-3] [32mTRACE[0;39m o.s.security.web.FilterChainProxy    [ |  | ] - Invoking WebAsyncManagerIntegrationFilter (2/14)
26-06-15 17:07:20.278 [http-nio-8080-exec-3] [32mTRACE[0;39m o.s.security.web.FilterChainProxy    [ |  | ] - Invoking SecurityContextHolderFilter (3/14)
26-06-15 17:07:20.278 [http-nio-8080-exec-3] [32mTRACE[0;39m o.s.security.web.FilterChainProxy    [ |  | ] - Invoking HeaderWriterFilter (4/14)
26-06-15 17:07:20.279 [http-nio-8080-exec-3] [32mTRACE[0;39m o.s.security.web.FilterChainProxy    [ |  | ] - Invoking CsrfFilter (5/14)
26-06-15 17:07:20.290 [http-nio-8080-exec-3] [32mDEBUG[0;39m o.s.security.web.csrf.CsrfFilter     [ |  | ] - Invalid CSRF token found for http://localhost:8080/api/auth/login
26-06-15 17:07:20.300 [http-nio-8080-exec-3] [32mTRACE[0;39m o.s.s.w.h.writers.HstsHeaderWriter   [ |  | ] - Not injecting HSTS header since it did not match request to [Is Secure]
26-06-15 17:09:21.748 [http-nio-8080-exec-6] [32mTRACE[0;39m o.s.security.web.FilterChainProxy    [ |  | ] - Trying to match request against DefaultSecurityFilterChain defined as 'filterChain' in [class path resource [com/sprint/mission/discodeit/config/SecurityConfig.class]] matching [any request] and having filters [DisableEncodeUrl, WebAsyncManagerIntegration, SecurityContextHolder, HeaderWriter, Csrf, Logout, JwtAuthentication, UsernamePasswordAuthentication, RequestCacheAware, SecurityContextHolderAwareRequest, AnonymousAuthentication, SessionManagement, ExceptionTranslation, Authorization] (1/1)
26-06-15 17:09:21.751 [http-nio-8080-exec-6] [32mDEBUG[0;39m o.s.security.web.FilterChainProxy    [ |  | ] - Securing GET /api/auth/csrf-token
26-06-15 17:09:21.752 [http-nio-8080-exec-6] [32mTRACE[0;39m o.s.security.web.FilterChainProxy    [ |  | ] - Invoking DisableEncodeUrlFilter (1/14)
26-06-15 17:09:21.754 [http-nio-8080-exec-6] [32mTRACE[0;39m o.s.security.web.FilterChainProxy    [ |  | ] - Invoking WebAsyncManagerIntegrationFilter (2/14)
26-06-15 17:09:21.755 [http-nio-8080-exec-6] [32mTRACE[0;39m o.s.security.web.FilterChainProxy    [ |  | ] - Invoking SecurityContextHolderFilter (3/14)
26-06-15 17:09:21.756 [http-nio-8080-exec-6] [32mTRACE[0;39m o.s.security.web.FilterChainProxy    [ |  | ] - Invoking HeaderWriterFilter (4/14)
26-06-15 17:09:21.757 [http-nio-8080-exec-6] [32mTRACE[0;39m o.s.security.web.FilterChainProxy    [ |  | ] - Invoking CsrfFilter (5/14)
26-06-15 17:09:21.761 [http-nio-8080-exec-6] [32mTRACE[0;39m o.s.security.web.csrf.CsrfFilter     [ |  | ] - Did not protect against CSRF since request did not match CsrfNotRequired [TRACE, HEAD, GET, OPTIONS]
26-06-15 17:09:21.762 [http-nio-8080-exec-6] [32mTRACE[0;39m o.s.security.web.FilterChainProxy    [ |  | ] - Invoking LogoutFilter (6/14)
26-06-15 17:09:21.763 [http-nio-8080-exec-6] [32mTRACE[0;39m o.s.s.w.a.logout.LogoutFilter        [ |  | ] - Did not match request to Ant [pattern='/api/auth/logout', POST]
26-06-15 17:09:21.765 [http-nio-8080-exec-6] [32mTRACE[0;39m o.s.security.web.FilterChainProxy    [ |  | ] - Invoking JwtAuthenticationFilter (7/14)
26-06-15 17:09:21.767 [http-nio-8080-exec-6] [32mTRACE[0;39m o.s.security.web.FilterChainProxy    [ |  | ] - Invoking UsernamePasswordAuthenticationFilter (8/14)
26-06-15 17:09:21.771 [http-nio-8080-exec-6] [32mTRACE[0;39m o.s.s.w.a.UsernamePasswordAuthenticationFilter [ |  | ] - Did not match request to Ant [pattern='/api/auth/login', POST]
26-06-15 17:09:21.771 [http-nio-8080-exec-6] [32mTRACE[0;39m o.s.security.web.FilterChainProxy    [ |  | ] - Invoking RequestCacheAwareFilter (9/14)
26-06-15 17:09:21.775 [http-nio-8080-exec-6] [32mTRACE[0;39m o.s.security.web.FilterChainProxy    [ |  | ] - Invoking SecurityContextHolderAwareRequestFilter (10/14)
26-06-15 17:09:21.800 [http-nio-8080-exec-6] [32mTRACE[0;39m o.s.security.web.FilterChainProxy    [ |  | ] - Invoking AnonymousAuthenticationFilter (11/14)
26-06-15 17:09:21.804 [http-nio-8080-exec-6] [32mTRACE[0;39m o.s.security.web.FilterChainProxy    [ |  | ] - Invoking SessionManagementFilter (12/14)
26-06-15 17:09:21.805 [http-nio-8080-exec-6] [32mTRACE[0;39m o.s.s.w.c.SupplierDeferredSecurityContext [ |  | ] - Created SecurityContextImpl [Null authentication]
26-06-15 17:09:21.821 [http-nio-8080-exec-6] [32mTRACE[0;39m o.s.s.w.a.AnonymousAuthenticationFilter [ |  | ] - Set SecurityContextHolder to AnonymousAuthenticationToken [Principal=anonymousUser, Credentials=[PROTECTED], Authenticated=true, Details=WebAuthenticationDetails [RemoteIpAddress=0:0:0:0:0:0:0:1, SessionId=null], Granted Authorities=[ROLE_ANONYMOUS]]
26-06-15 17:09:21.824 [http-nio-8080-exec-6] [32mTRACE[0;39m o.s.security.web.FilterChainProxy    [ |  | ] - Invoking ExceptionTranslationFilter (13/14)
26-06-15 17:09:21.826 [http-nio-8080-exec-6] [32mTRACE[0;39m o.s.security.web.FilterChainProxy    [ |  | ] - Invoking AuthorizationFilter (14/14)
26-06-15 17:09:21.843 [http-nio-8080-exec-6] [32mTRACE[0;39m o.s.s.w.a.i.RequestMatcherDelegatingAuthorizationManager [ |  | ] - Authorizing GET /api/auth/csrf-token
26-06-15 17:09:21.856 [http-nio-8080-exec-6] [32mTRACE[0;39m o.s.s.w.a.i.RequestMatcherDelegatingAuthorizationManager [ |  | ] - Checking authorization on GET /api/auth/csrf-token using org.springframework.security.config.annotation.web.configurers.AuthorizeHttpRequestsConfigurer$$Lambda$1772/0x0000007001c11d70@387b7f37
26-06-15 17:09:21.881 [http-nio-8080-exec-6] [32mDEBUG[0;39m o.s.security.web.FilterChainProxy    [ |  | ] - Secured GET /api/auth/csrf-token
26-06-15 17:09:21.945 [http-nio-8080-exec-6] [32mDEBUG[0;39m c.s.m.d.config.MDCLoggingInterceptor [cccb24145de0497c9c41339654d455ac | GET | /api/auth/csrf-token] - Request started
26-06-15 17:09:22.205 [http-nio-8080-exec-6] [32mDEBUG[0;39m c.s.m.d.controller.AuthController    [cccb24145de0497c9c41339654d455ac | GET | /api/auth/csrf-token] - CSRF 토큰 요청
26-06-15 17:09:22.303 [http-nio-8080-exec-6] [32mDEBUG[0;39m c.s.m.d.config.MDCLoggingInterceptor [cccb24145de0497c9c41339654d455ac | GET | /api/auth/csrf-token] - Request completed
26-06-15 17:09:22.328 [http-nio-8080-exec-6] [32mTRACE[0;39m o.s.s.w.h.writers.HstsHeaderWriter   [ |  | ] - Not injecting HSTS header since it did not match request to [Is Secure]
26-06-15 17:09:32.846 [http-nio-8080-exec-7] [32mTRACE[0;39m o.s.security.web.FilterChainProxy    [ |  | ] - Trying to match request against DefaultSecurityFilterChain defined as 'filterChain' in [class path resource [com/sprint/mission/discodeit/config/SecurityConfig.class]] matching [any request] and having filters [DisableEncodeUrl, WebAsyncManagerIntegration, SecurityContextHolder, HeaderWriter, Csrf, Logout, JwtAuthentication, UsernamePasswordAuthentication, RequestCacheAware, SecurityContextHolderAwareRequest, AnonymousAuthentication, SessionManagement, ExceptionTranslation, Authorization] (1/1)
26-06-15 17:09:32.854 [http-nio-8080-exec-7] [32mDEBUG[0;39m o.s.security.web.FilterChainProxy    [ |  | ] - Securing POST /api/auth/login
26-06-15 17:09:32.855 [http-nio-8080-exec-7] [32mTRACE[0;39m o.s.security.web.FilterChainProxy    [ |  | ] - Invoking DisableEncodeUrlFilter (1/14)
26-06-15 17:09:32.861 [http-nio-8080-exec-7] [32mTRACE[0;39m o.s.security.web.FilterChainProxy    [ |  | ] - Invoking WebAsyncManagerIntegrationFilter (2/14)
26-06-15 17:09:32.863 [http-nio-8080-exec-7] [32mTRACE[0;39m o.s.security.web.FilterChainProxy    [ |  | ] - Invoking SecurityContextHolderFilter (3/14)
26-06-15 17:09:32.865 [http-nio-8080-exec-7] [32mTRACE[0;39m o.s.security.web.FilterChainProxy    [ |  | ] - Invoking HeaderWriterFilter (4/14)
26-06-15 17:09:32.866 [http-nio-8080-exec-7] [32mTRACE[0;39m o.s.security.web.FilterChainProxy    [ |  | ] - Invoking CsrfFilter (5/14)
26-06-15 17:09:32.870 [http-nio-8080-exec-7] [32mDEBUG[0;39m o.s.security.web.csrf.CsrfFilter     [ |  | ] - Invalid CSRF token found for http://localhost:8080/api/auth/login
26-06-15 17:09:32.886 [http-nio-8080-exec-7] [32mTRACE[0;39m o.s.s.w.h.writers.HstsHeaderWriter   [ |  | ] - Not injecting HSTS header since it did not match request to [Is Secure]
26-06-15 17:11:19.223 [SpringApplicationShutdownHook] [32mINFO [0;39m o.s.b.w.e.tomcat.GracefulShutdown    [ |  | ] - Commencing graceful shutdown. Waiting for active requests to complete
26-06-15 17:11:19.372 [tomcat-shutdown] [32mINFO [0;39m o.s.b.w.e.tomcat.GracefulShutdown    [ |  | ] - Graceful shutdown complete
26-06-15 17:11:19.654 [SpringApplicationShutdownHook] [32mINFO [0;39m o.s.o.j.LocalContainerEntityManagerFactoryBean [ |  | ] - Closing JPA EntityManagerFactory for persistence unit 'default'
26-06-15 17:11:19.770 [SpringApplicationShutdownHook] [32mINFO [0;39m com.zaxxer.hikari.HikariDataSource   [ |  | ] - HikariPool-1 - Shutdown initiated...
26-06-15 17:11:19.814 [SpringApplicationShutdownHook] [32mINFO [0;39m com.zaxxer.hikari.HikariDataSource   [ |  | ] - HikariPool-1 - Shutdown completed.
26-06-15 17:11:31.781 [background-preinit] [32mINFO [0;39m o.h.validator.internal.util.Version  [ |  | ] - HV000001: Hibernate Validator 8.0.1.Final
26-06-15 17:11:31.838 [main] [32mINFO [0;39m c.s.m.discodeit.DiscodeitApplication [ |  | ] - Starting DiscodeitApplication using Java 17.0.17 with PID 84691 (/Users/apple/IdeaProjects/temp/9-sprint-mission/discodeit/build/classes/java/main started by apple in /Users/apple/IdeaProjects/temp/9-sprint-mission)
26-06-15 17:11:31.838 [main] [32mDEBUG[0;39m c.s.m.discodeit.DiscodeitApplication [ |  | ] - Running with Spring Boot v3.4.0, Spring v6.2.0
26-06-15 17:11:31.839 [main] [32mINFO [0;39m c.s.m.discodeit.DiscodeitApplication [ |  | ] - The following 1 profile is active: "dev"
26-06-15 17:11:33.548 [main] [32mINFO [0;39m o.s.d.r.c.RepositoryConfigurationDelegate [ |  | ] - Bootstrapping Spring Data JPA repositories in DEFAULT mode.
26-06-15 17:11:33.632 [main] [32mINFO [0;39m o.s.d.r.c.RepositoryConfigurationDelegate [ |  | ] - Finished Spring Data repository scanning in 74 ms. Found 6 JPA repository interfaces.
26-06-15 17:11:34.613 [main] [32mINFO [0;39m o.s.b.w.e.tomcat.TomcatWebServer     [ |  | ] - Tomcat initialized with port 8080 (http)
26-06-15 17:11:34.630 [main] [32mINFO [0;39m o.a.coyote.http11.Http11NioProtocol  [ |  | ] - Initializing ProtocolHandler ["http-nio-8080"]
26-06-15 17:11:34.632 [main] [32mINFO [0;39m o.a.catalina.core.StandardService    [ |  | ] - Starting service [Tomcat]
26-06-15 17:11:34.633 [main] [32mINFO [0;39m o.a.catalina.core.StandardEngine     [ |  | ] - Starting Servlet engine: [Apache Tomcat/10.1.33]
26-06-15 17:11:34.732 [main] [32mINFO [0;39m o.a.c.c.C.[Tomcat].[localhost].[/]   [ |  | ] - Initializing Spring embedded WebApplicationContext
26-06-15 17:11:34.733 [main] [32mINFO [0;39m o.s.b.w.s.c.ServletWebServerApplicationContext [ |  | ] - Root WebApplicationContext: initialization completed in 2826 ms
26-06-15 17:11:35.506 [main] [32mINFO [0;39m com.zaxxer.hikari.HikariDataSource   [ |  | ] - HikariPool-1 - Starting...
26-06-15 17:11:36.193 [main] [32mINFO [0;39m com.zaxxer.hikari.pool.HikariPool    [ |  | ] - HikariPool-1 - Added connection org.postgresql.jdbc.PgConnection@7d5a0b14
26-06-15 17:11:36.201 [main] [32mINFO [0;39m com.zaxxer.hikari.HikariDataSource   [ |  | ] - HikariPool-1 - Start completed.
26-06-15 17:11:37.134 [main] [32mINFO [0;39m o.h.jpa.internal.util.LogHelper      [ |  | ] - HHH000204: Processing PersistenceUnitInfo [name: default]
26-06-15 17:11:37.368 [main] [32mINFO [0;39m org.hibernate.Version                [ |  | ] - HHH000412: Hibernate ORM core version 6.6.2.Final
26-06-15 17:11:37.418 [main] [32mINFO [0;39m o.h.c.i.RegionFactoryInitiator       [ |  | ] - HHH000026: Second-level cache disabled
26-06-15 17:11:38.410 [main] [32mINFO [0;39m o.s.o.j.p.SpringPersistenceUnitInfo  [ |  | ] - No LoadTimeWeaver setup: ignoring JPA class transformer
26-06-15 17:11:38.735 [main] [32mINFO [0;39m o.hibernate.orm.connections.pooling  [ |  | ] - HHH10001005: Database info:
	Database JDBC URL [Connecting through datasource 'HikariDataSource (HikariPool-1)']
	Database driver: undefined/unknown
	Database version: 14.21
	Autocommit mode: undefined/unknown
	Isolation level: undefined/unknown
	Minimum pool size: undefined/unknown
	Maximum pool size: undefined/unknown
26-06-15 17:11:39.969 [main] [32mINFO [0;39m o.h.e.t.j.p.i.JtaPlatformInitiator   [ |  | ] - HHH000489: No JTA platform available (set 'hibernate.transaction.jta.platform' to enable JTA platform integration)
26-06-15 17:11:39.981 [main] [32mDEBUG[0;39m org.hibernate.SQL                    [ |  | ] - 
    set client_min_messages = WARNING
26-06-15 17:11:39.983 [main] [32mDEBUG[0;39m org.hibernate.SQL                    [ |  | ] - 
    alter table if exists message_attachments 
       drop constraint if exists FKsd1m8rb8jcpbcnb7rpdue7ctc
26-06-15 17:11:40.011 [main] [32mDEBUG[0;39m org.hibernate.SQL                    [ |  | ] - 
    alter table if exists message_attachments 
       drop constraint if exists FKj7twd218e2gqw9cmlhwvo1rth
26-06-15 17:11:40.014 [main] [32mDEBUG[0;39m org.hibernate.SQL                    [ |  | ] - 
    alter table if exists messages 
       drop constraint if exists FKowtlim26svclkatusptbgi7u1
26-06-15 17:11:40.016 [main] [32mDEBUG[0;39m org.hibernate.SQL                    [ |  | ] - 
    alter table if exists messages 
       drop constraint if exists FK3u3ckbhwq9se1cmopk2pq05b2
26-06-15 17:11:40.016 [main] [32mDEBUG[0;39m org.hibernate.SQL                    [ |  | ] - 
    alter table if exists read_statuses 
       drop constraint if exists FKa38ri44ml4gfdpklx4ahqr8gd
26-06-15 17:11:40.017 [main] [32mDEBUG[0;39m org.hibernate.SQL                    [ |  | ] - 
    alter table if exists read_statuses 
       drop constraint if exists FKml3k4wr9sj5yxrmj6d0aoib2e
26-06-15 17:11:40.017 [main] [32mDEBUG[0;39m org.hibernate.SQL                    [ |  | ] - 
    alter table if exists users 
       drop constraint if exists FKtbudycgrip49xdptogmhfqnso
26-06-15 17:11:40.018 [main] [32mDEBUG[0;39m org.hibernate.SQL                    [ |  | ] - 
    drop table if exists binary_contents cascade
26-06-15 17:11:40.037 [main] [32mDEBUG[0;39m org.hibernate.SQL                    [ |  | ] - 
    drop table if exists channels cascade
26-06-15 17:11:40.040 [main] [32mDEBUG[0;39m org.hibernate.SQL                    [ |  | ] - 
    drop table if exists message_attachments cascade
26-06-15 17:11:40.041 [main] [32mDEBUG[0;39m org.hibernate.SQL                    [ |  | ] - 
    drop table if exists messages cascade
26-06-15 17:11:40.043 [main] [32mDEBUG[0;39m org.hibernate.SQL                    [ |  | ] - 
    drop table if exists notifications cascade
26-06-15 17:11:40.045 [main] [32mDEBUG[0;39m org.hibernate.SQL                    [ |  | ] - 
    drop table if exists read_statuses cascade
26-06-15 17:11:40.047 [main] [32mDEBUG[0;39m org.hibernate.SQL                    [ |  | ] - 
    drop table if exists users cascade
26-06-15 17:11:40.055 [main] [32mDEBUG[0;39m org.hibernate.SQL                    [ |  | ] - 
    create table binary_contents (
        created_at timestamp with time zone not null,
        size bigint not null,
        updated_at timestamp with time zone,
        id uuid not null,
        status varchar(20) not null check (status in ('PROCESSING','SUCCESS','FAIL')),
        content_type varchar(100) not null,
        file_name varchar(255) not null,
        primary key (id)
    )
26-06-15 17:11:40.084 [main] [32mDEBUG[0;39m org.hibernate.SQL                    [ |  | ] - 
    create table channels (
        created_at timestamp with time zone not null,
        updated_at timestamp with time zone,
        id uuid not null,
        name varchar(100),
        description varchar(500),
        type varchar(255) not null check (type in ('PUBLIC','PRIVATE')),
        primary key (id)
    )
26-06-15 17:11:40.088 [main] [32mDEBUG[0;39m org.hibernate.SQL                    [ |  | ] - 
    create table message_attachments (
        attachment_id uuid not null unique,
        message_id uuid not null
    )
26-06-15 17:11:40.092 [main] [32mDEBUG[0;39m org.hibernate.SQL                    [ |  | ] - 
    create table messages (
        created_at timestamp with time zone not null,
        updated_at timestamp with time zone,
        author_id uuid,
        channel_id uuid not null,
        id uuid not null,
        content text not null,
        primary key (id)
    )
26-06-15 17:11:40.096 [main] [32mDEBUG[0;39m org.hibernate.SQL                    [ |  | ] - 
    create table notifications (
        created_at timestamp with time zone not null,
        updated_at timestamp with time zone,
        id uuid not null,
        receiver_id uuid not null,
        content varchar(1000) not null,
        title varchar(255) not null,
        primary key (id)
    )
26-06-15 17:11:40.104 [main] [32mDEBUG[0;39m org.hibernate.SQL                    [ |  | ] - 
    create table read_statuses (
        notification_enabled boolean not null,
        created_at timestamp with time zone not null,
        last_read_at timestamp with time zone not null,
        updated_at timestamp with time zone,
        channel_id uuid not null,
        id uuid not null,
        user_id uuid not null,
        primary key (id),
        unique (user_id, channel_id)
    )
26-06-15 17:11:40.110 [main] [32mDEBUG[0;39m org.hibernate.SQL                    [ |  | ] - 
    create table users (
        created_at timestamp with time zone not null,
        updated_at timestamp with time zone,
        id uuid not null,
        profile_id uuid unique,
        username varchar(50) not null unique,
        password varchar(60) not null,
        email varchar(100) not null unique,
        role varchar(255) not null check (role in ('ADMIN','CHANNEL_MANAGER','USER')),
        primary key (id)
    )
26-06-15 17:11:40.118 [main] [32mDEBUG[0;39m org.hibernate.SQL                    [ |  | ] - 
    alter table if exists message_attachments 
       add constraint FKsd1m8rb8jcpbcnb7rpdue7ctc 
       foreign key (attachment_id) 
       references binary_contents
26-06-15 17:11:40.129 [main] [32mDEBUG[0;39m org.hibernate.SQL                    [ |  | ] - 
    alter table if exists message_attachments 
       add constraint FKj7twd218e2gqw9cmlhwvo1rth 
       foreign key (message_id) 
       references messages
26-06-15 17:11:40.131 [main] [32mDEBUG[0;39m org.hibernate.SQL                    [ |  | ] - 
    alter table if exists messages 
       add constraint FKowtlim26svclkatusptbgi7u1 
       foreign key (author_id) 
       references users
26-06-15 17:11:40.134 [main] [32mDEBUG[0;39m org.hibernate.SQL                    [ |  | ] - 
    alter table if exists messages 
       add constraint FK3u3ckbhwq9se1cmopk2pq05b2 
       foreign key (channel_id) 
       references channels
26-06-15 17:11:40.137 [main] [32mDEBUG[0;39m org.hibernate.SQL                    [ |  | ] - 
    alter table if exists read_statuses 
       add constraint FKa38ri44ml4gfdpklx4ahqr8gd 
       foreign key (channel_id) 
       references channels
26-06-15 17:11:40.139 [main] [32mDEBUG[0;39m org.hibernate.SQL                    [ |  | ] - 
    alter table if exists read_statuses 
       add constraint FKml3k4wr9sj5yxrmj6d0aoib2e 
       foreign key (user_id) 
       references users
26-06-15 17:11:40.142 [main] [32mDEBUG[0;39m org.hibernate.SQL                    [ |  | ] - 
    alter table if exists users 
       add constraint FKtbudycgrip49xdptogmhfqnso 
       foreign key (profile_id) 
       references binary_contents
26-06-15 17:11:40.146 [main] [32mINFO [0;39m o.s.o.j.LocalContainerEntityManagerFactoryBean [ |  | ] - Initialized JPA EntityManagerFactory for persistence unit 'default'
26-06-15 17:11:40.587 [main] [32mINFO [0;39m o.s.d.j.r.query.QueryEnhancerFactory [ |  | ] - Hibernate is in classpath; If applicable, HQL parser will be used.
26-06-15 17:11:41.364 [main] [32mDEBUG[0;39m c.s.m.d.s.j.JwtAuthenticationFilter  [ |  | ] - Filter 'jwtAuthenticationFilter' configured for use
26-06-15 17:11:41.441 [main] [32mDEBUG[0;39m o.s.s.a.h.RoleHierarchyImpl          [ |  | ] - buildRolesReachableInOneOrMoreStepsMap() - From role ROLE_ADMIN one can reach [ROLE_USER, ROLE_CHANNEL_MANAGER] in one or more steps.
26-06-15 17:11:41.441 [main] [32mDEBUG[0;39m o.s.s.a.h.RoleHierarchyImpl          [ |  | ] - buildRolesReachableInOneOrMoreStepsMap() - From role ROLE_CHANNEL_MANAGER one can reach [ROLE_USER] in one or more steps.
26-06-15 17:11:42.302 [main] [32mTRACE[0;39m o.s.s.c.a.a.c.AuthenticationConfiguration$EnableGlobalAuthenticationAutowiredConfigurer [ |  | ] - Eagerly initializing {securityConfig=com.sprint.mission.discodeit.config.SecurityConfig$$SpringCGLIB$$0@796affb8}
26-06-15 17:11:42.311 [main] [32mINFO [0;39m o.s.s.c.a.a.c.InitializeUserDetailsBeanManagerConfigurer$InitializeUserDetailsManagerConfigurer [ |  | ] - Global AuthenticationManager configured with UserDetailsService bean with name discodeitUserDetailsService
26-06-15 17:11:42.439 [main] [32mINFO [0;39m o.s.b.a.w.s.WelcomePageHandlerMapping [ |  | ] - Adding welcome page: class path resource [static/index.html]
26-06-15 17:11:42.940 [main] [32mINFO [0;39m o.s.b.a.e.web.EndpointLinksResolver  [ |  | ] - Exposing 4 endpoints beneath base path '/actuator'
26-06-15 17:11:43.146 [main] [32mDEBUG[0;39m o.s.s.web.DefaultSecurityFilterChain [ |  | ] - Will secure any request with filters: DisableEncodeUrlFilter, WebAsyncManagerIntegrationFilter, SecurityContextHolderFilter, HeaderWriterFilter, CsrfFilter, LogoutFilter, JwtAuthenticationFilter, UsernamePasswordAuthenticationFilter, RequestCacheAwareFilter, SecurityContextHolderAwareRequestFilter, AnonymousAuthenticationFilter, SessionManagementFilter, ExceptionTranslationFilter, AuthorizationFilter
26-06-15 17:11:44.034 [main] [32mINFO [0;39m o.a.coyote.http11.Http11NioProtocol  [ |  | ] - Starting ProtocolHandler ["http-nio-8080"]
26-06-15 17:11:44.055 [main] [32mINFO [0;39m o.s.b.w.e.tomcat.TomcatWebServer     [ |  | ] - Tomcat started on port 8080 (http) with context path '/'
26-06-15 17:11:44.074 [main] [32mINFO [0;39m c.s.m.discodeit.DiscodeitApplication [ |  | ] - Started DiscodeitApplication in 13.045 seconds (process running for 15.185)
26-06-15 17:11:44.081 [main] [32mDEBUG[0;39m c.s.m.d.config.SecurityConfig        [ |  | ] - Debug Filter Chain...
	[1/14] class org.springframework.security.web.session.DisableEncodeUrlFilter
	[2/14] class org.springframework.security.web.context.request.async.WebAsyncManagerIntegrationFilter
	[3/14] class org.springframework.security.web.context.SecurityContextHolderFilter
	[4/14] class org.springframework.security.web.header.HeaderWriterFilter
	[5/14] class org.springframework.security.web.csrf.CsrfFilter
	[6/14] class org.springframework.security.web.authentication.logout.LogoutFilter
	[7/14] class com.sprint.mission.discodeit.security.jwt.JwtAuthenticationFilter
	[8/14] class org.springframework.security.web.authentication.UsernamePasswordAuthenticationFilter
	[9/14] class org.springframework.security.web.savedrequest.RequestCacheAwareFilter
	[10/14] class org.springframework.security.web.servletapi.SecurityContextHolderAwareRequestFilter
	[11/14] class org.springframework.security.web.authentication.AnonymousAuthenticationFilter
	[12/14] class org.springframework.security.web.session.SessionManagementFilter
	[13/14] class org.springframework.security.web.access.ExceptionTranslationFilter
	[14/14] class org.springframework.security.web.access.intercept.AuthorizationFilter
26-06-15 17:11:44.087 [main] [32mDEBUG[0;39m c.s.m.d.s.basic.BasicUserService     [ |  | ] - 사용자 생성 시작: UserCreateRequest[username=admin, email=admin@example.com, password=admin1234!]
26-06-15 17:11:44.134 [main] [32mDEBUG[0;39m org.hibernate.SQL                    [ |  | ] - 
    select
        u1_0.id 
    from
        users u1_0 
    where
        u1_0.email=? 
    fetch
        first ? rows only
26-06-15 17:11:44.139 [main] [32mTRACE[0;39m org.hibernate.orm.jdbc.bind          [ |  | ] - binding parameter (1:VARCHAR) <- [admin@example.com]
26-06-15 17:11:44.139 [main] [32mTRACE[0;39m org.hibernate.orm.jdbc.bind          [ |  | ] - binding parameter (2:INTEGER) <- [1]
26-06-15 17:11:44.154 [main] [32mDEBUG[0;39m org.hibernate.SQL                    [ |  | ] - 
    select
        u1_0.id 
    from
        users u1_0 
    where
        u1_0.username=? 
    fetch
        first ? rows only
26-06-15 17:11:44.154 [main] [32mTRACE[0;39m org.hibernate.orm.jdbc.bind          [ |  | ] - binding parameter (1:VARCHAR) <- [admin]
26-06-15 17:11:44.154 [main] [32mTRACE[0;39m org.hibernate.orm.jdbc.bind          [ |  | ] - binding parameter (2:INTEGER) <- [1]
26-06-15 17:11:44.346 [main] [32mINFO [0;39m c.s.m.d.s.basic.BasicUserService     [ |  | ] - 사용자 생성 완료: id=f485dbc5-468a-47e5-8505-26b54d2de055, username=admin
26-06-15 17:11:44.358 [main] [32mDEBUG[0;39m org.hibernate.SQL                    [ |  | ] - 
    insert 
    into
        users
        (created_at, email, password, profile_id, role, updated_at, username, id) 
    values
        (?, ?, ?, ?, ?, ?, ?, ?)
26-06-15 17:11:44.365 [main] [32mTRACE[0;39m org.hibernate.orm.jdbc.bind          [ |  | ] - binding parameter (1:TIMESTAMP_UTC) <- [2026-06-15T08:11:44.325761Z]
26-06-15 17:11:44.481 [main] [32mTRACE[0;39m org.hibernate.orm.jdbc.bind          [ |  | ] - binding parameter (2:VARCHAR) <- [admin@example.com]
26-06-15 17:11:44.485 [main] [32mTRACE[0;39m org.hibernate.orm.jdbc.bind          [ |  | ] - binding parameter (3:VARCHAR) <- [$2a$10$qtmumuHe2V6VzseYPm1.5uZkUCCvBdeNLYHv/aa3b6iJ.ANE5iJUu]
26-06-15 17:11:44.485 [main] [32mTRACE[0;39m org.hibernate.orm.jdbc.bind          [ |  | ] - binding parameter (4:UUID) <- [null]
26-06-15 17:11:44.485 [main] [32mTRACE[0;39m org.hibernate.orm.jdbc.bind          [ |  | ] - binding parameter (5:VARCHAR) <- [USER]
26-06-15 17:11:44.485 [main] [32mTRACE[0;39m org.hibernate.orm.jdbc.bind          [ |  | ] - binding parameter (6:TIMESTAMP_UTC) <- [2026-06-15T08:11:44.325761Z]
26-06-15 17:11:44.486 [main] [32mTRACE[0;39m org.hibernate.orm.jdbc.bind          [ |  | ] - binding parameter (7:VARCHAR) <- [admin]
26-06-15 17:11:44.486 [main] [32mTRACE[0;39m org.hibernate.orm.jdbc.bind          [ |  | ] - binding parameter (8:UUID) <- [f485dbc5-468a-47e5-8505-26b54d2de055]
26-06-15 17:11:44.683 [main] [32mDEBUG[0;39m org.hibernate.SQL                    [ |  | ] - 
    select
        u1_0.id,
        u1_0.created_at,
        u1_0.email,
        u1_0.password,
        u1_0.profile_id,
        u1_0.role,
        u1_0.updated_at,
        u1_0.username 
    from
        users u1_0 
    where
        u1_0.id=?
26-06-15 17:11:44.685 [main] [32mTRACE[0;39m org.hibernate.orm.jdbc.bind          [ |  | ] - binding parameter (1:UUID) <- [f485dbc5-468a-47e5-8505-26b54d2de055]
26-06-15 17:11:44.745 [main] [32mDEBUG[0;39m org.hibernate.SQL                    [ |  | ] - 
    update
        users 
    set
        email=?,
        password=?,
        profile_id=?,
        role=?,
        updated_at=?,
        username=? 
    where
        id=?
26-06-15 17:11:44.745 [main] [32mTRACE[0;39m org.hibernate.orm.jdbc.bind          [ |  | ] - binding parameter (1:VARCHAR) <- [admin@example.com]
26-06-15 17:11:44.746 [main] [32mTRACE[0;39m org.hibernate.orm.jdbc.bind          [ |  | ] - binding parameter (2:VARCHAR) <- [$2a$10$qtmumuHe2V6VzseYPm1.5uZkUCCvBdeNLYHv/aa3b6iJ.ANE5iJUu]
26-06-15 17:11:44.746 [main] [32mTRACE[0;39m org.hibernate.orm.jdbc.bind          [ |  | ] - binding parameter (3:UUID) <- [null]
26-06-15 17:11:44.746 [main] [32mTRACE[0;39m org.hibernate.orm.jdbc.bind          [ |  | ] - binding parameter (4:VARCHAR) <- [ADMIN]
26-06-15 17:11:44.746 [main] [32mTRACE[0;39m org.hibernate.orm.jdbc.bind          [ |  | ] - binding parameter (5:TIMESTAMP_UTC) <- [2026-06-15T08:11:44.728817Z]
26-06-15 17:11:44.746 [main] [32mTRACE[0;39m org.hibernate.orm.jdbc.bind          [ |  | ] - binding parameter (6:VARCHAR) <- [admin]
26-06-15 17:11:44.746 [main] [32mTRACE[0;39m org.hibernate.orm.jdbc.bind          [ |  | ] - binding parameter (7:UUID) <- [f485dbc5-468a-47e5-8505-26b54d2de055]
26-06-15 17:11:44.773 [main] [32mINFO [0;39m c.s.m.d.security.AdminInitializer    [ |  | ] - 관리자 계정이 성공적으로 생성되었습니다.
26-06-15 17:11:45.557 [RMI TCP Connection(3)-127.0.0.1] [32mINFO [0;39m o.a.c.c.C.[Tomcat].[localhost].[/]   [ |  | ] - Initializing Spring DispatcherServlet 'dispatcherServlet'
26-06-15 17:11:45.560 [RMI TCP Connection(3)-127.0.0.1] [32mINFO [0;39m o.s.web.servlet.DispatcherServlet    [ |  | ] - Initializing Servlet 'dispatcherServlet'
26-06-15 17:11:45.565 [RMI TCP Connection(3)-127.0.0.1] [32mINFO [0;39m o.s.web.servlet.DispatcherServlet    [ |  | ] - Completed initialization in 4 ms
26-06-15 17:11:48.795 [http-nio-8080-exec-2] [32mTRACE[0;39m o.s.security.web.FilterChainProxy    [ |  | ] - Trying to match request against DefaultSecurityFilterChain defined as 'filterChain' in [class path resource [com/sprint/mission/discodeit/config/SecurityConfig.class]] matching [any request] and having filters [DisableEncodeUrl, WebAsyncManagerIntegration, SecurityContextHolder, HeaderWriter, Csrf, Logout, JwtAuthentication, UsernamePasswordAuthentication, RequestCacheAware, SecurityContextHolderAwareRequest, AnonymousAuthentication, SessionManagement, ExceptionTranslation, Authorization] (1/1)
26-06-15 17:11:48.796 [http-nio-8080-exec-2] [32mDEBUG[0;39m o.s.security.web.FilterChainProxy    [ |  | ] - Securing POST /api/auth/login
26-06-15 17:11:48.799 [http-nio-8080-exec-2] [32mTRACE[0;39m o.s.security.web.FilterChainProxy    [ |  | ] - Invoking DisableEncodeUrlFilter (1/14)
26-06-15 17:11:48.803 [http-nio-8080-exec-2] [32mTRACE[0;39m o.s.security.web.FilterChainProxy    [ |  | ] - Invoking WebAsyncManagerIntegrationFilter (2/14)
26-06-15 17:11:48.805 [http-nio-8080-exec-2] [32mTRACE[0;39m o.s.security.web.FilterChainProxy    [ |  | ] - Invoking SecurityContextHolderFilter (3/14)
26-06-15 17:11:48.807 [http-nio-8080-exec-2] [32mTRACE[0;39m o.s.security.web.FilterChainProxy    [ |  | ] - Invoking HeaderWriterFilter (4/14)
26-06-15 17:11:48.809 [http-nio-8080-exec-2] [32mTRACE[0;39m o.s.security.web.FilterChainProxy    [ |  | ] - Invoking CsrfFilter (5/14)
26-06-15 17:11:48.827 [http-nio-8080-exec-2] [32mDEBUG[0;39m o.s.security.web.csrf.CsrfFilter     [ |  | ] - Invalid CSRF token found for http://localhost:8080/api/auth/login
26-06-15 17:11:48.849 [http-nio-8080-exec-2] [32mTRACE[0;39m o.s.s.w.h.writers.HstsHeaderWriter   [ |  | ] - Not injecting HSTS header since it did not match request to [Is Secure]
26-06-15 17:11:56.851 [http-nio-8080-exec-3] [32mTRACE[0;39m o.s.security.web.FilterChainProxy    [ |  | ] - Trying to match request against DefaultSecurityFilterChain defined as 'filterChain' in [class path resource [com/sprint/mission/discodeit/config/SecurityConfig.class]] matching [any request] and having filters [DisableEncodeUrl, WebAsyncManagerIntegration, SecurityContextHolder, HeaderWriter, Csrf, Logout, JwtAuthentication, UsernamePasswordAuthentication, RequestCacheAware, SecurityContextHolderAwareRequest, AnonymousAuthentication, SessionManagement, ExceptionTranslation, Authorization] (1/1)
26-06-15 17:11:56.852 [http-nio-8080-exec-3] [32mDEBUG[0;39m o.s.security.web.FilterChainProxy    [ |  | ] - Securing GET /api/auth/csrf-token
26-06-15 17:11:56.853 [http-nio-8080-exec-3] [32mTRACE[0;39m o.s.security.web.FilterChainProxy    [ |  | ] - Invoking DisableEncodeUrlFilter (1/14)
26-06-15 17:11:56.855 [http-nio-8080-exec-3] [32mTRACE[0;39m o.s.security.web.FilterChainProxy    [ |  | ] - Invoking WebAsyncManagerIntegrationFilter (2/14)
26-06-15 17:11:56.857 [http-nio-8080-exec-3] [32mTRACE[0;39m o.s.security.web.FilterChainProxy    [ |  | ] - Invoking SecurityContextHolderFilter (3/14)
26-06-15 17:11:56.857 [http-nio-8080-exec-3] [32mTRACE[0;39m o.s.security.web.FilterChainProxy    [ |  | ] - Invoking HeaderWriterFilter (4/14)
26-06-15 17:11:56.858 [http-nio-8080-exec-3] [32mTRACE[0;39m o.s.security.web.FilterChainProxy    [ |  | ] - Invoking CsrfFilter (5/14)
26-06-15 17:11:56.858 [http-nio-8080-exec-3] [32mTRACE[0;39m o.s.security.web.csrf.CsrfFilter     [ |  | ] - Did not protect against CSRF since request did not match CsrfNotRequired [TRACE, HEAD, GET, OPTIONS]
26-06-15 17:11:56.859 [http-nio-8080-exec-3] [32mTRACE[0;39m o.s.security.web.FilterChainProxy    [ |  | ] - Invoking LogoutFilter (6/14)
26-06-15 17:11:56.859 [http-nio-8080-exec-3] [32mTRACE[0;39m o.s.s.w.a.logout.LogoutFilter        [ |  | ] - Did not match request to Ant [pattern='/api/auth/logout', POST]
26-06-15 17:11:56.860 [http-nio-8080-exec-3] [32mTRACE[0;39m o.s.security.web.FilterChainProxy    [ |  | ] - Invoking JwtAuthenticationFilter (7/14)
26-06-15 17:11:56.862 [http-nio-8080-exec-3] [32mTRACE[0;39m o.s.security.web.FilterChainProxy    [ |  | ] - Invoking UsernamePasswordAuthenticationFilter (8/14)
26-06-15 17:11:56.863 [http-nio-8080-exec-3] [32mTRACE[0;39m o.s.s.w.a.UsernamePasswordAuthenticationFilter [ |  | ] - Did not match request to Ant [pattern='/api/auth/login', POST]
26-06-15 17:11:56.864 [http-nio-8080-exec-3] [32mTRACE[0;39m o.s.security.web.FilterChainProxy    [ |  | ] - Invoking RequestCacheAwareFilter (9/14)
26-06-15 17:11:56.864 [http-nio-8080-exec-3] [32mTRACE[0;39m o.s.security.web.FilterChainProxy    [ |  | ] - Invoking SecurityContextHolderAwareRequestFilter (10/14)
26-06-15 17:11:56.868 [http-nio-8080-exec-3] [32mTRACE[0;39m o.s.security.web.FilterChainProxy    [ |  | ] - Invoking AnonymousAuthenticationFilter (11/14)
26-06-15 17:11:56.869 [http-nio-8080-exec-3] [32mTRACE[0;39m o.s.security.web.FilterChainProxy    [ |  | ] - Invoking SessionManagementFilter (12/14)
26-06-15 17:11:56.870 [http-nio-8080-exec-3] [32mTRACE[0;39m o.s.s.w.c.SupplierDeferredSecurityContext [ |  | ] - Created SecurityContextImpl [Null authentication]
26-06-15 17:11:56.872 [http-nio-8080-exec-3] [32mTRACE[0;39m o.s.s.w.a.AnonymousAuthenticationFilter [ |  | ] - Set SecurityContextHolder to AnonymousAuthenticationToken [Principal=anonymousUser, Credentials=[PROTECTED], Authenticated=true, Details=WebAuthenticationDetails [RemoteIpAddress=0:0:0:0:0:0:0:1, SessionId=F96C37661738BD7A9679288ADD752D03], Granted Authorities=[ROLE_ANONYMOUS]]
26-06-15 17:11:56.872 [http-nio-8080-exec-3] [32mTRACE[0;39m o.s.security.web.FilterChainProxy    [ |  | ] - Invoking ExceptionTranslationFilter (13/14)
26-06-15 17:11:56.873 [http-nio-8080-exec-3] [32mTRACE[0;39m o.s.security.web.FilterChainProxy    [ |  | ] - Invoking AuthorizationFilter (14/14)
26-06-15 17:11:56.877 [http-nio-8080-exec-3] [32mTRACE[0;39m o.s.s.w.a.i.RequestMatcherDelegatingAuthorizationManager [ |  | ] - Authorizing GET /api/auth/csrf-token
26-06-15 17:11:56.878 [http-nio-8080-exec-3] [32mTRACE[0;39m o.s.s.w.a.i.RequestMatcherDelegatingAuthorizationManager [ |  | ] - Checking authorization on GET /api/auth/csrf-token using org.springframework.security.config.annotation.web.configurers.AuthorizeHttpRequestsConfigurer$$Lambda$1770/0x0000007001be9cc0@28f8d607
26-06-15 17:11:56.882 [http-nio-8080-exec-3] [32mDEBUG[0;39m o.s.security.web.FilterChainProxy    [ |  | ] - Secured GET /api/auth/csrf-token
26-06-15 17:11:56.893 [http-nio-8080-exec-3] [32mDEBUG[0;39m c.s.m.d.config.MDCLoggingInterceptor [cd14cee436ec4b9a9428b2c6989af016 | GET | /api/auth/csrf-token] - Request started
26-06-15 17:11:56.926 [http-nio-8080-exec-3] [32mDEBUG[0;39m c.s.m.d.controller.AuthController    [cd14cee436ec4b9a9428b2c6989af016 | GET | /api/auth/csrf-token] - CSRF 토큰 요청
26-06-15 17:11:56.950 [http-nio-8080-exec-3] [32mDEBUG[0;39m c.s.m.d.config.MDCLoggingInterceptor [cd14cee436ec4b9a9428b2c6989af016 | GET | /api/auth/csrf-token] - Request completed
26-06-15 17:11:56.952 [http-nio-8080-exec-3] [32mTRACE[0;39m o.s.s.w.h.writers.HstsHeaderWriter   [ |  | ] - Not injecting HSTS header since it did not match request to [Is Secure]
26-06-15 17:12:14.238 [http-nio-8080-exec-4] [32mTRACE[0;39m o.s.security.web.FilterChainProxy    [ |  | ] - Trying to match request against DefaultSecurityFilterChain defined as 'filterChain' in [class path resource [com/sprint/mission/discodeit/config/SecurityConfig.class]] matching [any request] and having filters [DisableEncodeUrl, WebAsyncManagerIntegration, SecurityContextHolder, HeaderWriter, Csrf, Logout, JwtAuthentication, UsernamePasswordAuthentication, RequestCacheAware, SecurityContextHolderAwareRequest, AnonymousAuthentication, SessionManagement, ExceptionTranslation, Authorization] (1/1)
26-06-15 17:12:14.241 [http-nio-8080-exec-4] [32mDEBUG[0;39m o.s.security.web.FilterChainProxy    [ |  | ] - Securing POST /api/auth/login
26-06-15 17:12:14.244 [http-nio-8080-exec-4] [32mTRACE[0;39m o.s.security.web.FilterChainProxy    [ |  | ] - Invoking DisableEncodeUrlFilter (1/14)
26-06-15 17:12:14.247 [http-nio-8080-exec-4] [32mTRACE[0;39m o.s.security.web.FilterChainProxy    [ |  | ] - Invoking WebAsyncManagerIntegrationFilter (2/14)
26-06-15 17:12:14.248 [http-nio-8080-exec-4] [32mTRACE[0;39m o.s.security.web.FilterChainProxy    [ |  | ] - Invoking SecurityContextHolderFilter (3/14)
26-06-15 17:12:14.248 [http-nio-8080-exec-4] [32mTRACE[0;39m o.s.security.web.FilterChainProxy    [ |  | ] - Invoking HeaderWriterFilter (4/14)
26-06-15 17:12:14.249 [http-nio-8080-exec-4] [32mTRACE[0;39m o.s.security.web.FilterChainProxy    [ |  | ] - Invoking CsrfFilter (5/14)
26-06-15 17:12:14.250 [http-nio-8080-exec-4] [32mDEBUG[0;39m o.s.security.web.csrf.CsrfFilter     [ |  | ] - Invalid CSRF token found for http://localhost:8080/api/auth/login
26-06-15 17:12:14.258 [http-nio-8080-exec-4] [32mTRACE[0;39m o.s.s.w.h.writers.HstsHeaderWriter   [ |  | ] - Not injecting HSTS header since it did not match request to [Is Secure]
26-06-15 17:12:27.934 [http-nio-8080-exec-5] [32mTRACE[0;39m o.s.security.web.FilterChainProxy    [ |  | ] - Trying to match request against DefaultSecurityFilterChain defined as 'filterChain' in [class path resource [com/sprint/mission/discodeit/config/SecurityConfig.class]] matching [any request] and having filters [DisableEncodeUrl, WebAsyncManagerIntegration, SecurityContextHolder, HeaderWriter, Csrf, Logout, JwtAuthentication, UsernamePasswordAuthentication, RequestCacheAware, SecurityContextHolderAwareRequest, AnonymousAuthentication, SessionManagement, ExceptionTranslation, Authorization] (1/1)
26-06-15 17:12:27.935 [http-nio-8080-exec-5] [32mDEBUG[0;39m o.s.security.web.FilterChainProxy    [ |  | ] - Securing POST /api/auth/login
26-06-15 17:12:27.935 [http-nio-8080-exec-5] [32mTRACE[0;39m o.s.security.web.FilterChainProxy    [ |  | ] - Invoking DisableEncodeUrlFilter (1/14)
26-06-15 17:12:27.935 [http-nio-8080-exec-5] [32mTRACE[0;39m o.s.security.web.FilterChainProxy    [ |  | ] - Invoking WebAsyncManagerIntegrationFilter (2/14)
26-06-15 17:12:27.936 [http-nio-8080-exec-5] [32mTRACE[0;39m o.s.security.web.FilterChainProxy    [ |  | ] - Invoking SecurityContextHolderFilter (3/14)
26-06-15 17:12:27.936 [http-nio-8080-exec-5] [32mTRACE[0;39m o.s.security.web.FilterChainProxy    [ |  | ] - Invoking HeaderWriterFilter (4/14)
26-06-15 17:12:27.936 [http-nio-8080-exec-5] [32mTRACE[0;39m o.s.security.web.FilterChainProxy    [ |  | ] - Invoking CsrfFilter (5/14)
26-06-15 17:12:27.937 [http-nio-8080-exec-5] [32mDEBUG[0;39m o.s.security.web.csrf.CsrfFilter     [ |  | ] - Invalid CSRF token found for http://localhost:8080/api/auth/login
26-06-15 17:12:27.938 [http-nio-8080-exec-5] [32mTRACE[0;39m o.s.s.w.h.writers.HstsHeaderWriter   [ |  | ] - Not injecting HSTS header since it did not match request to [Is Secure]
26-06-15 17:13:23.702 [SpringApplicationShutdownHook] [32mINFO [0;39m o.s.b.w.e.tomcat.GracefulShutdown    [ |  | ] - Commencing graceful shutdown. Waiting for active requests to complete
26-06-15 17:13:23.736 [tomcat-shutdown] [32mINFO [0;39m o.s.b.w.e.tomcat.GracefulShutdown    [ |  | ] - Graceful shutdown complete
26-06-15 17:13:23.890 [SpringApplicationShutdownHook] [32mINFO [0;39m o.s.o.j.LocalContainerEntityManagerFactoryBean [ |  | ] - Closing JPA EntityManagerFactory for persistence unit 'default'
26-06-15 17:13:23.965 [SpringApplicationShutdownHook] [32mINFO [0;39m com.zaxxer.hikari.HikariDataSource   [ |  | ] - HikariPool-1 - Shutdown initiated...
26-06-15 17:13:24.027 [SpringApplicationShutdownHook] [32mINFO [0;39m com.zaxxer.hikari.HikariDataSource   [ |  | ] - HikariPool-1 - Shutdown completed.
26-06-15 17:13:35.739 [background-preinit] [32mINFO [0;39m o.h.validator.internal.util.Version  [ |  | ] - HV000001: Hibernate Validator 8.0.1.Final
26-06-15 17:13:35.798 [main] [32mINFO [0;39m c.s.m.discodeit.DiscodeitApplication [ |  | ] - Starting DiscodeitApplication using Java 17.0.17 with PID 84801 (/Users/apple/IdeaProjects/temp/9-sprint-mission/discodeit/build/classes/java/main started by apple in /Users/apple/IdeaProjects/temp/9-sprint-mission)
26-06-15 17:13:35.799 [main] [32mDEBUG[0;39m c.s.m.discodeit.DiscodeitApplication [ |  | ] - Running with Spring Boot v3.4.0, Spring v6.2.0
26-06-15 17:13:35.801 [main] [32mINFO [0;39m c.s.m.discodeit.DiscodeitApplication [ |  | ] - The following 1 profile is active: "dev"
26-06-15 17:13:37.560 [main] [32mINFO [0;39m o.s.d.r.c.RepositoryConfigurationDelegate [ |  | ] - Bootstrapping Spring Data JPA repositories in DEFAULT mode.
26-06-15 17:13:37.662 [main] [32mINFO [0;39m o.s.d.r.c.RepositoryConfigurationDelegate [ |  | ] - Finished Spring Data repository scanning in 92 ms. Found 6 JPA repository interfaces.
26-06-15 17:13:38.666 [main] [32mINFO [0;39m o.s.b.w.e.tomcat.TomcatWebServer     [ |  | ] - Tomcat initialized with port 8080 (http)
26-06-15 17:13:38.681 [main] [32mINFO [0;39m o.a.coyote.http11.Http11NioProtocol  [ |  | ] - Initializing ProtocolHandler ["http-nio-8080"]
26-06-15 17:13:38.683 [main] [32mINFO [0;39m o.a.catalina.core.StandardService    [ |  | ] - Starting service [Tomcat]
26-06-15 17:13:38.684 [main] [32mINFO [0;39m o.a.catalina.core.StandardEngine     [ |  | ] - Starting Servlet engine: [Apache Tomcat/10.1.33]
26-06-15 17:13:38.733 [main] [32mINFO [0;39m o.a.c.c.C.[Tomcat].[localhost].[/]   [ |  | ] - Initializing Spring embedded WebApplicationContext
26-06-15 17:13:38.734 [main] [32mINFO [0;39m o.s.b.w.s.c.ServletWebServerApplicationContext [ |  | ] - Root WebApplicationContext: initialization completed in 2854 ms
26-06-15 17:13:38.995 [main] [32mINFO [0;39m com.zaxxer.hikari.HikariDataSource   [ |  | ] - HikariPool-1 - Starting...
26-06-15 17:13:39.099 [main] [32mINFO [0;39m com.zaxxer.hikari.pool.HikariPool    [ |  | ] - HikariPool-1 - Added connection org.postgresql.jdbc.PgConnection@77e730bd
26-06-15 17:13:39.100 [main] [32mINFO [0;39m com.zaxxer.hikari.HikariDataSource   [ |  | ] - HikariPool-1 - Start completed.
26-06-15 17:13:39.168 [main] [32mINFO [0;39m o.h.jpa.internal.util.LogHelper      [ |  | ] - HHH000204: Processing PersistenceUnitInfo [name: default]
26-06-15 17:13:39.223 [main] [32mINFO [0;39m org.hibernate.Version                [ |  | ] - HHH000412: Hibernate ORM core version 6.6.2.Final
26-06-15 17:13:39.249 [main] [32mINFO [0;39m o.h.c.i.RegionFactoryInitiator       [ |  | ] - HHH000026: Second-level cache disabled
26-06-15 17:13:39.427 [main] [32mINFO [0;39m o.s.o.j.p.SpringPersistenceUnitInfo  [ |  | ] - No LoadTimeWeaver setup: ignoring JPA class transformer
26-06-15 17:13:39.502 [main] [32mINFO [0;39m o.hibernate.orm.connections.pooling  [ |  | ] - HHH10001005: Database info:
	Database JDBC URL [Connecting through datasource 'HikariDataSource (HikariPool-1)']
	Database driver: undefined/unknown
	Database version: 14.21
	Autocommit mode: undefined/unknown
	Isolation level: undefined/unknown
	Minimum pool size: undefined/unknown
	Maximum pool size: undefined/unknown
26-06-15 17:13:40.130 [main] [32mINFO [0;39m o.h.e.t.j.p.i.JtaPlatformInitiator   [ |  | ] - HHH000489: No JTA platform available (set 'hibernate.transaction.jta.platform' to enable JTA platform integration)
26-06-15 17:13:40.138 [main] [32mDEBUG[0;39m org.hibernate.SQL                    [ |  | ] - 
    set client_min_messages = WARNING
26-06-15 17:13:40.139 [main] [32mDEBUG[0;39m org.hibernate.SQL                    [ |  | ] - 
    alter table if exists message_attachments 
       drop constraint if exists FKsd1m8rb8jcpbcnb7rpdue7ctc
26-06-15 17:13:40.153 [main] [32mDEBUG[0;39m org.hibernate.SQL                    [ |  | ] - 
    alter table if exists message_attachments 
       drop constraint if exists FKj7twd218e2gqw9cmlhwvo1rth
26-06-15 17:13:40.154 [main] [32mDEBUG[0;39m org.hibernate.SQL                    [ |  | ] - 
    alter table if exists messages 
       drop constraint if exists FKowtlim26svclkatusptbgi7u1
26-06-15 17:13:40.154 [main] [32mDEBUG[0;39m org.hibernate.SQL                    [ |  | ] - 
    alter table if exists messages 
       drop constraint if exists FK3u3ckbhwq9se1cmopk2pq05b2
26-06-15 17:13:40.156 [main] [32mDEBUG[0;39m org.hibernate.SQL                    [ |  | ] - 
    alter table if exists read_statuses 
       drop constraint if exists FKa38ri44ml4gfdpklx4ahqr8gd
26-06-15 17:13:40.157 [main] [32mDEBUG[0;39m org.hibernate.SQL                    [ |  | ] - 
    alter table if exists read_statuses 
       drop constraint if exists FKml3k4wr9sj5yxrmj6d0aoib2e
26-06-15 17:13:40.158 [main] [32mDEBUG[0;39m org.hibernate.SQL                    [ |  | ] - 
    alter table if exists users 
       drop constraint if exists FKtbudycgrip49xdptogmhfqnso
26-06-15 17:13:40.159 [main] [32mDEBUG[0;39m org.hibernate.SQL                    [ |  | ] - 
    drop table if exists binary_contents cascade
26-06-15 17:13:40.167 [main] [32mDEBUG[0;39m org.hibernate.SQL                    [ |  | ] - 
    drop table if exists channels cascade
26-06-15 17:13:40.170 [main] [32mDEBUG[0;39m org.hibernate.SQL                    [ |  | ] - 
    drop table if exists message_attachments cascade
26-06-15 17:13:40.171 [main] [32mDEBUG[0;39m org.hibernate.SQL                    [ |  | ] - 
    drop table if exists messages cascade
26-06-15 17:13:40.173 [main] [32mDEBUG[0;39m org.hibernate.SQL                    [ |  | ] - 
    drop table if exists notifications cascade
26-06-15 17:13:40.177 [main] [32mDEBUG[0;39m org.hibernate.SQL                    [ |  | ] - 
    drop table if exists read_statuses cascade
26-06-15 17:13:40.180 [main] [32mDEBUG[0;39m org.hibernate.SQL                    [ |  | ] - 
    drop table if exists users cascade
26-06-15 17:13:40.187 [main] [32mDEBUG[0;39m org.hibernate.SQL                    [ |  | ] - 
    create table binary_contents (
        created_at timestamp with time zone not null,
        size bigint not null,
        updated_at timestamp with time zone,
        id uuid not null,
        status varchar(20) not null check (status in ('PROCESSING','SUCCESS','FAIL')),
        content_type varchar(100) not null,
        file_name varchar(255) not null,
        primary key (id)
    )
26-06-15 17:13:40.202 [main] [32mDEBUG[0;39m org.hibernate.SQL                    [ |  | ] - 
    create table channels (
        created_at timestamp with time zone not null,
        updated_at timestamp with time zone,
        id uuid not null,
        name varchar(100),
        description varchar(500),
        type varchar(255) not null check (type in ('PUBLIC','PRIVATE')),
        primary key (id)
    )
26-06-15 17:13:40.208 [main] [32mDEBUG[0;39m org.hibernate.SQL                    [ |  | ] - 
    create table message_attachments (
        attachment_id uuid not null unique,
        message_id uuid not null
    )
26-06-15 17:13:40.218 [main] [32mDEBUG[0;39m org.hibernate.SQL                    [ |  | ] - 
    create table messages (
        created_at timestamp with time zone not null,
        updated_at timestamp with time zone,
        author_id uuid,
        channel_id uuid not null,
        id uuid not null,
        content text not null,
        primary key (id)
    )
26-06-15 17:13:40.228 [main] [32mDEBUG[0;39m org.hibernate.SQL                    [ |  | ] - 
    create table notifications (
        created_at timestamp with time zone not null,
        updated_at timestamp with time zone,
        id uuid not null,
        receiver_id uuid not null,
        content varchar(1000) not null,
        title varchar(255) not null,
        primary key (id)
    )
26-06-15 17:13:40.232 [main] [32mDEBUG[0;39m org.hibernate.SQL                    [ |  | ] - 
    create table read_statuses (
        notification_enabled boolean not null,
        created_at timestamp with time zone not null,
        last_read_at timestamp with time zone not null,
        updated_at timestamp with time zone,
        channel_id uuid not null,
        id uuid not null,
        user_id uuid not null,
        primary key (id),
        unique (user_id, channel_id)
    )
26-06-15 17:13:40.235 [main] [32mDEBUG[0;39m org.hibernate.SQL                    [ |  | ] - 
    create table users (
        created_at timestamp with time zone not null,
        updated_at timestamp with time zone,
        id uuid not null,
        profile_id uuid unique,
        username varchar(50) not null unique,
        password varchar(60) not null,
        email varchar(100) not null unique,
        role varchar(255) not null check (role in ('ADMIN','CHANNEL_MANAGER','USER')),
        primary key (id)
    )
26-06-15 17:13:40.240 [main] [32mDEBUG[0;39m org.hibernate.SQL                    [ |  | ] - 
    alter table if exists message_attachments 
       add constraint FKsd1m8rb8jcpbcnb7rpdue7ctc 
       foreign key (attachment_id) 
       references binary_contents
26-06-15 17:13:40.245 [main] [32mDEBUG[0;39m org.hibernate.SQL                    [ |  | ] - 
    alter table if exists message_attachments 
       add constraint FKj7twd218e2gqw9cmlhwvo1rth 
       foreign key (message_id) 
       references messages
26-06-15 17:13:40.248 [main] [32mDEBUG[0;39m org.hibernate.SQL                    [ |  | ] - 
    alter table if exists messages 
       add constraint FKowtlim26svclkatusptbgi7u1 
       foreign key (author_id) 
       references users
26-06-15 17:13:40.250 [main] [32mDEBUG[0;39m org.hibernate.SQL                    [ |  | ] - 
    alter table if exists messages 
       add constraint FK3u3ckbhwq9se1cmopk2pq05b2 
       foreign key (channel_id) 
       references channels
26-06-15 17:13:40.252 [main] [32mDEBUG[0;39m org.hibernate.SQL                    [ |  | ] - 
    alter table if exists read_statuses 
       add constraint FKa38ri44ml4gfdpklx4ahqr8gd 
       foreign key (channel_id) 
       references channels
26-06-15 17:13:40.256 [main] [32mDEBUG[0;39m org.hibernate.SQL                    [ |  | ] - 
    alter table if exists read_statuses 
       add constraint FKml3k4wr9sj5yxrmj6d0aoib2e 
       foreign key (user_id) 
       references users
26-06-15 17:13:40.257 [main] [32mDEBUG[0;39m org.hibernate.SQL                    [ |  | ] - 
    alter table if exists users 
       add constraint FKtbudycgrip49xdptogmhfqnso 
       foreign key (profile_id) 
       references binary_contents
26-06-15 17:13:40.262 [main] [32mINFO [0;39m o.s.o.j.LocalContainerEntityManagerFactoryBean [ |  | ] - Initialized JPA EntityManagerFactory for persistence unit 'default'
26-06-15 17:13:40.505 [main] [32mINFO [0;39m o.s.d.j.r.query.QueryEnhancerFactory [ |  | ] - Hibernate is in classpath; If applicable, HQL parser will be used.
26-06-15 17:13:40.887 [main] [32mDEBUG[0;39m c.s.m.d.s.j.JwtAuthenticationFilter  [ |  | ] - Filter 'jwtAuthenticationFilter' configured for use
26-06-15 17:13:40.917 [main] [32mDEBUG[0;39m o.s.s.a.h.RoleHierarchyImpl          [ |  | ] - buildRolesReachableInOneOrMoreStepsMap() - From role ROLE_ADMIN one can reach [ROLE_USER, ROLE_CHANNEL_MANAGER] in one or more steps.
26-06-15 17:13:40.917 [main] [32mDEBUG[0;39m o.s.s.a.h.RoleHierarchyImpl          [ |  | ] - buildRolesReachableInOneOrMoreStepsMap() - From role ROLE_CHANNEL_MANAGER one can reach [ROLE_USER] in one or more steps.
26-06-15 17:13:41.379 [main] [32mTRACE[0;39m o.s.s.c.a.a.c.AuthenticationConfiguration$EnableGlobalAuthenticationAutowiredConfigurer [ |  | ] - Eagerly initializing {securityConfig=com.sprint.mission.discodeit.config.SecurityConfig$$SpringCGLIB$$0@635791b7}
26-06-15 17:13:41.383 [main] [32mINFO [0;39m o.s.s.c.a.a.c.InitializeUserDetailsBeanManagerConfigurer$InitializeUserDetailsManagerConfigurer [ |  | ] - Global AuthenticationManager configured with UserDetailsService bean with name discodeitUserDetailsService
26-06-15 17:13:41.445 [main] [32mINFO [0;39m o.s.b.a.w.s.WelcomePageHandlerMapping [ |  | ] - Adding welcome page: class path resource [static/index.html]
26-06-15 17:13:41.820 [main] [32mINFO [0;39m o.s.b.a.e.web.EndpointLinksResolver  [ |  | ] - Exposing 4 endpoints beneath base path '/actuator'
26-06-15 17:13:41.964 [main] [32mDEBUG[0;39m o.s.s.web.DefaultSecurityFilterChain [ |  | ] - Will secure any request with filters: DisableEncodeUrlFilter, WebAsyncManagerIntegrationFilter, SecurityContextHolderFilter, HeaderWriterFilter, LogoutFilter, JwtAuthenticationFilter, UsernamePasswordAuthenticationFilter, RequestCacheAwareFilter, SecurityContextHolderAwareRequestFilter, AnonymousAuthenticationFilter, SessionManagementFilter, ExceptionTranslationFilter, AuthorizationFilter
26-06-15 17:13:43.201 [main] [32mINFO [0;39m o.a.coyote.http11.Http11NioProtocol  [ |  | ] - Starting ProtocolHandler ["http-nio-8080"]
26-06-15 17:13:43.218 [main] [32mINFO [0;39m o.s.b.w.e.tomcat.TomcatWebServer     [ |  | ] - Tomcat started on port 8080 (http) with context path '/'
26-06-15 17:13:43.241 [main] [32mINFO [0;39m c.s.m.discodeit.DiscodeitApplication [ |  | ] - Started DiscodeitApplication in 8.431 seconds (process running for 11.454)
26-06-15 17:13:43.251 [main] [32mDEBUG[0;39m c.s.m.d.config.SecurityConfig        [ |  | ] - Debug Filter Chain...
	[1/13] class org.springframework.security.web.session.DisableEncodeUrlFilter
	[2/13] class org.springframework.security.web.context.request.async.WebAsyncManagerIntegrationFilter
	[3/13] class org.springframework.security.web.context.SecurityContextHolderFilter
	[4/13] class org.springframework.security.web.header.HeaderWriterFilter
	[5/13] class org.springframework.security.web.authentication.logout.LogoutFilter
	[6/13] class com.sprint.mission.discodeit.security.jwt.JwtAuthenticationFilter
	[7/13] class org.springframework.security.web.authentication.UsernamePasswordAuthenticationFilter
	[8/13] class org.springframework.security.web.savedrequest.RequestCacheAwareFilter
	[9/13] class org.springframework.security.web.servletapi.SecurityContextHolderAwareRequestFilter
	[10/13] class org.springframework.security.web.authentication.AnonymousAuthenticationFilter
	[11/13] class org.springframework.security.web.session.SessionManagementFilter
	[12/13] class org.springframework.security.web.access.ExceptionTranslationFilter
	[13/13] class org.springframework.security.web.access.intercept.AuthorizationFilter
26-06-15 17:13:43.263 [main] [32mDEBUG[0;39m c.s.m.d.s.basic.BasicUserService     [ |  | ] - 사용자 생성 시작: UserCreateRequest[username=admin, email=admin@example.com, password=admin1234!]
26-06-15 17:13:43.343 [main] [32mDEBUG[0;39m org.hibernate.SQL                    [ |  | ] - 
    select
        u1_0.id 
    from
        users u1_0 
    where
        u1_0.email=? 
    fetch
        first ? rows only
26-06-15 17:13:43.355 [main] [32mTRACE[0;39m org.hibernate.orm.jdbc.bind          [ |  | ] - binding parameter (1:VARCHAR) <- [admin@example.com]
26-06-15 17:13:43.357 [main] [32mTRACE[0;39m org.hibernate.orm.jdbc.bind          [ |  | ] - binding parameter (2:INTEGER) <- [1]
26-06-15 17:13:43.392 [main] [32mDEBUG[0;39m org.hibernate.SQL                    [ |  | ] - 
    select
        u1_0.id 
    from
        users u1_0 
    where
        u1_0.username=? 
    fetch
        first ? rows only
26-06-15 17:13:43.393 [main] [32mTRACE[0;39m org.hibernate.orm.jdbc.bind          [ |  | ] - binding parameter (1:VARCHAR) <- [admin]
26-06-15 17:13:43.393 [main] [32mTRACE[0;39m org.hibernate.orm.jdbc.bind          [ |  | ] - binding parameter (2:INTEGER) <- [1]
26-06-15 17:13:43.647 [main] [32mINFO [0;39m c.s.m.d.s.basic.BasicUserService     [ |  | ] - 사용자 생성 완료: id=87f15bae-e244-47ca-9e2e-8232b1a703a7, username=admin
26-06-15 17:13:43.661 [main] [32mDEBUG[0;39m org.hibernate.SQL                    [ |  | ] - 
    insert 
    into
        users
        (created_at, email, password, profile_id, role, updated_at, username, id) 
    values
        (?, ?, ?, ?, ?, ?, ?, ?)
26-06-15 17:13:43.663 [main] [32mTRACE[0;39m org.hibernate.orm.jdbc.bind          [ |  | ] - binding parameter (1:TIMESTAMP_UTC) <- [2026-06-15T08:13:43.628833Z]
26-06-15 17:13:43.664 [main] [32mTRACE[0;39m org.hibernate.orm.jdbc.bind          [ |  | ] - binding parameter (2:VARCHAR) <- [admin@example.com]
26-06-15 17:13:43.664 [main] [32mTRACE[0;39m org.hibernate.orm.jdbc.bind          [ |  | ] - binding parameter (3:VARCHAR) <- [$2a$10$Mmz/6UFqgaPCHHjHRIr/SePaGaY3smXVHc5wl89QwEj1qToYqLV8G]
26-06-15 17:13:43.664 [main] [32mTRACE[0;39m org.hibernate.orm.jdbc.bind          [ |  | ] - binding parameter (4:UUID) <- [null]
26-06-15 17:13:43.664 [main] [32mTRACE[0;39m org.hibernate.orm.jdbc.bind          [ |  | ] - binding parameter (5:VARCHAR) <- [USER]
26-06-15 17:13:43.664 [main] [32mTRACE[0;39m org.hibernate.orm.jdbc.bind          [ |  | ] - binding parameter (6:TIMESTAMP_UTC) <- [2026-06-15T08:13:43.628833Z]
26-06-15 17:13:43.665 [main] [32mTRACE[0;39m org.hibernate.orm.jdbc.bind          [ |  | ] - binding parameter (7:VARCHAR) <- [admin]
26-06-15 17:13:43.665 [main] [32mTRACE[0;39m org.hibernate.orm.jdbc.bind          [ |  | ] - binding parameter (8:UUID) <- [87f15bae-e244-47ca-9e2e-8232b1a703a7]
26-06-15 17:13:43.679 [main] [32mDEBUG[0;39m org.hibernate.SQL                    [ |  | ] - 
    select
        u1_0.id,
        u1_0.created_at,
        u1_0.email,
        u1_0.password,
        u1_0.profile_id,
        u1_0.role,
        u1_0.updated_at,
        u1_0.username 
    from
        users u1_0 
    where
        u1_0.id=?
26-06-15 17:13:43.680 [main] [32mTRACE[0;39m org.hibernate.orm.jdbc.bind          [ |  | ] - binding parameter (1:UUID) <- [87f15bae-e244-47ca-9e2e-8232b1a703a7]
26-06-15 17:13:43.697 [main] [32mDEBUG[0;39m org.hibernate.SQL                    [ |  | ] - 
    update
        users 
    set
        email=?,
        password=?,
        profile_id=?,
        role=?,
        updated_at=?,
        username=? 
    where
        id=?
26-06-15 17:13:43.697 [main] [32mTRACE[0;39m org.hibernate.orm.jdbc.bind          [ |  | ] - binding parameter (1:VARCHAR) <- [admin@example.com]
26-06-15 17:13:43.697 [main] [32mTRACE[0;39m org.hibernate.orm.jdbc.bind          [ |  | ] - binding parameter (2:VARCHAR) <- [$2a$10$Mmz/6UFqgaPCHHjHRIr/SePaGaY3smXVHc5wl89QwEj1qToYqLV8G]
26-06-15 17:13:43.697 [main] [32mTRACE[0;39m org.hibernate.orm.jdbc.bind          [ |  | ] - binding parameter (3:UUID) <- [null]
26-06-15 17:13:43.697 [main] [32mTRACE[0;39m org.hibernate.orm.jdbc.bind          [ |  | ] - binding parameter (4:VARCHAR) <- [ADMIN]
26-06-15 17:13:43.697 [main] [32mTRACE[0;39m org.hibernate.orm.jdbc.bind          [ |  | ] - binding parameter (5:TIMESTAMP_UTC) <- [2026-06-15T08:13:43.693734Z]
26-06-15 17:13:43.698 [main] [32mTRACE[0;39m org.hibernate.orm.jdbc.bind          [ |  | ] - binding parameter (6:VARCHAR) <- [admin]
26-06-15 17:13:43.698 [main] [32mTRACE[0;39m org.hibernate.orm.jdbc.bind          [ |  | ] - binding parameter (7:UUID) <- [87f15bae-e244-47ca-9e2e-8232b1a703a7]
26-06-15 17:13:43.701 [main] [32mINFO [0;39m c.s.m.d.security.AdminInitializer    [ |  | ] - 관리자 계정이 성공적으로 생성되었습니다.
26-06-15 17:13:51.633 [http-nio-8080-exec-1] [32mINFO [0;39m o.a.c.c.C.[Tomcat].[localhost].[/]   [ |  | ] - Initializing Spring DispatcherServlet 'dispatcherServlet'
26-06-15 17:13:51.635 [http-nio-8080-exec-1] [32mINFO [0;39m o.s.web.servlet.DispatcherServlet    [ |  | ] - Initializing Servlet 'dispatcherServlet'
26-06-15 17:13:51.652 [http-nio-8080-exec-1] [32mINFO [0;39m o.s.web.servlet.DispatcherServlet    [ |  | ] - Completed initialization in 17 ms
26-06-15 17:13:51.674 [http-nio-8080-exec-1] [32mTRACE[0;39m o.s.security.web.FilterChainProxy    [ |  | ] - Trying to match request against DefaultSecurityFilterChain defined as 'filterChain' in [class path resource [com/sprint/mission/discodeit/config/SecurityConfig.class]] matching [any request] and having filters [DisableEncodeUrl, WebAsyncManagerIntegration, SecurityContextHolder, HeaderWriter, Logout, JwtAuthentication, UsernamePasswordAuthentication, RequestCacheAware, SecurityContextHolderAwareRequest, AnonymousAuthentication, SessionManagement, ExceptionTranslation, Authorization] (1/1)
26-06-15 17:13:51.675 [http-nio-8080-exec-1] [32mDEBUG[0;39m o.s.security.web.FilterChainProxy    [ |  | ] - Securing GET /api/auth/csrf-token
26-06-15 17:13:51.677 [http-nio-8080-exec-1] [32mTRACE[0;39m o.s.security.web.FilterChainProxy    [ |  | ] - Invoking DisableEncodeUrlFilter (1/13)
26-06-15 17:13:51.682 [http-nio-8080-exec-1] [32mTRACE[0;39m o.s.security.web.FilterChainProxy    [ |  | ] - Invoking WebAsyncManagerIntegrationFilter (2/13)
26-06-15 17:13:51.685 [http-nio-8080-exec-1] [32mTRACE[0;39m o.s.security.web.FilterChainProxy    [ |  | ] - Invoking SecurityContextHolderFilter (3/13)
26-06-15 17:13:51.687 [http-nio-8080-exec-1] [32mTRACE[0;39m o.s.security.web.FilterChainProxy    [ |  | ] - Invoking HeaderWriterFilter (4/13)
26-06-15 17:13:51.689 [http-nio-8080-exec-1] [32mTRACE[0;39m o.s.security.web.FilterChainProxy    [ |  | ] - Invoking LogoutFilter (5/13)
26-06-15 17:13:51.689 [http-nio-8080-exec-1] [32mTRACE[0;39m o.s.s.w.a.logout.LogoutFilter        [ |  | ] - Did not match request to Or [Ant [pattern='/api/auth/logout', GET], Ant [pattern='/api/auth/logout', POST], Ant [pattern='/api/auth/logout', PUT], Ant [pattern='/api/auth/logout', DELETE]]
26-06-15 17:13:51.690 [http-nio-8080-exec-1] [32mTRACE[0;39m o.s.security.web.FilterChainProxy    [ |  | ] - Invoking JwtAuthenticationFilter (6/13)
26-06-15 17:13:51.690 [http-nio-8080-exec-1] [32mTRACE[0;39m o.s.security.web.FilterChainProxy    [ |  | ] - Invoking UsernamePasswordAuthenticationFilter (7/13)
26-06-15 17:13:51.691 [http-nio-8080-exec-1] [32mTRACE[0;39m o.s.s.w.a.UsernamePasswordAuthenticationFilter [ |  | ] - Did not match request to Ant [pattern='/api/auth/login', POST]
26-06-15 17:13:51.691 [http-nio-8080-exec-1] [32mTRACE[0;39m o.s.security.web.FilterChainProxy    [ |  | ] - Invoking RequestCacheAwareFilter (8/13)
26-06-15 17:13:51.691 [http-nio-8080-exec-1] [32mTRACE[0;39m o.s.security.web.FilterChainProxy    [ |  | ] - Invoking SecurityContextHolderAwareRequestFilter (9/13)
26-06-15 17:13:51.692 [http-nio-8080-exec-1] [32mTRACE[0;39m o.s.security.web.FilterChainProxy    [ |  | ] - Invoking AnonymousAuthenticationFilter (10/13)
26-06-15 17:13:51.693 [http-nio-8080-exec-1] [32mTRACE[0;39m o.s.security.web.FilterChainProxy    [ |  | ] - Invoking SessionManagementFilter (11/13)
26-06-15 17:13:51.694 [http-nio-8080-exec-1] [32mTRACE[0;39m o.s.s.w.c.SupplierDeferredSecurityContext [ |  | ] - Created SecurityContextImpl [Null authentication]
26-06-15 17:13:51.695 [http-nio-8080-exec-1] [32mTRACE[0;39m o.s.s.w.a.AnonymousAuthenticationFilter [ |  | ] - Set SecurityContextHolder to AnonymousAuthenticationToken [Principal=anonymousUser, Credentials=[PROTECTED], Authenticated=true, Details=WebAuthenticationDetails [RemoteIpAddress=0:0:0:0:0:0:0:1, SessionId=null], Granted Authorities=[ROLE_ANONYMOUS]]
26-06-15 17:13:51.695 [http-nio-8080-exec-1] [32mDEBUG[0;39m o.s.s.w.s.SessionManagementFilter    [ |  | ] - Request requested invalid session id F96C37661738BD7A9679288ADD752D03
26-06-15 17:13:51.695 [http-nio-8080-exec-1] [32mTRACE[0;39m o.s.security.web.FilterChainProxy    [ |  | ] - Invoking ExceptionTranslationFilter (12/13)
26-06-15 17:13:51.695 [http-nio-8080-exec-1] [32mTRACE[0;39m o.s.security.web.FilterChainProxy    [ |  | ] - Invoking AuthorizationFilter (13/13)
26-06-15 17:13:51.697 [http-nio-8080-exec-1] [32mTRACE[0;39m o.s.s.w.a.i.RequestMatcherDelegatingAuthorizationManager [ |  | ] - Authorizing GET /api/auth/csrf-token
26-06-15 17:13:51.698 [http-nio-8080-exec-1] [32mTRACE[0;39m o.s.s.w.a.i.RequestMatcherDelegatingAuthorizationManager [ |  | ] - Checking authorization on GET /api/auth/csrf-token using org.springframework.security.config.annotation.web.configurers.AuthorizeHttpRequestsConfigurer$$Lambda$1761/0x0000000601bc3a28@4edba382
26-06-15 17:13:51.699 [http-nio-8080-exec-1] [32mDEBUG[0;39m o.s.security.web.FilterChainProxy    [ |  | ] - Secured GET /api/auth/csrf-token
26-06-15 17:13:51.704 [http-nio-8080-exec-1] [32mDEBUG[0;39m c.s.m.d.config.MDCLoggingInterceptor [f112939442c543b9a610ac43c5d6d9e7 | GET | /api/auth/csrf-token] - Request started
26-06-15 17:13:51.719 [http-nio-8080-exec-1] [32mDEBUG[0;39m c.s.m.d.controller.AuthController    [f112939442c543b9a610ac43c5d6d9e7 | GET | /api/auth/csrf-token] - CSRF 토큰 요청
26-06-15 17:13:51.721 [http-nio-8080-exec-1] [31mERROR[0;39m c.s.m.d.e.GlobalExceptionHandler     [f112939442c543b9a610ac43c5d6d9e7 | GET | /api/auth/csrf-token] - 예상치 못한 오류 발생: Cannot invoke "org.springframework.security.web.csrf.CsrfToken.getToken()" because "csrfToken" is null
java.lang.NullPointerException: Cannot invoke "org.springframework.security.web.csrf.CsrfToken.getToken()" because "csrfToken" is null
	at com.sprint.mission.discodeit.controller.AuthController.getCsrfToken(AuthController.java:39)
	at java.base/jdk.internal.reflect.NativeMethodAccessorImpl.invoke0(Native Method)
	at java.base/jdk.internal.reflect.NativeMethodAccessorImpl.invoke(NativeMethodAccessorImpl.java:77)
	at java.base/jdk.internal.reflect.DelegatingMethodAccessorImpl.invoke(DelegatingMethodAccessorImpl.java:43)
	at java.base/java.lang.reflect.Method.invoke(Method.java:569)
	at org.springframework.web.method.support.InvocableHandlerMethod.doInvoke(InvocableHandlerMethod.java:255)
	at org.springframework.web.method.support.InvocableHandlerMethod.invokeForRequest(InvocableHandlerMethod.java:188)
	at org.springframework.web.servlet.mvc.method.annotation.ServletInvocableHandlerMethod.invokeAndHandle(ServletInvocableHandlerMethod.java:118)
	at org.springframework.web.servlet.mvc.method.annotation.RequestMappingHandlerAdapter.invokeHandlerMethod(RequestMappingHandlerAdapter.java:986)
	at org.springframework.web.servlet.mvc.method.annotation.RequestMappingHandlerAdapter.handleInternal(RequestMappingHandlerAdapter.java:891)
	at org.springframework.web.servlet.mvc.method.AbstractHandlerMethodAdapter.handle(AbstractHandlerMethodAdapter.java:87)
	at org.springframework.web.servlet.DispatcherServlet.doDispatch(DispatcherServlet.java:1088)
	at org.springframework.web.servlet.DispatcherServlet.doService(DispatcherServlet.java:978)
	at org.springframework.web.servlet.FrameworkServlet.processRequest(FrameworkServlet.java:1014)
	at org.springframework.web.servlet.FrameworkServlet.doGet(FrameworkServlet.java:903)
	at jakarta.servlet.http.HttpServlet.service(HttpServlet.java:564)
	at org.springframework.web.servlet.FrameworkServlet.service(FrameworkServlet.java:885)
	at jakarta.servlet.http.HttpServlet.service(HttpServlet.java:658)
	at org.apache.catalina.core.ApplicationFilterChain.internalDoFilter(ApplicationFilterChain.java:195)
	at org.apache.catalina.core.ApplicationFilterChain.doFilter(ApplicationFilterChain.java:140)
	at org.apache.tomcat.websocket.server.WsFilter.doFilter(WsFilter.java:51)
	at org.apache.catalina.core.ApplicationFilterChain.internalDoFilter(ApplicationFilterChain.java:164)
	at org.apache.catalina.core.ApplicationFilterChain.doFilter(ApplicationFilterChain.java:140)
	at org.springframework.web.filter.OncePerRequestFilter.doFilter(OncePerRequestFilter.java:110)
	at org.apache.catalina.core.ApplicationFilterChain.internalDoFilter(ApplicationFilterChain.java:164)
	at org.apache.catalina.core.ApplicationFilterChain.doFilter(ApplicationFilterChain.java:140)
	at org.springframework.web.filter.CompositeFilter$VirtualFilterChain.doFilter(CompositeFilter.java:108)
	at org.springframework.security.web.FilterChainProxy.lambda$doFilterInternal$3(FilterChainProxy.java:231)
	at org.springframework.security.web.ObservationFilterChainDecorator$FilterObservation$SimpleFilterObservation.lambda$wrap$1(ObservationFilterChainDecorator.java:479)
	at org.springframework.security.web.ObservationFilterChainDecorator$AroundFilterObservation$SimpleAroundFilterObservation.lambda$wrap$1(ObservationFilterChainDecorator.java:340)
	at org.springframework.security.web.ObservationFilterChainDecorator.lambda$wrapSecured$0(ObservationFilterChainDecorator.java:82)
	at org.springframework.security.web.ObservationFilterChainDecorator$VirtualFilterChain.doFilter(ObservationFilterChainDecorator.java:128)
	at org.springframework.security.web.access.intercept.AuthorizationFilter.doFilter(AuthorizationFilter.java:101)
	at org.springframework.security.web.ObservationFilterChainDecorator$ObservationFilter.wrapFilter(ObservationFilterChainDecorator.java:240)
	at org.springframework.security.web.ObservationFilterChainDecorator$ObservationFilter.doFilter(ObservationFilterChainDecorator.java:227)
	at org.springframework.security.web.ObservationFilterChainDecorator$VirtualFilterChain.doFilter(ObservationFilterChainDecorator.java:137)
	at org.springframework.security.web.access.ExceptionTranslationFilter.doFilter(ExceptionTranslationFilter.java:126)
	at org.springframework.security.web.access.ExceptionTranslationFilter.doFilter(ExceptionTranslationFilter.java:120)
	at org.springframework.security.web.ObservationFilterChainDecorator$ObservationFilter.wrapFilter(ObservationFilterChainDecorator.java:240)
	at org.springframework.security.web.ObservationFilterChainDecorator$ObservationFilter.doFilter(ObservationFilterChainDecorator.java:227)
	at org.springframework.security.web.ObservationFilterChainDecorator$VirtualFilterChain.doFilter(ObservationFilterChainDecorator.java:137)
	at org.springframework.security.web.session.SessionManagementFilter.doFilter(SessionManagementFilter.java:131)
	at org.springframework.security.web.session.SessionManagementFilter.doFilter(SessionManagementFilter.java:85)
	at org.springframework.security.web.ObservationFilterChainDecorator$ObservationFilter.wrapFilter(ObservationFilterChainDecorator.java:240)
	at org.springframework.security.web.ObservationFilterChainDecorator$ObservationFilter.doFilter(ObservationFilterChainDecorator.java:227)
	at org.springframework.security.web.ObservationFilterChainDecorator$VirtualFilterChain.doFilter(ObservationFilterChainDecorator.java:137)
	at org.springframework.security.web.authentication.AnonymousAuthenticationFilter.doFilter(AnonymousAuthenticationFilter.java:100)
	at org.springframework.security.web.ObservationFilterChainDecorator$ObservationFilter.wrapFilter(ObservationFilterChainDecorator.java:240)
	at org.springframework.security.web.ObservationFilterChainDecorator$ObservationFilter.doFilter(ObservationFilterChainDecorator.java:227)
	at org.springframework.security.web.ObservationFilterChainDecorator$VirtualFilterChain.doFilter(ObservationFilterChainDecorator.java:137)
	at org.springframework.security.web.servletapi.SecurityContextHolderAwareRequestFilter.doFilter(SecurityContextHolderAwareRequestFilter.java:179)
	at org.springframework.security.web.ObservationFilterChainDecorator$ObservationFilter.wrapFilter(ObservationFilterChainDecorator.java:240)
	at org.springframework.security.web.ObservationFilterChainDecorator$ObservationFilter.doFilter(ObservationFilterChainDecorator.java:227)
	at org.springframework.security.web.ObservationFilterChainDecorator$VirtualFilterChain.doFilter(ObservationFilterChainDecorator.java:137)
	at org.springframework.security.web.savedrequest.RequestCacheAwareFilter.doFilter(RequestCacheAwareFilter.java:63)
	at org.springframework.security.web.ObservationFilterChainDecorator$ObservationFilter.wrapFilter(ObservationFilterChainDecorator.java:240)
	at org.springframework.security.web.ObservationFilterChainDecorator$ObservationFilter.doFilter(ObservationFilterChainDecorator.java:227)
	at org.springframework.security.web.ObservationFilterChainDecorator$VirtualFilterChain.doFilter(ObservationFilterChainDecorator.java:137)
	at org.springframework.security.web.authentication.AbstractAuthenticationProcessingFilter.doFilter(AbstractAuthenticationProcessingFilter.java:227)
	at org.springframework.security.web.authentication.AbstractAuthenticationProcessingFilter.doFilter(AbstractAuthenticationProcessingFilter.java:221)
	at org.springframework.security.web.ObservationFilterChainDecorator$ObservationFilter.wrapFilter(ObservationFilterChainDecorator.java:240)
	at org.springframework.security.web.ObservationFilterChainDecorator$ObservationFilter.doFilter(ObservationFilterChainDecorator.java:227)
	at org.springframework.security.web.ObservationFilterChainDecorator$VirtualFilterChain.doFilter(ObservationFilterChainDecorator.java:137)
	at com.sprint.mission.discodeit.security.jwt.JwtAuthenticationFilter.doFilterInternal(JwtAuthenticationFilter.java:72)
	at org.springframework.web.filter.OncePerRequestFilter.doFilter(OncePerRequestFilter.java:116)
	at org.springframework.security.web.ObservationFilterChainDecorator$ObservationFilter.wrapFilter(ObservationFilterChainDecorator.java:240)
	at org.springframework.security.web.ObservationFilterChainDecorator$ObservationFilter.doFilter(ObservationFilterChainDecorator.java:227)
	at org.springframework.security.web.ObservationFilterChainDecorator$VirtualFilterChain.doFilter(ObservationFilterChainDecorator.java:137)
	at org.springframework.security.web.authentication.logout.LogoutFilter.doFilter(LogoutFilter.java:107)
	at org.springframework.security.web.authentication.logout.LogoutFilter.doFilter(LogoutFilter.java:93)
	at org.springframework.security.web.ObservationFilterChainDecorator$ObservationFilter.wrapFilter(ObservationFilterChainDecorator.java:240)
	at org.springframework.security.web.ObservationFilterChainDecorator$ObservationFilter.doFilter(ObservationFilterChainDecorator.java:227)
	at org.springframework.security.web.ObservationFilterChainDecorator$VirtualFilterChain.doFilter(ObservationFilterChainDecorator.java:137)
	at org.springframework.security.web.header.HeaderWriterFilter.doHeadersAfter(HeaderWriterFilter.java:90)
	at org.springframework.security.web.header.HeaderWriterFilter.doFilterInternal(HeaderWriterFilter.java:75)
	at org.springframework.web.filter.OncePerRequestFilter.doFilter(OncePerRequestFilter.java:116)
	at org.springframework.security.web.ObservationFilterChainDecorator$ObservationFilter.wrapFilter(ObservationFilterChainDecorator.java:240)
	at org.springframework.security.web.ObservationFilterChainDecorator$ObservationFilter.doFilter(ObservationFilterChainDecorator.java:227)
	at org.springframework.security.web.ObservationFilterChainDecorator$VirtualFilterChain.doFilter(ObservationFilterChainDecorator.java:137)
	at org.springframework.security.web.context.SecurityContextHolderFilter.doFilter(SecurityContextHolderFilter.java:82)
	at org.springframework.security.web.context.SecurityContextHolderFilter.doFilter(SecurityContextHolderFilter.java:69)
	at org.springframework.security.web.ObservationFilterChainDecorator$ObservationFilter.wrapFilter(ObservationFilterChainDecorator.java:240)
	at org.springframework.security.web.ObservationFilterChainDecorator$ObservationFilter.doFilter(ObservationFilterChainDecorator.java:227)
	at org.springframework.security.web.ObservationFilterChainDecorator$VirtualFilterChain.doFilter(ObservationFilterChainDecorator.java:137)
	at org.springframework.security.web.context.request.async.WebAsyncManagerIntegrationFilter.doFilterInternal(WebAsyncManagerIntegrationFilter.java:62)
	at org.springframework.web.filter.OncePerRequestFilter.doFilter(OncePerRequestFilter.java:116)
	at org.springframework.security.web.ObservationFilterChainDecorator$ObservationFilter.wrapFilter(ObservationFilterChainDecorator.java:240)
	at org.springframework.security.web.ObservationFilterChainDecorator$ObservationFilter.doFilter(ObservationFilterChainDecorator.java:227)
	at org.springframework.security.web.ObservationFilterChainDecorator$VirtualFilterChain.doFilter(ObservationFilterChainDecorator.java:137)
	at org.springframework.security.web.session.DisableEncodeUrlFilter.doFilterInternal(DisableEncodeUrlFilter.java:42)
	at org.springframework.web.filter.OncePerRequestFilter.doFilter(OncePerRequestFilter.java:116)
	at org.springframework.security.web.ObservationFilterChainDecorator$ObservationFilter.wrapFilter(ObservationFilterChainDecorator.java:240)
	at org.springframework.security.web.ObservationFilterChainDecorator$AroundFilterObservation$SimpleAroundFilterObservation.lambda$wrap$0(ObservationFilterChainDecorator.java:323)
	at org.springframework.security.web.ObservationFilterChainDecorator$ObservationFilter.doFilter(ObservationFilterChainDecorator.java:224)
	at org.springframework.security.web.ObservationFilterChainDecorator$VirtualFilterChain.doFilter(ObservationFilterChainDecorator.java:137)
	at org.springframework.security.web.FilterChainProxy.doFilterInternal(FilterChainProxy.java:233)
	at org.springframework.security.web.FilterChainProxy.doFilter(FilterChainProxy.java:191)
	at org.springframework.web.filter.CompositeFilter$VirtualFilterChain.doFilter(CompositeFilter.java:113)
	at org.springframework.web.servlet.handler.HandlerMappingIntrospector.lambda$createCacheFilter$3(HandlerMappingIntrospector.java:243)
	at org.springframework.web.filter.CompositeFilter$VirtualFilterChain.doFilter(CompositeFilter.java:113)
	at org.springframework.web.filter.CompositeFilter.doFilter(CompositeFilter.java:74)
	at org.springframework.security.config.annotation.web.configuration.WebMvcSecurityConfiguration$CompositeFilterChainProxy.doFilter(WebMvcSecurityConfiguration.java:238)
	at org.springframework.web.filter.DelegatingFilterProxy.invokeDelegate(DelegatingFilterProxy.java:362)
	at org.springframework.web.filter.DelegatingFilterProxy.doFilter(DelegatingFilterProxy.java:278)
	at org.apache.catalina.core.ApplicationFilterChain.internalDoFilter(ApplicationFilterChain.java:164)
	at org.apache.catalina.core.ApplicationFilterChain.doFilter(ApplicationFilterChain.java:140)
	at org.springframework.web.filter.RequestContextFilter.doFilterInternal(RequestContextFilter.java:100)
	at org.springframework.web.filter.OncePerRequestFilter.doFilter(OncePerRequestFilter.java:116)
	at org.apache.catalina.core.ApplicationFilterChain.internalDoFilter(ApplicationFilterChain.java:164)
	at org.apache.catalina.core.ApplicationFilterChain.doFilter(ApplicationFilterChain.java:140)
	at org.springframework.web.filter.FormContentFilter.doFilterInternal(FormContentFilter.java:93)
	at org.springframework.web.filter.OncePerRequestFilter.doFilter(OncePerRequestFilter.java:116)
	at org.apache.catalina.core.ApplicationFilterChain.internalDoFilter(ApplicationFilterChain.java:164)
	at org.apache.catalina.core.ApplicationFilterChain.doFilter(ApplicationFilterChain.java:140)
	at org.springframework.web.filter.ServerHttpObservationFilter.doFilterInternal(ServerHttpObservationFilter.java:114)
	at org.springframework.web.filter.OncePerRequestFilter.doFilter(OncePerRequestFilter.java:116)
	at org.apache.catalina.core.ApplicationFilterChain.internalDoFilter(ApplicationFilterChain.java:164)
	at org.apache.catalina.core.ApplicationFilterChain.doFilter(ApplicationFilterChain.java:140)
	at org.springframework.web.filter.CharacterEncodingFilter.doFilterInternal(CharacterEncodingFilter.java:201)
	at org.springframework.web.filter.OncePerRequestFilter.doFilter(OncePerRequestFilter.java:116)
	at org.apache.catalina.core.ApplicationFilterChain.internalDoFilter(ApplicationFilterChain.java:164)
	at org.apache.catalina.core.ApplicationFilterChain.doFilter(ApplicationFilterChain.java:140)
	at org.apache.catalina.core.StandardWrapperValve.invoke(StandardWrapperValve.java:167)
	at org.apache.catalina.core.StandardContextValve.invoke(StandardContextValve.java:90)
	at org.apache.catalina.authenticator.AuthenticatorBase.invoke(AuthenticatorBase.java:483)
	at org.apache.catalina.core.StandardHostValve.invoke(StandardHostValve.java:115)
	at org.apache.catalina.valves.ErrorReportValve.invoke(ErrorReportValve.java:93)
	at org.apache.catalina.core.StandardEngineValve.invoke(StandardEngineValve.java:74)
	at org.apache.catalina.connector.CoyoteAdapter.service(CoyoteAdapter.java:344)
	at org.apache.coyote.http11.Http11Processor.service(Http11Processor.java:397)
	at org.apache.coyote.AbstractProcessorLight.process(AbstractProcessorLight.java:63)
	at org.apache.coyote.AbstractProtocol$ConnectionHandler.process(AbstractProtocol.java:905)
	at org.apache.tomcat.util.net.NioEndpoint$SocketProcessor.doRun(NioEndpoint.java:1741)
	at org.apache.tomcat.util.net.SocketProcessorBase.run(SocketProcessorBase.java:52)
	at org.apache.tomcat.util.threads.ThreadPoolExecutor.runWorker(ThreadPoolExecutor.java:1190)
	at org.apache.tomcat.util.threads.ThreadPoolExecutor$Worker.run(ThreadPoolExecutor.java:659)
	at org.apache.tomcat.util.threads.TaskThread$WrappingRunnable.run(TaskThread.java:63)
	at java.base/java.lang.Thread.run(Thread.java:840)
26-06-15 17:13:51.792 [http-nio-8080-exec-1] [32mTRACE[0;39m o.s.s.w.h.writers.HstsHeaderWriter   [f112939442c543b9a610ac43c5d6d9e7 | GET | /api/auth/csrf-token] - Not injecting HSTS header since it did not match request to [Is Secure]
26-06-15 17:13:51.794 [http-nio-8080-exec-1] [32mDEBUG[0;39m c.s.m.d.config.MDCLoggingInterceptor [f112939442c543b9a610ac43c5d6d9e7 | GET | /api/auth/csrf-token] - Request completed
26-06-15 17:13:58.919 [http-nio-8080-exec-4] [32mTRACE[0;39m o.s.security.web.FilterChainProxy    [ |  | ] - Trying to match request against DefaultSecurityFilterChain defined as 'filterChain' in [class path resource [com/sprint/mission/discodeit/config/SecurityConfig.class]] matching [any request] and having filters [DisableEncodeUrl, WebAsyncManagerIntegration, SecurityContextHolder, HeaderWriter, Logout, JwtAuthentication, UsernamePasswordAuthentication, RequestCacheAware, SecurityContextHolderAwareRequest, AnonymousAuthentication, SessionManagement, ExceptionTranslation, Authorization] (1/1)
26-06-15 17:13:58.937 [http-nio-8080-exec-4] [32mDEBUG[0;39m o.s.security.web.FilterChainProxy    [ |  | ] - Securing POST /api/auth/login
26-06-15 17:13:58.938 [http-nio-8080-exec-4] [32mTRACE[0;39m o.s.security.web.FilterChainProxy    [ |  | ] - Invoking DisableEncodeUrlFilter (1/13)
26-06-15 17:13:58.948 [http-nio-8080-exec-4] [32mTRACE[0;39m o.s.security.web.FilterChainProxy    [ |  | ] - Invoking WebAsyncManagerIntegrationFilter (2/13)
26-06-15 17:13:58.950 [http-nio-8080-exec-4] [32mTRACE[0;39m o.s.security.web.FilterChainProxy    [ |  | ] - Invoking SecurityContextHolderFilter (3/13)
26-06-15 17:13:58.952 [http-nio-8080-exec-4] [32mTRACE[0;39m o.s.security.web.FilterChainProxy    [ |  | ] - Invoking HeaderWriterFilter (4/13)
26-06-15 17:13:58.953 [http-nio-8080-exec-4] [32mTRACE[0;39m o.s.security.web.FilterChainProxy    [ |  | ] - Invoking LogoutFilter (5/13)
26-06-15 17:13:58.957 [http-nio-8080-exec-4] [32mTRACE[0;39m o.s.s.w.a.logout.LogoutFilter        [ |  | ] - Did not match request to Or [Ant [pattern='/api/auth/logout', GET], Ant [pattern='/api/auth/logout', POST], Ant [pattern='/api/auth/logout', PUT], Ant [pattern='/api/auth/logout', DELETE]]
26-06-15 17:13:58.958 [http-nio-8080-exec-4] [32mTRACE[0;39m o.s.security.web.FilterChainProxy    [ |  | ] - Invoking JwtAuthenticationFilter (6/13)
26-06-15 17:13:58.958 [http-nio-8080-exec-4] [32mTRACE[0;39m o.s.security.web.FilterChainProxy    [ |  | ] - Invoking UsernamePasswordAuthenticationFilter (7/13)
26-06-15 17:13:58.986 [http-nio-8080-exec-4] [32mTRACE[0;39m o.s.s.authentication.ProviderManager [ |  | ] - Authenticating request with DaoAuthenticationProvider (1/1)
26-06-15 17:13:59.514 [http-nio-8080-exec-4] [32mDEBUG[0;39m org.hibernate.SQL                    [ |  | ] - 
    select
        u1_0.id,
        u1_0.created_at,
        u1_0.email,
        u1_0.password,
        u1_0.profile_id,
        u1_0.role,
        u1_0.updated_at,
        u1_0.username 
    from
        users u1_0 
    where
        u1_0.username=?
26-06-15 17:13:59.516 [http-nio-8080-exec-4] [32mTRACE[0;39m org.hibernate.orm.jdbc.bind          [ |  | ] - binding parameter (1:VARCHAR) <- []
26-06-15 17:13:59.545 [http-nio-8080-exec-4] [32mDEBUG[0;39m o.s.s.a.DefaultAuthenticationEventPublisher [ |  | ] - No event was found for the exception org.springframework.security.authentication.InternalAuthenticationServiceException
26-06-15 17:13:59.547 [http-nio-8080-exec-4] [31mERROR[0;39m o.s.s.w.a.UsernamePasswordAuthenticationFilter [ |  | ] - An internal error occurred while trying to authenticate the user.
org.springframework.security.authentication.InternalAuthenticationServiceException: 사용자를 찾을 수 없습니다.
	at org.springframework.security.authentication.dao.DaoAuthenticationProvider.retrieveUser(DaoAuthenticationProvider.java:122)
	at org.springframework.security.authentication.dao.AbstractUserDetailsAuthenticationProvider.authenticate(AbstractUserDetailsAuthenticationProvider.java:133)
	at org.springframework.security.authentication.ProviderManager.authenticate(ProviderManager.java:182)
	at org.springframework.security.authentication.ProviderManager.authenticate(ProviderManager.java:201)
	at org.springframework.security.authentication.ObservationAuthenticationManager.lambda$authenticate$1(ObservationAuthenticationManager.java:54)
	at io.micrometer.observation.Observation.observe(Observation.java:565)
	at org.springframework.security.authentication.ObservationAuthenticationManager.authenticate(ObservationAuthenticationManager.java:53)
	at org.springframework.security.web.authentication.UsernamePasswordAuthenticationFilter.attemptAuthentication(UsernamePasswordAuthenticationFilter.java:85)
	at org.springframework.security.web.authentication.AbstractAuthenticationProcessingFilter.doFilter(AbstractAuthenticationProcessingFilter.java:231)
	at org.springframework.security.web.authentication.AbstractAuthenticationProcessingFilter.doFilter(AbstractAuthenticationProcessingFilter.java:221)
	at org.springframework.security.web.ObservationFilterChainDecorator$ObservationFilter.wrapFilter(ObservationFilterChainDecorator.java:240)
	at org.springframework.security.web.ObservationFilterChainDecorator$ObservationFilter.doFilter(ObservationFilterChainDecorator.java:227)
	at org.springframework.security.web.ObservationFilterChainDecorator$VirtualFilterChain.doFilter(ObservationFilterChainDecorator.java:137)
	at com.sprint.mission.discodeit.security.jwt.JwtAuthenticationFilter.doFilterInternal(JwtAuthenticationFilter.java:72)
	at org.springframework.web.filter.OncePerRequestFilter.doFilter(OncePerRequestFilter.java:116)
	at org.springframework.security.web.ObservationFilterChainDecorator$ObservationFilter.wrapFilter(ObservationFilterChainDecorator.java:240)
	at org.springframework.security.web.ObservationFilterChainDecorator$ObservationFilter.doFilter(ObservationFilterChainDecorator.java:227)
	at org.springframework.security.web.ObservationFilterChainDecorator$VirtualFilterChain.doFilter(ObservationFilterChainDecorator.java:137)
	at org.springframework.security.web.authentication.logout.LogoutFilter.doFilter(LogoutFilter.java:107)
	at org.springframework.security.web.authentication.logout.LogoutFilter.doFilter(LogoutFilter.java:93)
	at org.springframework.security.web.ObservationFilterChainDecorator$ObservationFilter.wrapFilter(ObservationFilterChainDecorator.java:240)
	at org.springframework.security.web.ObservationFilterChainDecorator$ObservationFilter.doFilter(ObservationFilterChainDecorator.java:227)
	at org.springframework.security.web.ObservationFilterChainDecorator$VirtualFilterChain.doFilter(ObservationFilterChainDecorator.java:137)
	at org.springframework.security.web.header.HeaderWriterFilter.doHeadersAfter(HeaderWriterFilter.java:90)
	at org.springframework.security.web.header.HeaderWriterFilter.doFilterInternal(HeaderWriterFilter.java:75)
	at org.springframework.web.filter.OncePerRequestFilter.doFilter(OncePerRequestFilter.java:116)
	at org.springframework.security.web.ObservationFilterChainDecorator$ObservationFilter.wrapFilter(ObservationFilterChainDecorator.java:240)
	at org.springframework.security.web.ObservationFilterChainDecorator$ObservationFilter.doFilter(ObservationFilterChainDecorator.java:227)
	at org.springframework.security.web.ObservationFilterChainDecorator$VirtualFilterChain.doFilter(ObservationFilterChainDecorator.java:137)
	at org.springframework.security.web.context.SecurityContextHolderFilter.doFilter(SecurityContextHolderFilter.java:82)
	at org.springframework.security.web.context.SecurityContextHolderFilter.doFilter(SecurityContextHolderFilter.java:69)
	at org.springframework.security.web.ObservationFilterChainDecorator$ObservationFilter.wrapFilter(ObservationFilterChainDecorator.java:240)
	at org.springframework.security.web.ObservationFilterChainDecorator$ObservationFilter.doFilter(ObservationFilterChainDecorator.java:227)
	at org.springframework.security.web.ObservationFilterChainDecorator$VirtualFilterChain.doFilter(ObservationFilterChainDecorator.java:137)
	at org.springframework.security.web.context.request.async.WebAsyncManagerIntegrationFilter.doFilterInternal(WebAsyncManagerIntegrationFilter.java:62)
	at org.springframework.web.filter.OncePerRequestFilter.doFilter(OncePerRequestFilter.java:116)
	at org.springframework.security.web.ObservationFilterChainDecorator$ObservationFilter.wrapFilter(ObservationFilterChainDecorator.java:240)
	at org.springframework.security.web.ObservationFilterChainDecorator$ObservationFilter.doFilter(ObservationFilterChainDecorator.java:227)
	at org.springframework.security.web.ObservationFilterChainDecorator$VirtualFilterChain.doFilter(ObservationFilterChainDecorator.java:137)
	at org.springframework.security.web.session.DisableEncodeUrlFilter.doFilterInternal(DisableEncodeUrlFilter.java:42)
	at org.springframework.web.filter.OncePerRequestFilter.doFilter(OncePerRequestFilter.java:116)
	at org.springframework.security.web.ObservationFilterChainDecorator$ObservationFilter.wrapFilter(ObservationFilterChainDecorator.java:240)
	at org.springframework.security.web.ObservationFilterChainDecorator$AroundFilterObservation$SimpleAroundFilterObservation.lambda$wrap$0(ObservationFilterChainDecorator.java:323)
	at org.springframework.security.web.ObservationFilterChainDecorator$ObservationFilter.doFilter(ObservationFilterChainDecorator.java:224)
	at org.springframework.security.web.ObservationFilterChainDecorator$VirtualFilterChain.doFilter(ObservationFilterChainDecorator.java:137)
	at org.springframework.security.web.FilterChainProxy.doFilterInternal(FilterChainProxy.java:233)
	at org.springframework.security.web.FilterChainProxy.doFilter(FilterChainProxy.java:191)
	at org.springframework.web.filter.CompositeFilter$VirtualFilterChain.doFilter(CompositeFilter.java:113)
	at org.springframework.web.servlet.handler.HandlerMappingIntrospector.lambda$createCacheFilter$3(HandlerMappingIntrospector.java:243)
	at org.springframework.web.filter.CompositeFilter$VirtualFilterChain.doFilter(CompositeFilter.java:113)
	at org.springframework.web.filter.CompositeFilter.doFilter(CompositeFilter.java:74)
	at org.springframework.security.config.annotation.web.configuration.WebMvcSecurityConfiguration$CompositeFilterChainProxy.doFilter(WebMvcSecurityConfiguration.java:238)
	at org.springframework.web.filter.DelegatingFilterProxy.invokeDelegate(DelegatingFilterProxy.java:362)
	at org.springframework.web.filter.DelegatingFilterProxy.doFilter(DelegatingFilterProxy.java:278)
	at org.apache.catalina.core.ApplicationFilterChain.internalDoFilter(ApplicationFilterChain.java:164)
	at org.apache.catalina.core.ApplicationFilterChain.doFilter(ApplicationFilterChain.java:140)
	at org.springframework.web.filter.RequestContextFilter.doFilterInternal(RequestContextFilter.java:100)
	at org.springframework.web.filter.OncePerRequestFilter.doFilter(OncePerRequestFilter.java:116)
	at org.apache.catalina.core.ApplicationFilterChain.internalDoFilter(ApplicationFilterChain.java:164)
	at org.apache.catalina.core.ApplicationFilterChain.doFilter(ApplicationFilterChain.java:140)
	at org.springframework.web.filter.FormContentFilter.doFilterInternal(FormContentFilter.java:93)
	at org.springframework.web.filter.OncePerRequestFilter.doFilter(OncePerRequestFilter.java:116)
	at org.apache.catalina.core.ApplicationFilterChain.internalDoFilter(ApplicationFilterChain.java:164)
	at org.apache.catalina.core.ApplicationFilterChain.doFilter(ApplicationFilterChain.java:140)
	at org.springframework.web.filter.ServerHttpObservationFilter.doFilterInternal(ServerHttpObservationFilter.java:114)
	at org.springframework.web.filter.OncePerRequestFilter.doFilter(OncePerRequestFilter.java:116)
	at org.apache.catalina.core.ApplicationFilterChain.internalDoFilter(ApplicationFilterChain.java:164)
	at org.apache.catalina.core.ApplicationFilterChain.doFilter(ApplicationFilterChain.java:140)
	at org.springframework.web.filter.CharacterEncodingFilter.doFilterInternal(CharacterEncodingFilter.java:201)
	at org.springframework.web.filter.OncePerRequestFilter.doFilter(OncePerRequestFilter.java:116)
	at org.apache.catalina.core.ApplicationFilterChain.internalDoFilter(ApplicationFilterChain.java:164)
	at org.apache.catalina.core.ApplicationFilterChain.doFilter(ApplicationFilterChain.java:140)
	at org.apache.catalina.core.StandardWrapperValve.invoke(StandardWrapperValve.java:167)
	at org.apache.catalina.core.StandardContextValve.invoke(StandardContextValve.java:90)
	at org.apache.catalina.authenticator.AuthenticatorBase.invoke(AuthenticatorBase.java:483)
	at org.apache.catalina.core.StandardHostValve.invoke(StandardHostValve.java:115)
	at org.apache.catalina.valves.ErrorReportValve.invoke(ErrorReportValve.java:93)
	at org.apache.catalina.core.StandardEngineValve.invoke(StandardEngineValve.java:74)
	at org.apache.catalina.connector.CoyoteAdapter.service(CoyoteAdapter.java:344)
	at org.apache.coyote.http11.Http11Processor.service(Http11Processor.java:397)
	at org.apache.coyote.AbstractProcessorLight.process(AbstractProcessorLight.java:63)
	at org.apache.coyote.AbstractProtocol$ConnectionHandler.process(AbstractProtocol.java:905)
	at org.apache.tomcat.util.net.NioEndpoint$SocketProcessor.doRun(NioEndpoint.java:1741)
	at org.apache.tomcat.util.net.SocketProcessorBase.run(SocketProcessorBase.java:52)
	at org.apache.tomcat.util.threads.ThreadPoolExecutor.runWorker(ThreadPoolExecutor.java:1190)
	at org.apache.tomcat.util.threads.ThreadPoolExecutor$Worker.run(ThreadPoolExecutor.java:659)
	at org.apache.tomcat.util.threads.TaskThread$WrappingRunnable.run(TaskThread.java:63)
	at java.base/java.lang.Thread.run(Thread.java:840)
Caused by: com.sprint.mission.discodeit.exception.user.UserNotFoundException: 사용자를 찾을 수 없습니다.
	at com.sprint.mission.discodeit.exception.user.UserNotFoundException.withUsername(UserNotFoundException.java:19)
	at com.sprint.mission.discodeit.security.DiscodeitUserDetailsService.lambda$loadUserByUsername$0(DiscodeitUserDetailsService.java:26)
	at java.base/java.util.Optional.orElseThrow(Optional.java:403)
	at com.sprint.mission.discodeit.security.DiscodeitUserDetailsService.loadUserByUsername(DiscodeitUserDetailsService.java:26)
	at java.base/jdk.internal.reflect.NativeMethodAccessorImpl.invoke0(Native Method)
	at java.base/jdk.internal.reflect.NativeMethodAccessorImpl.invoke(NativeMethodAccessorImpl.java:77)
	at java.base/jdk.internal.reflect.DelegatingMethodAccessorImpl.invoke(DelegatingMethodAccessorImpl.java:43)
	at java.base/java.lang.reflect.Method.invoke(Method.java:569)
	at org.springframework.aop.support.AopUtils.invokeJoinpointUsingReflection(AopUtils.java:359)
	at org.springframework.aop.framework.ReflectiveMethodInvocation.invokeJoinpoint(ReflectiveMethodInvocation.java:196)
	at org.springframework.aop.framework.ReflectiveMethodInvocation.proceed(ReflectiveMethodInvocation.java:163)
	at org.springframework.transaction.interceptor.TransactionAspectSupport.invokeWithinTransaction(TransactionAspectSupport.java:380)
	at org.springframework.transaction.interceptor.TransactionInterceptor.invoke(TransactionInterceptor.java:119)
	at org.springframework.aop.framework.ReflectiveMethodInvocation.proceed(ReflectiveMethodInvocation.java:184)
	at org.springframework.aop.framework.CglibAopProxy$DynamicAdvisedInterceptor.intercept(CglibAopProxy.java:727)
	at com.sprint.mission.discodeit.security.DiscodeitUserDetailsService$$SpringCGLIB$$0.loadUserByUsername(<generated>)
	at org.springframework.security.authentication.dao.DaoAuthenticationProvider.retrieveUser(DaoAuthenticationProvider.java:107)
	... 87 common frames omitted
26-06-15 17:13:59.552 [http-nio-8080-exec-4] [32mTRACE[0;39m o.s.s.w.a.UsernamePasswordAuthenticationFilter [ |  | ] - Failed to process authentication request
org.springframework.security.authentication.InternalAuthenticationServiceException: 사용자를 찾을 수 없습니다.
	at org.springframework.security.authentication.dao.DaoAuthenticationProvider.retrieveUser(DaoAuthenticationProvider.java:122)
	at org.springframework.security.authentication.dao.AbstractUserDetailsAuthenticationProvider.authenticate(AbstractUserDetailsAuthenticationProvider.java:133)
	at org.springframework.security.authentication.ProviderManager.authenticate(ProviderManager.java:182)
	at org.springframework.security.authentication.ProviderManager.authenticate(ProviderManager.java:201)
	at org.springframework.security.authentication.ObservationAuthenticationManager.lambda$authenticate$1(ObservationAuthenticationManager.java:54)
	at io.micrometer.observation.Observation.observe(Observation.java:565)
	at org.springframework.security.authentication.ObservationAuthenticationManager.authenticate(ObservationAuthenticationManager.java:53)
	at org.springframework.security.web.authentication.UsernamePasswordAuthenticationFilter.attemptAuthentication(UsernamePasswordAuthenticationFilter.java:85)
	at org.springframework.security.web.authentication.AbstractAuthenticationProcessingFilter.doFilter(AbstractAuthenticationProcessingFilter.java:231)
	at org.springframework.security.web.authentication.AbstractAuthenticationProcessingFilter.doFilter(AbstractAuthenticationProcessingFilter.java:221)
	at org.springframework.security.web.ObservationFilterChainDecorator$ObservationFilter.wrapFilter(ObservationFilterChainDecorator.java:240)
	at org.springframework.security.web.ObservationFilterChainDecorator$ObservationFilter.doFilter(ObservationFilterChainDecorator.java:227)
	at org.springframework.security.web.ObservationFilterChainDecorator$VirtualFilterChain.doFilter(ObservationFilterChainDecorator.java:137)
	at com.sprint.mission.discodeit.security.jwt.JwtAuthenticationFilter.doFilterInternal(JwtAuthenticationFilter.java:72)
	at org.springframework.web.filter.OncePerRequestFilter.doFilter(OncePerRequestFilter.java:116)
	at org.springframework.security.web.ObservationFilterChainDecorator$ObservationFilter.wrapFilter(ObservationFilterChainDecorator.java:240)
	at org.springframework.security.web.ObservationFilterChainDecorator$ObservationFilter.doFilter(ObservationFilterChainDecorator.java:227)
	at org.springframework.security.web.ObservationFilterChainDecorator$VirtualFilterChain.doFilter(ObservationFilterChainDecorator.java:137)
	at org.springframework.security.web.authentication.logout.LogoutFilter.doFilter(LogoutFilter.java:107)
	at org.springframework.security.web.authentication.logout.LogoutFilter.doFilter(LogoutFilter.java:93)
	at org.springframework.security.web.ObservationFilterChainDecorator$ObservationFilter.wrapFilter(ObservationFilterChainDecorator.java:240)
	at org.springframework.security.web.ObservationFilterChainDecorator$ObservationFilter.doFilter(ObservationFilterChainDecorator.java:227)
	at org.springframework.security.web.ObservationFilterChainDecorator$VirtualFilterChain.doFilter(ObservationFilterChainDecorator.java:137)
	at org.springframework.security.web.header.HeaderWriterFilter.doHeadersAfter(HeaderWriterFilter.java:90)
	at org.springframework.security.web.header.HeaderWriterFilter.doFilterInternal(HeaderWriterFilter.java:75)
	at org.springframework.web.filter.OncePerRequestFilter.doFilter(OncePerRequestFilter.java:116)
	at org.springframework.security.web.ObservationFilterChainDecorator$ObservationFilter.wrapFilter(ObservationFilterChainDecorator.java:240)
	at org.springframework.security.web.ObservationFilterChainDecorator$ObservationFilter.doFilter(ObservationFilterChainDecorator.java:227)
	at org.springframework.security.web.ObservationFilterChainDecorator$VirtualFilterChain.doFilter(ObservationFilterChainDecorator.java:137)
	at org.springframework.security.web.context.SecurityContextHolderFilter.doFilter(SecurityContextHolderFilter.java:82)
	at org.springframework.security.web.context.SecurityContextHolderFilter.doFilter(SecurityContextHolderFilter.java:69)
	at org.springframework.security.web.ObservationFilterChainDecorator$ObservationFilter.wrapFilter(ObservationFilterChainDecorator.java:240)
	at org.springframework.security.web.ObservationFilterChainDecorator$ObservationFilter.doFilter(ObservationFilterChainDecorator.java:227)
	at org.springframework.security.web.ObservationFilterChainDecorator$VirtualFilterChain.doFilter(ObservationFilterChainDecorator.java:137)
	at org.springframework.security.web.context.request.async.WebAsyncManagerIntegrationFilter.doFilterInternal(WebAsyncManagerIntegrationFilter.java:62)
	at org.springframework.web.filter.OncePerRequestFilter.doFilter(OncePerRequestFilter.java:116)
	at org.springframework.security.web.ObservationFilterChainDecorator$ObservationFilter.wrapFilter(ObservationFilterChainDecorator.java:240)
	at org.springframework.security.web.ObservationFilterChainDecorator$ObservationFilter.doFilter(ObservationFilterChainDecorator.java:227)
	at org.springframework.security.web.ObservationFilterChainDecorator$VirtualFilterChain.doFilter(ObservationFilterChainDecorator.java:137)
	at org.springframework.security.web.session.DisableEncodeUrlFilter.doFilterInternal(DisableEncodeUrlFilter.java:42)
	at org.springframework.web.filter.OncePerRequestFilter.doFilter(OncePerRequestFilter.java:116)
	at org.springframework.security.web.ObservationFilterChainDecorator$ObservationFilter.wrapFilter(ObservationFilterChainDecorator.java:240)
	at org.springframework.security.web.ObservationFilterChainDecorator$AroundFilterObservation$SimpleAroundFilterObservation.lambda$wrap$0(ObservationFilterChainDecorator.java:323)
	at org.springframework.security.web.ObservationFilterChainDecorator$ObservationFilter.doFilter(ObservationFilterChainDecorator.java:224)
	at org.springframework.security.web.ObservationFilterChainDecorator$VirtualFilterChain.doFilter(ObservationFilterChainDecorator.java:137)
	at org.springframework.security.web.FilterChainProxy.doFilterInternal(FilterChainProxy.java:233)
	at org.springframework.security.web.FilterChainProxy.doFilter(FilterChainProxy.java:191)
	at org.springframework.web.filter.CompositeFilter$VirtualFilterChain.doFilter(CompositeFilter.java:113)
	at org.springframework.web.servlet.handler.HandlerMappingIntrospector.lambda$createCacheFilter$3(HandlerMappingIntrospector.java:243)
	at org.springframework.web.filter.CompositeFilter$VirtualFilterChain.doFilter(CompositeFilter.java:113)
	at org.springframework.web.filter.CompositeFilter.doFilter(CompositeFilter.java:74)
	at org.springframework.security.config.annotation.web.configuration.WebMvcSecurityConfiguration$CompositeFilterChainProxy.doFilter(WebMvcSecurityConfiguration.java:238)
	at org.springframework.web.filter.DelegatingFilterProxy.invokeDelegate(DelegatingFilterProxy.java:362)
	at org.springframework.web.filter.DelegatingFilterProxy.doFilter(DelegatingFilterProxy.java:278)
	at org.apache.catalina.core.ApplicationFilterChain.internalDoFilter(ApplicationFilterChain.java:164)
	at org.apache.catalina.core.ApplicationFilterChain.doFilter(ApplicationFilterChain.java:140)
	at org.springframework.web.filter.RequestContextFilter.doFilterInternal(RequestContextFilter.java:100)
	at org.springframework.web.filter.OncePerRequestFilter.doFilter(OncePerRequestFilter.java:116)
	at org.apache.catalina.core.ApplicationFilterChain.internalDoFilter(ApplicationFilterChain.java:164)
	at org.apache.catalina.core.ApplicationFilterChain.doFilter(ApplicationFilterChain.java:140)
	at org.springframework.web.filter.FormContentFilter.doFilterInternal(FormContentFilter.java:93)
	at org.springframework.web.filter.OncePerRequestFilter.doFilter(OncePerRequestFilter.java:116)
	at org.apache.catalina.core.ApplicationFilterChain.internalDoFilter(ApplicationFilterChain.java:164)
	at org.apache.catalina.core.ApplicationFilterChain.doFilter(ApplicationFilterChain.java:140)
	at org.springframework.web.filter.ServerHttpObservationFilter.doFilterInternal(ServerHttpObservationFilter.java:114)
	at org.springframework.web.filter.OncePerRequestFilter.doFilter(OncePerRequestFilter.java:116)
	at org.apache.catalina.core.ApplicationFilterChain.internalDoFilter(ApplicationFilterChain.java:164)
	at org.apache.catalina.core.ApplicationFilterChain.doFilter(ApplicationFilterChain.java:140)
	at org.springframework.web.filter.CharacterEncodingFilter.doFilterInternal(CharacterEncodingFilter.java:201)
	at org.springframework.web.filter.OncePerRequestFilter.doFilter(OncePerRequestFilter.java:116)
	at org.apache.catalina.core.ApplicationFilterChain.internalDoFilter(ApplicationFilterChain.java:164)
	at org.apache.catalina.core.ApplicationFilterChain.doFilter(ApplicationFilterChain.java:140)
	at org.apache.catalina.core.StandardWrapperValve.invoke(StandardWrapperValve.java:167)
	at org.apache.catalina.core.StandardContextValve.invoke(StandardContextValve.java:90)
	at org.apache.catalina.authenticator.AuthenticatorBase.invoke(AuthenticatorBase.java:483)
	at org.apache.catalina.core.StandardHostValve.invoke(StandardHostValve.java:115)
	at org.apache.catalina.valves.ErrorReportValve.invoke(ErrorReportValve.java:93)
	at org.apache.catalina.core.StandardEngineValve.invoke(StandardEngineValve.java:74)
	at org.apache.catalina.connector.CoyoteAdapter.service(CoyoteAdapter.java:344)
	at org.apache.coyote.http11.Http11Processor.service(Http11Processor.java:397)
	at org.apache.coyote.AbstractProcessorLight.process(AbstractProcessorLight.java:63)
	at org.apache.coyote.AbstractProtocol$ConnectionHandler.process(AbstractProtocol.java:905)
	at org.apache.tomcat.util.net.NioEndpoint$SocketProcessor.doRun(NioEndpoint.java:1741)
	at org.apache.tomcat.util.net.SocketProcessorBase.run(SocketProcessorBase.java:52)
	at org.apache.tomcat.util.threads.ThreadPoolExecutor.runWorker(ThreadPoolExecutor.java:1190)
	at org.apache.tomcat.util.threads.ThreadPoolExecutor$Worker.run(ThreadPoolExecutor.java:659)
	at org.apache.tomcat.util.threads.TaskThread$WrappingRunnable.run(TaskThread.java:63)
	at java.base/java.lang.Thread.run(Thread.java:840)
Caused by: com.sprint.mission.discodeit.exception.user.UserNotFoundException: 사용자를 찾을 수 없습니다.
	at com.sprint.mission.discodeit.exception.user.UserNotFoundException.withUsername(UserNotFoundException.java:19)
	at com.sprint.mission.discodeit.security.DiscodeitUserDetailsService.lambda$loadUserByUsername$0(DiscodeitUserDetailsService.java:26)
	at java.base/java.util.Optional.orElseThrow(Optional.java:403)
	at com.sprint.mission.discodeit.security.DiscodeitUserDetailsService.loadUserByUsername(DiscodeitUserDetailsService.java:26)
	at java.base/jdk.internal.reflect.NativeMethodAccessorImpl.invoke0(Native Method)
	at java.base/jdk.internal.reflect.NativeMethodAccessorImpl.invoke(NativeMethodAccessorImpl.java:77)
	at java.base/jdk.internal.reflect.DelegatingMethodAccessorImpl.invoke(DelegatingMethodAccessorImpl.java:43)
	at java.base/java.lang.reflect.Method.invoke(Method.java:569)
	at org.springframework.aop.support.AopUtils.invokeJoinpointUsingReflection(AopUtils.java:359)
	at org.springframework.aop.framework.ReflectiveMethodInvocation.invokeJoinpoint(ReflectiveMethodInvocation.java:196)
	at org.springframework.aop.framework.ReflectiveMethodInvocation.proceed(ReflectiveMethodInvocation.java:163)
	at org.springframework.transaction.interceptor.TransactionAspectSupport.invokeWithinTransaction(TransactionAspectSupport.java:380)
	at org.springframework.transaction.interceptor.TransactionInterceptor.invoke(TransactionInterceptor.java:119)
	at org.springframework.aop.framework.ReflectiveMethodInvocation.proceed(ReflectiveMethodInvocation.java:184)
	at org.springframework.aop.framework.CglibAopProxy$DynamicAdvisedInterceptor.intercept(CglibAopProxy.java:727)
	at com.sprint.mission.discodeit.security.DiscodeitUserDetailsService$$SpringCGLIB$$0.loadUserByUsername(<generated>)
	at org.springframework.security.authentication.dao.DaoAuthenticationProvider.retrieveUser(DaoAuthenticationProvider.java:107)
	... 87 common frames omitted
26-06-15 17:13:59.554 [http-nio-8080-exec-4] [32mTRACE[0;39m o.s.s.w.a.UsernamePasswordAuthenticationFilter [ |  | ] - Cleared SecurityContextHolder
26-06-15 17:13:59.554 [http-nio-8080-exec-4] [32mTRACE[0;39m o.s.s.w.a.UsernamePasswordAuthenticationFilter [ |  | ] - Handling authentication failure
26-06-15 17:13:59.554 [http-nio-8080-exec-4] [31mERROR[0;39m c.s.m.d.security.LoginFailureHandler [ |  | ] - Authentication failed: 사용자를 찾을 수 없습니다.
org.springframework.security.authentication.InternalAuthenticationServiceException: 사용자를 찾을 수 없습니다.
	at org.springframework.security.authentication.dao.DaoAuthenticationProvider.retrieveUser(DaoAuthenticationProvider.java:122)
	at org.springframework.security.authentication.dao.AbstractUserDetailsAuthenticationProvider.authenticate(AbstractUserDetailsAuthenticationProvider.java:133)
	at org.springframework.security.authentication.ProviderManager.authenticate(ProviderManager.java:182)
	at org.springframework.security.authentication.ProviderManager.authenticate(ProviderManager.java:201)
	at org.springframework.security.authentication.ObservationAuthenticationManager.lambda$authenticate$1(ObservationAuthenticationManager.java:54)
	at io.micrometer.observation.Observation.observe(Observation.java:565)
	at org.springframework.security.authentication.ObservationAuthenticationManager.authenticate(ObservationAuthenticationManager.java:53)
	at org.springframework.security.web.authentication.UsernamePasswordAuthenticationFilter.attemptAuthentication(UsernamePasswordAuthenticationFilter.java:85)
	at org.springframework.security.web.authentication.AbstractAuthenticationProcessingFilter.doFilter(AbstractAuthenticationProcessingFilter.java:231)
	at org.springframework.security.web.authentication.AbstractAuthenticationProcessingFilter.doFilter(AbstractAuthenticationProcessingFilter.java:221)
	at org.springframework.security.web.ObservationFilterChainDecorator$ObservationFilter.wrapFilter(ObservationFilterChainDecorator.java:240)
	at org.springframework.security.web.ObservationFilterChainDecorator$ObservationFilter.doFilter(ObservationFilterChainDecorator.java:227)
	at org.springframework.security.web.ObservationFilterChainDecorator$VirtualFilterChain.doFilter(ObservationFilterChainDecorator.java:137)
	at com.sprint.mission.discodeit.security.jwt.JwtAuthenticationFilter.doFilterInternal(JwtAuthenticationFilter.java:72)
	at org.springframework.web.filter.OncePerRequestFilter.doFilter(OncePerRequestFilter.java:116)
	at org.springframework.security.web.ObservationFilterChainDecorator$ObservationFilter.wrapFilter(ObservationFilterChainDecorator.java:240)
	at org.springframework.security.web.ObservationFilterChainDecorator$ObservationFilter.doFilter(ObservationFilterChainDecorator.java:227)
	at org.springframework.security.web.ObservationFilterChainDecorator$VirtualFilterChain.doFilter(ObservationFilterChainDecorator.java:137)
	at org.springframework.security.web.authentication.logout.LogoutFilter.doFilter(LogoutFilter.java:107)
	at org.springframework.security.web.authentication.logout.LogoutFilter.doFilter(LogoutFilter.java:93)
	at org.springframework.security.web.ObservationFilterChainDecorator$ObservationFilter.wrapFilter(ObservationFilterChainDecorator.java:240)
	at org.springframework.security.web.ObservationFilterChainDecorator$ObservationFilter.doFilter(ObservationFilterChainDecorator.java:227)
	at org.springframework.security.web.ObservationFilterChainDecorator$VirtualFilterChain.doFilter(ObservationFilterChainDecorator.java:137)
	at org.springframework.security.web.header.HeaderWriterFilter.doHeadersAfter(HeaderWriterFilter.java:90)
	at org.springframework.security.web.header.HeaderWriterFilter.doFilterInternal(HeaderWriterFilter.java:75)
	at org.springframework.web.filter.OncePerRequestFilter.doFilter(OncePerRequestFilter.java:116)
	at org.springframework.security.web.ObservationFilterChainDecorator$ObservationFilter.wrapFilter(ObservationFilterChainDecorator.java:240)
	at org.springframework.security.web.ObservationFilterChainDecorator$ObservationFilter.doFilter(ObservationFilterChainDecorator.java:227)
	at org.springframework.security.web.ObservationFilterChainDecorator$VirtualFilterChain.doFilter(ObservationFilterChainDecorator.java:137)
	at org.springframework.security.web.context.SecurityContextHolderFilter.doFilter(SecurityContextHolderFilter.java:82)
	at org.springframework.security.web.context.SecurityContextHolderFilter.doFilter(SecurityContextHolderFilter.java:69)
	at org.springframework.security.web.ObservationFilterChainDecorator$ObservationFilter.wrapFilter(ObservationFilterChainDecorator.java:240)
	at org.springframework.security.web.ObservationFilterChainDecorator$ObservationFilter.doFilter(ObservationFilterChainDecorator.java:227)
	at org.springframework.security.web.ObservationFilterChainDecorator$VirtualFilterChain.doFilter(ObservationFilterChainDecorator.java:137)
	at org.springframework.security.web.context.request.async.WebAsyncManagerIntegrationFilter.doFilterInternal(WebAsyncManagerIntegrationFilter.java:62)
	at org.springframework.web.filter.OncePerRequestFilter.doFilter(OncePerRequestFilter.java:116)
	at org.springframework.security.web.ObservationFilterChainDecorator$ObservationFilter.wrapFilter(ObservationFilterChainDecorator.java:240)
	at org.springframework.security.web.ObservationFilterChainDecorator$ObservationFilter.doFilter(ObservationFilterChainDecorator.java:227)
	at org.springframework.security.web.ObservationFilterChainDecorator$VirtualFilterChain.doFilter(ObservationFilterChainDecorator.java:137)
	at org.springframework.security.web.session.DisableEncodeUrlFilter.doFilterInternal(DisableEncodeUrlFilter.java:42)
	at org.springframework.web.filter.OncePerRequestFilter.doFilter(OncePerRequestFilter.java:116)
	at org.springframework.security.web.ObservationFilterChainDecorator$ObservationFilter.wrapFilter(ObservationFilterChainDecorator.java:240)
	at org.springframework.security.web.ObservationFilterChainDecorator$AroundFilterObservation$SimpleAroundFilterObservation.lambda$wrap$0(ObservationFilterChainDecorator.java:323)
	at org.springframework.security.web.ObservationFilterChainDecorator$ObservationFilter.doFilter(ObservationFilterChainDecorator.java:224)
	at org.springframework.security.web.ObservationFilterChainDecorator$VirtualFilterChain.doFilter(ObservationFilterChainDecorator.java:137)
	at org.springframework.security.web.FilterChainProxy.doFilterInternal(FilterChainProxy.java:233)
	at org.springframework.security.web.FilterChainProxy.doFilter(FilterChainProxy.java:191)
	at org.springframework.web.filter.CompositeFilter$VirtualFilterChain.doFilter(CompositeFilter.java:113)
	at org.springframework.web.servlet.handler.HandlerMappingIntrospector.lambda$createCacheFilter$3(HandlerMappingIntrospector.java:243)
	at org.springframework.web.filter.CompositeFilter$VirtualFilterChain.doFilter(CompositeFilter.java:113)
	at org.springframework.web.filter.CompositeFilter.doFilter(CompositeFilter.java:74)
	at org.springframework.security.config.annotation.web.configuration.WebMvcSecurityConfiguration$CompositeFilterChainProxy.doFilter(WebMvcSecurityConfiguration.java:238)
	at org.springframework.web.filter.DelegatingFilterProxy.invokeDelegate(DelegatingFilterProxy.java:362)
	at org.springframework.web.filter.DelegatingFilterProxy.doFilter(DelegatingFilterProxy.java:278)
	at org.apache.catalina.core.ApplicationFilterChain.internalDoFilter(ApplicationFilterChain.java:164)
	at org.apache.catalina.core.ApplicationFilterChain.doFilter(ApplicationFilterChain.java:140)
	at org.springframework.web.filter.RequestContextFilter.doFilterInternal(RequestContextFilter.java:100)
	at org.springframework.web.filter.OncePerRequestFilter.doFilter(OncePerRequestFilter.java:116)
	at org.apache.catalina.core.ApplicationFilterChain.internalDoFilter(ApplicationFilterChain.java:164)
	at org.apache.catalina.core.ApplicationFilterChain.doFilter(ApplicationFilterChain.java:140)
	at org.springframework.web.filter.FormContentFilter.doFilterInternal(FormContentFilter.java:93)
	at org.springframework.web.filter.OncePerRequestFilter.doFilter(OncePerRequestFilter.java:116)
	at org.apache.catalina.core.ApplicationFilterChain.internalDoFilter(ApplicationFilterChain.java:164)
	at org.apache.catalina.core.ApplicationFilterChain.doFilter(ApplicationFilterChain.java:140)
	at org.springframework.web.filter.ServerHttpObservationFilter.doFilterInternal(ServerHttpObservationFilter.java:114)
	at org.springframework.web.filter.OncePerRequestFilter.doFilter(OncePerRequestFilter.java:116)
	at org.apache.catalina.core.ApplicationFilterChain.internalDoFilter(ApplicationFilterChain.java:164)
	at org.apache.catalina.core.ApplicationFilterChain.doFilter(ApplicationFilterChain.java:140)
	at org.springframework.web.filter.CharacterEncodingFilter.doFilterInternal(CharacterEncodingFilter.java:201)
	at org.springframework.web.filter.OncePerRequestFilter.doFilter(OncePerRequestFilter.java:116)
	at org.apache.catalina.core.ApplicationFilterChain.internalDoFilter(ApplicationFilterChain.java:164)
	at org.apache.catalina.core.ApplicationFilterChain.doFilter(ApplicationFilterChain.java:140)
	at org.apache.catalina.core.StandardWrapperValve.invoke(StandardWrapperValve.java:167)
	at org.apache.catalina.core.StandardContextValve.invoke(StandardContextValve.java:90)
	at org.apache.catalina.authenticator.AuthenticatorBase.invoke(AuthenticatorBase.java:483)
	at org.apache.catalina.core.StandardHostValve.invoke(StandardHostValve.java:115)
	at org.apache.catalina.valves.ErrorReportValve.invoke(ErrorReportValve.java:93)
	at org.apache.catalina.core.StandardEngineValve.invoke(StandardEngineValve.java:74)
	at org.apache.catalina.connector.CoyoteAdapter.service(CoyoteAdapter.java:344)
	at org.apache.coyote.http11.Http11Processor.service(Http11Processor.java:397)
	at org.apache.coyote.AbstractProcessorLight.process(AbstractProcessorLight.java:63)
	at org.apache.coyote.AbstractProtocol$ConnectionHandler.process(AbstractProtocol.java:905)
	at org.apache.tomcat.util.net.NioEndpoint$SocketProcessor.doRun(NioEndpoint.java:1741)
	at org.apache.tomcat.util.net.SocketProcessorBase.run(SocketProcessorBase.java:52)
	at org.apache.tomcat.util.threads.ThreadPoolExecutor.runWorker(ThreadPoolExecutor.java:1190)
	at org.apache.tomcat.util.threads.ThreadPoolExecutor$Worker.run(ThreadPoolExecutor.java:659)
	at org.apache.tomcat.util.threads.TaskThread$WrappingRunnable.run(TaskThread.java:63)
	at java.base/java.lang.Thread.run(Thread.java:840)
Caused by: com.sprint.mission.discodeit.exception.user.UserNotFoundException: 사용자를 찾을 수 없습니다.
	at com.sprint.mission.discodeit.exception.user.UserNotFoundException.withUsername(UserNotFoundException.java:19)
	at com.sprint.mission.discodeit.security.DiscodeitUserDetailsService.lambda$loadUserByUsername$0(DiscodeitUserDetailsService.java:26)
	at java.base/java.util.Optional.orElseThrow(Optional.java:403)
	at com.sprint.mission.discodeit.security.DiscodeitUserDetailsService.loadUserByUsername(DiscodeitUserDetailsService.java:26)
	at java.base/jdk.internal.reflect.NativeMethodAccessorImpl.invoke0(Native Method)
	at java.base/jdk.internal.reflect.NativeMethodAccessorImpl.invoke(NativeMethodAccessorImpl.java:77)
	at java.base/jdk.internal.reflect.DelegatingMethodAccessorImpl.invoke(DelegatingMethodAccessorImpl.java:43)
	at java.base/java.lang.reflect.Method.invoke(Method.java:569)
	at org.springframework.aop.support.AopUtils.invokeJoinpointUsingReflection(AopUtils.java:359)
	at org.springframework.aop.framework.ReflectiveMethodInvocation.invokeJoinpoint(ReflectiveMethodInvocation.java:196)
	at org.springframework.aop.framework.ReflectiveMethodInvocation.proceed(ReflectiveMethodInvocation.java:163)
	at org.springframework.transaction.interceptor.TransactionAspectSupport.invokeWithinTransaction(TransactionAspectSupport.java:380)
	at org.springframework.transaction.interceptor.TransactionInterceptor.invoke(TransactionInterceptor.java:119)
	at org.springframework.aop.framework.ReflectiveMethodInvocation.proceed(ReflectiveMethodInvocation.java:184)
	at org.springframework.aop.framework.CglibAopProxy$DynamicAdvisedInterceptor.intercept(CglibAopProxy.java:727)
	at com.sprint.mission.discodeit.security.DiscodeitUserDetailsService$$SpringCGLIB$$0.loadUserByUsername(<generated>)
	at org.springframework.security.authentication.dao.DaoAuthenticationProvider.retrieveUser(DaoAuthenticationProvider.java:107)
	... 87 common frames omitted
26-06-15 17:13:59.568 [http-nio-8080-exec-4] [32mTRACE[0;39m o.s.s.w.h.writers.HstsHeaderWriter   [ |  | ] - Not injecting HSTS header since it did not match request to [Is Secure]
26-06-15 17:14:11.368 [http-nio-8080-exec-5] [32mTRACE[0;39m o.s.security.web.FilterChainProxy    [ |  | ] - Trying to match request against DefaultSecurityFilterChain defined as 'filterChain' in [class path resource [com/sprint/mission/discodeit/config/SecurityConfig.class]] matching [any request] and having filters [DisableEncodeUrl, WebAsyncManagerIntegration, SecurityContextHolder, HeaderWriter, Logout, JwtAuthentication, UsernamePasswordAuthentication, RequestCacheAware, SecurityContextHolderAwareRequest, AnonymousAuthentication, SessionManagement, ExceptionTranslation, Authorization] (1/1)
26-06-15 17:14:11.370 [http-nio-8080-exec-5] [32mDEBUG[0;39m o.s.security.web.FilterChainProxy    [ |  | ] - Securing GET /api/auth/csrf-token
26-06-15 17:14:11.370 [http-nio-8080-exec-5] [32mTRACE[0;39m o.s.security.web.FilterChainProxy    [ |  | ] - Invoking DisableEncodeUrlFilter (1/13)
26-06-15 17:14:11.371 [http-nio-8080-exec-5] [32mTRACE[0;39m o.s.security.web.FilterChainProxy    [ |  | ] - Invoking WebAsyncManagerIntegrationFilter (2/13)
26-06-15 17:14:11.371 [http-nio-8080-exec-5] [32mTRACE[0;39m o.s.security.web.FilterChainProxy    [ |  | ] - Invoking SecurityContextHolderFilter (3/13)
26-06-15 17:14:11.373 [http-nio-8080-exec-5] [32mTRACE[0;39m o.s.security.web.FilterChainProxy    [ |  | ] - Invoking HeaderWriterFilter (4/13)
26-06-15 17:14:11.374 [http-nio-8080-exec-5] [32mTRACE[0;39m o.s.security.web.FilterChainProxy    [ |  | ] - Invoking LogoutFilter (5/13)
26-06-15 17:14:11.375 [http-nio-8080-exec-5] [32mTRACE[0;39m o.s.s.w.a.logout.LogoutFilter        [ |  | ] - Did not match request to Or [Ant [pattern='/api/auth/logout', GET], Ant [pattern='/api/auth/logout', POST], Ant [pattern='/api/auth/logout', PUT], Ant [pattern='/api/auth/logout', DELETE]]
26-06-15 17:14:11.376 [http-nio-8080-exec-5] [32mTRACE[0;39m o.s.security.web.FilterChainProxy    [ |  | ] - Invoking JwtAuthenticationFilter (6/13)
26-06-15 17:14:11.377 [http-nio-8080-exec-5] [32mTRACE[0;39m o.s.security.web.FilterChainProxy    [ |  | ] - Invoking UsernamePasswordAuthenticationFilter (7/13)
26-06-15 17:14:11.378 [http-nio-8080-exec-5] [32mTRACE[0;39m o.s.s.w.a.UsernamePasswordAuthenticationFilter [ |  | ] - Did not match request to Ant [pattern='/api/auth/login', POST]
26-06-15 17:14:11.378 [http-nio-8080-exec-5] [32mTRACE[0;39m o.s.security.web.FilterChainProxy    [ |  | ] - Invoking RequestCacheAwareFilter (8/13)
26-06-15 17:14:11.378 [http-nio-8080-exec-5] [32mTRACE[0;39m o.s.security.web.FilterChainProxy    [ |  | ] - Invoking SecurityContextHolderAwareRequestFilter (9/13)
26-06-15 17:14:11.378 [http-nio-8080-exec-5] [32mTRACE[0;39m o.s.security.web.FilterChainProxy    [ |  | ] - Invoking AnonymousAuthenticationFilter (10/13)
26-06-15 17:14:11.379 [http-nio-8080-exec-5] [32mTRACE[0;39m o.s.security.web.FilterChainProxy    [ |  | ] - Invoking SessionManagementFilter (11/13)
26-06-15 17:14:11.379 [http-nio-8080-exec-5] [32mTRACE[0;39m o.s.s.w.c.SupplierDeferredSecurityContext [ |  | ] - Created SecurityContextImpl [Null authentication]
26-06-15 17:14:11.379 [http-nio-8080-exec-5] [32mTRACE[0;39m o.s.s.w.a.AnonymousAuthenticationFilter [ |  | ] - Set SecurityContextHolder to AnonymousAuthenticationToken [Principal=anonymousUser, Credentials=[PROTECTED], Authenticated=true, Details=WebAuthenticationDetails [RemoteIpAddress=0:0:0:0:0:0:0:1, SessionId=null], Granted Authorities=[ROLE_ANONYMOUS]]
26-06-15 17:14:11.379 [http-nio-8080-exec-5] [32mDEBUG[0;39m o.s.s.w.s.SessionManagementFilter    [ |  | ] - Request requested invalid session id F96C37661738BD7A9679288ADD752D03
26-06-15 17:14:11.379 [http-nio-8080-exec-5] [32mTRACE[0;39m o.s.security.web.FilterChainProxy    [ |  | ] - Invoking ExceptionTranslationFilter (12/13)
26-06-15 17:14:11.380 [http-nio-8080-exec-5] [32mTRACE[0;39m o.s.security.web.FilterChainProxy    [ |  | ] - Invoking AuthorizationFilter (13/13)
26-06-15 17:14:11.380 [http-nio-8080-exec-5] [32mTRACE[0;39m o.s.s.w.a.i.RequestMatcherDelegatingAuthorizationManager [ |  | ] - Authorizing GET /api/auth/csrf-token
26-06-15 17:14:11.381 [http-nio-8080-exec-5] [32mTRACE[0;39m o.s.s.w.a.i.RequestMatcherDelegatingAuthorizationManager [ |  | ] - Checking authorization on GET /api/auth/csrf-token using org.springframework.security.config.annotation.web.configurers.AuthorizeHttpRequestsConfigurer$$Lambda$1761/0x0000000601bc3a28@4edba382
26-06-15 17:14:11.382 [http-nio-8080-exec-5] [32mDEBUG[0;39m o.s.security.web.FilterChainProxy    [ |  | ] - Secured GET /api/auth/csrf-token
26-06-15 17:14:11.388 [http-nio-8080-exec-5] [32mDEBUG[0;39m c.s.m.d.config.MDCLoggingInterceptor [0aba3cfc4bec47e98dc5c9635f2fe37a | GET | /api/auth/csrf-token] - Request started
26-06-15 17:14:11.392 [http-nio-8080-exec-5] [32mDEBUG[0;39m c.s.m.d.controller.AuthController    [0aba3cfc4bec47e98dc5c9635f2fe37a | GET | /api/auth/csrf-token] - CSRF 토큰 요청
26-06-15 17:14:11.405 [http-nio-8080-exec-5] [31mERROR[0;39m c.s.m.d.e.GlobalExceptionHandler     [0aba3cfc4bec47e98dc5c9635f2fe37a | GET | /api/auth/csrf-token] - 예상치 못한 오류 발생: Cannot invoke "org.springframework.security.web.csrf.CsrfToken.getToken()" because "csrfToken" is null
java.lang.NullPointerException: Cannot invoke "org.springframework.security.web.csrf.CsrfToken.getToken()" because "csrfToken" is null
	at com.sprint.mission.discodeit.controller.AuthController.getCsrfToken(AuthController.java:39)
	at java.base/jdk.internal.reflect.NativeMethodAccessorImpl.invoke0(Native Method)
	at java.base/jdk.internal.reflect.NativeMethodAccessorImpl.invoke(NativeMethodAccessorImpl.java:77)
	at java.base/jdk.internal.reflect.DelegatingMethodAccessorImpl.invoke(DelegatingMethodAccessorImpl.java:43)
	at java.base/java.lang.reflect.Method.invoke(Method.java:569)
	at org.springframework.web.method.support.InvocableHandlerMethod.doInvoke(InvocableHandlerMethod.java:255)
	at org.springframework.web.method.support.InvocableHandlerMethod.invokeForRequest(InvocableHandlerMethod.java:188)
	at org.springframework.web.servlet.mvc.method.annotation.ServletInvocableHandlerMethod.invokeAndHandle(ServletInvocableHandlerMethod.java:118)
	at org.springframework.web.servlet.mvc.method.annotation.RequestMappingHandlerAdapter.invokeHandlerMethod(RequestMappingHandlerAdapter.java:986)
	at org.springframework.web.servlet.mvc.method.annotation.RequestMappingHandlerAdapter.handleInternal(RequestMappingHandlerAdapter.java:891)
	at org.springframework.web.servlet.mvc.method.AbstractHandlerMethodAdapter.handle(AbstractHandlerMethodAdapter.java:87)
	at org.springframework.web.servlet.DispatcherServlet.doDispatch(DispatcherServlet.java:1088)
	at org.springframework.web.servlet.DispatcherServlet.doService(DispatcherServlet.java:978)
	at org.springframework.web.servlet.FrameworkServlet.processRequest(FrameworkServlet.java:1014)
	at org.springframework.web.servlet.FrameworkServlet.doGet(FrameworkServlet.java:903)
	at jakarta.servlet.http.HttpServlet.service(HttpServlet.java:564)
	at org.springframework.web.servlet.FrameworkServlet.service(FrameworkServlet.java:885)
	at jakarta.servlet.http.HttpServlet.service(HttpServlet.java:658)
	at org.apache.catalina.core.ApplicationFilterChain.internalDoFilter(ApplicationFilterChain.java:195)
	at org.apache.catalina.core.ApplicationFilterChain.doFilter(ApplicationFilterChain.java:140)
	at org.apache.tomcat.websocket.server.WsFilter.doFilter(WsFilter.java:51)
	at org.apache.catalina.core.ApplicationFilterChain.internalDoFilter(ApplicationFilterChain.java:164)
	at org.apache.catalina.core.ApplicationFilterChain.doFilter(ApplicationFilterChain.java:140)
	at org.springframework.web.filter.OncePerRequestFilter.doFilter(OncePerRequestFilter.java:110)
	at org.apache.catalina.core.ApplicationFilterChain.internalDoFilter(ApplicationFilterChain.java:164)
	at org.apache.catalina.core.ApplicationFilterChain.doFilter(ApplicationFilterChain.java:140)
	at org.springframework.web.filter.CompositeFilter$VirtualFilterChain.doFilter(CompositeFilter.java:108)
	at org.springframework.security.web.FilterChainProxy.lambda$doFilterInternal$3(FilterChainProxy.java:231)
	at org.springframework.security.web.ObservationFilterChainDecorator$FilterObservation$SimpleFilterObservation.lambda$wrap$1(ObservationFilterChainDecorator.java:479)
	at org.springframework.security.web.ObservationFilterChainDecorator$AroundFilterObservation$SimpleAroundFilterObservation.lambda$wrap$1(ObservationFilterChainDecorator.java:340)
	at org.springframework.security.web.ObservationFilterChainDecorator.lambda$wrapSecured$0(ObservationFilterChainDecorator.java:82)
	at org.springframework.security.web.ObservationFilterChainDecorator$VirtualFilterChain.doFilter(ObservationFilterChainDecorator.java:128)
	at org.springframework.security.web.access.intercept.AuthorizationFilter.doFilter(AuthorizationFilter.java:101)
	at org.springframework.security.web.ObservationFilterChainDecorator$ObservationFilter.wrapFilter(ObservationFilterChainDecorator.java:240)
	at org.springframework.security.web.ObservationFilterChainDecorator$ObservationFilter.doFilter(ObservationFilterChainDecorator.java:227)
	at org.springframework.security.web.ObservationFilterChainDecorator$VirtualFilterChain.doFilter(ObservationFilterChainDecorator.java:137)
	at org.springframework.security.web.access.ExceptionTranslationFilter.doFilter(ExceptionTranslationFilter.java:126)
	at org.springframework.security.web.access.ExceptionTranslationFilter.doFilter(ExceptionTranslationFilter.java:120)
	at org.springframework.security.web.ObservationFilterChainDecorator$ObservationFilter.wrapFilter(ObservationFilterChainDecorator.java:240)
	at org.springframework.security.web.ObservationFilterChainDecorator$ObservationFilter.doFilter(ObservationFilterChainDecorator.java:227)
	at org.springframework.security.web.ObservationFilterChainDecorator$VirtualFilterChain.doFilter(ObservationFilterChainDecorator.java:137)
	at org.springframework.security.web.session.SessionManagementFilter.doFilter(SessionManagementFilter.java:131)
	at org.springframework.security.web.session.SessionManagementFilter.doFilter(SessionManagementFilter.java:85)
	at org.springframework.security.web.ObservationFilterChainDecorator$ObservationFilter.wrapFilter(ObservationFilterChainDecorator.java:240)
	at org.springframework.security.web.ObservationFilterChainDecorator$ObservationFilter.doFilter(ObservationFilterChainDecorator.java:227)
	at org.springframework.security.web.ObservationFilterChainDecorator$VirtualFilterChain.doFilter(ObservationFilterChainDecorator.java:137)
	at org.springframework.security.web.authentication.AnonymousAuthenticationFilter.doFilter(AnonymousAuthenticationFilter.java:100)
	at org.springframework.security.web.ObservationFilterChainDecorator$ObservationFilter.wrapFilter(ObservationFilterChainDecorator.java:240)
	at org.springframework.security.web.ObservationFilterChainDecorator$ObservationFilter.doFilter(ObservationFilterChainDecorator.java:227)
	at org.springframework.security.web.ObservationFilterChainDecorator$VirtualFilterChain.doFilter(ObservationFilterChainDecorator.java:137)
	at org.springframework.security.web.servletapi.SecurityContextHolderAwareRequestFilter.doFilter(SecurityContextHolderAwareRequestFilter.java:179)
	at org.springframework.security.web.ObservationFilterChainDecorator$ObservationFilter.wrapFilter(ObservationFilterChainDecorator.java:240)
	at org.springframework.security.web.ObservationFilterChainDecorator$ObservationFilter.doFilter(ObservationFilterChainDecorator.java:227)
	at org.springframework.security.web.ObservationFilterChainDecorator$VirtualFilterChain.doFilter(ObservationFilterChainDecorator.java:137)
	at org.springframework.security.web.savedrequest.RequestCacheAwareFilter.doFilter(RequestCacheAwareFilter.java:63)
	at org.springframework.security.web.ObservationFilterChainDecorator$ObservationFilter.wrapFilter(ObservationFilterChainDecorator.java:240)
	at org.springframework.security.web.ObservationFilterChainDecorator$ObservationFilter.doFilter(ObservationFilterChainDecorator.java:227)
	at org.springframework.security.web.ObservationFilterChainDecorator$VirtualFilterChain.doFilter(ObservationFilterChainDecorator.java:137)
	at org.springframework.security.web.authentication.AbstractAuthenticationProcessingFilter.doFilter(AbstractAuthenticationProcessingFilter.java:227)
	at org.springframework.security.web.authentication.AbstractAuthenticationProcessingFilter.doFilter(AbstractAuthenticationProcessingFilter.java:221)
	at org.springframework.security.web.ObservationFilterChainDecorator$ObservationFilter.wrapFilter(ObservationFilterChainDecorator.java:240)
	at org.springframework.security.web.ObservationFilterChainDecorator$ObservationFilter.doFilter(ObservationFilterChainDecorator.java:227)
	at org.springframework.security.web.ObservationFilterChainDecorator$VirtualFilterChain.doFilter(ObservationFilterChainDecorator.java:137)
	at com.sprint.mission.discodeit.security.jwt.JwtAuthenticationFilter.doFilterInternal(JwtAuthenticationFilter.java:72)
	at org.springframework.web.filter.OncePerRequestFilter.doFilter(OncePerRequestFilter.java:116)
	at org.springframework.security.web.ObservationFilterChainDecorator$ObservationFilter.wrapFilter(ObservationFilterChainDecorator.java:240)
	at org.springframework.security.web.ObservationFilterChainDecorator$ObservationFilter.doFilter(ObservationFilterChainDecorator.java:227)
	at org.springframework.security.web.ObservationFilterChainDecorator$VirtualFilterChain.doFilter(ObservationFilterChainDecorator.java:137)
	at org.springframework.security.web.authentication.logout.LogoutFilter.doFilter(LogoutFilter.java:107)
	at org.springframework.security.web.authentication.logout.LogoutFilter.doFilter(LogoutFilter.java:93)
	at org.springframework.security.web.ObservationFilterChainDecorator$ObservationFilter.wrapFilter(ObservationFilterChainDecorator.java:240)
	at org.springframework.security.web.ObservationFilterChainDecorator$ObservationFilter.doFilter(ObservationFilterChainDecorator.java:227)
	at org.springframework.security.web.ObservationFilterChainDecorator$VirtualFilterChain.doFilter(ObservationFilterChainDecorator.java:137)
	at org.springframework.security.web.header.HeaderWriterFilter.doHeadersAfter(HeaderWriterFilter.java:90)
	at org.springframework.security.web.header.HeaderWriterFilter.doFilterInternal(HeaderWriterFilter.java:75)
	at org.springframework.web.filter.OncePerRequestFilter.doFilter(OncePerRequestFilter.java:116)
	at org.springframework.security.web.ObservationFilterChainDecorator$ObservationFilter.wrapFilter(ObservationFilterChainDecorator.java:240)
	at org.springframework.security.web.ObservationFilterChainDecorator$ObservationFilter.doFilter(ObservationFilterChainDecorator.java:227)
	at org.springframework.security.web.ObservationFilterChainDecorator$VirtualFilterChain.doFilter(ObservationFilterChainDecorator.java:137)
	at org.springframework.security.web.context.SecurityContextHolderFilter.doFilter(SecurityContextHolderFilter.java:82)
	at org.springframework.security.web.context.SecurityContextHolderFilter.doFilter(SecurityContextHolderFilter.java:69)
	at org.springframework.security.web.ObservationFilterChainDecorator$ObservationFilter.wrapFilter(ObservationFilterChainDecorator.java:240)
	at org.springframework.security.web.ObservationFilterChainDecorator$ObservationFilter.doFilter(ObservationFilterChainDecorator.java:227)
	at org.springframework.security.web.ObservationFilterChainDecorator$VirtualFilterChain.doFilter(ObservationFilterChainDecorator.java:137)
	at org.springframework.security.web.context.request.async.WebAsyncManagerIntegrationFilter.doFilterInternal(WebAsyncManagerIntegrationFilter.java:62)
	at org.springframework.web.filter.OncePerRequestFilter.doFilter(OncePerRequestFilter.java:116)
	at org.springframework.security.web.ObservationFilterChainDecorator$ObservationFilter.wrapFilter(ObservationFilterChainDecorator.java:240)
	at org.springframework.security.web.ObservationFilterChainDecorator$ObservationFilter.doFilter(ObservationFilterChainDecorator.java:227)
	at org.springframework.security.web.ObservationFilterChainDecorator$VirtualFilterChain.doFilter(ObservationFilterChainDecorator.java:137)
	at org.springframework.security.web.session.DisableEncodeUrlFilter.doFilterInternal(DisableEncodeUrlFilter.java:42)
	at org.springframework.web.filter.OncePerRequestFilter.doFilter(OncePerRequestFilter.java:116)
	at org.springframework.security.web.ObservationFilterChainDecorator$ObservationFilter.wrapFilter(ObservationFilterChainDecorator.java:240)
	at org.springframework.security.web.ObservationFilterChainDecorator$AroundFilterObservation$SimpleAroundFilterObservation.lambda$wrap$0(ObservationFilterChainDecorator.java:323)
	at org.springframework.security.web.ObservationFilterChainDecorator$ObservationFilter.doFilter(ObservationFilterChainDecorator.java:224)
	at org.springframework.security.web.ObservationFilterChainDecorator$VirtualFilterChain.doFilter(ObservationFilterChainDecorator.java:137)
	at org.springframework.security.web.FilterChainProxy.doFilterInternal(FilterChainProxy.java:233)
	at org.springframework.security.web.FilterChainProxy.doFilter(FilterChainProxy.java:191)
	at org.springframework.web.filter.CompositeFilter$VirtualFilterChain.doFilter(CompositeFilter.java:113)
	at org.springframework.web.servlet.handler.HandlerMappingIntrospector.lambda$createCacheFilter$3(HandlerMappingIntrospector.java:243)
	at org.springframework.web.filter.CompositeFilter$VirtualFilterChain.doFilter(CompositeFilter.java:113)
	at org.springframework.web.filter.CompositeFilter.doFilter(CompositeFilter.java:74)
	at org.springframework.security.config.annotation.web.configuration.WebMvcSecurityConfiguration$CompositeFilterChainProxy.doFilter(WebMvcSecurityConfiguration.java:238)
	at org.springframework.web.filter.DelegatingFilterProxy.invokeDelegate(DelegatingFilterProxy.java:362)
	at org.springframework.web.filter.DelegatingFilterProxy.doFilter(DelegatingFilterProxy.java:278)
	at org.apache.catalina.core.ApplicationFilterChain.internalDoFilter(ApplicationFilterChain.java:164)
	at org.apache.catalina.core.ApplicationFilterChain.doFilter(ApplicationFilterChain.java:140)
	at org.springframework.web.filter.RequestContextFilter.doFilterInternal(RequestContextFilter.java:100)
	at org.springframework.web.filter.OncePerRequestFilter.doFilter(OncePerRequestFilter.java:116)
	at org.apache.catalina.core.ApplicationFilterChain.internalDoFilter(ApplicationFilterChain.java:164)
	at org.apache.catalina.core.ApplicationFilterChain.doFilter(ApplicationFilterChain.java:140)
	at org.springframework.web.filter.FormContentFilter.doFilterInternal(FormContentFilter.java:93)
	at org.springframework.web.filter.OncePerRequestFilter.doFilter(OncePerRequestFilter.java:116)
	at org.apache.catalina.core.ApplicationFilterChain.internalDoFilter(ApplicationFilterChain.java:164)
	at org.apache.catalina.core.ApplicationFilterChain.doFilter(ApplicationFilterChain.java:140)
	at org.springframework.web.filter.ServerHttpObservationFilter.doFilterInternal(ServerHttpObservationFilter.java:114)
	at org.springframework.web.filter.OncePerRequestFilter.doFilter(OncePerRequestFilter.java:116)
	at org.apache.catalina.core.ApplicationFilterChain.internalDoFilter(ApplicationFilterChain.java:164)
	at org.apache.catalina.core.ApplicationFilterChain.doFilter(ApplicationFilterChain.java:140)
	at org.springframework.web.filter.CharacterEncodingFilter.doFilterInternal(CharacterEncodingFilter.java:201)
	at org.springframework.web.filter.OncePerRequestFilter.doFilter(OncePerRequestFilter.java:116)
	at org.apache.catalina.core.ApplicationFilterChain.internalDoFilter(ApplicationFilterChain.java:164)
	at org.apache.catalina.core.ApplicationFilterChain.doFilter(ApplicationFilterChain.java:140)
	at org.apache.catalina.core.StandardWrapperValve.invoke(StandardWrapperValve.java:167)
	at org.apache.catalina.core.StandardContextValve.invoke(StandardContextValve.java:90)
	at org.apache.catalina.authenticator.AuthenticatorBase.invoke(AuthenticatorBase.java:483)
	at org.apache.catalina.core.StandardHostValve.invoke(StandardHostValve.java:115)
	at org.apache.catalina.valves.ErrorReportValve.invoke(ErrorReportValve.java:93)
	at org.apache.catalina.core.StandardEngineValve.invoke(StandardEngineValve.java:74)
	at org.apache.catalina.connector.CoyoteAdapter.service(CoyoteAdapter.java:344)
	at org.apache.coyote.http11.Http11Processor.service(Http11Processor.java:397)
	at org.apache.coyote.AbstractProcessorLight.process(AbstractProcessorLight.java:63)
	at org.apache.coyote.AbstractProtocol$ConnectionHandler.process(AbstractProtocol.java:905)
	at org.apache.tomcat.util.net.NioEndpoint$SocketProcessor.doRun(NioEndpoint.java:1741)
	at org.apache.tomcat.util.net.SocketProcessorBase.run(SocketProcessorBase.java:52)
	at org.apache.tomcat.util.threads.ThreadPoolExecutor.runWorker(ThreadPoolExecutor.java:1190)
	at org.apache.tomcat.util.threads.ThreadPoolExecutor$Worker.run(ThreadPoolExecutor.java:659)
	at org.apache.tomcat.util.threads.TaskThread$WrappingRunnable.run(TaskThread.java:63)
	at java.base/java.lang.Thread.run(Thread.java:840)
26-06-15 17:14:11.420 [http-nio-8080-exec-5] [32mTRACE[0;39m o.s.s.w.h.writers.HstsHeaderWriter   [0aba3cfc4bec47e98dc5c9635f2fe37a | GET | /api/auth/csrf-token] - Not injecting HSTS header since it did not match request to [Is Secure]
26-06-15 17:14:11.421 [http-nio-8080-exec-5] [32mDEBUG[0;39m c.s.m.d.config.MDCLoggingInterceptor [0aba3cfc4bec47e98dc5c9635f2fe37a | GET | /api/auth/csrf-token] - Request completed
26-06-15 17:16:53.189 [background-preinit] [32mINFO [0;39m o.h.validator.internal.util.Version  [ |  | ] - HV000001: Hibernate Validator 8.0.1.Final
26-06-15 17:16:53.238 [main] [32mINFO [0;39m c.s.m.discodeit.DiscodeitApplication [ |  | ] - Starting DiscodeitApplication using Java 17.0.17 with PID 84965 (/Users/apple/IdeaProjects/temp/9-sprint-mission/discodeit/build/classes/java/main started by apple in /Users/apple/IdeaProjects/temp/9-sprint-mission)
26-06-15 17:16:53.238 [main] [32mDEBUG[0;39m c.s.m.discodeit.DiscodeitApplication [ |  | ] - Running with Spring Boot v3.4.0, Spring v6.2.0
26-06-15 17:16:53.239 [main] [32mINFO [0;39m c.s.m.discodeit.DiscodeitApplication [ |  | ] - The following 1 profile is active: "dev"
26-06-15 17:16:54.746 [main] [32mINFO [0;39m o.s.d.r.c.RepositoryConfigurationDelegate [ |  | ] - Bootstrapping Spring Data JPA repositories in DEFAULT mode.
26-06-15 17:16:54.835 [main] [32mINFO [0;39m o.s.d.r.c.RepositoryConfigurationDelegate [ |  | ] - Finished Spring Data repository scanning in 79 ms. Found 6 JPA repository interfaces.
26-06-15 17:16:56.116 [main] [32mINFO [0;39m o.s.b.w.e.tomcat.TomcatWebServer     [ |  | ] - Tomcat initialized with port 8080 (http)
26-06-15 17:16:56.130 [main] [32mINFO [0;39m o.a.coyote.http11.Http11NioProtocol  [ |  | ] - Initializing ProtocolHandler ["http-nio-8080"]
26-06-15 17:16:56.132 [main] [32mINFO [0;39m o.a.catalina.core.StandardService    [ |  | ] - Starting service [Tomcat]
26-06-15 17:16:56.133 [main] [32mINFO [0;39m o.a.catalina.core.StandardEngine     [ |  | ] - Starting Servlet engine: [Apache Tomcat/10.1.33]
26-06-15 17:16:56.195 [main] [32mINFO [0;39m o.a.c.c.C.[Tomcat].[localhost].[/]   [ |  | ] - Initializing Spring embedded WebApplicationContext
26-06-15 17:16:56.196 [main] [32mINFO [0;39m o.s.b.w.s.c.ServletWebServerApplicationContext [ |  | ] - Root WebApplicationContext: initialization completed in 2923 ms
26-06-15 17:16:56.591 [main] [32mINFO [0;39m com.zaxxer.hikari.HikariDataSource   [ |  | ] - HikariPool-1 - Starting...
26-06-15 17:16:56.716 [main] [32mINFO [0;39m com.zaxxer.hikari.pool.HikariPool    [ |  | ] - HikariPool-1 - Added connection org.postgresql.jdbc.PgConnection@af3295f
26-06-15 17:16:56.717 [main] [32mINFO [0;39m com.zaxxer.hikari.HikariDataSource   [ |  | ] - HikariPool-1 - Start completed.
26-06-15 17:16:56.814 [main] [32mINFO [0;39m o.h.jpa.internal.util.LogHelper      [ |  | ] - HHH000204: Processing PersistenceUnitInfo [name: default]
26-06-15 17:16:56.887 [main] [32mINFO [0;39m org.hibernate.Version                [ |  | ] - HHH000412: Hibernate ORM core version 6.6.2.Final
26-06-15 17:16:56.910 [main] [32mINFO [0;39m o.h.c.i.RegionFactoryInitiator       [ |  | ] - HHH000026: Second-level cache disabled
26-06-15 17:16:57.124 [main] [32mINFO [0;39m o.s.o.j.p.SpringPersistenceUnitInfo  [ |  | ] - No LoadTimeWeaver setup: ignoring JPA class transformer
26-06-15 17:16:57.203 [main] [32mINFO [0;39m o.hibernate.orm.connections.pooling  [ |  | ] - HHH10001005: Database info:
	Database JDBC URL [Connecting through datasource 'HikariDataSource (HikariPool-1)']
	Database driver: undefined/unknown
	Database version: 14.21
	Autocommit mode: undefined/unknown
	Isolation level: undefined/unknown
	Minimum pool size: undefined/unknown
	Maximum pool size: undefined/unknown
26-06-15 17:16:58.084 [main] [32mINFO [0;39m o.h.e.t.j.p.i.JtaPlatformInitiator   [ |  | ] - HHH000489: No JTA platform available (set 'hibernate.transaction.jta.platform' to enable JTA platform integration)
26-06-15 17:16:58.091 [main] [32mDEBUG[0;39m org.hibernate.SQL                    [ |  | ] - 
    set client_min_messages = WARNING
26-06-15 17:16:58.093 [main] [32mDEBUG[0;39m org.hibernate.SQL                    [ |  | ] - 
    alter table if exists message_attachments 
       drop constraint if exists FKsd1m8rb8jcpbcnb7rpdue7ctc
26-06-15 17:16:58.108 [main] [32mDEBUG[0;39m org.hibernate.SQL                    [ |  | ] - 
    alter table if exists message_attachments 
       drop constraint if exists FKj7twd218e2gqw9cmlhwvo1rth
26-06-15 17:16:58.108 [main] [32mDEBUG[0;39m org.hibernate.SQL                    [ |  | ] - 
    alter table if exists messages 
       drop constraint if exists FKowtlim26svclkatusptbgi7u1
26-06-15 17:16:58.111 [main] [32mDEBUG[0;39m org.hibernate.SQL                    [ |  | ] - 
    alter table if exists messages 
       drop constraint if exists FK3u3ckbhwq9se1cmopk2pq05b2
26-06-15 17:16:58.111 [main] [32mDEBUG[0;39m org.hibernate.SQL                    [ |  | ] - 
    alter table if exists read_statuses 
       drop constraint if exists FKa38ri44ml4gfdpklx4ahqr8gd
26-06-15 17:16:58.112 [main] [32mDEBUG[0;39m org.hibernate.SQL                    [ |  | ] - 
    alter table if exists read_statuses 
       drop constraint if exists FKml3k4wr9sj5yxrmj6d0aoib2e
26-06-15 17:16:58.113 [main] [32mDEBUG[0;39m org.hibernate.SQL                    [ |  | ] - 
    alter table if exists users 
       drop constraint if exists FKtbudycgrip49xdptogmhfqnso
26-06-15 17:16:58.114 [main] [32mDEBUG[0;39m org.hibernate.SQL                    [ |  | ] - 
    drop table if exists binary_contents cascade
26-06-15 17:16:58.133 [main] [32mDEBUG[0;39m org.hibernate.SQL                    [ |  | ] - 
    drop table if exists channels cascade
26-06-15 17:16:58.135 [main] [32mDEBUG[0;39m org.hibernate.SQL                    [ |  | ] - 
    drop table if exists message_attachments cascade
26-06-15 17:16:58.138 [main] [32mDEBUG[0;39m org.hibernate.SQL                    [ |  | ] - 
    drop table if exists messages cascade
26-06-15 17:16:58.140 [main] [32mDEBUG[0;39m org.hibernate.SQL                    [ |  | ] - 
    drop table if exists notifications cascade
26-06-15 17:16:58.142 [main] [32mDEBUG[0;39m org.hibernate.SQL                    [ |  | ] - 
    drop table if exists read_statuses cascade
26-06-15 17:16:58.143 [main] [32mDEBUG[0;39m org.hibernate.SQL                    [ |  | ] - 
    drop table if exists users cascade
26-06-15 17:16:58.149 [main] [32mDEBUG[0;39m org.hibernate.SQL                    [ |  | ] - 
    create table binary_contents (
        created_at timestamp with time zone not null,
        size bigint not null,
        updated_at timestamp with time zone,
        id uuid not null,
        status varchar(20) not null check (status in ('PROCESSING','SUCCESS','FAIL')),
        content_type varchar(100) not null,
        file_name varchar(255) not null,
        primary key (id)
    )
26-06-15 17:16:58.162 [main] [32mDEBUG[0;39m org.hibernate.SQL                    [ |  | ] - 
    create table channels (
        created_at timestamp with time zone not null,
        updated_at timestamp with time zone,
        id uuid not null,
        name varchar(100),
        description varchar(500),
        type varchar(255) not null check (type in ('PUBLIC','PRIVATE')),
        primary key (id)
    )
26-06-15 17:16:58.166 [main] [32mDEBUG[0;39m org.hibernate.SQL                    [ |  | ] - 
    create table message_attachments (
        attachment_id uuid not null unique,
        message_id uuid not null
    )
26-06-15 17:16:58.168 [main] [32mDEBUG[0;39m org.hibernate.SQL                    [ |  | ] - 
    create table messages (
        created_at timestamp with time zone not null,
        updated_at timestamp with time zone,
        author_id uuid,
        channel_id uuid not null,
        id uuid not null,
        content text not null,
        primary key (id)
    )
26-06-15 17:16:58.172 [main] [32mDEBUG[0;39m org.hibernate.SQL                    [ |  | ] - 
    create table notifications (
        created_at timestamp with time zone not null,
        updated_at timestamp with time zone,
        id uuid not null,
        receiver_id uuid not null,
        content varchar(1000) not null,
        title varchar(255) not null,
        primary key (id)
    )
26-06-15 17:16:58.176 [main] [32mDEBUG[0;39m org.hibernate.SQL                    [ |  | ] - 
    create table read_statuses (
        notification_enabled boolean not null,
        created_at timestamp with time zone not null,
        last_read_at timestamp with time zone not null,
        updated_at timestamp with time zone,
        channel_id uuid not null,
        id uuid not null,
        user_id uuid not null,
        primary key (id),
        unique (user_id, channel_id)
    )
26-06-15 17:16:58.180 [main] [32mDEBUG[0;39m org.hibernate.SQL                    [ |  | ] - 
    create table users (
        created_at timestamp with time zone not null,
        updated_at timestamp with time zone,
        id uuid not null,
        profile_id uuid unique,
        username varchar(50) not null unique,
        password varchar(60) not null,
        email varchar(100) not null unique,
        role varchar(255) not null check (role in ('ADMIN','CHANNEL_MANAGER','USER')),
        primary key (id)
    )
26-06-15 17:16:58.187 [main] [32mDEBUG[0;39m org.hibernate.SQL                    [ |  | ] - 
    alter table if exists message_attachments 
       add constraint FKsd1m8rb8jcpbcnb7rpdue7ctc 
       foreign key (attachment_id) 
       references binary_contents
26-06-15 17:16:58.195 [main] [32mDEBUG[0;39m org.hibernate.SQL                    [ |  | ] - 
    alter table if exists message_attachments 
       add constraint FKj7twd218e2gqw9cmlhwvo1rth 
       foreign key (message_id) 
       references messages
26-06-15 17:16:58.197 [main] [32mDEBUG[0;39m org.hibernate.SQL                    [ |  | ] - 
    alter table if exists messages 
       add constraint FKowtlim26svclkatusptbgi7u1 
       foreign key (author_id) 
       references users
26-06-15 17:16:58.199 [main] [32mDEBUG[0;39m org.hibernate.SQL                    [ |  | ] - 
    alter table if exists messages 
       add constraint FK3u3ckbhwq9se1cmopk2pq05b2 
       foreign key (channel_id) 
       references channels
26-06-15 17:16:58.201 [main] [32mDEBUG[0;39m org.hibernate.SQL                    [ |  | ] - 
    alter table if exists read_statuses 
       add constraint FKa38ri44ml4gfdpklx4ahqr8gd 
       foreign key (channel_id) 
       references channels
26-06-15 17:16:58.203 [main] [32mDEBUG[0;39m org.hibernate.SQL                    [ |  | ] - 
    alter table if exists read_statuses 
       add constraint FKml3k4wr9sj5yxrmj6d0aoib2e 
       foreign key (user_id) 
       references users
26-06-15 17:16:58.208 [main] [32mDEBUG[0;39m org.hibernate.SQL                    [ |  | ] - 
    alter table if exists users 
       add constraint FKtbudycgrip49xdptogmhfqnso 
       foreign key (profile_id) 
       references binary_contents
26-06-15 17:16:58.217 [main] [32mINFO [0;39m o.s.o.j.LocalContainerEntityManagerFactoryBean [ |  | ] - Initialized JPA EntityManagerFactory for persistence unit 'default'
26-06-15 17:16:58.444 [main] [32mINFO [0;39m o.s.d.j.r.query.QueryEnhancerFactory [ |  | ] - Hibernate is in classpath; If applicable, HQL parser will be used.
26-06-15 17:16:58.805 [main] [32mDEBUG[0;39m c.s.m.d.s.j.JwtAuthenticationFilter  [ |  | ] - Filter 'jwtAuthenticationFilter' configured for use
26-06-15 17:16:58.833 [main] [32mDEBUG[0;39m o.s.s.a.h.RoleHierarchyImpl          [ |  | ] - buildRolesReachableInOneOrMoreStepsMap() - From role ROLE_ADMIN one can reach [ROLE_USER, ROLE_CHANNEL_MANAGER] in one or more steps.
26-06-15 17:16:58.833 [main] [32mDEBUG[0;39m o.s.s.a.h.RoleHierarchyImpl          [ |  | ] - buildRolesReachableInOneOrMoreStepsMap() - From role ROLE_CHANNEL_MANAGER one can reach [ROLE_USER] in one or more steps.
26-06-15 17:16:59.298 [main] [32mTRACE[0;39m o.s.s.c.a.a.c.AuthenticationConfiguration$EnableGlobalAuthenticationAutowiredConfigurer [ |  | ] - Eagerly initializing {securityConfig=com.sprint.mission.discodeit.config.SecurityConfig$$SpringCGLIB$$0@6be93728}
26-06-15 17:16:59.301 [main] [32mINFO [0;39m o.s.s.c.a.a.c.InitializeUserDetailsBeanManagerConfigurer$InitializeUserDetailsManagerConfigurer [ |  | ] - Global AuthenticationManager configured with UserDetailsService bean with name discodeitUserDetailsService
26-06-15 17:16:59.355 [main] [32mINFO [0;39m o.s.b.a.w.s.WelcomePageHandlerMapping [ |  | ] - Adding welcome page: class path resource [static/index.html]
26-06-15 17:16:59.656 [main] [32mINFO [0;39m o.s.b.a.e.web.EndpointLinksResolver  [ |  | ] - Exposing 4 endpoints beneath base path '/actuator'
26-06-15 17:16:59.773 [main] [32mDEBUG[0;39m o.s.s.web.DefaultSecurityFilterChain [ |  | ] - Will secure any request with filters: DisableEncodeUrlFilter, WebAsyncManagerIntegrationFilter, SecurityContextHolderFilter, HeaderWriterFilter, CsrfFilter, LogoutFilter, JwtAuthenticationFilter, UsernamePasswordAuthenticationFilter, RequestCacheAwareFilter, SecurityContextHolderAwareRequestFilter, AnonymousAuthenticationFilter, SessionManagementFilter, ExceptionTranslationFilter, AuthorizationFilter
26-06-15 17:17:00.314 [main] [32mINFO [0;39m o.a.coyote.http11.Http11NioProtocol  [ |  | ] - Starting ProtocolHandler ["http-nio-8080"]
26-06-15 17:17:00.324 [main] [32mINFO [0;39m o.s.b.w.e.tomcat.TomcatWebServer     [ |  | ] - Tomcat started on port 8080 (http) with context path '/'
26-06-15 17:17:00.337 [main] [32mINFO [0;39m c.s.m.discodeit.DiscodeitApplication [ |  | ] - Started DiscodeitApplication in 7.694 seconds (process running for 9.22)
26-06-15 17:17:00.348 [main] [32mDEBUG[0;39m c.s.m.d.s.basic.BasicUserService     [ |  | ] - 사용자 생성 시작: UserCreateRequest[username=admin, email=admin@example.com, password=admin1234!]
26-06-15 17:17:00.376 [main] [32mDEBUG[0;39m org.hibernate.SQL                    [ |  | ] - 
    select
        u1_0.id 
    from
        users u1_0 
    where
        u1_0.email=? 
    fetch
        first ? rows only
26-06-15 17:17:00.379 [main] [32mTRACE[0;39m org.hibernate.orm.jdbc.bind          [ |  | ] - binding parameter (1:VARCHAR) <- [admin@example.com]
26-06-15 17:17:00.380 [main] [32mTRACE[0;39m org.hibernate.orm.jdbc.bind          [ |  | ] - binding parameter (2:INTEGER) <- [1]
26-06-15 17:17:00.406 [main] [32mDEBUG[0;39m org.hibernate.SQL                    [ |  | ] - 
    select
        u1_0.id 
    from
        users u1_0 
    where
        u1_0.username=? 
    fetch
        first ? rows only
26-06-15 17:17:00.406 [main] [32mTRACE[0;39m org.hibernate.orm.jdbc.bind          [ |  | ] - binding parameter (1:VARCHAR) <- [admin]
26-06-15 17:17:00.406 [main] [32mTRACE[0;39m org.hibernate.orm.jdbc.bind          [ |  | ] - binding parameter (2:INTEGER) <- [1]
26-06-15 17:17:00.531 [main] [32mINFO [0;39m c.s.m.d.s.basic.BasicUserService     [ |  | ] - 사용자 생성 완료: id=0705952e-338c-410d-a18c-f422a042f196, username=admin
26-06-15 17:17:00.542 [main] [32mDEBUG[0;39m org.hibernate.SQL                    [ |  | ] - 
    insert 
    into
        users
        (created_at, email, password, profile_id, role, updated_at, username, id) 
    values
        (?, ?, ?, ?, ?, ?, ?, ?)
26-06-15 17:17:00.542 [main] [32mTRACE[0;39m org.hibernate.orm.jdbc.bind          [ |  | ] - binding parameter (1:TIMESTAMP_UTC) <- [2026-06-15T08:17:00.516310Z]
26-06-15 17:17:00.543 [main] [32mTRACE[0;39m org.hibernate.orm.jdbc.bind          [ |  | ] - binding parameter (2:VARCHAR) <- [admin@example.com]
26-06-15 17:17:00.543 [main] [32mTRACE[0;39m org.hibernate.orm.jdbc.bind          [ |  | ] - binding parameter (3:VARCHAR) <- [$2a$10$Lqk/ytjAouZYpAXuG1qDq.0f4I5N.AIyk9GOoYQFndaSE7vTT4K6K]
26-06-15 17:17:00.543 [main] [32mTRACE[0;39m org.hibernate.orm.jdbc.bind          [ |  | ] - binding parameter (4:UUID) <- [null]
26-06-15 17:17:00.543 [main] [32mTRACE[0;39m org.hibernate.orm.jdbc.bind          [ |  | ] - binding parameter (5:VARCHAR) <- [USER]
26-06-15 17:17:00.543 [main] [32mTRACE[0;39m org.hibernate.orm.jdbc.bind          [ |  | ] - binding parameter (6:TIMESTAMP_UTC) <- [2026-06-15T08:17:00.516310Z]
26-06-15 17:17:00.543 [main] [32mTRACE[0;39m org.hibernate.orm.jdbc.bind          [ |  | ] - binding parameter (7:VARCHAR) <- [admin]
26-06-15 17:17:00.543 [main] [32mTRACE[0;39m org.hibernate.orm.jdbc.bind          [ |  | ] - binding parameter (8:UUID) <- [0705952e-338c-410d-a18c-f422a042f196]
26-06-15 17:17:00.648 [main] [32mDEBUG[0;39m org.hibernate.SQL                    [ |  | ] - 
    select
        u1_0.id,
        u1_0.created_at,
        u1_0.email,
        u1_0.password,
        u1_0.profile_id,
        u1_0.role,
        u1_0.updated_at,
        u1_0.username 
    from
        users u1_0 
    where
        u1_0.id=?
26-06-15 17:17:00.649 [main] [32mTRACE[0;39m org.hibernate.orm.jdbc.bind          [ |  | ] - binding parameter (1:UUID) <- [0705952e-338c-410d-a18c-f422a042f196]
26-06-15 17:17:00.660 [main] [32mDEBUG[0;39m org.hibernate.SQL                    [ |  | ] - 
    update
        users 
    set
        email=?,
        password=?,
        profile_id=?,
        role=?,
        updated_at=?,
        username=? 
    where
        id=?
26-06-15 17:17:00.661 [main] [32mTRACE[0;39m org.hibernate.orm.jdbc.bind          [ |  | ] - binding parameter (1:VARCHAR) <- [admin@example.com]
26-06-15 17:17:00.661 [main] [32mTRACE[0;39m org.hibernate.orm.jdbc.bind          [ |  | ] - binding parameter (2:VARCHAR) <- [$2a$10$Lqk/ytjAouZYpAXuG1qDq.0f4I5N.AIyk9GOoYQFndaSE7vTT4K6K]
26-06-15 17:17:00.661 [main] [32mTRACE[0;39m org.hibernate.orm.jdbc.bind          [ |  | ] - binding parameter (3:UUID) <- [null]
26-06-15 17:17:00.661 [main] [32mTRACE[0;39m org.hibernate.orm.jdbc.bind          [ |  | ] - binding parameter (4:VARCHAR) <- [ADMIN]
26-06-15 17:17:00.661 [main] [32mTRACE[0;39m org.hibernate.orm.jdbc.bind          [ |  | ] - binding parameter (5:TIMESTAMP_UTC) <- [2026-06-15T08:17:00.658849Z]
26-06-15 17:17:00.661 [main] [32mTRACE[0;39m org.hibernate.orm.jdbc.bind          [ |  | ] - binding parameter (6:VARCHAR) <- [admin]
26-06-15 17:17:00.661 [main] [32mTRACE[0;39m org.hibernate.orm.jdbc.bind          [ |  | ] - binding parameter (7:UUID) <- [0705952e-338c-410d-a18c-f422a042f196]
26-06-15 17:17:00.662 [main] [32mINFO [0;39m c.s.m.d.security.AdminInitializer    [ |  | ] - 관리자 계정이 성공적으로 생성되었습니다.
26-06-15 17:17:00.663 [main] [32mDEBUG[0;39m c.s.m.d.config.SecurityConfig        [ |  | ] - Debug Filter Chain...
	[1/14] class org.springframework.security.web.session.DisableEncodeUrlFilter
	[2/14] class org.springframework.security.web.context.request.async.WebAsyncManagerIntegrationFilter
	[3/14] class org.springframework.security.web.context.SecurityContextHolderFilter
	[4/14] class org.springframework.security.web.header.HeaderWriterFilter
	[5/14] class org.springframework.security.web.csrf.CsrfFilter
	[6/14] class org.springframework.security.web.authentication.logout.LogoutFilter
	[7/14] class com.sprint.mission.discodeit.security.jwt.JwtAuthenticationFilter
	[8/14] class org.springframework.security.web.authentication.UsernamePasswordAuthenticationFilter
	[9/14] class org.springframework.security.web.savedrequest.RequestCacheAwareFilter
	[10/14] class org.springframework.security.web.servletapi.SecurityContextHolderAwareRequestFilter
	[11/14] class org.springframework.security.web.authentication.AnonymousAuthenticationFilter
	[12/14] class org.springframework.security.web.session.SessionManagementFilter
	[13/14] class org.springframework.security.web.access.ExceptionTranslationFilter
	[14/14] class org.springframework.security.web.access.intercept.AuthorizationFilter
26-06-15 17:17:01.362 [RMI TCP Connection(2)-127.0.0.1] [32mINFO [0;39m o.a.c.c.C.[Tomcat].[localhost].[/]   [ |  | ] - Initializing Spring DispatcherServlet 'dispatcherServlet'
26-06-15 17:17:01.363 [RMI TCP Connection(2)-127.0.0.1] [32mINFO [0;39m o.s.web.servlet.DispatcherServlet    [ |  | ] - Initializing Servlet 'dispatcherServlet'
26-06-15 17:17:01.367 [RMI TCP Connection(2)-127.0.0.1] [32mINFO [0;39m o.s.web.servlet.DispatcherServlet    [ |  | ] - Completed initialization in 4 ms
26-06-15 17:17:08.115 [http-nio-8080-exec-2] [32mTRACE[0;39m o.s.security.web.FilterChainProxy    [ |  | ] - Trying to match request against DefaultSecurityFilterChain defined as 'filterChain' in [class path resource [com/sprint/mission/discodeit/config/SecurityConfig.class]] matching [any request] and having filters [DisableEncodeUrl, WebAsyncManagerIntegration, SecurityContextHolder, HeaderWriter, Csrf, Logout, JwtAuthentication, UsernamePasswordAuthentication, RequestCacheAware, SecurityContextHolderAwareRequest, AnonymousAuthentication, SessionManagement, ExceptionTranslation, Authorization] (1/1)
26-06-15 17:17:08.119 [http-nio-8080-exec-2] [32mDEBUG[0;39m o.s.security.web.FilterChainProxy    [ |  | ] - Securing GET /api/auth/csrf-token
26-06-15 17:17:08.123 [http-nio-8080-exec-2] [32mTRACE[0;39m o.s.security.web.FilterChainProxy    [ |  | ] - Invoking DisableEncodeUrlFilter (1/14)
26-06-15 17:17:08.127 [http-nio-8080-exec-2] [32mTRACE[0;39m o.s.security.web.FilterChainProxy    [ |  | ] - Invoking WebAsyncManagerIntegrationFilter (2/14)
26-06-15 17:17:08.129 [http-nio-8080-exec-2] [32mTRACE[0;39m o.s.security.web.FilterChainProxy    [ |  | ] - Invoking SecurityContextHolderFilter (3/14)
26-06-15 17:17:08.130 [http-nio-8080-exec-2] [32mTRACE[0;39m o.s.security.web.FilterChainProxy    [ |  | ] - Invoking HeaderWriterFilter (4/14)
26-06-15 17:17:08.131 [http-nio-8080-exec-2] [32mTRACE[0;39m o.s.security.web.FilterChainProxy    [ |  | ] - Invoking CsrfFilter (5/14)
26-06-15 17:17:08.134 [http-nio-8080-exec-2] [32mTRACE[0;39m o.s.security.web.csrf.CsrfFilter     [ |  | ] - Did not protect against CSRF since request did not match CsrfNotRequired [TRACE, HEAD, GET, OPTIONS]
26-06-15 17:17:08.134 [http-nio-8080-exec-2] [32mTRACE[0;39m o.s.security.web.FilterChainProxy    [ |  | ] - Invoking LogoutFilter (6/14)
26-06-15 17:17:08.134 [http-nio-8080-exec-2] [32mTRACE[0;39m o.s.s.w.a.logout.LogoutFilter        [ |  | ] - Did not match request to Ant [pattern='/api/auth/logout', POST]
26-06-15 17:17:08.134 [http-nio-8080-exec-2] [32mTRACE[0;39m o.s.security.web.FilterChainProxy    [ |  | ] - Invoking JwtAuthenticationFilter (7/14)
26-06-15 17:17:08.135 [http-nio-8080-exec-2] [32mTRACE[0;39m o.s.security.web.FilterChainProxy    [ |  | ] - Invoking UsernamePasswordAuthenticationFilter (8/14)
26-06-15 17:17:08.135 [http-nio-8080-exec-2] [32mTRACE[0;39m o.s.s.w.a.UsernamePasswordAuthenticationFilter [ |  | ] - Did not match request to Ant [pattern='/api/auth/login', POST]
26-06-15 17:17:08.135 [http-nio-8080-exec-2] [32mTRACE[0;39m o.s.security.web.FilterChainProxy    [ |  | ] - Invoking RequestCacheAwareFilter (9/14)
26-06-15 17:17:08.135 [http-nio-8080-exec-2] [32mTRACE[0;39m o.s.security.web.FilterChainProxy    [ |  | ] - Invoking SecurityContextHolderAwareRequestFilter (10/14)
26-06-15 17:17:08.136 [http-nio-8080-exec-2] [32mTRACE[0;39m o.s.security.web.FilterChainProxy    [ |  | ] - Invoking AnonymousAuthenticationFilter (11/14)
26-06-15 17:17:08.137 [http-nio-8080-exec-2] [32mTRACE[0;39m o.s.security.web.FilterChainProxy    [ |  | ] - Invoking SessionManagementFilter (12/14)
26-06-15 17:17:08.137 [http-nio-8080-exec-2] [32mTRACE[0;39m o.s.s.w.c.SupplierDeferredSecurityContext [ |  | ] - Created SecurityContextImpl [Null authentication]
26-06-15 17:17:08.138 [http-nio-8080-exec-2] [32mTRACE[0;39m o.s.s.w.a.AnonymousAuthenticationFilter [ |  | ] - Set SecurityContextHolder to AnonymousAuthenticationToken [Principal=anonymousUser, Credentials=[PROTECTED], Authenticated=true, Details=WebAuthenticationDetails [RemoteIpAddress=0:0:0:0:0:0:0:1, SessionId=null], Granted Authorities=[ROLE_ANONYMOUS]]
26-06-15 17:17:08.138 [http-nio-8080-exec-2] [32mDEBUG[0;39m o.s.s.w.s.SessionManagementFilter    [ |  | ] - Request requested invalid session id F96C37661738BD7A9679288ADD752D03
26-06-15 17:17:08.138 [http-nio-8080-exec-2] [32mTRACE[0;39m o.s.security.web.FilterChainProxy    [ |  | ] - Invoking ExceptionTranslationFilter (13/14)
26-06-15 17:17:08.139 [http-nio-8080-exec-2] [32mTRACE[0;39m o.s.security.web.FilterChainProxy    [ |  | ] - Invoking AuthorizationFilter (14/14)
26-06-15 17:17:08.140 [http-nio-8080-exec-2] [32mTRACE[0;39m o.s.s.w.a.i.RequestMatcherDelegatingAuthorizationManager [ |  | ] - Authorizing GET /api/auth/csrf-token
26-06-15 17:17:08.141 [http-nio-8080-exec-2] [32mTRACE[0;39m o.s.s.w.a.i.RequestMatcherDelegatingAuthorizationManager [ |  | ] - Checking authorization on GET /api/auth/csrf-token using org.springframework.security.config.annotation.web.configurers.AuthorizeHttpRequestsConfigurer$$Lambda$1772/0x0000007001c12910@4e1cbf9c
26-06-15 17:17:08.143 [http-nio-8080-exec-2] [32mDEBUG[0;39m o.s.security.web.FilterChainProxy    [ |  | ] - Secured GET /api/auth/csrf-token
26-06-15 17:17:08.147 [http-nio-8080-exec-2] [32mDEBUG[0;39m c.s.m.d.config.MDCLoggingInterceptor [a14c81c1259f4e4f8022dea14e53e891 | GET | /api/auth/csrf-token] - Request started
26-06-15 17:17:08.164 [http-nio-8080-exec-2] [32mDEBUG[0;39m c.s.m.d.controller.AuthController    [a14c81c1259f4e4f8022dea14e53e891 | GET | /api/auth/csrf-token] - CSRF 토큰 요청
26-06-15 17:17:08.177 [http-nio-8080-exec-2] [32mDEBUG[0;39m c.s.m.d.config.MDCLoggingInterceptor [a14c81c1259f4e4f8022dea14e53e891 | GET | /api/auth/csrf-token] - Request completed
26-06-15 17:17:08.178 [http-nio-8080-exec-2] [32mTRACE[0;39m o.s.s.w.h.writers.HstsHeaderWriter   [ |  | ] - Not injecting HSTS header since it did not match request to [Is Secure]
26-06-15 17:18:26.169 [http-nio-8080-exec-5] [32mTRACE[0;39m o.s.security.web.FilterChainProxy    [ |  | ] - Trying to match request against DefaultSecurityFilterChain defined as 'filterChain' in [class path resource [com/sprint/mission/discodeit/config/SecurityConfig.class]] matching [any request] and having filters [DisableEncodeUrl, WebAsyncManagerIntegration, SecurityContextHolder, HeaderWriter, Csrf, Logout, JwtAuthentication, UsernamePasswordAuthentication, RequestCacheAware, SecurityContextHolderAwareRequest, AnonymousAuthentication, SessionManagement, ExceptionTranslation, Authorization] (1/1)
26-06-15 17:18:26.172 [http-nio-8080-exec-5] [32mDEBUG[0;39m o.s.security.web.FilterChainProxy    [ |  | ] - Securing GET /api/auth/csrf-token
26-06-15 17:18:26.173 [http-nio-8080-exec-5] [32mTRACE[0;39m o.s.security.web.FilterChainProxy    [ |  | ] - Invoking DisableEncodeUrlFilter (1/14)
26-06-15 17:18:26.180 [http-nio-8080-exec-5] [32mTRACE[0;39m o.s.security.web.FilterChainProxy    [ |  | ] - Invoking WebAsyncManagerIntegrationFilter (2/14)
26-06-15 17:18:26.180 [http-nio-8080-exec-5] [32mTRACE[0;39m o.s.security.web.FilterChainProxy    [ |  | ] - Invoking SecurityContextHolderFilter (3/14)
26-06-15 17:18:26.186 [http-nio-8080-exec-5] [32mTRACE[0;39m o.s.security.web.FilterChainProxy    [ |  | ] - Invoking HeaderWriterFilter (4/14)
26-06-15 17:18:26.193 [http-nio-8080-exec-5] [32mTRACE[0;39m o.s.security.web.FilterChainProxy    [ |  | ] - Invoking CsrfFilter (5/14)
26-06-15 17:18:26.194 [http-nio-8080-exec-5] [32mTRACE[0;39m o.s.security.web.csrf.CsrfFilter     [ |  | ] - Did not protect against CSRF since request did not match CsrfNotRequired [TRACE, HEAD, GET, OPTIONS]
26-06-15 17:18:26.194 [http-nio-8080-exec-5] [32mTRACE[0;39m o.s.security.web.FilterChainProxy    [ |  | ] - Invoking LogoutFilter (6/14)
26-06-15 17:18:26.194 [http-nio-8080-exec-5] [32mTRACE[0;39m o.s.s.w.a.logout.LogoutFilter        [ |  | ] - Did not match request to Ant [pattern='/api/auth/logout', POST]
26-06-15 17:18:26.194 [http-nio-8080-exec-5] [32mTRACE[0;39m o.s.security.web.FilterChainProxy    [ |  | ] - Invoking JwtAuthenticationFilter (7/14)
26-06-15 17:18:26.194 [http-nio-8080-exec-5] [32mTRACE[0;39m o.s.security.web.FilterChainProxy    [ |  | ] - Invoking UsernamePasswordAuthenticationFilter (8/14)
26-06-15 17:18:26.194 [http-nio-8080-exec-5] [32mTRACE[0;39m o.s.s.w.a.UsernamePasswordAuthenticationFilter [ |  | ] - Did not match request to Ant [pattern='/api/auth/login', POST]
26-06-15 17:18:26.209 [http-nio-8080-exec-5] [32mTRACE[0;39m o.s.security.web.FilterChainProxy    [ |  | ] - Invoking RequestCacheAwareFilter (9/14)
26-06-15 17:18:26.210 [http-nio-8080-exec-5] [32mTRACE[0;39m o.s.security.web.FilterChainProxy    [ |  | ] - Invoking SecurityContextHolderAwareRequestFilter (10/14)
26-06-15 17:18:26.211 [http-nio-8080-exec-5] [32mTRACE[0;39m o.s.security.web.FilterChainProxy    [ |  | ] - Invoking AnonymousAuthenticationFilter (11/14)
26-06-15 17:18:26.211 [http-nio-8080-exec-5] [32mTRACE[0;39m o.s.security.web.FilterChainProxy    [ |  | ] - Invoking SessionManagementFilter (12/14)
26-06-15 17:18:26.212 [http-nio-8080-exec-5] [32mTRACE[0;39m o.s.s.w.c.SupplierDeferredSecurityContext [ |  | ] - Created SecurityContextImpl [Null authentication]
26-06-15 17:18:26.212 [http-nio-8080-exec-5] [32mTRACE[0;39m o.s.s.w.a.AnonymousAuthenticationFilter [ |  | ] - Set SecurityContextHolder to AnonymousAuthenticationToken [Principal=anonymousUser, Credentials=[PROTECTED], Authenticated=true, Details=WebAuthenticationDetails [RemoteIpAddress=0:0:0:0:0:0:0:1, SessionId=null], Granted Authorities=[ROLE_ANONYMOUS]]
26-06-15 17:18:26.212 [http-nio-8080-exec-5] [32mDEBUG[0;39m o.s.s.w.s.SessionManagementFilter    [ |  | ] - Request requested invalid session id F96C37661738BD7A9679288ADD752D03
26-06-15 17:18:26.212 [http-nio-8080-exec-5] [32mTRACE[0;39m o.s.security.web.FilterChainProxy    [ |  | ] - Invoking ExceptionTranslationFilter (13/14)
26-06-15 17:18:26.213 [http-nio-8080-exec-5] [32mTRACE[0;39m o.s.security.web.FilterChainProxy    [ |  | ] - Invoking AuthorizationFilter (14/14)
26-06-15 17:18:26.219 [http-nio-8080-exec-5] [32mTRACE[0;39m o.s.s.w.a.i.RequestMatcherDelegatingAuthorizationManager [ |  | ] - Authorizing GET /api/auth/csrf-token
26-06-15 17:18:26.222 [http-nio-8080-exec-5] [32mTRACE[0;39m o.s.s.w.a.i.RequestMatcherDelegatingAuthorizationManager [ |  | ] - Checking authorization on GET /api/auth/csrf-token using org.springframework.security.config.annotation.web.configurers.AuthorizeHttpRequestsConfigurer$$Lambda$1772/0x0000007001c12910@4e1cbf9c
26-06-15 17:18:26.225 [http-nio-8080-exec-5] [32mDEBUG[0;39m o.s.security.web.FilterChainProxy    [ |  | ] - Secured GET /api/auth/csrf-token
26-06-15 17:18:26.234 [http-nio-8080-exec-5] [32mDEBUG[0;39m c.s.m.d.config.MDCLoggingInterceptor [46d7d55a601a4090ab9a3ff6043e3a94 | GET | /api/auth/csrf-token] - Request started
26-06-15 17:18:26.243 [http-nio-8080-exec-5] [32mDEBUG[0;39m c.s.m.d.controller.AuthController    [46d7d55a601a4090ab9a3ff6043e3a94 | GET | /api/auth/csrf-token] - CSRF 토큰 요청
26-06-15 17:18:26.249 [http-nio-8080-exec-5] [32mDEBUG[0;39m c.s.m.d.config.MDCLoggingInterceptor [46d7d55a601a4090ab9a3ff6043e3a94 | GET | /api/auth/csrf-token] - Request completed
26-06-15 17:18:26.252 [http-nio-8080-exec-5] [32mTRACE[0;39m o.s.s.w.h.writers.HstsHeaderWriter   [ |  | ] - Not injecting HSTS header since it did not match request to [Is Secure]
26-06-15 17:18:31.886 [http-nio-8080-exec-6] [32mTRACE[0;39m o.s.security.web.FilterChainProxy    [ |  | ] - Trying to match request against DefaultSecurityFilterChain defined as 'filterChain' in [class path resource [com/sprint/mission/discodeit/config/SecurityConfig.class]] matching [any request] and having filters [DisableEncodeUrl, WebAsyncManagerIntegration, SecurityContextHolder, HeaderWriter, Csrf, Logout, JwtAuthentication, UsernamePasswordAuthentication, RequestCacheAware, SecurityContextHolderAwareRequest, AnonymousAuthentication, SessionManagement, ExceptionTranslation, Authorization] (1/1)
26-06-15 17:18:31.895 [http-nio-8080-exec-6] [32mDEBUG[0;39m o.s.security.web.FilterChainProxy    [ |  | ] - Securing POST /api/auth/login
26-06-15 17:18:31.896 [http-nio-8080-exec-6] [32mTRACE[0;39m o.s.security.web.FilterChainProxy    [ |  | ] - Invoking DisableEncodeUrlFilter (1/14)
26-06-15 17:18:31.896 [http-nio-8080-exec-6] [32mTRACE[0;39m o.s.security.web.FilterChainProxy    [ |  | ] - Invoking WebAsyncManagerIntegrationFilter (2/14)
26-06-15 17:18:31.896 [http-nio-8080-exec-6] [32mTRACE[0;39m o.s.security.web.FilterChainProxy    [ |  | ] - Invoking SecurityContextHolderFilter (3/14)
26-06-15 17:18:31.896 [http-nio-8080-exec-6] [32mTRACE[0;39m o.s.security.web.FilterChainProxy    [ |  | ] - Invoking HeaderWriterFilter (4/14)
26-06-15 17:18:31.896 [http-nio-8080-exec-6] [32mTRACE[0;39m o.s.security.web.FilterChainProxy    [ |  | ] - Invoking CsrfFilter (5/14)
26-06-15 17:18:31.996 [http-nio-8080-exec-6] [32mDEBUG[0;39m o.s.security.web.csrf.CsrfFilter     [ |  | ] - Invalid CSRF token found for http://localhost:8080/api/auth/login
26-06-15 17:18:32.718 [http-nio-8080-exec-6] [32mTRACE[0;39m o.s.s.w.h.writers.HstsHeaderWriter   [ |  | ] - Not injecting HSTS header since it did not match request to [Is Secure]
26-06-15 17:22:30.662 [http-nio-8080-exec-9] [32mTRACE[0;39m o.s.security.web.FilterChainProxy    [ |  | ] - Trying to match request against DefaultSecurityFilterChain defined as 'filterChain' in [class path resource [com/sprint/mission/discodeit/config/SecurityConfig.class]] matching [any request] and having filters [DisableEncodeUrl, WebAsyncManagerIntegration, SecurityContextHolder, HeaderWriter, Csrf, Logout, JwtAuthentication, UsernamePasswordAuthentication, RequestCacheAware, SecurityContextHolderAwareRequest, AnonymousAuthentication, SessionManagement, ExceptionTranslation, Authorization] (1/1)
26-06-15 17:22:30.670 [http-nio-8080-exec-9] [32mDEBUG[0;39m o.s.security.web.FilterChainProxy    [ |  | ] - Securing POST /api/auth/login
26-06-15 17:22:30.673 [http-nio-8080-exec-9] [32mTRACE[0;39m o.s.security.web.FilterChainProxy    [ |  | ] - Invoking DisableEncodeUrlFilter (1/14)
26-06-15 17:22:30.675 [http-nio-8080-exec-9] [32mTRACE[0;39m o.s.security.web.FilterChainProxy    [ |  | ] - Invoking WebAsyncManagerIntegrationFilter (2/14)
26-06-15 17:22:30.677 [http-nio-8080-exec-9] [32mTRACE[0;39m o.s.security.web.FilterChainProxy    [ |  | ] - Invoking SecurityContextHolderFilter (3/14)
26-06-15 17:22:30.678 [http-nio-8080-exec-9] [32mTRACE[0;39m o.s.security.web.FilterChainProxy    [ |  | ] - Invoking HeaderWriterFilter (4/14)
26-06-15 17:22:30.678 [http-nio-8080-exec-9] [32mTRACE[0;39m o.s.security.web.FilterChainProxy    [ |  | ] - Invoking CsrfFilter (5/14)
26-06-15 17:22:30.685 [http-nio-8080-exec-9] [32mTRACE[0;39m o.s.security.web.FilterChainProxy    [ |  | ] - Invoking LogoutFilter (6/14)
26-06-15 17:22:30.689 [http-nio-8080-exec-9] [32mTRACE[0;39m o.s.s.w.a.logout.LogoutFilter        [ |  | ] - Did not match request to Ant [pattern='/api/auth/logout', POST]
26-06-15 17:22:30.689 [http-nio-8080-exec-9] [32mTRACE[0;39m o.s.security.web.FilterChainProxy    [ |  | ] - Invoking JwtAuthenticationFilter (7/14)
26-06-15 17:22:30.690 [http-nio-8080-exec-9] [32mTRACE[0;39m o.s.security.web.FilterChainProxy    [ |  | ] - Invoking UsernamePasswordAuthenticationFilter (8/14)
26-06-15 17:22:30.781 [http-nio-8080-exec-9] [32mTRACE[0;39m o.s.s.authentication.ProviderManager [ |  | ] - Authenticating request with DaoAuthenticationProvider (1/1)
26-06-15 17:22:31.315 [http-nio-8080-exec-9] [32mDEBUG[0;39m org.hibernate.SQL                    [ |  | ] - 
    select
        u1_0.id,
        u1_0.created_at,
        u1_0.email,
        u1_0.password,
        u1_0.profile_id,
        u1_0.role,
        u1_0.updated_at,
        u1_0.username 
    from
        users u1_0 
    where
        u1_0.username=?
26-06-15 17:22:31.318 [http-nio-8080-exec-9] [32mTRACE[0;39m org.hibernate.orm.jdbc.bind          [ |  | ] - binding parameter (1:VARCHAR) <- []
26-06-15 17:22:31.404 [http-nio-8080-exec-9] [32mDEBUG[0;39m o.s.s.a.DefaultAuthenticationEventPublisher [ |  | ] - No event was found for the exception org.springframework.security.authentication.InternalAuthenticationServiceException
26-06-15 17:22:31.405 [http-nio-8080-exec-9] [31mERROR[0;39m o.s.s.w.a.UsernamePasswordAuthenticationFilter [ |  | ] - An internal error occurred while trying to authenticate the user.
org.springframework.security.authentication.InternalAuthenticationServiceException: 사용자를 찾을 수 없습니다.
	at org.springframework.security.authentication.dao.DaoAuthenticationProvider.retrieveUser(DaoAuthenticationProvider.java:122)
	at org.springframework.security.authentication.dao.AbstractUserDetailsAuthenticationProvider.authenticate(AbstractUserDetailsAuthenticationProvider.java:133)
	at org.springframework.security.authentication.ProviderManager.authenticate(ProviderManager.java:182)
	at org.springframework.security.authentication.ProviderManager.authenticate(ProviderManager.java:201)
	at org.springframework.security.authentication.ObservationAuthenticationManager.lambda$authenticate$1(ObservationAuthenticationManager.java:54)
	at io.micrometer.observation.Observation.observe(Observation.java:565)
	at org.springframework.security.authentication.ObservationAuthenticationManager.authenticate(ObservationAuthenticationManager.java:53)
	at org.springframework.security.web.authentication.UsernamePasswordAuthenticationFilter.attemptAuthentication(UsernamePasswordAuthenticationFilter.java:85)
	at org.springframework.security.web.authentication.AbstractAuthenticationProcessingFilter.doFilter(AbstractAuthenticationProcessingFilter.java:231)
	at org.springframework.security.web.authentication.AbstractAuthenticationProcessingFilter.doFilter(AbstractAuthenticationProcessingFilter.java:221)
	at org.springframework.security.web.ObservationFilterChainDecorator$ObservationFilter.wrapFilter(ObservationFilterChainDecorator.java:240)
	at org.springframework.security.web.ObservationFilterChainDecorator$ObservationFilter.doFilter(ObservationFilterChainDecorator.java:227)
	at org.springframework.security.web.ObservationFilterChainDecorator$VirtualFilterChain.doFilter(ObservationFilterChainDecorator.java:137)
	at com.sprint.mission.discodeit.security.jwt.JwtAuthenticationFilter.doFilterInternal(JwtAuthenticationFilter.java:72)
	at org.springframework.web.filter.OncePerRequestFilter.doFilter(OncePerRequestFilter.java:116)
	at org.springframework.security.web.ObservationFilterChainDecorator$ObservationFilter.wrapFilter(ObservationFilterChainDecorator.java:240)
	at org.springframework.security.web.ObservationFilterChainDecorator$ObservationFilter.doFilter(ObservationFilterChainDecorator.java:227)
	at org.springframework.security.web.ObservationFilterChainDecorator$VirtualFilterChain.doFilter(ObservationFilterChainDecorator.java:137)
	at org.springframework.security.web.authentication.logout.LogoutFilter.doFilter(LogoutFilter.java:107)
	at org.springframework.security.web.authentication.logout.LogoutFilter.doFilter(LogoutFilter.java:93)
	at org.springframework.security.web.ObservationFilterChainDecorator$ObservationFilter.wrapFilter(ObservationFilterChainDecorator.java:240)
	at org.springframework.security.web.ObservationFilterChainDecorator$ObservationFilter.doFilter(ObservationFilterChainDecorator.java:227)
	at org.springframework.security.web.ObservationFilterChainDecorator$VirtualFilterChain.doFilter(ObservationFilterChainDecorator.java:137)
	at org.springframework.security.web.csrf.CsrfFilter.doFilterInternal(CsrfFilter.java:131)
	at org.springframework.web.filter.OncePerRequestFilter.doFilter(OncePerRequestFilter.java:116)
	at org.springframework.security.web.ObservationFilterChainDecorator$ObservationFilter.wrapFilter(ObservationFilterChainDecorator.java:240)
	at org.springframework.security.web.ObservationFilterChainDecorator$ObservationFilter.doFilter(ObservationFilterChainDecorator.java:227)
	at org.springframework.security.web.ObservationFilterChainDecorator$VirtualFilterChain.doFilter(ObservationFilterChainDecorator.java:137)
	at org.springframework.security.web.header.HeaderWriterFilter.doHeadersAfter(HeaderWriterFilter.java:90)
	at org.springframework.security.web.header.HeaderWriterFilter.doFilterInternal(HeaderWriterFilter.java:75)
	at org.springframework.web.filter.OncePerRequestFilter.doFilter(OncePerRequestFilter.java:116)
	at org.springframework.security.web.ObservationFilterChainDecorator$ObservationFilter.wrapFilter(ObservationFilterChainDecorator.java:240)
	at org.springframework.security.web.ObservationFilterChainDecorator$ObservationFilter.doFilter(ObservationFilterChainDecorator.java:227)
	at org.springframework.security.web.ObservationFilterChainDecorator$VirtualFilterChain.doFilter(ObservationFilterChainDecorator.java:137)
	at org.springframework.security.web.context.SecurityContextHolderFilter.doFilter(SecurityContextHolderFilter.java:82)
	at org.springframework.security.web.context.SecurityContextHolderFilter.doFilter(SecurityContextHolderFilter.java:69)
	at org.springframework.security.web.ObservationFilterChainDecorator$ObservationFilter.wrapFilter(ObservationFilterChainDecorator.java:240)
	at org.springframework.security.web.ObservationFilterChainDecorator$ObservationFilter.doFilter(ObservationFilterChainDecorator.java:227)
	at org.springframework.security.web.ObservationFilterChainDecorator$VirtualFilterChain.doFilter(ObservationFilterChainDecorator.java:137)
	at org.springframework.security.web.context.request.async.WebAsyncManagerIntegrationFilter.doFilterInternal(WebAsyncManagerIntegrationFilter.java:62)
	at org.springframework.web.filter.OncePerRequestFilter.doFilter(OncePerRequestFilter.java:116)
	at org.springframework.security.web.ObservationFilterChainDecorator$ObservationFilter.wrapFilter(ObservationFilterChainDecorator.java:240)
	at org.springframework.security.web.ObservationFilterChainDecorator$ObservationFilter.doFilter(ObservationFilterChainDecorator.java:227)
	at org.springframework.security.web.ObservationFilterChainDecorator$VirtualFilterChain.doFilter(ObservationFilterChainDecorator.java:137)
	at org.springframework.security.web.session.DisableEncodeUrlFilter.doFilterInternal(DisableEncodeUrlFilter.java:42)
	at org.springframework.web.filter.OncePerRequestFilter.doFilter(OncePerRequestFilter.java:116)
	at org.springframework.security.web.ObservationFilterChainDecorator$ObservationFilter.wrapFilter(ObservationFilterChainDecorator.java:240)
	at org.springframework.security.web.ObservationFilterChainDecorator$AroundFilterObservation$SimpleAroundFilterObservation.lambda$wrap$0(ObservationFilterChainDecorator.java:323)
	at org.springframework.security.web.ObservationFilterChainDecorator$ObservationFilter.doFilter(ObservationFilterChainDecorator.java:224)
	at org.springframework.security.web.ObservationFilterChainDecorator$VirtualFilterChain.doFilter(ObservationFilterChainDecorator.java:137)
	at org.springframework.security.web.FilterChainProxy.doFilterInternal(FilterChainProxy.java:233)
	at org.springframework.security.web.FilterChainProxy.doFilter(FilterChainProxy.java:191)
	at org.springframework.web.filter.CompositeFilter$VirtualFilterChain.doFilter(CompositeFilter.java:113)
	at org.springframework.web.servlet.handler.HandlerMappingIntrospector.lambda$createCacheFilter$3(HandlerMappingIntrospector.java:243)
	at org.springframework.web.filter.CompositeFilter$VirtualFilterChain.doFilter(CompositeFilter.java:113)
	at org.springframework.web.filter.CompositeFilter.doFilter(CompositeFilter.java:74)
	at org.springframework.security.config.annotation.web.configuration.WebMvcSecurityConfiguration$CompositeFilterChainProxy.doFilter(WebMvcSecurityConfiguration.java:238)
	at org.springframework.web.filter.DelegatingFilterProxy.invokeDelegate(DelegatingFilterProxy.java:362)
	at org.springframework.web.filter.DelegatingFilterProxy.doFilter(DelegatingFilterProxy.java:278)
	at org.apache.catalina.core.ApplicationFilterChain.internalDoFilter(ApplicationFilterChain.java:164)
	at org.apache.catalina.core.ApplicationFilterChain.doFilter(ApplicationFilterChain.java:140)
	at org.springframework.web.filter.RequestContextFilter.doFilterInternal(RequestContextFilter.java:100)
	at org.springframework.web.filter.OncePerRequestFilter.doFilter(OncePerRequestFilter.java:116)
	at org.apache.catalina.core.ApplicationFilterChain.internalDoFilter(ApplicationFilterChain.java:164)
	at org.apache.catalina.core.ApplicationFilterChain.doFilter(ApplicationFilterChain.java:140)
	at org.springframework.web.filter.FormContentFilter.doFilterInternal(FormContentFilter.java:93)
	at org.springframework.web.filter.OncePerRequestFilter.doFilter(OncePerRequestFilter.java:116)
	at org.apache.catalina.core.ApplicationFilterChain.internalDoFilter(ApplicationFilterChain.java:164)
	at org.apache.catalina.core.ApplicationFilterChain.doFilter(ApplicationFilterChain.java:140)
	at org.springframework.web.filter.ServerHttpObservationFilter.doFilterInternal(ServerHttpObservationFilter.java:114)
	at org.springframework.web.filter.OncePerRequestFilter.doFilter(OncePerRequestFilter.java:116)
	at org.apache.catalina.core.ApplicationFilterChain.internalDoFilter(ApplicationFilterChain.java:164)
	at org.apache.catalina.core.ApplicationFilterChain.doFilter(ApplicationFilterChain.java:140)
	at org.springframework.web.filter.CharacterEncodingFilter.doFilterInternal(CharacterEncodingFilter.java:201)
	at org.springframework.web.filter.OncePerRequestFilter.doFilter(OncePerRequestFilter.java:116)
	at org.apache.catalina.core.ApplicationFilterChain.internalDoFilter(ApplicationFilterChain.java:164)
	at org.apache.catalina.core.ApplicationFilterChain.doFilter(ApplicationFilterChain.java:140)
	at org.apache.catalina.core.StandardWrapperValve.invoke(StandardWrapperValve.java:167)
	at org.apache.catalina.core.StandardContextValve.invoke(StandardContextValve.java:90)
	at org.apache.catalina.authenticator.AuthenticatorBase.invoke(AuthenticatorBase.java:483)
	at org.apache.catalina.core.StandardHostValve.invoke(StandardHostValve.java:115)
	at org.apache.catalina.valves.ErrorReportValve.invoke(ErrorReportValve.java:93)
	at org.apache.catalina.core.StandardEngineValve.invoke(StandardEngineValve.java:74)
	at org.apache.catalina.connector.CoyoteAdapter.service(CoyoteAdapter.java:344)
	at org.apache.coyote.http11.Http11Processor.service(Http11Processor.java:397)
	at org.apache.coyote.AbstractProcessorLight.process(AbstractProcessorLight.java:63)
	at org.apache.coyote.AbstractProtocol$ConnectionHandler.process(AbstractProtocol.java:905)
	at org.apache.tomcat.util.net.NioEndpoint$SocketProcessor.doRun(NioEndpoint.java:1741)
	at org.apache.tomcat.util.net.SocketProcessorBase.run(SocketProcessorBase.java:52)
	at org.apache.tomcat.util.threads.ThreadPoolExecutor.runWorker(ThreadPoolExecutor.java:1190)
	at org.apache.tomcat.util.threads.ThreadPoolExecutor$Worker.run(ThreadPoolExecutor.java:659)
	at org.apache.tomcat.util.threads.TaskThread$WrappingRunnable.run(TaskThread.java:63)
	at java.base/java.lang.Thread.run(Thread.java:840)
Caused by: com.sprint.mission.discodeit.exception.user.UserNotFoundException: 사용자를 찾을 수 없습니다.
	at com.sprint.mission.discodeit.exception.user.UserNotFoundException.withUsername(UserNotFoundException.java:19)
	at com.sprint.mission.discodeit.security.DiscodeitUserDetailsService.lambda$loadUserByUsername$0(DiscodeitUserDetailsService.java:26)
	at java.base/java.util.Optional.orElseThrow(Optional.java:403)
	at com.sprint.mission.discodeit.security.DiscodeitUserDetailsService.loadUserByUsername(DiscodeitUserDetailsService.java:26)
	at java.base/jdk.internal.reflect.NativeMethodAccessorImpl.invoke0(Native Method)
	at java.base/jdk.internal.reflect.NativeMethodAccessorImpl.invoke(NativeMethodAccessorImpl.java:77)
	at java.base/jdk.internal.reflect.DelegatingMethodAccessorImpl.invoke(DelegatingMethodAccessorImpl.java:43)
	at java.base/java.lang.reflect.Method.invoke(Method.java:569)
	at org.springframework.aop.support.AopUtils.invokeJoinpointUsingReflection(AopUtils.java:359)
	at org.springframework.aop.framework.ReflectiveMethodInvocation.invokeJoinpoint(ReflectiveMethodInvocation.java:196)
	at org.springframework.aop.framework.ReflectiveMethodInvocation.proceed(ReflectiveMethodInvocation.java:163)
	at org.springframework.transaction.interceptor.TransactionAspectSupport.invokeWithinTransaction(TransactionAspectSupport.java:380)
	at org.springframework.transaction.interceptor.TransactionInterceptor.invoke(TransactionInterceptor.java:119)
	at org.springframework.aop.framework.ReflectiveMethodInvocation.proceed(ReflectiveMethodInvocation.java:184)
	at org.springframework.aop.framework.CglibAopProxy$DynamicAdvisedInterceptor.intercept(CglibAopProxy.java:727)
	at com.sprint.mission.discodeit.security.DiscodeitUserDetailsService$$SpringCGLIB$$0.loadUserByUsername(<generated>)
	at org.springframework.security.authentication.dao.DaoAuthenticationProvider.retrieveUser(DaoAuthenticationProvider.java:107)
	... 92 common frames omitted
26-06-15 17:22:31.436 [http-nio-8080-exec-9] [32mTRACE[0;39m o.s.s.w.a.UsernamePasswordAuthenticationFilter [ |  | ] - Failed to process authentication request
org.springframework.security.authentication.InternalAuthenticationServiceException: 사용자를 찾을 수 없습니다.
	at org.springframework.security.authentication.dao.DaoAuthenticationProvider.retrieveUser(DaoAuthenticationProvider.java:122)
	at org.springframework.security.authentication.dao.AbstractUserDetailsAuthenticationProvider.authenticate(AbstractUserDetailsAuthenticationProvider.java:133)
	at org.springframework.security.authentication.ProviderManager.authenticate(ProviderManager.java:182)
	at org.springframework.security.authentication.ProviderManager.authenticate(ProviderManager.java:201)
	at org.springframework.security.authentication.ObservationAuthenticationManager.lambda$authenticate$1(ObservationAuthenticationManager.java:54)
	at io.micrometer.observation.Observation.observe(Observation.java:565)
	at org.springframework.security.authentication.ObservationAuthenticationManager.authenticate(ObservationAuthenticationManager.java:53)
	at org.springframework.security.web.authentication.UsernamePasswordAuthenticationFilter.attemptAuthentication(UsernamePasswordAuthenticationFilter.java:85)
	at org.springframework.security.web.authentication.AbstractAuthenticationProcessingFilter.doFilter(AbstractAuthenticationProcessingFilter.java:231)
	at org.springframework.security.web.authentication.AbstractAuthenticationProcessingFilter.doFilter(AbstractAuthenticationProcessingFilter.java:221)
	at org.springframework.security.web.ObservationFilterChainDecorator$ObservationFilter.wrapFilter(ObservationFilterChainDecorator.java:240)
	at org.springframework.security.web.ObservationFilterChainDecorator$ObservationFilter.doFilter(ObservationFilterChainDecorator.java:227)
	at org.springframework.security.web.ObservationFilterChainDecorator$VirtualFilterChain.doFilter(ObservationFilterChainDecorator.java:137)
	at com.sprint.mission.discodeit.security.jwt.JwtAuthenticationFilter.doFilterInternal(JwtAuthenticationFilter.java:72)
	at org.springframework.web.filter.OncePerRequestFilter.doFilter(OncePerRequestFilter.java:116)
	at org.springframework.security.web.ObservationFilterChainDecorator$ObservationFilter.wrapFilter(ObservationFilterChainDecorator.java:240)
	at org.springframework.security.web.ObservationFilterChainDecorator$ObservationFilter.doFilter(ObservationFilterChainDecorator.java:227)
	at org.springframework.security.web.ObservationFilterChainDecorator$VirtualFilterChain.doFilter(ObservationFilterChainDecorator.java:137)
	at org.springframework.security.web.authentication.logout.LogoutFilter.doFilter(LogoutFilter.java:107)
	at org.springframework.security.web.authentication.logout.LogoutFilter.doFilter(LogoutFilter.java:93)
	at org.springframework.security.web.ObservationFilterChainDecorator$ObservationFilter.wrapFilter(ObservationFilterChainDecorator.java:240)
	at org.springframework.security.web.ObservationFilterChainDecorator$ObservationFilter.doFilter(ObservationFilterChainDecorator.java:227)
	at org.springframework.security.web.ObservationFilterChainDecorator$VirtualFilterChain.doFilter(ObservationFilterChainDecorator.java:137)
	at org.springframework.security.web.csrf.CsrfFilter.doFilterInternal(CsrfFilter.java:131)
	at org.springframework.web.filter.OncePerRequestFilter.doFilter(OncePerRequestFilter.java:116)
	at org.springframework.security.web.ObservationFilterChainDecorator$ObservationFilter.wrapFilter(ObservationFilterChainDecorator.java:240)
	at org.springframework.security.web.ObservationFilterChainDecorator$ObservationFilter.doFilter(ObservationFilterChainDecorator.java:227)
	at org.springframework.security.web.ObservationFilterChainDecorator$VirtualFilterChain.doFilter(ObservationFilterChainDecorator.java:137)
	at org.springframework.security.web.header.HeaderWriterFilter.doHeadersAfter(HeaderWriterFilter.java:90)
	at org.springframework.security.web.header.HeaderWriterFilter.doFilterInternal(HeaderWriterFilter.java:75)
	at org.springframework.web.filter.OncePerRequestFilter.doFilter(OncePerRequestFilter.java:116)
	at org.springframework.security.web.ObservationFilterChainDecorator$ObservationFilter.wrapFilter(ObservationFilterChainDecorator.java:240)
	at org.springframework.security.web.ObservationFilterChainDecorator$ObservationFilter.doFilter(ObservationFilterChainDecorator.java:227)
	at org.springframework.security.web.ObservationFilterChainDecorator$VirtualFilterChain.doFilter(ObservationFilterChainDecorator.java:137)
	at org.springframework.security.web.context.SecurityContextHolderFilter.doFilter(SecurityContextHolderFilter.java:82)
	at org.springframework.security.web.context.SecurityContextHolderFilter.doFilter(SecurityContextHolderFilter.java:69)
	at org.springframework.security.web.ObservationFilterChainDecorator$ObservationFilter.wrapFilter(ObservationFilterChainDecorator.java:240)
	at org.springframework.security.web.ObservationFilterChainDecorator$ObservationFilter.doFilter(ObservationFilterChainDecorator.java:227)
	at org.springframework.security.web.ObservationFilterChainDecorator$VirtualFilterChain.doFilter(ObservationFilterChainDecorator.java:137)
	at org.springframework.security.web.context.request.async.WebAsyncManagerIntegrationFilter.doFilterInternal(WebAsyncManagerIntegrationFilter.java:62)
	at org.springframework.web.filter.OncePerRequestFilter.doFilter(OncePerRequestFilter.java:116)
	at org.springframework.security.web.ObservationFilterChainDecorator$ObservationFilter.wrapFilter(ObservationFilterChainDecorator.java:240)
	at org.springframework.security.web.ObservationFilterChainDecorator$ObservationFilter.doFilter(ObservationFilterChainDecorator.java:227)
	at org.springframework.security.web.ObservationFilterChainDecorator$VirtualFilterChain.doFilter(ObservationFilterChainDecorator.java:137)
	at org.springframework.security.web.session.DisableEncodeUrlFilter.doFilterInternal(DisableEncodeUrlFilter.java:42)
	at org.springframework.web.filter.OncePerRequestFilter.doFilter(OncePerRequestFilter.java:116)
	at org.springframework.security.web.ObservationFilterChainDecorator$ObservationFilter.wrapFilter(ObservationFilterChainDecorator.java:240)
	at org.springframework.security.web.ObservationFilterChainDecorator$AroundFilterObservation$SimpleAroundFilterObservation.lambda$wrap$0(ObservationFilterChainDecorator.java:323)
	at org.springframework.security.web.ObservationFilterChainDecorator$ObservationFilter.doFilter(ObservationFilterChainDecorator.java:224)
	at org.springframework.security.web.ObservationFilterChainDecorator$VirtualFilterChain.doFilter(ObservationFilterChainDecorator.java:137)
	at org.springframework.security.web.FilterChainProxy.doFilterInternal(FilterChainProxy.java:233)
	at org.springframework.security.web.FilterChainProxy.doFilter(FilterChainProxy.java:191)
	at org.springframework.web.filter.CompositeFilter$VirtualFilterChain.doFilter(CompositeFilter.java:113)
	at org.springframework.web.servlet.handler.HandlerMappingIntrospector.lambda$createCacheFilter$3(HandlerMappingIntrospector.java:243)
	at org.springframework.web.filter.CompositeFilter$VirtualFilterChain.doFilter(CompositeFilter.java:113)
	at org.springframework.web.filter.CompositeFilter.doFilter(CompositeFilter.java:74)
	at org.springframework.security.config.annotation.web.configuration.WebMvcSecurityConfiguration$CompositeFilterChainProxy.doFilter(WebMvcSecurityConfiguration.java:238)
	at org.springframework.web.filter.DelegatingFilterProxy.invokeDelegate(DelegatingFilterProxy.java:362)
	at org.springframework.web.filter.DelegatingFilterProxy.doFilter(DelegatingFilterProxy.java:278)
	at org.apache.catalina.core.ApplicationFilterChain.internalDoFilter(ApplicationFilterChain.java:164)
	at org.apache.catalina.core.ApplicationFilterChain.doFilter(ApplicationFilterChain.java:140)
	at org.springframework.web.filter.RequestContextFilter.doFilterInternal(RequestContextFilter.java:100)
	at org.springframework.web.filter.OncePerRequestFilter.doFilter(OncePerRequestFilter.java:116)
	at org.apache.catalina.core.ApplicationFilterChain.internalDoFilter(ApplicationFilterChain.java:164)
	at org.apache.catalina.core.ApplicationFilterChain.doFilter(ApplicationFilterChain.java:140)
	at org.springframework.web.filter.FormContentFilter.doFilterInternal(FormContentFilter.java:93)
	at org.springframework.web.filter.OncePerRequestFilter.doFilter(OncePerRequestFilter.java:116)
	at org.apache.catalina.core.ApplicationFilterChain.internalDoFilter(ApplicationFilterChain.java:164)
	at org.apache.catalina.core.ApplicationFilterChain.doFilter(ApplicationFilterChain.java:140)
	at org.springframework.web.filter.ServerHttpObservationFilter.doFilterInternal(ServerHttpObservationFilter.java:114)
	at org.springframework.web.filter.OncePerRequestFilter.doFilter(OncePerRequestFilter.java:116)
	at org.apache.catalina.core.ApplicationFilterChain.internalDoFilter(ApplicationFilterChain.java:164)
	at org.apache.catalina.core.ApplicationFilterChain.doFilter(ApplicationFilterChain.java:140)
	at org.springframework.web.filter.CharacterEncodingFilter.doFilterInternal(CharacterEncodingFilter.java:201)
	at org.springframework.web.filter.OncePerRequestFilter.doFilter(OncePerRequestFilter.java:116)
	at org.apache.catalina.core.ApplicationFilterChain.internalDoFilter(ApplicationFilterChain.java:164)
	at org.apache.catalina.core.ApplicationFilterChain.doFilter(ApplicationFilterChain.java:140)
	at org.apache.catalina.core.StandardWrapperValve.invoke(StandardWrapperValve.java:167)
	at org.apache.catalina.core.StandardContextValve.invoke(StandardContextValve.java:90)
	at org.apache.catalina.authenticator.AuthenticatorBase.invoke(AuthenticatorBase.java:483)
	at org.apache.catalina.core.StandardHostValve.invoke(StandardHostValve.java:115)
	at org.apache.catalina.valves.ErrorReportValve.invoke(ErrorReportValve.java:93)
	at org.apache.catalina.core.StandardEngineValve.invoke(StandardEngineValve.java:74)
	at org.apache.catalina.connector.CoyoteAdapter.service(CoyoteAdapter.java:344)
	at org.apache.coyote.http11.Http11Processor.service(Http11Processor.java:397)
	at org.apache.coyote.AbstractProcessorLight.process(AbstractProcessorLight.java:63)
	at org.apache.coyote.AbstractProtocol$ConnectionHandler.process(AbstractProtocol.java:905)
	at org.apache.tomcat.util.net.NioEndpoint$SocketProcessor.doRun(NioEndpoint.java:1741)
	at org.apache.tomcat.util.net.SocketProcessorBase.run(SocketProcessorBase.java:52)
	at org.apache.tomcat.util.threads.ThreadPoolExecutor.runWorker(ThreadPoolExecutor.java:1190)
	at org.apache.tomcat.util.threads.ThreadPoolExecutor$Worker.run(ThreadPoolExecutor.java:659)
	at org.apache.tomcat.util.threads.TaskThread$WrappingRunnable.run(TaskThread.java:63)
	at java.base/java.lang.Thread.run(Thread.java:840)
Caused by: com.sprint.mission.discodeit.exception.user.UserNotFoundException: 사용자를 찾을 수 없습니다.
	at com.sprint.mission.discodeit.exception.user.UserNotFoundException.withUsername(UserNotFoundException.java:19)
	at com.sprint.mission.discodeit.security.DiscodeitUserDetailsService.lambda$loadUserByUsername$0(DiscodeitUserDetailsService.java:26)
	at java.base/java.util.Optional.orElseThrow(Optional.java:403)
	at com.sprint.mission.discodeit.security.DiscodeitUserDetailsService.loadUserByUsername(DiscodeitUserDetailsService.java:26)
	at java.base/jdk.internal.reflect.NativeMethodAccessorImpl.invoke0(Native Method)
	at java.base/jdk.internal.reflect.NativeMethodAccessorImpl.invoke(NativeMethodAccessorImpl.java:77)
	at java.base/jdk.internal.reflect.DelegatingMethodAccessorImpl.invoke(DelegatingMethodAccessorImpl.java:43)
	at java.base/java.lang.reflect.Method.invoke(Method.java:569)
	at org.springframework.aop.support.AopUtils.invokeJoinpointUsingReflection(AopUtils.java:359)
	at org.springframework.aop.framework.ReflectiveMethodInvocation.invokeJoinpoint(ReflectiveMethodInvocation.java:196)
	at org.springframework.aop.framework.ReflectiveMethodInvocation.proceed(ReflectiveMethodInvocation.java:163)
	at org.springframework.transaction.interceptor.TransactionAspectSupport.invokeWithinTransaction(TransactionAspectSupport.java:380)
	at org.springframework.transaction.interceptor.TransactionInterceptor.invoke(TransactionInterceptor.java:119)
	at org.springframework.aop.framework.ReflectiveMethodInvocation.proceed(ReflectiveMethodInvocation.java:184)
	at org.springframework.aop.framework.CglibAopProxy$DynamicAdvisedInterceptor.intercept(CglibAopProxy.java:727)
	at com.sprint.mission.discodeit.security.DiscodeitUserDetailsService$$SpringCGLIB$$0.loadUserByUsername(<generated>)
	at org.springframework.security.authentication.dao.DaoAuthenticationProvider.retrieveUser(DaoAuthenticationProvider.java:107)
	... 92 common frames omitted
26-06-15 17:22:31.440 [http-nio-8080-exec-9] [32mTRACE[0;39m o.s.s.w.a.UsernamePasswordAuthenticationFilter [ |  | ] - Cleared SecurityContextHolder
26-06-15 17:22:31.440 [http-nio-8080-exec-9] [32mTRACE[0;39m o.s.s.w.a.UsernamePasswordAuthenticationFilter [ |  | ] - Handling authentication failure
26-06-15 17:22:31.441 [http-nio-8080-exec-9] [31mERROR[0;39m c.s.m.d.security.LoginFailureHandler [ |  | ] - Authentication failed: 사용자를 찾을 수 없습니다.
org.springframework.security.authentication.InternalAuthenticationServiceException: 사용자를 찾을 수 없습니다.
	at org.springframework.security.authentication.dao.DaoAuthenticationProvider.retrieveUser(DaoAuthenticationProvider.java:122)
	at org.springframework.security.authentication.dao.AbstractUserDetailsAuthenticationProvider.authenticate(AbstractUserDetailsAuthenticationProvider.java:133)
	at org.springframework.security.authentication.ProviderManager.authenticate(ProviderManager.java:182)
	at org.springframework.security.authentication.ProviderManager.authenticate(ProviderManager.java:201)
	at org.springframework.security.authentication.ObservationAuthenticationManager.lambda$authenticate$1(ObservationAuthenticationManager.java:54)
	at io.micrometer.observation.Observation.observe(Observation.java:565)
	at org.springframework.security.authentication.ObservationAuthenticationManager.authenticate(ObservationAuthenticationManager.java:53)
	at org.springframework.security.web.authentication.UsernamePasswordAuthenticationFilter.attemptAuthentication(UsernamePasswordAuthenticationFilter.java:85)
	at org.springframework.security.web.authentication.AbstractAuthenticationProcessingFilter.doFilter(AbstractAuthenticationProcessingFilter.java:231)
	at org.springframework.security.web.authentication.AbstractAuthenticationProcessingFilter.doFilter(AbstractAuthenticationProcessingFilter.java:221)
	at org.springframework.security.web.ObservationFilterChainDecorator$ObservationFilter.wrapFilter(ObservationFilterChainDecorator.java:240)
	at org.springframework.security.web.ObservationFilterChainDecorator$ObservationFilter.doFilter(ObservationFilterChainDecorator.java:227)
	at org.springframework.security.web.ObservationFilterChainDecorator$VirtualFilterChain.doFilter(ObservationFilterChainDecorator.java:137)
	at com.sprint.mission.discodeit.security.jwt.JwtAuthenticationFilter.doFilterInternal(JwtAuthenticationFilter.java:72)
	at org.springframework.web.filter.OncePerRequestFilter.doFilter(OncePerRequestFilter.java:116)
	at org.springframework.security.web.ObservationFilterChainDecorator$ObservationFilter.wrapFilter(ObservationFilterChainDecorator.java:240)
	at org.springframework.security.web.ObservationFilterChainDecorator$ObservationFilter.doFilter(ObservationFilterChainDecorator.java:227)
	at org.springframework.security.web.ObservationFilterChainDecorator$VirtualFilterChain.doFilter(ObservationFilterChainDecorator.java:137)
	at org.springframework.security.web.authentication.logout.LogoutFilter.doFilter(LogoutFilter.java:107)
	at org.springframework.security.web.authentication.logout.LogoutFilter.doFilter(LogoutFilter.java:93)
	at org.springframework.security.web.ObservationFilterChainDecorator$ObservationFilter.wrapFilter(ObservationFilterChainDecorator.java:240)
	at org.springframework.security.web.ObservationFilterChainDecorator$ObservationFilter.doFilter(ObservationFilterChainDecorator.java:227)
	at org.springframework.security.web.ObservationFilterChainDecorator$VirtualFilterChain.doFilter(ObservationFilterChainDecorator.java:137)
	at org.springframework.security.web.csrf.CsrfFilter.doFilterInternal(CsrfFilter.java:131)
	at org.springframework.web.filter.OncePerRequestFilter.doFilter(OncePerRequestFilter.java:116)
	at org.springframework.security.web.ObservationFilterChainDecorator$ObservationFilter.wrapFilter(ObservationFilterChainDecorator.java:240)
	at org.springframework.security.web.ObservationFilterChainDecorator$ObservationFilter.doFilter(ObservationFilterChainDecorator.java:227)
	at org.springframework.security.web.ObservationFilterChainDecorator$VirtualFilterChain.doFilter(ObservationFilterChainDecorator.java:137)
	at org.springframework.security.web.header.HeaderWriterFilter.doHeadersAfter(HeaderWriterFilter.java:90)
	at org.springframework.security.web.header.HeaderWriterFilter.doFilterInternal(HeaderWriterFilter.java:75)
	at org.springframework.web.filter.OncePerRequestFilter.doFilter(OncePerRequestFilter.java:116)
	at org.springframework.security.web.ObservationFilterChainDecorator$ObservationFilter.wrapFilter(ObservationFilterChainDecorator.java:240)
	at org.springframework.security.web.ObservationFilterChainDecorator$ObservationFilter.doFilter(ObservationFilterChainDecorator.java:227)
	at org.springframework.security.web.ObservationFilterChainDecorator$VirtualFilterChain.doFilter(ObservationFilterChainDecorator.java:137)
	at org.springframework.security.web.context.SecurityContextHolderFilter.doFilter(SecurityContextHolderFilter.java:82)
	at org.springframework.security.web.context.SecurityContextHolderFilter.doFilter(SecurityContextHolderFilter.java:69)
	at org.springframework.security.web.ObservationFilterChainDecorator$ObservationFilter.wrapFilter(ObservationFilterChainDecorator.java:240)
	at org.springframework.security.web.ObservationFilterChainDecorator$ObservationFilter.doFilter(ObservationFilterChainDecorator.java:227)
	at org.springframework.security.web.ObservationFilterChainDecorator$VirtualFilterChain.doFilter(ObservationFilterChainDecorator.java:137)
	at org.springframework.security.web.context.request.async.WebAsyncManagerIntegrationFilter.doFilterInternal(WebAsyncManagerIntegrationFilter.java:62)
	at org.springframework.web.filter.OncePerRequestFilter.doFilter(OncePerRequestFilter.java:116)
	at org.springframework.security.web.ObservationFilterChainDecorator$ObservationFilter.wrapFilter(ObservationFilterChainDecorator.java:240)
	at org.springframework.security.web.ObservationFilterChainDecorator$ObservationFilter.doFilter(ObservationFilterChainDecorator.java:227)
	at org.springframework.security.web.ObservationFilterChainDecorator$VirtualFilterChain.doFilter(ObservationFilterChainDecorator.java:137)
	at org.springframework.security.web.session.DisableEncodeUrlFilter.doFilterInternal(DisableEncodeUrlFilter.java:42)
	at org.springframework.web.filter.OncePerRequestFilter.doFilter(OncePerRequestFilter.java:116)
	at org.springframework.security.web.ObservationFilterChainDecorator$ObservationFilter.wrapFilter(ObservationFilterChainDecorator.java:240)
	at org.springframework.security.web.ObservationFilterChainDecorator$AroundFilterObservation$SimpleAroundFilterObservation.lambda$wrap$0(ObservationFilterChainDecorator.java:323)
	at org.springframework.security.web.ObservationFilterChainDecorator$ObservationFilter.doFilter(ObservationFilterChainDecorator.java:224)
	at org.springframework.security.web.ObservationFilterChainDecorator$VirtualFilterChain.doFilter(ObservationFilterChainDecorator.java:137)
	at org.springframework.security.web.FilterChainProxy.doFilterInternal(FilterChainProxy.java:233)
	at org.springframework.security.web.FilterChainProxy.doFilter(FilterChainProxy.java:191)
	at org.springframework.web.filter.CompositeFilter$VirtualFilterChain.doFilter(CompositeFilter.java:113)
	at org.springframework.web.servlet.handler.HandlerMappingIntrospector.lambda$createCacheFilter$3(HandlerMappingIntrospector.java:243)
	at org.springframework.web.filter.CompositeFilter$VirtualFilterChain.doFilter(CompositeFilter.java:113)
	at org.springframework.web.filter.CompositeFilter.doFilter(CompositeFilter.java:74)
	at org.springframework.security.config.annotation.web.configuration.WebMvcSecurityConfiguration$CompositeFilterChainProxy.doFilter(WebMvcSecurityConfiguration.java:238)
	at org.springframework.web.filter.DelegatingFilterProxy.invokeDelegate(DelegatingFilterProxy.java:362)
	at org.springframework.web.filter.DelegatingFilterProxy.doFilter(DelegatingFilterProxy.java:278)
	at org.apache.catalina.core.ApplicationFilterChain.internalDoFilter(ApplicationFilterChain.java:164)
	at org.apache.catalina.core.ApplicationFilterChain.doFilter(ApplicationFilterChain.java:140)
	at org.springframework.web.filter.RequestContextFilter.doFilterInternal(RequestContextFilter.java:100)
	at org.springframework.web.filter.OncePerRequestFilter.doFilter(OncePerRequestFilter.java:116)
	at org.apache.catalina.core.ApplicationFilterChain.internalDoFilter(ApplicationFilterChain.java:164)
	at org.apache.catalina.core.ApplicationFilterChain.doFilter(ApplicationFilterChain.java:140)
	at org.springframework.web.filter.FormContentFilter.doFilterInternal(FormContentFilter.java:93)
	at org.springframework.web.filter.OncePerRequestFilter.doFilter(OncePerRequestFilter.java:116)
	at org.apache.catalina.core.ApplicationFilterChain.internalDoFilter(ApplicationFilterChain.java:164)
	at org.apache.catalina.core.ApplicationFilterChain.doFilter(ApplicationFilterChain.java:140)
	at org.springframework.web.filter.ServerHttpObservationFilter.doFilterInternal(ServerHttpObservationFilter.java:114)
	at org.springframework.web.filter.OncePerRequestFilter.doFilter(OncePerRequestFilter.java:116)
	at org.apache.catalina.core.ApplicationFilterChain.internalDoFilter(ApplicationFilterChain.java:164)
	at org.apache.catalina.core.ApplicationFilterChain.doFilter(ApplicationFilterChain.java:140)
	at org.springframework.web.filter.CharacterEncodingFilter.doFilterInternal(CharacterEncodingFilter.java:201)
	at org.springframework.web.filter.OncePerRequestFilter.doFilter(OncePerRequestFilter.java:116)
	at org.apache.catalina.core.ApplicationFilterChain.internalDoFilter(ApplicationFilterChain.java:164)
	at org.apache.catalina.core.ApplicationFilterChain.doFilter(ApplicationFilterChain.java:140)
	at org.apache.catalina.core.StandardWrapperValve.invoke(StandardWrapperValve.java:167)
	at org.apache.catalina.core.StandardContextValve.invoke(StandardContextValve.java:90)
	at org.apache.catalina.authenticator.AuthenticatorBase.invoke(AuthenticatorBase.java:483)
	at org.apache.catalina.core.StandardHostValve.invoke(StandardHostValve.java:115)
	at org.apache.catalina.valves.ErrorReportValve.invoke(ErrorReportValve.java:93)
	at org.apache.catalina.core.StandardEngineValve.invoke(StandardEngineValve.java:74)
	at org.apache.catalina.connector.CoyoteAdapter.service(CoyoteAdapter.java:344)
	at org.apache.coyote.http11.Http11Processor.service(Http11Processor.java:397)
	at org.apache.coyote.AbstractProcessorLight.process(AbstractProcessorLight.java:63)
	at org.apache.coyote.AbstractProtocol$ConnectionHandler.process(AbstractProtocol.java:905)
	at org.apache.tomcat.util.net.NioEndpoint$SocketProcessor.doRun(NioEndpoint.java:1741)
	at org.apache.tomcat.util.net.SocketProcessorBase.run(SocketProcessorBase.java:52)
	at org.apache.tomcat.util.threads.ThreadPoolExecutor.runWorker(ThreadPoolExecutor.java:1190)
	at org.apache.tomcat.util.threads.ThreadPoolExecutor$Worker.run(ThreadPoolExecutor.java:659)
	at org.apache.tomcat.util.threads.TaskThread$WrappingRunnable.run(TaskThread.java:63)
	at java.base/java.lang.Thread.run(Thread.java:840)
Caused by: com.sprint.mission.discodeit.exception.user.UserNotFoundException: 사용자를 찾을 수 없습니다.
	at com.sprint.mission.discodeit.exception.user.UserNotFoundException.withUsername(UserNotFoundException.java:19)
	at com.sprint.mission.discodeit.security.DiscodeitUserDetailsService.lambda$loadUserByUsername$0(DiscodeitUserDetailsService.java:26)
	at java.base/java.util.Optional.orElseThrow(Optional.java:403)
	at com.sprint.mission.discodeit.security.DiscodeitUserDetailsService.loadUserByUsername(DiscodeitUserDetailsService.java:26)
	at java.base/jdk.internal.reflect.NativeMethodAccessorImpl.invoke0(Native Method)
	at java.base/jdk.internal.reflect.NativeMethodAccessorImpl.invoke(NativeMethodAccessorImpl.java:77)
	at java.base/jdk.internal.reflect.DelegatingMethodAccessorImpl.invoke(DelegatingMethodAccessorImpl.java:43)
	at java.base/java.lang.reflect.Method.invoke(Method.java:569)
	at org.springframework.aop.support.AopUtils.invokeJoinpointUsingReflection(AopUtils.java:359)
	at org.springframework.aop.framework.ReflectiveMethodInvocation.invokeJoinpoint(ReflectiveMethodInvocation.java:196)
	at org.springframework.aop.framework.ReflectiveMethodInvocation.proceed(ReflectiveMethodInvocation.java:163)
	at org.springframework.transaction.interceptor.TransactionAspectSupport.invokeWithinTransaction(TransactionAspectSupport.java:380)
	at org.springframework.transaction.interceptor.TransactionInterceptor.invoke(TransactionInterceptor.java:119)
	at org.springframework.aop.framework.ReflectiveMethodInvocation.proceed(ReflectiveMethodInvocation.java:184)
	at org.springframework.aop.framework.CglibAopProxy$DynamicAdvisedInterceptor.intercept(CglibAopProxy.java:727)
	at com.sprint.mission.discodeit.security.DiscodeitUserDetailsService$$SpringCGLIB$$0.loadUserByUsername(<generated>)
	at org.springframework.security.authentication.dao.DaoAuthenticationProvider.retrieveUser(DaoAuthenticationProvider.java:107)
	... 92 common frames omitted
26-06-15 17:22:31.457 [http-nio-8080-exec-9] [32mTRACE[0;39m o.s.s.w.h.writers.HstsHeaderWriter   [ |  | ] - Not injecting HSTS header since it did not match request to [Is Secure]
26-06-15 17:23:55.877 [http-nio-8080-exec-2] [32mTRACE[0;39m o.s.security.web.FilterChainProxy    [ |  | ] - Trying to match request against DefaultSecurityFilterChain defined as 'filterChain' in [class path resource [com/sprint/mission/discodeit/config/SecurityConfig.class]] matching [any request] and having filters [DisableEncodeUrl, WebAsyncManagerIntegration, SecurityContextHolder, HeaderWriter, Csrf, Logout, JwtAuthentication, UsernamePasswordAuthentication, RequestCacheAware, SecurityContextHolderAwareRequest, AnonymousAuthentication, SessionManagement, ExceptionTranslation, Authorization] (1/1)
26-06-15 17:23:55.881 [http-nio-8080-exec-2] [32mDEBUG[0;39m o.s.security.web.FilterChainProxy    [ |  | ] - Securing POST /api/auth/login
26-06-15 17:23:55.881 [http-nio-8080-exec-2] [32mTRACE[0;39m o.s.security.web.FilterChainProxy    [ |  | ] - Invoking DisableEncodeUrlFilter (1/14)
26-06-15 17:23:55.883 [http-nio-8080-exec-2] [32mTRACE[0;39m o.s.security.web.FilterChainProxy    [ |  | ] - Invoking WebAsyncManagerIntegrationFilter (2/14)
26-06-15 17:23:55.884 [http-nio-8080-exec-2] [32mTRACE[0;39m o.s.security.web.FilterChainProxy    [ |  | ] - Invoking SecurityContextHolderFilter (3/14)
26-06-15 17:23:55.886 [http-nio-8080-exec-2] [32mTRACE[0;39m o.s.security.web.FilterChainProxy    [ |  | ] - Invoking HeaderWriterFilter (4/14)
26-06-15 17:23:55.887 [http-nio-8080-exec-2] [32mTRACE[0;39m o.s.security.web.FilterChainProxy    [ |  | ] - Invoking CsrfFilter (5/14)
26-06-15 17:23:55.887 [http-nio-8080-exec-2] [32mTRACE[0;39m o.s.security.web.FilterChainProxy    [ |  | ] - Invoking LogoutFilter (6/14)
26-06-15 17:23:55.887 [http-nio-8080-exec-2] [32mTRACE[0;39m o.s.s.w.a.logout.LogoutFilter        [ |  | ] - Did not match request to Ant [pattern='/api/auth/logout', POST]
26-06-15 17:23:55.887 [http-nio-8080-exec-2] [32mTRACE[0;39m o.s.security.web.FilterChainProxy    [ |  | ] - Invoking JwtAuthenticationFilter (7/14)
26-06-15 17:23:55.888 [http-nio-8080-exec-2] [32mTRACE[0;39m o.s.security.web.FilterChainProxy    [ |  | ] - Invoking UsernamePasswordAuthenticationFilter (8/14)
26-06-15 17:23:55.888 [http-nio-8080-exec-2] [32mTRACE[0;39m o.s.s.authentication.ProviderManager [ |  | ] - Authenticating request with DaoAuthenticationProvider (1/1)
26-06-15 17:23:55.938 [http-nio-8080-exec-2] [32mDEBUG[0;39m org.hibernate.SQL                    [ |  | ] - 
    select
        u1_0.id,
        u1_0.created_at,
        u1_0.email,
        u1_0.password,
        u1_0.profile_id,
        u1_0.role,
        u1_0.updated_at,
        u1_0.username 
    from
        users u1_0 
    where
        u1_0.username=?
26-06-15 17:23:55.939 [http-nio-8080-exec-2] [32mTRACE[0;39m org.hibernate.orm.jdbc.bind          [ |  | ] - binding parameter (1:VARCHAR) <- []
26-06-15 17:23:55.963 [http-nio-8080-exec-2] [32mDEBUG[0;39m o.s.s.a.DefaultAuthenticationEventPublisher [ |  | ] - No event was found for the exception org.springframework.security.authentication.InternalAuthenticationServiceException
26-06-15 17:23:55.964 [http-nio-8080-exec-2] [31mERROR[0;39m o.s.s.w.a.UsernamePasswordAuthenticationFilter [ |  | ] - An internal error occurred while trying to authenticate the user.
org.springframework.security.authentication.InternalAuthenticationServiceException: 사용자를 찾을 수 없습니다.
	at org.springframework.security.authentication.dao.DaoAuthenticationProvider.retrieveUser(DaoAuthenticationProvider.java:122)
	at org.springframework.security.authentication.dao.AbstractUserDetailsAuthenticationProvider.authenticate(AbstractUserDetailsAuthenticationProvider.java:133)
	at org.springframework.security.authentication.ProviderManager.authenticate(ProviderManager.java:182)
	at org.springframework.security.authentication.ProviderManager.authenticate(ProviderManager.java:201)
	at org.springframework.security.authentication.ObservationAuthenticationManager.lambda$authenticate$1(ObservationAuthenticationManager.java:54)
	at io.micrometer.observation.Observation.observe(Observation.java:565)
	at org.springframework.security.authentication.ObservationAuthenticationManager.authenticate(ObservationAuthenticationManager.java:53)
	at org.springframework.security.web.authentication.UsernamePasswordAuthenticationFilter.attemptAuthentication(UsernamePasswordAuthenticationFilter.java:85)
	at org.springframework.security.web.authentication.AbstractAuthenticationProcessingFilter.doFilter(AbstractAuthenticationProcessingFilter.java:231)
	at org.springframework.security.web.authentication.AbstractAuthenticationProcessingFilter.doFilter(AbstractAuthenticationProcessingFilter.java:221)
	at org.springframework.security.web.ObservationFilterChainDecorator$ObservationFilter.wrapFilter(ObservationFilterChainDecorator.java:240)
	at org.springframework.security.web.ObservationFilterChainDecorator$ObservationFilter.doFilter(ObservationFilterChainDecorator.java:227)
	at org.springframework.security.web.ObservationFilterChainDecorator$VirtualFilterChain.doFilter(ObservationFilterChainDecorator.java:137)
	at com.sprint.mission.discodeit.security.jwt.JwtAuthenticationFilter.doFilterInternal(JwtAuthenticationFilter.java:72)
	at org.springframework.web.filter.OncePerRequestFilter.doFilter(OncePerRequestFilter.java:116)
	at org.springframework.security.web.ObservationFilterChainDecorator$ObservationFilter.wrapFilter(ObservationFilterChainDecorator.java:240)
	at org.springframework.security.web.ObservationFilterChainDecorator$ObservationFilter.doFilter(ObservationFilterChainDecorator.java:227)
	at org.springframework.security.web.ObservationFilterChainDecorator$VirtualFilterChain.doFilter(ObservationFilterChainDecorator.java:137)
	at org.springframework.security.web.authentication.logout.LogoutFilter.doFilter(LogoutFilter.java:107)
	at org.springframework.security.web.authentication.logout.LogoutFilter.doFilter(LogoutFilter.java:93)
	at org.springframework.security.web.ObservationFilterChainDecorator$ObservationFilter.wrapFilter(ObservationFilterChainDecorator.java:240)
	at org.springframework.security.web.ObservationFilterChainDecorator$ObservationFilter.doFilter(ObservationFilterChainDecorator.java:227)
	at org.springframework.security.web.ObservationFilterChainDecorator$VirtualFilterChain.doFilter(ObservationFilterChainDecorator.java:137)
	at org.springframework.security.web.csrf.CsrfFilter.doFilterInternal(CsrfFilter.java:131)
	at org.springframework.web.filter.OncePerRequestFilter.doFilter(OncePerRequestFilter.java:116)
	at org.springframework.security.web.ObservationFilterChainDecorator$ObservationFilter.wrapFilter(ObservationFilterChainDecorator.java:240)
	at org.springframework.security.web.ObservationFilterChainDecorator$ObservationFilter.doFilter(ObservationFilterChainDecorator.java:227)
	at org.springframework.security.web.ObservationFilterChainDecorator$VirtualFilterChain.doFilter(ObservationFilterChainDecorator.java:137)
	at org.springframework.security.web.header.HeaderWriterFilter.doHeadersAfter(HeaderWriterFilter.java:90)
	at org.springframework.security.web.header.HeaderWriterFilter.doFilterInternal(HeaderWriterFilter.java:75)
	at org.springframework.web.filter.OncePerRequestFilter.doFilter(OncePerRequestFilter.java:116)
	at org.springframework.security.web.ObservationFilterChainDecorator$ObservationFilter.wrapFilter(ObservationFilterChainDecorator.java:240)
	at org.springframework.security.web.ObservationFilterChainDecorator$ObservationFilter.doFilter(ObservationFilterChainDecorator.java:227)
	at org.springframework.security.web.ObservationFilterChainDecorator$VirtualFilterChain.doFilter(ObservationFilterChainDecorator.java:137)
	at org.springframework.security.web.context.SecurityContextHolderFilter.doFilter(SecurityContextHolderFilter.java:82)
	at org.springframework.security.web.context.SecurityContextHolderFilter.doFilter(SecurityContextHolderFilter.java:69)
	at org.springframework.security.web.ObservationFilterChainDecorator$ObservationFilter.wrapFilter(ObservationFilterChainDecorator.java:240)
	at org.springframework.security.web.ObservationFilterChainDecorator$ObservationFilter.doFilter(ObservationFilterChainDecorator.java:227)
	at org.springframework.security.web.ObservationFilterChainDecorator$VirtualFilterChain.doFilter(ObservationFilterChainDecorator.java:137)
	at org.springframework.security.web.context.request.async.WebAsyncManagerIntegrationFilter.doFilterInternal(WebAsyncManagerIntegrationFilter.java:62)
	at org.springframework.web.filter.OncePerRequestFilter.doFilter(OncePerRequestFilter.java:116)
	at org.springframework.security.web.ObservationFilterChainDecorator$ObservationFilter.wrapFilter(ObservationFilterChainDecorator.java:240)
	at org.springframework.security.web.ObservationFilterChainDecorator$ObservationFilter.doFilter(ObservationFilterChainDecorator.java:227)
	at org.springframework.security.web.ObservationFilterChainDecorator$VirtualFilterChain.doFilter(ObservationFilterChainDecorator.java:137)
	at org.springframework.security.web.session.DisableEncodeUrlFilter.doFilterInternal(DisableEncodeUrlFilter.java:42)
	at org.springframework.web.filter.OncePerRequestFilter.doFilter(OncePerRequestFilter.java:116)
	at org.springframework.security.web.ObservationFilterChainDecorator$ObservationFilter.wrapFilter(ObservationFilterChainDecorator.java:240)
	at org.springframework.security.web.ObservationFilterChainDecorator$AroundFilterObservation$SimpleAroundFilterObservation.lambda$wrap$0(ObservationFilterChainDecorator.java:323)
	at org.springframework.security.web.ObservationFilterChainDecorator$ObservationFilter.doFilter(ObservationFilterChainDecorator.java:224)
	at org.springframework.security.web.ObservationFilterChainDecorator$VirtualFilterChain.doFilter(ObservationFilterChainDecorator.java:137)
	at org.springframework.security.web.FilterChainProxy.doFilterInternal(FilterChainProxy.java:233)
	at org.springframework.security.web.FilterChainProxy.doFilter(FilterChainProxy.java:191)
	at org.springframework.web.filter.CompositeFilter$VirtualFilterChain.doFilter(CompositeFilter.java:113)
	at org.springframework.web.servlet.handler.HandlerMappingIntrospector.lambda$createCacheFilter$3(HandlerMappingIntrospector.java:243)
	at org.springframework.web.filter.CompositeFilter$VirtualFilterChain.doFilter(CompositeFilter.java:113)
	at org.springframework.web.filter.CompositeFilter.doFilter(CompositeFilter.java:74)
	at org.springframework.security.config.annotation.web.configuration.WebMvcSecurityConfiguration$CompositeFilterChainProxy.doFilter(WebMvcSecurityConfiguration.java:238)
	at org.springframework.web.filter.DelegatingFilterProxy.invokeDelegate(DelegatingFilterProxy.java:362)
	at org.springframework.web.filter.DelegatingFilterProxy.doFilter(DelegatingFilterProxy.java:278)
	at org.apache.catalina.core.ApplicationFilterChain.internalDoFilter(ApplicationFilterChain.java:164)
	at org.apache.catalina.core.ApplicationFilterChain.doFilter(ApplicationFilterChain.java:140)
	at org.springframework.web.filter.RequestContextFilter.doFilterInternal(RequestContextFilter.java:100)
	at org.springframework.web.filter.OncePerRequestFilter.doFilter(OncePerRequestFilter.java:116)
	at org.apache.catalina.core.ApplicationFilterChain.internalDoFilter(ApplicationFilterChain.java:164)
	at org.apache.catalina.core.ApplicationFilterChain.doFilter(ApplicationFilterChain.java:140)
	at org.springframework.web.filter.FormContentFilter.doFilterInternal(FormContentFilter.java:93)
	at org.springframework.web.filter.OncePerRequestFilter.doFilter(OncePerRequestFilter.java:116)
	at org.apache.catalina.core.ApplicationFilterChain.internalDoFilter(ApplicationFilterChain.java:164)
	at org.apache.catalina.core.ApplicationFilterChain.doFilter(ApplicationFilterChain.java:140)
	at org.springframework.web.filter.ServerHttpObservationFilter.doFilterInternal(ServerHttpObservationFilter.java:114)
	at org.springframework.web.filter.OncePerRequestFilter.doFilter(OncePerRequestFilter.java:116)
	at org.apache.catalina.core.ApplicationFilterChain.internalDoFilter(ApplicationFilterChain.java:164)
	at org.apache.catalina.core.ApplicationFilterChain.doFilter(ApplicationFilterChain.java:140)
	at org.springframework.web.filter.CharacterEncodingFilter.doFilterInternal(CharacterEncodingFilter.java:201)
	at org.springframework.web.filter.OncePerRequestFilter.doFilter(OncePerRequestFilter.java:116)
	at org.apache.catalina.core.ApplicationFilterChain.internalDoFilter(ApplicationFilterChain.java:164)
	at org.apache.catalina.core.ApplicationFilterChain.doFilter(ApplicationFilterChain.java:140)
	at org.apache.catalina.core.StandardWrapperValve.invoke(StandardWrapperValve.java:167)
	at org.apache.catalina.core.StandardContextValve.invoke(StandardContextValve.java:90)
	at org.apache.catalina.authenticator.AuthenticatorBase.invoke(AuthenticatorBase.java:483)
	at org.apache.catalina.core.StandardHostValve.invoke(StandardHostValve.java:115)
	at org.apache.catalina.valves.ErrorReportValve.invoke(ErrorReportValve.java:93)
	at org.apache.catalina.core.StandardEngineValve.invoke(StandardEngineValve.java:74)
	at org.apache.catalina.connector.CoyoteAdapter.service(CoyoteAdapter.java:344)
	at org.apache.coyote.http11.Http11Processor.service(Http11Processor.java:397)
	at org.apache.coyote.AbstractProcessorLight.process(AbstractProcessorLight.java:63)
	at org.apache.coyote.AbstractProtocol$ConnectionHandler.process(AbstractProtocol.java:905)
	at org.apache.tomcat.util.net.NioEndpoint$SocketProcessor.doRun(NioEndpoint.java:1741)
	at org.apache.tomcat.util.net.SocketProcessorBase.run(SocketProcessorBase.java:52)
	at org.apache.tomcat.util.threads.ThreadPoolExecutor.runWorker(ThreadPoolExecutor.java:1190)
	at org.apache.tomcat.util.threads.ThreadPoolExecutor$Worker.run(ThreadPoolExecutor.java:659)
	at org.apache.tomcat.util.threads.TaskThread$WrappingRunnable.run(TaskThread.java:63)
	at java.base/java.lang.Thread.run(Thread.java:840)
Caused by: com.sprint.mission.discodeit.exception.user.UserNotFoundException: 사용자를 찾을 수 없습니다.
	at com.sprint.mission.discodeit.exception.user.UserNotFoundException.withUsername(UserNotFoundException.java:19)
	at com.sprint.mission.discodeit.security.DiscodeitUserDetailsService.lambda$loadUserByUsername$0(DiscodeitUserDetailsService.java:26)
	at java.base/java.util.Optional.orElseThrow(Optional.java:403)
	at com.sprint.mission.discodeit.security.DiscodeitUserDetailsService.loadUserByUsername(DiscodeitUserDetailsService.java:26)
	at java.base/jdk.internal.reflect.NativeMethodAccessorImpl.invoke0(Native Method)
	at java.base/jdk.internal.reflect.NativeMethodAccessorImpl.invoke(NativeMethodAccessorImpl.java:77)
	at java.base/jdk.internal.reflect.DelegatingMethodAccessorImpl.invoke(DelegatingMethodAccessorImpl.java:43)
	at java.base/java.lang.reflect.Method.invoke(Method.java:569)
	at org.springframework.aop.support.AopUtils.invokeJoinpointUsingReflection(AopUtils.java:359)
	at org.springframework.aop.framework.ReflectiveMethodInvocation.invokeJoinpoint(ReflectiveMethodInvocation.java:196)
	at org.springframework.aop.framework.ReflectiveMethodInvocation.proceed(ReflectiveMethodInvocation.java:163)
	at org.springframework.transaction.interceptor.TransactionAspectSupport.invokeWithinTransaction(TransactionAspectSupport.java:380)
	at org.springframework.transaction.interceptor.TransactionInterceptor.invoke(TransactionInterceptor.java:119)
	at org.springframework.aop.framework.ReflectiveMethodInvocation.proceed(ReflectiveMethodInvocation.java:184)
	at org.springframework.aop.framework.CglibAopProxy$DynamicAdvisedInterceptor.intercept(CglibAopProxy.java:727)
	at com.sprint.mission.discodeit.security.DiscodeitUserDetailsService$$SpringCGLIB$$0.loadUserByUsername(<generated>)
	at org.springframework.security.authentication.dao.DaoAuthenticationProvider.retrieveUser(DaoAuthenticationProvider.java:107)
	... 92 common frames omitted
26-06-15 17:23:55.978 [http-nio-8080-exec-2] [32mTRACE[0;39m o.s.s.w.a.UsernamePasswordAuthenticationFilter [ |  | ] - Failed to process authentication request
org.springframework.security.authentication.InternalAuthenticationServiceException: 사용자를 찾을 수 없습니다.
	at org.springframework.security.authentication.dao.DaoAuthenticationProvider.retrieveUser(DaoAuthenticationProvider.java:122)
	at org.springframework.security.authentication.dao.AbstractUserDetailsAuthenticationProvider.authenticate(AbstractUserDetailsAuthenticationProvider.java:133)
	at org.springframework.security.authentication.ProviderManager.authenticate(ProviderManager.java:182)
	at org.springframework.security.authentication.ProviderManager.authenticate(ProviderManager.java:201)
	at org.springframework.security.authentication.ObservationAuthenticationManager.lambda$authenticate$1(ObservationAuthenticationManager.java:54)
	at io.micrometer.observation.Observation.observe(Observation.java:565)
	at org.springframework.security.authentication.ObservationAuthenticationManager.authenticate(ObservationAuthenticationManager.java:53)
	at org.springframework.security.web.authentication.UsernamePasswordAuthenticationFilter.attemptAuthentication(UsernamePasswordAuthenticationFilter.java:85)
	at org.springframework.security.web.authentication.AbstractAuthenticationProcessingFilter.doFilter(AbstractAuthenticationProcessingFilter.java:231)
	at org.springframework.security.web.authentication.AbstractAuthenticationProcessingFilter.doFilter(AbstractAuthenticationProcessingFilter.java:221)
	at org.springframework.security.web.ObservationFilterChainDecorator$ObservationFilter.wrapFilter(ObservationFilterChainDecorator.java:240)
	at org.springframework.security.web.ObservationFilterChainDecorator$ObservationFilter.doFilter(ObservationFilterChainDecorator.java:227)
	at org.springframework.security.web.ObservationFilterChainDecorator$VirtualFilterChain.doFilter(ObservationFilterChainDecorator.java:137)
	at com.sprint.mission.discodeit.security.jwt.JwtAuthenticationFilter.doFilterInternal(JwtAuthenticationFilter.java:72)
	at org.springframework.web.filter.OncePerRequestFilter.doFilter(OncePerRequestFilter.java:116)
	at org.springframework.security.web.ObservationFilterChainDecorator$ObservationFilter.wrapFilter(ObservationFilterChainDecorator.java:240)
	at org.springframework.security.web.ObservationFilterChainDecorator$ObservationFilter.doFilter(ObservationFilterChainDecorator.java:227)
	at org.springframework.security.web.ObservationFilterChainDecorator$VirtualFilterChain.doFilter(ObservationFilterChainDecorator.java:137)
	at org.springframework.security.web.authentication.logout.LogoutFilter.doFilter(LogoutFilter.java:107)
	at org.springframework.security.web.authentication.logout.LogoutFilter.doFilter(LogoutFilter.java:93)
	at org.springframework.security.web.ObservationFilterChainDecorator$ObservationFilter.wrapFilter(ObservationFilterChainDecorator.java:240)
	at org.springframework.security.web.ObservationFilterChainDecorator$ObservationFilter.doFilter(ObservationFilterChainDecorator.java:227)
	at org.springframework.security.web.ObservationFilterChainDecorator$VirtualFilterChain.doFilter(ObservationFilterChainDecorator.java:137)
	at org.springframework.security.web.csrf.CsrfFilter.doFilterInternal(CsrfFilter.java:131)
	at org.springframework.web.filter.OncePerRequestFilter.doFilter(OncePerRequestFilter.java:116)
	at org.springframework.security.web.ObservationFilterChainDecorator$ObservationFilter.wrapFilter(ObservationFilterChainDecorator.java:240)
	at org.springframework.security.web.ObservationFilterChainDecorator$ObservationFilter.doFilter(ObservationFilterChainDecorator.java:227)
	at org.springframework.security.web.ObservationFilterChainDecorator$VirtualFilterChain.doFilter(ObservationFilterChainDecorator.java:137)
	at org.springframework.security.web.header.HeaderWriterFilter.doHeadersAfter(HeaderWriterFilter.java:90)
	at org.springframework.security.web.header.HeaderWriterFilter.doFilterInternal(HeaderWriterFilter.java:75)
	at org.springframework.web.filter.OncePerRequestFilter.doFilter(OncePerRequestFilter.java:116)
	at org.springframework.security.web.ObservationFilterChainDecorator$ObservationFilter.wrapFilter(ObservationFilterChainDecorator.java:240)
	at org.springframework.security.web.ObservationFilterChainDecorator$ObservationFilter.doFilter(ObservationFilterChainDecorator.java:227)
	at org.springframework.security.web.ObservationFilterChainDecorator$VirtualFilterChain.doFilter(ObservationFilterChainDecorator.java:137)
	at org.springframework.security.web.context.SecurityContextHolderFilter.doFilter(SecurityContextHolderFilter.java:82)
	at org.springframework.security.web.context.SecurityContextHolderFilter.doFilter(SecurityContextHolderFilter.java:69)
	at org.springframework.security.web.ObservationFilterChainDecorator$ObservationFilter.wrapFilter(ObservationFilterChainDecorator.java:240)
	at org.springframework.security.web.ObservationFilterChainDecorator$ObservationFilter.doFilter(ObservationFilterChainDecorator.java:227)
	at org.springframework.security.web.ObservationFilterChainDecorator$VirtualFilterChain.doFilter(ObservationFilterChainDecorator.java:137)
	at org.springframework.security.web.context.request.async.WebAsyncManagerIntegrationFilter.doFilterInternal(WebAsyncManagerIntegrationFilter.java:62)
	at org.springframework.web.filter.OncePerRequestFilter.doFilter(OncePerRequestFilter.java:116)
	at org.springframework.security.web.ObservationFilterChainDecorator$ObservationFilter.wrapFilter(ObservationFilterChainDecorator.java:240)
	at org.springframework.security.web.ObservationFilterChainDecorator$ObservationFilter.doFilter(ObservationFilterChainDecorator.java:227)
	at org.springframework.security.web.ObservationFilterChainDecorator$VirtualFilterChain.doFilter(ObservationFilterChainDecorator.java:137)
	at org.springframework.security.web.session.DisableEncodeUrlFilter.doFilterInternal(DisableEncodeUrlFilter.java:42)
	at org.springframework.web.filter.OncePerRequestFilter.doFilter(OncePerRequestFilter.java:116)
	at org.springframework.security.web.ObservationFilterChainDecorator$ObservationFilter.wrapFilter(ObservationFilterChainDecorator.java:240)
	at org.springframework.security.web.ObservationFilterChainDecorator$AroundFilterObservation$SimpleAroundFilterObservation.lambda$wrap$0(ObservationFilterChainDecorator.java:323)
	at org.springframework.security.web.ObservationFilterChainDecorator$ObservationFilter.doFilter(ObservationFilterChainDecorator.java:224)
	at org.springframework.security.web.ObservationFilterChainDecorator$VirtualFilterChain.doFilter(ObservationFilterChainDecorator.java:137)
	at org.springframework.security.web.FilterChainProxy.doFilterInternal(FilterChainProxy.java:233)
	at org.springframework.security.web.FilterChainProxy.doFilter(FilterChainProxy.java:191)
	at org.springframework.web.filter.CompositeFilter$VirtualFilterChain.doFilter(CompositeFilter.java:113)
	at org.springframework.web.servlet.handler.HandlerMappingIntrospector.lambda$createCacheFilter$3(HandlerMappingIntrospector.java:243)
	at org.springframework.web.filter.CompositeFilter$VirtualFilterChain.doFilter(CompositeFilter.java:113)
	at org.springframework.web.filter.CompositeFilter.doFilter(CompositeFilter.java:74)
	at org.springframework.security.config.annotation.web.configuration.WebMvcSecurityConfiguration$CompositeFilterChainProxy.doFilter(WebMvcSecurityConfiguration.java:238)
	at org.springframework.web.filter.DelegatingFilterProxy.invokeDelegate(DelegatingFilterProxy.java:362)
	at org.springframework.web.filter.DelegatingFilterProxy.doFilter(DelegatingFilterProxy.java:278)
	at org.apache.catalina.core.ApplicationFilterChain.internalDoFilter(ApplicationFilterChain.java:164)
	at org.apache.catalina.core.ApplicationFilterChain.doFilter(ApplicationFilterChain.java:140)
	at org.springframework.web.filter.RequestContextFilter.doFilterInternal(RequestContextFilter.java:100)
	at org.springframework.web.filter.OncePerRequestFilter.doFilter(OncePerRequestFilter.java:116)
	at org.apache.catalina.core.ApplicationFilterChain.internalDoFilter(ApplicationFilterChain.java:164)
	at org.apache.catalina.core.ApplicationFilterChain.doFilter(ApplicationFilterChain.java:140)
	at org.springframework.web.filter.FormContentFilter.doFilterInternal(FormContentFilter.java:93)
	at org.springframework.web.filter.OncePerRequestFilter.doFilter(OncePerRequestFilter.java:116)
	at org.apache.catalina.core.ApplicationFilterChain.internalDoFilter(ApplicationFilterChain.java:164)
	at org.apache.catalina.core.ApplicationFilterChain.doFilter(ApplicationFilterChain.java:140)
	at org.springframework.web.filter.ServerHttpObservationFilter.doFilterInternal(ServerHttpObservationFilter.java:114)
	at org.springframework.web.filter.OncePerRequestFilter.doFilter(OncePerRequestFilter.java:116)
	at org.apache.catalina.core.ApplicationFilterChain.internalDoFilter(ApplicationFilterChain.java:164)
	at org.apache.catalina.core.ApplicationFilterChain.doFilter(ApplicationFilterChain.java:140)
	at org.springframework.web.filter.CharacterEncodingFilter.doFilterInternal(CharacterEncodingFilter.java:201)
	at org.springframework.web.filter.OncePerRequestFilter.doFilter(OncePerRequestFilter.java:116)
	at org.apache.catalina.core.ApplicationFilterChain.internalDoFilter(ApplicationFilterChain.java:164)
	at org.apache.catalina.core.ApplicationFilterChain.doFilter(ApplicationFilterChain.java:140)
	at org.apache.catalina.core.StandardWrapperValve.invoke(StandardWrapperValve.java:167)
	at org.apache.catalina.core.StandardContextValve.invoke(StandardContextValve.java:90)
	at org.apache.catalina.authenticator.AuthenticatorBase.invoke(AuthenticatorBase.java:483)
	at org.apache.catalina.core.StandardHostValve.invoke(StandardHostValve.java:115)
	at org.apache.catalina.valves.ErrorReportValve.invoke(ErrorReportValve.java:93)
	at org.apache.catalina.core.StandardEngineValve.invoke(StandardEngineValve.java:74)
	at org.apache.catalina.connector.CoyoteAdapter.service(CoyoteAdapter.java:344)
	at org.apache.coyote.http11.Http11Processor.service(Http11Processor.java:397)
	at org.apache.coyote.AbstractProcessorLight.process(AbstractProcessorLight.java:63)
	at org.apache.coyote.AbstractProtocol$ConnectionHandler.process(AbstractProtocol.java:905)
	at org.apache.tomcat.util.net.NioEndpoint$SocketProcessor.doRun(NioEndpoint.java:1741)
	at org.apache.tomcat.util.net.SocketProcessorBase.run(SocketProcessorBase.java:52)
	at org.apache.tomcat.util.threads.ThreadPoolExecutor.runWorker(ThreadPoolExecutor.java:1190)
	at org.apache.tomcat.util.threads.ThreadPoolExecutor$Worker.run(ThreadPoolExecutor.java:659)
	at org.apache.tomcat.util.threads.TaskThread$WrappingRunnable.run(TaskThread.java:63)
	at java.base/java.lang.Thread.run(Thread.java:840)
Caused by: com.sprint.mission.discodeit.exception.user.UserNotFoundException: 사용자를 찾을 수 없습니다.
	at com.sprint.mission.discodeit.exception.user.UserNotFoundException.withUsername(UserNotFoundException.java:19)
	at com.sprint.mission.discodeit.security.DiscodeitUserDetailsService.lambda$loadUserByUsername$0(DiscodeitUserDetailsService.java:26)
	at java.base/java.util.Optional.orElseThrow(Optional.java:403)
	at com.sprint.mission.discodeit.security.DiscodeitUserDetailsService.loadUserByUsername(DiscodeitUserDetailsService.java:26)
	at java.base/jdk.internal.reflect.NativeMethodAccessorImpl.invoke0(Native Method)
	at java.base/jdk.internal.reflect.NativeMethodAccessorImpl.invoke(NativeMethodAccessorImpl.java:77)
	at java.base/jdk.internal.reflect.DelegatingMethodAccessorImpl.invoke(DelegatingMethodAccessorImpl.java:43)
	at java.base/java.lang.reflect.Method.invoke(Method.java:569)
	at org.springframework.aop.support.AopUtils.invokeJoinpointUsingReflection(AopUtils.java:359)
	at org.springframework.aop.framework.ReflectiveMethodInvocation.invokeJoinpoint(ReflectiveMethodInvocation.java:196)
	at org.springframework.aop.framework.ReflectiveMethodInvocation.proceed(ReflectiveMethodInvocation.java:163)
	at org.springframework.transaction.interceptor.TransactionAspectSupport.invokeWithinTransaction(TransactionAspectSupport.java:380)
	at org.springframework.transaction.interceptor.TransactionInterceptor.invoke(TransactionInterceptor.java:119)
	at org.springframework.aop.framework.ReflectiveMethodInvocation.proceed(ReflectiveMethodInvocation.java:184)
	at org.springframework.aop.framework.CglibAopProxy$DynamicAdvisedInterceptor.intercept(CglibAopProxy.java:727)
	at com.sprint.mission.discodeit.security.DiscodeitUserDetailsService$$SpringCGLIB$$0.loadUserByUsername(<generated>)
	at org.springframework.security.authentication.dao.DaoAuthenticationProvider.retrieveUser(DaoAuthenticationProvider.java:107)
	... 92 common frames omitted
26-06-15 17:23:55.981 [http-nio-8080-exec-2] [32mTRACE[0;39m o.s.s.w.a.UsernamePasswordAuthenticationFilter [ |  | ] - Cleared SecurityContextHolder
26-06-15 17:23:55.981 [http-nio-8080-exec-2] [32mTRACE[0;39m o.s.s.w.a.UsernamePasswordAuthenticationFilter [ |  | ] - Handling authentication failure
26-06-15 17:23:55.981 [http-nio-8080-exec-2] [31mERROR[0;39m c.s.m.d.security.LoginFailureHandler [ |  | ] - Authentication failed: 사용자를 찾을 수 없습니다.
org.springframework.security.authentication.InternalAuthenticationServiceException: 사용자를 찾을 수 없습니다.
	at org.springframework.security.authentication.dao.DaoAuthenticationProvider.retrieveUser(DaoAuthenticationProvider.java:122)
	at org.springframework.security.authentication.dao.AbstractUserDetailsAuthenticationProvider.authenticate(AbstractUserDetailsAuthenticationProvider.java:133)
	at org.springframework.security.authentication.ProviderManager.authenticate(ProviderManager.java:182)
	at org.springframework.security.authentication.ProviderManager.authenticate(ProviderManager.java:201)
	at org.springframework.security.authentication.ObservationAuthenticationManager.lambda$authenticate$1(ObservationAuthenticationManager.java:54)
	at io.micrometer.observation.Observation.observe(Observation.java:565)
	at org.springframework.security.authentication.ObservationAuthenticationManager.authenticate(ObservationAuthenticationManager.java:53)
	at org.springframework.security.web.authentication.UsernamePasswordAuthenticationFilter.attemptAuthentication(UsernamePasswordAuthenticationFilter.java:85)
	at org.springframework.security.web.authentication.AbstractAuthenticationProcessingFilter.doFilter(AbstractAuthenticationProcessingFilter.java:231)
	at org.springframework.security.web.authentication.AbstractAuthenticationProcessingFilter.doFilter(AbstractAuthenticationProcessingFilter.java:221)
	at org.springframework.security.web.ObservationFilterChainDecorator$ObservationFilter.wrapFilter(ObservationFilterChainDecorator.java:240)
	at org.springframework.security.web.ObservationFilterChainDecorator$ObservationFilter.doFilter(ObservationFilterChainDecorator.java:227)
	at org.springframework.security.web.ObservationFilterChainDecorator$VirtualFilterChain.doFilter(ObservationFilterChainDecorator.java:137)
	at com.sprint.mission.discodeit.security.jwt.JwtAuthenticationFilter.doFilterInternal(JwtAuthenticationFilter.java:72)
	at org.springframework.web.filter.OncePerRequestFilter.doFilter(OncePerRequestFilter.java:116)
	at org.springframework.security.web.ObservationFilterChainDecorator$ObservationFilter.wrapFilter(ObservationFilterChainDecorator.java:240)
	at org.springframework.security.web.ObservationFilterChainDecorator$ObservationFilter.doFilter(ObservationFilterChainDecorator.java:227)
	at org.springframework.security.web.ObservationFilterChainDecorator$VirtualFilterChain.doFilter(ObservationFilterChainDecorator.java:137)
	at org.springframework.security.web.authentication.logout.LogoutFilter.doFilter(LogoutFilter.java:107)
	at org.springframework.security.web.authentication.logout.LogoutFilter.doFilter(LogoutFilter.java:93)
	at org.springframework.security.web.ObservationFilterChainDecorator$ObservationFilter.wrapFilter(ObservationFilterChainDecorator.java:240)
	at org.springframework.security.web.ObservationFilterChainDecorator$ObservationFilter.doFilter(ObservationFilterChainDecorator.java:227)
	at org.springframework.security.web.ObservationFilterChainDecorator$VirtualFilterChain.doFilter(ObservationFilterChainDecorator.java:137)
	at org.springframework.security.web.csrf.CsrfFilter.doFilterInternal(CsrfFilter.java:131)
	at org.springframework.web.filter.OncePerRequestFilter.doFilter(OncePerRequestFilter.java:116)
	at org.springframework.security.web.ObservationFilterChainDecorator$ObservationFilter.wrapFilter(ObservationFilterChainDecorator.java:240)
	at org.springframework.security.web.ObservationFilterChainDecorator$ObservationFilter.doFilter(ObservationFilterChainDecorator.java:227)
	at org.springframework.security.web.ObservationFilterChainDecorator$VirtualFilterChain.doFilter(ObservationFilterChainDecorator.java:137)
	at org.springframework.security.web.header.HeaderWriterFilter.doHeadersAfter(HeaderWriterFilter.java:90)
	at org.springframework.security.web.header.HeaderWriterFilter.doFilterInternal(HeaderWriterFilter.java:75)
	at org.springframework.web.filter.OncePerRequestFilter.doFilter(OncePerRequestFilter.java:116)
	at org.springframework.security.web.ObservationFilterChainDecorator$ObservationFilter.wrapFilter(ObservationFilterChainDecorator.java:240)
	at org.springframework.security.web.ObservationFilterChainDecorator$ObservationFilter.doFilter(ObservationFilterChainDecorator.java:227)
	at org.springframework.security.web.ObservationFilterChainDecorator$VirtualFilterChain.doFilter(ObservationFilterChainDecorator.java:137)
	at org.springframework.security.web.context.SecurityContextHolderFilter.doFilter(SecurityContextHolderFilter.java:82)
	at org.springframework.security.web.context.SecurityContextHolderFilter.doFilter(SecurityContextHolderFilter.java:69)
	at org.springframework.security.web.ObservationFilterChainDecorator$ObservationFilter.wrapFilter(ObservationFilterChainDecorator.java:240)
	at org.springframework.security.web.ObservationFilterChainDecorator$ObservationFilter.doFilter(ObservationFilterChainDecorator.java:227)
	at org.springframework.security.web.ObservationFilterChainDecorator$VirtualFilterChain.doFilter(ObservationFilterChainDecorator.java:137)
	at org.springframework.security.web.context.request.async.WebAsyncManagerIntegrationFilter.doFilterInternal(WebAsyncManagerIntegrationFilter.java:62)
	at org.springframework.web.filter.OncePerRequestFilter.doFilter(OncePerRequestFilter.java:116)
	at org.springframework.security.web.ObservationFilterChainDecorator$ObservationFilter.wrapFilter(ObservationFilterChainDecorator.java:240)
	at org.springframework.security.web.ObservationFilterChainDecorator$ObservationFilter.doFilter(ObservationFilterChainDecorator.java:227)
	at org.springframework.security.web.ObservationFilterChainDecorator$VirtualFilterChain.doFilter(ObservationFilterChainDecorator.java:137)
	at org.springframework.security.web.session.DisableEncodeUrlFilter.doFilterInternal(DisableEncodeUrlFilter.java:42)
	at org.springframework.web.filter.OncePerRequestFilter.doFilter(OncePerRequestFilter.java:116)
	at org.springframework.security.web.ObservationFilterChainDecorator$ObservationFilter.wrapFilter(ObservationFilterChainDecorator.java:240)
	at org.springframework.security.web.ObservationFilterChainDecorator$AroundFilterObservation$SimpleAroundFilterObservation.lambda$wrap$0(ObservationFilterChainDecorator.java:323)
	at org.springframework.security.web.ObservationFilterChainDecorator$ObservationFilter.doFilter(ObservationFilterChainDecorator.java:224)
	at org.springframework.security.web.ObservationFilterChainDecorator$VirtualFilterChain.doFilter(ObservationFilterChainDecorator.java:137)
	at org.springframework.security.web.FilterChainProxy.doFilterInternal(FilterChainProxy.java:233)
	at org.springframework.security.web.FilterChainProxy.doFilter(FilterChainProxy.java:191)
	at org.springframework.web.filter.CompositeFilter$VirtualFilterChain.doFilter(CompositeFilter.java:113)
	at org.springframework.web.servlet.handler.HandlerMappingIntrospector.lambda$createCacheFilter$3(HandlerMappingIntrospector.java:243)
	at org.springframework.web.filter.CompositeFilter$VirtualFilterChain.doFilter(CompositeFilter.java:113)
	at org.springframework.web.filter.CompositeFilter.doFilter(CompositeFilter.java:74)
	at org.springframework.security.config.annotation.web.configuration.WebMvcSecurityConfiguration$CompositeFilterChainProxy.doFilter(WebMvcSecurityConfiguration.java:238)
	at org.springframework.web.filter.DelegatingFilterProxy.invokeDelegate(DelegatingFilterProxy.java:362)
	at org.springframework.web.filter.DelegatingFilterProxy.doFilter(DelegatingFilterProxy.java:278)
	at org.apache.catalina.core.ApplicationFilterChain.internalDoFilter(ApplicationFilterChain.java:164)
	at org.apache.catalina.core.ApplicationFilterChain.doFilter(ApplicationFilterChain.java:140)
	at org.springframework.web.filter.RequestContextFilter.doFilterInternal(RequestContextFilter.java:100)
	at org.springframework.web.filter.OncePerRequestFilter.doFilter(OncePerRequestFilter.java:116)
	at org.apache.catalina.core.ApplicationFilterChain.internalDoFilter(ApplicationFilterChain.java:164)
	at org.apache.catalina.core.ApplicationFilterChain.doFilter(ApplicationFilterChain.java:140)
	at org.springframework.web.filter.FormContentFilter.doFilterInternal(FormContentFilter.java:93)
	at org.springframework.web.filter.OncePerRequestFilter.doFilter(OncePerRequestFilter.java:116)
	at org.apache.catalina.core.ApplicationFilterChain.internalDoFilter(ApplicationFilterChain.java:164)
	at org.apache.catalina.core.ApplicationFilterChain.doFilter(ApplicationFilterChain.java:140)
	at org.springframework.web.filter.ServerHttpObservationFilter.doFilterInternal(ServerHttpObservationFilter.java:114)
	at org.springframework.web.filter.OncePerRequestFilter.doFilter(OncePerRequestFilter.java:116)
	at org.apache.catalina.core.ApplicationFilterChain.internalDoFilter(ApplicationFilterChain.java:164)
	at org.apache.catalina.core.ApplicationFilterChain.doFilter(ApplicationFilterChain.java:140)
	at org.springframework.web.filter.CharacterEncodingFilter.doFilterInternal(CharacterEncodingFilter.java:201)
	at org.springframework.web.filter.OncePerRequestFilter.doFilter(OncePerRequestFilter.java:116)
	at org.apache.catalina.core.ApplicationFilterChain.internalDoFilter(ApplicationFilterChain.java:164)
	at org.apache.catalina.core.ApplicationFilterChain.doFilter(ApplicationFilterChain.java:140)
	at org.apache.catalina.core.StandardWrapperValve.invoke(StandardWrapperValve.java:167)
	at org.apache.catalina.core.StandardContextValve.invoke(StandardContextValve.java:90)
	at org.apache.catalina.authenticator.AuthenticatorBase.invoke(AuthenticatorBase.java:483)
	at org.apache.catalina.core.StandardHostValve.invoke(StandardHostValve.java:115)
	at org.apache.catalina.valves.ErrorReportValve.invoke(ErrorReportValve.java:93)
	at org.apache.catalina.core.StandardEngineValve.invoke(StandardEngineValve.java:74)
	at org.apache.catalina.connector.CoyoteAdapter.service(CoyoteAdapter.java:344)
	at org.apache.coyote.http11.Http11Processor.service(Http11Processor.java:397)
	at org.apache.coyote.AbstractProcessorLight.process(AbstractProcessorLight.java:63)
	at org.apache.coyote.AbstractProtocol$ConnectionHandler.process(AbstractProtocol.java:905)
	at org.apache.tomcat.util.net.NioEndpoint$SocketProcessor.doRun(NioEndpoint.java:1741)
	at org.apache.tomcat.util.net.SocketProcessorBase.run(SocketProcessorBase.java:52)
	at org.apache.tomcat.util.threads.ThreadPoolExecutor.runWorker(ThreadPoolExecutor.java:1190)
	at org.apache.tomcat.util.threads.ThreadPoolExecutor$Worker.run(ThreadPoolExecutor.java:659)
	at org.apache.tomcat.util.threads.TaskThread$WrappingRunnable.run(TaskThread.java:63)
	at java.base/java.lang.Thread.run(Thread.java:840)
Caused by: com.sprint.mission.discodeit.exception.user.UserNotFoundException: 사용자를 찾을 수 없습니다.
	at com.sprint.mission.discodeit.exception.user.UserNotFoundException.withUsername(UserNotFoundException.java:19)
	at com.sprint.mission.discodeit.security.DiscodeitUserDetailsService.lambda$loadUserByUsername$0(DiscodeitUserDetailsService.java:26)
	at java.base/java.util.Optional.orElseThrow(Optional.java:403)
	at com.sprint.mission.discodeit.security.DiscodeitUserDetailsService.loadUserByUsername(DiscodeitUserDetailsService.java:26)
	at java.base/jdk.internal.reflect.NativeMethodAccessorImpl.invoke0(Native Method)
	at java.base/jdk.internal.reflect.NativeMethodAccessorImpl.invoke(NativeMethodAccessorImpl.java:77)
	at java.base/jdk.internal.reflect.DelegatingMethodAccessorImpl.invoke(DelegatingMethodAccessorImpl.java:43)
	at java.base/java.lang.reflect.Method.invoke(Method.java:569)
	at org.springframework.aop.support.AopUtils.invokeJoinpointUsingReflection(AopUtils.java:359)
	at org.springframework.aop.framework.ReflectiveMethodInvocation.invokeJoinpoint(ReflectiveMethodInvocation.java:196)
	at org.springframework.aop.framework.ReflectiveMethodInvocation.proceed(ReflectiveMethodInvocation.java:163)
	at org.springframework.transaction.interceptor.TransactionAspectSupport.invokeWithinTransaction(TransactionAspectSupport.java:380)
	at org.springframework.transaction.interceptor.TransactionInterceptor.invoke(TransactionInterceptor.java:119)
	at org.springframework.aop.framework.ReflectiveMethodInvocation.proceed(ReflectiveMethodInvocation.java:184)
	at org.springframework.aop.framework.CglibAopProxy$DynamicAdvisedInterceptor.intercept(CglibAopProxy.java:727)
	at com.sprint.mission.discodeit.security.DiscodeitUserDetailsService$$SpringCGLIB$$0.loadUserByUsername(<generated>)
	at org.springframework.security.authentication.dao.DaoAuthenticationProvider.retrieveUser(DaoAuthenticationProvider.java:107)
	... 92 common frames omitted
26-06-15 17:23:55.993 [http-nio-8080-exec-2] [32mTRACE[0;39m o.s.s.w.h.writers.HstsHeaderWriter   [ |  | ] - Not injecting HSTS header since it did not match request to [Is Secure]
26-06-15 17:24:14.007 [http-nio-8080-exec-3] [32mTRACE[0;39m o.s.security.web.FilterChainProxy    [ |  | ] - Trying to match request against DefaultSecurityFilterChain defined as 'filterChain' in [class path resource [com/sprint/mission/discodeit/config/SecurityConfig.class]] matching [any request] and having filters [DisableEncodeUrl, WebAsyncManagerIntegration, SecurityContextHolder, HeaderWriter, Csrf, Logout, JwtAuthentication, UsernamePasswordAuthentication, RequestCacheAware, SecurityContextHolderAwareRequest, AnonymousAuthentication, SessionManagement, ExceptionTranslation, Authorization] (1/1)
26-06-15 17:24:14.010 [http-nio-8080-exec-3] [32mDEBUG[0;39m o.s.security.web.FilterChainProxy    [ |  | ] - Securing POST /api/auth/login
26-06-15 17:24:14.011 [http-nio-8080-exec-3] [32mTRACE[0;39m o.s.security.web.FilterChainProxy    [ |  | ] - Invoking DisableEncodeUrlFilter (1/14)
26-06-15 17:24:14.013 [http-nio-8080-exec-3] [32mTRACE[0;39m o.s.security.web.FilterChainProxy    [ |  | ] - Invoking WebAsyncManagerIntegrationFilter (2/14)
26-06-15 17:24:14.014 [http-nio-8080-exec-3] [32mTRACE[0;39m o.s.security.web.FilterChainProxy    [ |  | ] - Invoking SecurityContextHolderFilter (3/14)
26-06-15 17:24:14.014 [http-nio-8080-exec-3] [32mTRACE[0;39m o.s.security.web.FilterChainProxy    [ |  | ] - Invoking HeaderWriterFilter (4/14)
26-06-15 17:24:14.014 [http-nio-8080-exec-3] [32mTRACE[0;39m o.s.security.web.FilterChainProxy    [ |  | ] - Invoking CsrfFilter (5/14)
26-06-15 17:24:14.015 [http-nio-8080-exec-3] [32mTRACE[0;39m o.s.security.web.FilterChainProxy    [ |  | ] - Invoking LogoutFilter (6/14)
26-06-15 17:24:14.015 [http-nio-8080-exec-3] [32mTRACE[0;39m o.s.s.w.a.logout.LogoutFilter        [ |  | ] - Did not match request to Ant [pattern='/api/auth/logout', POST]
26-06-15 17:24:14.015 [http-nio-8080-exec-3] [32mTRACE[0;39m o.s.security.web.FilterChainProxy    [ |  | ] - Invoking JwtAuthenticationFilter (7/14)
26-06-15 17:24:14.016 [http-nio-8080-exec-3] [32mTRACE[0;39m o.s.security.web.FilterChainProxy    [ |  | ] - Invoking UsernamePasswordAuthenticationFilter (8/14)
26-06-15 17:24:14.016 [http-nio-8080-exec-3] [32mTRACE[0;39m o.s.s.authentication.ProviderManager [ |  | ] - Authenticating request with DaoAuthenticationProvider (1/1)
26-06-15 17:24:14.035 [http-nio-8080-exec-3] [32mDEBUG[0;39m org.hibernate.SQL                    [ |  | ] - 
    select
        u1_0.id,
        u1_0.created_at,
        u1_0.email,
        u1_0.password,
        u1_0.profile_id,
        u1_0.role,
        u1_0.updated_at,
        u1_0.username 
    from
        users u1_0 
    where
        u1_0.username=?
26-06-15 17:24:14.036 [http-nio-8080-exec-3] [32mTRACE[0;39m org.hibernate.orm.jdbc.bind          [ |  | ] - binding parameter (1:VARCHAR) <- []
26-06-15 17:24:14.040 [http-nio-8080-exec-3] [32mDEBUG[0;39m o.s.s.a.DefaultAuthenticationEventPublisher [ |  | ] - No event was found for the exception org.springframework.security.authentication.InternalAuthenticationServiceException
26-06-15 17:24:14.041 [http-nio-8080-exec-3] [31mERROR[0;39m o.s.s.w.a.UsernamePasswordAuthenticationFilter [ |  | ] - An internal error occurred while trying to authenticate the user.
org.springframework.security.authentication.InternalAuthenticationServiceException: 사용자를 찾을 수 없습니다.
	at org.springframework.security.authentication.dao.DaoAuthenticationProvider.retrieveUser(DaoAuthenticationProvider.java:122)
	at org.springframework.security.authentication.dao.AbstractUserDetailsAuthenticationProvider.authenticate(AbstractUserDetailsAuthenticationProvider.java:133)
	at org.springframework.security.authentication.ProviderManager.authenticate(ProviderManager.java:182)
	at org.springframework.security.authentication.ProviderManager.authenticate(ProviderManager.java:201)
	at org.springframework.security.authentication.ObservationAuthenticationManager.lambda$authenticate$1(ObservationAuthenticationManager.java:54)
	at io.micrometer.observation.Observation.observe(Observation.java:565)
	at org.springframework.security.authentication.ObservationAuthenticationManager.authenticate(ObservationAuthenticationManager.java:53)
	at org.springframework.security.web.authentication.UsernamePasswordAuthenticationFilter.attemptAuthentication(UsernamePasswordAuthenticationFilter.java:85)
	at org.springframework.security.web.authentication.AbstractAuthenticationProcessingFilter.doFilter(AbstractAuthenticationProcessingFilter.java:231)
	at org.springframework.security.web.authentication.AbstractAuthenticationProcessingFilter.doFilter(AbstractAuthenticationProcessingFilter.java:221)
	at org.springframework.security.web.ObservationFilterChainDecorator$ObservationFilter.wrapFilter(ObservationFilterChainDecorator.java:240)
	at org.springframework.security.web.ObservationFilterChainDecorator$ObservationFilter.doFilter(ObservationFilterChainDecorator.java:227)
	at org.springframework.security.web.ObservationFilterChainDecorator$VirtualFilterChain.doFilter(ObservationFilterChainDecorator.java:137)
	at com.sprint.mission.discodeit.security.jwt.JwtAuthenticationFilter.doFilterInternal(JwtAuthenticationFilter.java:72)
	at org.springframework.web.filter.OncePerRequestFilter.doFilter(OncePerRequestFilter.java:116)
	at org.springframework.security.web.ObservationFilterChainDecorator$ObservationFilter.wrapFilter(ObservationFilterChainDecorator.java:240)
	at org.springframework.security.web.ObservationFilterChainDecorator$ObservationFilter.doFilter(ObservationFilterChainDecorator.java:227)
	at org.springframework.security.web.ObservationFilterChainDecorator$VirtualFilterChain.doFilter(ObservationFilterChainDecorator.java:137)
	at org.springframework.security.web.authentication.logout.LogoutFilter.doFilter(LogoutFilter.java:107)
	at org.springframework.security.web.authentication.logout.LogoutFilter.doFilter(LogoutFilter.java:93)
	at org.springframework.security.web.ObservationFilterChainDecorator$ObservationFilter.wrapFilter(ObservationFilterChainDecorator.java:240)
	at org.springframework.security.web.ObservationFilterChainDecorator$ObservationFilter.doFilter(ObservationFilterChainDecorator.java:227)
	at org.springframework.security.web.ObservationFilterChainDecorator$VirtualFilterChain.doFilter(ObservationFilterChainDecorator.java:137)
	at org.springframework.security.web.csrf.CsrfFilter.doFilterInternal(CsrfFilter.java:131)
	at org.springframework.web.filter.OncePerRequestFilter.doFilter(OncePerRequestFilter.java:116)
	at org.springframework.security.web.ObservationFilterChainDecorator$ObservationFilter.wrapFilter(ObservationFilterChainDecorator.java:240)
	at org.springframework.security.web.ObservationFilterChainDecorator$ObservationFilter.doFilter(ObservationFilterChainDecorator.java:227)
	at org.springframework.security.web.ObservationFilterChainDecorator$VirtualFilterChain.doFilter(ObservationFilterChainDecorator.java:137)
	at org.springframework.security.web.header.HeaderWriterFilter.doHeadersAfter(HeaderWriterFilter.java:90)
	at org.springframework.security.web.header.HeaderWriterFilter.doFilterInternal(HeaderWriterFilter.java:75)
	at org.springframework.web.filter.OncePerRequestFilter.doFilter(OncePerRequestFilter.java:116)
	at org.springframework.security.web.ObservationFilterChainDecorator$ObservationFilter.wrapFilter(ObservationFilterChainDecorator.java:240)
	at org.springframework.security.web.ObservationFilterChainDecorator$ObservationFilter.doFilter(ObservationFilterChainDecorator.java:227)
	at org.springframework.security.web.ObservationFilterChainDecorator$VirtualFilterChain.doFilter(ObservationFilterChainDecorator.java:137)
	at org.springframework.security.web.context.SecurityContextHolderFilter.doFilter(SecurityContextHolderFilter.java:82)
	at org.springframework.security.web.context.SecurityContextHolderFilter.doFilter(SecurityContextHolderFilter.java:69)
	at org.springframework.security.web.ObservationFilterChainDecorator$ObservationFilter.wrapFilter(ObservationFilterChainDecorator.java:240)
	at org.springframework.security.web.ObservationFilterChainDecorator$ObservationFilter.doFilter(ObservationFilterChainDecorator.java:227)
	at org.springframework.security.web.ObservationFilterChainDecorator$VirtualFilterChain.doFilter(ObservationFilterChainDecorator.java:137)
	at org.springframework.security.web.context.request.async.WebAsyncManagerIntegrationFilter.doFilterInternal(WebAsyncManagerIntegrationFilter.java:62)
	at org.springframework.web.filter.OncePerRequestFilter.doFilter(OncePerRequestFilter.java:116)
	at org.springframework.security.web.ObservationFilterChainDecorator$ObservationFilter.wrapFilter(ObservationFilterChainDecorator.java:240)
	at org.springframework.security.web.ObservationFilterChainDecorator$ObservationFilter.doFilter(ObservationFilterChainDecorator.java:227)
	at org.springframework.security.web.ObservationFilterChainDecorator$VirtualFilterChain.doFilter(ObservationFilterChainDecorator.java:137)
	at org.springframework.security.web.session.DisableEncodeUrlFilter.doFilterInternal(DisableEncodeUrlFilter.java:42)
	at org.springframework.web.filter.OncePerRequestFilter.doFilter(OncePerRequestFilter.java:116)
	at org.springframework.security.web.ObservationFilterChainDecorator$ObservationFilter.wrapFilter(ObservationFilterChainDecorator.java:240)
	at org.springframework.security.web.ObservationFilterChainDecorator$AroundFilterObservation$SimpleAroundFilterObservation.lambda$wrap$0(ObservationFilterChainDecorator.java:323)
	at org.springframework.security.web.ObservationFilterChainDecorator$ObservationFilter.doFilter(ObservationFilterChainDecorator.java:224)
	at org.springframework.security.web.ObservationFilterChainDecorator$VirtualFilterChain.doFilter(ObservationFilterChainDecorator.java:137)
	at org.springframework.security.web.FilterChainProxy.doFilterInternal(FilterChainProxy.java:233)
	at org.springframework.security.web.FilterChainProxy.doFilter(FilterChainProxy.java:191)
	at org.springframework.web.filter.CompositeFilter$VirtualFilterChain.doFilter(CompositeFilter.java:113)
	at org.springframework.web.servlet.handler.HandlerMappingIntrospector.lambda$createCacheFilter$3(HandlerMappingIntrospector.java:243)
	at org.springframework.web.filter.CompositeFilter$VirtualFilterChain.doFilter(CompositeFilter.java:113)
	at org.springframework.web.filter.CompositeFilter.doFilter(CompositeFilter.java:74)
	at org.springframework.security.config.annotation.web.configuration.WebMvcSecurityConfiguration$CompositeFilterChainProxy.doFilter(WebMvcSecurityConfiguration.java:238)
	at org.springframework.web.filter.DelegatingFilterProxy.invokeDelegate(DelegatingFilterProxy.java:362)
	at org.springframework.web.filter.DelegatingFilterProxy.doFilter(DelegatingFilterProxy.java:278)
	at org.apache.catalina.core.ApplicationFilterChain.internalDoFilter(ApplicationFilterChain.java:164)
	at org.apache.catalina.core.ApplicationFilterChain.doFilter(ApplicationFilterChain.java:140)
	at org.springframework.web.filter.RequestContextFilter.doFilterInternal(RequestContextFilter.java:100)
	at org.springframework.web.filter.OncePerRequestFilter.doFilter(OncePerRequestFilter.java:116)
	at org.apache.catalina.core.ApplicationFilterChain.internalDoFilter(ApplicationFilterChain.java:164)
	at org.apache.catalina.core.ApplicationFilterChain.doFilter(ApplicationFilterChain.java:140)
	at org.springframework.web.filter.FormContentFilter.doFilterInternal(FormContentFilter.java:93)
	at org.springframework.web.filter.OncePerRequestFilter.doFilter(OncePerRequestFilter.java:116)
	at org.apache.catalina.core.ApplicationFilterChain.internalDoFilter(ApplicationFilterChain.java:164)
	at org.apache.catalina.core.ApplicationFilterChain.doFilter(ApplicationFilterChain.java:140)
	at org.springframework.web.filter.ServerHttpObservationFilter.doFilterInternal(ServerHttpObservationFilter.java:114)
	at org.springframework.web.filter.OncePerRequestFilter.doFilter(OncePerRequestFilter.java:116)
	at org.apache.catalina.core.ApplicationFilterChain.internalDoFilter(ApplicationFilterChain.java:164)
	at org.apache.catalina.core.ApplicationFilterChain.doFilter(ApplicationFilterChain.java:140)
	at org.springframework.web.filter.CharacterEncodingFilter.doFilterInternal(CharacterEncodingFilter.java:201)
	at org.springframework.web.filter.OncePerRequestFilter.doFilter(OncePerRequestFilter.java:116)
	at org.apache.catalina.core.ApplicationFilterChain.internalDoFilter(ApplicationFilterChain.java:164)
	at org.apache.catalina.core.ApplicationFilterChain.doFilter(ApplicationFilterChain.java:140)
	at org.apache.catalina.core.StandardWrapperValve.invoke(StandardWrapperValve.java:167)
	at org.apache.catalina.core.StandardContextValve.invoke(StandardContextValve.java:90)
	at org.apache.catalina.authenticator.AuthenticatorBase.invoke(AuthenticatorBase.java:483)
	at org.apache.catalina.core.StandardHostValve.invoke(StandardHostValve.java:115)
	at org.apache.catalina.valves.ErrorReportValve.invoke(ErrorReportValve.java:93)
	at org.apache.catalina.core.StandardEngineValve.invoke(StandardEngineValve.java:74)
	at org.apache.catalina.connector.CoyoteAdapter.service(CoyoteAdapter.java:344)
	at org.apache.coyote.http11.Http11Processor.service(Http11Processor.java:397)
	at org.apache.coyote.AbstractProcessorLight.process(AbstractProcessorLight.java:63)
	at org.apache.coyote.AbstractProtocol$ConnectionHandler.process(AbstractProtocol.java:905)
	at org.apache.tomcat.util.net.NioEndpoint$SocketProcessor.doRun(NioEndpoint.java:1741)
	at org.apache.tomcat.util.net.SocketProcessorBase.run(SocketProcessorBase.java:52)
	at org.apache.tomcat.util.threads.ThreadPoolExecutor.runWorker(ThreadPoolExecutor.java:1190)
	at org.apache.tomcat.util.threads.ThreadPoolExecutor$Worker.run(ThreadPoolExecutor.java:659)
	at org.apache.tomcat.util.threads.TaskThread$WrappingRunnable.run(TaskThread.java:63)
	at java.base/java.lang.Thread.run(Thread.java:840)
Caused by: com.sprint.mission.discodeit.exception.user.UserNotFoundException: 사용자를 찾을 수 없습니다.
	at com.sprint.mission.discodeit.exception.user.UserNotFoundException.withUsername(UserNotFoundException.java:19)
	at com.sprint.mission.discodeit.security.DiscodeitUserDetailsService.lambda$loadUserByUsername$0(DiscodeitUserDetailsService.java:26)
	at java.base/java.util.Optional.orElseThrow(Optional.java:403)
	at com.sprint.mission.discodeit.security.DiscodeitUserDetailsService.loadUserByUsername(DiscodeitUserDetailsService.java:26)
	at java.base/jdk.internal.reflect.NativeMethodAccessorImpl.invoke0(Native Method)
	at java.base/jdk.internal.reflect.NativeMethodAccessorImpl.invoke(NativeMethodAccessorImpl.java:77)
	at java.base/jdk.internal.reflect.DelegatingMethodAccessorImpl.invoke(DelegatingMethodAccessorImpl.java:43)
	at java.base/java.lang.reflect.Method.invoke(Method.java:569)
	at org.springframework.aop.support.AopUtils.invokeJoinpointUsingReflection(AopUtils.java:359)
	at org.springframework.aop.framework.ReflectiveMethodInvocation.invokeJoinpoint(ReflectiveMethodInvocation.java:196)
	at org.springframework.aop.framework.ReflectiveMethodInvocation.proceed(ReflectiveMethodInvocation.java:163)
	at org.springframework.transaction.interceptor.TransactionAspectSupport.invokeWithinTransaction(TransactionAspectSupport.java:380)
	at org.springframework.transaction.interceptor.TransactionInterceptor.invoke(TransactionInterceptor.java:119)
	at org.springframework.aop.framework.ReflectiveMethodInvocation.proceed(ReflectiveMethodInvocation.java:184)
	at org.springframework.aop.framework.CglibAopProxy$DynamicAdvisedInterceptor.intercept(CglibAopProxy.java:727)
	at com.sprint.mission.discodeit.security.DiscodeitUserDetailsService$$SpringCGLIB$$0.loadUserByUsername(<generated>)
	at org.springframework.security.authentication.dao.DaoAuthenticationProvider.retrieveUser(DaoAuthenticationProvider.java:107)
	... 92 common frames omitted
26-06-15 17:24:14.047 [http-nio-8080-exec-3] [32mTRACE[0;39m o.s.s.w.a.UsernamePasswordAuthenticationFilter [ |  | ] - Failed to process authentication request
org.springframework.security.authentication.InternalAuthenticationServiceException: 사용자를 찾을 수 없습니다.
	at org.springframework.security.authentication.dao.DaoAuthenticationProvider.retrieveUser(DaoAuthenticationProvider.java:122)
	at org.springframework.security.authentication.dao.AbstractUserDetailsAuthenticationProvider.authenticate(AbstractUserDetailsAuthenticationProvider.java:133)
	at org.springframework.security.authentication.ProviderManager.authenticate(ProviderManager.java:182)
	at org.springframework.security.authentication.ProviderManager.authenticate(ProviderManager.java:201)
	at org.springframework.security.authentication.ObservationAuthenticationManager.lambda$authenticate$1(ObservationAuthenticationManager.java:54)
	at io.micrometer.observation.Observation.observe(Observation.java:565)
	at org.springframework.security.authentication.ObservationAuthenticationManager.authenticate(ObservationAuthenticationManager.java:53)
	at org.springframework.security.web.authentication.UsernamePasswordAuthenticationFilter.attemptAuthentication(UsernamePasswordAuthenticationFilter.java:85)
	at org.springframework.security.web.authentication.AbstractAuthenticationProcessingFilter.doFilter(AbstractAuthenticationProcessingFilter.java:231)
	at org.springframework.security.web.authentication.AbstractAuthenticationProcessingFilter.doFilter(AbstractAuthenticationProcessingFilter.java:221)
	at org.springframework.security.web.ObservationFilterChainDecorator$ObservationFilter.wrapFilter(ObservationFilterChainDecorator.java:240)
	at org.springframework.security.web.ObservationFilterChainDecorator$ObservationFilter.doFilter(ObservationFilterChainDecorator.java:227)
	at org.springframework.security.web.ObservationFilterChainDecorator$VirtualFilterChain.doFilter(ObservationFilterChainDecorator.java:137)
	at com.sprint.mission.discodeit.security.jwt.JwtAuthenticationFilter.doFilterInternal(JwtAuthenticationFilter.java:72)
	at org.springframework.web.filter.OncePerRequestFilter.doFilter(OncePerRequestFilter.java:116)
	at org.springframework.security.web.ObservationFilterChainDecorator$ObservationFilter.wrapFilter(ObservationFilterChainDecorator.java:240)
	at org.springframework.security.web.ObservationFilterChainDecorator$ObservationFilter.doFilter(ObservationFilterChainDecorator.java:227)
	at org.springframework.security.web.ObservationFilterChainDecorator$VirtualFilterChain.doFilter(ObservationFilterChainDecorator.java:137)
	at org.springframework.security.web.authentication.logout.LogoutFilter.doFilter(LogoutFilter.java:107)
	at org.springframework.security.web.authentication.logout.LogoutFilter.doFilter(LogoutFilter.java:93)
	at org.springframework.security.web.ObservationFilterChainDecorator$ObservationFilter.wrapFilter(ObservationFilterChainDecorator.java:240)
	at org.springframework.security.web.ObservationFilterChainDecorator$ObservationFilter.doFilter(ObservationFilterChainDecorator.java:227)
	at org.springframework.security.web.ObservationFilterChainDecorator$VirtualFilterChain.doFilter(ObservationFilterChainDecorator.java:137)
	at org.springframework.security.web.csrf.CsrfFilter.doFilterInternal(CsrfFilter.java:131)
	at org.springframework.web.filter.OncePerRequestFilter.doFilter(OncePerRequestFilter.java:116)
	at org.springframework.security.web.ObservationFilterChainDecorator$ObservationFilter.wrapFilter(ObservationFilterChainDecorator.java:240)
	at org.springframework.security.web.ObservationFilterChainDecorator$ObservationFilter.doFilter(ObservationFilterChainDecorator.java:227)
	at org.springframework.security.web.ObservationFilterChainDecorator$VirtualFilterChain.doFilter(ObservationFilterChainDecorator.java:137)
	at org.springframework.security.web.header.HeaderWriterFilter.doHeadersAfter(HeaderWriterFilter.java:90)
	at org.springframework.security.web.header.HeaderWriterFilter.doFilterInternal(HeaderWriterFilter.java:75)
	at org.springframework.web.filter.OncePerRequestFilter.doFilter(OncePerRequestFilter.java:116)
	at org.springframework.security.web.ObservationFilterChainDecorator$ObservationFilter.wrapFilter(ObservationFilterChainDecorator.java:240)
	at org.springframework.security.web.ObservationFilterChainDecorator$ObservationFilter.doFilter(ObservationFilterChainDecorator.java:227)
	at org.springframework.security.web.ObservationFilterChainDecorator$VirtualFilterChain.doFilter(ObservationFilterChainDecorator.java:137)
	at org.springframework.security.web.context.SecurityContextHolderFilter.doFilter(SecurityContextHolderFilter.java:82)
	at org.springframework.security.web.context.SecurityContextHolderFilter.doFilter(SecurityContextHolderFilter.java:69)
	at org.springframework.security.web.ObservationFilterChainDecorator$ObservationFilter.wrapFilter(ObservationFilterChainDecorator.java:240)
	at org.springframework.security.web.ObservationFilterChainDecorator$ObservationFilter.doFilter(ObservationFilterChainDecorator.java:227)
	at org.springframework.security.web.ObservationFilterChainDecorator$VirtualFilterChain.doFilter(ObservationFilterChainDecorator.java:137)
	at org.springframework.security.web.context.request.async.WebAsyncManagerIntegrationFilter.doFilterInternal(WebAsyncManagerIntegrationFilter.java:62)
	at org.springframework.web.filter.OncePerRequestFilter.doFilter(OncePerRequestFilter.java:116)
	at org.springframework.security.web.ObservationFilterChainDecorator$ObservationFilter.wrapFilter(ObservationFilterChainDecorator.java:240)
	at org.springframework.security.web.ObservationFilterChainDecorator$ObservationFilter.doFilter(ObservationFilterChainDecorator.java:227)
	at org.springframework.security.web.ObservationFilterChainDecorator$VirtualFilterChain.doFilter(ObservationFilterChainDecorator.java:137)
	at org.springframework.security.web.session.DisableEncodeUrlFilter.doFilterInternal(DisableEncodeUrlFilter.java:42)
	at org.springframework.web.filter.OncePerRequestFilter.doFilter(OncePerRequestFilter.java:116)
	at org.springframework.security.web.ObservationFilterChainDecorator$ObservationFilter.wrapFilter(ObservationFilterChainDecorator.java:240)
	at org.springframework.security.web.ObservationFilterChainDecorator$AroundFilterObservation$SimpleAroundFilterObservation.lambda$wrap$0(ObservationFilterChainDecorator.java:323)
	at org.springframework.security.web.ObservationFilterChainDecorator$ObservationFilter.doFilter(ObservationFilterChainDecorator.java:224)
	at org.springframework.security.web.ObservationFilterChainDecorator$VirtualFilterChain.doFilter(ObservationFilterChainDecorator.java:137)
	at org.springframework.security.web.FilterChainProxy.doFilterInternal(FilterChainProxy.java:233)
	at org.springframework.security.web.FilterChainProxy.doFilter(FilterChainProxy.java:191)
	at org.springframework.web.filter.CompositeFilter$VirtualFilterChain.doFilter(CompositeFilter.java:113)
	at org.springframework.web.servlet.handler.HandlerMappingIntrospector.lambda$createCacheFilter$3(HandlerMappingIntrospector.java:243)
	at org.springframework.web.filter.CompositeFilter$VirtualFilterChain.doFilter(CompositeFilter.java:113)
	at org.springframework.web.filter.CompositeFilter.doFilter(CompositeFilter.java:74)
	at org.springframework.security.config.annotation.web.configuration.WebMvcSecurityConfiguration$CompositeFilterChainProxy.doFilter(WebMvcSecurityConfiguration.java:238)
	at org.springframework.web.filter.DelegatingFilterProxy.invokeDelegate(DelegatingFilterProxy.java:362)
	at org.springframework.web.filter.DelegatingFilterProxy.doFilter(DelegatingFilterProxy.java:278)
	at org.apache.catalina.core.ApplicationFilterChain.internalDoFilter(ApplicationFilterChain.java:164)
	at org.apache.catalina.core.ApplicationFilterChain.doFilter(ApplicationFilterChain.java:140)
	at org.springframework.web.filter.RequestContextFilter.doFilterInternal(RequestContextFilter.java:100)
	at org.springframework.web.filter.OncePerRequestFilter.doFilter(OncePerRequestFilter.java:116)
	at org.apache.catalina.core.ApplicationFilterChain.internalDoFilter(ApplicationFilterChain.java:164)
	at org.apache.catalina.core.ApplicationFilterChain.doFilter(ApplicationFilterChain.java:140)
	at org.springframework.web.filter.FormContentFilter.doFilterInternal(FormContentFilter.java:93)
	at org.springframework.web.filter.OncePerRequestFilter.doFilter(OncePerRequestFilter.java:116)
	at org.apache.catalina.core.ApplicationFilterChain.internalDoFilter(ApplicationFilterChain.java:164)
	at org.apache.catalina.core.ApplicationFilterChain.doFilter(ApplicationFilterChain.java:140)
	at org.springframework.web.filter.ServerHttpObservationFilter.doFilterInternal(ServerHttpObservationFilter.java:114)
	at org.springframework.web.filter.OncePerRequestFilter.doFilter(OncePerRequestFilter.java:116)
	at org.apache.catalina.core.ApplicationFilterChain.internalDoFilter(ApplicationFilterChain.java:164)
	at org.apache.catalina.core.ApplicationFilterChain.doFilter(ApplicationFilterChain.java:140)
	at org.springframework.web.filter.CharacterEncodingFilter.doFilterInternal(CharacterEncodingFilter.java:201)
	at org.springframework.web.filter.OncePerRequestFilter.doFilter(OncePerRequestFilter.java:116)
	at org.apache.catalina.core.ApplicationFilterChain.internalDoFilter(ApplicationFilterChain.java:164)
	at org.apache.catalina.core.ApplicationFilterChain.doFilter(ApplicationFilterChain.java:140)
	at org.apache.catalina.core.StandardWrapperValve.invoke(StandardWrapperValve.java:167)
	at org.apache.catalina.core.StandardContextValve.invoke(StandardContextValve.java:90)
	at org.apache.catalina.authenticator.AuthenticatorBase.invoke(AuthenticatorBase.java:483)
	at org.apache.catalina.core.StandardHostValve.invoke(StandardHostValve.java:115)
	at org.apache.catalina.valves.ErrorReportValve.invoke(ErrorReportValve.java:93)
	at org.apache.catalina.core.StandardEngineValve.invoke(StandardEngineValve.java:74)
	at org.apache.catalina.connector.CoyoteAdapter.service(CoyoteAdapter.java:344)
	at org.apache.coyote.http11.Http11Processor.service(Http11Processor.java:397)
	at org.apache.coyote.AbstractProcessorLight.process(AbstractProcessorLight.java:63)
	at org.apache.coyote.AbstractProtocol$ConnectionHandler.process(AbstractProtocol.java:905)
	at org.apache.tomcat.util.net.NioEndpoint$SocketProcessor.doRun(NioEndpoint.java:1741)
	at org.apache.tomcat.util.net.SocketProcessorBase.run(SocketProcessorBase.java:52)
	at org.apache.tomcat.util.threads.ThreadPoolExecutor.runWorker(ThreadPoolExecutor.java:1190)
	at org.apache.tomcat.util.threads.ThreadPoolExecutor$Worker.run(ThreadPoolExecutor.java:659)
	at org.apache.tomcat.util.threads.TaskThread$WrappingRunnable.run(TaskThread.java:63)
	at java.base/java.lang.Thread.run(Thread.java:840)
Caused by: com.sprint.mission.discodeit.exception.user.UserNotFoundException: 사용자를 찾을 수 없습니다.
	at com.sprint.mission.discodeit.exception.user.UserNotFoundException.withUsername(UserNotFoundException.java:19)
	at com.sprint.mission.discodeit.security.DiscodeitUserDetailsService.lambda$loadUserByUsername$0(DiscodeitUserDetailsService.java:26)
	at java.base/java.util.Optional.orElseThrow(Optional.java:403)
	at com.sprint.mission.discodeit.security.DiscodeitUserDetailsService.loadUserByUsername(DiscodeitUserDetailsService.java:26)
	at java.base/jdk.internal.reflect.NativeMethodAccessorImpl.invoke0(Native Method)
	at java.base/jdk.internal.reflect.NativeMethodAccessorImpl.invoke(NativeMethodAccessorImpl.java:77)
	at java.base/jdk.internal.reflect.DelegatingMethodAccessorImpl.invoke(DelegatingMethodAccessorImpl.java:43)
	at java.base/java.lang.reflect.Method.invoke(Method.java:569)
	at org.springframework.aop.support.AopUtils.invokeJoinpointUsingReflection(AopUtils.java:359)
	at org.springframework.aop.framework.ReflectiveMethodInvocation.invokeJoinpoint(ReflectiveMethodInvocation.java:196)
	at org.springframework.aop.framework.ReflectiveMethodInvocation.proceed(ReflectiveMethodInvocation.java:163)
	at org.springframework.transaction.interceptor.TransactionAspectSupport.invokeWithinTransaction(TransactionAspectSupport.java:380)
	at org.springframework.transaction.interceptor.TransactionInterceptor.invoke(TransactionInterceptor.java:119)
	at org.springframework.aop.framework.ReflectiveMethodInvocation.proceed(ReflectiveMethodInvocation.java:184)
	at org.springframework.aop.framework.CglibAopProxy$DynamicAdvisedInterceptor.intercept(CglibAopProxy.java:727)
	at com.sprint.mission.discodeit.security.DiscodeitUserDetailsService$$SpringCGLIB$$0.loadUserByUsername(<generated>)
	at org.springframework.security.authentication.dao.DaoAuthenticationProvider.retrieveUser(DaoAuthenticationProvider.java:107)
	... 92 common frames omitted
26-06-15 17:24:14.055 [http-nio-8080-exec-3] [32mTRACE[0;39m o.s.s.w.a.UsernamePasswordAuthenticationFilter [ |  | ] - Cleared SecurityContextHolder
26-06-15 17:24:14.055 [http-nio-8080-exec-3] [32mTRACE[0;39m o.s.s.w.a.UsernamePasswordAuthenticationFilter [ |  | ] - Handling authentication failure
26-06-15 17:24:14.055 [http-nio-8080-exec-3] [31mERROR[0;39m c.s.m.d.security.LoginFailureHandler [ |  | ] - Authentication failed: 사용자를 찾을 수 없습니다.
org.springframework.security.authentication.InternalAuthenticationServiceException: 사용자를 찾을 수 없습니다.
	at org.springframework.security.authentication.dao.DaoAuthenticationProvider.retrieveUser(DaoAuthenticationProvider.java:122)
	at org.springframework.security.authentication.dao.AbstractUserDetailsAuthenticationProvider.authenticate(AbstractUserDetailsAuthenticationProvider.java:133)
	at org.springframework.security.authentication.ProviderManager.authenticate(ProviderManager.java:182)
	at org.springframework.security.authentication.ProviderManager.authenticate(ProviderManager.java:201)
	at org.springframework.security.authentication.ObservationAuthenticationManager.lambda$authenticate$1(ObservationAuthenticationManager.java:54)
	at io.micrometer.observation.Observation.observe(Observation.java:565)
	at org.springframework.security.authentication.ObservationAuthenticationManager.authenticate(ObservationAuthenticationManager.java:53)
	at org.springframework.security.web.authentication.UsernamePasswordAuthenticationFilter.attemptAuthentication(UsernamePasswordAuthenticationFilter.java:85)
	at org.springframework.security.web.authentication.AbstractAuthenticationProcessingFilter.doFilter(AbstractAuthenticationProcessingFilter.java:231)
	at org.springframework.security.web.authentication.AbstractAuthenticationProcessingFilter.doFilter(AbstractAuthenticationProcessingFilter.java:221)
	at org.springframework.security.web.ObservationFilterChainDecorator$ObservationFilter.wrapFilter(ObservationFilterChainDecorator.java:240)
	at org.springframework.security.web.ObservationFilterChainDecorator$ObservationFilter.doFilter(ObservationFilterChainDecorator.java:227)
	at org.springframework.security.web.ObservationFilterChainDecorator$VirtualFilterChain.doFilter(ObservationFilterChainDecorator.java:137)
	at com.sprint.mission.discodeit.security.jwt.JwtAuthenticationFilter.doFilterInternal(JwtAuthenticationFilter.java:72)
	at org.springframework.web.filter.OncePerRequestFilter.doFilter(OncePerRequestFilter.java:116)
	at org.springframework.security.web.ObservationFilterChainDecorator$ObservationFilter.wrapFilter(ObservationFilterChainDecorator.java:240)
	at org.springframework.security.web.ObservationFilterChainDecorator$ObservationFilter.doFilter(ObservationFilterChainDecorator.java:227)
	at org.springframework.security.web.ObservationFilterChainDecorator$VirtualFilterChain.doFilter(ObservationFilterChainDecorator.java:137)
	at org.springframework.security.web.authentication.logout.LogoutFilter.doFilter(LogoutFilter.java:107)
	at org.springframework.security.web.authentication.logout.LogoutFilter.doFilter(LogoutFilter.java:93)
	at org.springframework.security.web.ObservationFilterChainDecorator$ObservationFilter.wrapFilter(ObservationFilterChainDecorator.java:240)
	at org.springframework.security.web.ObservationFilterChainDecorator$ObservationFilter.doFilter(ObservationFilterChainDecorator.java:227)
	at org.springframework.security.web.ObservationFilterChainDecorator$VirtualFilterChain.doFilter(ObservationFilterChainDecorator.java:137)
	at org.springframework.security.web.csrf.CsrfFilter.doFilterInternal(CsrfFilter.java:131)
	at org.springframework.web.filter.OncePerRequestFilter.doFilter(OncePerRequestFilter.java:116)
	at org.springframework.security.web.ObservationFilterChainDecorator$ObservationFilter.wrapFilter(ObservationFilterChainDecorator.java:240)
	at org.springframework.security.web.ObservationFilterChainDecorator$ObservationFilter.doFilter(ObservationFilterChainDecorator.java:227)
	at org.springframework.security.web.ObservationFilterChainDecorator$VirtualFilterChain.doFilter(ObservationFilterChainDecorator.java:137)
	at org.springframework.security.web.header.HeaderWriterFilter.doHeadersAfter(HeaderWriterFilter.java:90)
	at org.springframework.security.web.header.HeaderWriterFilter.doFilterInternal(HeaderWriterFilter.java:75)
	at org.springframework.web.filter.OncePerRequestFilter.doFilter(OncePerRequestFilter.java:116)
	at org.springframework.security.web.ObservationFilterChainDecorator$ObservationFilter.wrapFilter(ObservationFilterChainDecorator.java:240)
	at org.springframework.security.web.ObservationFilterChainDecorator$ObservationFilter.doFilter(ObservationFilterChainDecorator.java:227)
	at org.springframework.security.web.ObservationFilterChainDecorator$VirtualFilterChain.doFilter(ObservationFilterChainDecorator.java:137)
	at org.springframework.security.web.context.SecurityContextHolderFilter.doFilter(SecurityContextHolderFilter.java:82)
	at org.springframework.security.web.context.SecurityContextHolderFilter.doFilter(SecurityContextHolderFilter.java:69)
	at org.springframework.security.web.ObservationFilterChainDecorator$ObservationFilter.wrapFilter(ObservationFilterChainDecorator.java:240)
	at org.springframework.security.web.ObservationFilterChainDecorator$ObservationFilter.doFilter(ObservationFilterChainDecorator.java:227)
	at org.springframework.security.web.ObservationFilterChainDecorator$VirtualFilterChain.doFilter(ObservationFilterChainDecorator.java:137)
	at org.springframework.security.web.context.request.async.WebAsyncManagerIntegrationFilter.doFilterInternal(WebAsyncManagerIntegrationFilter.java:62)
	at org.springframework.web.filter.OncePerRequestFilter.doFilter(OncePerRequestFilter.java:116)
	at org.springframework.security.web.ObservationFilterChainDecorator$ObservationFilter.wrapFilter(ObservationFilterChainDecorator.java:240)
	at org.springframework.security.web.ObservationFilterChainDecorator$ObservationFilter.doFilter(ObservationFilterChainDecorator.java:227)
	at org.springframework.security.web.ObservationFilterChainDecorator$VirtualFilterChain.doFilter(ObservationFilterChainDecorator.java:137)
	at org.springframework.security.web.session.DisableEncodeUrlFilter.doFilterInternal(DisableEncodeUrlFilter.java:42)
	at org.springframework.web.filter.OncePerRequestFilter.doFilter(OncePerRequestFilter.java:116)
	at org.springframework.security.web.ObservationFilterChainDecorator$ObservationFilter.wrapFilter(ObservationFilterChainDecorator.java:240)
	at org.springframework.security.web.ObservationFilterChainDecorator$AroundFilterObservation$SimpleAroundFilterObservation.lambda$wrap$0(ObservationFilterChainDecorator.java:323)
	at org.springframework.security.web.ObservationFilterChainDecorator$ObservationFilter.doFilter(ObservationFilterChainDecorator.java:224)
	at org.springframework.security.web.ObservationFilterChainDecorator$VirtualFilterChain.doFilter(ObservationFilterChainDecorator.java:137)
	at org.springframework.security.web.FilterChainProxy.doFilterInternal(FilterChainProxy.java:233)
	at org.springframework.security.web.FilterChainProxy.doFilter(FilterChainProxy.java:191)
	at org.springframework.web.filter.CompositeFilter$VirtualFilterChain.doFilter(CompositeFilter.java:113)
	at org.springframework.web.servlet.handler.HandlerMappingIntrospector.lambda$createCacheFilter$3(HandlerMappingIntrospector.java:243)
	at org.springframework.web.filter.CompositeFilter$VirtualFilterChain.doFilter(CompositeFilter.java:113)
	at org.springframework.web.filter.CompositeFilter.doFilter(CompositeFilter.java:74)
	at org.springframework.security.config.annotation.web.configuration.WebMvcSecurityConfiguration$CompositeFilterChainProxy.doFilter(WebMvcSecurityConfiguration.java:238)
	at org.springframework.web.filter.DelegatingFilterProxy.invokeDelegate(DelegatingFilterProxy.java:362)
	at org.springframework.web.filter.DelegatingFilterProxy.doFilter(DelegatingFilterProxy.java:278)
	at org.apache.catalina.core.ApplicationFilterChain.internalDoFilter(ApplicationFilterChain.java:164)
	at org.apache.catalina.core.ApplicationFilterChain.doFilter(ApplicationFilterChain.java:140)
	at org.springframework.web.filter.RequestContextFilter.doFilterInternal(RequestContextFilter.java:100)
	at org.springframework.web.filter.OncePerRequestFilter.doFilter(OncePerRequestFilter.java:116)
	at org.apache.catalina.core.ApplicationFilterChain.internalDoFilter(ApplicationFilterChain.java:164)
	at org.apache.catalina.core.ApplicationFilterChain.doFilter(ApplicationFilterChain.java:140)
	at org.springframework.web.filter.FormContentFilter.doFilterInternal(FormContentFilter.java:93)
	at org.springframework.web.filter.OncePerRequestFilter.doFilter(OncePerRequestFilter.java:116)
	at org.apache.catalina.core.ApplicationFilterChain.internalDoFilter(ApplicationFilterChain.java:164)
	at org.apache.catalina.core.ApplicationFilterChain.doFilter(ApplicationFilterChain.java:140)
	at org.springframework.web.filter.ServerHttpObservationFilter.doFilterInternal(ServerHttpObservationFilter.java:114)
	at org.springframework.web.filter.OncePerRequestFilter.doFilter(OncePerRequestFilter.java:116)
	at org.apache.catalina.core.ApplicationFilterChain.internalDoFilter(ApplicationFilterChain.java:164)
	at org.apache.catalina.core.ApplicationFilterChain.doFilter(ApplicationFilterChain.java:140)
	at org.springframework.web.filter.CharacterEncodingFilter.doFilterInternal(CharacterEncodingFilter.java:201)
	at org.springframework.web.filter.OncePerRequestFilter.doFilter(OncePerRequestFilter.java:116)
	at org.apache.catalina.core.ApplicationFilterChain.internalDoFilter(ApplicationFilterChain.java:164)
	at org.apache.catalina.core.ApplicationFilterChain.doFilter(ApplicationFilterChain.java:140)
	at org.apache.catalina.core.StandardWrapperValve.invoke(StandardWrapperValve.java:167)
	at org.apache.catalina.core.StandardContextValve.invoke(StandardContextValve.java:90)
	at org.apache.catalina.authenticator.AuthenticatorBase.invoke(AuthenticatorBase.java:483)
	at org.apache.catalina.core.StandardHostValve.invoke(StandardHostValve.java:115)
	at org.apache.catalina.valves.ErrorReportValve.invoke(ErrorReportValve.java:93)
	at org.apache.catalina.core.StandardEngineValve.invoke(StandardEngineValve.java:74)
	at org.apache.catalina.connector.CoyoteAdapter.service(CoyoteAdapter.java:344)
	at org.apache.coyote.http11.Http11Processor.service(Http11Processor.java:397)
	at org.apache.coyote.AbstractProcessorLight.process(AbstractProcessorLight.java:63)
	at org.apache.coyote.AbstractProtocol$ConnectionHandler.process(AbstractProtocol.java:905)
	at org.apache.tomcat.util.net.NioEndpoint$SocketProcessor.doRun(NioEndpoint.java:1741)
	at org.apache.tomcat.util.net.SocketProcessorBase.run(SocketProcessorBase.java:52)
	at org.apache.tomcat.util.threads.ThreadPoolExecutor.runWorker(ThreadPoolExecutor.java:1190)
	at org.apache.tomcat.util.threads.ThreadPoolExecutor$Worker.run(ThreadPoolExecutor.java:659)
	at org.apache.tomcat.util.threads.TaskThread$WrappingRunnable.run(TaskThread.java:63)
	at java.base/java.lang.Thread.run(Thread.java:840)
Caused by: com.sprint.mission.discodeit.exception.user.UserNotFoundException: 사용자를 찾을 수 없습니다.
	at com.sprint.mission.discodeit.exception.user.UserNotFoundException.withUsername(UserNotFoundException.java:19)
	at com.sprint.mission.discodeit.security.DiscodeitUserDetailsService.lambda$loadUserByUsername$0(DiscodeitUserDetailsService.java:26)
	at java.base/java.util.Optional.orElseThrow(Optional.java:403)
	at com.sprint.mission.discodeit.security.DiscodeitUserDetailsService.loadUserByUsername(DiscodeitUserDetailsService.java:26)
	at java.base/jdk.internal.reflect.NativeMethodAccessorImpl.invoke0(Native Method)
	at java.base/jdk.internal.reflect.NativeMethodAccessorImpl.invoke(NativeMethodAccessorImpl.java:77)
	at java.base/jdk.internal.reflect.DelegatingMethodAccessorImpl.invoke(DelegatingMethodAccessorImpl.java:43)
	at java.base/java.lang.reflect.Method.invoke(Method.java:569)
	at org.springframework.aop.support.AopUtils.invokeJoinpointUsingReflection(AopUtils.java:359)
	at org.springframework.aop.framework.ReflectiveMethodInvocation.invokeJoinpoint(ReflectiveMethodInvocation.java:196)
	at org.springframework.aop.framework.ReflectiveMethodInvocation.proceed(ReflectiveMethodInvocation.java:163)
	at org.springframework.transaction.interceptor.TransactionAspectSupport.invokeWithinTransaction(TransactionAspectSupport.java:380)
	at org.springframework.transaction.interceptor.TransactionInterceptor.invoke(TransactionInterceptor.java:119)
	at org.springframework.aop.framework.ReflectiveMethodInvocation.proceed(ReflectiveMethodInvocation.java:184)
	at org.springframework.aop.framework.CglibAopProxy$DynamicAdvisedInterceptor.intercept(CglibAopProxy.java:727)
	at com.sprint.mission.discodeit.security.DiscodeitUserDetailsService$$SpringCGLIB$$0.loadUserByUsername(<generated>)
	at org.springframework.security.authentication.dao.DaoAuthenticationProvider.retrieveUser(DaoAuthenticationProvider.java:107)
	... 92 common frames omitted
26-06-15 17:24:14.061 [http-nio-8080-exec-3] [32mTRACE[0;39m o.s.s.w.h.writers.HstsHeaderWriter   [ |  | ] - Not injecting HSTS header since it did not match request to [Is Secure]
26-06-15 17:25:35.048 [http-nio-8080-exec-6] [32mTRACE[0;39m o.s.security.web.FilterChainProxy    [ |  | ] - Trying to match request against DefaultSecurityFilterChain defined as 'filterChain' in [class path resource [com/sprint/mission/discodeit/config/SecurityConfig.class]] matching [any request] and having filters [DisableEncodeUrl, WebAsyncManagerIntegration, SecurityContextHolder, HeaderWriter, Csrf, Logout, JwtAuthentication, UsernamePasswordAuthentication, RequestCacheAware, SecurityContextHolderAwareRequest, AnonymousAuthentication, SessionManagement, ExceptionTranslation, Authorization] (1/1)
26-06-15 17:25:35.050 [http-nio-8080-exec-6] [32mDEBUG[0;39m o.s.security.web.FilterChainProxy    [ |  | ] - Securing POST /api/users
26-06-15 17:25:35.051 [http-nio-8080-exec-6] [32mTRACE[0;39m o.s.security.web.FilterChainProxy    [ |  | ] - Invoking DisableEncodeUrlFilter (1/14)
26-06-15 17:25:35.054 [http-nio-8080-exec-6] [32mTRACE[0;39m o.s.security.web.FilterChainProxy    [ |  | ] - Invoking WebAsyncManagerIntegrationFilter (2/14)
26-06-15 17:25:35.056 [http-nio-8080-exec-6] [32mTRACE[0;39m o.s.security.web.FilterChainProxy    [ |  | ] - Invoking SecurityContextHolderFilter (3/14)
26-06-15 17:25:35.057 [http-nio-8080-exec-6] [32mTRACE[0;39m o.s.security.web.FilterChainProxy    [ |  | ] - Invoking HeaderWriterFilter (4/14)
26-06-15 17:25:35.058 [http-nio-8080-exec-6] [32mTRACE[0;39m o.s.security.web.FilterChainProxy    [ |  | ] - Invoking CsrfFilter (5/14)
26-06-15 17:25:35.060 [http-nio-8080-exec-6] [32mTRACE[0;39m o.s.security.web.FilterChainProxy    [ |  | ] - Invoking LogoutFilter (6/14)
26-06-15 17:25:35.060 [http-nio-8080-exec-6] [32mTRACE[0;39m o.s.s.w.a.logout.LogoutFilter        [ |  | ] - Did not match request to Ant [pattern='/api/auth/logout', POST]
26-06-15 17:25:35.061 [http-nio-8080-exec-6] [32mTRACE[0;39m o.s.security.web.FilterChainProxy    [ |  | ] - Invoking JwtAuthenticationFilter (7/14)
26-06-15 17:25:35.061 [http-nio-8080-exec-6] [32mTRACE[0;39m o.s.security.web.FilterChainProxy    [ |  | ] - Invoking UsernamePasswordAuthenticationFilter (8/14)
26-06-15 17:25:35.061 [http-nio-8080-exec-6] [32mTRACE[0;39m o.s.s.w.a.UsernamePasswordAuthenticationFilter [ |  | ] - Did not match request to Ant [pattern='/api/auth/login', POST]
26-06-15 17:25:35.061 [http-nio-8080-exec-6] [32mTRACE[0;39m o.s.security.web.FilterChainProxy    [ |  | ] - Invoking RequestCacheAwareFilter (9/14)
26-06-15 17:25:35.061 [http-nio-8080-exec-6] [32mTRACE[0;39m o.s.security.web.FilterChainProxy    [ |  | ] - Invoking SecurityContextHolderAwareRequestFilter (10/14)
26-06-15 17:25:35.062 [http-nio-8080-exec-6] [32mTRACE[0;39m o.s.security.web.FilterChainProxy    [ |  | ] - Invoking AnonymousAuthenticationFilter (11/14)
26-06-15 17:25:35.062 [http-nio-8080-exec-6] [32mTRACE[0;39m o.s.security.web.FilterChainProxy    [ |  | ] - Invoking SessionManagementFilter (12/14)
26-06-15 17:25:35.062 [http-nio-8080-exec-6] [32mTRACE[0;39m o.s.s.w.c.SupplierDeferredSecurityContext [ |  | ] - Created SecurityContextImpl [Null authentication]
26-06-15 17:25:35.063 [http-nio-8080-exec-6] [32mTRACE[0;39m o.s.s.w.a.AnonymousAuthenticationFilter [ |  | ] - Set SecurityContextHolder to AnonymousAuthenticationToken [Principal=anonymousUser, Credentials=[PROTECTED], Authenticated=true, Details=WebAuthenticationDetails [RemoteIpAddress=0:0:0:0:0:0:0:1, SessionId=null], Granted Authorities=[ROLE_ANONYMOUS]]
26-06-15 17:25:35.063 [http-nio-8080-exec-6] [32mDEBUG[0;39m o.s.s.w.s.SessionManagementFilter    [ |  | ] - Request requested invalid session id F96C37661738BD7A9679288ADD752D03
26-06-15 17:25:35.063 [http-nio-8080-exec-6] [32mTRACE[0;39m o.s.security.web.FilterChainProxy    [ |  | ] - Invoking ExceptionTranslationFilter (13/14)
26-06-15 17:25:35.063 [http-nio-8080-exec-6] [32mTRACE[0;39m o.s.security.web.FilterChainProxy    [ |  | ] - Invoking AuthorizationFilter (14/14)
26-06-15 17:25:35.064 [http-nio-8080-exec-6] [32mTRACE[0;39m o.s.s.w.a.i.RequestMatcherDelegatingAuthorizationManager [ |  | ] - Authorizing POST /api/users
26-06-15 17:25:35.066 [http-nio-8080-exec-6] [32mTRACE[0;39m o.s.s.w.a.i.RequestMatcherDelegatingAuthorizationManager [ |  | ] - Checking authorization on POST /api/users using org.springframework.security.config.annotation.web.configurers.AuthorizeHttpRequestsConfigurer$$Lambda$1772/0x0000007001c12910@4e1cbf9c
26-06-15 17:25:35.068 [http-nio-8080-exec-6] [32mDEBUG[0;39m o.s.security.web.FilterChainProxy    [ |  | ] - Secured POST /api/users
26-06-15 17:25:35.128 [http-nio-8080-exec-6] [31mERROR[0;39m c.s.m.d.e.GlobalExceptionHandler     [ |  | ] - 예상치 못한 오류 발생: Content-Type 'application/json' is not supported
org.springframework.web.HttpMediaTypeNotSupportedException: Content-Type 'application/json' is not supported
	at org.springframework.web.servlet.mvc.method.RequestMappingInfoHandlerMapping.handleNoMatch(RequestMappingInfoHandlerMapping.java:282)
	at org.springframework.web.servlet.handler.AbstractHandlerMethodMapping.lookupHandlerMethod(AbstractHandlerMethodMapping.java:441)
	at org.springframework.web.servlet.handler.AbstractHandlerMethodMapping.getHandlerInternal(AbstractHandlerMethodMapping.java:382)
	at org.springframework.web.servlet.mvc.method.RequestMappingInfoHandlerMapping.getHandlerInternal(RequestMappingInfoHandlerMapping.java:127)
	at org.springframework.web.servlet.mvc.method.RequestMappingInfoHandlerMapping.getHandlerInternal(RequestMappingInfoHandlerMapping.java:68)
	at org.springframework.web.servlet.handler.AbstractHandlerMapping.getHandler(AbstractHandlerMapping.java:509)
	at org.springframework.web.servlet.DispatcherServlet.getHandler(DispatcherServlet.java:1283)
	at org.springframework.web.servlet.DispatcherServlet.doDispatch(DispatcherServlet.java:1064)
	at org.springframework.web.servlet.DispatcherServlet.doService(DispatcherServlet.java:978)
	at org.springframework.web.servlet.FrameworkServlet.processRequest(FrameworkServlet.java:1014)
	at org.springframework.web.servlet.FrameworkServlet.doPost(FrameworkServlet.java:914)
	at jakarta.servlet.http.HttpServlet.service(HttpServlet.java:590)
	at org.springframework.web.servlet.FrameworkServlet.service(FrameworkServlet.java:885)
	at jakarta.servlet.http.HttpServlet.service(HttpServlet.java:658)
	at org.apache.catalina.core.ApplicationFilterChain.internalDoFilter(ApplicationFilterChain.java:195)
	at org.apache.catalina.core.ApplicationFilterChain.doFilter(ApplicationFilterChain.java:140)
	at org.apache.tomcat.websocket.server.WsFilter.doFilter(WsFilter.java:51)
	at org.apache.catalina.core.ApplicationFilterChain.internalDoFilter(ApplicationFilterChain.java:164)
	at org.apache.catalina.core.ApplicationFilterChain.doFilter(ApplicationFilterChain.java:140)
	at org.springframework.web.filter.OncePerRequestFilter.doFilter(OncePerRequestFilter.java:110)
	at org.apache.catalina.core.ApplicationFilterChain.internalDoFilter(ApplicationFilterChain.java:164)
	at org.apache.catalina.core.ApplicationFilterChain.doFilter(ApplicationFilterChain.java:140)
	at org.springframework.web.filter.CompositeFilter$VirtualFilterChain.doFilter(CompositeFilter.java:108)
	at org.springframework.security.web.FilterChainProxy.lambda$doFilterInternal$3(FilterChainProxy.java:231)
	at org.springframework.security.web.ObservationFilterChainDecorator$FilterObservation$SimpleFilterObservation.lambda$wrap$1(ObservationFilterChainDecorator.java:479)
	at org.springframework.security.web.ObservationFilterChainDecorator$AroundFilterObservation$SimpleAroundFilterObservation.lambda$wrap$1(ObservationFilterChainDecorator.java:340)
	at org.springframework.security.web.ObservationFilterChainDecorator.lambda$wrapSecured$0(ObservationFilterChainDecorator.java:82)
	at org.springframework.security.web.ObservationFilterChainDecorator$VirtualFilterChain.doFilter(ObservationFilterChainDecorator.java:128)
	at org.springframework.security.web.access.intercept.AuthorizationFilter.doFilter(AuthorizationFilter.java:101)
	at org.springframework.security.web.ObservationFilterChainDecorator$ObservationFilter.wrapFilter(ObservationFilterChainDecorator.java:240)
	at org.springframework.security.web.ObservationFilterChainDecorator$ObservationFilter.doFilter(ObservationFilterChainDecorator.java:227)
	at org.springframework.security.web.ObservationFilterChainDecorator$VirtualFilterChain.doFilter(ObservationFilterChainDecorator.java:137)
	at org.springframework.security.web.access.ExceptionTranslationFilter.doFilter(ExceptionTranslationFilter.java:126)
	at org.springframework.security.web.access.ExceptionTranslationFilter.doFilter(ExceptionTranslationFilter.java:120)
	at org.springframework.security.web.ObservationFilterChainDecorator$ObservationFilter.wrapFilter(ObservationFilterChainDecorator.java:240)
	at org.springframework.security.web.ObservationFilterChainDecorator$ObservationFilter.doFilter(ObservationFilterChainDecorator.java:227)
	at org.springframework.security.web.ObservationFilterChainDecorator$VirtualFilterChain.doFilter(ObservationFilterChainDecorator.java:137)
	at org.springframework.security.web.session.SessionManagementFilter.doFilter(SessionManagementFilter.java:131)
	at org.springframework.security.web.session.SessionManagementFilter.doFilter(SessionManagementFilter.java:85)
	at org.springframework.security.web.ObservationFilterChainDecorator$ObservationFilter.wrapFilter(ObservationFilterChainDecorator.java:240)
	at org.springframework.security.web.ObservationFilterChainDecorator$ObservationFilter.doFilter(ObservationFilterChainDecorator.java:227)
	at org.springframework.security.web.ObservationFilterChainDecorator$VirtualFilterChain.doFilter(ObservationFilterChainDecorator.java:137)
	at org.springframework.security.web.authentication.AnonymousAuthenticationFilter.doFilter(AnonymousAuthenticationFilter.java:100)
	at org.springframework.security.web.ObservationFilterChainDecorator$ObservationFilter.wrapFilter(ObservationFilterChainDecorator.java:240)
	at org.springframework.security.web.ObservationFilterChainDecorator$ObservationFilter.doFilter(ObservationFilterChainDecorator.java:227)
	at org.springframework.security.web.ObservationFilterChainDecorator$VirtualFilterChain.doFilter(ObservationFilterChainDecorator.java:137)
	at org.springframework.security.web.servletapi.SecurityContextHolderAwareRequestFilter.doFilter(SecurityContextHolderAwareRequestFilter.java:179)
	at org.springframework.security.web.ObservationFilterChainDecorator$ObservationFilter.wrapFilter(ObservationFilterChainDecorator.java:240)
	at org.springframework.security.web.ObservationFilterChainDecorator$ObservationFilter.doFilter(ObservationFilterChainDecorator.java:227)
	at org.springframework.security.web.ObservationFilterChainDecorator$VirtualFilterChain.doFilter(ObservationFilterChainDecorator.java:137)
	at org.springframework.security.web.savedrequest.RequestCacheAwareFilter.doFilter(RequestCacheAwareFilter.java:63)
	at org.springframework.security.web.ObservationFilterChainDecorator$ObservationFilter.wrapFilter(ObservationFilterChainDecorator.java:240)
	at org.springframework.security.web.ObservationFilterChainDecorator$ObservationFilter.doFilter(ObservationFilterChainDecorator.java:227)
	at org.springframework.security.web.ObservationFilterChainDecorator$VirtualFilterChain.doFilter(ObservationFilterChainDecorator.java:137)
	at org.springframework.security.web.authentication.AbstractAuthenticationProcessingFilter.doFilter(AbstractAuthenticationProcessingFilter.java:227)
	at org.springframework.security.web.authentication.AbstractAuthenticationProcessingFilter.doFilter(AbstractAuthenticationProcessingFilter.java:221)
	at org.springframework.security.web.ObservationFilterChainDecorator$ObservationFilter.wrapFilter(ObservationFilterChainDecorator.java:240)
	at org.springframework.security.web.ObservationFilterChainDecorator$ObservationFilter.doFilter(ObservationFilterChainDecorator.java:227)
	at org.springframework.security.web.ObservationFilterChainDecorator$VirtualFilterChain.doFilter(ObservationFilterChainDecorator.java:137)
	at com.sprint.mission.discodeit.security.jwt.JwtAuthenticationFilter.doFilterInternal(JwtAuthenticationFilter.java:72)
	at org.springframework.web.filter.OncePerRequestFilter.doFilter(OncePerRequestFilter.java:116)
	at org.springframework.security.web.ObservationFilterChainDecorator$ObservationFilter.wrapFilter(ObservationFilterChainDecorator.java:240)
	at org.springframework.security.web.ObservationFilterChainDecorator$ObservationFilter.doFilter(ObservationFilterChainDecorator.java:227)
	at org.springframework.security.web.ObservationFilterChainDecorator$VirtualFilterChain.doFilter(ObservationFilterChainDecorator.java:137)
	at org.springframework.security.web.authentication.logout.LogoutFilter.doFilter(LogoutFilter.java:107)
	at org.springframework.security.web.authentication.logout.LogoutFilter.doFilter(LogoutFilter.java:93)
	at org.springframework.security.web.ObservationFilterChainDecorator$ObservationFilter.wrapFilter(ObservationFilterChainDecorator.java:240)
	at org.springframework.security.web.ObservationFilterChainDecorator$ObservationFilter.doFilter(ObservationFilterChainDecorator.java:227)
	at org.springframework.security.web.ObservationFilterChainDecorator$VirtualFilterChain.doFilter(ObservationFilterChainDecorator.java:137)
	at org.springframework.security.web.csrf.CsrfFilter.doFilterInternal(CsrfFilter.java:131)
	at org.springframework.web.filter.OncePerRequestFilter.doFilter(OncePerRequestFilter.java:116)
	at org.springframework.security.web.ObservationFilterChainDecorator$ObservationFilter.wrapFilter(ObservationFilterChainDecorator.java:240)
	at org.springframework.security.web.ObservationFilterChainDecorator$ObservationFilter.doFilter(ObservationFilterChainDecorator.java:227)
	at org.springframework.security.web.ObservationFilterChainDecorator$VirtualFilterChain.doFilter(ObservationFilterChainDecorator.java:137)
	at org.springframework.security.web.header.HeaderWriterFilter.doHeadersAfter(HeaderWriterFilter.java:90)
	at org.springframework.security.web.header.HeaderWriterFilter.doFilterInternal(HeaderWriterFilter.java:75)
	at org.springframework.web.filter.OncePerRequestFilter.doFilter(OncePerRequestFilter.java:116)
	at org.springframework.security.web.ObservationFilterChainDecorator$ObservationFilter.wrapFilter(ObservationFilterChainDecorator.java:240)
	at org.springframework.security.web.ObservationFilterChainDecorator$ObservationFilter.doFilter(ObservationFilterChainDecorator.java:227)
	at org.springframework.security.web.ObservationFilterChainDecorator$VirtualFilterChain.doFilter(ObservationFilterChainDecorator.java:137)
	at org.springframework.security.web.context.SecurityContextHolderFilter.doFilter(SecurityContextHolderFilter.java:82)
	at org.springframework.security.web.context.SecurityContextHolderFilter.doFilter(SecurityContextHolderFilter.java:69)
	at org.springframework.security.web.ObservationFilterChainDecorator$ObservationFilter.wrapFilter(ObservationFilterChainDecorator.java:240)
	at org.springframework.security.web.ObservationFilterChainDecorator$ObservationFilter.doFilter(ObservationFilterChainDecorator.java:227)
	at org.springframework.security.web.ObservationFilterChainDecorator$VirtualFilterChain.doFilter(ObservationFilterChainDecorator.java:137)
	at org.springframework.security.web.context.request.async.WebAsyncManagerIntegrationFilter.doFilterInternal(WebAsyncManagerIntegrationFilter.java:62)
	at org.springframework.web.filter.OncePerRequestFilter.doFilter(OncePerRequestFilter.java:116)
	at org.springframework.security.web.ObservationFilterChainDecorator$ObservationFilter.wrapFilter(ObservationFilterChainDecorator.java:240)
	at org.springframework.security.web.ObservationFilterChainDecorator$ObservationFilter.doFilter(ObservationFilterChainDecorator.java:227)
	at org.springframework.security.web.ObservationFilterChainDecorator$VirtualFilterChain.doFilter(ObservationFilterChainDecorator.java:137)
	at org.springframework.security.web.session.DisableEncodeUrlFilter.doFilterInternal(DisableEncodeUrlFilter.java:42)
	at org.springframework.web.filter.OncePerRequestFilter.doFilter(OncePerRequestFilter.java:116)
	at org.springframework.security.web.ObservationFilterChainDecorator$ObservationFilter.wrapFilter(ObservationFilterChainDecorator.java:240)
	at org.springframework.security.web.ObservationFilterChainDecorator$AroundFilterObservation$SimpleAroundFilterObservation.lambda$wrap$0(ObservationFilterChainDecorator.java:323)
	at org.springframework.security.web.ObservationFilterChainDecorator$ObservationFilter.doFilter(ObservationFilterChainDecorator.java:224)
	at org.springframework.security.web.ObservationFilterChainDecorator$VirtualFilterChain.doFilter(ObservationFilterChainDecorator.java:137)
	at org.springframework.security.web.FilterChainProxy.doFilterInternal(FilterChainProxy.java:233)
	at org.springframework.security.web.FilterChainProxy.doFilter(FilterChainProxy.java:191)
	at org.springframework.web.filter.CompositeFilter$VirtualFilterChain.doFilter(CompositeFilter.java:113)
	at org.springframework.web.servlet.handler.HandlerMappingIntrospector.lambda$createCacheFilter$3(HandlerMappingIntrospector.java:243)
	at org.springframework.web.filter.CompositeFilter$VirtualFilterChain.doFilter(CompositeFilter.java:113)
	at org.springframework.web.filter.CompositeFilter.doFilter(CompositeFilter.java:74)
	at org.springframework.security.config.annotation.web.configuration.WebMvcSecurityConfiguration$CompositeFilterChainProxy.doFilter(WebMvcSecurityConfiguration.java:238)
	at org.springframework.web.filter.DelegatingFilterProxy.invokeDelegate(DelegatingFilterProxy.java:362)
	at org.springframework.web.filter.DelegatingFilterProxy.doFilter(DelegatingFilterProxy.java:278)
	at org.apache.catalina.core.ApplicationFilterChain.internalDoFilter(ApplicationFilterChain.java:164)
	at org.apache.catalina.core.ApplicationFilterChain.doFilter(ApplicationFilterChain.java:140)
	at org.springframework.web.filter.RequestContextFilter.doFilterInternal(RequestContextFilter.java:100)
	at org.springframework.web.filter.OncePerRequestFilter.doFilter(OncePerRequestFilter.java:116)
	at org.apache.catalina.core.ApplicationFilterChain.internalDoFilter(ApplicationFilterChain.java:164)
	at org.apache.catalina.core.ApplicationFilterChain.doFilter(ApplicationFilterChain.java:140)
	at org.springframework.web.filter.FormContentFilter.doFilterInternal(FormContentFilter.java:93)
	at org.springframework.web.filter.OncePerRequestFilter.doFilter(OncePerRequestFilter.java:116)
	at org.apache.catalina.core.ApplicationFilterChain.internalDoFilter(ApplicationFilterChain.java:164)
	at org.apache.catalina.core.ApplicationFilterChain.doFilter(ApplicationFilterChain.java:140)
	at org.springframework.web.filter.ServerHttpObservationFilter.doFilterInternal(ServerHttpObservationFilter.java:114)
	at org.springframework.web.filter.OncePerRequestFilter.doFilter(OncePerRequestFilter.java:116)
	at org.apache.catalina.core.ApplicationFilterChain.internalDoFilter(ApplicationFilterChain.java:164)
	at org.apache.catalina.core.ApplicationFilterChain.doFilter(ApplicationFilterChain.java:140)
	at org.springframework.web.filter.CharacterEncodingFilter.doFilterInternal(CharacterEncodingFilter.java:201)
	at org.springframework.web.filter.OncePerRequestFilter.doFilter(OncePerRequestFilter.java:116)
	at org.apache.catalina.core.ApplicationFilterChain.internalDoFilter(ApplicationFilterChain.java:164)
	at org.apache.catalina.core.ApplicationFilterChain.doFilter(ApplicationFilterChain.java:140)
	at org.apache.catalina.core.StandardWrapperValve.invoke(StandardWrapperValve.java:167)
	at org.apache.catalina.core.StandardContextValve.invoke(StandardContextValve.java:90)
	at org.apache.catalina.authenticator.AuthenticatorBase.invoke(AuthenticatorBase.java:483)
	at org.apache.catalina.core.StandardHostValve.invoke(StandardHostValve.java:115)
	at org.apache.catalina.valves.ErrorReportValve.invoke(ErrorReportValve.java:93)
	at org.apache.catalina.core.StandardEngineValve.invoke(StandardEngineValve.java:74)
	at org.apache.catalina.connector.CoyoteAdapter.service(CoyoteAdapter.java:344)
	at org.apache.coyote.http11.Http11Processor.service(Http11Processor.java:397)
	at org.apache.coyote.AbstractProcessorLight.process(AbstractProcessorLight.java:63)
	at org.apache.coyote.AbstractProtocol$ConnectionHandler.process(AbstractProtocol.java:905)
	at org.apache.tomcat.util.net.NioEndpoint$SocketProcessor.doRun(NioEndpoint.java:1741)
	at org.apache.tomcat.util.net.SocketProcessorBase.run(SocketProcessorBase.java:52)
	at org.apache.tomcat.util.threads.ThreadPoolExecutor.runWorker(ThreadPoolExecutor.java:1190)
	at org.apache.tomcat.util.threads.ThreadPoolExecutor$Worker.run(ThreadPoolExecutor.java:659)
	at org.apache.tomcat.util.threads.TaskThread$WrappingRunnable.run(TaskThread.java:63)
	at java.base/java.lang.Thread.run(Thread.java:840)
26-06-15 17:25:35.309 [http-nio-8080-exec-6] [32mTRACE[0;39m o.s.s.w.h.writers.HstsHeaderWriter   [ |  | ] - Not injecting HSTS header since it did not match request to [Is Secure]
26-06-15 17:26:51.557 [http-nio-8080-exec-8] [32mTRACE[0;39m o.s.security.web.FilterChainProxy    [ |  | ] - Trying to match request against DefaultSecurityFilterChain defined as 'filterChain' in [class path resource [com/sprint/mission/discodeit/config/SecurityConfig.class]] matching [any request] and having filters [DisableEncodeUrl, WebAsyncManagerIntegration, SecurityContextHolder, HeaderWriter, Csrf, Logout, JwtAuthentication, UsernamePasswordAuthentication, RequestCacheAware, SecurityContextHolderAwareRequest, AnonymousAuthentication, SessionManagement, ExceptionTranslation, Authorization] (1/1)
26-06-15 17:26:51.559 [http-nio-8080-exec-8] [32mDEBUG[0;39m o.s.security.web.FilterChainProxy    [ |  | ] - Securing POST /api/auth/login
26-06-15 17:26:51.559 [http-nio-8080-exec-8] [32mTRACE[0;39m o.s.security.web.FilterChainProxy    [ |  | ] - Invoking DisableEncodeUrlFilter (1/14)
26-06-15 17:26:51.561 [http-nio-8080-exec-8] [32mTRACE[0;39m o.s.security.web.FilterChainProxy    [ |  | ] - Invoking WebAsyncManagerIntegrationFilter (2/14)
26-06-15 17:26:51.561 [http-nio-8080-exec-8] [32mTRACE[0;39m o.s.security.web.FilterChainProxy    [ |  | ] - Invoking SecurityContextHolderFilter (3/14)
26-06-15 17:26:51.561 [http-nio-8080-exec-8] [32mTRACE[0;39m o.s.security.web.FilterChainProxy    [ |  | ] - Invoking HeaderWriterFilter (4/14)
26-06-15 17:26:51.562 [http-nio-8080-exec-8] [32mTRACE[0;39m o.s.security.web.FilterChainProxy    [ |  | ] - Invoking CsrfFilter (5/14)
26-06-15 17:26:51.563 [http-nio-8080-exec-8] [32mTRACE[0;39m o.s.security.web.FilterChainProxy    [ |  | ] - Invoking LogoutFilter (6/14)
26-06-15 17:26:51.563 [http-nio-8080-exec-8] [32mTRACE[0;39m o.s.s.w.a.logout.LogoutFilter        [ |  | ] - Did not match request to Ant [pattern='/api/auth/logout', POST]
26-06-15 17:26:51.563 [http-nio-8080-exec-8] [32mTRACE[0;39m o.s.security.web.FilterChainProxy    [ |  | ] - Invoking JwtAuthenticationFilter (7/14)
26-06-15 17:26:51.563 [http-nio-8080-exec-8] [32mTRACE[0;39m o.s.security.web.FilterChainProxy    [ |  | ] - Invoking UsernamePasswordAuthenticationFilter (8/14)
26-06-15 17:26:51.585 [http-nio-8080-exec-8] [32mTRACE[0;39m o.s.s.authentication.ProviderManager [ |  | ] - Authenticating request with DaoAuthenticationProvider (1/1)
26-06-15 17:26:51.648 [http-nio-8080-exec-8] [32mDEBUG[0;39m org.hibernate.SQL                    [ |  | ] - 
    select
        u1_0.id,
        u1_0.created_at,
        u1_0.email,
        u1_0.password,
        u1_0.profile_id,
        u1_0.role,
        u1_0.updated_at,
        u1_0.username 
    from
        users u1_0 
    where
        u1_0.username=?
26-06-15 17:26:51.649 [http-nio-8080-exec-8] [32mTRACE[0;39m org.hibernate.orm.jdbc.bind          [ |  | ] - binding parameter (1:VARCHAR) <- [admin]
26-06-15 17:26:51.945 [http-nio-8080-exec-8] [32mDEBUG[0;39m o.s.s.a.d.DaoAuthenticationProvider  [ |  | ] - Authenticated user
26-06-15 17:26:51.961 [http-nio-8080-exec-8] [32mTRACE[0;39m o.s.s.w.a.s.CompositeSessionAuthenticationStrategy [ |  | ] - Preparing session with ChangeSessionIdAuthenticationStrategy (1/2)
26-06-15 17:26:51.961 [http-nio-8080-exec-8] [32mTRACE[0;39m o.s.s.w.a.s.CompositeSessionAuthenticationStrategy [ |  | ] - Preparing session with CsrfAuthenticationStrategy (2/2)
26-06-15 17:26:51.989 [http-nio-8080-exec-8] [32mDEBUG[0;39m o.s.s.w.c.CsrfAuthenticationStrategy [ |  | ] - Replaced CSRF Token
26-06-15 17:26:52.023 [http-nio-8080-exec-8] [32mDEBUG[0;39m o.s.s.w.a.UsernamePasswordAuthenticationFilter [ |  | ] - Set SecurityContextHolder to UsernamePasswordAuthenticationToken [Principal=com.sprint.mission.discodeit.security.DiscodeitUserDetails@70e5fad, Credentials=[PROTECTED], Authenticated=true, Details=WebAuthenticationDetails [RemoteIpAddress=0:0:0:0:0:0:0:1, SessionId=null], Granted Authorities=[ROLE_ADMIN]]
26-06-15 17:26:52.365 [http-nio-8080-exec-8] [32mDEBUG[0;39m c.s.m.d.s.jwt.JwtTokenProvider       [ |  | ] - Generated access token for user: admin
26-06-15 17:26:52.368 [http-nio-8080-exec-8] [32mDEBUG[0;39m c.s.m.d.s.jwt.JwtTokenProvider       [ |  | ] - Generated refresh token for user: admin
26-06-15 17:26:52.401 [http-nio-8080-exec-8] [32mINFO [0;39m c.s.m.d.s.jwt.JwtLoginSuccessHandler [ |  | ] - JWT access and refresh tokens issued for user: admin
26-06-15 17:26:52.402 [http-nio-8080-exec-8] [32mTRACE[0;39m o.s.s.w.h.writers.HstsHeaderWriter   [ |  | ] - Not injecting HSTS header since it did not match request to [Is Secure]
26-06-15 17:27:31.580 [http-nio-8080-exec-9] [32mTRACE[0;39m o.s.security.web.FilterChainProxy    [ |  | ] - Trying to match request against DefaultSecurityFilterChain defined as 'filterChain' in [class path resource [com/sprint/mission/discodeit/config/SecurityConfig.class]] matching [any request] and having filters [DisableEncodeUrl, WebAsyncManagerIntegration, SecurityContextHolder, HeaderWriter, Csrf, Logout, JwtAuthentication, UsernamePasswordAuthentication, RequestCacheAware, SecurityContextHolderAwareRequest, AnonymousAuthentication, SessionManagement, ExceptionTranslation, Authorization] (1/1)
26-06-15 17:27:31.587 [http-nio-8080-exec-9] [32mDEBUG[0;39m o.s.security.web.FilterChainProxy    [ |  | ] - Securing POST /api/channels
26-06-15 17:27:31.588 [http-nio-8080-exec-9] [32mTRACE[0;39m o.s.security.web.FilterChainProxy    [ |  | ] - Invoking DisableEncodeUrlFilter (1/14)
26-06-15 17:27:31.588 [http-nio-8080-exec-9] [32mTRACE[0;39m o.s.security.web.FilterChainProxy    [ |  | ] - Invoking WebAsyncManagerIntegrationFilter (2/14)
26-06-15 17:27:31.588 [http-nio-8080-exec-9] [32mTRACE[0;39m o.s.security.web.FilterChainProxy    [ |  | ] - Invoking SecurityContextHolderFilter (3/14)
26-06-15 17:27:31.589 [http-nio-8080-exec-9] [32mTRACE[0;39m o.s.security.web.FilterChainProxy    [ |  | ] - Invoking HeaderWriterFilter (4/14)
26-06-15 17:27:31.589 [http-nio-8080-exec-9] [32mTRACE[0;39m o.s.security.web.FilterChainProxy    [ |  | ] - Invoking CsrfFilter (5/14)
26-06-15 17:27:31.594 [http-nio-8080-exec-9] [32mDEBUG[0;39m o.s.security.web.csrf.CsrfFilter     [ |  | ] - Invalid CSRF token found for http://localhost:8080/api/channels
26-06-15 17:27:31.603 [http-nio-8080-exec-9] [32mTRACE[0;39m o.s.s.w.h.writers.HstsHeaderWriter   [ |  | ] - Not injecting HSTS header since it did not match request to [Is Secure]
26-06-15 17:28:47.582 [http-nio-8080-exec-1] [32mTRACE[0;39m o.s.security.web.FilterChainProxy    [ |  | ] - Trying to match request against DefaultSecurityFilterChain defined as 'filterChain' in [class path resource [com/sprint/mission/discodeit/config/SecurityConfig.class]] matching [any request] and having filters [DisableEncodeUrl, WebAsyncManagerIntegration, SecurityContextHolder, HeaderWriter, Csrf, Logout, JwtAuthentication, UsernamePasswordAuthentication, RequestCacheAware, SecurityContextHolderAwareRequest, AnonymousAuthentication, SessionManagement, ExceptionTranslation, Authorization] (1/1)
26-06-15 17:28:47.592 [http-nio-8080-exec-1] [32mDEBUG[0;39m o.s.security.web.FilterChainProxy    [ |  | ] - Securing POST /api/channels
26-06-15 17:28:47.593 [http-nio-8080-exec-1] [32mTRACE[0;39m o.s.security.web.FilterChainProxy    [ |  | ] - Invoking DisableEncodeUrlFilter (1/14)
26-06-15 17:28:47.596 [http-nio-8080-exec-1] [32mTRACE[0;39m o.s.security.web.FilterChainProxy    [ |  | ] - Invoking WebAsyncManagerIntegrationFilter (2/14)
26-06-15 17:28:47.597 [http-nio-8080-exec-1] [32mTRACE[0;39m o.s.security.web.FilterChainProxy    [ |  | ] - Invoking SecurityContextHolderFilter (3/14)
26-06-15 17:28:47.600 [http-nio-8080-exec-1] [32mTRACE[0;39m o.s.security.web.FilterChainProxy    [ |  | ] - Invoking HeaderWriterFilter (4/14)
26-06-15 17:28:47.602 [http-nio-8080-exec-1] [32mTRACE[0;39m o.s.security.web.FilterChainProxy    [ |  | ] - Invoking CsrfFilter (5/14)
26-06-15 17:28:47.606 [http-nio-8080-exec-1] [32mDEBUG[0;39m o.s.security.web.csrf.CsrfFilter     [ |  | ] - Invalid CSRF token found for http://localhost:8080/api/channels
26-06-15 17:28:47.615 [http-nio-8080-exec-1] [32mTRACE[0;39m o.s.s.w.h.writers.HstsHeaderWriter   [ |  | ] - Not injecting HSTS header since it did not match request to [Is Secure]
26-06-15 17:30:47.547 [http-nio-8080-exec-5] [32mTRACE[0;39m o.s.security.web.FilterChainProxy    [ |  | ] - Trying to match request against DefaultSecurityFilterChain defined as 'filterChain' in [class path resource [com/sprint/mission/discodeit/config/SecurityConfig.class]] matching [any request] and having filters [DisableEncodeUrl, WebAsyncManagerIntegration, SecurityContextHolder, HeaderWriter, Csrf, Logout, JwtAuthentication, UsernamePasswordAuthentication, RequestCacheAware, SecurityContextHolderAwareRequest, AnonymousAuthentication, SessionManagement, ExceptionTranslation, Authorization] (1/1)
26-06-15 17:30:47.554 [http-nio-8080-exec-5] [32mDEBUG[0;39m o.s.security.web.FilterChainProxy    [ |  | ] - Securing POST /api/channels
26-06-15 17:30:47.556 [http-nio-8080-exec-5] [32mTRACE[0;39m o.s.security.web.FilterChainProxy    [ |  | ] - Invoking DisableEncodeUrlFilter (1/14)
26-06-15 17:30:47.558 [http-nio-8080-exec-5] [32mTRACE[0;39m o.s.security.web.FilterChainProxy    [ |  | ] - Invoking WebAsyncManagerIntegrationFilter (2/14)
26-06-15 17:30:47.559 [http-nio-8080-exec-5] [32mTRACE[0;39m o.s.security.web.FilterChainProxy    [ |  | ] - Invoking SecurityContextHolderFilter (3/14)
26-06-15 17:30:47.561 [http-nio-8080-exec-5] [32mTRACE[0;39m o.s.security.web.FilterChainProxy    [ |  | ] - Invoking HeaderWriterFilter (4/14)
26-06-15 17:30:47.561 [http-nio-8080-exec-5] [32mTRACE[0;39m o.s.security.web.FilterChainProxy    [ |  | ] - Invoking CsrfFilter (5/14)
26-06-15 17:30:47.566 [http-nio-8080-exec-5] [32mTRACE[0;39m o.s.security.web.FilterChainProxy    [ |  | ] - Invoking LogoutFilter (6/14)
26-06-15 17:30:47.567 [http-nio-8080-exec-5] [32mTRACE[0;39m o.s.s.w.a.logout.LogoutFilter        [ |  | ] - Did not match request to Ant [pattern='/api/auth/logout', POST]
26-06-15 17:30:47.568 [http-nio-8080-exec-5] [32mTRACE[0;39m o.s.security.web.FilterChainProxy    [ |  | ] - Invoking JwtAuthenticationFilter (7/14)
26-06-15 17:30:47.642 [http-nio-8080-exec-5] [32mDEBUG[0;39m org.hibernate.SQL                    [ |  | ] - 
    select
        u1_0.id,
        u1_0.created_at,
        u1_0.email,
        u1_0.password,
        u1_0.profile_id,
        u1_0.role,
        u1_0.updated_at,
        u1_0.username 
    from
        users u1_0 
    where
        u1_0.username=?
26-06-15 17:30:47.643 [http-nio-8080-exec-5] [32mTRACE[0;39m org.hibernate.orm.jdbc.bind          [ |  | ] - binding parameter (1:VARCHAR) <- [admin]
26-06-15 17:30:47.684 [http-nio-8080-exec-5] [32mTRACE[0;39m o.s.s.w.c.SupplierDeferredSecurityContext [ |  | ] - Created SecurityContextImpl [Null authentication]
26-06-15 17:30:47.687 [http-nio-8080-exec-5] [32mDEBUG[0;39m c.s.m.d.s.j.JwtAuthenticationFilter  [ |  | ] - Set authentication for user: admin
26-06-15 17:30:47.688 [http-nio-8080-exec-5] [32mTRACE[0;39m o.s.security.web.FilterChainProxy    [ |  | ] - Invoking UsernamePasswordAuthenticationFilter (8/14)
26-06-15 17:30:47.688 [http-nio-8080-exec-5] [32mTRACE[0;39m o.s.s.w.a.UsernamePasswordAuthenticationFilter [ |  | ] - Did not match request to Ant [pattern='/api/auth/login', POST]
26-06-15 17:30:47.689 [http-nio-8080-exec-5] [32mTRACE[0;39m o.s.security.web.FilterChainProxy    [ |  | ] - Invoking RequestCacheAwareFilter (9/14)
26-06-15 17:30:47.689 [http-nio-8080-exec-5] [32mTRACE[0;39m o.s.security.web.FilterChainProxy    [ |  | ] - Invoking SecurityContextHolderAwareRequestFilter (10/14)
26-06-15 17:30:47.690 [http-nio-8080-exec-5] [32mTRACE[0;39m o.s.security.web.FilterChainProxy    [ |  | ] - Invoking AnonymousAuthenticationFilter (11/14)
26-06-15 17:30:47.690 [http-nio-8080-exec-5] [32mTRACE[0;39m o.s.security.web.FilterChainProxy    [ |  | ] - Invoking SessionManagementFilter (12/14)
26-06-15 17:30:47.717 [http-nio-8080-exec-5] [32mTRACE[0;39m o.s.s.w.a.AnonymousAuthenticationFilter [ |  | ] - Did not set SecurityContextHolder since already authenticated UsernamePasswordAuthenticationToken [Principal=com.sprint.mission.discodeit.security.DiscodeitUserDetails@70e5ef3, Credentials=[PROTECTED], Authenticated=true, Details=WebAuthenticationDetails [RemoteIpAddress=0:0:0:0:0:0:0:1, SessionId=null], Granted Authorities=[ROLE_ADMIN]]
26-06-15 17:30:47.719 [http-nio-8080-exec-5] [32mTRACE[0;39m o.s.s.w.a.s.CompositeSessionAuthenticationStrategy [ |  | ] - Preparing session with ChangeSessionIdAuthenticationStrategy (1/2)
26-06-15 17:30:47.719 [http-nio-8080-exec-5] [32mTRACE[0;39m o.s.s.w.a.s.CompositeSessionAuthenticationStrategy [ |  | ] - Preparing session with CsrfAuthenticationStrategy (2/2)
26-06-15 17:30:47.723 [http-nio-8080-exec-5] [32mDEBUG[0;39m o.s.s.w.c.CsrfAuthenticationStrategy [ |  | ] - Replaced CSRF Token
26-06-15 17:30:47.723 [http-nio-8080-exec-5] [32mTRACE[0;39m o.s.security.web.FilterChainProxy    [ |  | ] - Invoking ExceptionTranslationFilter (13/14)
26-06-15 17:30:47.723 [http-nio-8080-exec-5] [32mTRACE[0;39m o.s.security.web.FilterChainProxy    [ |  | ] - Invoking AuthorizationFilter (14/14)
26-06-15 17:30:47.724 [http-nio-8080-exec-5] [32mTRACE[0;39m o.s.s.w.a.i.RequestMatcherDelegatingAuthorizationManager [ |  | ] - Authorizing POST /api/channels
26-06-15 17:30:47.725 [http-nio-8080-exec-5] [32mTRACE[0;39m o.s.s.w.a.i.RequestMatcherDelegatingAuthorizationManager [ |  | ] - Checking authorization on POST /api/channels using org.springframework.security.authorization.AuthenticatedAuthorizationManager@4c7cb448
26-06-15 17:30:47.727 [http-nio-8080-exec-5] [32mDEBUG[0;39m o.s.security.web.FilterChainProxy    [ |  | ] - Secured POST /api/channels
26-06-15 17:30:47.737 [http-nio-8080-exec-5] [31mERROR[0;39m c.s.m.d.e.GlobalExceptionHandler     [ |  | ] - 예상치 못한 오류 발생: Request method 'POST' is not supported
org.springframework.web.HttpRequestMethodNotSupportedException: Request method 'POST' is not supported
	at org.springframework.web.servlet.mvc.method.RequestMappingInfoHandlerMapping.handleNoMatch(RequestMappingInfoHandlerMapping.java:267)
	at org.springframework.web.servlet.handler.AbstractHandlerMethodMapping.lookupHandlerMethod(AbstractHandlerMethodMapping.java:441)
	at org.springframework.web.servlet.handler.AbstractHandlerMethodMapping.getHandlerInternal(AbstractHandlerMethodMapping.java:382)
	at org.springframework.web.servlet.mvc.method.RequestMappingInfoHandlerMapping.getHandlerInternal(RequestMappingInfoHandlerMapping.java:127)
	at org.springframework.web.servlet.mvc.method.RequestMappingInfoHandlerMapping.getHandlerInternal(RequestMappingInfoHandlerMapping.java:68)
	at org.springframework.web.servlet.handler.AbstractHandlerMapping.getHandler(AbstractHandlerMapping.java:509)
	at org.springframework.web.servlet.DispatcherServlet.getHandler(DispatcherServlet.java:1283)
	at org.springframework.web.servlet.DispatcherServlet.doDispatch(DispatcherServlet.java:1064)
	at org.springframework.web.servlet.DispatcherServlet.doService(DispatcherServlet.java:978)
	at org.springframework.web.servlet.FrameworkServlet.processRequest(FrameworkServlet.java:1014)
	at org.springframework.web.servlet.FrameworkServlet.doPost(FrameworkServlet.java:914)
	at jakarta.servlet.http.HttpServlet.service(HttpServlet.java:590)
	at org.springframework.web.servlet.FrameworkServlet.service(FrameworkServlet.java:885)
	at jakarta.servlet.http.HttpServlet.service(HttpServlet.java:658)
	at org.apache.catalina.core.ApplicationFilterChain.internalDoFilter(ApplicationFilterChain.java:195)
	at org.apache.catalina.core.ApplicationFilterChain.doFilter(ApplicationFilterChain.java:140)
	at org.apache.tomcat.websocket.server.WsFilter.doFilter(WsFilter.java:51)
	at org.apache.catalina.core.ApplicationFilterChain.internalDoFilter(ApplicationFilterChain.java:164)
	at org.apache.catalina.core.ApplicationFilterChain.doFilter(ApplicationFilterChain.java:140)
	at org.springframework.web.filter.OncePerRequestFilter.doFilter(OncePerRequestFilter.java:110)
	at org.apache.catalina.core.ApplicationFilterChain.internalDoFilter(ApplicationFilterChain.java:164)
	at org.apache.catalina.core.ApplicationFilterChain.doFilter(ApplicationFilterChain.java:140)
	at org.springframework.web.filter.CompositeFilter$VirtualFilterChain.doFilter(CompositeFilter.java:108)
	at org.springframework.security.web.FilterChainProxy.lambda$doFilterInternal$3(FilterChainProxy.java:231)
	at org.springframework.security.web.ObservationFilterChainDecorator$FilterObservation$SimpleFilterObservation.lambda$wrap$1(ObservationFilterChainDecorator.java:479)
	at org.springframework.security.web.ObservationFilterChainDecorator$AroundFilterObservation$SimpleAroundFilterObservation.lambda$wrap$1(ObservationFilterChainDecorator.java:340)
	at org.springframework.security.web.ObservationFilterChainDecorator.lambda$wrapSecured$0(ObservationFilterChainDecorator.java:82)
	at org.springframework.security.web.ObservationFilterChainDecorator$VirtualFilterChain.doFilter(ObservationFilterChainDecorator.java:128)
	at org.springframework.security.web.access.intercept.AuthorizationFilter.doFilter(AuthorizationFilter.java:101)
	at org.springframework.security.web.ObservationFilterChainDecorator$ObservationFilter.wrapFilter(ObservationFilterChainDecorator.java:240)
	at org.springframework.security.web.ObservationFilterChainDecorator$ObservationFilter.doFilter(ObservationFilterChainDecorator.java:227)
	at org.springframework.security.web.ObservationFilterChainDecorator$VirtualFilterChain.doFilter(ObservationFilterChainDecorator.java:137)
	at org.springframework.security.web.access.ExceptionTranslationFilter.doFilter(ExceptionTranslationFilter.java:126)
	at org.springframework.security.web.access.ExceptionTranslationFilter.doFilter(ExceptionTranslationFilter.java:120)
	at org.springframework.security.web.ObservationFilterChainDecorator$ObservationFilter.wrapFilter(ObservationFilterChainDecorator.java:240)
	at org.springframework.security.web.ObservationFilterChainDecorator$ObservationFilter.doFilter(ObservationFilterChainDecorator.java:227)
	at org.springframework.security.web.ObservationFilterChainDecorator$VirtualFilterChain.doFilter(ObservationFilterChainDecorator.java:137)
	at org.springframework.security.web.session.SessionManagementFilter.doFilter(SessionManagementFilter.java:131)
	at org.springframework.security.web.session.SessionManagementFilter.doFilter(SessionManagementFilter.java:85)
	at org.springframework.security.web.ObservationFilterChainDecorator$ObservationFilter.wrapFilter(ObservationFilterChainDecorator.java:240)
	at org.springframework.security.web.ObservationFilterChainDecorator$ObservationFilter.doFilter(ObservationFilterChainDecorator.java:227)
	at org.springframework.security.web.ObservationFilterChainDecorator$VirtualFilterChain.doFilter(ObservationFilterChainDecorator.java:137)
	at org.springframework.security.web.authentication.AnonymousAuthenticationFilter.doFilter(AnonymousAuthenticationFilter.java:100)
	at org.springframework.security.web.ObservationFilterChainDecorator$ObservationFilter.wrapFilter(ObservationFilterChainDecorator.java:240)
	at org.springframework.security.web.ObservationFilterChainDecorator$ObservationFilter.doFilter(ObservationFilterChainDecorator.java:227)
	at org.springframework.security.web.ObservationFilterChainDecorator$VirtualFilterChain.doFilter(ObservationFilterChainDecorator.java:137)
	at org.springframework.security.web.servletapi.SecurityContextHolderAwareRequestFilter.doFilter(SecurityContextHolderAwareRequestFilter.java:179)
	at org.springframework.security.web.ObservationFilterChainDecorator$ObservationFilter.wrapFilter(ObservationFilterChainDecorator.java:240)
	at org.springframework.security.web.ObservationFilterChainDecorator$ObservationFilter.doFilter(ObservationFilterChainDecorator.java:227)
	at org.springframework.security.web.ObservationFilterChainDecorator$VirtualFilterChain.doFilter(ObservationFilterChainDecorator.java:137)
	at org.springframework.security.web.savedrequest.RequestCacheAwareFilter.doFilter(RequestCacheAwareFilter.java:63)
	at org.springframework.security.web.ObservationFilterChainDecorator$ObservationFilter.wrapFilter(ObservationFilterChainDecorator.java:240)
	at org.springframework.security.web.ObservationFilterChainDecorator$ObservationFilter.doFilter(ObservationFilterChainDecorator.java:227)
	at org.springframework.security.web.ObservationFilterChainDecorator$VirtualFilterChain.doFilter(ObservationFilterChainDecorator.java:137)
	at org.springframework.security.web.authentication.AbstractAuthenticationProcessingFilter.doFilter(AbstractAuthenticationProcessingFilter.java:227)
	at org.springframework.security.web.authentication.AbstractAuthenticationProcessingFilter.doFilter(AbstractAuthenticationProcessingFilter.java:221)
	at org.springframework.security.web.ObservationFilterChainDecorator$ObservationFilter.wrapFilter(ObservationFilterChainDecorator.java:240)
	at org.springframework.security.web.ObservationFilterChainDecorator$ObservationFilter.doFilter(ObservationFilterChainDecorator.java:227)
	at org.springframework.security.web.ObservationFilterChainDecorator$VirtualFilterChain.doFilter(ObservationFilterChainDecorator.java:137)
	at com.sprint.mission.discodeit.security.jwt.JwtAuthenticationFilter.doFilterInternal(JwtAuthenticationFilter.java:72)
	at org.springframework.web.filter.OncePerRequestFilter.doFilter(OncePerRequestFilter.java:116)
	at org.springframework.security.web.ObservationFilterChainDecorator$ObservationFilter.wrapFilter(ObservationFilterChainDecorator.java:240)
	at org.springframework.security.web.ObservationFilterChainDecorator$ObservationFilter.doFilter(ObservationFilterChainDecorator.java:227)
	at org.springframework.security.web.ObservationFilterChainDecorator$VirtualFilterChain.doFilter(ObservationFilterChainDecorator.java:137)
	at org.springframework.security.web.authentication.logout.LogoutFilter.doFilter(LogoutFilter.java:107)
	at org.springframework.security.web.authentication.logout.LogoutFilter.doFilter(LogoutFilter.java:93)
	at org.springframework.security.web.ObservationFilterChainDecorator$ObservationFilter.wrapFilter(ObservationFilterChainDecorator.java:240)
	at org.springframework.security.web.ObservationFilterChainDecorator$ObservationFilter.doFilter(ObservationFilterChainDecorator.java:227)
	at org.springframework.security.web.ObservationFilterChainDecorator$VirtualFilterChain.doFilter(ObservationFilterChainDecorator.java:137)
	at org.springframework.security.web.csrf.CsrfFilter.doFilterInternal(CsrfFilter.java:131)
	at org.springframework.web.filter.OncePerRequestFilter.doFilter(OncePerRequestFilter.java:116)
	at org.springframework.security.web.ObservationFilterChainDecorator$ObservationFilter.wrapFilter(ObservationFilterChainDecorator.java:240)
	at org.springframework.security.web.ObservationFilterChainDecorator$ObservationFilter.doFilter(ObservationFilterChainDecorator.java:227)
	at org.springframework.security.web.ObservationFilterChainDecorator$VirtualFilterChain.doFilter(ObservationFilterChainDecorator.java:137)
	at org.springframework.security.web.header.HeaderWriterFilter.doHeadersAfter(HeaderWriterFilter.java:90)
	at org.springframework.security.web.header.HeaderWriterFilter.doFilterInternal(HeaderWriterFilter.java:75)
	at org.springframework.web.filter.OncePerRequestFilter.doFilter(OncePerRequestFilter.java:116)
	at org.springframework.security.web.ObservationFilterChainDecorator$ObservationFilter.wrapFilter(ObservationFilterChainDecorator.java:240)
	at org.springframework.security.web.ObservationFilterChainDecorator$ObservationFilter.doFilter(ObservationFilterChainDecorator.java:227)
	at org.springframework.security.web.ObservationFilterChainDecorator$VirtualFilterChain.doFilter(ObservationFilterChainDecorator.java:137)
	at org.springframework.security.web.context.SecurityContextHolderFilter.doFilter(SecurityContextHolderFilter.java:82)
	at org.springframework.security.web.context.SecurityContextHolderFilter.doFilter(SecurityContextHolderFilter.java:69)
	at org.springframework.security.web.ObservationFilterChainDecorator$ObservationFilter.wrapFilter(ObservationFilterChainDecorator.java:240)
	at org.springframework.security.web.ObservationFilterChainDecorator$ObservationFilter.doFilter(ObservationFilterChainDecorator.java:227)
	at org.springframework.security.web.ObservationFilterChainDecorator$VirtualFilterChain.doFilter(ObservationFilterChainDecorator.java:137)
	at org.springframework.security.web.context.request.async.WebAsyncManagerIntegrationFilter.doFilterInternal(WebAsyncManagerIntegrationFilter.java:62)
	at org.springframework.web.filter.OncePerRequestFilter.doFilter(OncePerRequestFilter.java:116)
	at org.springframework.security.web.ObservationFilterChainDecorator$ObservationFilter.wrapFilter(ObservationFilterChainDecorator.java:240)
	at org.springframework.security.web.ObservationFilterChainDecorator$ObservationFilter.doFilter(ObservationFilterChainDecorator.java:227)
	at org.springframework.security.web.ObservationFilterChainDecorator$VirtualFilterChain.doFilter(ObservationFilterChainDecorator.java:137)
	at org.springframework.security.web.session.DisableEncodeUrlFilter.doFilterInternal(DisableEncodeUrlFilter.java:42)
	at org.springframework.web.filter.OncePerRequestFilter.doFilter(OncePerRequestFilter.java:116)
	at org.springframework.security.web.ObservationFilterChainDecorator$ObservationFilter.wrapFilter(ObservationFilterChainDecorator.java:240)
	at org.springframework.security.web.ObservationFilterChainDecorator$AroundFilterObservation$SimpleAroundFilterObservation.lambda$wrap$0(ObservationFilterChainDecorator.java:323)
	at org.springframework.security.web.ObservationFilterChainDecorator$ObservationFilter.doFilter(ObservationFilterChainDecorator.java:224)
	at org.springframework.security.web.ObservationFilterChainDecorator$VirtualFilterChain.doFilter(ObservationFilterChainDecorator.java:137)
	at org.springframework.security.web.FilterChainProxy.doFilterInternal(FilterChainProxy.java:233)
	at org.springframework.security.web.FilterChainProxy.doFilter(FilterChainProxy.java:191)
	at org.springframework.web.filter.CompositeFilter$VirtualFilterChain.doFilter(CompositeFilter.java:113)
	at org.springframework.web.servlet.handler.HandlerMappingIntrospector.lambda$createCacheFilter$3(HandlerMappingIntrospector.java:243)
	at org.springframework.web.filter.CompositeFilter$VirtualFilterChain.doFilter(CompositeFilter.java:113)
	at org.springframework.web.filter.CompositeFilter.doFilter(CompositeFilter.java:74)
	at org.springframework.security.config.annotation.web.configuration.WebMvcSecurityConfiguration$CompositeFilterChainProxy.doFilter(WebMvcSecurityConfiguration.java:238)
	at org.springframework.web.filter.DelegatingFilterProxy.invokeDelegate(DelegatingFilterProxy.java:362)
	at org.springframework.web.filter.DelegatingFilterProxy.doFilter(DelegatingFilterProxy.java:278)
	at org.apache.catalina.core.ApplicationFilterChain.internalDoFilter(ApplicationFilterChain.java:164)
	at org.apache.catalina.core.ApplicationFilterChain.doFilter(ApplicationFilterChain.java:140)
	at org.springframework.web.filter.RequestContextFilter.doFilterInternal(RequestContextFilter.java:100)
	at org.springframework.web.filter.OncePerRequestFilter.doFilter(OncePerRequestFilter.java:116)
	at org.apache.catalina.core.ApplicationFilterChain.internalDoFilter(ApplicationFilterChain.java:164)
	at org.apache.catalina.core.ApplicationFilterChain.doFilter(ApplicationFilterChain.java:140)
	at org.springframework.web.filter.FormContentFilter.doFilterInternal(FormContentFilter.java:93)
	at org.springframework.web.filter.OncePerRequestFilter.doFilter(OncePerRequestFilter.java:116)
	at org.apache.catalina.core.ApplicationFilterChain.internalDoFilter(ApplicationFilterChain.java:164)
	at org.apache.catalina.core.ApplicationFilterChain.doFilter(ApplicationFilterChain.java:140)
	at org.springframework.web.filter.ServerHttpObservationFilter.doFilterInternal(ServerHttpObservationFilter.java:114)
	at org.springframework.web.filter.OncePerRequestFilter.doFilter(OncePerRequestFilter.java:116)
	at org.apache.catalina.core.ApplicationFilterChain.internalDoFilter(ApplicationFilterChain.java:164)
	at org.apache.catalina.core.ApplicationFilterChain.doFilter(ApplicationFilterChain.java:140)
	at org.springframework.web.filter.CharacterEncodingFilter.doFilterInternal(CharacterEncodingFilter.java:201)
	at org.springframework.web.filter.OncePerRequestFilter.doFilter(OncePerRequestFilter.java:116)
	at org.apache.catalina.core.ApplicationFilterChain.internalDoFilter(ApplicationFilterChain.java:164)
	at org.apache.catalina.core.ApplicationFilterChain.doFilter(ApplicationFilterChain.java:140)
	at org.apache.catalina.core.StandardWrapperValve.invoke(StandardWrapperValve.java:167)
	at org.apache.catalina.core.StandardContextValve.invoke(StandardContextValve.java:90)
	at org.apache.catalina.authenticator.AuthenticatorBase.invoke(AuthenticatorBase.java:483)
	at org.apache.catalina.core.StandardHostValve.invoke(StandardHostValve.java:115)
	at org.apache.catalina.valves.ErrorReportValve.invoke(ErrorReportValve.java:93)
	at org.apache.catalina.core.StandardEngineValve.invoke(StandardEngineValve.java:74)
	at org.apache.catalina.connector.CoyoteAdapter.service(CoyoteAdapter.java:344)
	at org.apache.coyote.http11.Http11Processor.service(Http11Processor.java:397)
	at org.apache.coyote.AbstractProcessorLight.process(AbstractProcessorLight.java:63)
	at org.apache.coyote.AbstractProtocol$ConnectionHandler.process(AbstractProtocol.java:905)
	at org.apache.tomcat.util.net.NioEndpoint$SocketProcessor.doRun(NioEndpoint.java:1741)
	at org.apache.tomcat.util.net.SocketProcessorBase.run(SocketProcessorBase.java:52)
	at org.apache.tomcat.util.threads.ThreadPoolExecutor.runWorker(ThreadPoolExecutor.java:1190)
	at org.apache.tomcat.util.threads.ThreadPoolExecutor$Worker.run(ThreadPoolExecutor.java:659)
	at org.apache.tomcat.util.threads.TaskThread$WrappingRunnable.run(TaskThread.java:63)
	at java.base/java.lang.Thread.run(Thread.java:840)
26-06-15 17:30:47.782 [http-nio-8080-exec-5] [32mTRACE[0;39m o.s.s.w.h.writers.HstsHeaderWriter   [ |  | ] - Not injecting HSTS header since it did not match request to [Is Secure]
26-06-15 17:31:08.053 [http-nio-8080-exec-7] [32mTRACE[0;39m o.s.security.web.FilterChainProxy    [ |  | ] - Trying to match request against DefaultSecurityFilterChain defined as 'filterChain' in [class path resource [com/sprint/mission/discodeit/config/SecurityConfig.class]] matching [any request] and having filters [DisableEncodeUrl, WebAsyncManagerIntegration, SecurityContextHolder, HeaderWriter, Csrf, Logout, JwtAuthentication, UsernamePasswordAuthentication, RequestCacheAware, SecurityContextHolderAwareRequest, AnonymousAuthentication, SessionManagement, ExceptionTranslation, Authorization] (1/1)
26-06-15 17:31:08.055 [http-nio-8080-exec-7] [32mDEBUG[0;39m o.s.security.web.FilterChainProxy    [ |  | ] - Securing POST /api/channels
26-06-15 17:31:08.056 [http-nio-8080-exec-7] [32mTRACE[0;39m o.s.security.web.FilterChainProxy    [ |  | ] - Invoking DisableEncodeUrlFilter (1/14)
26-06-15 17:31:08.057 [http-nio-8080-exec-7] [32mTRACE[0;39m o.s.security.web.FilterChainProxy    [ |  | ] - Invoking WebAsyncManagerIntegrationFilter (2/14)
26-06-15 17:31:08.061 [http-nio-8080-exec-7] [32mTRACE[0;39m o.s.security.web.FilterChainProxy    [ |  | ] - Invoking SecurityContextHolderFilter (3/14)
26-06-15 17:31:08.062 [http-nio-8080-exec-7] [32mTRACE[0;39m o.s.security.web.FilterChainProxy    [ |  | ] - Invoking HeaderWriterFilter (4/14)
26-06-15 17:31:08.064 [http-nio-8080-exec-7] [32mTRACE[0;39m o.s.security.web.FilterChainProxy    [ |  | ] - Invoking CsrfFilter (5/14)
26-06-15 17:31:08.066 [http-nio-8080-exec-7] [32mTRACE[0;39m o.s.security.web.FilterChainProxy    [ |  | ] - Invoking LogoutFilter (6/14)
26-06-15 17:31:08.068 [http-nio-8080-exec-7] [32mTRACE[0;39m o.s.s.w.a.logout.LogoutFilter        [ |  | ] - Did not match request to Ant [pattern='/api/auth/logout', POST]
26-06-15 17:31:08.069 [http-nio-8080-exec-7] [32mTRACE[0;39m o.s.security.web.FilterChainProxy    [ |  | ] - Invoking JwtAuthenticationFilter (7/14)
26-06-15 17:31:08.186 [http-nio-8080-exec-7] [32mDEBUG[0;39m org.hibernate.SQL                    [ |  | ] - 
    select
        u1_0.id,
        u1_0.created_at,
        u1_0.email,
        u1_0.password,
        u1_0.profile_id,
        u1_0.role,
        u1_0.updated_at,
        u1_0.username 
    from
        users u1_0 
    where
        u1_0.username=?
26-06-15 17:31:08.188 [http-nio-8080-exec-7] [32mTRACE[0;39m org.hibernate.orm.jdbc.bind          [ |  | ] - binding parameter (1:VARCHAR) <- [admin]
26-06-15 17:31:08.272 [http-nio-8080-exec-7] [32mTRACE[0;39m o.s.s.w.c.SupplierDeferredSecurityContext [ |  | ] - Created SecurityContextImpl [Null authentication]
26-06-15 17:31:08.272 [http-nio-8080-exec-7] [32mDEBUG[0;39m c.s.m.d.s.j.JwtAuthenticationFilter  [ |  | ] - Set authentication for user: admin
26-06-15 17:31:08.272 [http-nio-8080-exec-7] [32mTRACE[0;39m o.s.security.web.FilterChainProxy    [ |  | ] - Invoking UsernamePasswordAuthenticationFilter (8/14)
26-06-15 17:31:08.273 [http-nio-8080-exec-7] [32mTRACE[0;39m o.s.s.w.a.UsernamePasswordAuthenticationFilter [ |  | ] - Did not match request to Ant [pattern='/api/auth/login', POST]
26-06-15 17:31:08.273 [http-nio-8080-exec-7] [32mTRACE[0;39m o.s.security.web.FilterChainProxy    [ |  | ] - Invoking RequestCacheAwareFilter (9/14)
26-06-15 17:31:08.273 [http-nio-8080-exec-7] [32mTRACE[0;39m o.s.security.web.FilterChainProxy    [ |  | ] - Invoking SecurityContextHolderAwareRequestFilter (10/14)
26-06-15 17:31:08.273 [http-nio-8080-exec-7] [32mTRACE[0;39m o.s.security.web.FilterChainProxy    [ |  | ] - Invoking AnonymousAuthenticationFilter (11/14)
26-06-15 17:31:08.273 [http-nio-8080-exec-7] [32mTRACE[0;39m o.s.security.web.FilterChainProxy    [ |  | ] - Invoking SessionManagementFilter (12/14)
26-06-15 17:31:08.276 [http-nio-8080-exec-7] [32mTRACE[0;39m o.s.s.w.a.AnonymousAuthenticationFilter [ |  | ] - Did not set SecurityContextHolder since already authenticated UsernamePasswordAuthenticationToken [Principal=com.sprint.mission.discodeit.security.DiscodeitUserDetails@70e5ef3, Credentials=[PROTECTED], Authenticated=true, Details=WebAuthenticationDetails [RemoteIpAddress=0:0:0:0:0:0:0:1, SessionId=null], Granted Authorities=[ROLE_ADMIN]]
26-06-15 17:31:08.277 [http-nio-8080-exec-7] [32mTRACE[0;39m o.s.s.w.a.s.CompositeSessionAuthenticationStrategy [ |  | ] - Preparing session with ChangeSessionIdAuthenticationStrategy (1/2)
26-06-15 17:31:08.278 [http-nio-8080-exec-7] [32mTRACE[0;39m o.s.s.w.a.s.CompositeSessionAuthenticationStrategy [ |  | ] - Preparing session with CsrfAuthenticationStrategy (2/2)
26-06-15 17:31:08.279 [http-nio-8080-exec-7] [32mDEBUG[0;39m o.s.s.w.c.CsrfAuthenticationStrategy [ |  | ] - Replaced CSRF Token
26-06-15 17:31:08.279 [http-nio-8080-exec-7] [32mTRACE[0;39m o.s.security.web.FilterChainProxy    [ |  | ] - Invoking ExceptionTranslationFilter (13/14)
26-06-15 17:31:08.279 [http-nio-8080-exec-7] [32mTRACE[0;39m o.s.security.web.FilterChainProxy    [ |  | ] - Invoking AuthorizationFilter (14/14)
26-06-15 17:31:08.279 [http-nio-8080-exec-7] [32mTRACE[0;39m o.s.s.w.a.i.RequestMatcherDelegatingAuthorizationManager [ |  | ] - Authorizing POST /api/channels
26-06-15 17:31:08.280 [http-nio-8080-exec-7] [32mTRACE[0;39m o.s.s.w.a.i.RequestMatcherDelegatingAuthorizationManager [ |  | ] - Checking authorization on POST /api/channels using org.springframework.security.authorization.AuthenticatedAuthorizationManager@4c7cb448
26-06-15 17:31:08.289 [http-nio-8080-exec-7] [32mDEBUG[0;39m o.s.security.web.FilterChainProxy    [ |  | ] - Secured POST /api/channels
26-06-15 17:31:08.325 [http-nio-8080-exec-7] [31mERROR[0;39m c.s.m.d.e.GlobalExceptionHandler     [ |  | ] - 예상치 못한 오류 발생: Request method 'POST' is not supported
org.springframework.web.HttpRequestMethodNotSupportedException: Request method 'POST' is not supported
	at org.springframework.web.servlet.mvc.method.RequestMappingInfoHandlerMapping.handleNoMatch(RequestMappingInfoHandlerMapping.java:267)
	at org.springframework.web.servlet.handler.AbstractHandlerMethodMapping.lookupHandlerMethod(AbstractHandlerMethodMapping.java:441)
	at org.springframework.web.servlet.handler.AbstractHandlerMethodMapping.getHandlerInternal(AbstractHandlerMethodMapping.java:382)
	at org.springframework.web.servlet.mvc.method.RequestMappingInfoHandlerMapping.getHandlerInternal(RequestMappingInfoHandlerMapping.java:127)
	at org.springframework.web.servlet.mvc.method.RequestMappingInfoHandlerMapping.getHandlerInternal(RequestMappingInfoHandlerMapping.java:68)
	at org.springframework.web.servlet.handler.AbstractHandlerMapping.getHandler(AbstractHandlerMapping.java:509)
	at org.springframework.web.servlet.DispatcherServlet.getHandler(DispatcherServlet.java:1283)
	at org.springframework.web.servlet.DispatcherServlet.doDispatch(DispatcherServlet.java:1064)
	at org.springframework.web.servlet.DispatcherServlet.doService(DispatcherServlet.java:978)
	at org.springframework.web.servlet.FrameworkServlet.processRequest(FrameworkServlet.java:1014)
	at org.springframework.web.servlet.FrameworkServlet.doPost(FrameworkServlet.java:914)
	at jakarta.servlet.http.HttpServlet.service(HttpServlet.java:590)
	at org.springframework.web.servlet.FrameworkServlet.service(FrameworkServlet.java:885)
	at jakarta.servlet.http.HttpServlet.service(HttpServlet.java:658)
	at org.apache.catalina.core.ApplicationFilterChain.internalDoFilter(ApplicationFilterChain.java:195)
	at org.apache.catalina.core.ApplicationFilterChain.doFilter(ApplicationFilterChain.java:140)
	at org.apache.tomcat.websocket.server.WsFilter.doFilter(WsFilter.java:51)
	at org.apache.catalina.core.ApplicationFilterChain.internalDoFilter(ApplicationFilterChain.java:164)
	at org.apache.catalina.core.ApplicationFilterChain.doFilter(ApplicationFilterChain.java:140)
	at org.springframework.web.filter.OncePerRequestFilter.doFilter(OncePerRequestFilter.java:110)
	at org.apache.catalina.core.ApplicationFilterChain.internalDoFilter(ApplicationFilterChain.java:164)
	at org.apache.catalina.core.ApplicationFilterChain.doFilter(ApplicationFilterChain.java:140)
	at org.springframework.web.filter.CompositeFilter$VirtualFilterChain.doFilter(CompositeFilter.java:108)
	at org.springframework.security.web.FilterChainProxy.lambda$doFilterInternal$3(FilterChainProxy.java:231)
	at org.springframework.security.web.ObservationFilterChainDecorator$FilterObservation$SimpleFilterObservation.lambda$wrap$1(ObservationFilterChainDecorator.java:479)
	at org.springframework.security.web.ObservationFilterChainDecorator$AroundFilterObservation$SimpleAroundFilterObservation.lambda$wrap$1(ObservationFilterChainDecorator.java:340)
	at org.springframework.security.web.ObservationFilterChainDecorator.lambda$wrapSecured$0(ObservationFilterChainDecorator.java:82)
	at org.springframework.security.web.ObservationFilterChainDecorator$VirtualFilterChain.doFilter(ObservationFilterChainDecorator.java:128)
	at org.springframework.security.web.access.intercept.AuthorizationFilter.doFilter(AuthorizationFilter.java:101)
	at org.springframework.security.web.ObservationFilterChainDecorator$ObservationFilter.wrapFilter(ObservationFilterChainDecorator.java:240)
	at org.springframework.security.web.ObservationFilterChainDecorator$ObservationFilter.doFilter(ObservationFilterChainDecorator.java:227)
	at org.springframework.security.web.ObservationFilterChainDecorator$VirtualFilterChain.doFilter(ObservationFilterChainDecorator.java:137)
	at org.springframework.security.web.access.ExceptionTranslationFilter.doFilter(ExceptionTranslationFilter.java:126)
	at org.springframework.security.web.access.ExceptionTranslationFilter.doFilter(ExceptionTranslationFilter.java:120)
	at org.springframework.security.web.ObservationFilterChainDecorator$ObservationFilter.wrapFilter(ObservationFilterChainDecorator.java:240)
	at org.springframework.security.web.ObservationFilterChainDecorator$ObservationFilter.doFilter(ObservationFilterChainDecorator.java:227)
	at org.springframework.security.web.ObservationFilterChainDecorator$VirtualFilterChain.doFilter(ObservationFilterChainDecorator.java:137)
	at org.springframework.security.web.session.SessionManagementFilter.doFilter(SessionManagementFilter.java:131)
	at org.springframework.security.web.session.SessionManagementFilter.doFilter(SessionManagementFilter.java:85)
	at org.springframework.security.web.ObservationFilterChainDecorator$ObservationFilter.wrapFilter(ObservationFilterChainDecorator.java:240)
	at org.springframework.security.web.ObservationFilterChainDecorator$ObservationFilter.doFilter(ObservationFilterChainDecorator.java:227)
	at org.springframework.security.web.ObservationFilterChainDecorator$VirtualFilterChain.doFilter(ObservationFilterChainDecorator.java:137)
	at org.springframework.security.web.authentication.AnonymousAuthenticationFilter.doFilter(AnonymousAuthenticationFilter.java:100)
	at org.springframework.security.web.ObservationFilterChainDecorator$ObservationFilter.wrapFilter(ObservationFilterChainDecorator.java:240)
	at org.springframework.security.web.ObservationFilterChainDecorator$ObservationFilter.doFilter(ObservationFilterChainDecorator.java:227)
	at org.springframework.security.web.ObservationFilterChainDecorator$VirtualFilterChain.doFilter(ObservationFilterChainDecorator.java:137)
	at org.springframework.security.web.servletapi.SecurityContextHolderAwareRequestFilter.doFilter(SecurityContextHolderAwareRequestFilter.java:179)
	at org.springframework.security.web.ObservationFilterChainDecorator$ObservationFilter.wrapFilter(ObservationFilterChainDecorator.java:240)
	at org.springframework.security.web.ObservationFilterChainDecorator$ObservationFilter.doFilter(ObservationFilterChainDecorator.java:227)
	at org.springframework.security.web.ObservationFilterChainDecorator$VirtualFilterChain.doFilter(ObservationFilterChainDecorator.java:137)
	at org.springframework.security.web.savedrequest.RequestCacheAwareFilter.doFilter(RequestCacheAwareFilter.java:63)
	at org.springframework.security.web.ObservationFilterChainDecorator$ObservationFilter.wrapFilter(ObservationFilterChainDecorator.java:240)
	at org.springframework.security.web.ObservationFilterChainDecorator$ObservationFilter.doFilter(ObservationFilterChainDecorator.java:227)
	at org.springframework.security.web.ObservationFilterChainDecorator$VirtualFilterChain.doFilter(ObservationFilterChainDecorator.java:137)
	at org.springframework.security.web.authentication.AbstractAuthenticationProcessingFilter.doFilter(AbstractAuthenticationProcessingFilter.java:227)
	at org.springframework.security.web.authentication.AbstractAuthenticationProcessingFilter.doFilter(AbstractAuthenticationProcessingFilter.java:221)
	at org.springframework.security.web.ObservationFilterChainDecorator$ObservationFilter.wrapFilter(ObservationFilterChainDecorator.java:240)
	at org.springframework.security.web.ObservationFilterChainDecorator$ObservationFilter.doFilter(ObservationFilterChainDecorator.java:227)
	at org.springframework.security.web.ObservationFilterChainDecorator$VirtualFilterChain.doFilter(ObservationFilterChainDecorator.java:137)
	at com.sprint.mission.discodeit.security.jwt.JwtAuthenticationFilter.doFilterInternal(JwtAuthenticationFilter.java:72)
	at org.springframework.web.filter.OncePerRequestFilter.doFilter(OncePerRequestFilter.java:116)
	at org.springframework.security.web.ObservationFilterChainDecorator$ObservationFilter.wrapFilter(ObservationFilterChainDecorator.java:240)
	at org.springframework.security.web.ObservationFilterChainDecorator$ObservationFilter.doFilter(ObservationFilterChainDecorator.java:227)
	at org.springframework.security.web.ObservationFilterChainDecorator$VirtualFilterChain.doFilter(ObservationFilterChainDecorator.java:137)
	at org.springframework.security.web.authentication.logout.LogoutFilter.doFilter(LogoutFilter.java:107)
	at org.springframework.security.web.authentication.logout.LogoutFilter.doFilter(LogoutFilter.java:93)
	at org.springframework.security.web.ObservationFilterChainDecorator$ObservationFilter.wrapFilter(ObservationFilterChainDecorator.java:240)
	at org.springframework.security.web.ObservationFilterChainDecorator$ObservationFilter.doFilter(ObservationFilterChainDecorator.java:227)
	at org.springframework.security.web.ObservationFilterChainDecorator$VirtualFilterChain.doFilter(ObservationFilterChainDecorator.java:137)
	at org.springframework.security.web.csrf.CsrfFilter.doFilterInternal(CsrfFilter.java:131)
	at org.springframework.web.filter.OncePerRequestFilter.doFilter(OncePerRequestFilter.java:116)
	at org.springframework.security.web.ObservationFilterChainDecorator$ObservationFilter.wrapFilter(ObservationFilterChainDecorator.java:240)
	at org.springframework.security.web.ObservationFilterChainDecorator$ObservationFilter.doFilter(ObservationFilterChainDecorator.java:227)
	at org.springframework.security.web.ObservationFilterChainDecorator$VirtualFilterChain.doFilter(ObservationFilterChainDecorator.java:137)
	at org.springframework.security.web.header.HeaderWriterFilter.doHeadersAfter(HeaderWriterFilter.java:90)
	at org.springframework.security.web.header.HeaderWriterFilter.doFilterInternal(HeaderWriterFilter.java:75)
	at org.springframework.web.filter.OncePerRequestFilter.doFilter(OncePerRequestFilter.java:116)
	at org.springframework.security.web.ObservationFilterChainDecorator$ObservationFilter.wrapFilter(ObservationFilterChainDecorator.java:240)
	at org.springframework.security.web.ObservationFilterChainDecorator$ObservationFilter.doFilter(ObservationFilterChainDecorator.java:227)
	at org.springframework.security.web.ObservationFilterChainDecorator$VirtualFilterChain.doFilter(ObservationFilterChainDecorator.java:137)
	at org.springframework.security.web.context.SecurityContextHolderFilter.doFilter(SecurityContextHolderFilter.java:82)
	at org.springframework.security.web.context.SecurityContextHolderFilter.doFilter(SecurityContextHolderFilter.java:69)
	at org.springframework.security.web.ObservationFilterChainDecorator$ObservationFilter.wrapFilter(ObservationFilterChainDecorator.java:240)
	at org.springframework.security.web.ObservationFilterChainDecorator$ObservationFilter.doFilter(ObservationFilterChainDecorator.java:227)
	at org.springframework.security.web.ObservationFilterChainDecorator$VirtualFilterChain.doFilter(ObservationFilterChainDecorator.java:137)
	at org.springframework.security.web.context.request.async.WebAsyncManagerIntegrationFilter.doFilterInternal(WebAsyncManagerIntegrationFilter.java:62)
	at org.springframework.web.filter.OncePerRequestFilter.doFilter(OncePerRequestFilter.java:116)
	at org.springframework.security.web.ObservationFilterChainDecorator$ObservationFilter.wrapFilter(ObservationFilterChainDecorator.java:240)
	at org.springframework.security.web.ObservationFilterChainDecorator$ObservationFilter.doFilter(ObservationFilterChainDecorator.java:227)
	at org.springframework.security.web.ObservationFilterChainDecorator$VirtualFilterChain.doFilter(ObservationFilterChainDecorator.java:137)
	at org.springframework.security.web.session.DisableEncodeUrlFilter.doFilterInternal(DisableEncodeUrlFilter.java:42)
	at org.springframework.web.filter.OncePerRequestFilter.doFilter(OncePerRequestFilter.java:116)
	at org.springframework.security.web.ObservationFilterChainDecorator$ObservationFilter.wrapFilter(ObservationFilterChainDecorator.java:240)
	at org.springframework.security.web.ObservationFilterChainDecorator$AroundFilterObservation$SimpleAroundFilterObservation.lambda$wrap$0(ObservationFilterChainDecorator.java:323)
	at org.springframework.security.web.ObservationFilterChainDecorator$ObservationFilter.doFilter(ObservationFilterChainDecorator.java:224)
	at org.springframework.security.web.ObservationFilterChainDecorator$VirtualFilterChain.doFilter(ObservationFilterChainDecorator.java:137)
	at org.springframework.security.web.FilterChainProxy.doFilterInternal(FilterChainProxy.java:233)
	at org.springframework.security.web.FilterChainProxy.doFilter(FilterChainProxy.java:191)
	at org.springframework.web.filter.CompositeFilter$VirtualFilterChain.doFilter(CompositeFilter.java:113)
	at org.springframework.web.servlet.handler.HandlerMappingIntrospector.lambda$createCacheFilter$3(HandlerMappingIntrospector.java:243)
	at org.springframework.web.filter.CompositeFilter$VirtualFilterChain.doFilter(CompositeFilter.java:113)
	at org.springframework.web.filter.CompositeFilter.doFilter(CompositeFilter.java:74)
	at org.springframework.security.config.annotation.web.configuration.WebMvcSecurityConfiguration$CompositeFilterChainProxy.doFilter(WebMvcSecurityConfiguration.java:238)
	at org.springframework.web.filter.DelegatingFilterProxy.invokeDelegate(DelegatingFilterProxy.java:362)
	at org.springframework.web.filter.DelegatingFilterProxy.doFilter(DelegatingFilterProxy.java:278)
	at org.apache.catalina.core.ApplicationFilterChain.internalDoFilter(ApplicationFilterChain.java:164)
	at org.apache.catalina.core.ApplicationFilterChain.doFilter(ApplicationFilterChain.java:140)
	at org.springframework.web.filter.RequestContextFilter.doFilterInternal(RequestContextFilter.java:100)
	at org.springframework.web.filter.OncePerRequestFilter.doFilter(OncePerRequestFilter.java:116)
	at org.apache.catalina.core.ApplicationFilterChain.internalDoFilter(ApplicationFilterChain.java:164)
	at org.apache.catalina.core.ApplicationFilterChain.doFilter(ApplicationFilterChain.java:140)
	at org.springframework.web.filter.FormContentFilter.doFilterInternal(FormContentFilter.java:93)
	at org.springframework.web.filter.OncePerRequestFilter.doFilter(OncePerRequestFilter.java:116)
	at org.apache.catalina.core.ApplicationFilterChain.internalDoFilter(ApplicationFilterChain.java:164)
	at org.apache.catalina.core.ApplicationFilterChain.doFilter(ApplicationFilterChain.java:140)
	at org.springframework.web.filter.ServerHttpObservationFilter.doFilterInternal(ServerHttpObservationFilter.java:114)
	at org.springframework.web.filter.OncePerRequestFilter.doFilter(OncePerRequestFilter.java:116)
	at org.apache.catalina.core.ApplicationFilterChain.internalDoFilter(ApplicationFilterChain.java:164)
	at org.apache.catalina.core.ApplicationFilterChain.doFilter(ApplicationFilterChain.java:140)
	at org.springframework.web.filter.CharacterEncodingFilter.doFilterInternal(CharacterEncodingFilter.java:201)
	at org.springframework.web.filter.OncePerRequestFilter.doFilter(OncePerRequestFilter.java:116)
	at org.apache.catalina.core.ApplicationFilterChain.internalDoFilter(ApplicationFilterChain.java:164)
	at org.apache.catalina.core.ApplicationFilterChain.doFilter(ApplicationFilterChain.java:140)
	at org.apache.catalina.core.StandardWrapperValve.invoke(StandardWrapperValve.java:167)
	at org.apache.catalina.core.StandardContextValve.invoke(StandardContextValve.java:90)
	at org.apache.catalina.authenticator.AuthenticatorBase.invoke(AuthenticatorBase.java:483)
	at org.apache.catalina.core.StandardHostValve.invoke(StandardHostValve.java:115)
	at org.apache.catalina.valves.ErrorReportValve.invoke(ErrorReportValve.java:93)
	at org.apache.catalina.core.StandardEngineValve.invoke(StandardEngineValve.java:74)
	at org.apache.catalina.connector.CoyoteAdapter.service(CoyoteAdapter.java:344)
	at org.apache.coyote.http11.Http11Processor.service(Http11Processor.java:397)
	at org.apache.coyote.AbstractProcessorLight.process(AbstractProcessorLight.java:63)
	at org.apache.coyote.AbstractProtocol$ConnectionHandler.process(AbstractProtocol.java:905)
	at org.apache.tomcat.util.net.NioEndpoint$SocketProcessor.doRun(NioEndpoint.java:1741)
	at org.apache.tomcat.util.net.SocketProcessorBase.run(SocketProcessorBase.java:52)
	at org.apache.tomcat.util.threads.ThreadPoolExecutor.runWorker(ThreadPoolExecutor.java:1190)
	at org.apache.tomcat.util.threads.ThreadPoolExecutor$Worker.run(ThreadPoolExecutor.java:659)
	at org.apache.tomcat.util.threads.TaskThread$WrappingRunnable.run(TaskThread.java:63)
	at java.base/java.lang.Thread.run(Thread.java:840)
26-06-15 17:31:08.357 [http-nio-8080-exec-7] [32mTRACE[0;39m o.s.s.w.h.writers.HstsHeaderWriter   [ |  | ] - Not injecting HSTS header since it did not match request to [Is Secure]
26-06-15 17:32:57.791 [http-nio-8080-exec-8] [32mTRACE[0;39m o.s.security.web.FilterChainProxy    [ |  | ] - Trying to match request against DefaultSecurityFilterChain defined as 'filterChain' in [class path resource [com/sprint/mission/discodeit/config/SecurityConfig.class]] matching [any request] and having filters [DisableEncodeUrl, WebAsyncManagerIntegration, SecurityContextHolder, HeaderWriter, Csrf, Logout, JwtAuthentication, UsernamePasswordAuthentication, RequestCacheAware, SecurityContextHolderAwareRequest, AnonymousAuthentication, SessionManagement, ExceptionTranslation, Authorization] (1/1)
26-06-15 17:32:57.798 [http-nio-8080-exec-8] [32mDEBUG[0;39m o.s.security.web.FilterChainProxy    [ |  | ] - Securing POST /api/channels/public
26-06-15 17:32:57.798 [http-nio-8080-exec-8] [32mTRACE[0;39m o.s.security.web.FilterChainProxy    [ |  | ] - Invoking DisableEncodeUrlFilter (1/14)
26-06-15 17:32:57.798 [http-nio-8080-exec-8] [32mTRACE[0;39m o.s.security.web.FilterChainProxy    [ |  | ] - Invoking WebAsyncManagerIntegrationFilter (2/14)
26-06-15 17:32:57.799 [http-nio-8080-exec-8] [32mTRACE[0;39m o.s.security.web.FilterChainProxy    [ |  | ] - Invoking SecurityContextHolderFilter (3/14)
26-06-15 17:32:57.799 [http-nio-8080-exec-8] [32mTRACE[0;39m o.s.security.web.FilterChainProxy    [ |  | ] - Invoking HeaderWriterFilter (4/14)
26-06-15 17:32:57.799 [http-nio-8080-exec-8] [32mTRACE[0;39m o.s.security.web.FilterChainProxy    [ |  | ] - Invoking CsrfFilter (5/14)
26-06-15 17:32:57.803 [http-nio-8080-exec-8] [32mDEBUG[0;39m o.s.security.web.csrf.CsrfFilter     [ |  | ] - Invalid CSRF token found for http://localhost:8080/api/channels/public
26-06-15 17:32:57.838 [http-nio-8080-exec-8] [32mTRACE[0;39m o.s.s.w.h.writers.HstsHeaderWriter   [ |  | ] - Not injecting HSTS header since it did not match request to [Is Secure]
26-06-15 17:33:49.587 [http-nio-8080-exec-10] [32mTRACE[0;39m o.s.security.web.FilterChainProxy    [ |  | ] - Trying to match request against DefaultSecurityFilterChain defined as 'filterChain' in [class path resource [com/sprint/mission/discodeit/config/SecurityConfig.class]] matching [any request] and having filters [DisableEncodeUrl, WebAsyncManagerIntegration, SecurityContextHolder, HeaderWriter, Csrf, Logout, JwtAuthentication, UsernamePasswordAuthentication, RequestCacheAware, SecurityContextHolderAwareRequest, AnonymousAuthentication, SessionManagement, ExceptionTranslation, Authorization] (1/1)
26-06-15 17:33:49.590 [http-nio-8080-exec-10] [32mDEBUG[0;39m o.s.security.web.FilterChainProxy    [ |  | ] - Securing POST /api/channels/public
26-06-15 17:33:49.590 [http-nio-8080-exec-10] [32mTRACE[0;39m o.s.security.web.FilterChainProxy    [ |  | ] - Invoking DisableEncodeUrlFilter (1/14)
26-06-15 17:33:49.592 [http-nio-8080-exec-10] [32mTRACE[0;39m o.s.security.web.FilterChainProxy    [ |  | ] - Invoking WebAsyncManagerIntegrationFilter (2/14)
26-06-15 17:33:49.592 [http-nio-8080-exec-10] [32mTRACE[0;39m o.s.security.web.FilterChainProxy    [ |  | ] - Invoking SecurityContextHolderFilter (3/14)
26-06-15 17:33:49.593 [http-nio-8080-exec-10] [32mTRACE[0;39m o.s.security.web.FilterChainProxy    [ |  | ] - Invoking HeaderWriterFilter (4/14)
26-06-15 17:33:49.594 [http-nio-8080-exec-10] [32mTRACE[0;39m o.s.security.web.FilterChainProxy    [ |  | ] - Invoking CsrfFilter (5/14)
26-06-15 17:33:49.596 [http-nio-8080-exec-10] [32mTRACE[0;39m o.s.security.web.FilterChainProxy    [ |  | ] - Invoking LogoutFilter (6/14)
26-06-15 17:33:49.598 [http-nio-8080-exec-10] [32mTRACE[0;39m o.s.s.w.a.logout.LogoutFilter        [ |  | ] - Did not match request to Ant [pattern='/api/auth/logout', POST]
26-06-15 17:33:49.598 [http-nio-8080-exec-10] [32mTRACE[0;39m o.s.security.web.FilterChainProxy    [ |  | ] - Invoking JwtAuthenticationFilter (7/14)
26-06-15 17:33:49.761 [http-nio-8080-exec-10] [32mDEBUG[0;39m org.hibernate.SQL                    [ |  | ] - 
    select
        u1_0.id,
        u1_0.created_at,
        u1_0.email,
        u1_0.password,
        u1_0.profile_id,
        u1_0.role,
        u1_0.updated_at,
        u1_0.username 
    from
        users u1_0 
    where
        u1_0.username=?
26-06-15 17:33:49.763 [http-nio-8080-exec-10] [32mTRACE[0;39m org.hibernate.orm.jdbc.bind          [ |  | ] - binding parameter (1:VARCHAR) <- [admin]
26-06-15 17:33:49.813 [http-nio-8080-exec-10] [32mTRACE[0;39m o.s.s.w.c.SupplierDeferredSecurityContext [ |  | ] - Created SecurityContextImpl [Null authentication]
26-06-15 17:33:49.813 [http-nio-8080-exec-10] [32mDEBUG[0;39m c.s.m.d.s.j.JwtAuthenticationFilter  [ |  | ] - Set authentication for user: admin
26-06-15 17:33:49.814 [http-nio-8080-exec-10] [32mTRACE[0;39m o.s.security.web.FilterChainProxy    [ |  | ] - Invoking UsernamePasswordAuthenticationFilter (8/14)
26-06-15 17:33:49.814 [http-nio-8080-exec-10] [32mTRACE[0;39m o.s.s.w.a.UsernamePasswordAuthenticationFilter [ |  | ] - Did not match request to Ant [pattern='/api/auth/login', POST]
26-06-15 17:33:49.814 [http-nio-8080-exec-10] [32mTRACE[0;39m o.s.security.web.FilterChainProxy    [ |  | ] - Invoking RequestCacheAwareFilter (9/14)
26-06-15 17:33:49.814 [http-nio-8080-exec-10] [32mTRACE[0;39m o.s.security.web.FilterChainProxy    [ |  | ] - Invoking SecurityContextHolderAwareRequestFilter (10/14)
26-06-15 17:33:49.815 [http-nio-8080-exec-10] [32mTRACE[0;39m o.s.security.web.FilterChainProxy    [ |  | ] - Invoking AnonymousAuthenticationFilter (11/14)
26-06-15 17:33:49.815 [http-nio-8080-exec-10] [32mTRACE[0;39m o.s.security.web.FilterChainProxy    [ |  | ] - Invoking SessionManagementFilter (12/14)
26-06-15 17:33:49.820 [http-nio-8080-exec-10] [32mTRACE[0;39m o.s.s.w.a.AnonymousAuthenticationFilter [ |  | ] - Did not set SecurityContextHolder since already authenticated UsernamePasswordAuthenticationToken [Principal=com.sprint.mission.discodeit.security.DiscodeitUserDetails@70e5ef3, Credentials=[PROTECTED], Authenticated=true, Details=WebAuthenticationDetails [RemoteIpAddress=0:0:0:0:0:0:0:1, SessionId=null], Granted Authorities=[ROLE_ADMIN]]
26-06-15 17:33:49.821 [http-nio-8080-exec-10] [32mTRACE[0;39m o.s.s.w.a.s.CompositeSessionAuthenticationStrategy [ |  | ] - Preparing session with ChangeSessionIdAuthenticationStrategy (1/2)
26-06-15 17:33:49.822 [http-nio-8080-exec-10] [32mTRACE[0;39m o.s.s.w.a.s.CompositeSessionAuthenticationStrategy [ |  | ] - Preparing session with CsrfAuthenticationStrategy (2/2)
26-06-15 17:33:49.824 [http-nio-8080-exec-10] [32mDEBUG[0;39m o.s.s.w.c.CsrfAuthenticationStrategy [ |  | ] - Replaced CSRF Token
26-06-15 17:33:49.824 [http-nio-8080-exec-10] [32mTRACE[0;39m o.s.security.web.FilterChainProxy    [ |  | ] - Invoking ExceptionTranslationFilter (13/14)
26-06-15 17:33:49.825 [http-nio-8080-exec-10] [32mTRACE[0;39m o.s.security.web.FilterChainProxy    [ |  | ] - Invoking AuthorizationFilter (14/14)
26-06-15 17:33:49.827 [http-nio-8080-exec-10] [32mTRACE[0;39m o.s.s.w.a.i.RequestMatcherDelegatingAuthorizationManager [ |  | ] - Authorizing POST /api/channels/public
26-06-15 17:33:49.829 [http-nio-8080-exec-10] [32mTRACE[0;39m o.s.s.w.a.i.RequestMatcherDelegatingAuthorizationManager [ |  | ] - Checking authorization on POST /api/channels/public using org.springframework.security.authorization.AuthenticatedAuthorizationManager@4c7cb448
26-06-15 17:33:49.833 [http-nio-8080-exec-10] [32mDEBUG[0;39m o.s.security.web.FilterChainProxy    [ |  | ] - Secured POST /api/channels/public
26-06-15 17:33:49.840 [http-nio-8080-exec-10] [32mDEBUG[0;39m c.s.m.d.config.MDCLoggingInterceptor [08eefddb2e384da9aedec61002edc6fe | POST | /api/channels/public] - Request started
26-06-15 17:33:50.677 [http-nio-8080-exec-10] [32mINFO [0;39m c.s.m.d.controller.ChannelController [08eefddb2e384da9aedec61002edc6fe | POST | /api/channels/public] - 공개 채널 생성 요청: PublicChannelCreateRequest[name=비동기 테스트 채널, description=null]
26-06-15 17:33:50.690 [http-nio-8080-exec-10] [32mDEBUG[0;39m o.s.s.a.m.AuthorizationManagerBeforeMethodInterceptor [08eefddb2e384da9aedec61002edc6fe | POST | /api/channels/public] - Authorizing method invocation ReflectiveMethodInvocation: public com.sprint.mission.discodeit.dto.data.ChannelDto com.sprint.mission.discodeit.service.basic.BasicChannelService.create(com.sprint.mission.discodeit.dto.request.PublicChannelCreateRequest); target is of class [com.sprint.mission.discodeit.service.basic.BasicChannelService]
26-06-15 17:33:50.730 [http-nio-8080-exec-10] [32mDEBUG[0;39m o.s.s.a.h.RoleHierarchyImpl          [08eefddb2e384da9aedec61002edc6fe | POST | /api/channels/public] - getReachableGrantedAuthorities() - From the roles [ROLE_ADMIN] one can reach [ROLE_USER, ROLE_ADMIN, ROLE_CHANNEL_MANAGER] in zero or more steps.
26-06-15 17:33:50.741 [http-nio-8080-exec-10] [32mDEBUG[0;39m o.s.s.a.m.AuthorizationManagerBeforeMethodInterceptor [08eefddb2e384da9aedec61002edc6fe | POST | /api/channels/public] - Authorized method invocation ReflectiveMethodInvocation: public com.sprint.mission.discodeit.dto.data.ChannelDto com.sprint.mission.discodeit.service.basic.BasicChannelService.create(com.sprint.mission.discodeit.dto.request.PublicChannelCreateRequest); target is of class [com.sprint.mission.discodeit.service.basic.BasicChannelService]
26-06-15 17:33:50.741 [http-nio-8080-exec-10] [32mDEBUG[0;39m c.s.m.d.s.basic.BasicChannelService  [08eefddb2e384da9aedec61002edc6fe | POST | /api/channels/public] - 채널 생성 시작: PublicChannelCreateRequest[name=비동기 테스트 채널, description=null]
26-06-15 17:33:50.823 [http-nio-8080-exec-10] [32mINFO [0;39m c.s.m.d.s.basic.BasicChannelService  [08eefddb2e384da9aedec61002edc6fe | POST | /api/channels/public] - 채널 생성 완료: id=17c8c424-accc-4f8b-bc68-36b900ba3480, name=비동기 테스트 채널
26-06-15 17:33:50.865 [http-nio-8080-exec-10] [32mDEBUG[0;39m org.hibernate.SQL                    [08eefddb2e384da9aedec61002edc6fe | POST | /api/channels/public] - 
    select
        m1_0.created_at 
    from
        messages m1_0 
    where
        m1_0.channel_id=? 
    order by
        m1_0.created_at desc 
    fetch
        first 1 rows only
26-06-15 17:33:50.865 [http-nio-8080-exec-10] [32mTRACE[0;39m org.hibernate.orm.jdbc.bind          [08eefddb2e384da9aedec61002edc6fe | POST | /api/channels/public] - binding parameter (1:UUID) <- [17c8c424-accc-4f8b-bc68-36b900ba3480]
26-06-15 17:33:50.914 [http-nio-8080-exec-10] [32mDEBUG[0;39m org.hibernate.SQL                    [08eefddb2e384da9aedec61002edc6fe | POST | /api/channels/public] - 
    insert 
    into
        channels
        (created_at, description, name, type, updated_at, id) 
    values
        (?, ?, ?, ?, ?, ?)
26-06-15 17:33:50.915 [http-nio-8080-exec-10] [32mTRACE[0;39m org.hibernate.orm.jdbc.bind          [08eefddb2e384da9aedec61002edc6fe | POST | /api/channels/public] - binding parameter (1:TIMESTAMP_UTC) <- [2026-06-15T08:33:50.798985Z]
26-06-15 17:33:50.915 [http-nio-8080-exec-10] [32mTRACE[0;39m org.hibernate.orm.jdbc.bind          [08eefddb2e384da9aedec61002edc6fe | POST | /api/channels/public] - binding parameter (2:VARCHAR) <- [null]
26-06-15 17:33:50.915 [http-nio-8080-exec-10] [32mTRACE[0;39m org.hibernate.orm.jdbc.bind          [08eefddb2e384da9aedec61002edc6fe | POST | /api/channels/public] - binding parameter (3:VARCHAR) <- [비동기 테스트 채널]
26-06-15 17:33:50.916 [http-nio-8080-exec-10] [32mTRACE[0;39m org.hibernate.orm.jdbc.bind          [08eefddb2e384da9aedec61002edc6fe | POST | /api/channels/public] - binding parameter (4:VARCHAR) <- [PUBLIC]
26-06-15 17:33:50.916 [http-nio-8080-exec-10] [32mTRACE[0;39m org.hibernate.orm.jdbc.bind          [08eefddb2e384da9aedec61002edc6fe | POST | /api/channels/public] - binding parameter (5:TIMESTAMP_UTC) <- [2026-06-15T08:33:50.798985Z]
26-06-15 17:33:50.916 [http-nio-8080-exec-10] [32mTRACE[0;39m org.hibernate.orm.jdbc.bind          [08eefddb2e384da9aedec61002edc6fe | POST | /api/channels/public] - binding parameter (6:UUID) <- [17c8c424-accc-4f8b-bc68-36b900ba3480]
26-06-15 17:33:50.932 [http-nio-8080-exec-10] [32mDEBUG[0;39m c.s.m.d.controller.ChannelController [08eefddb2e384da9aedec61002edc6fe | POST | /api/channels/public] - 공개 채널 생성 응답: ChannelDto[id=17c8c424-accc-4f8b-bc68-36b900ba3480, type=PUBLIC, name=비동기 테스트 채널, description=null, participants=[], lastMessageAt=-1000000000-01-01T00:00:00Z]
26-06-15 17:33:50.954 [http-nio-8080-exec-10] [32mTRACE[0;39m o.s.s.w.h.writers.HstsHeaderWriter   [08eefddb2e384da9aedec61002edc6fe | POST | /api/channels/public] - Not injecting HSTS header since it did not match request to [Is Secure]
26-06-15 17:33:50.955 [http-nio-8080-exec-10] [32mDEBUG[0;39m c.s.m.d.config.MDCLoggingInterceptor [08eefddb2e384da9aedec61002edc6fe | POST | /api/channels/public] - Request completed
26-06-15 17:34:32.611 [http-nio-8080-exec-2] [32mTRACE[0;39m o.s.security.web.FilterChainProxy    [ |  | ] - Trying to match request against DefaultSecurityFilterChain defined as 'filterChain' in [class path resource [com/sprint/mission/discodeit/config/SecurityConfig.class]] matching [any request] and having filters [DisableEncodeUrl, WebAsyncManagerIntegration, SecurityContextHolder, HeaderWriter, Csrf, Logout, JwtAuthentication, UsernamePasswordAuthentication, RequestCacheAware, SecurityContextHolderAwareRequest, AnonymousAuthentication, SessionManagement, ExceptionTranslation, Authorization] (1/1)
26-06-15 17:34:32.615 [http-nio-8080-exec-2] [32mDEBUG[0;39m o.s.security.web.FilterChainProxy    [ |  | ] - Securing POST /api/messages
26-06-15 17:34:32.616 [http-nio-8080-exec-2] [32mTRACE[0;39m o.s.security.web.FilterChainProxy    [ |  | ] - Invoking DisableEncodeUrlFilter (1/14)
26-06-15 17:34:32.617 [http-nio-8080-exec-2] [32mTRACE[0;39m o.s.security.web.FilterChainProxy    [ |  | ] - Invoking WebAsyncManagerIntegrationFilter (2/14)
26-06-15 17:34:32.618 [http-nio-8080-exec-2] [32mTRACE[0;39m o.s.security.web.FilterChainProxy    [ |  | ] - Invoking SecurityContextHolderFilter (3/14)
26-06-15 17:34:32.618 [http-nio-8080-exec-2] [32mTRACE[0;39m o.s.security.web.FilterChainProxy    [ |  | ] - Invoking HeaderWriterFilter (4/14)
26-06-15 17:34:32.618 [http-nio-8080-exec-2] [32mTRACE[0;39m o.s.security.web.FilterChainProxy    [ |  | ] - Invoking CsrfFilter (5/14)
26-06-15 17:34:32.620 [http-nio-8080-exec-2] [32mTRACE[0;39m o.s.security.web.FilterChainProxy    [ |  | ] - Invoking LogoutFilter (6/14)
26-06-15 17:34:32.621 [http-nio-8080-exec-2] [32mTRACE[0;39m o.s.s.w.a.logout.LogoutFilter        [ |  | ] - Did not match request to Ant [pattern='/api/auth/logout', POST]
26-06-15 17:34:32.622 [http-nio-8080-exec-2] [32mTRACE[0;39m o.s.security.web.FilterChainProxy    [ |  | ] - Invoking JwtAuthenticationFilter (7/14)
26-06-15 17:34:32.673 [http-nio-8080-exec-2] [32mDEBUG[0;39m org.hibernate.SQL                    [ |  | ] - 
    select
        u1_0.id,
        u1_0.created_at,
        u1_0.email,
        u1_0.password,
        u1_0.profile_id,
        u1_0.role,
        u1_0.updated_at,
        u1_0.username 
    from
        users u1_0 
    where
        u1_0.username=?
26-06-15 17:34:32.677 [http-nio-8080-exec-2] [32mTRACE[0;39m org.hibernate.orm.jdbc.bind          [ |  | ] - binding parameter (1:VARCHAR) <- [admin]
26-06-15 17:34:32.711 [http-nio-8080-exec-2] [32mTRACE[0;39m o.s.s.w.c.SupplierDeferredSecurityContext [ |  | ] - Created SecurityContextImpl [Null authentication]
26-06-15 17:34:32.712 [http-nio-8080-exec-2] [32mDEBUG[0;39m c.s.m.d.s.j.JwtAuthenticationFilter  [ |  | ] - Set authentication for user: admin
26-06-15 17:34:32.713 [http-nio-8080-exec-2] [32mTRACE[0;39m o.s.security.web.FilterChainProxy    [ |  | ] - Invoking UsernamePasswordAuthenticationFilter (8/14)
26-06-15 17:34:32.714 [http-nio-8080-exec-2] [32mTRACE[0;39m o.s.s.w.a.UsernamePasswordAuthenticationFilter [ |  | ] - Did not match request to Ant [pattern='/api/auth/login', POST]
26-06-15 17:34:32.714 [http-nio-8080-exec-2] [32mTRACE[0;39m o.s.security.web.FilterChainProxy    [ |  | ] - Invoking RequestCacheAwareFilter (9/14)
26-06-15 17:34:32.715 [http-nio-8080-exec-2] [32mTRACE[0;39m o.s.security.web.FilterChainProxy    [ |  | ] - Invoking SecurityContextHolderAwareRequestFilter (10/14)
26-06-15 17:34:32.715 [http-nio-8080-exec-2] [32mTRACE[0;39m o.s.security.web.FilterChainProxy    [ |  | ] - Invoking AnonymousAuthenticationFilter (11/14)
26-06-15 17:34:32.715 [http-nio-8080-exec-2] [32mTRACE[0;39m o.s.security.web.FilterChainProxy    [ |  | ] - Invoking SessionManagementFilter (12/14)
26-06-15 17:34:32.715 [http-nio-8080-exec-2] [32mTRACE[0;39m o.s.s.w.a.AnonymousAuthenticationFilter [ |  | ] - Did not set SecurityContextHolder since already authenticated UsernamePasswordAuthenticationToken [Principal=com.sprint.mission.discodeit.security.DiscodeitUserDetails@70e5ef3, Credentials=[PROTECTED], Authenticated=true, Details=WebAuthenticationDetails [RemoteIpAddress=0:0:0:0:0:0:0:1, SessionId=null], Granted Authorities=[ROLE_ADMIN]]
26-06-15 17:34:32.715 [http-nio-8080-exec-2] [32mTRACE[0;39m o.s.s.w.a.s.CompositeSessionAuthenticationStrategy [ |  | ] - Preparing session with ChangeSessionIdAuthenticationStrategy (1/2)
26-06-15 17:34:32.715 [http-nio-8080-exec-2] [32mTRACE[0;39m o.s.s.w.a.s.CompositeSessionAuthenticationStrategy [ |  | ] - Preparing session with CsrfAuthenticationStrategy (2/2)
26-06-15 17:34:32.716 [http-nio-8080-exec-2] [32mDEBUG[0;39m o.s.s.w.c.CsrfAuthenticationStrategy [ |  | ] - Replaced CSRF Token
26-06-15 17:34:32.716 [http-nio-8080-exec-2] [32mTRACE[0;39m o.s.security.web.FilterChainProxy    [ |  | ] - Invoking ExceptionTranslationFilter (13/14)
26-06-15 17:34:32.717 [http-nio-8080-exec-2] [32mTRACE[0;39m o.s.security.web.FilterChainProxy    [ |  | ] - Invoking AuthorizationFilter (14/14)
26-06-15 17:34:32.717 [http-nio-8080-exec-2] [32mTRACE[0;39m o.s.s.w.a.i.RequestMatcherDelegatingAuthorizationManager [ |  | ] - Authorizing POST /api/messages
26-06-15 17:34:32.718 [http-nio-8080-exec-2] [32mTRACE[0;39m o.s.s.w.a.i.RequestMatcherDelegatingAuthorizationManager [ |  | ] - Checking authorization on POST /api/messages using org.springframework.security.authorization.AuthenticatedAuthorizationManager@4c7cb448
26-06-15 17:34:32.718 [http-nio-8080-exec-2] [32mDEBUG[0;39m o.s.security.web.FilterChainProxy    [ |  | ] - Secured POST /api/messages
26-06-15 17:34:32.916 [http-nio-8080-exec-2] [32mDEBUG[0;39m c.s.m.d.config.MDCLoggingInterceptor [4efbaf067faf4991997ec41df825e4ae | POST | /api/messages] - Request started
26-06-15 17:34:32.971 [http-nio-8080-exec-2] [31mERROR[0;39m c.s.m.d.e.GlobalExceptionHandler     [4efbaf067faf4991997ec41df825e4ae | POST | /api/messages] - 예상치 못한 오류 발생: Required part 'messageCreateRequest' is not present.
org.springframework.web.multipart.support.MissingServletRequestPartException: Required part 'messageCreateRequest' is not present.
	at org.springframework.web.multipart.support.RequestPartServletServerHttpRequest.<init>(RequestPartServletServerHttpRequest.java:73)
	at org.springframework.web.servlet.mvc.method.annotation.RequestPartMethodArgumentResolver.resolveArgument(RequestPartMethodArgumentResolver.java:140)
	at org.springframework.web.method.support.HandlerMethodArgumentResolverComposite.resolveArgument(HandlerMethodArgumentResolverComposite.java:122)
	at org.springframework.web.method.support.InvocableHandlerMethod.getMethodArgumentValues(InvocableHandlerMethod.java:224)
	at org.springframework.web.method.support.InvocableHandlerMethod.invokeForRequest(InvocableHandlerMethod.java:178)
	at org.springframework.web.servlet.mvc.method.annotation.ServletInvocableHandlerMethod.invokeAndHandle(ServletInvocableHandlerMethod.java:118)
	at org.springframework.web.servlet.mvc.method.annotation.RequestMappingHandlerAdapter.invokeHandlerMethod(RequestMappingHandlerAdapter.java:986)
	at org.springframework.web.servlet.mvc.method.annotation.RequestMappingHandlerAdapter.handleInternal(RequestMappingHandlerAdapter.java:891)
	at org.springframework.web.servlet.mvc.method.AbstractHandlerMethodAdapter.handle(AbstractHandlerMethodAdapter.java:87)
	at org.springframework.web.servlet.DispatcherServlet.doDispatch(DispatcherServlet.java:1088)
	at org.springframework.web.servlet.DispatcherServlet.doService(DispatcherServlet.java:978)
	at org.springframework.web.servlet.FrameworkServlet.processRequest(FrameworkServlet.java:1014)
	at org.springframework.web.servlet.FrameworkServlet.doPost(FrameworkServlet.java:914)
	at jakarta.servlet.http.HttpServlet.service(HttpServlet.java:590)
	at org.springframework.web.servlet.FrameworkServlet.service(FrameworkServlet.java:885)
	at jakarta.servlet.http.HttpServlet.service(HttpServlet.java:658)
	at org.apache.catalina.core.ApplicationFilterChain.internalDoFilter(ApplicationFilterChain.java:195)
	at org.apache.catalina.core.ApplicationFilterChain.doFilter(ApplicationFilterChain.java:140)
	at org.apache.tomcat.websocket.server.WsFilter.doFilter(WsFilter.java:51)
	at org.apache.catalina.core.ApplicationFilterChain.internalDoFilter(ApplicationFilterChain.java:164)
	at org.apache.catalina.core.ApplicationFilterChain.doFilter(ApplicationFilterChain.java:140)
	at org.springframework.web.filter.OncePerRequestFilter.doFilter(OncePerRequestFilter.java:110)
	at org.apache.catalina.core.ApplicationFilterChain.internalDoFilter(ApplicationFilterChain.java:164)
	at org.apache.catalina.core.ApplicationFilterChain.doFilter(ApplicationFilterChain.java:140)
	at org.springframework.web.filter.CompositeFilter$VirtualFilterChain.doFilter(CompositeFilter.java:108)
	at org.springframework.security.web.FilterChainProxy.lambda$doFilterInternal$3(FilterChainProxy.java:231)
	at org.springframework.security.web.ObservationFilterChainDecorator$FilterObservation$SimpleFilterObservation.lambda$wrap$1(ObservationFilterChainDecorator.java:479)
	at org.springframework.security.web.ObservationFilterChainDecorator$AroundFilterObservation$SimpleAroundFilterObservation.lambda$wrap$1(ObservationFilterChainDecorator.java:340)
	at org.springframework.security.web.ObservationFilterChainDecorator.lambda$wrapSecured$0(ObservationFilterChainDecorator.java:82)
	at org.springframework.security.web.ObservationFilterChainDecorator$VirtualFilterChain.doFilter(ObservationFilterChainDecorator.java:128)
	at org.springframework.security.web.access.intercept.AuthorizationFilter.doFilter(AuthorizationFilter.java:101)
	at org.springframework.security.web.ObservationFilterChainDecorator$ObservationFilter.wrapFilter(ObservationFilterChainDecorator.java:240)
	at org.springframework.security.web.ObservationFilterChainDecorator$ObservationFilter.doFilter(ObservationFilterChainDecorator.java:227)
	at org.springframework.security.web.ObservationFilterChainDecorator$VirtualFilterChain.doFilter(ObservationFilterChainDecorator.java:137)
	at org.springframework.security.web.access.ExceptionTranslationFilter.doFilter(ExceptionTranslationFilter.java:126)
	at org.springframework.security.web.access.ExceptionTranslationFilter.doFilter(ExceptionTranslationFilter.java:120)
	at org.springframework.security.web.ObservationFilterChainDecorator$ObservationFilter.wrapFilter(ObservationFilterChainDecorator.java:240)
	at org.springframework.security.web.ObservationFilterChainDecorator$ObservationFilter.doFilter(ObservationFilterChainDecorator.java:227)
	at org.springframework.security.web.ObservationFilterChainDecorator$VirtualFilterChain.doFilter(ObservationFilterChainDecorator.java:137)
	at org.springframework.security.web.session.SessionManagementFilter.doFilter(SessionManagementFilter.java:131)
	at org.springframework.security.web.session.SessionManagementFilter.doFilter(SessionManagementFilter.java:85)
	at org.springframework.security.web.ObservationFilterChainDecorator$ObservationFilter.wrapFilter(ObservationFilterChainDecorator.java:240)
	at org.springframework.security.web.ObservationFilterChainDecorator$ObservationFilter.doFilter(ObservationFilterChainDecorator.java:227)
	at org.springframework.security.web.ObservationFilterChainDecorator$VirtualFilterChain.doFilter(ObservationFilterChainDecorator.java:137)
	at org.springframework.security.web.authentication.AnonymousAuthenticationFilter.doFilter(AnonymousAuthenticationFilter.java:100)
	at org.springframework.security.web.ObservationFilterChainDecorator$ObservationFilter.wrapFilter(ObservationFilterChainDecorator.java:240)
	at org.springframework.security.web.ObservationFilterChainDecorator$ObservationFilter.doFilter(ObservationFilterChainDecorator.java:227)
	at org.springframework.security.web.ObservationFilterChainDecorator$VirtualFilterChain.doFilter(ObservationFilterChainDecorator.java:137)
	at org.springframework.security.web.servletapi.SecurityContextHolderAwareRequestFilter.doFilter(SecurityContextHolderAwareRequestFilter.java:179)
	at org.springframework.security.web.ObservationFilterChainDecorator$ObservationFilter.wrapFilter(ObservationFilterChainDecorator.java:240)
	at org.springframework.security.web.ObservationFilterChainDecorator$ObservationFilter.doFilter(ObservationFilterChainDecorator.java:227)
	at org.springframework.security.web.ObservationFilterChainDecorator$VirtualFilterChain.doFilter(ObservationFilterChainDecorator.java:137)
	at org.springframework.security.web.savedrequest.RequestCacheAwareFilter.doFilter(RequestCacheAwareFilter.java:63)
	at org.springframework.security.web.ObservationFilterChainDecorator$ObservationFilter.wrapFilter(ObservationFilterChainDecorator.java:240)
	at org.springframework.security.web.ObservationFilterChainDecorator$ObservationFilter.doFilter(ObservationFilterChainDecorator.java:227)
	at org.springframework.security.web.ObservationFilterChainDecorator$VirtualFilterChain.doFilter(ObservationFilterChainDecorator.java:137)
	at org.springframework.security.web.authentication.AbstractAuthenticationProcessingFilter.doFilter(AbstractAuthenticationProcessingFilter.java:227)
	at org.springframework.security.web.authentication.AbstractAuthenticationProcessingFilter.doFilter(AbstractAuthenticationProcessingFilter.java:221)
	at org.springframework.security.web.ObservationFilterChainDecorator$ObservationFilter.wrapFilter(ObservationFilterChainDecorator.java:240)
	at org.springframework.security.web.ObservationFilterChainDecorator$ObservationFilter.doFilter(ObservationFilterChainDecorator.java:227)
	at org.springframework.security.web.ObservationFilterChainDecorator$VirtualFilterChain.doFilter(ObservationFilterChainDecorator.java:137)
	at com.sprint.mission.discodeit.security.jwt.JwtAuthenticationFilter.doFilterInternal(JwtAuthenticationFilter.java:72)
	at org.springframework.web.filter.OncePerRequestFilter.doFilter(OncePerRequestFilter.java:116)
	at org.springframework.security.web.ObservationFilterChainDecorator$ObservationFilter.wrapFilter(ObservationFilterChainDecorator.java:240)
	at org.springframework.security.web.ObservationFilterChainDecorator$ObservationFilter.doFilter(ObservationFilterChainDecorator.java:227)
	at org.springframework.security.web.ObservationFilterChainDecorator$VirtualFilterChain.doFilter(ObservationFilterChainDecorator.java:137)
	at org.springframework.security.web.authentication.logout.LogoutFilter.doFilter(LogoutFilter.java:107)
	at org.springframework.security.web.authentication.logout.LogoutFilter.doFilter(LogoutFilter.java:93)
	at org.springframework.security.web.ObservationFilterChainDecorator$ObservationFilter.wrapFilter(ObservationFilterChainDecorator.java:240)
	at org.springframework.security.web.ObservationFilterChainDecorator$ObservationFilter.doFilter(ObservationFilterChainDecorator.java:227)
	at org.springframework.security.web.ObservationFilterChainDecorator$VirtualFilterChain.doFilter(ObservationFilterChainDecorator.java:137)
	at org.springframework.security.web.csrf.CsrfFilter.doFilterInternal(CsrfFilter.java:131)
	at org.springframework.web.filter.OncePerRequestFilter.doFilter(OncePerRequestFilter.java:116)
	at org.springframework.security.web.ObservationFilterChainDecorator$ObservationFilter.wrapFilter(ObservationFilterChainDecorator.java:240)
	at org.springframework.security.web.ObservationFilterChainDecorator$ObservationFilter.doFilter(ObservationFilterChainDecorator.java:227)
	at org.springframework.security.web.ObservationFilterChainDecorator$VirtualFilterChain.doFilter(ObservationFilterChainDecorator.java:137)
	at org.springframework.security.web.header.HeaderWriterFilter.doHeadersAfter(HeaderWriterFilter.java:90)
	at org.springframework.security.web.header.HeaderWriterFilter.doFilterInternal(HeaderWriterFilter.java:75)
	at org.springframework.web.filter.OncePerRequestFilter.doFilter(OncePerRequestFilter.java:116)
	at org.springframework.security.web.ObservationFilterChainDecorator$ObservationFilter.wrapFilter(ObservationFilterChainDecorator.java:240)
	at org.springframework.security.web.ObservationFilterChainDecorator$ObservationFilter.doFilter(ObservationFilterChainDecorator.java:227)
	at org.springframework.security.web.ObservationFilterChainDecorator$VirtualFilterChain.doFilter(ObservationFilterChainDecorator.java:137)
	at org.springframework.security.web.context.SecurityContextHolderFilter.doFilter(SecurityContextHolderFilter.java:82)
	at org.springframework.security.web.context.SecurityContextHolderFilter.doFilter(SecurityContextHolderFilter.java:69)
	at org.springframework.security.web.ObservationFilterChainDecorator$ObservationFilter.wrapFilter(ObservationFilterChainDecorator.java:240)
	at org.springframework.security.web.ObservationFilterChainDecorator$ObservationFilter.doFilter(ObservationFilterChainDecorator.java:227)
	at org.springframework.security.web.ObservationFilterChainDecorator$VirtualFilterChain.doFilter(ObservationFilterChainDecorator.java:137)
	at org.springframework.security.web.context.request.async.WebAsyncManagerIntegrationFilter.doFilterInternal(WebAsyncManagerIntegrationFilter.java:62)
	at org.springframework.web.filter.OncePerRequestFilter.doFilter(OncePerRequestFilter.java:116)
	at org.springframework.security.web.ObservationFilterChainDecorator$ObservationFilter.wrapFilter(ObservationFilterChainDecorator.java:240)
	at org.springframework.security.web.ObservationFilterChainDecorator$ObservationFilter.doFilter(ObservationFilterChainDecorator.java:227)
	at org.springframework.security.web.ObservationFilterChainDecorator$VirtualFilterChain.doFilter(ObservationFilterChainDecorator.java:137)
	at org.springframework.security.web.session.DisableEncodeUrlFilter.doFilterInternal(DisableEncodeUrlFilter.java:42)
	at org.springframework.web.filter.OncePerRequestFilter.doFilter(OncePerRequestFilter.java:116)
	at org.springframework.security.web.ObservationFilterChainDecorator$ObservationFilter.wrapFilter(ObservationFilterChainDecorator.java:240)
	at org.springframework.security.web.ObservationFilterChainDecorator$AroundFilterObservation$SimpleAroundFilterObservation.lambda$wrap$0(ObservationFilterChainDecorator.java:323)
	at org.springframework.security.web.ObservationFilterChainDecorator$ObservationFilter.doFilter(ObservationFilterChainDecorator.java:224)
	at org.springframework.security.web.ObservationFilterChainDecorator$VirtualFilterChain.doFilter(ObservationFilterChainDecorator.java:137)
	at org.springframework.security.web.FilterChainProxy.doFilterInternal(FilterChainProxy.java:233)
	at org.springframework.security.web.FilterChainProxy.doFilter(FilterChainProxy.java:191)
	at org.springframework.web.filter.CompositeFilter$VirtualFilterChain.doFilter(CompositeFilter.java:113)
	at org.springframework.web.servlet.handler.HandlerMappingIntrospector.lambda$createCacheFilter$3(HandlerMappingIntrospector.java:243)
	at org.springframework.web.filter.CompositeFilter$VirtualFilterChain.doFilter(CompositeFilter.java:113)
	at org.springframework.web.filter.CompositeFilter.doFilter(CompositeFilter.java:74)
	at org.springframework.security.config.annotation.web.configuration.WebMvcSecurityConfiguration$CompositeFilterChainProxy.doFilter(WebMvcSecurityConfiguration.java:238)
	at org.springframework.web.filter.DelegatingFilterProxy.invokeDelegate(DelegatingFilterProxy.java:362)
	at org.springframework.web.filter.DelegatingFilterProxy.doFilter(DelegatingFilterProxy.java:278)
	at org.apache.catalina.core.ApplicationFilterChain.internalDoFilter(ApplicationFilterChain.java:164)
	at org.apache.catalina.core.ApplicationFilterChain.doFilter(ApplicationFilterChain.java:140)
	at org.springframework.web.filter.RequestContextFilter.doFilterInternal(RequestContextFilter.java:100)
	at org.springframework.web.filter.OncePerRequestFilter.doFilter(OncePerRequestFilter.java:116)
	at org.apache.catalina.core.ApplicationFilterChain.internalDoFilter(ApplicationFilterChain.java:164)
	at org.apache.catalina.core.ApplicationFilterChain.doFilter(ApplicationFilterChain.java:140)
	at org.springframework.web.filter.FormContentFilter.doFilterInternal(FormContentFilter.java:93)
	at org.springframework.web.filter.OncePerRequestFilter.doFilter(OncePerRequestFilter.java:116)
	at org.apache.catalina.core.ApplicationFilterChain.internalDoFilter(ApplicationFilterChain.java:164)
	at org.apache.catalina.core.ApplicationFilterChain.doFilter(ApplicationFilterChain.java:140)
	at org.springframework.web.filter.ServerHttpObservationFilter.doFilterInternal(ServerHttpObservationFilter.java:114)
	at org.springframework.web.filter.OncePerRequestFilter.doFilter(OncePerRequestFilter.java:116)
	at org.apache.catalina.core.ApplicationFilterChain.internalDoFilter(ApplicationFilterChain.java:164)
	at org.apache.catalina.core.ApplicationFilterChain.doFilter(ApplicationFilterChain.java:140)
	at org.springframework.web.filter.CharacterEncodingFilter.doFilterInternal(CharacterEncodingFilter.java:201)
	at org.springframework.web.filter.OncePerRequestFilter.doFilter(OncePerRequestFilter.java:116)
	at org.apache.catalina.core.ApplicationFilterChain.internalDoFilter(ApplicationFilterChain.java:164)
	at org.apache.catalina.core.ApplicationFilterChain.doFilter(ApplicationFilterChain.java:140)
	at org.apache.catalina.core.StandardWrapperValve.invoke(StandardWrapperValve.java:167)
	at org.apache.catalina.core.StandardContextValve.invoke(StandardContextValve.java:90)
	at org.apache.catalina.authenticator.AuthenticatorBase.invoke(AuthenticatorBase.java:483)
	at org.apache.catalina.core.StandardHostValve.invoke(StandardHostValve.java:115)
	at org.apache.catalina.valves.ErrorReportValve.invoke(ErrorReportValve.java:93)
	at org.apache.catalina.core.StandardEngineValve.invoke(StandardEngineValve.java:74)
	at org.apache.catalina.connector.CoyoteAdapter.service(CoyoteAdapter.java:344)
	at org.apache.coyote.http11.Http11Processor.service(Http11Processor.java:397)
	at org.apache.coyote.AbstractProcessorLight.process(AbstractProcessorLight.java:63)
	at org.apache.coyote.AbstractProtocol$ConnectionHandler.process(AbstractProtocol.java:905)
	at org.apache.tomcat.util.net.NioEndpoint$SocketProcessor.doRun(NioEndpoint.java:1741)
	at org.apache.tomcat.util.net.SocketProcessorBase.run(SocketProcessorBase.java:52)
	at org.apache.tomcat.util.threads.ThreadPoolExecutor.runWorker(ThreadPoolExecutor.java:1190)
	at org.apache.tomcat.util.threads.ThreadPoolExecutor$Worker.run(ThreadPoolExecutor.java:659)
	at org.apache.tomcat.util.threads.TaskThread$WrappingRunnable.run(TaskThread.java:63)
	at java.base/java.lang.Thread.run(Thread.java:840)
26-06-15 17:34:32.990 [http-nio-8080-exec-2] [32mTRACE[0;39m o.s.s.w.h.writers.HstsHeaderWriter   [4efbaf067faf4991997ec41df825e4ae | POST | /api/messages] - Not injecting HSTS header since it did not match request to [Is Secure]
26-06-15 17:34:32.993 [http-nio-8080-exec-2] [32mDEBUG[0;39m c.s.m.d.config.MDCLoggingInterceptor [4efbaf067faf4991997ec41df825e4ae | POST | /api/messages] - Request completed
26-06-15 17:38:27.429 [http-nio-8080-exec-3] [32mTRACE[0;39m o.s.security.web.FilterChainProxy    [ |  | ] - Trying to match request against DefaultSecurityFilterChain defined as 'filterChain' in [class path resource [com/sprint/mission/discodeit/config/SecurityConfig.class]] matching [any request] and having filters [DisableEncodeUrl, WebAsyncManagerIntegration, SecurityContextHolder, HeaderWriter, Csrf, Logout, JwtAuthentication, UsernamePasswordAuthentication, RequestCacheAware, SecurityContextHolderAwareRequest, AnonymousAuthentication, SessionManagement, ExceptionTranslation, Authorization] (1/1)
26-06-15 17:38:27.431 [http-nio-8080-exec-3] [32mDEBUG[0;39m o.s.security.web.FilterChainProxy    [ |  | ] - Securing POST /api/messages
26-06-15 17:38:27.432 [http-nio-8080-exec-3] [32mTRACE[0;39m o.s.security.web.FilterChainProxy    [ |  | ] - Invoking DisableEncodeUrlFilter (1/14)
26-06-15 17:38:27.433 [http-nio-8080-exec-3] [32mTRACE[0;39m o.s.security.web.FilterChainProxy    [ |  | ] - Invoking WebAsyncManagerIntegrationFilter (2/14)
26-06-15 17:38:27.434 [http-nio-8080-exec-3] [32mTRACE[0;39m o.s.security.web.FilterChainProxy    [ |  | ] - Invoking SecurityContextHolderFilter (3/14)
26-06-15 17:38:27.434 [http-nio-8080-exec-3] [32mTRACE[0;39m o.s.security.web.FilterChainProxy    [ |  | ] - Invoking HeaderWriterFilter (4/14)
26-06-15 17:38:27.434 [http-nio-8080-exec-3] [32mTRACE[0;39m o.s.security.web.FilterChainProxy    [ |  | ] - Invoking CsrfFilter (5/14)
26-06-15 17:38:27.435 [http-nio-8080-exec-3] [32mTRACE[0;39m o.s.security.web.FilterChainProxy    [ |  | ] - Invoking LogoutFilter (6/14)
26-06-15 17:38:27.435 [http-nio-8080-exec-3] [32mTRACE[0;39m o.s.s.w.a.logout.LogoutFilter        [ |  | ] - Did not match request to Ant [pattern='/api/auth/logout', POST]
26-06-15 17:38:27.435 [http-nio-8080-exec-3] [32mTRACE[0;39m o.s.security.web.FilterChainProxy    [ |  | ] - Invoking JwtAuthenticationFilter (7/14)
26-06-15 17:38:27.494 [http-nio-8080-exec-3] [32mDEBUG[0;39m org.hibernate.SQL                    [ |  | ] - 
    select
        u1_0.id,
        u1_0.created_at,
        u1_0.email,
        u1_0.password,
        u1_0.profile_id,
        u1_0.role,
        u1_0.updated_at,
        u1_0.username 
    from
        users u1_0 
    where
        u1_0.username=?
26-06-15 17:38:27.494 [http-nio-8080-exec-3] [32mTRACE[0;39m org.hibernate.orm.jdbc.bind          [ |  | ] - binding parameter (1:VARCHAR) <- [admin]
26-06-15 17:38:27.510 [http-nio-8080-exec-3] [32mTRACE[0;39m o.s.s.w.c.SupplierDeferredSecurityContext [ |  | ] - Created SecurityContextImpl [Null authentication]
26-06-15 17:38:27.510 [http-nio-8080-exec-3] [32mDEBUG[0;39m c.s.m.d.s.j.JwtAuthenticationFilter  [ |  | ] - Set authentication for user: admin
26-06-15 17:38:27.510 [http-nio-8080-exec-3] [32mTRACE[0;39m o.s.security.web.FilterChainProxy    [ |  | ] - Invoking UsernamePasswordAuthenticationFilter (8/14)
26-06-15 17:38:27.510 [http-nio-8080-exec-3] [32mTRACE[0;39m o.s.s.w.a.UsernamePasswordAuthenticationFilter [ |  | ] - Did not match request to Ant [pattern='/api/auth/login', POST]
26-06-15 17:38:27.510 [http-nio-8080-exec-3] [32mTRACE[0;39m o.s.security.web.FilterChainProxy    [ |  | ] - Invoking RequestCacheAwareFilter (9/14)
26-06-15 17:38:27.510 [http-nio-8080-exec-3] [32mTRACE[0;39m o.s.security.web.FilterChainProxy    [ |  | ] - Invoking SecurityContextHolderAwareRequestFilter (10/14)
26-06-15 17:38:27.511 [http-nio-8080-exec-3] [32mTRACE[0;39m o.s.security.web.FilterChainProxy    [ |  | ] - Invoking AnonymousAuthenticationFilter (11/14)
26-06-15 17:38:27.511 [http-nio-8080-exec-3] [32mTRACE[0;39m o.s.security.web.FilterChainProxy    [ |  | ] - Invoking SessionManagementFilter (12/14)
26-06-15 17:38:27.511 [http-nio-8080-exec-3] [32mTRACE[0;39m o.s.s.w.a.AnonymousAuthenticationFilter [ |  | ] - Did not set SecurityContextHolder since already authenticated UsernamePasswordAuthenticationToken [Principal=com.sprint.mission.discodeit.security.DiscodeitUserDetails@70e5ef3, Credentials=[PROTECTED], Authenticated=true, Details=WebAuthenticationDetails [RemoteIpAddress=0:0:0:0:0:0:0:1, SessionId=null], Granted Authorities=[ROLE_ADMIN]]
26-06-15 17:38:27.511 [http-nio-8080-exec-3] [32mTRACE[0;39m o.s.s.w.a.s.CompositeSessionAuthenticationStrategy [ |  | ] - Preparing session with ChangeSessionIdAuthenticationStrategy (1/2)
26-06-15 17:38:27.511 [http-nio-8080-exec-3] [32mTRACE[0;39m o.s.s.w.a.s.CompositeSessionAuthenticationStrategy [ |  | ] - Preparing session with CsrfAuthenticationStrategy (2/2)
26-06-15 17:38:27.513 [http-nio-8080-exec-3] [32mDEBUG[0;39m o.s.s.w.c.CsrfAuthenticationStrategy [ |  | ] - Replaced CSRF Token
26-06-15 17:38:27.513 [http-nio-8080-exec-3] [32mTRACE[0;39m o.s.security.web.FilterChainProxy    [ |  | ] - Invoking ExceptionTranslationFilter (13/14)
26-06-15 17:38:27.513 [http-nio-8080-exec-3] [32mTRACE[0;39m o.s.security.web.FilterChainProxy    [ |  | ] - Invoking AuthorizationFilter (14/14)
26-06-15 17:38:27.514 [http-nio-8080-exec-3] [32mTRACE[0;39m o.s.s.w.a.i.RequestMatcherDelegatingAuthorizationManager [ |  | ] - Authorizing POST /api/messages
26-06-15 17:38:27.514 [http-nio-8080-exec-3] [32mTRACE[0;39m o.s.s.w.a.i.RequestMatcherDelegatingAuthorizationManager [ |  | ] - Checking authorization on POST /api/messages using org.springframework.security.authorization.AuthenticatedAuthorizationManager@4c7cb448
26-06-15 17:38:27.515 [http-nio-8080-exec-3] [32mDEBUG[0;39m o.s.security.web.FilterChainProxy    [ |  | ] - Secured POST /api/messages
26-06-15 17:38:27.522 [http-nio-8080-exec-3] [32mDEBUG[0;39m c.s.m.d.config.MDCLoggingInterceptor [1b05472c50d74bbeb77cbbcf221d740d | POST | /api/messages] - Request started
26-06-15 17:38:27.558 [http-nio-8080-exec-3] [31mERROR[0;39m c.s.m.d.e.GlobalExceptionHandler     [1b05472c50d74bbeb77cbbcf221d740d | POST | /api/messages] - 예상치 못한 오류 발생: Content-Type 'application/octet-stream' is not supported
org.springframework.web.HttpMediaTypeNotSupportedException: Content-Type 'application/octet-stream' is not supported
	at org.springframework.web.servlet.mvc.method.annotation.AbstractMessageConverterMethodArgumentResolver.readWithMessageConverters(AbstractMessageConverterMethodArgumentResolver.java:236)
	at org.springframework.web.servlet.mvc.method.annotation.RequestPartMethodArgumentResolver.resolveArgument(RequestPartMethodArgumentResolver.java:141)
	at org.springframework.web.method.support.HandlerMethodArgumentResolverComposite.resolveArgument(HandlerMethodArgumentResolverComposite.java:122)
	at org.springframework.web.method.support.InvocableHandlerMethod.getMethodArgumentValues(InvocableHandlerMethod.java:224)
	at org.springframework.web.method.support.InvocableHandlerMethod.invokeForRequest(InvocableHandlerMethod.java:178)
	at org.springframework.web.servlet.mvc.method.annotation.ServletInvocableHandlerMethod.invokeAndHandle(ServletInvocableHandlerMethod.java:118)
	at org.springframework.web.servlet.mvc.method.annotation.RequestMappingHandlerAdapter.invokeHandlerMethod(RequestMappingHandlerAdapter.java:986)
	at org.springframework.web.servlet.mvc.method.annotation.RequestMappingHandlerAdapter.handleInternal(RequestMappingHandlerAdapter.java:891)
	at org.springframework.web.servlet.mvc.method.AbstractHandlerMethodAdapter.handle(AbstractHandlerMethodAdapter.java:87)
	at org.springframework.web.servlet.DispatcherServlet.doDispatch(DispatcherServlet.java:1088)
	at org.springframework.web.servlet.DispatcherServlet.doService(DispatcherServlet.java:978)
	at org.springframework.web.servlet.FrameworkServlet.processRequest(FrameworkServlet.java:1014)
	at org.springframework.web.servlet.FrameworkServlet.doPost(FrameworkServlet.java:914)
	at jakarta.servlet.http.HttpServlet.service(HttpServlet.java:590)
	at org.springframework.web.servlet.FrameworkServlet.service(FrameworkServlet.java:885)
	at jakarta.servlet.http.HttpServlet.service(HttpServlet.java:658)
	at org.apache.catalina.core.ApplicationFilterChain.internalDoFilter(ApplicationFilterChain.java:195)
	at org.apache.catalina.core.ApplicationFilterChain.doFilter(ApplicationFilterChain.java:140)
	at org.apache.tomcat.websocket.server.WsFilter.doFilter(WsFilter.java:51)
	at org.apache.catalina.core.ApplicationFilterChain.internalDoFilter(ApplicationFilterChain.java:164)
	at org.apache.catalina.core.ApplicationFilterChain.doFilter(ApplicationFilterChain.java:140)
	at org.springframework.web.filter.OncePerRequestFilter.doFilter(OncePerRequestFilter.java:110)
	at org.apache.catalina.core.ApplicationFilterChain.internalDoFilter(ApplicationFilterChain.java:164)
	at org.apache.catalina.core.ApplicationFilterChain.doFilter(ApplicationFilterChain.java:140)
	at org.springframework.web.filter.CompositeFilter$VirtualFilterChain.doFilter(CompositeFilter.java:108)
	at org.springframework.security.web.FilterChainProxy.lambda$doFilterInternal$3(FilterChainProxy.java:231)
	at org.springframework.security.web.ObservationFilterChainDecorator$FilterObservation$SimpleFilterObservation.lambda$wrap$1(ObservationFilterChainDecorator.java:479)
	at org.springframework.security.web.ObservationFilterChainDecorator$AroundFilterObservation$SimpleAroundFilterObservation.lambda$wrap$1(ObservationFilterChainDecorator.java:340)
	at org.springframework.security.web.ObservationFilterChainDecorator.lambda$wrapSecured$0(ObservationFilterChainDecorator.java:82)
	at org.springframework.security.web.ObservationFilterChainDecorator$VirtualFilterChain.doFilter(ObservationFilterChainDecorator.java:128)
	at org.springframework.security.web.access.intercept.AuthorizationFilter.doFilter(AuthorizationFilter.java:101)
	at org.springframework.security.web.ObservationFilterChainDecorator$ObservationFilter.wrapFilter(ObservationFilterChainDecorator.java:240)
	at org.springframework.security.web.ObservationFilterChainDecorator$ObservationFilter.doFilter(ObservationFilterChainDecorator.java:227)
	at org.springframework.security.web.ObservationFilterChainDecorator$VirtualFilterChain.doFilter(ObservationFilterChainDecorator.java:137)
	at org.springframework.security.web.access.ExceptionTranslationFilter.doFilter(ExceptionTranslationFilter.java:126)
	at org.springframework.security.web.access.ExceptionTranslationFilter.doFilter(ExceptionTranslationFilter.java:120)
	at org.springframework.security.web.ObservationFilterChainDecorator$ObservationFilter.wrapFilter(ObservationFilterChainDecorator.java:240)
	at org.springframework.security.web.ObservationFilterChainDecorator$ObservationFilter.doFilter(ObservationFilterChainDecorator.java:227)
	at org.springframework.security.web.ObservationFilterChainDecorator$VirtualFilterChain.doFilter(ObservationFilterChainDecorator.java:137)
	at org.springframework.security.web.session.SessionManagementFilter.doFilter(SessionManagementFilter.java:131)
	at org.springframework.security.web.session.SessionManagementFilter.doFilter(SessionManagementFilter.java:85)
	at org.springframework.security.web.ObservationFilterChainDecorator$ObservationFilter.wrapFilter(ObservationFilterChainDecorator.java:240)
	at org.springframework.security.web.ObservationFilterChainDecorator$ObservationFilter.doFilter(ObservationFilterChainDecorator.java:227)
	at org.springframework.security.web.ObservationFilterChainDecorator$VirtualFilterChain.doFilter(ObservationFilterChainDecorator.java:137)
	at org.springframework.security.web.authentication.AnonymousAuthenticationFilter.doFilter(AnonymousAuthenticationFilter.java:100)
	at org.springframework.security.web.ObservationFilterChainDecorator$ObservationFilter.wrapFilter(ObservationFilterChainDecorator.java:240)
	at org.springframework.security.web.ObservationFilterChainDecorator$ObservationFilter.doFilter(ObservationFilterChainDecorator.java:227)
	at org.springframework.security.web.ObservationFilterChainDecorator$VirtualFilterChain.doFilter(ObservationFilterChainDecorator.java:137)
	at org.springframework.security.web.servletapi.SecurityContextHolderAwareRequestFilter.doFilter(SecurityContextHolderAwareRequestFilter.java:179)
	at org.springframework.security.web.ObservationFilterChainDecorator$ObservationFilter.wrapFilter(ObservationFilterChainDecorator.java:240)
	at org.springframework.security.web.ObservationFilterChainDecorator$ObservationFilter.doFilter(ObservationFilterChainDecorator.java:227)
	at org.springframework.security.web.ObservationFilterChainDecorator$VirtualFilterChain.doFilter(ObservationFilterChainDecorator.java:137)
	at org.springframework.security.web.savedrequest.RequestCacheAwareFilter.doFilter(RequestCacheAwareFilter.java:63)
	at org.springframework.security.web.ObservationFilterChainDecorator$ObservationFilter.wrapFilter(ObservationFilterChainDecorator.java:240)
	at org.springframework.security.web.ObservationFilterChainDecorator$ObservationFilter.doFilter(ObservationFilterChainDecorator.java:227)
	at org.springframework.security.web.ObservationFilterChainDecorator$VirtualFilterChain.doFilter(ObservationFilterChainDecorator.java:137)
	at org.springframework.security.web.authentication.AbstractAuthenticationProcessingFilter.doFilter(AbstractAuthenticationProcessingFilter.java:227)
	at org.springframework.security.web.authentication.AbstractAuthenticationProcessingFilter.doFilter(AbstractAuthenticationProcessingFilter.java:221)
	at org.springframework.security.web.ObservationFilterChainDecorator$ObservationFilter.wrapFilter(ObservationFilterChainDecorator.java:240)
	at org.springframework.security.web.ObservationFilterChainDecorator$ObservationFilter.doFilter(ObservationFilterChainDecorator.java:227)
	at org.springframework.security.web.ObservationFilterChainDecorator$VirtualFilterChain.doFilter(ObservationFilterChainDecorator.java:137)
	at com.sprint.mission.discodeit.security.jwt.JwtAuthenticationFilter.doFilterInternal(JwtAuthenticationFilter.java:72)
	at org.springframework.web.filter.OncePerRequestFilter.doFilter(OncePerRequestFilter.java:116)
	at org.springframework.security.web.ObservationFilterChainDecorator$ObservationFilter.wrapFilter(ObservationFilterChainDecorator.java:240)
	at org.springframework.security.web.ObservationFilterChainDecorator$ObservationFilter.doFilter(ObservationFilterChainDecorator.java:227)
	at org.springframework.security.web.ObservationFilterChainDecorator$VirtualFilterChain.doFilter(ObservationFilterChainDecorator.java:137)
	at org.springframework.security.web.authentication.logout.LogoutFilter.doFilter(LogoutFilter.java:107)
	at org.springframework.security.web.authentication.logout.LogoutFilter.doFilter(LogoutFilter.java:93)
	at org.springframework.security.web.ObservationFilterChainDecorator$ObservationFilter.wrapFilter(ObservationFilterChainDecorator.java:240)
	at org.springframework.security.web.ObservationFilterChainDecorator$ObservationFilter.doFilter(ObservationFilterChainDecorator.java:227)
	at org.springframework.security.web.ObservationFilterChainDecorator$VirtualFilterChain.doFilter(ObservationFilterChainDecorator.java:137)
	at org.springframework.security.web.csrf.CsrfFilter.doFilterInternal(CsrfFilter.java:131)
	at org.springframework.web.filter.OncePerRequestFilter.doFilter(OncePerRequestFilter.java:116)
	at org.springframework.security.web.ObservationFilterChainDecorator$ObservationFilter.wrapFilter(ObservationFilterChainDecorator.java:240)
	at org.springframework.security.web.ObservationFilterChainDecorator$ObservationFilter.doFilter(ObservationFilterChainDecorator.java:227)
	at org.springframework.security.web.ObservationFilterChainDecorator$VirtualFilterChain.doFilter(ObservationFilterChainDecorator.java:137)
	at org.springframework.security.web.header.HeaderWriterFilter.doHeadersAfter(HeaderWriterFilter.java:90)
	at org.springframework.security.web.header.HeaderWriterFilter.doFilterInternal(HeaderWriterFilter.java:75)
	at org.springframework.web.filter.OncePerRequestFilter.doFilter(OncePerRequestFilter.java:116)
	at org.springframework.security.web.ObservationFilterChainDecorator$ObservationFilter.wrapFilter(ObservationFilterChainDecorator.java:240)
	at org.springframework.security.web.ObservationFilterChainDecorator$ObservationFilter.doFilter(ObservationFilterChainDecorator.java:227)
	at org.springframework.security.web.ObservationFilterChainDecorator$VirtualFilterChain.doFilter(ObservationFilterChainDecorator.java:137)
	at org.springframework.security.web.context.SecurityContextHolderFilter.doFilter(SecurityContextHolderFilter.java:82)
	at org.springframework.security.web.context.SecurityContextHolderFilter.doFilter(SecurityContextHolderFilter.java:69)
	at org.springframework.security.web.ObservationFilterChainDecorator$ObservationFilter.wrapFilter(ObservationFilterChainDecorator.java:240)
	at org.springframework.security.web.ObservationFilterChainDecorator$ObservationFilter.doFilter(ObservationFilterChainDecorator.java:227)
	at org.springframework.security.web.ObservationFilterChainDecorator$VirtualFilterChain.doFilter(ObservationFilterChainDecorator.java:137)
	at org.springframework.security.web.context.request.async.WebAsyncManagerIntegrationFilter.doFilterInternal(WebAsyncManagerIntegrationFilter.java:62)
	at org.springframework.web.filter.OncePerRequestFilter.doFilter(OncePerRequestFilter.java:116)
	at org.springframework.security.web.ObservationFilterChainDecorator$ObservationFilter.wrapFilter(ObservationFilterChainDecorator.java:240)
	at org.springframework.security.web.ObservationFilterChainDecorator$ObservationFilter.doFilter(ObservationFilterChainDecorator.java:227)
	at org.springframework.security.web.ObservationFilterChainDecorator$VirtualFilterChain.doFilter(ObservationFilterChainDecorator.java:137)
	at org.springframework.security.web.session.DisableEncodeUrlFilter.doFilterInternal(DisableEncodeUrlFilter.java:42)
	at org.springframework.web.filter.OncePerRequestFilter.doFilter(OncePerRequestFilter.java:116)
	at org.springframework.security.web.ObservationFilterChainDecorator$ObservationFilter.wrapFilter(ObservationFilterChainDecorator.java:240)
	at org.springframework.security.web.ObservationFilterChainDecorator$AroundFilterObservation$SimpleAroundFilterObservation.lambda$wrap$0(ObservationFilterChainDecorator.java:323)
	at org.springframework.security.web.ObservationFilterChainDecorator$ObservationFilter.doFilter(ObservationFilterChainDecorator.java:224)
	at org.springframework.security.web.ObservationFilterChainDecorator$VirtualFilterChain.doFilter(ObservationFilterChainDecorator.java:137)
	at org.springframework.security.web.FilterChainProxy.doFilterInternal(FilterChainProxy.java:233)
	at org.springframework.security.web.FilterChainProxy.doFilter(FilterChainProxy.java:191)
	at org.springframework.web.filter.CompositeFilter$VirtualFilterChain.doFilter(CompositeFilter.java:113)
	at org.springframework.web.servlet.handler.HandlerMappingIntrospector.lambda$createCacheFilter$3(HandlerMappingIntrospector.java:243)
	at org.springframework.web.filter.CompositeFilter$VirtualFilterChain.doFilter(CompositeFilter.java:113)
	at org.springframework.web.filter.CompositeFilter.doFilter(CompositeFilter.java:74)
	at org.springframework.security.config.annotation.web.configuration.WebMvcSecurityConfiguration$CompositeFilterChainProxy.doFilter(WebMvcSecurityConfiguration.java:238)
	at org.springframework.web.filter.DelegatingFilterProxy.invokeDelegate(DelegatingFilterProxy.java:362)
	at org.springframework.web.filter.DelegatingFilterProxy.doFilter(DelegatingFilterProxy.java:278)
	at org.apache.catalina.core.ApplicationFilterChain.internalDoFilter(ApplicationFilterChain.java:164)
	at org.apache.catalina.core.ApplicationFilterChain.doFilter(ApplicationFilterChain.java:140)
	at org.springframework.web.filter.RequestContextFilter.doFilterInternal(RequestContextFilter.java:100)
	at org.springframework.web.filter.OncePerRequestFilter.doFilter(OncePerRequestFilter.java:116)
	at org.apache.catalina.core.ApplicationFilterChain.internalDoFilter(ApplicationFilterChain.java:164)
	at org.apache.catalina.core.ApplicationFilterChain.doFilter(ApplicationFilterChain.java:140)
	at org.springframework.web.filter.FormContentFilter.doFilterInternal(FormContentFilter.java:93)
	at org.springframework.web.filter.OncePerRequestFilter.doFilter(OncePerRequestFilter.java:116)
	at org.apache.catalina.core.ApplicationFilterChain.internalDoFilter(ApplicationFilterChain.java:164)
	at org.apache.catalina.core.ApplicationFilterChain.doFilter(ApplicationFilterChain.java:140)
	at org.springframework.web.filter.ServerHttpObservationFilter.doFilterInternal(ServerHttpObservationFilter.java:114)
	at org.springframework.web.filter.OncePerRequestFilter.doFilter(OncePerRequestFilter.java:116)
	at org.apache.catalina.core.ApplicationFilterChain.internalDoFilter(ApplicationFilterChain.java:164)
	at org.apache.catalina.core.ApplicationFilterChain.doFilter(ApplicationFilterChain.java:140)
	at org.springframework.web.filter.CharacterEncodingFilter.doFilterInternal(CharacterEncodingFilter.java:201)
	at org.springframework.web.filter.OncePerRequestFilter.doFilter(OncePerRequestFilter.java:116)
	at org.apache.catalina.core.ApplicationFilterChain.internalDoFilter(ApplicationFilterChain.java:164)
	at org.apache.catalina.core.ApplicationFilterChain.doFilter(ApplicationFilterChain.java:140)
	at org.apache.catalina.core.StandardWrapperValve.invoke(StandardWrapperValve.java:167)
	at org.apache.catalina.core.StandardContextValve.invoke(StandardContextValve.java:90)
	at org.apache.catalina.authenticator.AuthenticatorBase.invoke(AuthenticatorBase.java:483)
	at org.apache.catalina.core.StandardHostValve.invoke(StandardHostValve.java:115)
	at org.apache.catalina.valves.ErrorReportValve.invoke(ErrorReportValve.java:93)
	at org.apache.catalina.core.StandardEngineValve.invoke(StandardEngineValve.java:74)
	at org.apache.catalina.connector.CoyoteAdapter.service(CoyoteAdapter.java:344)
	at org.apache.coyote.http11.Http11Processor.service(Http11Processor.java:397)
	at org.apache.coyote.AbstractProcessorLight.process(AbstractProcessorLight.java:63)
	at org.apache.coyote.AbstractProtocol$ConnectionHandler.process(AbstractProtocol.java:905)
	at org.apache.tomcat.util.net.NioEndpoint$SocketProcessor.doRun(NioEndpoint.java:1741)
	at org.apache.tomcat.util.net.SocketProcessorBase.run(SocketProcessorBase.java:52)
	at org.apache.tomcat.util.threads.ThreadPoolExecutor.runWorker(ThreadPoolExecutor.java:1190)
	at org.apache.tomcat.util.threads.ThreadPoolExecutor$Worker.run(ThreadPoolExecutor.java:659)
	at org.apache.tomcat.util.threads.TaskThread$WrappingRunnable.run(TaskThread.java:63)
	at java.base/java.lang.Thread.run(Thread.java:840)
26-06-15 17:38:27.570 [http-nio-8080-exec-3] [32mTRACE[0;39m o.s.s.w.h.writers.HstsHeaderWriter   [1b05472c50d74bbeb77cbbcf221d740d | POST | /api/messages] - Not injecting HSTS header since it did not match request to [Is Secure]
26-06-15 17:38:27.572 [http-nio-8080-exec-3] [32mDEBUG[0;39m c.s.m.d.config.MDCLoggingInterceptor [1b05472c50d74bbeb77cbbcf221d740d | POST | /api/messages] - Request completed
26-06-15 17:42:15.879 [http-nio-8080-exec-4] [32mTRACE[0;39m o.s.security.web.FilterChainProxy    [ |  | ] - Trying to match request against DefaultSecurityFilterChain defined as 'filterChain' in [class path resource [com/sprint/mission/discodeit/config/SecurityConfig.class]] matching [any request] and having filters [DisableEncodeUrl, WebAsyncManagerIntegration, SecurityContextHolder, HeaderWriter, Csrf, Logout, JwtAuthentication, UsernamePasswordAuthentication, RequestCacheAware, SecurityContextHolderAwareRequest, AnonymousAuthentication, SessionManagement, ExceptionTranslation, Authorization] (1/1)
26-06-15 17:42:15.882 [http-nio-8080-exec-4] [32mDEBUG[0;39m o.s.security.web.FilterChainProxy    [ |  | ] - Securing POST /api/messages
26-06-15 17:42:15.883 [http-nio-8080-exec-4] [32mTRACE[0;39m o.s.security.web.FilterChainProxy    [ |  | ] - Invoking DisableEncodeUrlFilter (1/14)
26-06-15 17:42:15.885 [http-nio-8080-exec-4] [32mTRACE[0;39m o.s.security.web.FilterChainProxy    [ |  | ] - Invoking WebAsyncManagerIntegrationFilter (2/14)
26-06-15 17:42:15.885 [http-nio-8080-exec-4] [32mTRACE[0;39m o.s.security.web.FilterChainProxy    [ |  | ] - Invoking SecurityContextHolderFilter (3/14)
26-06-15 17:42:15.886 [http-nio-8080-exec-4] [32mTRACE[0;39m o.s.security.web.FilterChainProxy    [ |  | ] - Invoking HeaderWriterFilter (4/14)
26-06-15 17:42:15.886 [http-nio-8080-exec-4] [32mTRACE[0;39m o.s.security.web.FilterChainProxy    [ |  | ] - Invoking CsrfFilter (5/14)
26-06-15 17:42:15.890 [http-nio-8080-exec-4] [32mTRACE[0;39m o.s.security.web.FilterChainProxy    [ |  | ] - Invoking LogoutFilter (6/14)
26-06-15 17:42:15.891 [http-nio-8080-exec-4] [32mTRACE[0;39m o.s.s.w.a.logout.LogoutFilter        [ |  | ] - Did not match request to Ant [pattern='/api/auth/logout', POST]
26-06-15 17:42:15.891 [http-nio-8080-exec-4] [32mTRACE[0;39m o.s.security.web.FilterChainProxy    [ |  | ] - Invoking JwtAuthenticationFilter (7/14)
26-06-15 17:42:16.013 [http-nio-8080-exec-4] [32mDEBUG[0;39m org.hibernate.SQL                    [ |  | ] - 
    select
        u1_0.id,
        u1_0.created_at,
        u1_0.email,
        u1_0.password,
        u1_0.profile_id,
        u1_0.role,
        u1_0.updated_at,
        u1_0.username 
    from
        users u1_0 
    where
        u1_0.username=?
26-06-15 17:42:16.016 [http-nio-8080-exec-4] [32mTRACE[0;39m org.hibernate.orm.jdbc.bind          [ |  | ] - binding parameter (1:VARCHAR) <- [admin]
26-06-15 17:42:16.049 [http-nio-8080-exec-4] [32mTRACE[0;39m o.s.s.w.c.SupplierDeferredSecurityContext [ |  | ] - Created SecurityContextImpl [Null authentication]
26-06-15 17:42:16.050 [http-nio-8080-exec-4] [32mDEBUG[0;39m c.s.m.d.s.j.JwtAuthenticationFilter  [ |  | ] - Set authentication for user: admin
26-06-15 17:42:16.050 [http-nio-8080-exec-4] [32mTRACE[0;39m o.s.security.web.FilterChainProxy    [ |  | ] - Invoking UsernamePasswordAuthenticationFilter (8/14)
26-06-15 17:42:16.051 [http-nio-8080-exec-4] [32mTRACE[0;39m o.s.s.w.a.UsernamePasswordAuthenticationFilter [ |  | ] - Did not match request to Ant [pattern='/api/auth/login', POST]
26-06-15 17:42:16.051 [http-nio-8080-exec-4] [32mTRACE[0;39m o.s.security.web.FilterChainProxy    [ |  | ] - Invoking RequestCacheAwareFilter (9/14)
26-06-15 17:42:16.052 [http-nio-8080-exec-4] [32mTRACE[0;39m o.s.security.web.FilterChainProxy    [ |  | ] - Invoking SecurityContextHolderAwareRequestFilter (10/14)
26-06-15 17:42:16.052 [http-nio-8080-exec-4] [32mTRACE[0;39m o.s.security.web.FilterChainProxy    [ |  | ] - Invoking AnonymousAuthenticationFilter (11/14)
26-06-15 17:42:16.052 [http-nio-8080-exec-4] [32mTRACE[0;39m o.s.security.web.FilterChainProxy    [ |  | ] - Invoking SessionManagementFilter (12/14)
26-06-15 17:42:16.053 [http-nio-8080-exec-4] [32mTRACE[0;39m o.s.s.w.a.AnonymousAuthenticationFilter [ |  | ] - Did not set SecurityContextHolder since already authenticated UsernamePasswordAuthenticationToken [Principal=com.sprint.mission.discodeit.security.DiscodeitUserDetails@70e5ef3, Credentials=[PROTECTED], Authenticated=true, Details=WebAuthenticationDetails [RemoteIpAddress=0:0:0:0:0:0:0:1, SessionId=null], Granted Authorities=[ROLE_ADMIN]]
26-06-15 17:42:16.053 [http-nio-8080-exec-4] [32mTRACE[0;39m o.s.s.w.a.s.CompositeSessionAuthenticationStrategy [ |  | ] - Preparing session with ChangeSessionIdAuthenticationStrategy (1/2)
26-06-15 17:42:16.053 [http-nio-8080-exec-4] [32mTRACE[0;39m o.s.s.w.a.s.CompositeSessionAuthenticationStrategy [ |  | ] - Preparing session with CsrfAuthenticationStrategy (2/2)
26-06-15 17:42:16.055 [http-nio-8080-exec-4] [32mDEBUG[0;39m o.s.s.w.c.CsrfAuthenticationStrategy [ |  | ] - Replaced CSRF Token
26-06-15 17:42:16.055 [http-nio-8080-exec-4] [32mTRACE[0;39m o.s.security.web.FilterChainProxy    [ |  | ] - Invoking ExceptionTranslationFilter (13/14)
26-06-15 17:42:16.056 [http-nio-8080-exec-4] [32mTRACE[0;39m o.s.security.web.FilterChainProxy    [ |  | ] - Invoking AuthorizationFilter (14/14)
26-06-15 17:42:16.056 [http-nio-8080-exec-4] [32mTRACE[0;39m o.s.s.w.a.i.RequestMatcherDelegatingAuthorizationManager [ |  | ] - Authorizing POST /api/messages
26-06-15 17:42:16.057 [http-nio-8080-exec-4] [32mTRACE[0;39m o.s.s.w.a.i.RequestMatcherDelegatingAuthorizationManager [ |  | ] - Checking authorization on POST /api/messages using org.springframework.security.authorization.AuthenticatedAuthorizationManager@4c7cb448
26-06-15 17:42:16.062 [http-nio-8080-exec-4] [32mDEBUG[0;39m o.s.security.web.FilterChainProxy    [ |  | ] - Secured POST /api/messages
26-06-15 17:42:16.075 [http-nio-8080-exec-4] [32mDEBUG[0;39m c.s.m.d.config.MDCLoggingInterceptor [d813b59d231446f580a7aa522884aca7 | POST | /api/messages] - Request started
26-06-15 17:42:16.558 [http-nio-8080-exec-4] [31mERROR[0;39m c.s.m.d.e.GlobalExceptionHandler     [d813b59d231446f580a7aa522884aca7 | POST | /api/messages] - 요청 유효성 검사 실패: Validation failed for argument [0] in public org.springframework.http.ResponseEntity<com.sprint.mission.discodeit.dto.data.MessageDto> com.sprint.mission.discodeit.controller.MessageController.create(com.sprint.mission.discodeit.dto.request.MessageCreateRequest,java.util.List<org.springframework.web.multipart.MultipartFile>): [Field error in object 'messageCreateRequest' on field 'authorId': rejected value [null]; codes [NotNull.messageCreateRequest.authorId,NotNull.authorId,NotNull.java.util.UUID,NotNull]; arguments [org.springframework.context.support.DefaultMessageSourceResolvable: codes [messageCreateRequest.authorId,authorId]; arguments []; default message [authorId]]; default message [작성자 ID는 필수입니다]] 
26-06-15 17:42:16.563 [http-nio-8080-exec-4] [32mTRACE[0;39m o.s.s.w.h.writers.HstsHeaderWriter   [d813b59d231446f580a7aa522884aca7 | POST | /api/messages] - Not injecting HSTS header since it did not match request to [Is Secure]
26-06-15 17:42:16.563 [http-nio-8080-exec-4] [32mDEBUG[0;39m c.s.m.d.config.MDCLoggingInterceptor [d813b59d231446f580a7aa522884aca7 | POST | /api/messages] - Request completed
26-06-15 17:43:17.140 [http-nio-8080-exec-6] [32mTRACE[0;39m o.s.security.web.FilterChainProxy    [ |  | ] - Trying to match request against DefaultSecurityFilterChain defined as 'filterChain' in [class path resource [com/sprint/mission/discodeit/config/SecurityConfig.class]] matching [any request] and having filters [DisableEncodeUrl, WebAsyncManagerIntegration, SecurityContextHolder, HeaderWriter, Csrf, Logout, JwtAuthentication, UsernamePasswordAuthentication, RequestCacheAware, SecurityContextHolderAwareRequest, AnonymousAuthentication, SessionManagement, ExceptionTranslation, Authorization] (1/1)
26-06-15 17:43:17.142 [http-nio-8080-exec-6] [32mDEBUG[0;39m o.s.security.web.FilterChainProxy    [ |  | ] - Securing POST /api/messages
26-06-15 17:43:17.143 [http-nio-8080-exec-6] [32mTRACE[0;39m o.s.security.web.FilterChainProxy    [ |  | ] - Invoking DisableEncodeUrlFilter (1/14)
26-06-15 17:43:17.144 [http-nio-8080-exec-6] [32mTRACE[0;39m o.s.security.web.FilterChainProxy    [ |  | ] - Invoking WebAsyncManagerIntegrationFilter (2/14)
26-06-15 17:43:17.145 [http-nio-8080-exec-6] [32mTRACE[0;39m o.s.security.web.FilterChainProxy    [ |  | ] - Invoking SecurityContextHolderFilter (3/14)
26-06-15 17:43:17.145 [http-nio-8080-exec-6] [32mTRACE[0;39m o.s.security.web.FilterChainProxy    [ |  | ] - Invoking HeaderWriterFilter (4/14)
26-06-15 17:43:17.146 [http-nio-8080-exec-6] [32mTRACE[0;39m o.s.security.web.FilterChainProxy    [ |  | ] - Invoking CsrfFilter (5/14)
26-06-15 17:43:17.147 [http-nio-8080-exec-6] [32mTRACE[0;39m o.s.security.web.FilterChainProxy    [ |  | ] - Invoking LogoutFilter (6/14)
26-06-15 17:43:17.148 [http-nio-8080-exec-6] [32mTRACE[0;39m o.s.s.w.a.logout.LogoutFilter        [ |  | ] - Did not match request to Ant [pattern='/api/auth/logout', POST]
26-06-15 17:43:17.148 [http-nio-8080-exec-6] [32mTRACE[0;39m o.s.security.web.FilterChainProxy    [ |  | ] - Invoking JwtAuthenticationFilter (7/14)
26-06-15 17:43:17.183 [http-nio-8080-exec-6] [32mDEBUG[0;39m org.hibernate.SQL                    [ |  | ] - 
    select
        u1_0.id,
        u1_0.created_at,
        u1_0.email,
        u1_0.password,
        u1_0.profile_id,
        u1_0.role,
        u1_0.updated_at,
        u1_0.username 
    from
        users u1_0 
    where
        u1_0.username=?
26-06-15 17:43:17.184 [http-nio-8080-exec-6] [32mTRACE[0;39m org.hibernate.orm.jdbc.bind          [ |  | ] - binding parameter (1:VARCHAR) <- [admin]
26-06-15 17:43:17.205 [http-nio-8080-exec-6] [32mTRACE[0;39m o.s.s.w.c.SupplierDeferredSecurityContext [ |  | ] - Created SecurityContextImpl [Null authentication]
26-06-15 17:43:17.205 [http-nio-8080-exec-6] [32mDEBUG[0;39m c.s.m.d.s.j.JwtAuthenticationFilter  [ |  | ] - Set authentication for user: admin
26-06-15 17:43:17.205 [http-nio-8080-exec-6] [32mTRACE[0;39m o.s.security.web.FilterChainProxy    [ |  | ] - Invoking UsernamePasswordAuthenticationFilter (8/14)
26-06-15 17:43:17.207 [http-nio-8080-exec-6] [32mTRACE[0;39m o.s.s.w.a.UsernamePasswordAuthenticationFilter [ |  | ] - Did not match request to Ant [pattern='/api/auth/login', POST]
26-06-15 17:43:17.207 [http-nio-8080-exec-6] [32mTRACE[0;39m o.s.security.web.FilterChainProxy    [ |  | ] - Invoking RequestCacheAwareFilter (9/14)
26-06-15 17:43:17.208 [http-nio-8080-exec-6] [32mTRACE[0;39m o.s.security.web.FilterChainProxy    [ |  | ] - Invoking SecurityContextHolderAwareRequestFilter (10/14)
26-06-15 17:43:17.209 [http-nio-8080-exec-6] [32mTRACE[0;39m o.s.security.web.FilterChainProxy    [ |  | ] - Invoking AnonymousAuthenticationFilter (11/14)
26-06-15 17:43:17.209 [http-nio-8080-exec-6] [32mTRACE[0;39m o.s.security.web.FilterChainProxy    [ |  | ] - Invoking SessionManagementFilter (12/14)
26-06-15 17:43:17.211 [http-nio-8080-exec-6] [32mTRACE[0;39m o.s.s.w.a.AnonymousAuthenticationFilter [ |  | ] - Did not set SecurityContextHolder since already authenticated UsernamePasswordAuthenticationToken [Principal=com.sprint.mission.discodeit.security.DiscodeitUserDetails@70e5ef3, Credentials=[PROTECTED], Authenticated=true, Details=WebAuthenticationDetails [RemoteIpAddress=0:0:0:0:0:0:0:1, SessionId=null], Granted Authorities=[ROLE_ADMIN]]
26-06-15 17:43:17.212 [http-nio-8080-exec-6] [32mTRACE[0;39m o.s.s.w.a.s.CompositeSessionAuthenticationStrategy [ |  | ] - Preparing session with ChangeSessionIdAuthenticationStrategy (1/2)
26-06-15 17:43:17.212 [http-nio-8080-exec-6] [32mTRACE[0;39m o.s.s.w.a.s.CompositeSessionAuthenticationStrategy [ |  | ] - Preparing session with CsrfAuthenticationStrategy (2/2)
26-06-15 17:43:17.214 [http-nio-8080-exec-6] [32mDEBUG[0;39m o.s.s.w.c.CsrfAuthenticationStrategy [ |  | ] - Replaced CSRF Token
26-06-15 17:43:17.214 [http-nio-8080-exec-6] [32mTRACE[0;39m o.s.security.web.FilterChainProxy    [ |  | ] - Invoking ExceptionTranslationFilter (13/14)
26-06-15 17:43:17.214 [http-nio-8080-exec-6] [32mTRACE[0;39m o.s.security.web.FilterChainProxy    [ |  | ] - Invoking AuthorizationFilter (14/14)
26-06-15 17:43:17.214 [http-nio-8080-exec-6] [32mTRACE[0;39m o.s.s.w.a.i.RequestMatcherDelegatingAuthorizationManager [ |  | ] - Authorizing POST /api/messages
26-06-15 17:43:17.214 [http-nio-8080-exec-6] [32mTRACE[0;39m o.s.s.w.a.i.RequestMatcherDelegatingAuthorizationManager [ |  | ] - Checking authorization on POST /api/messages using org.springframework.security.authorization.AuthenticatedAuthorizationManager@4c7cb448
26-06-15 17:43:17.215 [http-nio-8080-exec-6] [32mDEBUG[0;39m o.s.security.web.FilterChainProxy    [ |  | ] - Secured POST /api/messages
26-06-15 17:43:17.224 [http-nio-8080-exec-6] [32mDEBUG[0;39m c.s.m.d.config.MDCLoggingInterceptor [7901eeac7d8543c9865df7a4f6f81c67 | POST | /api/messages] - Request started
26-06-15 17:43:17.244 [http-nio-8080-exec-6] [31mERROR[0;39m c.s.m.d.e.GlobalExceptionHandler     [7901eeac7d8543c9865df7a4f6f81c67 | POST | /api/messages] - 요청 유효성 검사 실패: Validation failed for argument [0] in public org.springframework.http.ResponseEntity<com.sprint.mission.discodeit.dto.data.MessageDto> com.sprint.mission.discodeit.controller.MessageController.create(com.sprint.mission.discodeit.dto.request.MessageCreateRequest,java.util.List<org.springframework.web.multipart.MultipartFile>): [Field error in object 'messageCreateRequest' on field 'authorId': rejected value [null]; codes [NotNull.messageCreateRequest.authorId,NotNull.authorId,NotNull.java.util.UUID,NotNull]; arguments [org.springframework.context.support.DefaultMessageSourceResolvable: codes [messageCreateRequest.authorId,authorId]; arguments []; default message [authorId]]; default message [작성자 ID는 필수입니다]] 
26-06-15 17:43:17.247 [http-nio-8080-exec-6] [32mTRACE[0;39m o.s.s.w.h.writers.HstsHeaderWriter   [7901eeac7d8543c9865df7a4f6f81c67 | POST | /api/messages] - Not injecting HSTS header since it did not match request to [Is Secure]
26-06-15 17:43:17.249 [http-nio-8080-exec-6] [32mDEBUG[0;39m c.s.m.d.config.MDCLoggingInterceptor [7901eeac7d8543c9865df7a4f6f81c67 | POST | /api/messages] - Request completed
26-06-15 17:44:04.606 [http-nio-8080-exec-8] [32mTRACE[0;39m o.s.security.web.FilterChainProxy    [ |  | ] - Trying to match request against DefaultSecurityFilterChain defined as 'filterChain' in [class path resource [com/sprint/mission/discodeit/config/SecurityConfig.class]] matching [any request] and having filters [DisableEncodeUrl, WebAsyncManagerIntegration, SecurityContextHolder, HeaderWriter, Csrf, Logout, JwtAuthentication, UsernamePasswordAuthentication, RequestCacheAware, SecurityContextHolderAwareRequest, AnonymousAuthentication, SessionManagement, ExceptionTranslation, Authorization] (1/1)
26-06-15 17:44:04.609 [http-nio-8080-exec-8] [32mDEBUG[0;39m o.s.security.web.FilterChainProxy    [ |  | ] - Securing POST /api/messages
26-06-15 17:44:04.610 [http-nio-8080-exec-8] [32mTRACE[0;39m o.s.security.web.FilterChainProxy    [ |  | ] - Invoking DisableEncodeUrlFilter (1/14)
26-06-15 17:44:04.611 [http-nio-8080-exec-8] [32mTRACE[0;39m o.s.security.web.FilterChainProxy    [ |  | ] - Invoking WebAsyncManagerIntegrationFilter (2/14)
26-06-15 17:44:04.612 [http-nio-8080-exec-8] [32mTRACE[0;39m o.s.security.web.FilterChainProxy    [ |  | ] - Invoking SecurityContextHolderFilter (3/14)
26-06-15 17:44:04.612 [http-nio-8080-exec-8] [32mTRACE[0;39m o.s.security.web.FilterChainProxy    [ |  | ] - Invoking HeaderWriterFilter (4/14)
26-06-15 17:44:04.612 [http-nio-8080-exec-8] [32mTRACE[0;39m o.s.security.web.FilterChainProxy    [ |  | ] - Invoking CsrfFilter (5/14)
26-06-15 17:44:04.613 [http-nio-8080-exec-8] [32mTRACE[0;39m o.s.security.web.FilterChainProxy    [ |  | ] - Invoking LogoutFilter (6/14)
26-06-15 17:44:04.614 [http-nio-8080-exec-8] [32mTRACE[0;39m o.s.s.w.a.logout.LogoutFilter        [ |  | ] - Did not match request to Ant [pattern='/api/auth/logout', POST]
26-06-15 17:44:04.614 [http-nio-8080-exec-8] [32mTRACE[0;39m o.s.security.web.FilterChainProxy    [ |  | ] - Invoking JwtAuthenticationFilter (7/14)
26-06-15 17:44:04.650 [http-nio-8080-exec-8] [32mDEBUG[0;39m org.hibernate.SQL                    [ |  | ] - 
    select
        u1_0.id,
        u1_0.created_at,
        u1_0.email,
        u1_0.password,
        u1_0.profile_id,
        u1_0.role,
        u1_0.updated_at,
        u1_0.username 
    from
        users u1_0 
    where
        u1_0.username=?
26-06-15 17:44:04.652 [http-nio-8080-exec-8] [32mTRACE[0;39m org.hibernate.orm.jdbc.bind          [ |  | ] - binding parameter (1:VARCHAR) <- [admin]
26-06-15 17:44:04.666 [http-nio-8080-exec-8] [32mTRACE[0;39m o.s.s.w.c.SupplierDeferredSecurityContext [ |  | ] - Created SecurityContextImpl [Null authentication]
26-06-15 17:44:04.667 [http-nio-8080-exec-8] [32mDEBUG[0;39m c.s.m.d.s.j.JwtAuthenticationFilter  [ |  | ] - Set authentication for user: admin
26-06-15 17:44:04.668 [http-nio-8080-exec-8] [32mTRACE[0;39m o.s.security.web.FilterChainProxy    [ |  | ] - Invoking UsernamePasswordAuthenticationFilter (8/14)
26-06-15 17:44:04.669 [http-nio-8080-exec-8] [32mTRACE[0;39m o.s.s.w.a.UsernamePasswordAuthenticationFilter [ |  | ] - Did not match request to Ant [pattern='/api/auth/login', POST]
26-06-15 17:44:04.669 [http-nio-8080-exec-8] [32mTRACE[0;39m o.s.security.web.FilterChainProxy    [ |  | ] - Invoking RequestCacheAwareFilter (9/14)
26-06-15 17:44:04.671 [http-nio-8080-exec-8] [32mTRACE[0;39m o.s.security.web.FilterChainProxy    [ |  | ] - Invoking SecurityContextHolderAwareRequestFilter (10/14)
26-06-15 17:44:04.671 [http-nio-8080-exec-8] [32mTRACE[0;39m o.s.security.web.FilterChainProxy    [ |  | ] - Invoking AnonymousAuthenticationFilter (11/14)
26-06-15 17:44:04.671 [http-nio-8080-exec-8] [32mTRACE[0;39m o.s.security.web.FilterChainProxy    [ |  | ] - Invoking SessionManagementFilter (12/14)
26-06-15 17:44:04.672 [http-nio-8080-exec-8] [32mTRACE[0;39m o.s.s.w.a.AnonymousAuthenticationFilter [ |  | ] - Did not set SecurityContextHolder since already authenticated UsernamePasswordAuthenticationToken [Principal=com.sprint.mission.discodeit.security.DiscodeitUserDetails@70e5ef3, Credentials=[PROTECTED], Authenticated=true, Details=WebAuthenticationDetails [RemoteIpAddress=0:0:0:0:0:0:0:1, SessionId=null], Granted Authorities=[ROLE_ADMIN]]
26-06-15 17:44:04.672 [http-nio-8080-exec-8] [32mTRACE[0;39m o.s.s.w.a.s.CompositeSessionAuthenticationStrategy [ |  | ] - Preparing session with ChangeSessionIdAuthenticationStrategy (1/2)
26-06-15 17:44:04.672 [http-nio-8080-exec-8] [32mTRACE[0;39m o.s.s.w.a.s.CompositeSessionAuthenticationStrategy [ |  | ] - Preparing session with CsrfAuthenticationStrategy (2/2)
26-06-15 17:44:04.673 [http-nio-8080-exec-8] [32mDEBUG[0;39m o.s.s.w.c.CsrfAuthenticationStrategy [ |  | ] - Replaced CSRF Token
26-06-15 17:44:04.673 [http-nio-8080-exec-8] [32mTRACE[0;39m o.s.security.web.FilterChainProxy    [ |  | ] - Invoking ExceptionTranslationFilter (13/14)
26-06-15 17:44:04.673 [http-nio-8080-exec-8] [32mTRACE[0;39m o.s.security.web.FilterChainProxy    [ |  | ] - Invoking AuthorizationFilter (14/14)
26-06-15 17:44:04.675 [http-nio-8080-exec-8] [32mTRACE[0;39m o.s.s.w.a.i.RequestMatcherDelegatingAuthorizationManager [ |  | ] - Authorizing POST /api/messages
26-06-15 17:44:04.675 [http-nio-8080-exec-8] [32mTRACE[0;39m o.s.s.w.a.i.RequestMatcherDelegatingAuthorizationManager [ |  | ] - Checking authorization on POST /api/messages using org.springframework.security.authorization.AuthenticatedAuthorizationManager@4c7cb448
26-06-15 17:44:04.675 [http-nio-8080-exec-8] [32mDEBUG[0;39m o.s.security.web.FilterChainProxy    [ |  | ] - Secured POST /api/messages
26-06-15 17:44:04.685 [http-nio-8080-exec-8] [32mDEBUG[0;39m c.s.m.d.config.MDCLoggingInterceptor [76fa6dba39a344bc892db46417f277af | POST | /api/messages] - Request started
26-06-15 17:44:04.802 [http-nio-8080-exec-8] [32mINFO [0;39m c.s.m.d.controller.MessageController [76fa6dba39a344bc892db46417f277af | POST | /api/messages] - 메시지 생성 요청: request=MessageCreateRequest[content=S3 비동기 실패 및 재시도 테스트 메시지입니다., channelId=17c8c424-accc-4f8b-bc68-36b900ba3480, authorId=0705952e-338c-410d-a18c-f422a042f196], attachmentCount=0
26-06-15 17:44:04.831 [http-nio-8080-exec-8] [32mDEBUG[0;39m c.s.m.d.s.basic.BasicMessageService  [76fa6dba39a344bc892db46417f277af | POST | /api/messages] - 메시지 생성 시작: request=MessageCreateRequest[content=S3 비동기 실패 및 재시도 테스트 메시지입니다., channelId=17c8c424-accc-4f8b-bc68-36b900ba3480, authorId=0705952e-338c-410d-a18c-f422a042f196]
26-06-15 17:44:04.852 [http-nio-8080-exec-8] [32mDEBUG[0;39m org.hibernate.SQL                    [76fa6dba39a344bc892db46417f277af | POST | /api/messages] - 
    select
        c1_0.id,
        c1_0.created_at,
        c1_0.description,
        c1_0.name,
        c1_0.type,
        c1_0.updated_at 
    from
        channels c1_0 
    where
        c1_0.id=?
26-06-15 17:44:04.853 [http-nio-8080-exec-8] [32mTRACE[0;39m org.hibernate.orm.jdbc.bind          [76fa6dba39a344bc892db46417f277af | POST | /api/messages] - binding parameter (1:UUID) <- [17c8c424-accc-4f8b-bc68-36b900ba3480]
26-06-15 17:44:04.960 [http-nio-8080-exec-8] [32mDEBUG[0;39m org.hibernate.SQL                    [76fa6dba39a344bc892db46417f277af | POST | /api/messages] - 
    select
        u1_0.id,
        u1_0.created_at,
        u1_0.email,
        u1_0.password,
        u1_0.profile_id,
        u1_0.role,
        u1_0.updated_at,
        u1_0.username 
    from
        users u1_0 
    where
        u1_0.id=?
26-06-15 17:44:04.960 [http-nio-8080-exec-8] [32mTRACE[0;39m org.hibernate.orm.jdbc.bind          [76fa6dba39a344bc892db46417f277af | POST | /api/messages] - binding parameter (1:UUID) <- [0705952e-338c-410d-a18c-f422a042f196]
26-06-15 17:44:05.147 [http-nio-8080-exec-8] [32mINFO [0;39m c.s.m.d.s.basic.BasicMessageService  [76fa6dba39a344bc892db46417f277af | POST | /api/messages] - 메시지 생성 완료: id=a3651614-138f-4d64-923b-71f89742228c, channelId=17c8c424-accc-4f8b-bc68-36b900ba3480
26-06-15 17:44:05.168 [http-nio-8080-exec-8] [32mDEBUG[0;39m org.hibernate.SQL                    [76fa6dba39a344bc892db46417f277af | POST | /api/messages] - 
    insert 
    into
        messages
        (author_id, channel_id, content, created_at, updated_at, id) 
    values
        (?, ?, ?, ?, ?, ?)
26-06-15 17:44:05.169 [http-nio-8080-exec-8] [32mTRACE[0;39m org.hibernate.orm.jdbc.bind          [76fa6dba39a344bc892db46417f277af | POST | /api/messages] - binding parameter (1:UUID) <- [0705952e-338c-410d-a18c-f422a042f196]
26-06-15 17:44:05.169 [http-nio-8080-exec-8] [32mTRACE[0;39m org.hibernate.orm.jdbc.bind          [76fa6dba39a344bc892db46417f277af | POST | /api/messages] - binding parameter (2:UUID) <- [17c8c424-accc-4f8b-bc68-36b900ba3480]
26-06-15 17:44:05.169 [http-nio-8080-exec-8] [32mTRACE[0;39m org.hibernate.orm.jdbc.bind          [76fa6dba39a344bc892db46417f277af | POST | /api/messages] - binding parameter (3:VARCHAR) <- [S3 비동기 실패 및 재시도 테스트 메시지입니다.]
26-06-15 17:44:05.169 [http-nio-8080-exec-8] [32mTRACE[0;39m org.hibernate.orm.jdbc.bind          [76fa6dba39a344bc892db46417f277af | POST | /api/messages] - binding parameter (4:TIMESTAMP_UTC) <- [2026-06-15T08:44:05.007558Z]
26-06-15 17:44:05.169 [http-nio-8080-exec-8] [32mTRACE[0;39m org.hibernate.orm.jdbc.bind          [76fa6dba39a344bc892db46417f277af | POST | /api/messages] - binding parameter (5:TIMESTAMP_UTC) <- [2026-06-15T08:44:05.007558Z]
26-06-15 17:44:05.169 [http-nio-8080-exec-8] [32mTRACE[0;39m org.hibernate.orm.jdbc.bind          [76fa6dba39a344bc892db46417f277af | POST | /api/messages] - binding parameter (6:UUID) <- [a3651614-138f-4d64-923b-71f89742228c]
26-06-15 17:44:05.286 [http-nio-8080-exec-8] [32mDEBUG[0;39m c.s.m.d.controller.MessageController [76fa6dba39a344bc892db46417f277af | POST | /api/messages] - 메시지 생성 응답: MessageDto[id=a3651614-138f-4d64-923b-71f89742228c, createdAt=2026-06-15T08:44:05.007558Z, updatedAt=2026-06-15T08:44:05.007558Z, content=S3 비동기 실패 및 재시도 테스트 메시지입니다., channelId=17c8c424-accc-4f8b-bc68-36b900ba3480, author=UserDto[id=0705952e-338c-410d-a18c-f422a042f196, username=admin, email=admin@example.com, profile=null, online=true, role=ADMIN], attachments=[]]
26-06-15 17:44:05.322 [http-nio-8080-exec-8] [32mTRACE[0;39m o.s.s.w.h.writers.HstsHeaderWriter   [76fa6dba39a344bc892db46417f277af | POST | /api/messages] - Not injecting HSTS header since it did not match request to [Is Secure]
26-06-15 17:44:05.324 [http-nio-8080-exec-8] [32mDEBUG[0;39m c.s.m.d.config.MDCLoggingInterceptor [76fa6dba39a344bc892db46417f277af | POST | /api/messages] - Request completed
26-06-15 17:44:05.390 [AsyncExecutor-1] [32mDEBUG[0;39m c.s.m.d.e.l.NotificationRequiredEventListener [76fa6dba39a344bc892db46417f277af | POST | /api/messages] - 메시지 생성 알림 이벤트 처리 시작: messageId=a3651614-138f-4d64-923b-71f89742228c
26-06-15 17:44:05.392 [AsyncExecutor-1] [32mDEBUG[0;39m org.hibernate.SQL                    [76fa6dba39a344bc892db46417f277af | POST | /api/messages] - 
    select
        c1_0.id,
        c1_0.created_at,
        c1_0.description,
        c1_0.name,
        c1_0.type,
        c1_0.updated_at 
    from
        channels c1_0 
    where
        c1_0.id=?
26-06-15 17:44:05.394 [AsyncExecutor-1] [32mTRACE[0;39m org.hibernate.orm.jdbc.bind          [76fa6dba39a344bc892db46417f277af | POST | /api/messages] - binding parameter (1:UUID) <- [17c8c424-accc-4f8b-bc68-36b900ba3480]
26-06-15 17:44:05.424 [AsyncExecutor-1] [32mDEBUG[0;39m org.hibernate.SQL                    [76fa6dba39a344bc892db46417f277af | POST | /api/messages] - 
    select
        u1_0.id,
        u1_0.created_at,
        u1_0.email,
        u1_0.password,
        u1_0.profile_id,
        u1_0.role,
        u1_0.updated_at,
        u1_0.username 
    from
        users u1_0 
    where
        u1_0.id=?
26-06-15 17:44:05.425 [AsyncExecutor-1] [32mTRACE[0;39m org.hibernate.orm.jdbc.bind          [76fa6dba39a344bc892db46417f277af | POST | /api/messages] - binding parameter (1:UUID) <- [0705952e-338c-410d-a18c-f422a042f196]
26-06-15 17:44:05.465 [AsyncExecutor-1] [32mDEBUG[0;39m org.hibernate.SQL                    [76fa6dba39a344bc892db46417f277af | POST | /api/messages] - 
    select
        rs1_0.id,
        rs1_0.channel_id,
        rs1_0.created_at,
        rs1_0.last_read_at,
        rs1_0.notification_enabled,
        rs1_0.updated_at,
        rs1_0.user_id 
    from
        read_statuses rs1_0 
    where
        rs1_0.channel_id=?
26-06-15 17:44:05.465 [AsyncExecutor-1] [32mTRACE[0;39m org.hibernate.orm.jdbc.bind          [76fa6dba39a344bc892db46417f277af | POST | /api/messages] - binding parameter (1:UUID) <- [17c8c424-accc-4f8b-bc68-36b900ba3480]
26-06-15 17:49:08.464 [http-nio-8080-exec-1] [32mTRACE[0;39m o.s.security.web.FilterChainProxy    [ |  | ] - Trying to match request against DefaultSecurityFilterChain defined as 'filterChain' in [class path resource [com/sprint/mission/discodeit/config/SecurityConfig.class]] matching [any request] and having filters [DisableEncodeUrl, WebAsyncManagerIntegration, SecurityContextHolder, HeaderWriter, Csrf, Logout, JwtAuthentication, UsernamePasswordAuthentication, RequestCacheAware, SecurityContextHolderAwareRequest, AnonymousAuthentication, SessionManagement, ExceptionTranslation, Authorization] (1/1)
26-06-15 17:49:08.469 [http-nio-8080-exec-1] [32mDEBUG[0;39m o.s.security.web.FilterChainProxy    [ |  | ] - Securing POST /api/messages
26-06-15 17:49:08.470 [http-nio-8080-exec-1] [32mTRACE[0;39m o.s.security.web.FilterChainProxy    [ |  | ] - Invoking DisableEncodeUrlFilter (1/14)
26-06-15 17:49:08.478 [http-nio-8080-exec-1] [32mTRACE[0;39m o.s.security.web.FilterChainProxy    [ |  | ] - Invoking WebAsyncManagerIntegrationFilter (2/14)
26-06-15 17:49:08.481 [http-nio-8080-exec-1] [32mTRACE[0;39m o.s.security.web.FilterChainProxy    [ |  | ] - Invoking SecurityContextHolderFilter (3/14)
26-06-15 17:49:08.483 [http-nio-8080-exec-1] [32mTRACE[0;39m o.s.security.web.FilterChainProxy    [ |  | ] - Invoking HeaderWriterFilter (4/14)
26-06-15 17:49:08.484 [http-nio-8080-exec-1] [32mTRACE[0;39m o.s.security.web.FilterChainProxy    [ |  | ] - Invoking CsrfFilter (5/14)
26-06-15 17:49:08.493 [http-nio-8080-exec-1] [32mTRACE[0;39m o.s.security.web.FilterChainProxy    [ |  | ] - Invoking LogoutFilter (6/14)
26-06-15 17:49:08.495 [http-nio-8080-exec-1] [32mTRACE[0;39m o.s.s.w.a.logout.LogoutFilter        [ |  | ] - Did not match request to Ant [pattern='/api/auth/logout', POST]
26-06-15 17:49:08.495 [http-nio-8080-exec-1] [32mTRACE[0;39m o.s.security.web.FilterChainProxy    [ |  | ] - Invoking JwtAuthenticationFilter (7/14)
26-06-15 17:49:08.686 [http-nio-8080-exec-1] [32mDEBUG[0;39m org.hibernate.SQL                    [ |  | ] - 
    select
        u1_0.id,
        u1_0.created_at,
        u1_0.email,
        u1_0.password,
        u1_0.profile_id,
        u1_0.role,
        u1_0.updated_at,
        u1_0.username 
    from
        users u1_0 
    where
        u1_0.username=?
26-06-15 17:49:08.688 [http-nio-8080-exec-1] [32mTRACE[0;39m org.hibernate.orm.jdbc.bind          [ |  | ] - binding parameter (1:VARCHAR) <- [admin]
26-06-15 17:49:09.282 [http-nio-8080-exec-1] [32mTRACE[0;39m o.s.s.w.c.SupplierDeferredSecurityContext [ |  | ] - Created SecurityContextImpl [Null authentication]
26-06-15 17:49:09.283 [http-nio-8080-exec-1] [32mDEBUG[0;39m c.s.m.d.s.j.JwtAuthenticationFilter  [ |  | ] - Set authentication for user: admin
26-06-15 17:49:09.283 [http-nio-8080-exec-1] [32mTRACE[0;39m o.s.security.web.FilterChainProxy    [ |  | ] - Invoking UsernamePasswordAuthenticationFilter (8/14)
26-06-15 17:49:09.285 [http-nio-8080-exec-1] [32mTRACE[0;39m o.s.s.w.a.UsernamePasswordAuthenticationFilter [ |  | ] - Did not match request to Ant [pattern='/api/auth/login', POST]
26-06-15 17:49:09.288 [http-nio-8080-exec-1] [32mTRACE[0;39m o.s.security.web.FilterChainProxy    [ |  | ] - Invoking RequestCacheAwareFilter (9/14)
26-06-15 17:49:09.288 [http-nio-8080-exec-1] [32mTRACE[0;39m o.s.security.web.FilterChainProxy    [ |  | ] - Invoking SecurityContextHolderAwareRequestFilter (10/14)
26-06-15 17:49:09.289 [http-nio-8080-exec-1] [32mTRACE[0;39m o.s.security.web.FilterChainProxy    [ |  | ] - Invoking AnonymousAuthenticationFilter (11/14)
26-06-15 17:49:09.290 [http-nio-8080-exec-1] [32mTRACE[0;39m o.s.security.web.FilterChainProxy    [ |  | ] - Invoking SessionManagementFilter (12/14)
26-06-15 17:49:09.291 [http-nio-8080-exec-1] [32mTRACE[0;39m o.s.s.w.a.AnonymousAuthenticationFilter [ |  | ] - Did not set SecurityContextHolder since already authenticated UsernamePasswordAuthenticationToken [Principal=com.sprint.mission.discodeit.security.DiscodeitUserDetails@70e5ef3, Credentials=[PROTECTED], Authenticated=true, Details=WebAuthenticationDetails [RemoteIpAddress=0:0:0:0:0:0:0:1, SessionId=null], Granted Authorities=[ROLE_ADMIN]]
26-06-15 17:49:09.291 [http-nio-8080-exec-1] [32mTRACE[0;39m o.s.s.w.a.s.CompositeSessionAuthenticationStrategy [ |  | ] - Preparing session with ChangeSessionIdAuthenticationStrategy (1/2)
26-06-15 17:49:09.291 [http-nio-8080-exec-1] [32mTRACE[0;39m o.s.s.w.a.s.CompositeSessionAuthenticationStrategy [ |  | ] - Preparing session with CsrfAuthenticationStrategy (2/2)
26-06-15 17:49:09.298 [http-nio-8080-exec-1] [32mDEBUG[0;39m o.s.s.w.c.CsrfAuthenticationStrategy [ |  | ] - Replaced CSRF Token
26-06-15 17:49:09.298 [http-nio-8080-exec-1] [32mTRACE[0;39m o.s.security.web.FilterChainProxy    [ |  | ] - Invoking ExceptionTranslationFilter (13/14)
26-06-15 17:49:09.299 [http-nio-8080-exec-1] [32mTRACE[0;39m o.s.security.web.FilterChainProxy    [ |  | ] - Invoking AuthorizationFilter (14/14)
26-06-15 17:49:09.301 [http-nio-8080-exec-1] [32mTRACE[0;39m o.s.s.w.a.i.RequestMatcherDelegatingAuthorizationManager [ |  | ] - Authorizing POST /api/messages
26-06-15 17:49:09.302 [http-nio-8080-exec-1] [32mTRACE[0;39m o.s.s.w.a.i.RequestMatcherDelegatingAuthorizationManager [ |  | ] - Checking authorization on POST /api/messages using org.springframework.security.authorization.AuthenticatedAuthorizationManager@4c7cb448
26-06-15 17:49:09.303 [http-nio-8080-exec-1] [32mDEBUG[0;39m o.s.security.web.FilterChainProxy    [ |  | ] - Secured POST /api/messages
26-06-15 17:49:09.327 [http-nio-8080-exec-1] [32mDEBUG[0;39m c.s.m.d.config.MDCLoggingInterceptor [34873d3ce21d45ccaf92f6e70cdf9e8c | POST | /api/messages] - Request started
26-06-15 17:49:09.381 [http-nio-8080-exec-1] [32mINFO [0;39m c.s.m.d.controller.MessageController [34873d3ce21d45ccaf92f6e70cdf9e8c | POST | /api/messages] - 메시지 생성 요청: request=MessageCreateRequest[content=S3 비동기 실패 및 재시도 테스트 메시지입니다., channelId=17c8c424-accc-4f8b-bc68-36b900ba3480, authorId=0705952e-338c-410d-a18c-f422a042f196], attachmentCount=1
26-06-15 17:49:09.467 [http-nio-8080-exec-1] [32mDEBUG[0;39m c.s.m.d.s.basic.BasicMessageService  [34873d3ce21d45ccaf92f6e70cdf9e8c | POST | /api/messages] - 메시지 생성 시작: request=MessageCreateRequest[content=S3 비동기 실패 및 재시도 테스트 메시지입니다., channelId=17c8c424-accc-4f8b-bc68-36b900ba3480, authorId=0705952e-338c-410d-a18c-f422a042f196]
26-06-15 17:49:09.473 [http-nio-8080-exec-1] [32mDEBUG[0;39m org.hibernate.SQL                    [34873d3ce21d45ccaf92f6e70cdf9e8c | POST | /api/messages] - 
    select
        c1_0.id,
        c1_0.created_at,
        c1_0.description,
        c1_0.name,
        c1_0.type,
        c1_0.updated_at 
    from
        channels c1_0 
    where
        c1_0.id=?
26-06-15 17:49:09.474 [http-nio-8080-exec-1] [32mTRACE[0;39m org.hibernate.orm.jdbc.bind          [34873d3ce21d45ccaf92f6e70cdf9e8c | POST | /api/messages] - binding parameter (1:UUID) <- [17c8c424-accc-4f8b-bc68-36b900ba3480]
26-06-15 17:49:09.481 [http-nio-8080-exec-1] [32mDEBUG[0;39m org.hibernate.SQL                    [34873d3ce21d45ccaf92f6e70cdf9e8c | POST | /api/messages] - 
    select
        u1_0.id,
        u1_0.created_at,
        u1_0.email,
        u1_0.password,
        u1_0.profile_id,
        u1_0.role,
        u1_0.updated_at,
        u1_0.username 
    from
        users u1_0 
    where
        u1_0.id=?
26-06-15 17:49:09.481 [http-nio-8080-exec-1] [32mTRACE[0;39m org.hibernate.orm.jdbc.bind          [34873d3ce21d45ccaf92f6e70cdf9e8c | POST | /api/messages] - binding parameter (1:UUID) <- [0705952e-338c-410d-a18c-f422a042f196]
26-06-15 17:49:09.591 [http-nio-8080-exec-1] [32mINFO [0;39m c.s.m.d.s.basic.BasicMessageService  [34873d3ce21d45ccaf92f6e70cdf9e8c | POST | /api/messages] - 메시지 생성 완료: id=4812434a-a752-452d-b446-3b44dbe6c610, channelId=17c8c424-accc-4f8b-bc68-36b900ba3480
26-06-15 17:49:09.603 [http-nio-8080-exec-1] [32mDEBUG[0;39m org.hibernate.SQL                    [34873d3ce21d45ccaf92f6e70cdf9e8c | POST | /api/messages] - 
    insert 
    into
        binary_contents
        (content_type, created_at, file_name, size, status, updated_at, id) 
    values
        (?, ?, ?, ?, ?, ?, ?)
26-06-15 17:49:09.604 [http-nio-8080-exec-1] [32mTRACE[0;39m org.hibernate.orm.jdbc.bind          [34873d3ce21d45ccaf92f6e70cdf9e8c | POST | /api/messages] - binding parameter (1:VARCHAR) <- [image/png]
26-06-15 17:49:09.604 [http-nio-8080-exec-1] [32mTRACE[0;39m org.hibernate.orm.jdbc.bind          [34873d3ce21d45ccaf92f6e70cdf9e8c | POST | /api/messages] - binding parameter (2:TIMESTAMP_UTC) <- [2026-06-15T08:49:09.528934Z]
26-06-15 17:49:09.604 [http-nio-8080-exec-1] [32mTRACE[0;39m org.hibernate.orm.jdbc.bind          [34873d3ce21d45ccaf92f6e70cdf9e8c | POST | /api/messages] - binding parameter (3:VARCHAR) <- [buo7cmjvp-image.png]
26-06-15 17:49:09.604 [http-nio-8080-exec-1] [32mTRACE[0;39m org.hibernate.orm.jdbc.bind          [34873d3ce21d45ccaf92f6e70cdf9e8c | POST | /api/messages] - binding parameter (4:BIGINT) <- [190704]
26-06-15 17:49:09.606 [http-nio-8080-exec-1] [32mTRACE[0;39m org.hibernate.orm.jdbc.bind          [34873d3ce21d45ccaf92f6e70cdf9e8c | POST | /api/messages] - binding parameter (5:VARCHAR) <- [PROCESSING]
26-06-15 17:49:09.606 [http-nio-8080-exec-1] [32mTRACE[0;39m org.hibernate.orm.jdbc.bind          [34873d3ce21d45ccaf92f6e70cdf9e8c | POST | /api/messages] - binding parameter (6:TIMESTAMP_UTC) <- [2026-06-15T08:49:09.528934Z]
26-06-15 17:49:09.606 [http-nio-8080-exec-1] [32mTRACE[0;39m org.hibernate.orm.jdbc.bind          [34873d3ce21d45ccaf92f6e70cdf9e8c | POST | /api/messages] - binding parameter (7:UUID) <- [d4b75c33-8015-42be-9a10-53c8d1b1af71]
26-06-15 17:49:09.622 [http-nio-8080-exec-1] [32mDEBUG[0;39m org.hibernate.SQL                    [34873d3ce21d45ccaf92f6e70cdf9e8c | POST | /api/messages] - 
    insert 
    into
        messages
        (author_id, channel_id, content, created_at, updated_at, id) 
    values
        (?, ?, ?, ?, ?, ?)
26-06-15 17:49:09.623 [http-nio-8080-exec-1] [32mTRACE[0;39m org.hibernate.orm.jdbc.bind          [34873d3ce21d45ccaf92f6e70cdf9e8c | POST | /api/messages] - binding parameter (1:UUID) <- [0705952e-338c-410d-a18c-f422a042f196]
26-06-15 17:49:09.624 [http-nio-8080-exec-1] [32mTRACE[0;39m org.hibernate.orm.jdbc.bind          [34873d3ce21d45ccaf92f6e70cdf9e8c | POST | /api/messages] - binding parameter (2:UUID) <- [17c8c424-accc-4f8b-bc68-36b900ba3480]
26-06-15 17:49:09.624 [http-nio-8080-exec-1] [32mTRACE[0;39m org.hibernate.orm.jdbc.bind          [34873d3ce21d45ccaf92f6e70cdf9e8c | POST | /api/messages] - binding parameter (3:VARCHAR) <- [S3 비동기 실패 및 재시도 테스트 메시지입니다.]
26-06-15 17:49:09.624 [http-nio-8080-exec-1] [32mTRACE[0;39m org.hibernate.orm.jdbc.bind          [34873d3ce21d45ccaf92f6e70cdf9e8c | POST | /api/messages] - binding parameter (4:TIMESTAMP_UTC) <- [2026-06-15T08:49:09.582683Z]
26-06-15 17:49:09.624 [http-nio-8080-exec-1] [32mTRACE[0;39m org.hibernate.orm.jdbc.bind          [34873d3ce21d45ccaf92f6e70cdf9e8c | POST | /api/messages] - binding parameter (5:TIMESTAMP_UTC) <- [2026-06-15T08:49:09.582683Z]
26-06-15 17:49:09.625 [http-nio-8080-exec-1] [32mTRACE[0;39m org.hibernate.orm.jdbc.bind          [34873d3ce21d45ccaf92f6e70cdf9e8c | POST | /api/messages] - binding parameter (6:UUID) <- [4812434a-a752-452d-b446-3b44dbe6c610]
26-06-15 17:49:09.644 [http-nio-8080-exec-1] [32mDEBUG[0;39m org.hibernate.SQL                    [34873d3ce21d45ccaf92f6e70cdf9e8c | POST | /api/messages] - 
    insert 
    into
        message_attachments
        (message_id, attachment_id) 
    values
        (?, ?)
26-06-15 17:49:09.645 [http-nio-8080-exec-1] [32mTRACE[0;39m org.hibernate.orm.jdbc.bind          [34873d3ce21d45ccaf92f6e70cdf9e8c | POST | /api/messages] - binding parameter (1:UUID) <- [4812434a-a752-452d-b446-3b44dbe6c610]
26-06-15 17:49:09.646 [http-nio-8080-exec-1] [32mTRACE[0;39m org.hibernate.orm.jdbc.bind          [34873d3ce21d45ccaf92f6e70cdf9e8c | POST | /api/messages] - binding parameter (2:UUID) <- [d4b75c33-8015-42be-9a10-53c8d1b1af71]
26-06-15 17:49:09.988 [AsyncExecutor-2] [32mDEBUG[0;39m c.s.m.d.e.l.FileUploadEventListener  [34873d3ce21d45ccaf92f6e70cdf9e8c | POST | /api/messages] - 비동기 물리 파일 업로드 시작: id=d4b75c33-8015-42be-9a10-53c8d1b1af71, fileName=buo7cmjvp-image.png
26-06-15 17:49:09.998 [AsyncExecutor-3] [32mDEBUG[0;39m c.s.m.d.e.l.NotificationRequiredEventListener [34873d3ce21d45ccaf92f6e70cdf9e8c | POST | /api/messages] - 메시지 생성 알림 이벤트 처리 시작: messageId=4812434a-a752-452d-b446-3b44dbe6c610
26-06-15 17:49:10.017 [AsyncExecutor-3] [32mDEBUG[0;39m org.hibernate.SQL                    [34873d3ce21d45ccaf92f6e70cdf9e8c | POST | /api/messages] - 
    select
        c1_0.id,
        c1_0.created_at,
        c1_0.description,
        c1_0.name,
        c1_0.type,
        c1_0.updated_at 
    from
        channels c1_0 
    where
        c1_0.id=?
26-06-15 17:49:10.025 [AsyncExecutor-3] [32mTRACE[0;39m org.hibernate.orm.jdbc.bind          [34873d3ce21d45ccaf92f6e70cdf9e8c | POST | /api/messages] - binding parameter (1:UUID) <- [17c8c424-accc-4f8b-bc68-36b900ba3480]
26-06-15 17:49:09.997 [http-nio-8080-exec-1] [32mDEBUG[0;39m c.s.m.d.controller.MessageController [34873d3ce21d45ccaf92f6e70cdf9e8c | POST | /api/messages] - 메시지 생성 응답: MessageDto[id=4812434a-a752-452d-b446-3b44dbe6c610, createdAt=2026-06-15T08:49:09.582683Z, updatedAt=2026-06-15T08:49:09.582683Z, content=S3 비동기 실패 및 재시도 테스트 메시지입니다., channelId=17c8c424-accc-4f8b-bc68-36b900ba3480, author=UserDto[id=0705952e-338c-410d-a18c-f422a042f196, username=admin, email=admin@example.com, profile=null, online=true, role=ADMIN], attachments=[BinaryContentDto[id=d4b75c33-8015-42be-9a10-53c8d1b1af71, fileName=buo7cmjvp-image.png, size=190704, contentType=image/png, status=PROCESSING, createdAt=2026-06-15T08:49:09.528934Z, updatedAt=2026-06-15T08:49:09.528934Z]]]
26-06-15 17:49:10.042 [AsyncExecutor-3] [32mDEBUG[0;39m org.hibernate.SQL                    [34873d3ce21d45ccaf92f6e70cdf9e8c | POST | /api/messages] - 
    select
        u1_0.id,
        u1_0.created_at,
        u1_0.email,
        u1_0.password,
        u1_0.profile_id,
        u1_0.role,
        u1_0.updated_at,
        u1_0.username 
    from
        users u1_0 
    where
        u1_0.id=?
26-06-15 17:49:10.045 [AsyncExecutor-3] [32mTRACE[0;39m org.hibernate.orm.jdbc.bind          [34873d3ce21d45ccaf92f6e70cdf9e8c | POST | /api/messages] - binding parameter (1:UUID) <- [0705952e-338c-410d-a18c-f422a042f196]
26-06-15 17:49:10.068 [AsyncExecutor-3] [32mDEBUG[0;39m org.hibernate.SQL                    [34873d3ce21d45ccaf92f6e70cdf9e8c | POST | /api/messages] - 
    select
        rs1_0.id,
        rs1_0.channel_id,
        rs1_0.created_at,
        rs1_0.last_read_at,
        rs1_0.notification_enabled,
        rs1_0.updated_at,
        rs1_0.user_id 
    from
        read_statuses rs1_0 
    where
        rs1_0.channel_id=?
26-06-15 17:49:10.068 [AsyncExecutor-3] [32mTRACE[0;39m org.hibernate.orm.jdbc.bind          [34873d3ce21d45ccaf92f6e70cdf9e8c | POST | /api/messages] - binding parameter (1:UUID) <- [17c8c424-accc-4f8b-bc68-36b900ba3480]
26-06-15 17:49:10.074 [http-nio-8080-exec-1] [32mTRACE[0;39m o.s.s.w.h.writers.HstsHeaderWriter   [34873d3ce21d45ccaf92f6e70cdf9e8c | POST | /api/messages] - Not injecting HSTS header since it did not match request to [Is Secure]
26-06-15 17:49:10.082 [http-nio-8080-exec-1] [32mDEBUG[0;39m c.s.m.d.config.MDCLoggingInterceptor [34873d3ce21d45ccaf92f6e70cdf9e8c | POST | /api/messages] - Request completed
26-06-15 17:49:10.169 [AsyncExecutor-2] [32mINFO [0;39m c.s.m.d.s.s3.S3BinaryContentStorage  [34873d3ce21d45ccaf92f6e70cdf9e8c | POST | /api/messages] - S3 파일 업로드 시도 중... key=d4b75c33-8015-42be-9a10-53c8d1b1af71
26-06-15 17:49:14.621 [AsyncExecutor-2] [33mWARN [0;39m c.s.m.d.s.s3.S3BinaryContentStorage  [34873d3ce21d45ccaf92f6e70cdf9e8c | POST | /api/messages] - S3에 파일 업로드 실패 (재시도 예정): The AWS Access Key Id you provided does not exist in our records. (Service: S3, Status Code: 403, Request ID: WVNXRC984EM1WA2N, Extended Request ID: /73CtBSrjG2/adP+rOitcBHOXp8eBQECFDjQ50A2CZKWpcbtOaIXPpJAFpZeseGl7Wri+8K43NEn8wS28GSkkcwQjlQWmhca) (SDK Attempt Count: 1)
26-06-15 17:49:15.627 [AsyncExecutor-2] [32mINFO [0;39m c.s.m.d.s.s3.S3BinaryContentStorage  [34873d3ce21d45ccaf92f6e70cdf9e8c | POST | /api/messages] - S3 파일 업로드 시도 중... key=d4b75c33-8015-42be-9a10-53c8d1b1af71
26-06-15 17:49:15.690 [AsyncExecutor-2] [33mWARN [0;39m c.s.m.d.s.s3.S3BinaryContentStorage  [34873d3ce21d45ccaf92f6e70cdf9e8c | POST | /api/messages] - S3에 파일 업로드 실패 (재시도 예정): The AWS Access Key Id you provided does not exist in our records. (Service: S3, Status Code: 403, Request ID: KJHFD9JSNNMC53VK, Extended Request ID: yz8RsOuE4UdR0MtZGutoGQwDd4EASU5ABkW5yjmr1raIADrWAhmgXHae5lvOfLx51ZAIBxkN+7TGru6FNlqrH64s/is3pKIl) (SDK Attempt Count: 1)
26-06-15 17:49:17.694 [AsyncExecutor-2] [32mINFO [0;39m c.s.m.d.s.s3.S3BinaryContentStorage  [34873d3ce21d45ccaf92f6e70cdf9e8c | POST | /api/messages] - S3 파일 업로드 시도 중... key=d4b75c33-8015-42be-9a10-53c8d1b1af71
26-06-15 17:49:17.785 [AsyncExecutor-2] [33mWARN [0;39m c.s.m.d.s.s3.S3BinaryContentStorage  [34873d3ce21d45ccaf92f6e70cdf9e8c | POST | /api/messages] - S3에 파일 업로드 실패 (재시도 예정): The AWS Access Key Id you provided does not exist in our records. (Service: S3, Status Code: 403, Request ID: M28Z805383S135H9, Extended Request ID: //3WECKwRCrwf7Wfhk6lKSK4QwSD1weeRKx4FIGdnUUs1UH6wCuTZbZXw3odm8mqxuTIaX81SLMrRfEPt2r0l8VVwMgUjSnO) (SDK Attempt Count: 1)
26-06-15 17:49:17.789 [AsyncExecutor-2] [31mERROR[0;39m c.s.m.d.s.s3.S3BinaryContentStorage  [34873d3ce21d45ccaf92f6e70cdf9e8c | POST | /api/messages] - 
=================================================
26-06-15 17:49:17.789 [AsyncExecutor-2] [31mERROR[0;39m c.s.m.d.s.s3.S3BinaryContentStorage  [34873d3ce21d45ccaf92f6e70cdf9e8c | POST | /api/messages] - 🚨 [관리자 알림] S3 파일 업로드 최종 실패!
26-06-15 17:49:17.789 [AsyncExecutor-2] [31mERROR[0;39m c.s.m.d.s.s3.S3BinaryContentStorage  [34873d3ce21d45ccaf92f6e70cdf9e8c | POST | /api/messages] - 작업 이름: S3 파일 업로드 (S3BinaryContentStorage.put)
26-06-15 17:49:17.789 [AsyncExecutor-2] [31mERROR[0;39m c.s.m.d.s.s3.S3BinaryContentStorage  [34873d3ce21d45ccaf92f6e70cdf9e8c | POST | /api/messages] - RequestId: 34873d3ce21d45ccaf92f6e70cdf9e8c
26-06-15 17:49:17.789 [AsyncExecutor-2] [31mERROR[0;39m c.s.m.d.s.s3.S3BinaryContentStorage  [34873d3ce21d45ccaf92f6e70cdf9e8c | POST | /api/messages] - BinaryContentId: d4b75c33-8015-42be-9a10-53c8d1b1af71
26-06-15 17:49:17.789 [AsyncExecutor-2] [31mERROR[0;39m c.s.m.d.s.s3.S3BinaryContentStorage  [34873d3ce21d45ccaf92f6e70cdf9e8c | POST | /api/messages] - Error: S3에 파일 업로드 실패: d4b75c33-8015-42be-9a10-53c8d1b1af71
26-06-15 17:49:17.789 [AsyncExecutor-2] [31mERROR[0;39m c.s.m.d.s.s3.S3BinaryContentStorage  [34873d3ce21d45ccaf92f6e70cdf9e8c | POST | /api/messages] - =================================================

26-06-15 17:49:17.798 [AsyncExecutor-2] [32mDEBUG[0;39m c.s.m.d.s.b.BasicBinaryContentService [34873d3ce21d45ccaf92f6e70cdf9e8c | POST | /api/messages] - 바이너리 컨텐츠 상태 업데이트 시작: id=d4b75c33-8015-42be-9a10-53c8d1b1af71, status=FAIL
26-06-15 17:49:17.801 [AsyncExecutor-2] [32mDEBUG[0;39m org.hibernate.SQL                    [34873d3ce21d45ccaf92f6e70cdf9e8c | POST | /api/messages] - 
    select
        bc1_0.id,
        bc1_0.content_type,
        bc1_0.created_at,
        bc1_0.file_name,
        bc1_0.size,
        bc1_0.status,
        bc1_0.updated_at 
    from
        binary_contents bc1_0 
    where
        bc1_0.id=?
26-06-15 17:49:17.802 [AsyncExecutor-2] [32mTRACE[0;39m org.hibernate.orm.jdbc.bind          [34873d3ce21d45ccaf92f6e70cdf9e8c | POST | /api/messages] - binding parameter (1:UUID) <- [d4b75c33-8015-42be-9a10-53c8d1b1af71]
26-06-15 17:49:17.818 [AsyncExecutor-2] [32mINFO [0;39m c.s.m.d.s.b.BasicBinaryContentService [34873d3ce21d45ccaf92f6e70cdf9e8c | POST | /api/messages] - 바이너리 컨텐츠 상태 업데이트 완료: id=d4b75c33-8015-42be-9a10-53c8d1b1af71, status=FAIL
26-06-15 17:49:17.823 [AsyncExecutor-2] [32mDEBUG[0;39m org.hibernate.SQL                    [34873d3ce21d45ccaf92f6e70cdf9e8c | POST | /api/messages] - 
    update
        binary_contents 
    set
        content_type=?,
        file_name=?,
        size=?,
        status=?,
        updated_at=? 
    where
        id=?
26-06-15 17:49:17.824 [AsyncExecutor-2] [32mTRACE[0;39m org.hibernate.orm.jdbc.bind          [34873d3ce21d45ccaf92f6e70cdf9e8c | POST | /api/messages] - binding parameter (1:VARCHAR) <- [image/png]
26-06-15 17:49:17.824 [AsyncExecutor-2] [32mTRACE[0;39m org.hibernate.orm.jdbc.bind          [34873d3ce21d45ccaf92f6e70cdf9e8c | POST | /api/messages] - binding parameter (2:VARCHAR) <- [buo7cmjvp-image.png]
26-06-15 17:49:17.824 [AsyncExecutor-2] [32mTRACE[0;39m org.hibernate.orm.jdbc.bind          [34873d3ce21d45ccaf92f6e70cdf9e8c | POST | /api/messages] - binding parameter (3:BIGINT) <- [190704]
26-06-15 17:49:17.824 [AsyncExecutor-2] [32mTRACE[0;39m org.hibernate.orm.jdbc.bind          [34873d3ce21d45ccaf92f6e70cdf9e8c | POST | /api/messages] - binding parameter (4:VARCHAR) <- [FAIL]
26-06-15 17:49:17.824 [AsyncExecutor-2] [32mTRACE[0;39m org.hibernate.orm.jdbc.bind          [34873d3ce21d45ccaf92f6e70cdf9e8c | POST | /api/messages] - binding parameter (5:TIMESTAMP_UTC) <- [2026-06-15T08:49:17.820321Z]
26-06-15 17:49:17.824 [AsyncExecutor-2] [32mTRACE[0;39m org.hibernate.orm.jdbc.bind          [34873d3ce21d45ccaf92f6e70cdf9e8c | POST | /api/messages] - binding parameter (6:UUID) <- [d4b75c33-8015-42be-9a10-53c8d1b1af71]
26-06-15 17:49:17.830 [AsyncExecutor-2] [31mERROR[0;39m c.s.m.d.e.l.FileUploadEventListener  [34873d3ce21d45ccaf92f6e70cdf9e8c | POST | /api/messages] - 비동기 물리 파일 업로드 실패: id=d4b75c33-8015-42be-9a10-53c8d1b1af71, fileName=buo7cmjvp-image.png
java.lang.RuntimeException: S3 파일 업로드 최종 실패
	at com.sprint.mission.discodeit.storage.s3.S3BinaryContentStorage.recover(S3BinaryContentStorage.java:97)
	at java.base/jdk.internal.reflect.NativeMethodAccessorImpl.invoke0(Native Method)
	at java.base/jdk.internal.reflect.NativeMethodAccessorImpl.invoke(NativeMethodAccessorImpl.java:77)
	at java.base/jdk.internal.reflect.DelegatingMethodAccessorImpl.invoke(DelegatingMethodAccessorImpl.java:43)
	at java.base/java.lang.reflect.Method.invoke(Method.java:569)
	at org.springframework.aop.support.AopUtils.invokeJoinpointUsingReflection(AopUtils.java:359)
	at org.springframework.aop.framework.ReflectiveMethodInvocation.invokeJoinpoint(ReflectiveMethodInvocation.java:196)
	at org.springframework.aop.framework.ReflectiveMethodInvocation.proceed(ReflectiveMethodInvocation.java:163)
	at org.springframework.retry.annotation.AnnotationAwareRetryOperationsInterceptor.invoke(AnnotationAwareRetryOperationsInterceptor.java:165)
	at org.springframework.aop.framework.ReflectiveMethodInvocation.proceed(ReflectiveMethodInvocation.java:184)
	at org.springframework.aop.framework.CglibAopProxy$DynamicAdvisedInterceptor.intercept(CglibAopProxy.java:727)
	at com.sprint.mission.discodeit.storage.s3.S3BinaryContentStorage$$SpringCGLIB$$0.recover(<generated>)
	at java.base/jdk.internal.reflect.NativeMethodAccessorImpl.invoke0(Native Method)
	at java.base/jdk.internal.reflect.NativeMethodAccessorImpl.invoke(NativeMethodAccessorImpl.java:77)
	at java.base/jdk.internal.reflect.DelegatingMethodAccessorImpl.invoke(DelegatingMethodAccessorImpl.java:43)
	at java.base/java.lang.reflect.Method.invoke(Method.java:569)
	at org.springframework.util.ReflectionUtils.invokeMethod(ReflectionUtils.java:281)
	at org.springframework.retry.annotation.RecoverAnnotationRecoveryHandler.recover(RecoverAnnotationRecoveryHandler.java:101)
	at org.springframework.retry.interceptor.RetryOperationsInterceptor$ItemRecovererCallback.recover(RetryOperationsInterceptor.java:150)
	at org.springframework.retry.support.RetryTemplate.handleRetryExhausted(RetryTemplate.java:573)
	at org.springframework.retry.support.RetryTemplate.doExecute(RetryTemplate.java:418)
	at org.springframework.retry.support.RetryTemplate.execute(RetryTemplate.java:246)
	at org.springframework.retry.interceptor.RetryOperationsInterceptor.invoke(RetryOperationsInterceptor.java:135)
	at org.springframework.retry.annotation.AnnotationAwareRetryOperationsInterceptor.invoke(AnnotationAwareRetryOperationsInterceptor.java:162)
	at org.springframework.aop.framework.ReflectiveMethodInvocation.proceed(ReflectiveMethodInvocation.java:184)
	at org.springframework.aop.framework.CglibAopProxy$DynamicAdvisedInterceptor.intercept(CglibAopProxy.java:727)
	at com.sprint.mission.discodeit.storage.s3.S3BinaryContentStorage$$SpringCGLIB$$0.put(<generated>)
	at com.sprint.mission.discodeit.event.listener.FileUploadEventListener.handleFileUploadEvent(FileUploadEventListener.java:29)
	at java.base/jdk.internal.reflect.NativeMethodAccessorImpl.invoke0(Native Method)
	at java.base/jdk.internal.reflect.NativeMethodAccessorImpl.invoke(NativeMethodAccessorImpl.java:77)
	at java.base/jdk.internal.reflect.DelegatingMethodAccessorImpl.invoke(DelegatingMethodAccessorImpl.java:43)
	at java.base/java.lang.reflect.Method.invoke(Method.java:569)
	at org.springframework.aop.support.AopUtils.invokeJoinpointUsingReflection(AopUtils.java:359)
	at org.springframework.aop.framework.ReflectiveMethodInvocation.invokeJoinpoint(ReflectiveMethodInvocation.java:196)
	at org.springframework.aop.framework.ReflectiveMethodInvocation.proceed(ReflectiveMethodInvocation.java:163)
	at org.springframework.aop.interceptor.AsyncExecutionInterceptor.lambda$invoke$0(AsyncExecutionInterceptor.java:114)
	at java.base/java.util.concurrent.FutureTask.run(FutureTask.java:264)
	at com.sprint.mission.discodeit.config.MdcSecurityContextTaskDecorator.lambda$decorate$0(MdcSecurityContextTaskDecorator.java:23)
	at java.base/java.util.concurrent.ThreadPoolExecutor.runWorker(ThreadPoolExecutor.java:1136)
	at java.base/java.util.concurrent.ThreadPoolExecutor$Worker.run(ThreadPoolExecutor.java:635)
	at java.base/java.lang.Thread.run(Thread.java:840)
Caused by: java.lang.RuntimeException: S3에 파일 업로드 실패: d4b75c33-8015-42be-9a10-53c8d1b1af71
	at com.sprint.mission.discodeit.storage.s3.S3BinaryContentStorage.put(S3BinaryContentStorage.java:81)
	at java.base/jdk.internal.reflect.NativeMethodAccessorImpl.invoke0(Native Method)
	at java.base/jdk.internal.reflect.NativeMethodAccessorImpl.invoke(NativeMethodAccessorImpl.java:77)
	at java.base/jdk.internal.reflect.DelegatingMethodAccessorImpl.invoke(DelegatingMethodAccessorImpl.java:43)
	at java.base/java.lang.reflect.Method.invoke(Method.java:569)
	at org.springframework.aop.support.AopUtils.invokeJoinpointUsingReflection(AopUtils.java:359)
	at org.springframework.aop.framework.ReflectiveMethodInvocation.invokeJoinpoint(ReflectiveMethodInvocation.java:196)
	at org.springframework.aop.framework.ReflectiveMethodInvocation.proceed(ReflectiveMethodInvocation.java:163)
	at org.springframework.retry.interceptor.RetryOperationsInterceptor$1.doWithRetry(RetryOperationsInterceptor.java:114)
	at org.springframework.retry.support.RetryTemplate.doExecute(RetryTemplate.java:357)
	... 20 common frames omitted
Caused by: software.amazon.awssdk.services.s3.model.S3Exception: The AWS Access Key Id you provided does not exist in our records. (Service: S3, Status Code: 403, Request ID: M28Z805383S135H9, Extended Request ID: //3WECKwRCrwf7Wfhk6lKSK4QwSD1weeRKx4FIGdnUUs1UH6wCuTZbZXw3odm8mqxuTIaX81SLMrRfEPt2r0l8VVwMgUjSnO) (SDK Attempt Count: 1)
	at software.amazon.awssdk.services.s3.model.S3Exception$BuilderImpl.build(S3Exception.java:113)
	at software.amazon.awssdk.services.s3.model.S3Exception$BuilderImpl.build(S3Exception.java:61)
	at software.amazon.awssdk.core.internal.http.pipeline.stages.utils.RetryableStageHelper.retryPolicyDisallowedRetryException(RetryableStageHelper.java:168)
	at software.amazon.awssdk.core.internal.http.pipeline.stages.RetryableStage.execute(RetryableStage.java:73)
	at software.amazon.awssdk.core.internal.http.pipeline.stages.RetryableStage.execute(RetryableStage.java:36)
	at software.amazon.awssdk.core.internal.http.pipeline.RequestPipelineBuilder$ComposingRequestPipelineStage.execute(RequestPipelineBuilder.java:206)
	at software.amazon.awssdk.core.internal.http.StreamManagingStage.execute(StreamManagingStage.java:53)
	at software.amazon.awssdk.core.internal.http.StreamManagingStage.execute(StreamManagingStage.java:35)
	at software.amazon.awssdk.core.internal.http.pipeline.stages.ApiCallTimeoutTrackingStage.executeWithTimer(ApiCallTimeoutTrackingStage.java:82)
	at software.amazon.awssdk.core.internal.http.pipeline.stages.ApiCallTimeoutTrackingStage.execute(ApiCallTimeoutTrackingStage.java:62)
	at software.amazon.awssdk.core.internal.http.pipeline.stages.ApiCallTimeoutTrackingStage.execute(ApiCallTimeoutTrackingStage.java:43)
	at software.amazon.awssdk.core.internal.http.pipeline.stages.ApiCallMetricCollectionStage.execute(ApiCallMetricCollectionStage.java:50)
	at software.amazon.awssdk.core.internal.http.pipeline.stages.ApiCallMetricCollectionStage.execute(ApiCallMetricCollectionStage.java:32)
	at software.amazon.awssdk.core.internal.http.pipeline.RequestPipelineBuilder$ComposingRequestPipelineStage.execute(RequestPipelineBuilder.java:206)
	at software.amazon.awssdk.core.internal.http.pipeline.RequestPipelineBuilder$ComposingRequestPipelineStage.execute(RequestPipelineBuilder.java:206)
	at software.amazon.awssdk.core.internal.http.pipeline.stages.ExecutionFailureExceptionReportingStage.execute(ExecutionFailureExceptionReportingStage.java:37)
	at software.amazon.awssdk.core.internal.http.pipeline.stages.ExecutionFailureExceptionReportingStage.execute(ExecutionFailureExceptionReportingStage.java:26)
	at software.amazon.awssdk.core.internal.http.AmazonSyncHttpClient$RequestExecutionBuilderImpl.execute(AmazonSyncHttpClient.java:210)
	at software.amazon.awssdk.core.internal.handler.BaseSyncClientHandler.invoke(BaseSyncClientHandler.java:103)
	at software.amazon.awssdk.core.internal.handler.BaseSyncClientHandler.doExecute(BaseSyncClientHandler.java:173)
	at software.amazon.awssdk.core.internal.handler.BaseSyncClientHandler.lambda$execute$1(BaseSyncClientHandler.java:80)
	at software.amazon.awssdk.core.internal.handler.BaseSyncClientHandler.measureApiCallSuccess(BaseSyncClientHandler.java:182)
	at software.amazon.awssdk.core.internal.handler.BaseSyncClientHandler.execute(BaseSyncClientHandler.java:74)
	at software.amazon.awssdk.core.client.handler.SdkSyncClientHandler.execute(SdkSyncClientHandler.java:45)
	at software.amazon.awssdk.awscore.client.handler.AwsSyncClientHandler.execute(AwsSyncClientHandler.java:53)
	at software.amazon.awssdk.services.s3.DefaultS3Client.putObject(DefaultS3Client.java:11202)
	at com.sprint.mission.discodeit.storage.s3.S3BinaryContentStorage.put(S3BinaryContentStorage.java:75)
	... 29 common frames omitted
26-06-15 17:57:02.950 [scheduling-1] [32mDEBUG[0;39m c.s.m.d.s.jwt.JwtTokenProvider       [ |  | ] - JWT access token expired
26-06-15 18:07:55.448 [SpringApplicationShutdownHook] [32mINFO [0;39m o.s.b.w.e.tomcat.GracefulShutdown    [ |  | ] - Commencing graceful shutdown. Waiting for active requests to complete
26-06-15 18:07:56.103 [tomcat-shutdown] [32mINFO [0;39m o.s.b.w.e.tomcat.GracefulShutdown    [ |  | ] - Graceful shutdown complete
26-06-15 18:07:56.763 [SpringApplicationShutdownHook] [32mINFO [0;39m o.s.o.j.LocalContainerEntityManagerFactoryBean [ |  | ] - Closing JPA EntityManagerFactory for persistence unit 'default'
26-06-15 18:07:57.105 [SpringApplicationShutdownHook] [32mINFO [0;39m com.zaxxer.hikari.HikariDataSource   [ |  | ] - HikariPool-1 - Shutdown initiated...
26-06-15 18:07:57.253 [SpringApplicationShutdownHook] [32mINFO [0;39m com.zaxxer.hikari.HikariDataSource   [ |  | ] - HikariPool-1 - Shutdown completed.
26-06-15 18:14:36.543 [background-preinit] [32mINFO [0;39m o.h.validator.internal.util.Version  [ |  | ] - HV000001: Hibernate Validator 8.0.1.Final
26-06-15 18:14:36.743 [main] [32mINFO [0;39m c.s.m.discodeit.DiscodeitApplication [ |  | ] - Starting DiscodeitApplication using Java 17.0.17 with PID 87636 (/Users/apple/IdeaProjects/temp/9-sprint-mission/discodeit/build/classes/java/main started by apple in /Users/apple/IdeaProjects/temp/9-sprint-mission)
26-06-15 18:14:36.747 [main] [32mDEBUG[0;39m c.s.m.discodeit.DiscodeitApplication [ |  | ] - Running with Spring Boot v3.4.0, Spring v6.2.0
26-06-15 18:14:36.751 [main] [32mINFO [0;39m c.s.m.discodeit.DiscodeitApplication [ |  | ] - The following 1 profile is active: "dev"
26-06-15 18:14:40.344 [main] [32mINFO [0;39m o.s.d.r.c.RepositoryConfigurationDelegate [ |  | ] - Bootstrapping Spring Data JPA repositories in DEFAULT mode.
26-06-15 18:14:40.533 [main] [32mINFO [0;39m o.s.d.r.c.RepositoryConfigurationDelegate [ |  | ] - Finished Spring Data repository scanning in 144 ms. Found 6 JPA repository interfaces.
26-06-15 18:14:42.542 [main] [32mINFO [0;39m o.s.b.w.e.tomcat.TomcatWebServer     [ |  | ] - Tomcat initialized with port 8080 (http)
26-06-15 18:14:42.565 [main] [32mINFO [0;39m o.a.coyote.http11.Http11NioProtocol  [ |  | ] - Initializing ProtocolHandler ["http-nio-8080"]
26-06-15 18:14:42.568 [main] [32mINFO [0;39m o.a.catalina.core.StandardService    [ |  | ] - Starting service [Tomcat]
26-06-15 18:14:42.568 [main] [32mINFO [0;39m o.a.catalina.core.StandardEngine     [ |  | ] - Starting Servlet engine: [Apache Tomcat/10.1.33]
26-06-15 18:14:42.665 [main] [32mINFO [0;39m o.a.c.c.C.[Tomcat].[localhost].[/]   [ |  | ] - Initializing Spring embedded WebApplicationContext
26-06-15 18:14:42.666 [main] [32mINFO [0;39m o.s.b.w.s.c.ServletWebServerApplicationContext [ |  | ] - Root WebApplicationContext: initialization completed in 5750 ms
26-06-15 18:14:43.361 [main] [32mINFO [0;39m com.zaxxer.hikari.HikariDataSource   [ |  | ] - HikariPool-1 - Starting...
26-06-15 18:14:43.651 [main] [32mINFO [0;39m com.zaxxer.hikari.pool.HikariPool    [ |  | ] - HikariPool-1 - Added connection org.postgresql.jdbc.PgConnection@43e7f104
26-06-15 18:14:43.652 [main] [32mINFO [0;39m com.zaxxer.hikari.HikariDataSource   [ |  | ] - HikariPool-1 - Start completed.
26-06-15 18:14:43.773 [main] [32mINFO [0;39m o.h.jpa.internal.util.LogHelper      [ |  | ] - HHH000204: Processing PersistenceUnitInfo [name: default]
26-06-15 18:14:43.838 [main] [32mINFO [0;39m org.hibernate.Version                [ |  | ] - HHH000412: Hibernate ORM core version 6.6.2.Final
26-06-15 18:14:43.899 [main] [32mINFO [0;39m o.h.c.i.RegionFactoryInitiator       [ |  | ] - HHH000026: Second-level cache disabled
26-06-15 18:14:44.168 [main] [32mINFO [0;39m o.s.o.j.p.SpringPersistenceUnitInfo  [ |  | ] - No LoadTimeWeaver setup: ignoring JPA class transformer
26-06-15 18:14:44.325 [main] [32mINFO [0;39m o.hibernate.orm.connections.pooling  [ |  | ] - HHH10001005: Database info:
	Database JDBC URL [Connecting through datasource 'HikariDataSource (HikariPool-1)']
	Database driver: undefined/unknown
	Database version: 14.21
	Autocommit mode: undefined/unknown
	Isolation level: undefined/unknown
	Minimum pool size: undefined/unknown
	Maximum pool size: undefined/unknown
26-06-15 18:14:45.332 [main] [32mINFO [0;39m o.h.e.t.j.p.i.JtaPlatformInitiator   [ |  | ] - HHH000489: No JTA platform available (set 'hibernate.transaction.jta.platform' to enable JTA platform integration)
26-06-15 18:14:45.341 [main] [32mDEBUG[0;39m org.hibernate.SQL                    [ |  | ] - 
    set client_min_messages = WARNING
26-06-15 18:14:45.344 [main] [32mDEBUG[0;39m org.hibernate.SQL                    [ |  | ] - 
    alter table if exists message_attachments 
       drop constraint if exists FKsd1m8rb8jcpbcnb7rpdue7ctc
26-06-15 18:14:45.382 [main] [32mDEBUG[0;39m org.hibernate.SQL                    [ |  | ] - 
    alter table if exists message_attachments 
       drop constraint if exists FKj7twd218e2gqw9cmlhwvo1rth
26-06-15 18:14:45.385 [main] [32mDEBUG[0;39m org.hibernate.SQL                    [ |  | ] - 
    alter table if exists messages 
       drop constraint if exists FKowtlim26svclkatusptbgi7u1
26-06-15 18:14:45.387 [main] [32mDEBUG[0;39m org.hibernate.SQL                    [ |  | ] - 
    alter table if exists messages 
       drop constraint if exists FK3u3ckbhwq9se1cmopk2pq05b2
26-06-15 18:14:45.389 [main] [32mDEBUG[0;39m org.hibernate.SQL                    [ |  | ] - 
    alter table if exists read_statuses 
       drop constraint if exists FKa38ri44ml4gfdpklx4ahqr8gd
26-06-15 18:14:45.391 [main] [32mDEBUG[0;39m org.hibernate.SQL                    [ |  | ] - 
    alter table if exists read_statuses 
       drop constraint if exists FKml3k4wr9sj5yxrmj6d0aoib2e
26-06-15 18:14:45.391 [main] [32mDEBUG[0;39m org.hibernate.SQL                    [ |  | ] - 
    alter table if exists users 
       drop constraint if exists FKtbudycgrip49xdptogmhfqnso
26-06-15 18:14:45.392 [main] [32mDEBUG[0;39m org.hibernate.SQL                    [ |  | ] - 
    drop table if exists binary_contents cascade
26-06-15 18:14:45.409 [main] [32mDEBUG[0;39m org.hibernate.SQL                    [ |  | ] - 
    drop table if exists channels cascade
26-06-15 18:14:45.413 [main] [32mDEBUG[0;39m org.hibernate.SQL                    [ |  | ] - 
    drop table if exists message_attachments cascade
26-06-15 18:14:45.416 [main] [32mDEBUG[0;39m org.hibernate.SQL                    [ |  | ] - 
    drop table if exists messages cascade
26-06-15 18:14:45.424 [main] [32mDEBUG[0;39m org.hibernate.SQL                    [ |  | ] - 
    drop table if exists notifications cascade
26-06-15 18:14:45.426 [main] [32mDEBUG[0;39m org.hibernate.SQL                    [ |  | ] - 
    drop table if exists read_statuses cascade
26-06-15 18:14:45.437 [main] [32mDEBUG[0;39m org.hibernate.SQL                    [ |  | ] - 
    drop table if exists users cascade
26-06-15 18:14:45.446 [main] [32mDEBUG[0;39m org.hibernate.SQL                    [ |  | ] - 
    create table binary_contents (
        created_at timestamp with time zone not null,
        size bigint not null,
        updated_at timestamp with time zone,
        id uuid not null,
        status varchar(20) not null check (status in ('PROCESSING','SUCCESS','FAIL')),
        content_type varchar(100) not null,
        file_name varchar(255) not null,
        primary key (id)
    )
26-06-15 18:14:46.262 [main] [32mDEBUG[0;39m org.hibernate.SQL                    [ |  | ] - 
    create table channels (
        created_at timestamp with time zone not null,
        updated_at timestamp with time zone,
        id uuid not null,
        name varchar(100),
        description varchar(500),
        type varchar(255) not null check (type in ('PUBLIC','PRIVATE')),
        primary key (id)
    )
26-06-15 18:14:46.269 [main] [32mDEBUG[0;39m org.hibernate.SQL                    [ |  | ] - 
    create table message_attachments (
        attachment_id uuid not null unique,
        message_id uuid not null
    )
26-06-15 18:14:46.281 [main] [32mDEBUG[0;39m org.hibernate.SQL                    [ |  | ] - 
    create table messages (
        created_at timestamp with time zone not null,
        updated_at timestamp with time zone,
        author_id uuid,
        channel_id uuid not null,
        id uuid not null,
        content text not null,
        primary key (id)
    )
26-06-15 18:14:46.288 [main] [32mDEBUG[0;39m org.hibernate.SQL                    [ |  | ] - 
    create table notifications (
        created_at timestamp with time zone not null,
        updated_at timestamp with time zone,
        id uuid not null,
        receiver_id uuid not null,
        content varchar(1000) not null,
        title varchar(255) not null,
        primary key (id)
    )
26-06-15 18:14:46.295 [main] [32mDEBUG[0;39m org.hibernate.SQL                    [ |  | ] - 
    create table read_statuses (
        notification_enabled boolean not null,
        created_at timestamp with time zone not null,
        last_read_at timestamp with time zone not null,
        updated_at timestamp with time zone,
        channel_id uuid not null,
        id uuid not null,
        user_id uuid not null,
        primary key (id),
        unique (user_id, channel_id)
    )
26-06-15 18:14:46.302 [main] [32mDEBUG[0;39m org.hibernate.SQL                    [ |  | ] - 
    create table users (
        created_at timestamp with time zone not null,
        updated_at timestamp with time zone,
        id uuid not null,
        profile_id uuid unique,
        username varchar(50) not null unique,
        password varchar(60) not null,
        email varchar(100) not null unique,
        role varchar(255) not null check (role in ('ADMIN','CHANNEL_MANAGER','USER')),
        primary key (id)
    )
26-06-15 18:14:46.365 [main] [32mDEBUG[0;39m org.hibernate.SQL                    [ |  | ] - 
    alter table if exists message_attachments 
       add constraint FKsd1m8rb8jcpbcnb7rpdue7ctc 
       foreign key (attachment_id) 
       references binary_contents
26-06-15 18:14:46.378 [main] [32mDEBUG[0;39m org.hibernate.SQL                    [ |  | ] - 
    alter table if exists message_attachments 
       add constraint FKj7twd218e2gqw9cmlhwvo1rth 
       foreign key (message_id) 
       references messages
26-06-15 18:14:46.385 [main] [32mDEBUG[0;39m org.hibernate.SQL                    [ |  | ] - 
    alter table if exists messages 
       add constraint FKowtlim26svclkatusptbgi7u1 
       foreign key (author_id) 
       references users
26-06-15 18:14:46.388 [main] [32mDEBUG[0;39m org.hibernate.SQL                    [ |  | ] - 
    alter table if exists messages 
       add constraint FK3u3ckbhwq9se1cmopk2pq05b2 
       foreign key (channel_id) 
       references channels
26-06-15 18:14:46.391 [main] [32mDEBUG[0;39m org.hibernate.SQL                    [ |  | ] - 
    alter table if exists read_statuses 
       add constraint FKa38ri44ml4gfdpklx4ahqr8gd 
       foreign key (channel_id) 
       references channels
26-06-15 18:14:46.396 [main] [32mDEBUG[0;39m org.hibernate.SQL                    [ |  | ] - 
    alter table if exists read_statuses 
       add constraint FKml3k4wr9sj5yxrmj6d0aoib2e 
       foreign key (user_id) 
       references users
26-06-15 18:14:46.399 [main] [32mDEBUG[0;39m org.hibernate.SQL                    [ |  | ] - 
    alter table if exists users 
       add constraint FKtbudycgrip49xdptogmhfqnso 
       foreign key (profile_id) 
       references binary_contents
26-06-15 18:14:46.415 [main] [32mINFO [0;39m o.s.o.j.LocalContainerEntityManagerFactoryBean [ |  | ] - Initialized JPA EntityManagerFactory for persistence unit 'default'
26-06-15 18:14:46.795 [main] [32mINFO [0;39m o.s.d.j.r.query.QueryEnhancerFactory [ |  | ] - Hibernate is in classpath; If applicable, HQL parser will be used.
26-06-15 18:14:47.211 [main] [32mDEBUG[0;39m c.s.m.d.s.j.JwtAuthenticationFilter  [ |  | ] - Filter 'jwtAuthenticationFilter' configured for use
26-06-15 18:14:47.253 [main] [32mDEBUG[0;39m o.s.s.a.h.RoleHierarchyImpl          [ |  | ] - buildRolesReachableInOneOrMoreStepsMap() - From role ROLE_ADMIN one can reach [ROLE_USER, ROLE_CHANNEL_MANAGER] in one or more steps.
26-06-15 18:14:47.253 [main] [32mDEBUG[0;39m o.s.s.a.h.RoleHierarchyImpl          [ |  | ] - buildRolesReachableInOneOrMoreStepsMap() - From role ROLE_CHANNEL_MANAGER one can reach [ROLE_USER] in one or more steps.
26-06-15 18:14:47.929 [main] [32mTRACE[0;39m o.s.s.c.a.a.c.AuthenticationConfiguration$EnableGlobalAuthenticationAutowiredConfigurer [ |  | ] - Eagerly initializing {securityConfig=com.sprint.mission.discodeit.config.SecurityConfig$$SpringCGLIB$$0@31bbcced}
26-06-15 18:14:47.934 [main] [32mINFO [0;39m o.s.s.c.a.a.c.InitializeUserDetailsBeanManagerConfigurer$InitializeUserDetailsManagerConfigurer [ |  | ] - Global AuthenticationManager configured with UserDetailsService bean with name discodeitUserDetailsService
26-06-15 18:14:48.038 [main] [32mINFO [0;39m o.s.b.a.w.s.WelcomePageHandlerMapping [ |  | ] - Adding welcome page: class path resource [static/index.html]
26-06-15 18:14:48.520 [main] [32mINFO [0;39m o.s.b.a.e.web.EndpointLinksResolver  [ |  | ] - Exposing 5 endpoints beneath base path '/actuator'
26-06-15 18:14:48.667 [main] [32mDEBUG[0;39m o.s.s.web.DefaultSecurityFilterChain [ |  | ] - Will secure any request with filters: DisableEncodeUrlFilter, WebAsyncManagerIntegrationFilter, SecurityContextHolderFilter, HeaderWriterFilter, CsrfFilter, LogoutFilter, JwtAuthenticationFilter, UsernamePasswordAuthenticationFilter, RequestCacheAwareFilter, SecurityContextHolderAwareRequestFilter, AnonymousAuthenticationFilter, SessionManagementFilter, ExceptionTranslationFilter, AuthorizationFilter
26-06-15 18:14:50.131 [main] [32mINFO [0;39m o.a.coyote.http11.Http11NioProtocol  [ |  | ] - Starting ProtocolHandler ["http-nio-8080"]
26-06-15 18:14:50.172 [main] [32mINFO [0;39m o.s.b.w.e.tomcat.TomcatWebServer     [ |  | ] - Tomcat started on port 8080 (http) with context path '/'
26-06-15 18:14:50.203 [main] [32mINFO [0;39m c.s.m.discodeit.DiscodeitApplication [ |  | ] - Started DiscodeitApplication in 14.921 seconds (process running for 16.98)
26-06-15 18:14:50.223 [main] [32mDEBUG[0;39m c.s.m.d.s.basic.BasicUserService     [ |  | ] - 사용자 생성 시작: UserCreateRequest[username=admin, email=admin@example.com, password=admin1234!]
26-06-15 18:14:50.303 [main] [32mDEBUG[0;39m org.hibernate.SQL                    [ |  | ] - 
    select
        u1_0.id 
    from
        users u1_0 
    where
        u1_0.email=? 
    fetch
        first ? rows only
26-06-15 18:14:50.309 [main] [32mTRACE[0;39m org.hibernate.orm.jdbc.bind          [ |  | ] - binding parameter (1:VARCHAR) <- [admin@example.com]
26-06-15 18:14:50.309 [main] [32mTRACE[0;39m org.hibernate.orm.jdbc.bind          [ |  | ] - binding parameter (2:INTEGER) <- [1]
26-06-15 18:14:50.328 [main] [32mDEBUG[0;39m org.hibernate.SQL                    [ |  | ] - 
    select
        u1_0.id 
    from
        users u1_0 
    where
        u1_0.username=? 
    fetch
        first ? rows only
26-06-15 18:14:50.328 [main] [32mTRACE[0;39m org.hibernate.orm.jdbc.bind          [ |  | ] - binding parameter (1:VARCHAR) <- [admin]
26-06-15 18:14:50.328 [main] [32mTRACE[0;39m org.hibernate.orm.jdbc.bind          [ |  | ] - binding parameter (2:INTEGER) <- [1]
26-06-15 18:14:50.594 [main] [32mINFO [0;39m c.s.m.d.s.basic.BasicUserService     [ |  | ] - 사용자 생성 완료: id=ffdf3444-721a-4e17-a7b1-c56336c9f877, username=admin
26-06-15 18:14:50.615 [main] [32mDEBUG[0;39m org.hibernate.SQL                    [ |  | ] - 
    insert 
    into
        users
        (created_at, email, password, profile_id, role, updated_at, username, id) 
    values
        (?, ?, ?, ?, ?, ?, ?, ?)
26-06-15 18:14:50.618 [main] [32mTRACE[0;39m org.hibernate.orm.jdbc.bind          [ |  | ] - binding parameter (1:TIMESTAMP_UTC) <- [2026-06-15T09:14:50.561554Z]
26-06-15 18:14:50.620 [main] [32mTRACE[0;39m org.hibernate.orm.jdbc.bind          [ |  | ] - binding parameter (2:VARCHAR) <- [admin@example.com]
26-06-15 18:14:50.621 [main] [32mTRACE[0;39m org.hibernate.orm.jdbc.bind          [ |  | ] - binding parameter (3:VARCHAR) <- [$2a$10$BuJRSKBD3WxDgmES.aFVFujdKUbMbkErX.efG3GhCQhRy3MTtji1.]
26-06-15 18:14:50.621 [main] [32mTRACE[0;39m org.hibernate.orm.jdbc.bind          [ |  | ] - binding parameter (4:UUID) <- [null]
26-06-15 18:14:50.621 [main] [32mTRACE[0;39m org.hibernate.orm.jdbc.bind          [ |  | ] - binding parameter (5:VARCHAR) <- [USER]
26-06-15 18:14:50.621 [main] [32mTRACE[0;39m org.hibernate.orm.jdbc.bind          [ |  | ] - binding parameter (6:TIMESTAMP_UTC) <- [2026-06-15T09:14:50.561554Z]
26-06-15 18:14:50.621 [main] [32mTRACE[0;39m org.hibernate.orm.jdbc.bind          [ |  | ] - binding parameter (7:VARCHAR) <- [admin]
26-06-15 18:14:50.621 [main] [32mTRACE[0;39m org.hibernate.orm.jdbc.bind          [ |  | ] - binding parameter (8:UUID) <- [ffdf3444-721a-4e17-a7b1-c56336c9f877]
26-06-15 18:14:50.707 [main] [32mDEBUG[0;39m org.hibernate.SQL                    [ |  | ] - 
    select
        u1_0.id,
        u1_0.created_at,
        u1_0.email,
        u1_0.password,
        u1_0.profile_id,
        u1_0.role,
        u1_0.updated_at,
        u1_0.username 
    from
        users u1_0 
    where
        u1_0.id=?
26-06-15 18:14:50.707 [main] [32mTRACE[0;39m org.hibernate.orm.jdbc.bind          [ |  | ] - binding parameter (1:UUID) <- [ffdf3444-721a-4e17-a7b1-c56336c9f877]
26-06-15 18:14:50.738 [main] [32mDEBUG[0;39m org.hibernate.SQL                    [ |  | ] - 
    update
        users 
    set
        email=?,
        password=?,
        profile_id=?,
        role=?,
        updated_at=?,
        username=? 
    where
        id=?
26-06-15 18:14:50.739 [main] [32mTRACE[0;39m org.hibernate.orm.jdbc.bind          [ |  | ] - binding parameter (1:VARCHAR) <- [admin@example.com]
26-06-15 18:14:50.739 [main] [32mTRACE[0;39m org.hibernate.orm.jdbc.bind          [ |  | ] - binding parameter (2:VARCHAR) <- [$2a$10$BuJRSKBD3WxDgmES.aFVFujdKUbMbkErX.efG3GhCQhRy3MTtji1.]
26-06-15 18:14:50.739 [main] [32mTRACE[0;39m org.hibernate.orm.jdbc.bind          [ |  | ] - binding parameter (3:UUID) <- [null]
26-06-15 18:14:50.739 [main] [32mTRACE[0;39m org.hibernate.orm.jdbc.bind          [ |  | ] - binding parameter (4:VARCHAR) <- [ADMIN]
26-06-15 18:14:50.739 [main] [32mTRACE[0;39m org.hibernate.orm.jdbc.bind          [ |  | ] - binding parameter (5:TIMESTAMP_UTC) <- [2026-06-15T09:14:50.732014Z]
26-06-15 18:14:50.739 [main] [32mTRACE[0;39m org.hibernate.orm.jdbc.bind          [ |  | ] - binding parameter (6:VARCHAR) <- [admin]
26-06-15 18:14:50.739 [main] [32mTRACE[0;39m org.hibernate.orm.jdbc.bind          [ |  | ] - binding parameter (7:UUID) <- [ffdf3444-721a-4e17-a7b1-c56336c9f877]
26-06-15 18:14:50.743 [main] [32mINFO [0;39m c.s.m.d.security.AdminInitializer    [ |  | ] - 관리자 계정이 성공적으로 생성되었습니다.
26-06-15 18:14:50.745 [main] [32mDEBUG[0;39m c.s.m.d.config.SecurityConfig        [ |  | ] - Debug Filter Chain...
	[1/14] class org.springframework.security.web.session.DisableEncodeUrlFilter
	[2/14] class org.springframework.security.web.context.request.async.WebAsyncManagerIntegrationFilter
	[3/14] class org.springframework.security.web.context.SecurityContextHolderFilter
	[4/14] class org.springframework.security.web.header.HeaderWriterFilter
	[5/14] class org.springframework.security.web.csrf.CsrfFilter
	[6/14] class org.springframework.security.web.authentication.logout.LogoutFilter
	[7/14] class com.sprint.mission.discodeit.security.jwt.JwtAuthenticationFilter
	[8/14] class org.springframework.security.web.authentication.UsernamePasswordAuthenticationFilter
	[9/14] class org.springframework.security.web.savedrequest.RequestCacheAwareFilter
	[10/14] class org.springframework.security.web.servletapi.SecurityContextHolderAwareRequestFilter
	[11/14] class org.springframework.security.web.authentication.AnonymousAuthenticationFilter
	[12/14] class org.springframework.security.web.session.SessionManagementFilter
	[13/14] class org.springframework.security.web.access.ExceptionTranslationFilter
	[14/14] class org.springframework.security.web.access.intercept.AuthorizationFilter
26-06-15 18:14:51.621 [RMI TCP Connection(6)-127.0.0.1] [32mINFO [0;39m o.a.c.c.C.[Tomcat].[localhost].[/]   [ |  | ] - Initializing Spring DispatcherServlet 'dispatcherServlet'
26-06-15 18:14:51.622 [RMI TCP Connection(6)-127.0.0.1] [32mINFO [0;39m o.s.web.servlet.DispatcherServlet    [ |  | ] - Initializing Servlet 'dispatcherServlet'
26-06-15 18:14:51.632 [RMI TCP Connection(6)-127.0.0.1] [32mINFO [0;39m o.s.web.servlet.DispatcherServlet    [ |  | ] - Completed initialization in 9 ms
26-06-15 18:54:12.510 [HikariPool-1 housekeeper] [33mWARN [0;39m com.zaxxer.hikari.pool.HikariPool    [ |  | ] - HikariPool-1 - Retrograde clock change detected (housekeeper delta=28s385ms), soft-evicting connections from pool.
26-06-15 19:15:52.530 [HikariPool-1 housekeeper] [33mWARN [0;39m com.zaxxer.hikari.pool.HikariPool    [ |  | ] - HikariPool-1 - Thread starvation or clock leap detected (housekeeper delta=4m9s585ms).
26-06-15 19:38:20.460 [SpringApplicationShutdownHook] [32mINFO [0;39m o.s.b.w.e.tomcat.GracefulShutdown    [ |  | ] - Commencing graceful shutdown. Waiting for active requests to complete
26-06-15 19:38:20.972 [tomcat-shutdown] [32mINFO [0;39m o.s.b.w.e.tomcat.GracefulShutdown    [ |  | ] - Graceful shutdown complete
26-06-15 19:38:21.144 [SpringApplicationShutdownHook] [32mINFO [0;39m o.s.o.j.LocalContainerEntityManagerFactoryBean [ |  | ] - Closing JPA EntityManagerFactory for persistence unit 'default'
26-06-15 19:38:21.255 [SpringApplicationShutdownHook] [32mINFO [0;39m com.zaxxer.hikari.HikariDataSource   [ |  | ] - HikariPool-1 - Shutdown initiated...
26-06-15 19:38:21.299 [SpringApplicationShutdownHook] [32mINFO [0;39m com.zaxxer.hikari.HikariDataSource   [ |  | ] - HikariPool-1 - Shutdown completed.
