26-06-04 11:22:59.124 [background-preinit] [32mINFO [0;39m o.h.validator.internal.util.Version  [ |  | ] - HV000001: Hibernate Validator 8.0.1.Final
26-06-04 11:22:59.155 [main] [32mINFO [0;39m c.s.m.discodeit.DiscodeitApplication [ |  | ] - Starting DiscodeitApplication using Java 17.0.18 with PID 56688 (/Users/apple/IdeaProjects/temp/9-sprint-mission/discodeit/build/classes/java/main started by apple in /Users/apple/IdeaProjects/temp/9-sprint-mission)
26-06-04 11:22:59.156 [main] [32mDEBUG[0;39m c.s.m.discodeit.DiscodeitApplication [ |  | ] - Running with Spring Boot v3.4.0, Spring v6.2.0
26-06-04 11:22:59.156 [main] [32mINFO [0;39m c.s.m.discodeit.DiscodeitApplication [ |  | ] - The following 1 profile is active: "dev"
26-06-04 11:22:59.932 [main] [32mINFO [0;39m o.s.d.r.c.RepositoryConfigurationDelegate [ |  | ] - Bootstrapping Spring Data JPA repositories in DEFAULT mode.
26-06-04 11:22:59.975 [main] [32mINFO [0;39m o.s.d.r.c.RepositoryConfigurationDelegate [ |  | ] - Finished Spring Data repository scanning in 38 ms. Found 7 JPA repository interfaces.
26-06-04 11:23:00.598 [main] [32mINFO [0;39m o.s.b.w.e.tomcat.TomcatWebServer     [ |  | ] - Tomcat initialized with port 8080 (http)
26-06-04 11:23:00.605 [main] [32mINFO [0;39m o.a.coyote.http11.Http11NioProtocol  [ |  | ] - Initializing ProtocolHandler ["http-nio-8080"]
26-06-04 11:23:00.606 [main] [32mINFO [0;39m o.a.catalina.core.StandardService    [ |  | ] - Starting service [Tomcat]
26-06-04 11:23:00.606 [main] [32mINFO [0;39m o.a.catalina.core.StandardEngine     [ |  | ] - Starting Servlet engine: [Apache Tomcat/10.1.33]
26-06-04 11:23:00.638 [main] [32mINFO [0;39m o.a.c.c.C.[Tomcat].[localhost].[/]   [ |  | ] - Initializing Spring embedded WebApplicationContext
26-06-04 11:23:00.638 [main] [32mINFO [0;39m o.s.b.w.s.c.ServletWebServerApplicationContext [ |  | ] - Root WebApplicationContext: initialization completed in 1459 ms
26-06-04 11:23:00.988 [main] [32mINFO [0;39m com.zaxxer.hikari.HikariDataSource   [ |  | ] - HikariPool-1 - Starting...
26-06-04 11:23:01.067 [main] [32mINFO [0;39m com.zaxxer.hikari.pool.HikariPool    [ |  | ] - HikariPool-1 - Added connection org.postgresql.jdbc.PgConnection@3dcbbbc
26-06-04 11:23:01.067 [main] [32mINFO [0;39m com.zaxxer.hikari.HikariDataSource   [ |  | ] - HikariPool-1 - Start completed.
26-06-04 11:23:01.131 [main] [32mINFO [0;39m o.h.jpa.internal.util.LogHelper      [ |  | ] - HHH000204: Processing PersistenceUnitInfo [name: default]
26-06-04 11:23:01.167 [main] [32mINFO [0;39m org.hibernate.Version                [ |  | ] - HHH000412: Hibernate ORM core version 6.6.2.Final
26-06-04 11:23:01.188 [main] [32mINFO [0;39m o.h.c.i.RegionFactoryInitiator       [ |  | ] - HHH000026: Second-level cache disabled
26-06-04 11:23:01.360 [main] [32mINFO [0;39m o.s.o.j.p.SpringPersistenceUnitInfo  [ |  | ] - No LoadTimeWeaver setup: ignoring JPA class transformer
26-06-04 11:23:01.442 [main] [32mINFO [0;39m o.hibernate.orm.connections.pooling  [ |  | ] - HHH10001005: Database info:
	Database JDBC URL [Connecting through datasource 'HikariDataSource (HikariPool-1)']
	Database driver: undefined/unknown
	Database version: 14.21
	Autocommit mode: undefined/unknown
	Isolation level: undefined/unknown
	Minimum pool size: undefined/unknown
	Maximum pool size: undefined/unknown
26-06-04 11:23:02.367 [main] [32mINFO [0;39m o.h.e.t.j.p.i.JtaPlatformInitiator   [ |  | ] - HHH000489: No JTA platform available (set 'hibernate.transaction.jta.platform' to enable JTA platform integration)
26-06-04 11:23:02.581 [main] [32mINFO [0;39m o.s.o.j.LocalContainerEntityManagerFactoryBean [ |  | ] - Initialized JPA EntityManagerFactory for persistence unit 'default'
26-06-04 11:23:02.840 [main] [32mINFO [0;39m o.s.d.j.r.query.QueryEnhancerFactory [ |  | ] - Hibernate is in classpath; If applicable, HQL parser will be used.
26-06-04 11:23:03.072 [main] [32mDEBUG[0;39m c.s.m.d.s.f.JwtAuthenticationFilter  [ |  | ] - Filter 'jwtAuthenticationFilter' configured for use
26-06-04 11:23:03.533 [main] [32mTRACE[0;39m o.s.s.c.a.a.c.AuthenticationConfiguration$EnableGlobalAuthenticationAutowiredConfigurer [ |  | ] - Eagerly initializing {securityConfig=com.sprint.mission.discodeit.config.SecurityConfig$$SpringCGLIB$$0@12f4b3a2}
26-06-04 11:23:03.537 [main] [32mINFO [0;39m o.s.s.c.a.a.c.InitializeUserDetailsBeanManagerConfigurer$InitializeUserDetailsManagerConfigurer [ |  | ] - Global AuthenticationManager configured with UserDetailsService bean with name discodeitUserDetailsService
26-06-04 11:23:03.592 [main] [32mINFO [0;39m o.s.b.a.w.s.WelcomePageHandlerMapping [ |  | ] - Adding welcome page: class path resource [static/index.html]
26-06-04 11:23:03.907 [main] [32mINFO [0;39m o.s.b.a.e.web.EndpointLinksResolver  [ |  | ] - Exposing 2 endpoints beneath base path '/actuator'
26-06-04 11:23:04.043 [main] [32mDEBUG[0;39m o.s.s.web.DefaultSecurityFilterChain [ |  | ] - Will secure any request with filters: DisableEncodeUrlFilter, WebAsyncManagerIntegrationFilter, SecurityContextHolderFilter, HeaderWriterFilter, CsrfFilter, LogoutFilter, JwtAuthenticationFilter, UsernamePasswordAuthenticationFilter, RequestCacheAwareFilter, SecurityContextHolderAwareRequestFilter, RememberMeAuthenticationFilter, AnonymousAuthenticationFilter, SessionManagementFilter, ExceptionTranslationFilter, AuthorizationFilter
26-06-04 11:23:04.629 [main] [32mINFO [0;39m o.a.coyote.http11.Http11NioProtocol  [ |  | ] - Starting ProtocolHandler ["http-nio-8080"]
26-06-04 11:23:04.637 [main] [32mINFO [0;39m o.s.b.w.e.tomcat.TomcatWebServer     [ |  | ] - Tomcat started on port 8080 (http) with context path '/'
26-06-04 11:23:04.650 [main] [32mINFO [0;39m c.s.m.discodeit.DiscodeitApplication [ |  | ] - Started DiscodeitApplication in 5.894 seconds (process running for 6.581)
26-06-04 11:23:04.652 [scheduling-1] [32mDEBUG[0;39m c.s.m.d.s.r.InMemoryJwtRegistry      [ |  | ] - 만료된 인메모리 JWT 정보 청소 스케줄러 가동 (5분 주기)
26-06-04 11:23:04.690 [main] [32mDEBUG[0;39m org.hibernate.SQL                    [ |  | ] - 
    select
        u1_0.id 
    from
        users u1_0 
    where
        u1_0.role=? 
    fetch
        first ? rows only
26-06-04 11:23:04.691 [main] [32mTRACE[0;39m org.hibernate.orm.jdbc.bind          [ |  | ] - binding parameter (1:VARCHAR) <- [ADMIN]
26-06-04 11:23:04.691 [main] [32mTRACE[0;39m org.hibernate.orm.jdbc.bind          [ |  | ] - binding parameter (2:INTEGER) <- [1]
26-06-04 11:23:05.119 [RMI TCP Connection(3)-192.168.219.195] [32mINFO [0;39m o.a.c.c.C.[Tomcat].[localhost].[/]   [ |  | ] - Initializing Spring DispatcherServlet 'dispatcherServlet'
26-06-04 11:23:05.120 [RMI TCP Connection(3)-192.168.219.195] [32mINFO [0;39m o.s.web.servlet.DispatcherServlet    [ |  | ] - Initializing Servlet 'dispatcherServlet'
26-06-04 11:23:05.122 [RMI TCP Connection(3)-192.168.219.195] [32mINFO [0;39m o.s.web.servlet.DispatcherServlet    [ |  | ] - Completed initialization in 2 ms
26-06-04 11:23:10.907 [http-nio-8080-exec-1] [32mTRACE[0;39m o.s.security.web.FilterChainProxy    [ |  | ] - Trying to match request against DefaultSecurityFilterChain defined as 'filterChain' in [class path resource [com/sprint/mission/discodeit/config/SecurityConfig.class]] matching [any request] and having filters [DisableEncodeUrl, WebAsyncManagerIntegration, SecurityContextHolder, HeaderWriter, Csrf, Logout, JwtAuthentication, UsernamePasswordAuthentication, RequestCacheAware, SecurityContextHolderAwareRequest, RememberMeAuthentication, AnonymousAuthentication, SessionManagement, ExceptionTranslation, Authorization] (1/1)
26-06-04 11:23:10.910 [http-nio-8080-exec-1] [32mDEBUG[0;39m o.s.security.web.FilterChainProxy    [ |  | ] - Securing GET /
26-06-04 11:23:10.913 [http-nio-8080-exec-1] [32mTRACE[0;39m o.s.security.web.FilterChainProxy    [ |  | ] - Invoking DisableEncodeUrlFilter (1/15)
26-06-04 11:23:10.918 [http-nio-8080-exec-1] [32mTRACE[0;39m o.s.security.web.FilterChainProxy    [ |  | ] - Invoking WebAsyncManagerIntegrationFilter (2/15)
26-06-04 11:23:10.921 [http-nio-8080-exec-1] [32mTRACE[0;39m o.s.security.web.FilterChainProxy    [ |  | ] - Invoking SecurityContextHolderFilter (3/15)
26-06-04 11:23:10.921 [http-nio-8080-exec-1] [32mTRACE[0;39m o.s.security.web.FilterChainProxy    [ |  | ] - Invoking HeaderWriterFilter (4/15)
26-06-04 11:23:10.922 [http-nio-8080-exec-1] [32mTRACE[0;39m o.s.security.web.FilterChainProxy    [ |  | ] - Invoking CsrfFilter (5/15)
26-06-04 11:23:10.925 [http-nio-8080-exec-1] [32mTRACE[0;39m o.s.security.web.csrf.CsrfFilter     [ |  | ] - Did not protect against CSRF since request did not match CsrfNotRequired [TRACE, HEAD, GET, OPTIONS]
26-06-04 11:23:10.925 [http-nio-8080-exec-1] [32mTRACE[0;39m o.s.security.web.FilterChainProxy    [ |  | ] - Invoking LogoutFilter (6/15)
26-06-04 11:23:10.925 [http-nio-8080-exec-1] [32mTRACE[0;39m o.s.s.w.a.logout.LogoutFilter        [ |  | ] - Did not match request to Ant [pattern='/api/auth/logout', POST]
26-06-04 11:23:10.925 [http-nio-8080-exec-1] [32mTRACE[0;39m o.s.security.web.FilterChainProxy    [ |  | ] - Invoking JwtAuthenticationFilter (7/15)
26-06-04 11:23:10.925 [http-nio-8080-exec-1] [32mTRACE[0;39m o.s.security.web.FilterChainProxy    [ |  | ] - Invoking UsernamePasswordAuthenticationFilter (8/15)
26-06-04 11:23:10.925 [http-nio-8080-exec-1] [32mTRACE[0;39m o.s.s.w.a.UsernamePasswordAuthenticationFilter [ |  | ] - Did not match request to Ant [pattern='/api/auth/login', POST]
26-06-04 11:23:10.925 [http-nio-8080-exec-1] [32mTRACE[0;39m o.s.security.web.FilterChainProxy    [ |  | ] - Invoking RequestCacheAwareFilter (9/15)
26-06-04 11:23:10.926 [http-nio-8080-exec-1] [32mTRACE[0;39m o.s.security.web.FilterChainProxy    [ |  | ] - Invoking SecurityContextHolderAwareRequestFilter (10/15)
26-06-04 11:23:10.926 [http-nio-8080-exec-1] [32mTRACE[0;39m o.s.security.web.FilterChainProxy    [ |  | ] - Invoking RememberMeAuthenticationFilter (11/15)
26-06-04 11:23:10.926 [http-nio-8080-exec-1] [32mTRACE[0;39m o.s.s.w.c.SupplierDeferredSecurityContext [ |  | ] - Created SecurityContextImpl [Null authentication]
26-06-04 11:23:10.927 [http-nio-8080-exec-1] [32mTRACE[0;39m o.s.security.web.FilterChainProxy    [ |  | ] - Invoking AnonymousAuthenticationFilter (12/15)
26-06-04 11:23:10.927 [http-nio-8080-exec-1] [32mTRACE[0;39m o.s.security.web.FilterChainProxy    [ |  | ] - Invoking SessionManagementFilter (13/15)
26-06-04 11:23:10.927 [http-nio-8080-exec-1] [32mTRACE[0;39m o.s.s.w.a.AnonymousAuthenticationFilter [ |  | ] - Set SecurityContextHolder to AnonymousAuthenticationToken [Principal=anonymousUser, Credentials=[PROTECTED], Authenticated=true, Details=WebAuthenticationDetails [RemoteIpAddress=0:0:0:0:0:0:0:1, SessionId=null], Granted Authorities=[ROLE_ANONYMOUS]]
26-06-04 11:23:10.928 [http-nio-8080-exec-1] [32mTRACE[0;39m o.s.security.web.FilterChainProxy    [ |  | ] - Invoking ExceptionTranslationFilter (14/15)
26-06-04 11:23:10.928 [http-nio-8080-exec-1] [32mTRACE[0;39m o.s.security.web.FilterChainProxy    [ |  | ] - Invoking AuthorizationFilter (15/15)
26-06-04 11:23:10.929 [http-nio-8080-exec-1] [32mTRACE[0;39m o.s.s.w.a.i.RequestMatcherDelegatingAuthorizationManager [ |  | ] - Authorizing GET /
26-06-04 11:23:10.931 [http-nio-8080-exec-1] [32mTRACE[0;39m o.s.s.w.a.i.RequestMatcherDelegatingAuthorizationManager [ |  | ] - Checking authorization on GET / using org.springframework.security.config.annotation.web.configurers.AuthorizeHttpRequestsConfigurer$$Lambda$1768/0x0000000301c1a040@100818fa
26-06-04 11:23:10.935 [http-nio-8080-exec-1] [32mDEBUG[0;39m o.s.security.web.FilterChainProxy    [ |  | ] - Secured GET /
26-06-04 11:23:10.940 [http-nio-8080-exec-1] [32mDEBUG[0;39m c.s.m.d.config.MDCLoggingInterceptor [8813e778a8354fb79d979a65214b72de | GET | /] - Request started
26-06-04 11:23:10.979 [http-nio-8080-exec-1] [32mTRACE[0;39m o.s.security.web.FilterChainProxy    [8813e778a8354fb79d979a65214b72de | GET | /] - Trying to match request against DefaultSecurityFilterChain defined as 'filterChain' in [class path resource [com/sprint/mission/discodeit/config/SecurityConfig.class]] matching [any request] and having filters [DisableEncodeUrl, WebAsyncManagerIntegration, SecurityContextHolder, HeaderWriter, Csrf, Logout, JwtAuthentication, UsernamePasswordAuthentication, RequestCacheAware, SecurityContextHolderAwareRequest, RememberMeAuthentication, AnonymousAuthentication, SessionManagement, ExceptionTranslation, Authorization] (1/1)
26-06-04 11:23:10.979 [http-nio-8080-exec-1] [32mDEBUG[0;39m o.s.security.web.FilterChainProxy    [8813e778a8354fb79d979a65214b72de | GET | /] - Securing GET /index.html
26-06-04 11:23:10.979 [http-nio-8080-exec-1] [32mTRACE[0;39m o.s.security.web.FilterChainProxy    [8813e778a8354fb79d979a65214b72de | GET | /] - Invoking DisableEncodeUrlFilter (1/15)
26-06-04 11:23:10.980 [http-nio-8080-exec-1] [32mTRACE[0;39m o.s.security.web.FilterChainProxy    [8813e778a8354fb79d979a65214b72de | GET | /] - Invoking WebAsyncManagerIntegrationFilter (2/15)
26-06-04 11:23:10.980 [http-nio-8080-exec-1] [32mTRACE[0;39m o.s.security.web.FilterChainProxy    [8813e778a8354fb79d979a65214b72de | GET | /] - Invoking SecurityContextHolderFilter (3/15)
26-06-04 11:23:10.980 [http-nio-8080-exec-1] [32mTRACE[0;39m o.s.security.web.FilterChainProxy    [8813e778a8354fb79d979a65214b72de | GET | /] - Invoking HeaderWriterFilter (4/15)
26-06-04 11:23:10.980 [http-nio-8080-exec-1] [32mTRACE[0;39m o.s.security.web.FilterChainProxy    [8813e778a8354fb79d979a65214b72de | GET | /] - Invoking CsrfFilter (5/15)
26-06-04 11:23:10.981 [http-nio-8080-exec-1] [32mTRACE[0;39m o.s.security.web.FilterChainProxy    [8813e778a8354fb79d979a65214b72de | GET | /] - Invoking LogoutFilter (6/15)
26-06-04 11:23:10.981 [http-nio-8080-exec-1] [32mTRACE[0;39m o.s.s.w.a.logout.LogoutFilter        [8813e778a8354fb79d979a65214b72de | GET | /] - Did not match request to Ant [pattern='/api/auth/logout', POST]
26-06-04 11:23:10.981 [http-nio-8080-exec-1] [32mTRACE[0;39m o.s.security.web.FilterChainProxy    [8813e778a8354fb79d979a65214b72de | GET | /] - Invoking JwtAuthenticationFilter (7/15)
26-06-04 11:23:10.981 [http-nio-8080-exec-1] [32mTRACE[0;39m o.s.security.web.FilterChainProxy    [8813e778a8354fb79d979a65214b72de | GET | /] - Invoking UsernamePasswordAuthenticationFilter (8/15)
26-06-04 11:23:10.981 [http-nio-8080-exec-1] [32mTRACE[0;39m o.s.s.w.a.UsernamePasswordAuthenticationFilter [8813e778a8354fb79d979a65214b72de | GET | /] - Did not match request to Ant [pattern='/api/auth/login', POST]
26-06-04 11:23:10.981 [http-nio-8080-exec-1] [32mTRACE[0;39m o.s.security.web.FilterChainProxy    [8813e778a8354fb79d979a65214b72de | GET | /] - Invoking RequestCacheAwareFilter (9/15)
26-06-04 11:23:10.981 [http-nio-8080-exec-1] [32mTRACE[0;39m o.s.security.web.FilterChainProxy    [8813e778a8354fb79d979a65214b72de | GET | /] - Invoking SecurityContextHolderAwareRequestFilter (10/15)
26-06-04 11:23:10.981 [http-nio-8080-exec-1] [32mTRACE[0;39m o.s.security.web.FilterChainProxy    [8813e778a8354fb79d979a65214b72de | GET | /] - Invoking RememberMeAuthenticationFilter (11/15)
26-06-04 11:23:10.982 [http-nio-8080-exec-1] [32mDEBUG[0;39m o.s.s.w.a.r.RememberMeAuthenticationFilter [8813e778a8354fb79d979a65214b72de | GET | /] - SecurityContextHolder not populated with remember-me token, as it already contained: 'AnonymousAuthenticationToken [Principal=anonymousUser, Credentials=[PROTECTED], Authenticated=true, Details=WebAuthenticationDetails [RemoteIpAddress=0:0:0:0:0:0:0:1, SessionId=null], Granted Authorities=[ROLE_ANONYMOUS]]'
26-06-04 11:23:10.982 [http-nio-8080-exec-1] [32mTRACE[0;39m o.s.security.web.FilterChainProxy    [8813e778a8354fb79d979a65214b72de | GET | /] - Invoking AnonymousAuthenticationFilter (12/15)
26-06-04 11:23:10.982 [http-nio-8080-exec-1] [32mTRACE[0;39m o.s.security.web.FilterChainProxy    [8813e778a8354fb79d979a65214b72de | GET | /] - Invoking SessionManagementFilter (13/15)
26-06-04 11:23:10.983 [http-nio-8080-exec-1] [32mTRACE[0;39m o.s.security.web.FilterChainProxy    [8813e778a8354fb79d979a65214b72de | GET | /] - Invoking ExceptionTranslationFilter (14/15)
26-06-04 11:23:10.983 [http-nio-8080-exec-1] [32mTRACE[0;39m o.s.security.web.FilterChainProxy    [8813e778a8354fb79d979a65214b72de | GET | /] - Invoking AuthorizationFilter (15/15)
26-06-04 11:23:10.983 [http-nio-8080-exec-1] [32mTRACE[0;39m o.s.s.w.a.i.RequestMatcherDelegatingAuthorizationManager [8813e778a8354fb79d979a65214b72de | GET | /] - Authorizing GET /index.html
26-06-04 11:23:10.984 [http-nio-8080-exec-1] [32mTRACE[0;39m o.s.s.w.a.i.RequestMatcherDelegatingAuthorizationManager [8813e778a8354fb79d979a65214b72de | GET | /] - Checking authorization on GET /index.html using org.springframework.security.config.annotation.web.configurers.AuthorizeHttpRequestsConfigurer$$Lambda$1768/0x0000000301c1a040@100818fa
26-06-04 11:23:10.984 [http-nio-8080-exec-1] [32mDEBUG[0;39m o.s.security.web.FilterChainProxy    [8813e778a8354fb79d979a65214b72de | GET | /] - Secured GET /index.html
26-06-04 11:23:10.986 [http-nio-8080-exec-1] [32mDEBUG[0;39m c.s.m.d.config.MDCLoggingInterceptor [a510dcce01c4442885f0e3326709e58e | GET | /index.html] - Request started
26-06-04 11:23:11.000 [http-nio-8080-exec-1] [32mTRACE[0;39m o.s.s.w.h.writers.HstsHeaderWriter   [a510dcce01c4442885f0e3326709e58e | GET | /index.html] - Not injecting HSTS header since it did not match request to [Is Secure]
26-06-04 11:23:11.002 [http-nio-8080-exec-1] [32mDEBUG[0;39m c.s.m.d.config.MDCLoggingInterceptor [a510dcce01c4442885f0e3326709e58e | GET | /index.html] - Request completed
26-06-04 11:23:11.002 [http-nio-8080-exec-1] [32mTRACE[0;39m o.s.s.w.a.AnonymousAuthenticationFilter [ |  | ] - Did not set SecurityContextHolder since already authenticated AnonymousAuthenticationToken [Principal=anonymousUser, Credentials=[PROTECTED], Authenticated=true, Details=WebAuthenticationDetails [RemoteIpAddress=0:0:0:0:0:0:0:1, SessionId=null], Granted Authorities=[ROLE_ANONYMOUS]]
26-06-04 11:23:11.009 [http-nio-8080-exec-1] [32mDEBUG[0;39m c.s.m.d.config.MDCLoggingInterceptor [ |  | ] - Request completed
26-06-04 11:23:11.735 [http-nio-8080-exec-2] [32mTRACE[0;39m o.s.security.web.FilterChainProxy    [ |  | ] - Trying to match request against DefaultSecurityFilterChain defined as 'filterChain' in [class path resource [com/sprint/mission/discodeit/config/SecurityConfig.class]] matching [any request] and having filters [DisableEncodeUrl, WebAsyncManagerIntegration, SecurityContextHolder, HeaderWriter, Csrf, Logout, JwtAuthentication, UsernamePasswordAuthentication, RequestCacheAware, SecurityContextHolderAwareRequest, RememberMeAuthentication, AnonymousAuthentication, SessionManagement, ExceptionTranslation, Authorization] (1/1)
26-06-04 11:23:11.736 [http-nio-8080-exec-2] [32mDEBUG[0;39m o.s.security.web.FilterChainProxy    [ |  | ] - Securing GET /assets/index-DB4IjbRs.js
26-06-04 11:23:11.736 [http-nio-8080-exec-3] [32mTRACE[0;39m o.s.security.web.FilterChainProxy    [ |  | ] - Trying to match request against DefaultSecurityFilterChain defined as 'filterChain' in [class path resource [com/sprint/mission/discodeit/config/SecurityConfig.class]] matching [any request] and having filters [DisableEncodeUrl, WebAsyncManagerIntegration, SecurityContextHolder, HeaderWriter, Csrf, Logout, JwtAuthentication, UsernamePasswordAuthentication, RequestCacheAware, SecurityContextHolderAwareRequest, RememberMeAuthentication, AnonymousAuthentication, SessionManagement, ExceptionTranslation, Authorization] (1/1)
26-06-04 11:23:11.736 [http-nio-8080-exec-3] [32mDEBUG[0;39m o.s.security.web.FilterChainProxy    [ |  | ] - Securing GET /assets/index-kQJbKSsj.css
26-06-04 11:23:11.736 [http-nio-8080-exec-2] [32mTRACE[0;39m o.s.security.web.FilterChainProxy    [ |  | ] - Invoking DisableEncodeUrlFilter (1/15)
26-06-04 11:23:11.736 [http-nio-8080-exec-3] [32mTRACE[0;39m o.s.security.web.FilterChainProxy    [ |  | ] - Invoking DisableEncodeUrlFilter (1/15)
26-06-04 11:23:11.736 [http-nio-8080-exec-3] [32mTRACE[0;39m o.s.security.web.FilterChainProxy    [ |  | ] - Invoking WebAsyncManagerIntegrationFilter (2/15)
26-06-04 11:23:11.736 [http-nio-8080-exec-2] [32mTRACE[0;39m o.s.security.web.FilterChainProxy    [ |  | ] - Invoking WebAsyncManagerIntegrationFilter (2/15)
26-06-04 11:23:11.737 [http-nio-8080-exec-3] [32mTRACE[0;39m o.s.security.web.FilterChainProxy    [ |  | ] - Invoking SecurityContextHolderFilter (3/15)
26-06-04 11:23:11.737 [http-nio-8080-exec-2] [32mTRACE[0;39m o.s.security.web.FilterChainProxy    [ |  | ] - Invoking SecurityContextHolderFilter (3/15)
26-06-04 11:23:11.737 [http-nio-8080-exec-3] [32mTRACE[0;39m o.s.security.web.FilterChainProxy    [ |  | ] - Invoking HeaderWriterFilter (4/15)
26-06-04 11:23:11.737 [http-nio-8080-exec-2] [32mTRACE[0;39m o.s.security.web.FilterChainProxy    [ |  | ] - Invoking HeaderWriterFilter (4/15)
26-06-04 11:23:11.737 [http-nio-8080-exec-2] [32mTRACE[0;39m o.s.security.web.FilterChainProxy    [ |  | ] - Invoking CsrfFilter (5/15)
26-06-04 11:23:11.737 [http-nio-8080-exec-3] [32mTRACE[0;39m o.s.security.web.FilterChainProxy    [ |  | ] - Invoking CsrfFilter (5/15)
26-06-04 11:23:11.737 [http-nio-8080-exec-2] [32mTRACE[0;39m o.s.security.web.csrf.CsrfFilter     [ |  | ] - Did not protect against CSRF since request did not match CsrfNotRequired [TRACE, HEAD, GET, OPTIONS]
26-06-04 11:23:11.737 [http-nio-8080-exec-3] [32mTRACE[0;39m o.s.security.web.csrf.CsrfFilter     [ |  | ] - Did not protect against CSRF since request did not match CsrfNotRequired [TRACE, HEAD, GET, OPTIONS]
26-06-04 11:23:11.737 [http-nio-8080-exec-2] [32mTRACE[0;39m o.s.security.web.FilterChainProxy    [ |  | ] - Invoking LogoutFilter (6/15)
26-06-04 11:23:11.737 [http-nio-8080-exec-3] [32mTRACE[0;39m o.s.security.web.FilterChainProxy    [ |  | ] - Invoking LogoutFilter (6/15)
26-06-04 11:23:11.737 [http-nio-8080-exec-2] [32mTRACE[0;39m o.s.s.w.a.logout.LogoutFilter        [ |  | ] - Did not match request to Ant [pattern='/api/auth/logout', POST]
26-06-04 11:23:11.737 [http-nio-8080-exec-3] [32mTRACE[0;39m o.s.s.w.a.logout.LogoutFilter        [ |  | ] - Did not match request to Ant [pattern='/api/auth/logout', POST]
26-06-04 11:23:11.737 [http-nio-8080-exec-2] [32mTRACE[0;39m o.s.security.web.FilterChainProxy    [ |  | ] - Invoking JwtAuthenticationFilter (7/15)
26-06-04 11:23:11.737 [http-nio-8080-exec-3] [32mTRACE[0;39m o.s.security.web.FilterChainProxy    [ |  | ] - Invoking JwtAuthenticationFilter (7/15)
26-06-04 11:23:11.738 [http-nio-8080-exec-3] [32mTRACE[0;39m o.s.security.web.FilterChainProxy    [ |  | ] - Invoking UsernamePasswordAuthenticationFilter (8/15)
26-06-04 11:23:11.738 [http-nio-8080-exec-3] [32mTRACE[0;39m o.s.s.w.a.UsernamePasswordAuthenticationFilter [ |  | ] - Did not match request to Ant [pattern='/api/auth/login', POST]
26-06-04 11:23:11.738 [http-nio-8080-exec-3] [32mTRACE[0;39m o.s.security.web.FilterChainProxy    [ |  | ] - Invoking RequestCacheAwareFilter (9/15)
26-06-04 11:23:11.738 [http-nio-8080-exec-3] [32mTRACE[0;39m o.s.security.web.FilterChainProxy    [ |  | ] - Invoking SecurityContextHolderAwareRequestFilter (10/15)
26-06-04 11:23:11.738 [http-nio-8080-exec-2] [32mTRACE[0;39m o.s.security.web.FilterChainProxy    [ |  | ] - Invoking UsernamePasswordAuthenticationFilter (8/15)
26-06-04 11:23:11.738 [http-nio-8080-exec-3] [32mTRACE[0;39m o.s.security.web.FilterChainProxy    [ |  | ] - Invoking RememberMeAuthenticationFilter (11/15)
26-06-04 11:23:11.738 [http-nio-8080-exec-2] [32mTRACE[0;39m o.s.s.w.a.UsernamePasswordAuthenticationFilter [ |  | ] - Did not match request to Ant [pattern='/api/auth/login', POST]
26-06-04 11:23:11.738 [http-nio-8080-exec-2] [32mTRACE[0;39m o.s.security.web.FilterChainProxy    [ |  | ] - Invoking RequestCacheAwareFilter (9/15)
26-06-04 11:23:11.738 [http-nio-8080-exec-3] [32mTRACE[0;39m o.s.s.w.c.SupplierDeferredSecurityContext [ |  | ] - Created SecurityContextImpl [Null authentication]
26-06-04 11:23:11.739 [http-nio-8080-exec-3] [32mTRACE[0;39m o.s.security.web.FilterChainProxy    [ |  | ] - Invoking AnonymousAuthenticationFilter (12/15)
26-06-04 11:23:11.739 [http-nio-8080-exec-2] [32mTRACE[0;39m o.s.security.web.FilterChainProxy    [ |  | ] - Invoking SecurityContextHolderAwareRequestFilter (10/15)
26-06-04 11:23:11.739 [http-nio-8080-exec-3] [32mTRACE[0;39m o.s.security.web.FilterChainProxy    [ |  | ] - Invoking SessionManagementFilter (13/15)
26-06-04 11:23:11.739 [http-nio-8080-exec-2] [32mTRACE[0;39m o.s.security.web.FilterChainProxy    [ |  | ] - Invoking RememberMeAuthenticationFilter (11/15)
26-06-04 11:23:11.739 [http-nio-8080-exec-3] [32mTRACE[0;39m o.s.s.w.a.AnonymousAuthenticationFilter [ |  | ] - Set SecurityContextHolder to AnonymousAuthenticationToken [Principal=anonymousUser, Credentials=[PROTECTED], Authenticated=true, Details=WebAuthenticationDetails [RemoteIpAddress=0:0:0:0:0:0:0:1, SessionId=null], Granted Authorities=[ROLE_ANONYMOUS]]
26-06-04 11:23:11.739 [http-nio-8080-exec-2] [32mTRACE[0;39m o.s.s.w.c.SupplierDeferredSecurityContext [ |  | ] - Created SecurityContextImpl [Null authentication]
26-06-04 11:23:11.739 [http-nio-8080-exec-3] [32mTRACE[0;39m o.s.security.web.FilterChainProxy    [ |  | ] - Invoking ExceptionTranslationFilter (14/15)
26-06-04 11:23:11.739 [http-nio-8080-exec-2] [32mTRACE[0;39m o.s.security.web.FilterChainProxy    [ |  | ] - Invoking AnonymousAuthenticationFilter (12/15)
26-06-04 11:23:11.739 [http-nio-8080-exec-3] [32mTRACE[0;39m o.s.security.web.FilterChainProxy    [ |  | ] - Invoking AuthorizationFilter (15/15)
26-06-04 11:23:11.739 [http-nio-8080-exec-2] [32mTRACE[0;39m o.s.security.web.FilterChainProxy    [ |  | ] - Invoking SessionManagementFilter (13/15)
26-06-04 11:23:11.739 [http-nio-8080-exec-2] [32mTRACE[0;39m o.s.s.w.a.AnonymousAuthenticationFilter [ |  | ] - Set SecurityContextHolder to AnonymousAuthenticationToken [Principal=anonymousUser, Credentials=[PROTECTED], Authenticated=true, Details=WebAuthenticationDetails [RemoteIpAddress=0:0:0:0:0:0:0:1, SessionId=null], Granted Authorities=[ROLE_ANONYMOUS]]
26-06-04 11:23:11.740 [http-nio-8080-exec-2] [32mTRACE[0;39m o.s.security.web.FilterChainProxy    [ |  | ] - Invoking ExceptionTranslationFilter (14/15)
26-06-04 11:23:11.740 [http-nio-8080-exec-2] [32mTRACE[0;39m o.s.security.web.FilterChainProxy    [ |  | ] - Invoking AuthorizationFilter (15/15)
26-06-04 11:23:11.740 [http-nio-8080-exec-3] [32mTRACE[0;39m o.s.s.w.a.i.RequestMatcherDelegatingAuthorizationManager [ |  | ] - Authorizing GET /assets/index-kQJbKSsj.css
26-06-04 11:23:11.741 [http-nio-8080-exec-2] [32mTRACE[0;39m o.s.s.w.a.i.RequestMatcherDelegatingAuthorizationManager [ |  | ] - Authorizing GET /assets/index-DB4IjbRs.js
26-06-04 11:23:11.742 [http-nio-8080-exec-3] [32mTRACE[0;39m o.s.s.w.a.i.RequestMatcherDelegatingAuthorizationManager [ |  | ] - Checking authorization on GET /assets/index-kQJbKSsj.css using org.springframework.security.config.annotation.web.configurers.AuthorizeHttpRequestsConfigurer$$Lambda$1768/0x0000000301c1a040@100818fa
26-06-04 11:23:11.742 [http-nio-8080-exec-2] [32mTRACE[0;39m o.s.s.w.a.i.RequestMatcherDelegatingAuthorizationManager [ |  | ] - Checking authorization on GET /assets/index-DB4IjbRs.js using org.springframework.security.config.annotation.web.configurers.AuthorizeHttpRequestsConfigurer$$Lambda$1768/0x0000000301c1a040@100818fa
26-06-04 11:23:11.743 [http-nio-8080-exec-2] [32mDEBUG[0;39m o.s.security.web.FilterChainProxy    [ |  | ] - Secured GET /assets/index-DB4IjbRs.js
26-06-04 11:23:11.743 [http-nio-8080-exec-3] [32mDEBUG[0;39m o.s.security.web.FilterChainProxy    [ |  | ] - Secured GET /assets/index-kQJbKSsj.css
26-06-04 11:23:11.762 [http-nio-8080-exec-3] [32mDEBUG[0;39m c.s.m.d.config.MDCLoggingInterceptor [70877b6d157a42c8a3c14338fcb643a6 | GET | /assets/index-kQJbKSsj.css] - Request started
26-06-04 11:23:11.762 [http-nio-8080-exec-2] [32mDEBUG[0;39m c.s.m.d.config.MDCLoggingInterceptor [8da379448fa14f99a3ebcbad923dd115 | GET | /assets/index-DB4IjbRs.js] - Request started
26-06-04 11:23:11.764 [http-nio-8080-exec-2] [32mTRACE[0;39m o.s.s.w.h.writers.HstsHeaderWriter   [8da379448fa14f99a3ebcbad923dd115 | GET | /assets/index-DB4IjbRs.js] - Not injecting HSTS header since it did not match request to [Is Secure]
26-06-04 11:23:11.764 [http-nio-8080-exec-3] [32mTRACE[0;39m o.s.s.w.h.writers.HstsHeaderWriter   [70877b6d157a42c8a3c14338fcb643a6 | GET | /assets/index-kQJbKSsj.css] - Not injecting HSTS header since it did not match request to [Is Secure]
26-06-04 11:23:11.765 [http-nio-8080-exec-3] [32mDEBUG[0;39m c.s.m.d.config.MDCLoggingInterceptor [70877b6d157a42c8a3c14338fcb643a6 | GET | /assets/index-kQJbKSsj.css] - Request completed
26-06-04 11:23:11.768 [http-nio-8080-exec-2] [32mDEBUG[0;39m c.s.m.d.config.MDCLoggingInterceptor [8da379448fa14f99a3ebcbad923dd115 | GET | /assets/index-DB4IjbRs.js] - Request completed
26-06-04 11:23:11.797 [http-nio-8080-exec-4] [32mTRACE[0;39m o.s.security.web.FilterChainProxy    [ |  | ] - Trying to match request against DefaultSecurityFilterChain defined as 'filterChain' in [class path resource [com/sprint/mission/discodeit/config/SecurityConfig.class]] matching [any request] and having filters [DisableEncodeUrl, WebAsyncManagerIntegration, SecurityContextHolder, HeaderWriter, Csrf, Logout, JwtAuthentication, UsernamePasswordAuthentication, RequestCacheAware, SecurityContextHolderAwareRequest, RememberMeAuthentication, AnonymousAuthentication, SessionManagement, ExceptionTranslation, Authorization] (1/1)
26-06-04 11:23:11.797 [http-nio-8080-exec-4] [32mDEBUG[0;39m o.s.security.web.FilterChainProxy    [ |  | ] - Securing GET /api/auth/csrf-token
26-06-04 11:23:11.797 [http-nio-8080-exec-4] [32mTRACE[0;39m o.s.security.web.FilterChainProxy    [ |  | ] - Invoking DisableEncodeUrlFilter (1/15)
26-06-04 11:23:11.797 [http-nio-8080-exec-5] [32mTRACE[0;39m o.s.security.web.FilterChainProxy    [ |  | ] - Trying to match request against DefaultSecurityFilterChain defined as 'filterChain' in [class path resource [com/sprint/mission/discodeit/config/SecurityConfig.class]] matching [any request] and having filters [DisableEncodeUrl, WebAsyncManagerIntegration, SecurityContextHolder, HeaderWriter, Csrf, Logout, JwtAuthentication, UsernamePasswordAuthentication, RequestCacheAware, SecurityContextHolderAwareRequest, RememberMeAuthentication, AnonymousAuthentication, SessionManagement, ExceptionTranslation, Authorization] (1/1)
26-06-04 11:23:11.797 [http-nio-8080-exec-5] [32mDEBUG[0;39m o.s.security.web.FilterChainProxy    [ |  | ] - Securing POST /api/auth/refresh
26-06-04 11:23:11.797 [http-nio-8080-exec-5] [32mTRACE[0;39m o.s.security.web.FilterChainProxy    [ |  | ] - Invoking DisableEncodeUrlFilter (1/15)
26-06-04 11:23:11.797 [http-nio-8080-exec-4] [32mTRACE[0;39m o.s.security.web.FilterChainProxy    [ |  | ] - Invoking WebAsyncManagerIntegrationFilter (2/15)
26-06-04 11:23:11.797 [http-nio-8080-exec-4] [32mTRACE[0;39m o.s.security.web.FilterChainProxy    [ |  | ] - Invoking SecurityContextHolderFilter (3/15)
26-06-04 11:23:11.797 [http-nio-8080-exec-5] [32mTRACE[0;39m o.s.security.web.FilterChainProxy    [ |  | ] - Invoking WebAsyncManagerIntegrationFilter (2/15)
26-06-04 11:23:11.797 [http-nio-8080-exec-5] [32mTRACE[0;39m o.s.security.web.FilterChainProxy    [ |  | ] - Invoking SecurityContextHolderFilter (3/15)
26-06-04 11:23:11.797 [http-nio-8080-exec-5] [32mTRACE[0;39m o.s.security.web.FilterChainProxy    [ |  | ] - Invoking HeaderWriterFilter (4/15)
26-06-04 11:23:11.797 [http-nio-8080-exec-5] [32mTRACE[0;39m o.s.security.web.FilterChainProxy    [ |  | ] - Invoking CsrfFilter (5/15)
26-06-04 11:23:11.798 [http-nio-8080-exec-4] [32mTRACE[0;39m o.s.security.web.FilterChainProxy    [ |  | ] - Invoking HeaderWriterFilter (4/15)
26-06-04 11:23:11.798 [http-nio-8080-exec-4] [32mTRACE[0;39m o.s.security.web.FilterChainProxy    [ |  | ] - Invoking CsrfFilter (5/15)
26-06-04 11:23:11.798 [http-nio-8080-exec-4] [32mTRACE[0;39m o.s.security.web.csrf.CsrfFilter     [ |  | ] - Did not protect against CSRF since request did not match CsrfNotRequired [TRACE, HEAD, GET, OPTIONS]
26-06-04 11:23:11.798 [http-nio-8080-exec-4] [32mTRACE[0;39m o.s.security.web.FilterChainProxy    [ |  | ] - Invoking LogoutFilter (6/15)
26-06-04 11:23:11.798 [http-nio-8080-exec-4] [32mTRACE[0;39m o.s.s.w.a.logout.LogoutFilter        [ |  | ] - Did not match request to Ant [pattern='/api/auth/logout', POST]
26-06-04 11:23:11.798 [http-nio-8080-exec-4] [32mTRACE[0;39m o.s.security.web.FilterChainProxy    [ |  | ] - Invoking JwtAuthenticationFilter (7/15)
26-06-04 11:23:11.798 [http-nio-8080-exec-4] [32mTRACE[0;39m o.s.security.web.FilterChainProxy    [ |  | ] - Invoking UsernamePasswordAuthenticationFilter (8/15)
26-06-04 11:23:11.798 [http-nio-8080-exec-4] [32mTRACE[0;39m o.s.s.w.a.UsernamePasswordAuthenticationFilter [ |  | ] - Did not match request to Ant [pattern='/api/auth/login', POST]
26-06-04 11:23:11.798 [http-nio-8080-exec-4] [32mTRACE[0;39m o.s.security.web.FilterChainProxy    [ |  | ] - Invoking RequestCacheAwareFilter (9/15)
26-06-04 11:23:11.798 [http-nio-8080-exec-4] [32mTRACE[0;39m o.s.security.web.FilterChainProxy    [ |  | ] - Invoking SecurityContextHolderAwareRequestFilter (10/15)
26-06-04 11:23:11.798 [http-nio-8080-exec-4] [32mTRACE[0;39m o.s.security.web.FilterChainProxy    [ |  | ] - Invoking RememberMeAuthenticationFilter (11/15)
26-06-04 11:23:11.798 [http-nio-8080-exec-4] [32mTRACE[0;39m o.s.s.w.c.SupplierDeferredSecurityContext [ |  | ] - Created SecurityContextImpl [Null authentication]
26-06-04 11:23:11.798 [http-nio-8080-exec-4] [32mTRACE[0;39m o.s.security.web.FilterChainProxy    [ |  | ] - Invoking AnonymousAuthenticationFilter (12/15)
26-06-04 11:23:11.798 [http-nio-8080-exec-4] [32mTRACE[0;39m o.s.security.web.FilterChainProxy    [ |  | ] - Invoking SessionManagementFilter (13/15)
26-06-04 11:23:11.798 [http-nio-8080-exec-4] [32mTRACE[0;39m o.s.s.w.a.AnonymousAuthenticationFilter [ |  | ] - Set SecurityContextHolder to AnonymousAuthenticationToken [Principal=anonymousUser, Credentials=[PROTECTED], Authenticated=true, Details=WebAuthenticationDetails [RemoteIpAddress=0:0:0:0:0:0:0:1, SessionId=null], Granted Authorities=[ROLE_ANONYMOUS]]
26-06-04 11:23:11.798 [http-nio-8080-exec-4] [32mTRACE[0;39m o.s.security.web.FilterChainProxy    [ |  | ] - Invoking ExceptionTranslationFilter (14/15)
26-06-04 11:23:11.798 [http-nio-8080-exec-4] [32mTRACE[0;39m o.s.security.web.FilterChainProxy    [ |  | ] - Invoking AuthorizationFilter (15/15)
26-06-04 11:23:11.799 [http-nio-8080-exec-4] [32mTRACE[0;39m o.s.s.w.a.i.RequestMatcherDelegatingAuthorizationManager [ |  | ] - Authorizing GET /api/auth/csrf-token
26-06-04 11:23:11.799 [http-nio-8080-exec-4] [32mTRACE[0;39m o.s.s.w.a.i.RequestMatcherDelegatingAuthorizationManager [ |  | ] - Checking authorization on GET /api/auth/csrf-token using org.springframework.security.config.annotation.web.configurers.AuthorizeHttpRequestsConfigurer$$Lambda$1768/0x0000000301c1a040@100818fa
26-06-04 11:23:11.799 [http-nio-8080-exec-4] [32mDEBUG[0;39m o.s.security.web.FilterChainProxy    [ |  | ] - Secured GET /api/auth/csrf-token
26-06-04 11:23:11.800 [http-nio-8080-exec-4] [32mDEBUG[0;39m c.s.m.d.config.MDCLoggingInterceptor [108bc310416c4da4ab4b818e853b3c7a | GET | /api/auth/csrf-token] - Request started
26-06-04 11:23:11.800 [http-nio-8080-exec-5] [32mTRACE[0;39m o.s.security.web.FilterChainProxy    [ |  | ] - Invoking LogoutFilter (6/15)
26-06-04 11:23:11.800 [http-nio-8080-exec-5] [32mTRACE[0;39m o.s.s.w.a.logout.LogoutFilter        [ |  | ] - Did not match request to Ant [pattern='/api/auth/logout', POST]
26-06-04 11:23:11.800 [http-nio-8080-exec-5] [32mTRACE[0;39m o.s.security.web.FilterChainProxy    [ |  | ] - Invoking JwtAuthenticationFilter (7/15)
26-06-04 11:23:11.800 [http-nio-8080-exec-5] [32mTRACE[0;39m o.s.security.web.FilterChainProxy    [ |  | ] - Invoking UsernamePasswordAuthenticationFilter (8/15)
26-06-04 11:23:11.800 [http-nio-8080-exec-5] [32mTRACE[0;39m o.s.s.w.a.UsernamePasswordAuthenticationFilter [ |  | ] - Did not match request to Ant [pattern='/api/auth/login', POST]
26-06-04 11:23:11.800 [http-nio-8080-exec-5] [32mTRACE[0;39m o.s.security.web.FilterChainProxy    [ |  | ] - Invoking RequestCacheAwareFilter (9/15)
26-06-04 11:23:11.800 [http-nio-8080-exec-5] [32mTRACE[0;39m o.s.security.web.FilterChainProxy    [ |  | ] - Invoking SecurityContextHolderAwareRequestFilter (10/15)
26-06-04 11:23:11.800 [http-nio-8080-exec-5] [32mTRACE[0;39m o.s.security.web.FilterChainProxy    [ |  | ] - Invoking RememberMeAuthenticationFilter (11/15)
26-06-04 11:23:11.800 [http-nio-8080-exec-5] [32mTRACE[0;39m o.s.s.w.c.SupplierDeferredSecurityContext [ |  | ] - Created SecurityContextImpl [Null authentication]
26-06-04 11:23:11.800 [http-nio-8080-exec-5] [32mTRACE[0;39m o.s.security.web.FilterChainProxy    [ |  | ] - Invoking AnonymousAuthenticationFilter (12/15)
26-06-04 11:23:11.801 [http-nio-8080-exec-5] [32mTRACE[0;39m o.s.security.web.FilterChainProxy    [ |  | ] - Invoking SessionManagementFilter (13/15)
26-06-04 11:23:11.801 [http-nio-8080-exec-5] [32mTRACE[0;39m o.s.s.w.a.AnonymousAuthenticationFilter [ |  | ] - Set SecurityContextHolder to AnonymousAuthenticationToken [Principal=anonymousUser, Credentials=[PROTECTED], Authenticated=true, Details=WebAuthenticationDetails [RemoteIpAddress=0:0:0:0:0:0:0:1, SessionId=null], Granted Authorities=[ROLE_ANONYMOUS]]
26-06-04 11:23:11.801 [http-nio-8080-exec-5] [32mTRACE[0;39m o.s.security.web.FilterChainProxy    [ |  | ] - Invoking ExceptionTranslationFilter (14/15)
26-06-04 11:23:11.801 [http-nio-8080-exec-5] [32mTRACE[0;39m o.s.security.web.FilterChainProxy    [ |  | ] - Invoking AuthorizationFilter (15/15)
26-06-04 11:23:11.801 [http-nio-8080-exec-5] [32mTRACE[0;39m o.s.s.w.a.i.RequestMatcherDelegatingAuthorizationManager [ |  | ] - Authorizing POST /api/auth/refresh
26-06-04 11:23:11.802 [http-nio-8080-exec-5] [32mTRACE[0;39m o.s.s.w.a.i.RequestMatcherDelegatingAuthorizationManager [ |  | ] - Checking authorization on POST /api/auth/refresh using org.springframework.security.authorization.AuthenticatedAuthorizationManager@5d73ce5
26-06-04 11:23:11.808 [http-nio-8080-exec-5] [32mTRACE[0;39m o.s.s.w.a.ExceptionTranslationFilter [ |  | ] - Sending AnonymousAuthenticationToken [Principal=anonymousUser, Credentials=[PROTECTED], Authenticated=true, Details=WebAuthenticationDetails [RemoteIpAddress=0:0:0:0:0:0:0:1, SessionId=null], Granted Authorities=[ROLE_ANONYMOUS]] to authentication entry point since access is denied
org.springframework.security.authorization.AuthorizationDeniedException: Access Denied
	at org.springframework.security.web.access.intercept.AuthorizationFilter.doFilter(AuthorizationFilter.java:99)
	at org.springframework.security.web.ObservationFilterChainDecorator$ObservationFilter.wrapFilter(ObservationFilterChainDecorator.java:240)
	at org.springframework.security.web.ObservationFilterChainDecorator$ObservationFilter.doFilter(ObservationFilterChainDecorator.java:227)
	at org.springframework.security.web.ObservationFilterChainDecorator$VirtualFilterChain.doFilter(ObservationFilterChainDecorator.java:137)
	at org.springframework.security.web.access.ExceptionTranslationFilter.doFilter(ExceptionTranslationFilter.java:126)
	at org.springframework.security.web.access.ExceptionTranslationFilter.doFilter(ExceptionTranslationFilter.java:120)
	at org.springframework.security.web.ObservationFilterChainDecorator$ObservationFilter.wrapFilter(ObservationFilterChainDecorator.java:240)
	at org.springframework.security.web.ObservationFilterChainDecorator$ObservationFilter.doFilter(ObservationFilterChainDecorator.java:227)
	at org.springframework.security.web.ObservationFilterChainDecorator$VirtualFilterChain.doFilter(ObservationFilterChainDecorator.java:137)
	at org.springframework.security.web.session.SessionManagementFilter.doFilter(SessionManagementFilter.java:131)
	at org.springframework.security.web.session.SessionManagementFilter.doFilter(SessionManagementFilter.java:85)
	at org.springframework.security.web.ObservationFilterChainDecorator$ObservationFilter.wrapFilter(ObservationFilterChainDecorator.java:240)
	at org.springframework.security.web.ObservationFilterChainDecorator$ObservationFilter.doFilter(ObservationFilterChainDecorator.java:227)
	at org.springframework.security.web.ObservationFilterChainDecorator$VirtualFilterChain.doFilter(ObservationFilterChainDecorator.java:137)
	at org.springframework.security.web.authentication.AnonymousAuthenticationFilter.doFilter(AnonymousAuthenticationFilter.java:100)
	at org.springframework.security.web.ObservationFilterChainDecorator$ObservationFilter.wrapFilter(ObservationFilterChainDecorator.java:240)
	at org.springframework.security.web.ObservationFilterChainDecorator$ObservationFilter.doFilter(ObservationFilterChainDecorator.java:227)
	at org.springframework.security.web.ObservationFilterChainDecorator$VirtualFilterChain.doFilter(ObservationFilterChainDecorator.java:137)
	at org.springframework.security.web.authentication.rememberme.RememberMeAuthenticationFilter.doFilter(RememberMeAuthenticationFilter.java:150)
	at org.springframework.security.web.authentication.rememberme.RememberMeAuthenticationFilter.doFilter(RememberMeAuthenticationFilter.java:105)
	at org.springframework.security.web.ObservationFilterChainDecorator$ObservationFilter.wrapFilter(ObservationFilterChainDecorator.java:240)
	at org.springframework.security.web.ObservationFilterChainDecorator$ObservationFilter.doFilter(ObservationFilterChainDecorator.java:227)
	at org.springframework.security.web.ObservationFilterChainDecorator$VirtualFilterChain.doFilter(ObservationFilterChainDecorator.java:137)
	at org.springframework.security.web.servletapi.SecurityContextHolderAwareRequestFilter.doFilter(SecurityContextHolderAwareRequestFilter.java:179)
	at org.springframework.security.web.ObservationFilterChainDecorator$ObservationFilter.wrapFilter(ObservationFilterChainDecorator.java:240)
	at org.springframework.security.web.ObservationFilterChainDecorator$ObservationFilter.doFilter(ObservationFilterChainDecorator.java:227)
	at org.springframework.security.web.ObservationFilterChainDecorator$VirtualFilterChain.doFilter(ObservationFilterChainDecorator.java:137)
	at org.springframework.security.web.savedrequest.RequestCacheAwareFilter.doFilter(RequestCacheAwareFilter.java:63)
	at org.springframework.security.web.ObservationFilterChainDecorator$ObservationFilter.wrapFilter(ObservationFilterChainDecorator.java:240)
	at org.springframework.security.web.ObservationFilterChainDecorator$ObservationFilter.doFilter(ObservationFilterChainDecorator.java:227)
	at org.springframework.security.web.ObservationFilterChainDecorator$VirtualFilterChain.doFilter(ObservationFilterChainDecorator.java:137)
	at org.springframework.security.web.authentication.AbstractAuthenticationProcessingFilter.doFilter(AbstractAuthenticationProcessingFilter.java:227)
	at org.springframework.security.web.authentication.AbstractAuthenticationProcessingFilter.doFilter(AbstractAuthenticationProcessingFilter.java:221)
	at org.springframework.security.web.ObservationFilterChainDecorator$ObservationFilter.wrapFilter(ObservationFilterChainDecorator.java:240)
	at org.springframework.security.web.ObservationFilterChainDecorator$ObservationFilter.doFilter(ObservationFilterChainDecorator.java:227)
	at org.springframework.security.web.ObservationFilterChainDecorator$VirtualFilterChain.doFilter(ObservationFilterChainDecorator.java:137)
	at com.sprint.mission.discodeit.security.filter.JwtAuthenticationFilter.doFilterInternal(JwtAuthenticationFilter.java:68)
	at org.springframework.web.filter.OncePerRequestFilter.doFilter(OncePerRequestFilter.java:116)
	at org.springframework.security.web.ObservationFilterChainDecorator$ObservationFilter.wrapFilter(ObservationFilterChainDecorator.java:240)
	at org.springframework.security.web.ObservationFilterChainDecorator$ObservationFilter.doFilter(ObservationFilterChainDecorator.java:227)
	at org.springframework.security.web.ObservationFilterChainDecorator$VirtualFilterChain.doFilter(ObservationFilterChainDecorator.java:137)
	at org.springframework.security.web.authentication.logout.LogoutFilter.doFilter(LogoutFilter.java:107)
	at org.springframework.security.web.authentication.logout.LogoutFilter.doFilter(LogoutFilter.java:93)
	at org.springframework.security.web.ObservationFilterChainDecorator$ObservationFilter.wrapFilter(ObservationFilterChainDecorator.java:240)
	at org.springframework.security.web.ObservationFilterChainDecorator$ObservationFilter.doFilter(ObservationFilterChainDecorator.java:227)
	at org.springframework.security.web.ObservationFilterChainDecorator$VirtualFilterChain.doFilter(ObservationFilterChainDecorator.java:137)
	at org.springframework.security.web.csrf.CsrfFilter.doFilterInternal(CsrfFilter.java:131)
	at org.springframework.web.filter.OncePerRequestFilter.doFilter(OncePerRequestFilter.java:116)
	at org.springframework.security.web.ObservationFilterChainDecorator$ObservationFilter.wrapFilter(ObservationFilterChainDecorator.java:240)
	at org.springframework.security.web.ObservationFilterChainDecorator$ObservationFilter.doFilter(ObservationFilterChainDecorator.java:227)
	at org.springframework.security.web.ObservationFilterChainDecorator$VirtualFilterChain.doFilter(ObservationFilterChainDecorator.java:137)
	at org.springframework.security.web.header.HeaderWriterFilter.doHeadersAfter(HeaderWriterFilter.java:90)
	at org.springframework.security.web.header.HeaderWriterFilter.doFilterInternal(HeaderWriterFilter.java:75)
	at org.springframework.web.filter.OncePerRequestFilter.doFilter(OncePerRequestFilter.java:116)
	at org.springframework.security.web.ObservationFilterChainDecorator$ObservationFilter.wrapFilter(ObservationFilterChainDecorator.java:240)
	at org.springframework.security.web.ObservationFilterChainDecorator$ObservationFilter.doFilter(ObservationFilterChainDecorator.java:227)
	at org.springframework.security.web.ObservationFilterChainDecorator$VirtualFilterChain.doFilter(ObservationFilterChainDecorator.java:137)
	at org.springframework.security.web.context.SecurityContextHolderFilter.doFilter(SecurityContextHolderFilter.java:82)
	at org.springframework.security.web.context.SecurityContextHolderFilter.doFilter(SecurityContextHolderFilter.java:69)
	at org.springframework.security.web.ObservationFilterChainDecorator$ObservationFilter.wrapFilter(ObservationFilterChainDecorator.java:240)
	at org.springframework.security.web.ObservationFilterChainDecorator$ObservationFilter.doFilter(ObservationFilterChainDecorator.java:227)
	at org.springframework.security.web.ObservationFilterChainDecorator$VirtualFilterChain.doFilter(ObservationFilterChainDecorator.java:137)
	at org.springframework.security.web.context.request.async.WebAsyncManagerIntegrationFilter.doFilterInternal(WebAsyncManagerIntegrationFilter.java:62)
	at org.springframework.web.filter.OncePerRequestFilter.doFilter(OncePerRequestFilter.java:116)
	at org.springframework.security.web.ObservationFilterChainDecorator$ObservationFilter.wrapFilter(ObservationFilterChainDecorator.java:240)
	at org.springframework.security.web.ObservationFilterChainDecorator$ObservationFilter.doFilter(ObservationFilterChainDecorator.java:227)
	at org.springframework.security.web.ObservationFilterChainDecorator$VirtualFilterChain.doFilter(ObservationFilterChainDecorator.java:137)
	at org.springframework.security.web.session.DisableEncodeUrlFilter.doFilterInternal(DisableEncodeUrlFilter.java:42)
	at org.springframework.web.filter.OncePerRequestFilter.doFilter(OncePerRequestFilter.java:116)
	at org.springframework.security.web.ObservationFilterChainDecorator$ObservationFilter.wrapFilter(ObservationFilterChainDecorator.java:240)
	at org.springframework.security.web.ObservationFilterChainDecorator$AroundFilterObservation$SimpleAroundFilterObservation.lambda$wrap$0(ObservationFilterChainDecorator.java:323)
	at org.springframework.security.web.ObservationFilterChainDecorator$ObservationFilter.doFilter(ObservationFilterChainDecorator.java:224)
	at org.springframework.security.web.ObservationFilterChainDecorator$VirtualFilterChain.doFilter(ObservationFilterChainDecorator.java:137)
	at org.springframework.security.web.FilterChainProxy.doFilterInternal(FilterChainProxy.java:233)
	at org.springframework.security.web.FilterChainProxy.doFilter(FilterChainProxy.java:191)
	at org.springframework.web.filter.CompositeFilter$VirtualFilterChain.doFilter(CompositeFilter.java:113)
	at org.springframework.web.servlet.handler.HandlerMappingIntrospector.lambda$createCacheFilter$3(HandlerMappingIntrospector.java:243)
	at org.springframework.web.filter.CompositeFilter$VirtualFilterChain.doFilter(CompositeFilter.java:113)
	at org.springframework.web.filter.CompositeFilter.doFilter(CompositeFilter.java:74)
	at org.springframework.security.config.annotation.web.configuration.WebMvcSecurityConfiguration$CompositeFilterChainProxy.doFilter(WebMvcSecurityConfiguration.java:238)
	at org.springframework.web.filter.DelegatingFilterProxy.invokeDelegate(DelegatingFilterProxy.java:362)
	at org.springframework.web.filter.DelegatingFilterProxy.doFilter(DelegatingFilterProxy.java:278)
	at org.apache.catalina.core.ApplicationFilterChain.internalDoFilter(ApplicationFilterChain.java:164)
	at org.apache.catalina.core.ApplicationFilterChain.doFilter(ApplicationFilterChain.java:140)
	at org.springframework.web.filter.RequestContextFilter.doFilterInternal(RequestContextFilter.java:100)
	at org.springframework.web.filter.OncePerRequestFilter.doFilter(OncePerRequestFilter.java:116)
	at org.apache.catalina.core.ApplicationFilterChain.internalDoFilter(ApplicationFilterChain.java:164)
	at org.apache.catalina.core.ApplicationFilterChain.doFilter(ApplicationFilterChain.java:140)
	at org.springframework.web.filter.FormContentFilter.doFilterInternal(FormContentFilter.java:93)
	at org.springframework.web.filter.OncePerRequestFilter.doFilter(OncePerRequestFilter.java:116)
	at org.apache.catalina.core.ApplicationFilterChain.internalDoFilter(ApplicationFilterChain.java:164)
	at org.apache.catalina.core.ApplicationFilterChain.doFilter(ApplicationFilterChain.java:140)
	at org.springframework.web.filter.ServerHttpObservationFilter.doFilterInternal(ServerHttpObservationFilter.java:114)
	at org.springframework.web.filter.OncePerRequestFilter.doFilter(OncePerRequestFilter.java:116)
	at org.apache.catalina.core.ApplicationFilterChain.internalDoFilter(ApplicationFilterChain.java:164)
	at org.apache.catalina.core.ApplicationFilterChain.doFilter(ApplicationFilterChain.java:140)
	at org.springframework.web.filter.CharacterEncodingFilter.doFilterInternal(CharacterEncodingFilter.java:201)
	at org.springframework.web.filter.OncePerRequestFilter.doFilter(OncePerRequestFilter.java:116)
	at org.apache.catalina.core.ApplicationFilterChain.internalDoFilter(ApplicationFilterChain.java:164)
	at org.apache.catalina.core.ApplicationFilterChain.doFilter(ApplicationFilterChain.java:140)
	at org.apache.catalina.core.StandardWrapperValve.invoke(StandardWrapperValve.java:167)
	at org.apache.catalina.core.StandardContextValve.invoke(StandardContextValve.java:90)
	at org.apache.catalina.authenticator.AuthenticatorBase.invoke(AuthenticatorBase.java:483)
	at org.apache.catalina.core.StandardHostValve.invoke(StandardHostValve.java:115)
	at org.apache.catalina.valves.ErrorReportValve.invoke(ErrorReportValve.java:93)
	at org.apache.catalina.core.StandardEngineValve.invoke(StandardEngineValve.java:74)
	at org.apache.catalina.connector.CoyoteAdapter.service(CoyoteAdapter.java:344)
	at org.apache.coyote.http11.Http11Processor.service(Http11Processor.java:397)
	at org.apache.coyote.AbstractProcessorLight.process(AbstractProcessorLight.java:63)
	at org.apache.coyote.AbstractProtocol$ConnectionHandler.process(AbstractProtocol.java:905)
	at org.apache.tomcat.util.net.NioEndpoint$SocketProcessor.doRun(NioEndpoint.java:1741)
	at org.apache.tomcat.util.net.SocketProcessorBase.run(SocketProcessorBase.java:52)
	at org.apache.tomcat.util.threads.ThreadPoolExecutor.runWorker(ThreadPoolExecutor.java:1190)
	at org.apache.tomcat.util.threads.ThreadPoolExecutor$Worker.run(ThreadPoolExecutor.java:659)
	at org.apache.tomcat.util.threads.TaskThread$WrappingRunnable.run(TaskThread.java:63)
	at java.base/java.lang.Thread.run(Thread.java:840)
26-06-04 11:23:11.817 [http-nio-8080-exec-5] [32mTRACE[0;39m o.s.s.w.h.writers.HstsHeaderWriter   [ |  | ] - Not injecting HSTS header since it did not match request to [Is Secure]
26-06-04 11:23:11.855 [http-nio-8080-exec-4] [32mTRACE[0;39m o.s.s.w.h.writers.HstsHeaderWriter   [108bc310416c4da4ab4b818e853b3c7a | GET | /api/auth/csrf-token] - Not injecting HSTS header since it did not match request to [Is Secure]
26-06-04 11:23:11.857 [http-nio-8080-exec-4] [32mDEBUG[0;39m c.s.m.d.config.MDCLoggingInterceptor [108bc310416c4da4ab4b818e853b3c7a | GET | /api/auth/csrf-token] - Request completed
26-06-04 11:23:17.715 [http-nio-8080-exec-6] [32mTRACE[0;39m o.s.security.web.FilterChainProxy    [ |  | ] - Trying to match request against DefaultSecurityFilterChain defined as 'filterChain' in [class path resource [com/sprint/mission/discodeit/config/SecurityConfig.class]] matching [any request] and having filters [DisableEncodeUrl, WebAsyncManagerIntegration, SecurityContextHolder, HeaderWriter, Csrf, Logout, JwtAuthentication, UsernamePasswordAuthentication, RequestCacheAware, SecurityContextHolderAwareRequest, RememberMeAuthentication, AnonymousAuthentication, SessionManagement, ExceptionTranslation, Authorization] (1/1)
26-06-04 11:23:17.717 [http-nio-8080-exec-6] [32mDEBUG[0;39m o.s.security.web.FilterChainProxy    [ |  | ] - Securing POST /api/auth/login
26-06-04 11:23:17.717 [http-nio-8080-exec-6] [32mTRACE[0;39m o.s.security.web.FilterChainProxy    [ |  | ] - Invoking DisableEncodeUrlFilter (1/15)
26-06-04 11:23:17.718 [http-nio-8080-exec-6] [32mTRACE[0;39m o.s.security.web.FilterChainProxy    [ |  | ] - Invoking WebAsyncManagerIntegrationFilter (2/15)
26-06-04 11:23:17.718 [http-nio-8080-exec-6] [32mTRACE[0;39m o.s.security.web.FilterChainProxy    [ |  | ] - Invoking SecurityContextHolderFilter (3/15)
26-06-04 11:23:17.718 [http-nio-8080-exec-6] [32mTRACE[0;39m o.s.security.web.FilterChainProxy    [ |  | ] - Invoking HeaderWriterFilter (4/15)
26-06-04 11:23:17.719 [http-nio-8080-exec-6] [32mTRACE[0;39m o.s.security.web.FilterChainProxy    [ |  | ] - Invoking CsrfFilter (5/15)
26-06-04 11:23:17.719 [http-nio-8080-exec-6] [32mTRACE[0;39m o.s.security.web.FilterChainProxy    [ |  | ] - Invoking LogoutFilter (6/15)
26-06-04 11:23:17.720 [http-nio-8080-exec-6] [32mTRACE[0;39m o.s.s.w.a.logout.LogoutFilter        [ |  | ] - Did not match request to Ant [pattern='/api/auth/logout', POST]
26-06-04 11:23:17.720 [http-nio-8080-exec-6] [32mTRACE[0;39m o.s.security.web.FilterChainProxy    [ |  | ] - Invoking JwtAuthenticationFilter (7/15)
26-06-04 11:23:17.720 [http-nio-8080-exec-6] [32mTRACE[0;39m o.s.security.web.FilterChainProxy    [ |  | ] - Invoking UsernamePasswordAuthenticationFilter (8/15)
26-06-04 11:23:17.747 [http-nio-8080-exec-6] [32mTRACE[0;39m o.s.s.authentication.ProviderManager [ |  | ] - Authenticating request with DaoAuthenticationProvider (1/1)
26-06-04 11:23:17.946 [http-nio-8080-exec-6] [32mDEBUG[0;39m org.hibernate.SQL                    [ |  | ] - 
    select
        u1_0.id,
        u1_0.created_at,
        u1_0.email,
        u1_0.password,
        u1_0.profile_id,
        u1_0.role,
        u1_0.updated_at,
        u1_0.username 
    from
        users u1_0 
    where
        u1_0.username=?
26-06-04 11:23:17.950 [http-nio-8080-exec-6] [32mTRACE[0;39m org.hibernate.orm.jdbc.bind          [ |  | ] - binding parameter (1:VARCHAR) <- [user3]
26-06-04 11:23:18.133 [http-nio-8080-exec-6] [32mDEBUG[0;39m o.s.s.a.d.DaoAuthenticationProvider  [ |  | ] - Failed to find user 'user3'
26-06-04 11:23:18.134 [http-nio-8080-exec-6] [32mTRACE[0;39m o.s.s.w.a.UsernamePasswordAuthenticationFilter [ |  | ] - Failed to process authentication request
org.springframework.security.authentication.BadCredentialsException: 자격 증명에 실패하였습니다.
	at org.springframework.security.authentication.dao.AbstractUserDetailsAuthenticationProvider.authenticate(AbstractUserDetailsAuthenticationProvider.java:141)
	at org.springframework.security.authentication.ProviderManager.authenticate(ProviderManager.java:182)
	at org.springframework.security.authentication.ProviderManager.authenticate(ProviderManager.java:201)
	at org.springframework.security.authentication.ObservationAuthenticationManager.lambda$authenticate$1(ObservationAuthenticationManager.java:54)
	at io.micrometer.observation.Observation.observe(Observation.java:565)
	at org.springframework.security.authentication.ObservationAuthenticationManager.authenticate(ObservationAuthenticationManager.java:53)
	at org.springframework.security.web.authentication.UsernamePasswordAuthenticationFilter.attemptAuthentication(UsernamePasswordAuthenticationFilter.java:85)
	at org.springframework.security.web.authentication.AbstractAuthenticationProcessingFilter.doFilter(AbstractAuthenticationProcessingFilter.java:231)
	at org.springframework.security.web.authentication.AbstractAuthenticationProcessingFilter.doFilter(AbstractAuthenticationProcessingFilter.java:221)
	at org.springframework.security.web.ObservationFilterChainDecorator$ObservationFilter.wrapFilter(ObservationFilterChainDecorator.java:240)
	at org.springframework.security.web.ObservationFilterChainDecorator$ObservationFilter.doFilter(ObservationFilterChainDecorator.java:227)
	at org.springframework.security.web.ObservationFilterChainDecorator$VirtualFilterChain.doFilter(ObservationFilterChainDecorator.java:137)
	at com.sprint.mission.discodeit.security.filter.JwtAuthenticationFilter.doFilterInternal(JwtAuthenticationFilter.java:68)
	at org.springframework.web.filter.OncePerRequestFilter.doFilter(OncePerRequestFilter.java:116)
	at org.springframework.security.web.ObservationFilterChainDecorator$ObservationFilter.wrapFilter(ObservationFilterChainDecorator.java:240)
	at org.springframework.security.web.ObservationFilterChainDecorator$ObservationFilter.doFilter(ObservationFilterChainDecorator.java:227)
	at org.springframework.security.web.ObservationFilterChainDecorator$VirtualFilterChain.doFilter(ObservationFilterChainDecorator.java:137)
	at org.springframework.security.web.authentication.logout.LogoutFilter.doFilter(LogoutFilter.java:107)
	at org.springframework.security.web.authentication.logout.LogoutFilter.doFilter(LogoutFilter.java:93)
	at org.springframework.security.web.ObservationFilterChainDecorator$ObservationFilter.wrapFilter(ObservationFilterChainDecorator.java:240)
	at org.springframework.security.web.ObservationFilterChainDecorator$ObservationFilter.doFilter(ObservationFilterChainDecorator.java:227)
	at org.springframework.security.web.ObservationFilterChainDecorator$VirtualFilterChain.doFilter(ObservationFilterChainDecorator.java:137)
	at org.springframework.security.web.csrf.CsrfFilter.doFilterInternal(CsrfFilter.java:131)
	at org.springframework.web.filter.OncePerRequestFilter.doFilter(OncePerRequestFilter.java:116)
	at org.springframework.security.web.ObservationFilterChainDecorator$ObservationFilter.wrapFilter(ObservationFilterChainDecorator.java:240)
	at org.springframework.security.web.ObservationFilterChainDecorator$ObservationFilter.doFilter(ObservationFilterChainDecorator.java:227)
	at org.springframework.security.web.ObservationFilterChainDecorator$VirtualFilterChain.doFilter(ObservationFilterChainDecorator.java:137)
	at org.springframework.security.web.header.HeaderWriterFilter.doHeadersAfter(HeaderWriterFilter.java:90)
	at org.springframework.security.web.header.HeaderWriterFilter.doFilterInternal(HeaderWriterFilter.java:75)
	at org.springframework.web.filter.OncePerRequestFilter.doFilter(OncePerRequestFilter.java:116)
	at org.springframework.security.web.ObservationFilterChainDecorator$ObservationFilter.wrapFilter(ObservationFilterChainDecorator.java:240)
	at org.springframework.security.web.ObservationFilterChainDecorator$ObservationFilter.doFilter(ObservationFilterChainDecorator.java:227)
	at org.springframework.security.web.ObservationFilterChainDecorator$VirtualFilterChain.doFilter(ObservationFilterChainDecorator.java:137)
	at org.springframework.security.web.context.SecurityContextHolderFilter.doFilter(SecurityContextHolderFilter.java:82)
	at org.springframework.security.web.context.SecurityContextHolderFilter.doFilter(SecurityContextHolderFilter.java:69)
	at org.springframework.security.web.ObservationFilterChainDecorator$ObservationFilter.wrapFilter(ObservationFilterChainDecorator.java:240)
	at org.springframework.security.web.ObservationFilterChainDecorator$ObservationFilter.doFilter(ObservationFilterChainDecorator.java:227)
	at org.springframework.security.web.ObservationFilterChainDecorator$VirtualFilterChain.doFilter(ObservationFilterChainDecorator.java:137)
	at org.springframework.security.web.context.request.async.WebAsyncManagerIntegrationFilter.doFilterInternal(WebAsyncManagerIntegrationFilter.java:62)
	at org.springframework.web.filter.OncePerRequestFilter.doFilter(OncePerRequestFilter.java:116)
	at org.springframework.security.web.ObservationFilterChainDecorator$ObservationFilter.wrapFilter(ObservationFilterChainDecorator.java:240)
	at org.springframework.security.web.ObservationFilterChainDecorator$ObservationFilter.doFilter(ObservationFilterChainDecorator.java:227)
	at org.springframework.security.web.ObservationFilterChainDecorator$VirtualFilterChain.doFilter(ObservationFilterChainDecorator.java:137)
	at org.springframework.security.web.session.DisableEncodeUrlFilter.doFilterInternal(DisableEncodeUrlFilter.java:42)
	at org.springframework.web.filter.OncePerRequestFilter.doFilter(OncePerRequestFilter.java:116)
	at org.springframework.security.web.ObservationFilterChainDecorator$ObservationFilter.wrapFilter(ObservationFilterChainDecorator.java:240)
	at org.springframework.security.web.ObservationFilterChainDecorator$AroundFilterObservation$SimpleAroundFilterObservation.lambda$wrap$0(ObservationFilterChainDecorator.java:323)
	at org.springframework.security.web.ObservationFilterChainDecorator$ObservationFilter.doFilter(ObservationFilterChainDecorator.java:224)
	at org.springframework.security.web.ObservationFilterChainDecorator$VirtualFilterChain.doFilter(ObservationFilterChainDecorator.java:137)
	at org.springframework.security.web.FilterChainProxy.doFilterInternal(FilterChainProxy.java:233)
	at org.springframework.security.web.FilterChainProxy.doFilter(FilterChainProxy.java:191)
	at org.springframework.web.filter.CompositeFilter$VirtualFilterChain.doFilter(CompositeFilter.java:113)
	at org.springframework.web.servlet.handler.HandlerMappingIntrospector.lambda$createCacheFilter$3(HandlerMappingIntrospector.java:243)
	at org.springframework.web.filter.CompositeFilter$VirtualFilterChain.doFilter(CompositeFilter.java:113)
	at org.springframework.web.filter.CompositeFilter.doFilter(CompositeFilter.java:74)
	at org.springframework.security.config.annotation.web.configuration.WebMvcSecurityConfiguration$CompositeFilterChainProxy.doFilter(WebMvcSecurityConfiguration.java:238)
	at org.springframework.web.filter.DelegatingFilterProxy.invokeDelegate(DelegatingFilterProxy.java:362)
	at org.springframework.web.filter.DelegatingFilterProxy.doFilter(DelegatingFilterProxy.java:278)
	at org.apache.catalina.core.ApplicationFilterChain.internalDoFilter(ApplicationFilterChain.java:164)
	at org.apache.catalina.core.ApplicationFilterChain.doFilter(ApplicationFilterChain.java:140)
	at org.springframework.web.filter.RequestContextFilter.doFilterInternal(RequestContextFilter.java:100)
	at org.springframework.web.filter.OncePerRequestFilter.doFilter(OncePerRequestFilter.java:116)
	at org.apache.catalina.core.ApplicationFilterChain.internalDoFilter(ApplicationFilterChain.java:164)
	at org.apache.catalina.core.ApplicationFilterChain.doFilter(ApplicationFilterChain.java:140)
	at org.springframework.web.filter.FormContentFilter.doFilterInternal(FormContentFilter.java:93)
	at org.springframework.web.filter.OncePerRequestFilter.doFilter(OncePerRequestFilter.java:116)
	at org.apache.catalina.core.ApplicationFilterChain.internalDoFilter(ApplicationFilterChain.java:164)
	at org.apache.catalina.core.ApplicationFilterChain.doFilter(ApplicationFilterChain.java:140)
	at org.springframework.web.filter.ServerHttpObservationFilter.doFilterInternal(ServerHttpObservationFilter.java:114)
	at org.springframework.web.filter.OncePerRequestFilter.doFilter(OncePerRequestFilter.java:116)
	at org.apache.catalina.core.ApplicationFilterChain.internalDoFilter(ApplicationFilterChain.java:164)
	at org.apache.catalina.core.ApplicationFilterChain.doFilter(ApplicationFilterChain.java:140)
	at org.springframework.web.filter.CharacterEncodingFilter.doFilterInternal(CharacterEncodingFilter.java:201)
	at org.springframework.web.filter.OncePerRequestFilter.doFilter(OncePerRequestFilter.java:116)
	at org.apache.catalina.core.ApplicationFilterChain.internalDoFilter(ApplicationFilterChain.java:164)
	at org.apache.catalina.core.ApplicationFilterChain.doFilter(ApplicationFilterChain.java:140)
	at org.apache.catalina.core.StandardWrapperValve.invoke(StandardWrapperValve.java:167)
	at org.apache.catalina.core.StandardContextValve.invoke(StandardContextValve.java:90)
	at org.apache.catalina.authenticator.AuthenticatorBase.invoke(AuthenticatorBase.java:483)
	at org.apache.catalina.core.StandardHostValve.invoke(StandardHostValve.java:115)
	at org.apache.catalina.valves.ErrorReportValve.invoke(ErrorReportValve.java:93)
	at org.apache.catalina.core.StandardEngineValve.invoke(StandardEngineValve.java:74)
	at org.apache.catalina.connector.CoyoteAdapter.service(CoyoteAdapter.java:344)
	at org.apache.coyote.http11.Http11Processor.service(Http11Processor.java:397)
	at org.apache.coyote.AbstractProcessorLight.process(AbstractProcessorLight.java:63)
	at org.apache.coyote.AbstractProtocol$ConnectionHandler.process(AbstractProtocol.java:905)
	at org.apache.tomcat.util.net.NioEndpoint$SocketProcessor.doRun(NioEndpoint.java:1741)
	at org.apache.tomcat.util.net.SocketProcessorBase.run(SocketProcessorBase.java:52)
	at org.apache.tomcat.util.threads.ThreadPoolExecutor.runWorker(ThreadPoolExecutor.java:1190)
	at org.apache.tomcat.util.threads.ThreadPoolExecutor$Worker.run(ThreadPoolExecutor.java:659)
	at org.apache.tomcat.util.threads.TaskThread$WrappingRunnable.run(TaskThread.java:63)
	at java.base/java.lang.Thread.run(Thread.java:840)
26-06-04 11:23:18.135 [http-nio-8080-exec-6] [32mTRACE[0;39m o.s.s.w.a.UsernamePasswordAuthenticationFilter [ |  | ] - Cleared SecurityContextHolder
26-06-04 11:23:18.135 [http-nio-8080-exec-6] [32mTRACE[0;39m o.s.s.w.a.UsernamePasswordAuthenticationFilter [ |  | ] - Handling authentication failure
26-06-04 11:23:18.135 [http-nio-8080-exec-6] [32mDEBUG[0;39m o.s.s.w.a.r.TokenBasedRememberMeServices [ |  | ] - Interactive login attempt was unsuccessful.
26-06-04 11:23:18.135 [http-nio-8080-exec-6] [32mDEBUG[0;39m o.s.s.w.a.r.TokenBasedRememberMeServices [ |  | ] - Cancelling cookie
26-06-04 11:23:18.139 [http-nio-8080-exec-6] [32mTRACE[0;39m o.s.s.w.h.writers.HstsHeaderWriter   [ |  | ] - Not injecting HSTS header since it did not match request to [Is Secure]
26-06-04 11:23:23.685 [http-nio-8080-exec-7] [32mTRACE[0;39m o.s.security.web.FilterChainProxy    [ |  | ] - Trying to match request against DefaultSecurityFilterChain defined as 'filterChain' in [class path resource [com/sprint/mission/discodeit/config/SecurityConfig.class]] matching [any request] and having filters [DisableEncodeUrl, WebAsyncManagerIntegration, SecurityContextHolder, HeaderWriter, Csrf, Logout, JwtAuthentication, UsernamePasswordAuthentication, RequestCacheAware, SecurityContextHolderAwareRequest, RememberMeAuthentication, AnonymousAuthentication, SessionManagement, ExceptionTranslation, Authorization] (1/1)
26-06-04 11:23:23.686 [http-nio-8080-exec-7] [32mDEBUG[0;39m o.s.security.web.FilterChainProxy    [ |  | ] - Securing POST /api/auth/login
26-06-04 11:23:23.687 [http-nio-8080-exec-7] [32mTRACE[0;39m o.s.security.web.FilterChainProxy    [ |  | ] - Invoking DisableEncodeUrlFilter (1/15)
26-06-04 11:23:23.687 [http-nio-8080-exec-7] [32mTRACE[0;39m o.s.security.web.FilterChainProxy    [ |  | ] - Invoking WebAsyncManagerIntegrationFilter (2/15)
26-06-04 11:23:23.688 [http-nio-8080-exec-7] [32mTRACE[0;39m o.s.security.web.FilterChainProxy    [ |  | ] - Invoking SecurityContextHolderFilter (3/15)
26-06-04 11:23:23.688 [http-nio-8080-exec-7] [32mTRACE[0;39m o.s.security.web.FilterChainProxy    [ |  | ] - Invoking HeaderWriterFilter (4/15)
26-06-04 11:23:23.688 [http-nio-8080-exec-7] [32mTRACE[0;39m o.s.security.web.FilterChainProxy    [ |  | ] - Invoking CsrfFilter (5/15)
26-06-04 11:23:23.689 [http-nio-8080-exec-7] [32mTRACE[0;39m o.s.security.web.FilterChainProxy    [ |  | ] - Invoking LogoutFilter (6/15)
26-06-04 11:23:23.689 [http-nio-8080-exec-7] [32mTRACE[0;39m o.s.s.w.a.logout.LogoutFilter        [ |  | ] - Did not match request to Ant [pattern='/api/auth/logout', POST]
26-06-04 11:23:23.689 [http-nio-8080-exec-7] [32mTRACE[0;39m o.s.security.web.FilterChainProxy    [ |  | ] - Invoking JwtAuthenticationFilter (7/15)
26-06-04 11:23:23.689 [http-nio-8080-exec-7] [32mTRACE[0;39m o.s.security.web.FilterChainProxy    [ |  | ] - Invoking UsernamePasswordAuthenticationFilter (8/15)
26-06-04 11:23:23.693 [http-nio-8080-exec-7] [32mTRACE[0;39m o.s.s.authentication.ProviderManager [ |  | ] - Authenticating request with DaoAuthenticationProvider (1/1)
26-06-04 11:23:23.705 [http-nio-8080-exec-7] [32mDEBUG[0;39m org.hibernate.SQL                    [ |  | ] - 
    select
        u1_0.id,
        u1_0.created_at,
        u1_0.email,
        u1_0.password,
        u1_0.profile_id,
        u1_0.role,
        u1_0.updated_at,
        u1_0.username 
    from
        users u1_0 
    where
        u1_0.username=?
26-06-04 11:23:23.707 [http-nio-8080-exec-7] [32mTRACE[0;39m org.hibernate.orm.jdbc.bind          [ |  | ] - binding parameter (1:VARCHAR) <- [user3]
26-06-04 11:23:23.862 [http-nio-8080-exec-7] [32mDEBUG[0;39m o.s.s.a.d.DaoAuthenticationProvider  [ |  | ] - Failed to find user 'user3'
26-06-04 11:23:23.862 [http-nio-8080-exec-7] [32mTRACE[0;39m o.s.s.w.a.UsernamePasswordAuthenticationFilter [ |  | ] - Failed to process authentication request
org.springframework.security.authentication.BadCredentialsException: 자격 증명에 실패하였습니다.
	at org.springframework.security.authentication.dao.AbstractUserDetailsAuthenticationProvider.authenticate(AbstractUserDetailsAuthenticationProvider.java:141)
	at org.springframework.security.authentication.ProviderManager.authenticate(ProviderManager.java:182)
	at org.springframework.security.authentication.ProviderManager.authenticate(ProviderManager.java:201)
	at org.springframework.security.authentication.ObservationAuthenticationManager.lambda$authenticate$1(ObservationAuthenticationManager.java:54)
	at io.micrometer.observation.Observation.observe(Observation.java:565)
	at org.springframework.security.authentication.ObservationAuthenticationManager.authenticate(ObservationAuthenticationManager.java:53)
	at org.springframework.security.web.authentication.UsernamePasswordAuthenticationFilter.attemptAuthentication(UsernamePasswordAuthenticationFilter.java:85)
	at org.springframework.security.web.authentication.AbstractAuthenticationProcessingFilter.doFilter(AbstractAuthenticationProcessingFilter.java:231)
	at org.springframework.security.web.authentication.AbstractAuthenticationProcessingFilter.doFilter(AbstractAuthenticationProcessingFilter.java:221)
	at org.springframework.security.web.ObservationFilterChainDecorator$ObservationFilter.wrapFilter(ObservationFilterChainDecorator.java:240)
	at org.springframework.security.web.ObservationFilterChainDecorator$ObservationFilter.doFilter(ObservationFilterChainDecorator.java:227)
	at org.springframework.security.web.ObservationFilterChainDecorator$VirtualFilterChain.doFilter(ObservationFilterChainDecorator.java:137)
	at com.sprint.mission.discodeit.security.filter.JwtAuthenticationFilter.doFilterInternal(JwtAuthenticationFilter.java:68)
	at org.springframework.web.filter.OncePerRequestFilter.doFilter(OncePerRequestFilter.java:116)
	at org.springframework.security.web.ObservationFilterChainDecorator$ObservationFilter.wrapFilter(ObservationFilterChainDecorator.java:240)
	at org.springframework.security.web.ObservationFilterChainDecorator$ObservationFilter.doFilter(ObservationFilterChainDecorator.java:227)
	at org.springframework.security.web.ObservationFilterChainDecorator$VirtualFilterChain.doFilter(ObservationFilterChainDecorator.java:137)
	at org.springframework.security.web.authentication.logout.LogoutFilter.doFilter(LogoutFilter.java:107)
	at org.springframework.security.web.authentication.logout.LogoutFilter.doFilter(LogoutFilter.java:93)
	at org.springframework.security.web.ObservationFilterChainDecorator$ObservationFilter.wrapFilter(ObservationFilterChainDecorator.java:240)
	at org.springframework.security.web.ObservationFilterChainDecorator$ObservationFilter.doFilter(ObservationFilterChainDecorator.java:227)
	at org.springframework.security.web.ObservationFilterChainDecorator$VirtualFilterChain.doFilter(ObservationFilterChainDecorator.java:137)
	at org.springframework.security.web.csrf.CsrfFilter.doFilterInternal(CsrfFilter.java:131)
	at org.springframework.web.filter.OncePerRequestFilter.doFilter(OncePerRequestFilter.java:116)
	at org.springframework.security.web.ObservationFilterChainDecorator$ObservationFilter.wrapFilter(ObservationFilterChainDecorator.java:240)
	at org.springframework.security.web.ObservationFilterChainDecorator$ObservationFilter.doFilter(ObservationFilterChainDecorator.java:227)
	at org.springframework.security.web.ObservationFilterChainDecorator$VirtualFilterChain.doFilter(ObservationFilterChainDecorator.java:137)
	at org.springframework.security.web.header.HeaderWriterFilter.doHeadersAfter(HeaderWriterFilter.java:90)
	at org.springframework.security.web.header.HeaderWriterFilter.doFilterInternal(HeaderWriterFilter.java:75)
	at org.springframework.web.filter.OncePerRequestFilter.doFilter(OncePerRequestFilter.java:116)
	at org.springframework.security.web.ObservationFilterChainDecorator$ObservationFilter.wrapFilter(ObservationFilterChainDecorator.java:240)
	at org.springframework.security.web.ObservationFilterChainDecorator$ObservationFilter.doFilter(ObservationFilterChainDecorator.java:227)
	at org.springframework.security.web.ObservationFilterChainDecorator$VirtualFilterChain.doFilter(ObservationFilterChainDecorator.java:137)
	at org.springframework.security.web.context.SecurityContextHolderFilter.doFilter(SecurityContextHolderFilter.java:82)
	at org.springframework.security.web.context.SecurityContextHolderFilter.doFilter(SecurityContextHolderFilter.java:69)
	at org.springframework.security.web.ObservationFilterChainDecorator$ObservationFilter.wrapFilter(ObservationFilterChainDecorator.java:240)
	at org.springframework.security.web.ObservationFilterChainDecorator$ObservationFilter.doFilter(ObservationFilterChainDecorator.java:227)
	at org.springframework.security.web.ObservationFilterChainDecorator$VirtualFilterChain.doFilter(ObservationFilterChainDecorator.java:137)
	at org.springframework.security.web.context.request.async.WebAsyncManagerIntegrationFilter.doFilterInternal(WebAsyncManagerIntegrationFilter.java:62)
	at org.springframework.web.filter.OncePerRequestFilter.doFilter(OncePerRequestFilter.java:116)
	at org.springframework.security.web.ObservationFilterChainDecorator$ObservationFilter.wrapFilter(ObservationFilterChainDecorator.java:240)
	at org.springframework.security.web.ObservationFilterChainDecorator$ObservationFilter.doFilter(ObservationFilterChainDecorator.java:227)
	at org.springframework.security.web.ObservationFilterChainDecorator$VirtualFilterChain.doFilter(ObservationFilterChainDecorator.java:137)
	at org.springframework.security.web.session.DisableEncodeUrlFilter.doFilterInternal(DisableEncodeUrlFilter.java:42)
	at org.springframework.web.filter.OncePerRequestFilter.doFilter(OncePerRequestFilter.java:116)
	at org.springframework.security.web.ObservationFilterChainDecorator$ObservationFilter.wrapFilter(ObservationFilterChainDecorator.java:240)
	at org.springframework.security.web.ObservationFilterChainDecorator$AroundFilterObservation$SimpleAroundFilterObservation.lambda$wrap$0(ObservationFilterChainDecorator.java:323)
	at org.springframework.security.web.ObservationFilterChainDecorator$ObservationFilter.doFilter(ObservationFilterChainDecorator.java:224)
	at org.springframework.security.web.ObservationFilterChainDecorator$VirtualFilterChain.doFilter(ObservationFilterChainDecorator.java:137)
	at org.springframework.security.web.FilterChainProxy.doFilterInternal(FilterChainProxy.java:233)
	at org.springframework.security.web.FilterChainProxy.doFilter(FilterChainProxy.java:191)
	at org.springframework.web.filter.CompositeFilter$VirtualFilterChain.doFilter(CompositeFilter.java:113)
	at org.springframework.web.servlet.handler.HandlerMappingIntrospector.lambda$createCacheFilter$3(HandlerMappingIntrospector.java:243)
	at org.springframework.web.filter.CompositeFilter$VirtualFilterChain.doFilter(CompositeFilter.java:113)
	at org.springframework.web.filter.CompositeFilter.doFilter(CompositeFilter.java:74)
	at org.springframework.security.config.annotation.web.configuration.WebMvcSecurityConfiguration$CompositeFilterChainProxy.doFilter(WebMvcSecurityConfiguration.java:238)
	at org.springframework.web.filter.DelegatingFilterProxy.invokeDelegate(DelegatingFilterProxy.java:362)
	at org.springframework.web.filter.DelegatingFilterProxy.doFilter(DelegatingFilterProxy.java:278)
	at org.apache.catalina.core.ApplicationFilterChain.internalDoFilter(ApplicationFilterChain.java:164)
	at org.apache.catalina.core.ApplicationFilterChain.doFilter(ApplicationFilterChain.java:140)
	at org.springframework.web.filter.RequestContextFilter.doFilterInternal(RequestContextFilter.java:100)
	at org.springframework.web.filter.OncePerRequestFilter.doFilter(OncePerRequestFilter.java:116)
	at org.apache.catalina.core.ApplicationFilterChain.internalDoFilter(ApplicationFilterChain.java:164)
	at org.apache.catalina.core.ApplicationFilterChain.doFilter(ApplicationFilterChain.java:140)
	at org.springframework.web.filter.FormContentFilter.doFilterInternal(FormContentFilter.java:93)
	at org.springframework.web.filter.OncePerRequestFilter.doFilter(OncePerRequestFilter.java:116)
	at org.apache.catalina.core.ApplicationFilterChain.internalDoFilter(ApplicationFilterChain.java:164)
	at org.apache.catalina.core.ApplicationFilterChain.doFilter(ApplicationFilterChain.java:140)
	at org.springframework.web.filter.ServerHttpObservationFilter.doFilterInternal(ServerHttpObservationFilter.java:114)
	at org.springframework.web.filter.OncePerRequestFilter.doFilter(OncePerRequestFilter.java:116)
	at org.apache.catalina.core.ApplicationFilterChain.internalDoFilter(ApplicationFilterChain.java:164)
	at org.apache.catalina.core.ApplicationFilterChain.doFilter(ApplicationFilterChain.java:140)
	at org.springframework.web.filter.CharacterEncodingFilter.doFilterInternal(CharacterEncodingFilter.java:201)
	at org.springframework.web.filter.OncePerRequestFilter.doFilter(OncePerRequestFilter.java:116)
	at org.apache.catalina.core.ApplicationFilterChain.internalDoFilter(ApplicationFilterChain.java:164)
	at org.apache.catalina.core.ApplicationFilterChain.doFilter(ApplicationFilterChain.java:140)
	at org.apache.catalina.core.StandardWrapperValve.invoke(StandardWrapperValve.java:167)
	at org.apache.catalina.core.StandardContextValve.invoke(StandardContextValve.java:90)
	at org.apache.catalina.authenticator.AuthenticatorBase.invoke(AuthenticatorBase.java:483)
	at org.apache.catalina.core.StandardHostValve.invoke(StandardHostValve.java:115)
	at org.apache.catalina.valves.ErrorReportValve.invoke(ErrorReportValve.java:93)
	at org.apache.catalina.core.StandardEngineValve.invoke(StandardEngineValve.java:74)
	at org.apache.catalina.connector.CoyoteAdapter.service(CoyoteAdapter.java:344)
	at org.apache.coyote.http11.Http11Processor.service(Http11Processor.java:397)
	at org.apache.coyote.AbstractProcessorLight.process(AbstractProcessorLight.java:63)
	at org.apache.coyote.AbstractProtocol$ConnectionHandler.process(AbstractProtocol.java:905)
	at org.apache.tomcat.util.net.NioEndpoint$SocketProcessor.doRun(NioEndpoint.java:1741)
	at org.apache.tomcat.util.net.SocketProcessorBase.run(SocketProcessorBase.java:52)
	at org.apache.tomcat.util.threads.ThreadPoolExecutor.runWorker(ThreadPoolExecutor.java:1190)
	at org.apache.tomcat.util.threads.ThreadPoolExecutor$Worker.run(ThreadPoolExecutor.java:659)
	at org.apache.tomcat.util.threads.TaskThread$WrappingRunnable.run(TaskThread.java:63)
	at java.base/java.lang.Thread.run(Thread.java:840)
26-06-04 11:23:23.863 [http-nio-8080-exec-7] [32mTRACE[0;39m o.s.s.w.a.UsernamePasswordAuthenticationFilter [ |  | ] - Cleared SecurityContextHolder
26-06-04 11:23:23.863 [http-nio-8080-exec-7] [32mTRACE[0;39m o.s.s.w.a.UsernamePasswordAuthenticationFilter [ |  | ] - Handling authentication failure
26-06-04 11:23:23.863 [http-nio-8080-exec-7] [32mDEBUG[0;39m o.s.s.w.a.r.TokenBasedRememberMeServices [ |  | ] - Interactive login attempt was unsuccessful.
26-06-04 11:23:23.863 [http-nio-8080-exec-7] [32mDEBUG[0;39m o.s.s.w.a.r.TokenBasedRememberMeServices [ |  | ] - Cancelling cookie
26-06-04 11:23:23.864 [http-nio-8080-exec-7] [32mTRACE[0;39m o.s.s.w.h.writers.HstsHeaderWriter   [ |  | ] - Not injecting HSTS header since it did not match request to [Is Secure]
26-06-04 11:23:38.448 [http-nio-8080-exec-8] [32mTRACE[0;39m o.s.security.web.FilterChainProxy    [ |  | ] - Trying to match request against DefaultSecurityFilterChain defined as 'filterChain' in [class path resource [com/sprint/mission/discodeit/config/SecurityConfig.class]] matching [any request] and having filters [DisableEncodeUrl, WebAsyncManagerIntegration, SecurityContextHolder, HeaderWriter, Csrf, Logout, JwtAuthentication, UsernamePasswordAuthentication, RequestCacheAware, SecurityContextHolderAwareRequest, RememberMeAuthentication, AnonymousAuthentication, SessionManagement, ExceptionTranslation, Authorization] (1/1)
26-06-04 11:23:38.449 [http-nio-8080-exec-8] [32mDEBUG[0;39m o.s.security.web.FilterChainProxy    [ |  | ] - Securing POST /api/auth/login
26-06-04 11:23:38.449 [http-nio-8080-exec-8] [32mTRACE[0;39m o.s.security.web.FilterChainProxy    [ |  | ] - Invoking DisableEncodeUrlFilter (1/15)
26-06-04 11:23:38.449 [http-nio-8080-exec-8] [32mTRACE[0;39m o.s.security.web.FilterChainProxy    [ |  | ] - Invoking WebAsyncManagerIntegrationFilter (2/15)
26-06-04 11:23:38.450 [http-nio-8080-exec-8] [32mTRACE[0;39m o.s.security.web.FilterChainProxy    [ |  | ] - Invoking SecurityContextHolderFilter (3/15)
26-06-04 11:23:38.450 [http-nio-8080-exec-8] [32mTRACE[0;39m o.s.security.web.FilterChainProxy    [ |  | ] - Invoking HeaderWriterFilter (4/15)
26-06-04 11:23:38.451 [http-nio-8080-exec-8] [32mTRACE[0;39m o.s.security.web.FilterChainProxy    [ |  | ] - Invoking CsrfFilter (5/15)
26-06-04 11:23:38.451 [http-nio-8080-exec-8] [32mTRACE[0;39m o.s.security.web.FilterChainProxy    [ |  | ] - Invoking LogoutFilter (6/15)
26-06-04 11:23:38.452 [http-nio-8080-exec-8] [32mTRACE[0;39m o.s.s.w.a.logout.LogoutFilter        [ |  | ] - Did not match request to Ant [pattern='/api/auth/logout', POST]
26-06-04 11:23:38.452 [http-nio-8080-exec-8] [32mTRACE[0;39m o.s.security.web.FilterChainProxy    [ |  | ] - Invoking JwtAuthenticationFilter (7/15)
26-06-04 11:23:38.452 [http-nio-8080-exec-8] [32mTRACE[0;39m o.s.security.web.FilterChainProxy    [ |  | ] - Invoking UsernamePasswordAuthenticationFilter (8/15)
26-06-04 11:23:38.457 [http-nio-8080-exec-8] [32mTRACE[0;39m o.s.s.authentication.ProviderManager [ |  | ] - Authenticating request with DaoAuthenticationProvider (1/1)
26-06-04 11:23:38.467 [http-nio-8080-exec-8] [32mDEBUG[0;39m org.hibernate.SQL                    [ |  | ] - 
    select
        u1_0.id,
        u1_0.created_at,
        u1_0.email,
        u1_0.password,
        u1_0.profile_id,
        u1_0.role,
        u1_0.updated_at,
        u1_0.username 
    from
        users u1_0 
    where
        u1_0.username=?
26-06-04 11:23:38.469 [http-nio-8080-exec-8] [32mTRACE[0;39m org.hibernate.orm.jdbc.bind          [ |  | ] - binding parameter (1:VARCHAR) <- [user1]
26-06-04 11:23:38.633 [http-nio-8080-exec-8] [32mDEBUG[0;39m o.s.s.a.d.DaoAuthenticationProvider  [ |  | ] - Authenticated user
26-06-04 11:23:38.637 [http-nio-8080-exec-8] [32mTRACE[0;39m o.s.s.w.a.s.CompositeSessionAuthenticationStrategy [ |  | ] - Preparing session with ChangeSessionIdAuthenticationStrategy (1/2)
26-06-04 11:23:38.637 [http-nio-8080-exec-8] [32mTRACE[0;39m o.s.s.w.a.s.CompositeSessionAuthenticationStrategy [ |  | ] - Preparing session with CsrfAuthenticationStrategy (2/2)
26-06-04 11:23:38.640 [http-nio-8080-exec-8] [32mDEBUG[0;39m o.s.s.w.c.CsrfAuthenticationStrategy [ |  | ] - Replaced CSRF Token
26-06-04 11:23:38.640 [http-nio-8080-exec-8] [32mDEBUG[0;39m o.s.s.w.a.UsernamePasswordAuthenticationFilter [ |  | ] - Set SecurityContextHolder to UsernamePasswordAuthenticationToken [Principal=com.sprint.mission.discodeit.security.DiscodeitUserDetails@e97ba84, Credentials=[PROTECTED], Authenticated=true, Details=WebAuthenticationDetails [RemoteIpAddress=0:0:0:0:0:0:0:1, SessionId=null], Granted Authorities=[ROLE_USER]]
26-06-04 11:23:38.641 [http-nio-8080-exec-8] [32mDEBUG[0;39m o.s.s.w.a.r.TokenBasedRememberMeServices [ |  | ] - Did not send remember-me cookie (principal did not set parameter 'remember-me')
26-06-04 11:23:38.641 [http-nio-8080-exec-8] [32mDEBUG[0;39m o.s.s.w.a.r.TokenBasedRememberMeServices [ |  | ] - Remember-me login not requested.
26-06-04 11:23:38.767 [http-nio-8080-exec-8] [32mDEBUG[0;39m c.s.m.d.s.r.InMemoryJwtRegistry      [ |  | ] - 새로운 JWT 등록 완료 - UserId: d2221d17-7460-4f2d-98b9-0192e1c0a821, 현재 활성 세션 수: 1
26-06-04 11:23:38.784 [http-nio-8080-exec-8] [32mTRACE[0;39m o.s.s.w.h.writers.HstsHeaderWriter   [ |  | ] - Not injecting HSTS header since it did not match request to [Is Secure]
26-06-04 11:23:38.789 [http-nio-8080-exec-9] [32mTRACE[0;39m o.s.security.web.FilterChainProxy    [ |  | ] - Trying to match request against DefaultSecurityFilterChain defined as 'filterChain' in [class path resource [com/sprint/mission/discodeit/config/SecurityConfig.class]] matching [any request] and having filters [DisableEncodeUrl, WebAsyncManagerIntegration, SecurityContextHolder, HeaderWriter, Csrf, Logout, JwtAuthentication, UsernamePasswordAuthentication, RequestCacheAware, SecurityContextHolderAwareRequest, RememberMeAuthentication, AnonymousAuthentication, SessionManagement, ExceptionTranslation, Authorization] (1/1)
26-06-04 11:23:38.790 [http-nio-8080-exec-9] [32mDEBUG[0;39m o.s.security.web.FilterChainProxy    [ |  | ] - Securing GET /api/auth/csrf-token
26-06-04 11:23:38.790 [http-nio-8080-exec-9] [32mTRACE[0;39m o.s.security.web.FilterChainProxy    [ |  | ] - Invoking DisableEncodeUrlFilter (1/15)
26-06-04 11:23:38.790 [http-nio-8080-exec-9] [32mTRACE[0;39m o.s.security.web.FilterChainProxy    [ |  | ] - Invoking WebAsyncManagerIntegrationFilter (2/15)
26-06-04 11:23:38.790 [http-nio-8080-exec-9] [32mTRACE[0;39m o.s.security.web.FilterChainProxy    [ |  | ] - Invoking SecurityContextHolderFilter (3/15)
26-06-04 11:23:38.790 [http-nio-8080-exec-9] [32mTRACE[0;39m o.s.security.web.FilterChainProxy    [ |  | ] - Invoking HeaderWriterFilter (4/15)
26-06-04 11:23:38.790 [http-nio-8080-exec-9] [32mTRACE[0;39m o.s.security.web.FilterChainProxy    [ |  | ] - Invoking CsrfFilter (5/15)
26-06-04 11:23:38.790 [http-nio-8080-exec-9] [32mTRACE[0;39m o.s.security.web.csrf.CsrfFilter     [ |  | ] - Did not protect against CSRF since request did not match CsrfNotRequired [TRACE, HEAD, GET, OPTIONS]
26-06-04 11:23:38.790 [http-nio-8080-exec-9] [32mTRACE[0;39m o.s.security.web.FilterChainProxy    [ |  | ] - Invoking LogoutFilter (6/15)
26-06-04 11:23:38.790 [http-nio-8080-exec-9] [32mTRACE[0;39m o.s.s.w.a.logout.LogoutFilter        [ |  | ] - Did not match request to Ant [pattern='/api/auth/logout', POST]
26-06-04 11:23:38.791 [http-nio-8080-exec-9] [32mTRACE[0;39m o.s.security.web.FilterChainProxy    [ |  | ] - Invoking JwtAuthenticationFilter (7/15)
26-06-04 11:23:38.791 [http-nio-8080-exec-9] [32mTRACE[0;39m o.s.security.web.FilterChainProxy    [ |  | ] - Invoking UsernamePasswordAuthenticationFilter (8/15)
26-06-04 11:23:38.791 [http-nio-8080-exec-9] [32mTRACE[0;39m o.s.s.w.a.UsernamePasswordAuthenticationFilter [ |  | ] - Did not match request to Ant [pattern='/api/auth/login', POST]
26-06-04 11:23:38.791 [http-nio-8080-exec-9] [32mTRACE[0;39m o.s.security.web.FilterChainProxy    [ |  | ] - Invoking RequestCacheAwareFilter (9/15)
26-06-04 11:23:38.791 [http-nio-8080-exec-9] [32mTRACE[0;39m o.s.security.web.FilterChainProxy    [ |  | ] - Invoking SecurityContextHolderAwareRequestFilter (10/15)
26-06-04 11:23:38.791 [http-nio-8080-exec-9] [32mTRACE[0;39m o.s.security.web.FilterChainProxy    [ |  | ] - Invoking RememberMeAuthenticationFilter (11/15)
26-06-04 11:23:38.791 [http-nio-8080-exec-9] [32mTRACE[0;39m o.s.s.w.c.SupplierDeferredSecurityContext [ |  | ] - Created SecurityContextImpl [Null authentication]
26-06-04 11:23:38.791 [http-nio-8080-exec-9] [32mTRACE[0;39m o.s.security.web.FilterChainProxy    [ |  | ] - Invoking AnonymousAuthenticationFilter (12/15)
26-06-04 11:23:38.791 [http-nio-8080-exec-9] [32mTRACE[0;39m o.s.security.web.FilterChainProxy    [ |  | ] - Invoking SessionManagementFilter (13/15)
26-06-04 11:23:38.791 [http-nio-8080-exec-9] [32mTRACE[0;39m o.s.s.w.a.AnonymousAuthenticationFilter [ |  | ] - Set SecurityContextHolder to AnonymousAuthenticationToken [Principal=anonymousUser, Credentials=[PROTECTED], Authenticated=true, Details=WebAuthenticationDetails [RemoteIpAddress=0:0:0:0:0:0:0:1, SessionId=null], Granted Authorities=[ROLE_ANONYMOUS]]
26-06-04 11:23:38.792 [http-nio-8080-exec-9] [32mTRACE[0;39m o.s.security.web.FilterChainProxy    [ |  | ] - Invoking ExceptionTranslationFilter (14/15)
26-06-04 11:23:38.792 [http-nio-8080-exec-9] [32mTRACE[0;39m o.s.security.web.FilterChainProxy    [ |  | ] - Invoking AuthorizationFilter (15/15)
26-06-04 11:23:38.792 [http-nio-8080-exec-9] [32mTRACE[0;39m o.s.s.w.a.i.RequestMatcherDelegatingAuthorizationManager [ |  | ] - Authorizing GET /api/auth/csrf-token
26-06-04 11:23:38.792 [http-nio-8080-exec-9] [32mTRACE[0;39m o.s.s.w.a.i.RequestMatcherDelegatingAuthorizationManager [ |  | ] - Checking authorization on GET /api/auth/csrf-token using org.springframework.security.config.annotation.web.configurers.AuthorizeHttpRequestsConfigurer$$Lambda$1768/0x0000000301c1a040@100818fa
26-06-04 11:23:38.793 [http-nio-8080-exec-9] [32mDEBUG[0;39m o.s.security.web.FilterChainProxy    [ |  | ] - Secured GET /api/auth/csrf-token
26-06-04 11:23:38.795 [http-nio-8080-exec-9] [32mDEBUG[0;39m c.s.m.d.config.MDCLoggingInterceptor [edd0de2590a4442c8032b73460931cc9 | GET | /api/auth/csrf-token] - Request started
26-06-04 11:23:38.800 [http-nio-8080-exec-9] [32mTRACE[0;39m o.s.s.w.h.writers.HstsHeaderWriter   [edd0de2590a4442c8032b73460931cc9 | GET | /api/auth/csrf-token] - Not injecting HSTS header since it did not match request to [Is Secure]
26-06-04 11:23:38.801 [http-nio-8080-exec-9] [32mDEBUG[0;39m c.s.m.d.config.MDCLoggingInterceptor [edd0de2590a4442c8032b73460931cc9 | GET | /api/auth/csrf-token] - Request completed
26-06-04 11:23:38.832 [http-nio-8080-exec-10] [32mTRACE[0;39m o.s.security.web.FilterChainProxy    [ |  | ] - Trying to match request against DefaultSecurityFilterChain defined as 'filterChain' in [class path resource [com/sprint/mission/discodeit/config/SecurityConfig.class]] matching [any request] and having filters [DisableEncodeUrl, WebAsyncManagerIntegration, SecurityContextHolder, HeaderWriter, Csrf, Logout, JwtAuthentication, UsernamePasswordAuthentication, RequestCacheAware, SecurityContextHolderAwareRequest, RememberMeAuthentication, AnonymousAuthentication, SessionManagement, ExceptionTranslation, Authorization] (1/1)
26-06-04 11:23:38.833 [http-nio-8080-exec-1] [32mTRACE[0;39m o.s.security.web.FilterChainProxy    [ |  | ] - Trying to match request against DefaultSecurityFilterChain defined as 'filterChain' in [class path resource [com/sprint/mission/discodeit/config/SecurityConfig.class]] matching [any request] and having filters [DisableEncodeUrl, WebAsyncManagerIntegration, SecurityContextHolder, HeaderWriter, Csrf, Logout, JwtAuthentication, UsernamePasswordAuthentication, RequestCacheAware, SecurityContextHolderAwareRequest, RememberMeAuthentication, AnonymousAuthentication, SessionManagement, ExceptionTranslation, Authorization] (1/1)
26-06-04 11:23:38.833 [http-nio-8080-exec-1] [32mDEBUG[0;39m o.s.security.web.FilterChainProxy    [ |  | ] - Securing GET /api/readStatuses?userId=d2221d17-7460-4f2d-98b9-0192e1c0a821
26-06-04 11:23:38.833 [http-nio-8080-exec-1] [32mTRACE[0;39m o.s.security.web.FilterChainProxy    [ |  | ] - Invoking DisableEncodeUrlFilter (1/15)
26-06-04 11:23:38.833 [http-nio-8080-exec-1] [32mTRACE[0;39m o.s.security.web.FilterChainProxy    [ |  | ] - Invoking WebAsyncManagerIntegrationFilter (2/15)
26-06-04 11:23:38.833 [http-nio-8080-exec-10] [32mDEBUG[0;39m o.s.security.web.FilterChainProxy    [ |  | ] - Securing GET /api/channels?userId=d2221d17-7460-4f2d-98b9-0192e1c0a821
26-06-04 11:23:38.833 [http-nio-8080-exec-10] [32mTRACE[0;39m o.s.security.web.FilterChainProxy    [ |  | ] - Invoking DisableEncodeUrlFilter (1/15)
26-06-04 11:23:38.834 [http-nio-8080-exec-10] [32mTRACE[0;39m o.s.security.web.FilterChainProxy    [ |  | ] - Invoking WebAsyncManagerIntegrationFilter (2/15)
26-06-04 11:23:38.834 [http-nio-8080-exec-10] [32mTRACE[0;39m o.s.security.web.FilterChainProxy    [ |  | ] - Invoking SecurityContextHolderFilter (3/15)
26-06-04 11:23:38.834 [http-nio-8080-exec-10] [32mTRACE[0;39m o.s.security.web.FilterChainProxy    [ |  | ] - Invoking HeaderWriterFilter (4/15)
26-06-04 11:23:38.834 [http-nio-8080-exec-10] [32mTRACE[0;39m o.s.security.web.FilterChainProxy    [ |  | ] - Invoking CsrfFilter (5/15)
26-06-04 11:23:38.834 [http-nio-8080-exec-10] [32mTRACE[0;39m o.s.security.web.csrf.CsrfFilter     [ |  | ] - Did not protect against CSRF since request did not match CsrfNotRequired [TRACE, HEAD, GET, OPTIONS]
26-06-04 11:23:38.833 [http-nio-8080-exec-1] [32mTRACE[0;39m o.s.security.web.FilterChainProxy    [ |  | ] - Invoking SecurityContextHolderFilter (3/15)
26-06-04 11:23:38.834 [http-nio-8080-exec-10] [32mTRACE[0;39m o.s.security.web.FilterChainProxy    [ |  | ] - Invoking LogoutFilter (6/15)
26-06-04 11:23:38.834 [http-nio-8080-exec-1] [32mTRACE[0;39m o.s.security.web.FilterChainProxy    [ |  | ] - Invoking HeaderWriterFilter (4/15)
26-06-04 11:23:38.834 [http-nio-8080-exec-10] [32mTRACE[0;39m o.s.s.w.a.logout.LogoutFilter        [ |  | ] - Did not match request to Ant [pattern='/api/auth/logout', POST]
26-06-04 11:23:38.834 [http-nio-8080-exec-10] [32mTRACE[0;39m o.s.security.web.FilterChainProxy    [ |  | ] - Invoking JwtAuthenticationFilter (7/15)
26-06-04 11:23:38.834 [http-nio-8080-exec-1] [32mTRACE[0;39m o.s.security.web.FilterChainProxy    [ |  | ] - Invoking CsrfFilter (5/15)
26-06-04 11:23:38.834 [http-nio-8080-exec-1] [32mTRACE[0;39m o.s.security.web.csrf.CsrfFilter     [ |  | ] - Did not protect against CSRF since request did not match CsrfNotRequired [TRACE, HEAD, GET, OPTIONS]
26-06-04 11:23:38.834 [http-nio-8080-exec-1] [32mTRACE[0;39m o.s.security.web.FilterChainProxy    [ |  | ] - Invoking LogoutFilter (6/15)
26-06-04 11:23:38.834 [http-nio-8080-exec-3] [32mTRACE[0;39m o.s.security.web.FilterChainProxy    [ |  | ] - Trying to match request against DefaultSecurityFilterChain defined as 'filterChain' in [class path resource [com/sprint/mission/discodeit/config/SecurityConfig.class]] matching [any request] and having filters [DisableEncodeUrl, WebAsyncManagerIntegration, SecurityContextHolder, HeaderWriter, Csrf, Logout, JwtAuthentication, UsernamePasswordAuthentication, RequestCacheAware, SecurityContextHolderAwareRequest, RememberMeAuthentication, AnonymousAuthentication, SessionManagement, ExceptionTranslation, Authorization] (1/1)
26-06-04 11:23:38.834 [http-nio-8080-exec-2] [32mTRACE[0;39m o.s.security.web.FilterChainProxy    [ |  | ] - Trying to match request against DefaultSecurityFilterChain defined as 'filterChain' in [class path resource [com/sprint/mission/discodeit/config/SecurityConfig.class]] matching [any request] and having filters [DisableEncodeUrl, WebAsyncManagerIntegration, SecurityContextHolder, HeaderWriter, Csrf, Logout, JwtAuthentication, UsernamePasswordAuthentication, RequestCacheAware, SecurityContextHolderAwareRequest, RememberMeAuthentication, AnonymousAuthentication, SessionManagement, ExceptionTranslation, Authorization] (1/1)
26-06-04 11:23:38.834 [http-nio-8080-exec-3] [32mDEBUG[0;39m o.s.security.web.FilterChainProxy    [ |  | ] - Securing GET /api/notifications
26-06-04 11:23:38.834 [http-nio-8080-exec-2] [32mDEBUG[0;39m o.s.security.web.FilterChainProxy    [ |  | ] - Securing GET /api/users
26-06-04 11:23:38.834 [http-nio-8080-exec-3] [32mTRACE[0;39m o.s.security.web.FilterChainProxy    [ |  | ] - Invoking DisableEncodeUrlFilter (1/15)
26-06-04 11:23:38.834 [http-nio-8080-exec-2] [32mTRACE[0;39m o.s.security.web.FilterChainProxy    [ |  | ] - Invoking DisableEncodeUrlFilter (1/15)
26-06-04 11:23:38.835 [http-nio-8080-exec-2] [32mTRACE[0;39m o.s.security.web.FilterChainProxy    [ |  | ] - Invoking WebAsyncManagerIntegrationFilter (2/15)
26-06-04 11:23:38.835 [http-nio-8080-exec-1] [32mTRACE[0;39m o.s.s.w.a.logout.LogoutFilter        [ |  | ] - Did not match request to Ant [pattern='/api/auth/logout', POST]
26-06-04 11:23:38.835 [http-nio-8080-exec-1] [32mTRACE[0;39m o.s.security.web.FilterChainProxy    [ |  | ] - Invoking JwtAuthenticationFilter (7/15)
26-06-04 11:23:38.835 [http-nio-8080-exec-3] [32mTRACE[0;39m o.s.security.web.FilterChainProxy    [ |  | ] - Invoking WebAsyncManagerIntegrationFilter (2/15)
26-06-04 11:23:38.835 [http-nio-8080-exec-2] [32mTRACE[0;39m o.s.security.web.FilterChainProxy    [ |  | ] - Invoking SecurityContextHolderFilter (3/15)
26-06-04 11:23:38.835 [http-nio-8080-exec-2] [32mTRACE[0;39m o.s.security.web.FilterChainProxy    [ |  | ] - Invoking HeaderWriterFilter (4/15)
26-06-04 11:23:38.835 [http-nio-8080-exec-3] [32mTRACE[0;39m o.s.security.web.FilterChainProxy    [ |  | ] - Invoking SecurityContextHolderFilter (3/15)
26-06-04 11:23:38.835 [http-nio-8080-exec-2] [32mTRACE[0;39m o.s.security.web.FilterChainProxy    [ |  | ] - Invoking CsrfFilter (5/15)
26-06-04 11:23:38.835 [http-nio-8080-exec-2] [32mTRACE[0;39m o.s.security.web.csrf.CsrfFilter     [ |  | ] - Did not protect against CSRF since request did not match CsrfNotRequired [TRACE, HEAD, GET, OPTIONS]
26-06-04 11:23:38.835 [http-nio-8080-exec-3] [32mTRACE[0;39m o.s.security.web.FilterChainProxy    [ |  | ] - Invoking HeaderWriterFilter (4/15)
26-06-04 11:23:38.835 [http-nio-8080-exec-2] [32mTRACE[0;39m o.s.security.web.FilterChainProxy    [ |  | ] - Invoking LogoutFilter (6/15)
26-06-04 11:23:38.835 [http-nio-8080-exec-3] [32mTRACE[0;39m o.s.security.web.FilterChainProxy    [ |  | ] - Invoking CsrfFilter (5/15)
26-06-04 11:23:38.835 [http-nio-8080-exec-2] [32mTRACE[0;39m o.s.s.w.a.logout.LogoutFilter        [ |  | ] - Did not match request to Ant [pattern='/api/auth/logout', POST]
26-06-04 11:23:38.835 [http-nio-8080-exec-2] [32mTRACE[0;39m o.s.security.web.FilterChainProxy    [ |  | ] - Invoking JwtAuthenticationFilter (7/15)
26-06-04 11:23:38.835 [http-nio-8080-exec-3] [32mTRACE[0;39m o.s.security.web.csrf.CsrfFilter     [ |  | ] - Did not protect against CSRF since request did not match CsrfNotRequired [TRACE, HEAD, GET, OPTIONS]
26-06-04 11:23:38.835 [http-nio-8080-exec-3] [32mTRACE[0;39m o.s.security.web.FilterChainProxy    [ |  | ] - Invoking LogoutFilter (6/15)
26-06-04 11:23:38.835 [http-nio-8080-exec-3] [32mTRACE[0;39m o.s.s.w.a.logout.LogoutFilter        [ |  | ] - Did not match request to Ant [pattern='/api/auth/logout', POST]
26-06-04 11:23:38.835 [http-nio-8080-exec-3] [32mTRACE[0;39m o.s.security.web.FilterChainProxy    [ |  | ] - Invoking JwtAuthenticationFilter (7/15)
26-06-04 11:23:38.843 [http-nio-8080-exec-1] [32mTRACE[0;39m o.s.s.w.c.SupplierDeferredSecurityContext [ |  | ] - Created SecurityContextImpl [Null authentication]
26-06-04 11:23:38.843 [http-nio-8080-exec-3] [32mTRACE[0;39m o.s.s.w.c.SupplierDeferredSecurityContext [ |  | ] - Created SecurityContextImpl [Null authentication]
26-06-04 11:23:38.843 [http-nio-8080-exec-1] [32mDEBUG[0;39m c.s.m.d.s.f.JwtAuthenticationFilter  [ |  | ] - Security Context에 'user1' 인증 정보를 저장했습니다.
26-06-04 11:23:38.843 [http-nio-8080-exec-10] [32mTRACE[0;39m o.s.s.w.c.SupplierDeferredSecurityContext [ |  | ] - Created SecurityContextImpl [Null authentication]
26-06-04 11:23:38.843 [http-nio-8080-exec-1] [32mTRACE[0;39m o.s.security.web.FilterChainProxy    [ |  | ] - Invoking UsernamePasswordAuthenticationFilter (8/15)
26-06-04 11:23:38.843 [http-nio-8080-exec-10] [32mDEBUG[0;39m c.s.m.d.s.f.JwtAuthenticationFilter  [ |  | ] - Security Context에 'user1' 인증 정보를 저장했습니다.
26-06-04 11:23:38.843 [http-nio-8080-exec-10] [32mTRACE[0;39m o.s.security.web.FilterChainProxy    [ |  | ] - Invoking UsernamePasswordAuthenticationFilter (8/15)
26-06-04 11:23:38.843 [http-nio-8080-exec-3] [32mDEBUG[0;39m c.s.m.d.s.f.JwtAuthenticationFilter  [ |  | ] - Security Context에 'user1' 인증 정보를 저장했습니다.
26-06-04 11:23:38.843 [http-nio-8080-exec-10] [32mTRACE[0;39m o.s.s.w.a.UsernamePasswordAuthenticationFilter [ |  | ] - Did not match request to Ant [pattern='/api/auth/login', POST]
26-06-04 11:23:38.843 [http-nio-8080-exec-10] [32mTRACE[0;39m o.s.security.web.FilterChainProxy    [ |  | ] - Invoking RequestCacheAwareFilter (9/15)
26-06-04 11:23:38.843 [http-nio-8080-exec-2] [32mTRACE[0;39m o.s.s.w.c.SupplierDeferredSecurityContext [ |  | ] - Created SecurityContextImpl [Null authentication]
26-06-04 11:23:38.843 [http-nio-8080-exec-1] [32mTRACE[0;39m o.s.s.w.a.UsernamePasswordAuthenticationFilter [ |  | ] - Did not match request to Ant [pattern='/api/auth/login', POST]
26-06-04 11:23:38.843 [http-nio-8080-exec-1] [32mTRACE[0;39m o.s.security.web.FilterChainProxy    [ |  | ] - Invoking RequestCacheAwareFilter (9/15)
26-06-04 11:23:38.843 [http-nio-8080-exec-2] [32mDEBUG[0;39m c.s.m.d.s.f.JwtAuthenticationFilter  [ |  | ] - Security Context에 'user1' 인증 정보를 저장했습니다.
26-06-04 11:23:38.843 [http-nio-8080-exec-1] [32mTRACE[0;39m o.s.security.web.FilterChainProxy    [ |  | ] - Invoking SecurityContextHolderAwareRequestFilter (10/15)
26-06-04 11:23:38.843 [http-nio-8080-exec-3] [32mTRACE[0;39m o.s.security.web.FilterChainProxy    [ |  | ] - Invoking UsernamePasswordAuthenticationFilter (8/15)
26-06-04 11:23:38.843 [http-nio-8080-exec-3] [32mTRACE[0;39m o.s.s.w.a.UsernamePasswordAuthenticationFilter [ |  | ] - Did not match request to Ant [pattern='/api/auth/login', POST]
26-06-04 11:23:38.843 [http-nio-8080-exec-3] [32mTRACE[0;39m o.s.security.web.FilterChainProxy    [ |  | ] - Invoking RequestCacheAwareFilter (9/15)
26-06-04 11:23:38.843 [http-nio-8080-exec-3] [32mTRACE[0;39m o.s.security.web.FilterChainProxy    [ |  | ] - Invoking SecurityContextHolderAwareRequestFilter (10/15)
26-06-04 11:23:38.843 [http-nio-8080-exec-3] [32mTRACE[0;39m o.s.security.web.FilterChainProxy    [ |  | ] - Invoking RememberMeAuthenticationFilter (11/15)
26-06-04 11:23:38.843 [http-nio-8080-exec-10] [32mTRACE[0;39m o.s.security.web.FilterChainProxy    [ |  | ] - Invoking SecurityContextHolderAwareRequestFilter (10/15)
26-06-04 11:23:38.843 [http-nio-8080-exec-3] [32mDEBUG[0;39m o.s.s.w.a.r.RememberMeAuthenticationFilter [ |  | ] - SecurityContextHolder not populated with remember-me token, as it already contained: 'UsernamePasswordAuthenticationToken [Principal=org.springframework.security.core.userdetails.User [Username=user1, Password=[PROTECTED], Enabled=true, AccountNonExpired=true, CredentialsNonExpired=true, AccountNonLocked=true, Granted Authorities=[ROLE_USER]], Credentials=[PROTECTED], Authenticated=true, Details=null, Granted Authorities=[ROLE_USER]]'
26-06-04 11:23:38.843 [http-nio-8080-exec-3] [32mTRACE[0;39m o.s.security.web.FilterChainProxy    [ |  | ] - Invoking AnonymousAuthenticationFilter (12/15)
26-06-04 11:23:38.843 [http-nio-8080-exec-2] [32mTRACE[0;39m o.s.security.web.FilterChainProxy    [ |  | ] - Invoking UsernamePasswordAuthenticationFilter (8/15)
26-06-04 11:23:38.843 [http-nio-8080-exec-1] [32mTRACE[0;39m o.s.security.web.FilterChainProxy    [ |  | ] - Invoking RememberMeAuthenticationFilter (11/15)
26-06-04 11:23:38.843 [http-nio-8080-exec-3] [32mTRACE[0;39m o.s.security.web.FilterChainProxy    [ |  | ] - Invoking SessionManagementFilter (13/15)
26-06-04 11:23:38.843 [http-nio-8080-exec-10] [32mTRACE[0;39m o.s.security.web.FilterChainProxy    [ |  | ] - Invoking RememberMeAuthenticationFilter (11/15)
26-06-04 11:23:38.843 [http-nio-8080-exec-2] [32mTRACE[0;39m o.s.s.w.a.UsernamePasswordAuthenticationFilter [ |  | ] - Did not match request to Ant [pattern='/api/auth/login', POST]
26-06-04 11:23:38.843 [http-nio-8080-exec-1] [32mDEBUG[0;39m o.s.s.w.a.r.RememberMeAuthenticationFilter [ |  | ] - SecurityContextHolder not populated with remember-me token, as it already contained: 'UsernamePasswordAuthenticationToken [Principal=org.springframework.security.core.userdetails.User [Username=user1, Password=[PROTECTED], Enabled=true, AccountNonExpired=true, CredentialsNonExpired=true, AccountNonLocked=true, Granted Authorities=[ROLE_USER]], Credentials=[PROTECTED], Authenticated=true, Details=null, Granted Authorities=[ROLE_USER]]'
26-06-04 11:23:38.843 [http-nio-8080-exec-10] [32mDEBUG[0;39m o.s.s.w.a.r.RememberMeAuthenticationFilter [ |  | ] - SecurityContextHolder not populated with remember-me token, as it already contained: 'UsernamePasswordAuthenticationToken [Principal=org.springframework.security.core.userdetails.User [Username=user1, Password=[PROTECTED], Enabled=true, AccountNonExpired=true, CredentialsNonExpired=true, AccountNonLocked=true, Granted Authorities=[ROLE_USER]], Credentials=[PROTECTED], Authenticated=true, Details=null, Granted Authorities=[ROLE_USER]]'
26-06-04 11:23:38.843 [http-nio-8080-exec-3] [32mTRACE[0;39m o.s.s.w.a.AnonymousAuthenticationFilter [ |  | ] - Did not set SecurityContextHolder since already authenticated UsernamePasswordAuthenticationToken [Principal=org.springframework.security.core.userdetails.User [Username=user1, Password=[PROTECTED], Enabled=true, AccountNonExpired=true, CredentialsNonExpired=true, AccountNonLocked=true, Granted Authorities=[ROLE_USER]], Credentials=[PROTECTED], Authenticated=true, Details=null, Granted Authorities=[ROLE_USER]]
26-06-04 11:23:38.843 [http-nio-8080-exec-1] [32mTRACE[0;39m o.s.security.web.FilterChainProxy    [ |  | ] - Invoking AnonymousAuthenticationFilter (12/15)
26-06-04 11:23:38.843 [http-nio-8080-exec-10] [32mTRACE[0;39m o.s.security.web.FilterChainProxy    [ |  | ] - Invoking AnonymousAuthenticationFilter (12/15)
26-06-04 11:23:38.843 [http-nio-8080-exec-3] [32mTRACE[0;39m o.s.s.w.a.s.CompositeSessionAuthenticationStrategy [ |  | ] - Preparing session with ChangeSessionIdAuthenticationStrategy (1/2)
26-06-04 11:23:38.844 [http-nio-8080-exec-10] [32mTRACE[0;39m o.s.security.web.FilterChainProxy    [ |  | ] - Invoking SessionManagementFilter (13/15)
26-06-04 11:23:38.843 [http-nio-8080-exec-2] [32mTRACE[0;39m o.s.security.web.FilterChainProxy    [ |  | ] - Invoking RequestCacheAwareFilter (9/15)
26-06-04 11:23:38.844 [http-nio-8080-exec-1] [32mTRACE[0;39m o.s.security.web.FilterChainProxy    [ |  | ] - Invoking SessionManagementFilter (13/15)
26-06-04 11:23:38.844 [http-nio-8080-exec-10] [32mTRACE[0;39m o.s.s.w.a.AnonymousAuthenticationFilter [ |  | ] - Did not set SecurityContextHolder since already authenticated UsernamePasswordAuthenticationToken [Principal=org.springframework.security.core.userdetails.User [Username=user1, Password=[PROTECTED], Enabled=true, AccountNonExpired=true, CredentialsNonExpired=true, AccountNonLocked=true, Granted Authorities=[ROLE_USER]], Credentials=[PROTECTED], Authenticated=true, Details=null, Granted Authorities=[ROLE_USER]]
26-06-04 11:23:38.844 [http-nio-8080-exec-2] [32mTRACE[0;39m o.s.security.web.FilterChainProxy    [ |  | ] - Invoking SecurityContextHolderAwareRequestFilter (10/15)
26-06-04 11:23:38.844 [http-nio-8080-exec-3] [32mTRACE[0;39m o.s.s.w.a.s.CompositeSessionAuthenticationStrategy [ |  | ] - Preparing session with CsrfAuthenticationStrategy (2/2)
26-06-04 11:23:38.844 [http-nio-8080-exec-10] [32mTRACE[0;39m o.s.s.w.a.s.CompositeSessionAuthenticationStrategy [ |  | ] - Preparing session with ChangeSessionIdAuthenticationStrategy (1/2)
26-06-04 11:23:38.844 [http-nio-8080-exec-2] [32mTRACE[0;39m o.s.security.web.FilterChainProxy    [ |  | ] - Invoking RememberMeAuthenticationFilter (11/15)
26-06-04 11:23:38.844 [http-nio-8080-exec-1] [32mTRACE[0;39m o.s.s.w.a.AnonymousAuthenticationFilter [ |  | ] - Did not set SecurityContextHolder since already authenticated UsernamePasswordAuthenticationToken [Principal=org.springframework.security.core.userdetails.User [Username=user1, Password=[PROTECTED], Enabled=true, AccountNonExpired=true, CredentialsNonExpired=true, AccountNonLocked=true, Granted Authorities=[ROLE_USER]], Credentials=[PROTECTED], Authenticated=true, Details=null, Granted Authorities=[ROLE_USER]]
26-06-04 11:23:38.844 [http-nio-8080-exec-10] [32mTRACE[0;39m o.s.s.w.a.s.CompositeSessionAuthenticationStrategy [ |  | ] - Preparing session with CsrfAuthenticationStrategy (2/2)
26-06-04 11:23:38.844 [http-nio-8080-exec-1] [32mTRACE[0;39m o.s.s.w.a.s.CompositeSessionAuthenticationStrategy [ |  | ] - Preparing session with ChangeSessionIdAuthenticationStrategy (1/2)
26-06-04 11:23:38.844 [http-nio-8080-exec-1] [32mTRACE[0;39m o.s.s.w.a.s.CompositeSessionAuthenticationStrategy [ |  | ] - Preparing session with CsrfAuthenticationStrategy (2/2)
26-06-04 11:23:38.844 [http-nio-8080-exec-3] [32mDEBUG[0;39m o.s.s.w.c.CsrfAuthenticationStrategy [ |  | ] - Replaced CSRF Token
26-06-04 11:23:38.844 [http-nio-8080-exec-2] [32mDEBUG[0;39m o.s.s.w.a.r.RememberMeAuthenticationFilter [ |  | ] - SecurityContextHolder not populated with remember-me token, as it already contained: 'UsernamePasswordAuthenticationToken [Principal=org.springframework.security.core.userdetails.User [Username=user1, Password=[PROTECTED], Enabled=true, AccountNonExpired=true, CredentialsNonExpired=true, AccountNonLocked=true, Granted Authorities=[ROLE_USER]], Credentials=[PROTECTED], Authenticated=true, Details=null, Granted Authorities=[ROLE_USER]]'
26-06-04 11:23:38.844 [http-nio-8080-exec-3] [32mTRACE[0;39m o.s.security.web.FilterChainProxy    [ |  | ] - Invoking ExceptionTranslationFilter (14/15)
26-06-04 11:23:38.844 [http-nio-8080-exec-2] [32mTRACE[0;39m o.s.security.web.FilterChainProxy    [ |  | ] - Invoking AnonymousAuthenticationFilter (12/15)
26-06-04 11:23:38.844 [http-nio-8080-exec-1] [32mDEBUG[0;39m o.s.s.w.c.CsrfAuthenticationStrategy [ |  | ] - Replaced CSRF Token
26-06-04 11:23:38.844 [http-nio-8080-exec-3] [32mTRACE[0;39m o.s.security.web.FilterChainProxy    [ |  | ] - Invoking AuthorizationFilter (15/15)
26-06-04 11:23:38.844 [http-nio-8080-exec-2] [32mTRACE[0;39m o.s.security.web.FilterChainProxy    [ |  | ] - Invoking SessionManagementFilter (13/15)
26-06-04 11:23:38.844 [http-nio-8080-exec-1] [32mTRACE[0;39m o.s.security.web.FilterChainProxy    [ |  | ] - Invoking ExceptionTranslationFilter (14/15)
26-06-04 11:23:38.844 [http-nio-8080-exec-2] [32mTRACE[0;39m o.s.s.w.a.AnonymousAuthenticationFilter [ |  | ] - Did not set SecurityContextHolder since already authenticated UsernamePasswordAuthenticationToken [Principal=org.springframework.security.core.userdetails.User [Username=user1, Password=[PROTECTED], Enabled=true, AccountNonExpired=true, CredentialsNonExpired=true, AccountNonLocked=true, Granted Authorities=[ROLE_USER]], Credentials=[PROTECTED], Authenticated=true, Details=null, Granted Authorities=[ROLE_USER]]
26-06-04 11:23:38.844 [http-nio-8080-exec-1] [32mTRACE[0;39m o.s.security.web.FilterChainProxy    [ |  | ] - Invoking AuthorizationFilter (15/15)
26-06-04 11:23:38.844 [http-nio-8080-exec-2] [32mTRACE[0;39m o.s.s.w.a.s.CompositeSessionAuthenticationStrategy [ |  | ] - Preparing session with ChangeSessionIdAuthenticationStrategy (1/2)
26-06-04 11:23:38.844 [http-nio-8080-exec-2] [32mTRACE[0;39m o.s.s.w.a.s.CompositeSessionAuthenticationStrategy [ |  | ] - Preparing session with CsrfAuthenticationStrategy (2/2)
26-06-04 11:23:38.844 [http-nio-8080-exec-3] [32mTRACE[0;39m o.s.s.w.a.i.RequestMatcherDelegatingAuthorizationManager [ |  | ] - Authorizing GET /api/notifications
26-06-04 11:23:38.844 [http-nio-8080-exec-10] [32mDEBUG[0;39m o.s.s.w.c.CsrfAuthenticationStrategy [ |  | ] - Replaced CSRF Token
26-06-04 11:23:38.844 [http-nio-8080-exec-1] [32mTRACE[0;39m o.s.s.w.a.i.RequestMatcherDelegatingAuthorizationManager [ |  | ] - Authorizing GET /api/readStatuses?userId=d2221d17-7460-4f2d-98b9-0192e1c0a821
26-06-04 11:23:38.844 [http-nio-8080-exec-2] [32mDEBUG[0;39m o.s.s.w.c.CsrfAuthenticationStrategy [ |  | ] - Replaced CSRF Token
26-06-04 11:23:38.844 [http-nio-8080-exec-10] [32mTRACE[0;39m o.s.security.web.FilterChainProxy    [ |  | ] - Invoking ExceptionTranslationFilter (14/15)
26-06-04 11:23:38.844 [http-nio-8080-exec-2] [32mTRACE[0;39m o.s.security.web.FilterChainProxy    [ |  | ] - Invoking ExceptionTranslationFilter (14/15)
26-06-04 11:23:38.844 [http-nio-8080-exec-10] [32mTRACE[0;39m o.s.security.web.FilterChainProxy    [ |  | ] - Invoking AuthorizationFilter (15/15)
26-06-04 11:23:38.844 [http-nio-8080-exec-3] [32mTRACE[0;39m o.s.s.w.a.i.RequestMatcherDelegatingAuthorizationManager [ |  | ] - Checking authorization on GET /api/notifications using org.springframework.security.authorization.AuthenticatedAuthorizationManager@5d73ce5
26-06-04 11:23:38.844 [http-nio-8080-exec-2] [32mTRACE[0;39m o.s.security.web.FilterChainProxy    [ |  | ] - Invoking AuthorizationFilter (15/15)
26-06-04 11:23:38.844 [http-nio-8080-exec-1] [32mTRACE[0;39m o.s.s.w.a.i.RequestMatcherDelegatingAuthorizationManager [ |  | ] - Checking authorization on GET /api/readStatuses?userId=d2221d17-7460-4f2d-98b9-0192e1c0a821 using org.springframework.security.authorization.AuthenticatedAuthorizationManager@5d73ce5
26-06-04 11:23:38.844 [http-nio-8080-exec-10] [32mTRACE[0;39m o.s.s.w.a.i.RequestMatcherDelegatingAuthorizationManager [ |  | ] - Authorizing GET /api/channels?userId=d2221d17-7460-4f2d-98b9-0192e1c0a821
26-06-04 11:23:38.844 [http-nio-8080-exec-2] [32mTRACE[0;39m o.s.s.w.a.i.RequestMatcherDelegatingAuthorizationManager [ |  | ] - Authorizing GET /api/users
26-06-04 11:23:38.845 [http-nio-8080-exec-3] [32mDEBUG[0;39m o.s.security.web.FilterChainProxy    [ |  | ] - Secured GET /api/notifications
26-06-04 11:23:38.845 [http-nio-8080-exec-2] [32mTRACE[0;39m o.s.s.w.a.i.RequestMatcherDelegatingAuthorizationManager [ |  | ] - Checking authorization on GET /api/users using org.springframework.security.authorization.AuthenticatedAuthorizationManager@5d73ce5
26-06-04 11:23:38.845 [http-nio-8080-exec-10] [32mTRACE[0;39m o.s.s.w.a.i.RequestMatcherDelegatingAuthorizationManager [ |  | ] - Checking authorization on GET /api/channels?userId=d2221d17-7460-4f2d-98b9-0192e1c0a821 using org.springframework.security.authorization.AuthenticatedAuthorizationManager@5d73ce5
26-06-04 11:23:38.845 [http-nio-8080-exec-1] [32mDEBUG[0;39m o.s.security.web.FilterChainProxy    [ |  | ] - Secured GET /api/readStatuses?userId=d2221d17-7460-4f2d-98b9-0192e1c0a821
26-06-04 11:23:38.845 [http-nio-8080-exec-2] [32mDEBUG[0;39m o.s.security.web.FilterChainProxy    [ |  | ] - Secured GET /api/users
26-06-04 11:23:38.845 [http-nio-8080-exec-10] [32mDEBUG[0;39m o.s.security.web.FilterChainProxy    [ |  | ] - Secured GET /api/channels?userId=d2221d17-7460-4f2d-98b9-0192e1c0a821
26-06-04 11:23:38.845 [http-nio-8080-exec-3] [32mDEBUG[0;39m c.s.m.d.config.MDCLoggingInterceptor [3efe91e6e9cb408ba3b0f60d7247b039 | GET | /api/notifications] - Request started
26-06-04 11:23:38.845 [http-nio-8080-exec-1] [32mDEBUG[0;39m c.s.m.d.config.MDCLoggingInterceptor [1dee53ff4d5d43f08e93a5ac638ef8bf | GET | /api/readStatuses] - Request started
26-06-04 11:23:38.845 [http-nio-8080-exec-2] [32mDEBUG[0;39m c.s.m.d.config.MDCLoggingInterceptor [b45ad6611f0641cb88c4e670ac12bf8b | GET | /api/users] - Request started
26-06-04 11:23:38.845 [http-nio-8080-exec-10] [32mDEBUG[0;39m c.s.m.d.config.MDCLoggingInterceptor [38baab2618a24fe7b0565d758f22d341 | GET | /api/channels] - Request started
26-06-04 11:23:38.850 [http-nio-8080-exec-2] [32mDEBUG[0;39m c.s.m.d.s.basic.BasicUserService     [b45ad6611f0641cb88c4e670ac12bf8b | GET | /api/users] - 모든 사용자 조회 시작
26-06-04 11:23:38.854 [http-nio-8080-exec-3] [32mDEBUG[0;39m org.hibernate.SQL                    [3efe91e6e9cb408ba3b0f60d7247b039 | GET | /api/notifications] - 
    select
        u1_0.id,
        u1_0.created_at,
        u1_0.email,
        u1_0.password,
        u1_0.profile_id,
        u1_0.role,
        u1_0.updated_at,
        u1_0.username 
    from
        users u1_0 
    where
        u1_0.username=?
26-06-04 11:23:38.860 [http-nio-8080-exec-1] [32mINFO [0;39m c.s.m.d.c.ReadStatusController       [1dee53ff4d5d43f08e93a5ac638ef8bf | GET | /api/readStatuses] - 사용자별 읽음 상태 목록 조회 요청: userId=d2221d17-7460-4f2d-98b9-0192e1c0a821
26-06-04 11:23:38.861 [http-nio-8080-exec-10] [32mINFO [0;39m c.s.m.d.controller.ChannelController [38baab2618a24fe7b0565d758f22d341 | GET | /api/channels] - 사용자별 채널 목록 조회 요청: userId=d2221d17-7460-4f2d-98b9-0192e1c0a821
26-06-04 11:23:38.869 [http-nio-8080-exec-2] [32mDEBUG[0;39m org.hibernate.SQL                    [b45ad6611f0641cb88c4e670ac12bf8b | GET | /api/users] - 
    select
        u1_0.id,
        u1_0.created_at,
        u1_0.email,
        u1_0.password,
        u1_0.profile_id,
        u1_0.role,
        u1_0.updated_at,
        u1_0.username 
    from
        users u1_0
26-06-04 11:23:38.871 [http-nio-8080-exec-10] [32mDEBUG[0;39m org.hibernate.SQL                    [38baab2618a24fe7b0565d758f22d341 | GET | /api/channels] - 
    select
        rs1_0.id,
        rs1_0.channel_id,
        rs1_0.created_at,
        rs1_0.last_read_at,
        rs1_0.notification_enabled,
        rs1_0.updated_at,
        rs1_0.user_id 
    from
        read_statuses rs1_0 
    where
        rs1_0.user_id=?
26-06-04 11:23:38.871 [http-nio-8080-exec-10] [32mTRACE[0;39m org.hibernate.orm.jdbc.bind          [38baab2618a24fe7b0565d758f22d341 | GET | /api/channels] - binding parameter (1:UUID) <- [d2221d17-7460-4f2d-98b9-0192e1c0a821]
26-06-04 11:23:38.881 [http-nio-8080-exec-2] [32mTRACE[0;39m o.s.s.w.h.writers.HstsHeaderWriter   [b45ad6611f0641cb88c4e670ac12bf8b | GET | /api/users] - Not injecting HSTS header since it did not match request to [Is Secure]
26-06-04 11:23:38.882 [http-nio-8080-exec-2] [32mDEBUG[0;39m c.s.m.d.config.MDCLoggingInterceptor [b45ad6611f0641cb88c4e670ac12bf8b | GET | /api/users] - Request completed
26-06-04 11:23:38.887 [http-nio-8080-exec-5] [32mTRACE[0;39m o.s.security.web.FilterChainProxy    [ |  | ] - Trying to match request against DefaultSecurityFilterChain defined as 'filterChain' in [class path resource [com/sprint/mission/discodeit/config/SecurityConfig.class]] matching [any request] and having filters [DisableEncodeUrl, WebAsyncManagerIntegration, SecurityContextHolder, HeaderWriter, Csrf, Logout, JwtAuthentication, UsernamePasswordAuthentication, RequestCacheAware, SecurityContextHolderAwareRequest, RememberMeAuthentication, AnonymousAuthentication, SessionManagement, ExceptionTranslation, Authorization] (1/1)
26-06-04 11:23:38.887 [http-nio-8080-exec-5] [32mDEBUG[0;39m o.s.security.web.FilterChainProxy    [ |  | ] - Securing GET /api/users
26-06-04 11:23:38.887 [http-nio-8080-exec-5] [32mTRACE[0;39m o.s.security.web.FilterChainProxy    [ |  | ] - Invoking DisableEncodeUrlFilter (1/15)
26-06-04 11:23:38.887 [http-nio-8080-exec-5] [32mTRACE[0;39m o.s.security.web.FilterChainProxy    [ |  | ] - Invoking WebAsyncManagerIntegrationFilter (2/15)
26-06-04 11:23:38.887 [http-nio-8080-exec-5] [32mTRACE[0;39m o.s.security.web.FilterChainProxy    [ |  | ] - Invoking SecurityContextHolderFilter (3/15)
26-06-04 11:23:38.887 [http-nio-8080-exec-5] [32mTRACE[0;39m o.s.security.web.FilterChainProxy    [ |  | ] - Invoking HeaderWriterFilter (4/15)
26-06-04 11:23:38.887 [http-nio-8080-exec-5] [32mTRACE[0;39m o.s.security.web.FilterChainProxy    [ |  | ] - Invoking CsrfFilter (5/15)
26-06-04 11:23:38.887 [http-nio-8080-exec-5] [32mTRACE[0;39m o.s.security.web.csrf.CsrfFilter     [ |  | ] - Did not protect against CSRF since request did not match CsrfNotRequired [TRACE, HEAD, GET, OPTIONS]
26-06-04 11:23:38.888 [http-nio-8080-exec-5] [32mTRACE[0;39m o.s.security.web.FilterChainProxy    [ |  | ] - Invoking LogoutFilter (6/15)
26-06-04 11:23:38.888 [http-nio-8080-exec-5] [32mTRACE[0;39m o.s.s.w.a.logout.LogoutFilter        [ |  | ] - Did not match request to Ant [pattern='/api/auth/logout', POST]
26-06-04 11:23:38.888 [http-nio-8080-exec-1] [32mDEBUG[0;39m c.s.m.d.s.b.BasicReadStatusService   [1dee53ff4d5d43f08e93a5ac638ef8bf | GET | /api/readStatuses] - 사용자별 읽음 상태 목록 조회 시작: userId=d2221d17-7460-4f2d-98b9-0192e1c0a821
26-06-04 11:23:38.888 [http-nio-8080-exec-3] [32mTRACE[0;39m org.hibernate.orm.jdbc.bind          [3efe91e6e9cb408ba3b0f60d7247b039 | GET | /api/notifications] - binding parameter (1:VARCHAR) <- [user1]
26-06-04 11:23:38.888 [http-nio-8080-exec-5] [32mTRACE[0;39m o.s.security.web.FilterChainProxy    [ |  | ] - Invoking JwtAuthenticationFilter (7/15)
26-06-04 11:23:38.890 [http-nio-8080-exec-1] [32mDEBUG[0;39m org.hibernate.SQL                    [1dee53ff4d5d43f08e93a5ac638ef8bf | GET | /api/readStatuses] - 
    select
        rs1_0.id,
        rs1_0.channel_id,
        rs1_0.created_at,
        rs1_0.last_read_at,
        rs1_0.notification_enabled,
        rs1_0.updated_at,
        rs1_0.user_id 
    from
        read_statuses rs1_0 
    where
        rs1_0.user_id=?
26-06-04 11:23:38.890 [http-nio-8080-exec-1] [32mTRACE[0;39m org.hibernate.orm.jdbc.bind          [1dee53ff4d5d43f08e93a5ac638ef8bf | GET | /api/readStatuses] - binding parameter (1:UUID) <- [d2221d17-7460-4f2d-98b9-0192e1c0a821]
26-06-04 11:23:38.890 [http-nio-8080-exec-5] [32mTRACE[0;39m o.s.s.w.c.SupplierDeferredSecurityContext [ |  | ] - Created SecurityContextImpl [Null authentication]
26-06-04 11:23:38.890 [http-nio-8080-exec-5] [32mDEBUG[0;39m c.s.m.d.s.f.JwtAuthenticationFilter  [ |  | ] - Security Context에 'user1' 인증 정보를 저장했습니다.
26-06-04 11:23:38.890 [http-nio-8080-exec-5] [32mTRACE[0;39m o.s.security.web.FilterChainProxy    [ |  | ] - Invoking UsernamePasswordAuthenticationFilter (8/15)
26-06-04 11:23:38.890 [http-nio-8080-exec-5] [32mTRACE[0;39m o.s.s.w.a.UsernamePasswordAuthenticationFilter [ |  | ] - Did not match request to Ant [pattern='/api/auth/login', POST]
26-06-04 11:23:38.890 [http-nio-8080-exec-5] [32mTRACE[0;39m o.s.security.web.FilterChainProxy    [ |  | ] - Invoking RequestCacheAwareFilter (9/15)
26-06-04 11:23:38.890 [http-nio-8080-exec-5] [32mTRACE[0;39m o.s.security.web.FilterChainProxy    [ |  | ] - Invoking SecurityContextHolderAwareRequestFilter (10/15)
26-06-04 11:23:38.891 [http-nio-8080-exec-5] [32mTRACE[0;39m o.s.security.web.FilterChainProxy    [ |  | ] - Invoking RememberMeAuthenticationFilter (11/15)
26-06-04 11:23:38.891 [http-nio-8080-exec-5] [32mDEBUG[0;39m o.s.s.w.a.r.RememberMeAuthenticationFilter [ |  | ] - SecurityContextHolder not populated with remember-me token, as it already contained: 'UsernamePasswordAuthenticationToken [Principal=org.springframework.security.core.userdetails.User [Username=user1, Password=[PROTECTED], Enabled=true, AccountNonExpired=true, CredentialsNonExpired=true, AccountNonLocked=true, Granted Authorities=[ROLE_USER]], Credentials=[PROTECTED], Authenticated=true, Details=null, Granted Authorities=[ROLE_USER]]'
26-06-04 11:23:38.891 [http-nio-8080-exec-5] [32mTRACE[0;39m o.s.security.web.FilterChainProxy    [ |  | ] - Invoking AnonymousAuthenticationFilter (12/15)
26-06-04 11:23:38.891 [http-nio-8080-exec-5] [32mTRACE[0;39m o.s.security.web.FilterChainProxy    [ |  | ] - Invoking SessionManagementFilter (13/15)
26-06-04 11:23:38.891 [http-nio-8080-exec-5] [32mTRACE[0;39m o.s.s.w.a.AnonymousAuthenticationFilter [ |  | ] - Did not set SecurityContextHolder since already authenticated UsernamePasswordAuthenticationToken [Principal=org.springframework.security.core.userdetails.User [Username=user1, Password=[PROTECTED], Enabled=true, AccountNonExpired=true, CredentialsNonExpired=true, AccountNonLocked=true, Granted Authorities=[ROLE_USER]], Credentials=[PROTECTED], Authenticated=true, Details=null, Granted Authorities=[ROLE_USER]]
26-06-04 11:23:38.891 [http-nio-8080-exec-5] [32mTRACE[0;39m o.s.s.w.a.s.CompositeSessionAuthenticationStrategy [ |  | ] - Preparing session with ChangeSessionIdAuthenticationStrategy (1/2)
26-06-04 11:23:38.891 [http-nio-8080-exec-5] [32mTRACE[0;39m o.s.s.w.a.s.CompositeSessionAuthenticationStrategy [ |  | ] - Preparing session with CsrfAuthenticationStrategy (2/2)
26-06-04 11:23:38.891 [http-nio-8080-exec-5] [32mDEBUG[0;39m o.s.s.w.c.CsrfAuthenticationStrategy [ |  | ] - Replaced CSRF Token
26-06-04 11:23:38.891 [http-nio-8080-exec-5] [32mTRACE[0;39m o.s.security.web.FilterChainProxy    [ |  | ] - Invoking ExceptionTranslationFilter (14/15)
26-06-04 11:23:38.891 [http-nio-8080-exec-5] [32mTRACE[0;39m o.s.security.web.FilterChainProxy    [ |  | ] - Invoking AuthorizationFilter (15/15)
26-06-04 11:23:38.892 [http-nio-8080-exec-5] [32mTRACE[0;39m o.s.s.w.a.i.RequestMatcherDelegatingAuthorizationManager [ |  | ] - Authorizing GET /api/users
26-06-04 11:23:38.892 [http-nio-8080-exec-5] [32mTRACE[0;39m o.s.s.w.a.i.RequestMatcherDelegatingAuthorizationManager [ |  | ] - Checking authorization on GET /api/users using org.springframework.security.authorization.AuthenticatedAuthorizationManager@5d73ce5
26-06-04 11:23:38.892 [http-nio-8080-exec-5] [32mDEBUG[0;39m o.s.security.web.FilterChainProxy    [ |  | ] - Secured GET /api/users
26-06-04 11:23:38.893 [http-nio-8080-exec-5] [32mDEBUG[0;39m c.s.m.d.config.MDCLoggingInterceptor [680d33bbc27d4fe4bb62331212142d74 | GET | /api/users] - Request started
26-06-04 11:23:38.893 [http-nio-8080-exec-5] [32mDEBUG[0;39m c.s.m.d.s.basic.BasicUserService     [680d33bbc27d4fe4bb62331212142d74 | GET | /api/users] - 모든 사용자 조회 시작
26-06-04 11:23:38.894 [http-nio-8080-exec-5] [32mDEBUG[0;39m org.hibernate.SQL                    [680d33bbc27d4fe4bb62331212142d74 | GET | /api/users] - 
    select
        u1_0.id,
        u1_0.created_at,
        u1_0.email,
        u1_0.password,
        u1_0.profile_id,
        u1_0.role,
        u1_0.updated_at,
        u1_0.username 
    from
        users u1_0
26-06-04 11:23:38.894 [http-nio-8080-exec-3] [32mINFO [0;39m c.s.m.d.c.NotificationController     [3efe91e6e9cb408ba3b0f60d7247b039 | GET | /api/notifications] - 알림 조회 요청 수신: 사용자 ID=f4f7fd84-ff30-49c8-b3c5-1d3bb69513f3
26-06-04 11:23:38.895 [http-nio-8080-exec-3] [32mDEBUG[0;39m c.s.m.d.s.b.BasicNotificationService [3efe91e6e9cb408ba3b0f60d7247b039 | GET | /api/notifications] - 알림 API 조회 시작: receiverId=f4f7fd84-ff30-49c8-b3c5-1d3bb69513f3
26-06-04 11:23:38.897 [http-nio-8080-exec-5] [32mTRACE[0;39m o.s.s.w.h.writers.HstsHeaderWriter   [680d33bbc27d4fe4bb62331212142d74 | GET | /api/users] - Not injecting HSTS header since it did not match request to [Is Secure]
26-06-04 11:23:38.898 [http-nio-8080-exec-5] [32mDEBUG[0;39m c.s.m.d.config.MDCLoggingInterceptor [680d33bbc27d4fe4bb62331212142d74 | GET | /api/users] - Request completed
26-06-04 11:23:38.902 [http-nio-8080-exec-4] [32mTRACE[0;39m o.s.security.web.FilterChainProxy    [ |  | ] - Trying to match request against DefaultSecurityFilterChain defined as 'filterChain' in [class path resource [com/sprint/mission/discodeit/config/SecurityConfig.class]] matching [any request] and having filters [DisableEncodeUrl, WebAsyncManagerIntegration, SecurityContextHolder, HeaderWriter, Csrf, Logout, JwtAuthentication, UsernamePasswordAuthentication, RequestCacheAware, SecurityContextHolderAwareRequest, RememberMeAuthentication, AnonymousAuthentication, SessionManagement, ExceptionTranslation, Authorization] (1/1)
26-06-04 11:23:38.903 [http-nio-8080-exec-4] [32mDEBUG[0;39m o.s.security.web.FilterChainProxy    [ |  | ] - Securing GET /api/users
26-06-04 11:23:38.903 [http-nio-8080-exec-4] [32mTRACE[0;39m o.s.security.web.FilterChainProxy    [ |  | ] - Invoking DisableEncodeUrlFilter (1/15)
26-06-04 11:23:38.903 [http-nio-8080-exec-4] [32mTRACE[0;39m o.s.security.web.FilterChainProxy    [ |  | ] - Invoking WebAsyncManagerIntegrationFilter (2/15)
26-06-04 11:23:38.903 [http-nio-8080-exec-4] [32mTRACE[0;39m o.s.security.web.FilterChainProxy    [ |  | ] - Invoking SecurityContextHolderFilter (3/15)
26-06-04 11:23:38.903 [http-nio-8080-exec-4] [32mTRACE[0;39m o.s.security.web.FilterChainProxy    [ |  | ] - Invoking HeaderWriterFilter (4/15)
26-06-04 11:23:38.903 [http-nio-8080-exec-4] [32mTRACE[0;39m o.s.security.web.FilterChainProxy    [ |  | ] - Invoking CsrfFilter (5/15)
26-06-04 11:23:38.903 [http-nio-8080-exec-4] [32mTRACE[0;39m o.s.security.web.csrf.CsrfFilter     [ |  | ] - Did not protect against CSRF since request did not match CsrfNotRequired [TRACE, HEAD, GET, OPTIONS]
26-06-04 11:23:38.903 [http-nio-8080-exec-4] [32mTRACE[0;39m o.s.security.web.FilterChainProxy    [ |  | ] - Invoking LogoutFilter (6/15)
26-06-04 11:23:38.903 [http-nio-8080-exec-4] [32mTRACE[0;39m o.s.s.w.a.logout.LogoutFilter        [ |  | ] - Did not match request to Ant [pattern='/api/auth/logout', POST]
26-06-04 11:23:38.903 [http-nio-8080-exec-4] [32mTRACE[0;39m o.s.security.web.FilterChainProxy    [ |  | ] - Invoking JwtAuthenticationFilter (7/15)
26-06-04 11:23:38.905 [http-nio-8080-exec-4] [32mTRACE[0;39m o.s.s.w.c.SupplierDeferredSecurityContext [ |  | ] - Created SecurityContextImpl [Null authentication]
26-06-04 11:23:38.905 [http-nio-8080-exec-4] [32mDEBUG[0;39m c.s.m.d.s.f.JwtAuthenticationFilter  [ |  | ] - Security Context에 'user1' 인증 정보를 저장했습니다.
26-06-04 11:23:38.905 [http-nio-8080-exec-4] [32mTRACE[0;39m o.s.security.web.FilterChainProxy    [ |  | ] - Invoking UsernamePasswordAuthenticationFilter (8/15)
26-06-04 11:23:38.905 [http-nio-8080-exec-4] [32mTRACE[0;39m o.s.s.w.a.UsernamePasswordAuthenticationFilter [ |  | ] - Did not match request to Ant [pattern='/api/auth/login', POST]
26-06-04 11:23:38.905 [http-nio-8080-exec-4] [32mTRACE[0;39m o.s.security.web.FilterChainProxy    [ |  | ] - Invoking RequestCacheAwareFilter (9/15)
26-06-04 11:23:38.905 [http-nio-8080-exec-4] [32mTRACE[0;39m o.s.security.web.FilterChainProxy    [ |  | ] - Invoking SecurityContextHolderAwareRequestFilter (10/15)
26-06-04 11:23:38.905 [http-nio-8080-exec-4] [32mTRACE[0;39m o.s.security.web.FilterChainProxy    [ |  | ] - Invoking RememberMeAuthenticationFilter (11/15)
26-06-04 11:23:38.905 [http-nio-8080-exec-4] [32mDEBUG[0;39m o.s.s.w.a.r.RememberMeAuthenticationFilter [ |  | ] - SecurityContextHolder not populated with remember-me token, as it already contained: 'UsernamePasswordAuthenticationToken [Principal=org.springframework.security.core.userdetails.User [Username=user1, Password=[PROTECTED], Enabled=true, AccountNonExpired=true, CredentialsNonExpired=true, AccountNonLocked=true, Granted Authorities=[ROLE_USER]], Credentials=[PROTECTED], Authenticated=true, Details=null, Granted Authorities=[ROLE_USER]]'
26-06-04 11:23:38.905 [http-nio-8080-exec-4] [32mTRACE[0;39m o.s.security.web.FilterChainProxy    [ |  | ] - Invoking AnonymousAuthenticationFilter (12/15)
26-06-04 11:23:38.905 [http-nio-8080-exec-4] [32mTRACE[0;39m o.s.security.web.FilterChainProxy    [ |  | ] - Invoking SessionManagementFilter (13/15)
26-06-04 11:23:38.905 [http-nio-8080-exec-4] [32mTRACE[0;39m o.s.s.w.a.AnonymousAuthenticationFilter [ |  | ] - Did not set SecurityContextHolder since already authenticated UsernamePasswordAuthenticationToken [Principal=org.springframework.security.core.userdetails.User [Username=user1, Password=[PROTECTED], Enabled=true, AccountNonExpired=true, CredentialsNonExpired=true, AccountNonLocked=true, Granted Authorities=[ROLE_USER]], Credentials=[PROTECTED], Authenticated=true, Details=null, Granted Authorities=[ROLE_USER]]
26-06-04 11:23:38.905 [http-nio-8080-exec-4] [32mTRACE[0;39m o.s.s.w.a.s.CompositeSessionAuthenticationStrategy [ |  | ] - Preparing session with ChangeSessionIdAuthenticationStrategy (1/2)
26-06-04 11:23:38.905 [http-nio-8080-exec-4] [32mTRACE[0;39m o.s.s.w.a.s.CompositeSessionAuthenticationStrategy [ |  | ] - Preparing session with CsrfAuthenticationStrategy (2/2)
26-06-04 11:23:38.905 [http-nio-8080-exec-4] [32mDEBUG[0;39m o.s.s.w.c.CsrfAuthenticationStrategy [ |  | ] - Replaced CSRF Token
26-06-04 11:23:38.906 [http-nio-8080-exec-4] [32mTRACE[0;39m o.s.security.web.FilterChainProxy    [ |  | ] - Invoking ExceptionTranslationFilter (14/15)
26-06-04 11:23:38.906 [http-nio-8080-exec-4] [32mTRACE[0;39m o.s.security.web.FilterChainProxy    [ |  | ] - Invoking AuthorizationFilter (15/15)
26-06-04 11:23:38.906 [http-nio-8080-exec-4] [32mTRACE[0;39m o.s.s.w.a.i.RequestMatcherDelegatingAuthorizationManager [ |  | ] - Authorizing GET /api/users
26-06-04 11:23:38.906 [http-nio-8080-exec-4] [32mTRACE[0;39m o.s.s.w.a.i.RequestMatcherDelegatingAuthorizationManager [ |  | ] - Checking authorization on GET /api/users using org.springframework.security.authorization.AuthenticatedAuthorizationManager@5d73ce5
26-06-04 11:23:38.906 [http-nio-8080-exec-4] [32mDEBUG[0;39m o.s.security.web.FilterChainProxy    [ |  | ] - Secured GET /api/users
26-06-04 11:23:38.906 [http-nio-8080-exec-3] [32mDEBUG[0;39m org.hibernate.SQL                    [3efe91e6e9cb408ba3b0f60d7247b039 | GET | /api/notifications] - 
    select
        n1_0.id,
        n1_0.content,
        n1_0.created_at,
        n1_0.receiver_id,
        n1_0.title 
    from
        notifications n1_0 
    where
        n1_0.receiver_id=? 
    order by
        n1_0.created_at desc
26-06-04 11:23:38.906 [http-nio-8080-exec-4] [32mDEBUG[0;39m c.s.m.d.config.MDCLoggingInterceptor [1e68e54516204f46923f7263b7b7facc | GET | /api/users] - Request started
26-06-04 11:23:38.906 [http-nio-8080-exec-3] [32mTRACE[0;39m org.hibernate.orm.jdbc.bind          [3efe91e6e9cb408ba3b0f60d7247b039 | GET | /api/notifications] - binding parameter (1:UUID) <- [f4f7fd84-ff30-49c8-b3c5-1d3bb69513f3]
26-06-04 11:23:38.906 [http-nio-8080-exec-4] [32mDEBUG[0;39m c.s.m.d.s.basic.BasicUserService     [1e68e54516204f46923f7263b7b7facc | GET | /api/users] - 모든 사용자 조회 시작
26-06-04 11:23:38.907 [http-nio-8080-exec-4] [32mDEBUG[0;39m org.hibernate.SQL                    [1e68e54516204f46923f7263b7b7facc | GET | /api/users] - 
    select
        u1_0.id,
        u1_0.created_at,
        u1_0.email,
        u1_0.password,
        u1_0.profile_id,
        u1_0.role,
        u1_0.updated_at,
        u1_0.username 
    from
        users u1_0
26-06-04 11:23:38.909 [http-nio-8080-exec-1] [32mINFO [0;39m c.s.m.d.s.b.BasicReadStatusService   [1dee53ff4d5d43f08e93a5ac638ef8bf | GET | /api/readStatuses] - 사용자별 읽음 상태 목록 조회 완료: userId=d2221d17-7460-4f2d-98b9-0192e1c0a821, 조회된 항목 수=0
26-06-04 11:23:38.910 [http-nio-8080-exec-1] [32mDEBUG[0;39m c.s.m.d.c.ReadStatusController       [1dee53ff4d5d43f08e93a5ac638ef8bf | GET | /api/readStatuses] - 사용자별 읽음 상태 목록 조회 응답: count=0
26-06-04 11:23:38.912 [http-nio-8080-exec-4] [32mTRACE[0;39m o.s.s.w.h.writers.HstsHeaderWriter   [1e68e54516204f46923f7263b7b7facc | GET | /api/users] - Not injecting HSTS header since it did not match request to [Is Secure]
26-06-04 11:23:38.912 [http-nio-8080-exec-4] [32mDEBUG[0;39m c.s.m.d.config.MDCLoggingInterceptor [1e68e54516204f46923f7263b7b7facc | GET | /api/users] - Request completed
26-06-04 11:23:38.914 [http-nio-8080-exec-10] [32mDEBUG[0;39m org.hibernate.SQL                    [38baab2618a24fe7b0565d758f22d341 | GET | /api/channels] - 
    select
        c1_0.id,
        c1_0.created_at,
        c1_0.description,
        c1_0.name,
        c1_0.type,
        c1_0.updated_at 
    from
        channels c1_0 
    where
        c1_0.type=? 
        or c1_0.id in (?)
26-06-04 11:23:38.914 [http-nio-8080-exec-10] [32mTRACE[0;39m org.hibernate.orm.jdbc.bind          [38baab2618a24fe7b0565d758f22d341 | GET | /api/channels] - binding parameter (1:VARCHAR) <- [PUBLIC]
26-06-04 11:23:38.914 [http-nio-8080-exec-10] [32mTRACE[0;39m org.hibernate.orm.jdbc.bind          [38baab2618a24fe7b0565d758f22d341 | GET | /api/channels] - binding parameter (2:UUID) <- [null]
26-06-04 11:23:38.915 [http-nio-8080-exec-1] [32mTRACE[0;39m o.s.s.w.h.writers.HstsHeaderWriter   [1dee53ff4d5d43f08e93a5ac638ef8bf | GET | /api/readStatuses] - Not injecting HSTS header since it did not match request to [Is Secure]
26-06-04 11:23:38.915 [http-nio-8080-exec-3] [32mTRACE[0;39m o.s.s.w.h.writers.HstsHeaderWriter   [3efe91e6e9cb408ba3b0f60d7247b039 | GET | /api/notifications] - Not injecting HSTS header since it did not match request to [Is Secure]
26-06-04 11:23:38.916 [http-nio-8080-exec-1] [32mDEBUG[0;39m c.s.m.d.config.MDCLoggingInterceptor [1dee53ff4d5d43f08e93a5ac638ef8bf | GET | /api/readStatuses] - Request completed
26-06-04 11:23:38.916 [http-nio-8080-exec-3] [32mDEBUG[0;39m c.s.m.d.config.MDCLoggingInterceptor [3efe91e6e9cb408ba3b0f60d7247b039 | GET | /api/notifications] - Request completed
26-06-04 11:23:38.923 [http-nio-8080-exec-10] [32mDEBUG[0;39m org.hibernate.SQL                    [38baab2618a24fe7b0565d758f22d341 | GET | /api/channels] - 
    select
        m1_0.created_at 
    from
        messages m1_0 
    where
        m1_0.channel_id=? 
    order by
        m1_0.created_at desc 
    fetch
        first 1 rows only
26-06-04 11:23:38.923 [http-nio-8080-exec-10] [32mTRACE[0;39m org.hibernate.orm.jdbc.bind          [38baab2618a24fe7b0565d758f22d341 | GET | /api/channels] - binding parameter (1:UUID) <- [ba45765e-0f83-4f0b-b02f-1ed2f2e44a3e]
26-06-04 11:23:38.926 [http-nio-8080-exec-10] [32mDEBUG[0;39m c.s.m.d.controller.ChannelController [38baab2618a24fe7b0565d758f22d341 | GET | /api/channels] - 사용자별 채널 목록 조회 응답: count=1
26-06-04 11:23:38.927 [http-nio-8080-exec-10] [32mTRACE[0;39m o.s.s.w.h.writers.HstsHeaderWriter   [38baab2618a24fe7b0565d758f22d341 | GET | /api/channels] - Not injecting HSTS header since it did not match request to [Is Secure]
26-06-04 11:23:38.927 [http-nio-8080-exec-10] [32mDEBUG[0;39m c.s.m.d.config.MDCLoggingInterceptor [38baab2618a24fe7b0565d758f22d341 | GET | /api/channels] - Request completed
26-06-04 11:23:38.935 [http-nio-8080-exec-6] [32mTRACE[0;39m o.s.security.web.FilterChainProxy    [ |  | ] - Trying to match request against DefaultSecurityFilterChain defined as 'filterChain' in [class path resource [com/sprint/mission/discodeit/config/SecurityConfig.class]] matching [any request] and having filters [DisableEncodeUrl, WebAsyncManagerIntegration, SecurityContextHolder, HeaderWriter, Csrf, Logout, JwtAuthentication, UsernamePasswordAuthentication, RequestCacheAware, SecurityContextHolderAwareRequest, RememberMeAuthentication, AnonymousAuthentication, SessionManagement, ExceptionTranslation, Authorization] (1/1)
26-06-04 11:23:38.935 [http-nio-8080-exec-6] [32mDEBUG[0;39m o.s.security.web.FilterChainProxy    [ |  | ] - Securing GET /api/readStatuses?userId=d2221d17-7460-4f2d-98b9-0192e1c0a821
26-06-04 11:23:38.935 [http-nio-8080-exec-6] [32mTRACE[0;39m o.s.security.web.FilterChainProxy    [ |  | ] - Invoking DisableEncodeUrlFilter (1/15)
26-06-04 11:23:38.935 [http-nio-8080-exec-6] [32mTRACE[0;39m o.s.security.web.FilterChainProxy    [ |  | ] - Invoking WebAsyncManagerIntegrationFilter (2/15)
26-06-04 11:23:38.935 [http-nio-8080-exec-6] [32mTRACE[0;39m o.s.security.web.FilterChainProxy    [ |  | ] - Invoking SecurityContextHolderFilter (3/15)
26-06-04 11:23:38.936 [http-nio-8080-exec-6] [32mTRACE[0;39m o.s.security.web.FilterChainProxy    [ |  | ] - Invoking HeaderWriterFilter (4/15)
26-06-04 11:23:38.936 [http-nio-8080-exec-6] [32mTRACE[0;39m o.s.security.web.FilterChainProxy    [ |  | ] - Invoking CsrfFilter (5/15)
26-06-04 11:23:38.936 [http-nio-8080-exec-6] [32mTRACE[0;39m o.s.security.web.csrf.CsrfFilter     [ |  | ] - Did not protect against CSRF since request did not match CsrfNotRequired [TRACE, HEAD, GET, OPTIONS]
26-06-04 11:23:38.936 [http-nio-8080-exec-6] [32mTRACE[0;39m o.s.security.web.FilterChainProxy    [ |  | ] - Invoking LogoutFilter (6/15)
26-06-04 11:23:38.936 [http-nio-8080-exec-6] [32mTRACE[0;39m o.s.s.w.a.logout.LogoutFilter        [ |  | ] - Did not match request to Ant [pattern='/api/auth/logout', POST]
26-06-04 11:23:38.936 [http-nio-8080-exec-6] [32mTRACE[0;39m o.s.security.web.FilterChainProxy    [ |  | ] - Invoking JwtAuthenticationFilter (7/15)
26-06-04 11:23:38.937 [http-nio-8080-exec-6] [32mTRACE[0;39m o.s.s.w.c.SupplierDeferredSecurityContext [ |  | ] - Created SecurityContextImpl [Null authentication]
26-06-04 11:23:38.937 [http-nio-8080-exec-6] [32mDEBUG[0;39m c.s.m.d.s.f.JwtAuthenticationFilter  [ |  | ] - Security Context에 'user1' 인증 정보를 저장했습니다.
26-06-04 11:23:38.937 [http-nio-8080-exec-6] [32mTRACE[0;39m o.s.security.web.FilterChainProxy    [ |  | ] - Invoking UsernamePasswordAuthenticationFilter (8/15)
26-06-04 11:23:38.937 [http-nio-8080-exec-6] [32mTRACE[0;39m o.s.s.w.a.UsernamePasswordAuthenticationFilter [ |  | ] - Did not match request to Ant [pattern='/api/auth/login', POST]
26-06-04 11:23:38.937 [http-nio-8080-exec-6] [32mTRACE[0;39m o.s.security.web.FilterChainProxy    [ |  | ] - Invoking RequestCacheAwareFilter (9/15)
26-06-04 11:23:38.937 [http-nio-8080-exec-6] [32mTRACE[0;39m o.s.security.web.FilterChainProxy    [ |  | ] - Invoking SecurityContextHolderAwareRequestFilter (10/15)
26-06-04 11:23:38.937 [http-nio-8080-exec-6] [32mTRACE[0;39m o.s.security.web.FilterChainProxy    [ |  | ] - Invoking RememberMeAuthenticationFilter (11/15)
26-06-04 11:23:38.937 [http-nio-8080-exec-6] [32mDEBUG[0;39m o.s.s.w.a.r.RememberMeAuthenticationFilter [ |  | ] - SecurityContextHolder not populated with remember-me token, as it already contained: 'UsernamePasswordAuthenticationToken [Principal=org.springframework.security.core.userdetails.User [Username=user1, Password=[PROTECTED], Enabled=true, AccountNonExpired=true, CredentialsNonExpired=true, AccountNonLocked=true, Granted Authorities=[ROLE_USER]], Credentials=[PROTECTED], Authenticated=true, Details=null, Granted Authorities=[ROLE_USER]]'
26-06-04 11:23:38.937 [http-nio-8080-exec-6] [32mTRACE[0;39m o.s.security.web.FilterChainProxy    [ |  | ] - Invoking AnonymousAuthenticationFilter (12/15)
26-06-04 11:23:38.937 [http-nio-8080-exec-6] [32mTRACE[0;39m o.s.security.web.FilterChainProxy    [ |  | ] - Invoking SessionManagementFilter (13/15)
26-06-04 11:23:38.937 [http-nio-8080-exec-6] [32mTRACE[0;39m o.s.s.w.a.AnonymousAuthenticationFilter [ |  | ] - Did not set SecurityContextHolder since already authenticated UsernamePasswordAuthenticationToken [Principal=org.springframework.security.core.userdetails.User [Username=user1, Password=[PROTECTED], Enabled=true, AccountNonExpired=true, CredentialsNonExpired=true, AccountNonLocked=true, Granted Authorities=[ROLE_USER]], Credentials=[PROTECTED], Authenticated=true, Details=null, Granted Authorities=[ROLE_USER]]
26-06-04 11:23:38.937 [http-nio-8080-exec-6] [32mTRACE[0;39m o.s.s.w.a.s.CompositeSessionAuthenticationStrategy [ |  | ] - Preparing session with ChangeSessionIdAuthenticationStrategy (1/2)
26-06-04 11:23:38.937 [http-nio-8080-exec-6] [32mTRACE[0;39m o.s.s.w.a.s.CompositeSessionAuthenticationStrategy [ |  | ] - Preparing session with CsrfAuthenticationStrategy (2/2)
26-06-04 11:23:38.937 [http-nio-8080-exec-6] [32mDEBUG[0;39m o.s.s.w.c.CsrfAuthenticationStrategy [ |  | ] - Replaced CSRF Token
26-06-04 11:23:38.937 [http-nio-8080-exec-6] [32mTRACE[0;39m o.s.security.web.FilterChainProxy    [ |  | ] - Invoking ExceptionTranslationFilter (14/15)
26-06-04 11:23:38.937 [http-nio-8080-exec-6] [32mTRACE[0;39m o.s.security.web.FilterChainProxy    [ |  | ] - Invoking AuthorizationFilter (15/15)
26-06-04 11:23:38.937 [http-nio-8080-exec-6] [32mTRACE[0;39m o.s.s.w.a.i.RequestMatcherDelegatingAuthorizationManager [ |  | ] - Authorizing GET /api/readStatuses?userId=d2221d17-7460-4f2d-98b9-0192e1c0a821
26-06-04 11:23:38.937 [http-nio-8080-exec-6] [32mTRACE[0;39m o.s.s.w.a.i.RequestMatcherDelegatingAuthorizationManager [ |  | ] - Checking authorization on GET /api/readStatuses?userId=d2221d17-7460-4f2d-98b9-0192e1c0a821 using org.springframework.security.authorization.AuthenticatedAuthorizationManager@5d73ce5
26-06-04 11:23:38.938 [http-nio-8080-exec-6] [32mDEBUG[0;39m o.s.security.web.FilterChainProxy    [ |  | ] - Secured GET /api/readStatuses?userId=d2221d17-7460-4f2d-98b9-0192e1c0a821
26-06-04 11:23:38.938 [http-nio-8080-exec-6] [32mDEBUG[0;39m c.s.m.d.config.MDCLoggingInterceptor [2ef596bc705c4379b4a7843470acf997 | GET | /api/readStatuses] - Request started
26-06-04 11:23:38.938 [http-nio-8080-exec-6] [32mINFO [0;39m c.s.m.d.c.ReadStatusController       [2ef596bc705c4379b4a7843470acf997 | GET | /api/readStatuses] - 사용자별 읽음 상태 목록 조회 요청: userId=d2221d17-7460-4f2d-98b9-0192e1c0a821
26-06-04 11:23:38.938 [http-nio-8080-exec-6] [32mDEBUG[0;39m c.s.m.d.s.b.BasicReadStatusService   [2ef596bc705c4379b4a7843470acf997 | GET | /api/readStatuses] - 사용자별 읽음 상태 목록 조회 시작: userId=d2221d17-7460-4f2d-98b9-0192e1c0a821
26-06-04 11:23:38.939 [http-nio-8080-exec-6] [32mDEBUG[0;39m org.hibernate.SQL                    [2ef596bc705c4379b4a7843470acf997 | GET | /api/readStatuses] - 
    select
        rs1_0.id,
        rs1_0.channel_id,
        rs1_0.created_at,
        rs1_0.last_read_at,
        rs1_0.notification_enabled,
        rs1_0.updated_at,
        rs1_0.user_id 
    from
        read_statuses rs1_0 
    where
        rs1_0.user_id=?
26-06-04 11:23:38.939 [http-nio-8080-exec-6] [32mTRACE[0;39m org.hibernate.orm.jdbc.bind          [2ef596bc705c4379b4a7843470acf997 | GET | /api/readStatuses] - binding parameter (1:UUID) <- [d2221d17-7460-4f2d-98b9-0192e1c0a821]
26-06-04 11:23:38.947 [http-nio-8080-exec-6] [32mINFO [0;39m c.s.m.d.s.b.BasicReadStatusService   [2ef596bc705c4379b4a7843470acf997 | GET | /api/readStatuses] - 사용자별 읽음 상태 목록 조회 완료: userId=d2221d17-7460-4f2d-98b9-0192e1c0a821, 조회된 항목 수=0
26-06-04 11:23:38.947 [http-nio-8080-exec-6] [32mDEBUG[0;39m c.s.m.d.c.ReadStatusController       [2ef596bc705c4379b4a7843470acf997 | GET | /api/readStatuses] - 사용자별 읽음 상태 목록 조회 응답: count=0
26-06-04 11:23:38.948 [http-nio-8080-exec-6] [32mTRACE[0;39m o.s.s.w.h.writers.HstsHeaderWriter   [2ef596bc705c4379b4a7843470acf997 | GET | /api/readStatuses] - Not injecting HSTS header since it did not match request to [Is Secure]
26-06-04 11:23:38.948 [http-nio-8080-exec-6] [32mDEBUG[0;39m c.s.m.d.config.MDCLoggingInterceptor [2ef596bc705c4379b4a7843470acf997 | GET | /api/readStatuses] - Request completed
26-06-04 11:23:41.716 [http-nio-8080-exec-8] [32mTRACE[0;39m o.s.security.web.FilterChainProxy    [ |  | ] - Trying to match request against DefaultSecurityFilterChain defined as 'filterChain' in [class path resource [com/sprint/mission/discodeit/config/SecurityConfig.class]] matching [any request] and having filters [DisableEncodeUrl, WebAsyncManagerIntegration, SecurityContextHolder, HeaderWriter, Csrf, Logout, JwtAuthentication, UsernamePasswordAuthentication, RequestCacheAware, SecurityContextHolderAwareRequest, RememberMeAuthentication, AnonymousAuthentication, SessionManagement, ExceptionTranslation, Authorization] (1/1)
26-06-04 11:23:41.717 [http-nio-8080-exec-8] [32mDEBUG[0;39m o.s.security.web.FilterChainProxy    [ |  | ] - Securing GET /api/messages?channelId=ba45765e-0f83-4f0b-b02f-1ed2f2e44a3e&size=50&sort=createdAt,desc
26-06-04 11:23:41.717 [http-nio-8080-exec-8] [32mTRACE[0;39m o.s.security.web.FilterChainProxy    [ |  | ] - Invoking DisableEncodeUrlFilter (1/15)
26-06-04 11:23:41.717 [http-nio-8080-exec-8] [32mTRACE[0;39m o.s.security.web.FilterChainProxy    [ |  | ] - Invoking WebAsyncManagerIntegrationFilter (2/15)
26-06-04 11:23:41.716 [http-nio-8080-exec-7] [32mTRACE[0;39m o.s.security.web.FilterChainProxy    [ |  | ] - Trying to match request against DefaultSecurityFilterChain defined as 'filterChain' in [class path resource [com/sprint/mission/discodeit/config/SecurityConfig.class]] matching [any request] and having filters [DisableEncodeUrl, WebAsyncManagerIntegration, SecurityContextHolder, HeaderWriter, Csrf, Logout, JwtAuthentication, UsernamePasswordAuthentication, RequestCacheAware, SecurityContextHolderAwareRequest, RememberMeAuthentication, AnonymousAuthentication, SessionManagement, ExceptionTranslation, Authorization] (1/1)
26-06-04 11:23:41.717 [http-nio-8080-exec-8] [32mTRACE[0;39m o.s.security.web.FilterChainProxy    [ |  | ] - Invoking SecurityContextHolderFilter (3/15)
26-06-04 11:23:41.717 [http-nio-8080-exec-7] [32mDEBUG[0;39m o.s.security.web.FilterChainProxy    [ |  | ] - Securing POST /api/readStatuses
26-06-04 11:23:41.717 [http-nio-8080-exec-7] [32mTRACE[0;39m o.s.security.web.FilterChainProxy    [ |  | ] - Invoking DisableEncodeUrlFilter (1/15)
26-06-04 11:23:41.717 [http-nio-8080-exec-8] [32mTRACE[0;39m o.s.security.web.FilterChainProxy    [ |  | ] - Invoking HeaderWriterFilter (4/15)
26-06-04 11:23:41.718 [http-nio-8080-exec-7] [32mTRACE[0;39m o.s.security.web.FilterChainProxy    [ |  | ] - Invoking WebAsyncManagerIntegrationFilter (2/15)
26-06-04 11:23:41.718 [http-nio-8080-exec-8] [32mTRACE[0;39m o.s.security.web.FilterChainProxy    [ |  | ] - Invoking CsrfFilter (5/15)
26-06-04 11:23:41.718 [http-nio-8080-exec-7] [32mTRACE[0;39m o.s.security.web.FilterChainProxy    [ |  | ] - Invoking SecurityContextHolderFilter (3/15)
26-06-04 11:23:41.718 [http-nio-8080-exec-7] [32mTRACE[0;39m o.s.security.web.FilterChainProxy    [ |  | ] - Invoking HeaderWriterFilter (4/15)
26-06-04 11:23:41.718 [http-nio-8080-exec-7] [32mTRACE[0;39m o.s.security.web.FilterChainProxy    [ |  | ] - Invoking CsrfFilter (5/15)
26-06-04 11:23:41.719 [http-nio-8080-exec-8] [32mTRACE[0;39m o.s.security.web.csrf.CsrfFilter     [ |  | ] - Did not protect against CSRF since request did not match CsrfNotRequired [TRACE, HEAD, GET, OPTIONS]
26-06-04 11:23:41.719 [http-nio-8080-exec-8] [32mTRACE[0;39m o.s.security.web.FilterChainProxy    [ |  | ] - Invoking LogoutFilter (6/15)
26-06-04 11:23:41.719 [http-nio-8080-exec-8] [32mTRACE[0;39m o.s.s.w.a.logout.LogoutFilter        [ |  | ] - Did not match request to Ant [pattern='/api/auth/logout', POST]
26-06-04 11:23:41.719 [http-nio-8080-exec-8] [32mTRACE[0;39m o.s.security.web.FilterChainProxy    [ |  | ] - Invoking JwtAuthenticationFilter (7/15)
26-06-04 11:23:41.720 [http-nio-8080-exec-7] [32mTRACE[0;39m o.s.security.web.FilterChainProxy    [ |  | ] - Invoking LogoutFilter (6/15)
26-06-04 11:23:41.720 [http-nio-8080-exec-7] [32mTRACE[0;39m o.s.s.w.a.logout.LogoutFilter        [ |  | ] - Did not match request to Ant [pattern='/api/auth/logout', POST]
26-06-04 11:23:41.720 [http-nio-8080-exec-7] [32mTRACE[0;39m o.s.security.web.FilterChainProxy    [ |  | ] - Invoking JwtAuthenticationFilter (7/15)
26-06-04 11:23:41.722 [http-nio-8080-exec-7] [32mTRACE[0;39m o.s.s.w.c.SupplierDeferredSecurityContext [ |  | ] - Created SecurityContextImpl [Null authentication]
26-06-04 11:23:41.723 [http-nio-8080-exec-7] [32mDEBUG[0;39m c.s.m.d.s.f.JwtAuthenticationFilter  [ |  | ] - Security Context에 'user1' 인증 정보를 저장했습니다.
26-06-04 11:23:41.723 [http-nio-8080-exec-8] [32mTRACE[0;39m o.s.s.w.c.SupplierDeferredSecurityContext [ |  | ] - Created SecurityContextImpl [Null authentication]
26-06-04 11:23:41.723 [http-nio-8080-exec-8] [32mDEBUG[0;39m c.s.m.d.s.f.JwtAuthenticationFilter  [ |  | ] - Security Context에 'user1' 인증 정보를 저장했습니다.
26-06-04 11:23:41.723 [http-nio-8080-exec-7] [32mTRACE[0;39m o.s.security.web.FilterChainProxy    [ |  | ] - Invoking UsernamePasswordAuthenticationFilter (8/15)
26-06-04 11:23:41.723 [http-nio-8080-exec-8] [32mTRACE[0;39m o.s.security.web.FilterChainProxy    [ |  | ] - Invoking UsernamePasswordAuthenticationFilter (8/15)
26-06-04 11:23:41.723 [http-nio-8080-exec-8] [32mTRACE[0;39m o.s.s.w.a.UsernamePasswordAuthenticationFilter [ |  | ] - Did not match request to Ant [pattern='/api/auth/login', POST]
26-06-04 11:23:41.723 [http-nio-8080-exec-7] [32mTRACE[0;39m o.s.s.w.a.UsernamePasswordAuthenticationFilter [ |  | ] - Did not match request to Ant [pattern='/api/auth/login', POST]
26-06-04 11:23:41.723 [http-nio-8080-exec-8] [32mTRACE[0;39m o.s.security.web.FilterChainProxy    [ |  | ] - Invoking RequestCacheAwareFilter (9/15)
26-06-04 11:23:41.723 [http-nio-8080-exec-7] [32mTRACE[0;39m o.s.security.web.FilterChainProxy    [ |  | ] - Invoking RequestCacheAwareFilter (9/15)
26-06-04 11:23:41.723 [http-nio-8080-exec-8] [32mTRACE[0;39m o.s.security.web.FilterChainProxy    [ |  | ] - Invoking SecurityContextHolderAwareRequestFilter (10/15)
26-06-04 11:23:41.723 [http-nio-8080-exec-7] [32mTRACE[0;39m o.s.security.web.FilterChainProxy    [ |  | ] - Invoking SecurityContextHolderAwareRequestFilter (10/15)
26-06-04 11:23:41.723 [http-nio-8080-exec-8] [32mTRACE[0;39m o.s.security.web.FilterChainProxy    [ |  | ] - Invoking RememberMeAuthenticationFilter (11/15)
26-06-04 11:23:41.723 [http-nio-8080-exec-7] [32mTRACE[0;39m o.s.security.web.FilterChainProxy    [ |  | ] - Invoking RememberMeAuthenticationFilter (11/15)
26-06-04 11:23:41.723 [http-nio-8080-exec-7] [32mDEBUG[0;39m o.s.s.w.a.r.RememberMeAuthenticationFilter [ |  | ] - SecurityContextHolder not populated with remember-me token, as it already contained: 'UsernamePasswordAuthenticationToken [Principal=org.springframework.security.core.userdetails.User [Username=user1, Password=[PROTECTED], Enabled=true, AccountNonExpired=true, CredentialsNonExpired=true, AccountNonLocked=true, Granted Authorities=[ROLE_USER]], Credentials=[PROTECTED], Authenticated=true, Details=null, Granted Authorities=[ROLE_USER]]'
26-06-04 11:23:41.723 [http-nio-8080-exec-8] [32mDEBUG[0;39m o.s.s.w.a.r.RememberMeAuthenticationFilter [ |  | ] - SecurityContextHolder not populated with remember-me token, as it already contained: 'UsernamePasswordAuthenticationToken [Principal=org.springframework.security.core.userdetails.User [Username=user1, Password=[PROTECTED], Enabled=true, AccountNonExpired=true, CredentialsNonExpired=true, AccountNonLocked=true, Granted Authorities=[ROLE_USER]], Credentials=[PROTECTED], Authenticated=true, Details=null, Granted Authorities=[ROLE_USER]]'
26-06-04 11:23:41.723 [http-nio-8080-exec-7] [32mTRACE[0;39m o.s.security.web.FilterChainProxy    [ |  | ] - Invoking AnonymousAuthenticationFilter (12/15)
26-06-04 11:23:41.723 [http-nio-8080-exec-8] [32mTRACE[0;39m o.s.security.web.FilterChainProxy    [ |  | ] - Invoking AnonymousAuthenticationFilter (12/15)
26-06-04 11:23:41.723 [http-nio-8080-exec-7] [32mTRACE[0;39m o.s.security.web.FilterChainProxy    [ |  | ] - Invoking SessionManagementFilter (13/15)
26-06-04 11:23:41.723 [http-nio-8080-exec-8] [32mTRACE[0;39m o.s.security.web.FilterChainProxy    [ |  | ] - Invoking SessionManagementFilter (13/15)
26-06-04 11:23:41.723 [http-nio-8080-exec-7] [32mTRACE[0;39m o.s.s.w.a.AnonymousAuthenticationFilter [ |  | ] - Did not set SecurityContextHolder since already authenticated UsernamePasswordAuthenticationToken [Principal=org.springframework.security.core.userdetails.User [Username=user1, Password=[PROTECTED], Enabled=true, AccountNonExpired=true, CredentialsNonExpired=true, AccountNonLocked=true, Granted Authorities=[ROLE_USER]], Credentials=[PROTECTED], Authenticated=true, Details=null, Granted Authorities=[ROLE_USER]]
26-06-04 11:23:41.723 [http-nio-8080-exec-8] [32mTRACE[0;39m o.s.s.w.a.AnonymousAuthenticationFilter [ |  | ] - Did not set SecurityContextHolder since already authenticated UsernamePasswordAuthenticationToken [Principal=org.springframework.security.core.userdetails.User [Username=user1, Password=[PROTECTED], Enabled=true, AccountNonExpired=true, CredentialsNonExpired=true, AccountNonLocked=true, Granted Authorities=[ROLE_USER]], Credentials=[PROTECTED], Authenticated=true, Details=null, Granted Authorities=[ROLE_USER]]
26-06-04 11:23:41.724 [http-nio-8080-exec-7] [32mTRACE[0;39m o.s.s.w.a.s.CompositeSessionAuthenticationStrategy [ |  | ] - Preparing session with ChangeSessionIdAuthenticationStrategy (1/2)
26-06-04 11:23:41.724 [http-nio-8080-exec-8] [32mTRACE[0;39m o.s.s.w.a.s.CompositeSessionAuthenticationStrategy [ |  | ] - Preparing session with ChangeSessionIdAuthenticationStrategy (1/2)
26-06-04 11:23:41.724 [http-nio-8080-exec-7] [32mTRACE[0;39m o.s.s.w.a.s.CompositeSessionAuthenticationStrategy [ |  | ] - Preparing session with CsrfAuthenticationStrategy (2/2)
26-06-04 11:23:41.724 [http-nio-8080-exec-8] [32mTRACE[0;39m o.s.s.w.a.s.CompositeSessionAuthenticationStrategy [ |  | ] - Preparing session with CsrfAuthenticationStrategy (2/2)
26-06-04 11:23:41.724 [http-nio-8080-exec-8] [32mDEBUG[0;39m o.s.s.w.c.CsrfAuthenticationStrategy [ |  | ] - Replaced CSRF Token
26-06-04 11:23:41.724 [http-nio-8080-exec-7] [32mDEBUG[0;39m o.s.s.w.c.CsrfAuthenticationStrategy [ |  | ] - Replaced CSRF Token
26-06-04 11:23:41.724 [http-nio-8080-exec-8] [32mTRACE[0;39m o.s.security.web.FilterChainProxy    [ |  | ] - Invoking ExceptionTranslationFilter (14/15)
26-06-04 11:23:41.724 [http-nio-8080-exec-7] [32mTRACE[0;39m o.s.security.web.FilterChainProxy    [ |  | ] - Invoking ExceptionTranslationFilter (14/15)
26-06-04 11:23:41.724 [http-nio-8080-exec-7] [32mTRACE[0;39m o.s.security.web.FilterChainProxy    [ |  | ] - Invoking AuthorizationFilter (15/15)
26-06-04 11:23:41.724 [http-nio-8080-exec-8] [32mTRACE[0;39m o.s.security.web.FilterChainProxy    [ |  | ] - Invoking AuthorizationFilter (15/15)
26-06-04 11:23:41.725 [http-nio-8080-exec-7] [32mTRACE[0;39m o.s.s.w.a.i.RequestMatcherDelegatingAuthorizationManager [ |  | ] - Authorizing POST /api/readStatuses
26-06-04 11:23:41.725 [http-nio-8080-exec-8] [32mTRACE[0;39m o.s.s.w.a.i.RequestMatcherDelegatingAuthorizationManager [ |  | ] - Authorizing GET /api/messages?channelId=ba45765e-0f83-4f0b-b02f-1ed2f2e44a3e&size=50&sort=createdAt,desc
26-06-04 11:23:41.725 [http-nio-8080-exec-8] [32mTRACE[0;39m o.s.s.w.a.i.RequestMatcherDelegatingAuthorizationManager [ |  | ] - Checking authorization on GET /api/messages?channelId=ba45765e-0f83-4f0b-b02f-1ed2f2e44a3e&size=50&sort=createdAt,desc using org.springframework.security.authorization.AuthenticatedAuthorizationManager@5d73ce5
26-06-04 11:23:41.725 [http-nio-8080-exec-7] [32mTRACE[0;39m o.s.s.w.a.i.RequestMatcherDelegatingAuthorizationManager [ |  | ] - Checking authorization on POST /api/readStatuses using org.springframework.security.authorization.AuthenticatedAuthorizationManager@5d73ce5
26-06-04 11:23:41.726 [http-nio-8080-exec-7] [32mDEBUG[0;39m o.s.security.web.FilterChainProxy    [ |  | ] - Secured POST /api/readStatuses
26-06-04 11:23:41.726 [http-nio-8080-exec-8] [32mDEBUG[0;39m o.s.security.web.FilterChainProxy    [ |  | ] - Secured GET /api/messages?channelId=ba45765e-0f83-4f0b-b02f-1ed2f2e44a3e&size=50&sort=createdAt,desc
26-06-04 11:23:41.731 [http-nio-8080-exec-8] [32mDEBUG[0;39m c.s.m.d.config.MDCLoggingInterceptor [5d6729761ce540fba59675c65bd71674 | GET | /api/messages] - Request started
26-06-04 11:23:41.731 [http-nio-8080-exec-7] [32mDEBUG[0;39m c.s.m.d.config.MDCLoggingInterceptor [c9510f512a80459795f13f5737772901 | POST | /api/readStatuses] - Request started
26-06-04 11:23:41.750 [http-nio-8080-exec-8] [32mINFO [0;39m c.s.m.d.controller.MessageController [5d6729761ce540fba59675c65bd71674 | GET | /api/messages] - 채널별 메시지 목록 조회 요청: channelId=ba45765e-0f83-4f0b-b02f-1ed2f2e44a3e, cursor=null, pageable=Page request [number: 0, size 50, sort: createdAt: DESC]
26-06-04 11:23:41.787 [http-nio-8080-exec-8] [32mDEBUG[0;39m org.hibernate.SQL                    [5d6729761ce540fba59675c65bd71674 | GET | /api/messages] - 
    select
        m1_0.id,
        a1_0.id,
        a1_0.created_at,
        a1_0.email,
        a1_0.password,
        p1_0.id,
        p1_0.content_type,
        p1_0.created_at,
        p1_0.file_name,
        p1_0.size,
        p1_0.status,
        p1_0.updated_at,
        a1_0.role,
        a1_0.updated_at,
        a1_0.username,
        m1_0.channel_id,
        m1_0.content,
        m1_0.created_at,
        m1_0.updated_at 
    from
        messages m1_0 
    left join
        users a1_0 
            on a1_0.id=m1_0.author_id 
    left join
        binary_contents p1_0 
            on p1_0.id=a1_0.profile_id 
    where
        m1_0.channel_id=? 
        and m1_0.created_at<? 
    order by
        m1_0.created_at desc 
    fetch
        first ? rows only
26-06-04 11:23:41.788 [http-nio-8080-exec-8] [32mTRACE[0;39m org.hibernate.orm.jdbc.bind          [5d6729761ce540fba59675c65bd71674 | GET | /api/messages] - binding parameter (1:UUID) <- [ba45765e-0f83-4f0b-b02f-1ed2f2e44a3e]
26-06-04 11:23:41.790 [http-nio-8080-exec-8] [32mTRACE[0;39m org.hibernate.orm.jdbc.bind          [5d6729761ce540fba59675c65bd71674 | GET | /api/messages] - binding parameter (2:TIMESTAMP_UTC) <- [2026-06-04T02:23:41.754680Z]
26-06-04 11:23:41.792 [http-nio-8080-exec-8] [32mTRACE[0;39m org.hibernate.orm.jdbc.bind          [5d6729761ce540fba59675c65bd71674 | GET | /api/messages] - binding parameter (3:INTEGER) <- [51]
26-06-04 11:23:41.820 [http-nio-8080-exec-9] [32mTRACE[0;39m o.s.security.web.FilterChainProxy    [ |  | ] - Trying to match request against DefaultSecurityFilterChain defined as 'filterChain' in [class path resource [com/sprint/mission/discodeit/config/SecurityConfig.class]] matching [any request] and having filters [DisableEncodeUrl, WebAsyncManagerIntegration, SecurityContextHolder, HeaderWriter, Csrf, Logout, JwtAuthentication, UsernamePasswordAuthentication, RequestCacheAware, SecurityContextHolderAwareRequest, RememberMeAuthentication, AnonymousAuthentication, SessionManagement, ExceptionTranslation, Authorization] (1/1)
26-06-04 11:23:41.820 [http-nio-8080-exec-9] [32mDEBUG[0;39m o.s.security.web.FilterChainProxy    [ |  | ] - Securing GET /api/channels?userId=d2221d17-7460-4f2d-98b9-0192e1c0a821
26-06-04 11:23:41.821 [http-nio-8080-exec-9] [32mTRACE[0;39m o.s.security.web.FilterChainProxy    [ |  | ] - Invoking DisableEncodeUrlFilter (1/15)
26-06-04 11:23:41.821 [http-nio-8080-exec-9] [32mTRACE[0;39m o.s.security.web.FilterChainProxy    [ |  | ] - Invoking WebAsyncManagerIntegrationFilter (2/15)
26-06-04 11:23:41.821 [http-nio-8080-exec-9] [32mTRACE[0;39m o.s.security.web.FilterChainProxy    [ |  | ] - Invoking SecurityContextHolderFilter (3/15)
26-06-04 11:23:41.821 [http-nio-8080-exec-9] [32mTRACE[0;39m o.s.security.web.FilterChainProxy    [ |  | ] - Invoking HeaderWriterFilter (4/15)
26-06-04 11:23:41.821 [http-nio-8080-exec-9] [32mTRACE[0;39m o.s.security.web.FilterChainProxy    [ |  | ] - Invoking CsrfFilter (5/15)
26-06-04 11:23:41.821 [http-nio-8080-exec-9] [32mTRACE[0;39m o.s.security.web.csrf.CsrfFilter     [ |  | ] - Did not protect against CSRF since request did not match CsrfNotRequired [TRACE, HEAD, GET, OPTIONS]
26-06-04 11:23:41.821 [http-nio-8080-exec-9] [32mTRACE[0;39m o.s.security.web.FilterChainProxy    [ |  | ] - Invoking LogoutFilter (6/15)
26-06-04 11:23:41.821 [http-nio-8080-exec-9] [32mTRACE[0;39m o.s.s.w.a.logout.LogoutFilter        [ |  | ] - Did not match request to Ant [pattern='/api/auth/logout', POST]
26-06-04 11:23:41.821 [http-nio-8080-exec-9] [32mTRACE[0;39m o.s.security.web.FilterChainProxy    [ |  | ] - Invoking JwtAuthenticationFilter (7/15)
26-06-04 11:23:41.823 [http-nio-8080-exec-9] [32mTRACE[0;39m o.s.s.w.c.SupplierDeferredSecurityContext [ |  | ] - Created SecurityContextImpl [Null authentication]
26-06-04 11:23:41.823 [http-nio-8080-exec-9] [32mDEBUG[0;39m c.s.m.d.s.f.JwtAuthenticationFilter  [ |  | ] - Security Context에 'user1' 인증 정보를 저장했습니다.
26-06-04 11:23:41.823 [http-nio-8080-exec-9] [32mTRACE[0;39m o.s.security.web.FilterChainProxy    [ |  | ] - Invoking UsernamePasswordAuthenticationFilter (8/15)
26-06-04 11:23:41.823 [http-nio-8080-exec-9] [32mTRACE[0;39m o.s.s.w.a.UsernamePasswordAuthenticationFilter [ |  | ] - Did not match request to Ant [pattern='/api/auth/login', POST]
26-06-04 11:23:41.823 [http-nio-8080-exec-9] [32mTRACE[0;39m o.s.security.web.FilterChainProxy    [ |  | ] - Invoking RequestCacheAwareFilter (9/15)
26-06-04 11:23:41.823 [http-nio-8080-exec-9] [32mTRACE[0;39m o.s.security.web.FilterChainProxy    [ |  | ] - Invoking SecurityContextHolderAwareRequestFilter (10/15)
26-06-04 11:23:41.824 [http-nio-8080-exec-9] [32mTRACE[0;39m o.s.security.web.FilterChainProxy    [ |  | ] - Invoking RememberMeAuthenticationFilter (11/15)
26-06-04 11:23:41.824 [http-nio-8080-exec-9] [32mDEBUG[0;39m o.s.s.w.a.r.RememberMeAuthenticationFilter [ |  | ] - SecurityContextHolder not populated with remember-me token, as it already contained: 'UsernamePasswordAuthenticationToken [Principal=org.springframework.security.core.userdetails.User [Username=user1, Password=[PROTECTED], Enabled=true, AccountNonExpired=true, CredentialsNonExpired=true, AccountNonLocked=true, Granted Authorities=[ROLE_USER]], Credentials=[PROTECTED], Authenticated=true, Details=null, Granted Authorities=[ROLE_USER]]'
26-06-04 11:23:41.824 [http-nio-8080-exec-9] [32mTRACE[0;39m o.s.security.web.FilterChainProxy    [ |  | ] - Invoking AnonymousAuthenticationFilter (12/15)
26-06-04 11:23:41.824 [http-nio-8080-exec-9] [32mTRACE[0;39m o.s.security.web.FilterChainProxy    [ |  | ] - Invoking SessionManagementFilter (13/15)
26-06-04 11:23:41.824 [http-nio-8080-exec-9] [32mTRACE[0;39m o.s.s.w.a.AnonymousAuthenticationFilter [ |  | ] - Did not set SecurityContextHolder since already authenticated UsernamePasswordAuthenticationToken [Principal=org.springframework.security.core.userdetails.User [Username=user1, Password=[PROTECTED], Enabled=true, AccountNonExpired=true, CredentialsNonExpired=true, AccountNonLocked=true, Granted Authorities=[ROLE_USER]], Credentials=[PROTECTED], Authenticated=true, Details=null, Granted Authorities=[ROLE_USER]]
26-06-04 11:23:41.825 [http-nio-8080-exec-9] [32mTRACE[0;39m o.s.s.w.a.s.CompositeSessionAuthenticationStrategy [ |  | ] - Preparing session with ChangeSessionIdAuthenticationStrategy (1/2)
26-06-04 11:23:41.825 [http-nio-8080-exec-9] [32mTRACE[0;39m o.s.s.w.a.s.CompositeSessionAuthenticationStrategy [ |  | ] - Preparing session with CsrfAuthenticationStrategy (2/2)
26-06-04 11:23:41.825 [http-nio-8080-exec-9] [32mDEBUG[0;39m o.s.s.w.c.CsrfAuthenticationStrategy [ |  | ] - Replaced CSRF Token
26-06-04 11:23:41.825 [http-nio-8080-exec-9] [32mTRACE[0;39m o.s.security.web.FilterChainProxy    [ |  | ] - Invoking ExceptionTranslationFilter (14/15)
26-06-04 11:23:41.825 [http-nio-8080-exec-9] [32mTRACE[0;39m o.s.security.web.FilterChainProxy    [ |  | ] - Invoking AuthorizationFilter (15/15)
26-06-04 11:23:41.826 [http-nio-8080-exec-9] [32mTRACE[0;39m o.s.s.w.a.i.RequestMatcherDelegatingAuthorizationManager [ |  | ] - Authorizing GET /api/channels?userId=d2221d17-7460-4f2d-98b9-0192e1c0a821
26-06-04 11:23:41.826 [http-nio-8080-exec-9] [32mTRACE[0;39m o.s.s.w.a.i.RequestMatcherDelegatingAuthorizationManager [ |  | ] - Checking authorization on GET /api/channels?userId=d2221d17-7460-4f2d-98b9-0192e1c0a821 using org.springframework.security.authorization.AuthenticatedAuthorizationManager@5d73ce5
26-06-04 11:23:41.826 [http-nio-8080-exec-9] [32mDEBUG[0;39m o.s.security.web.FilterChainProxy    [ |  | ] - Secured GET /api/channels?userId=d2221d17-7460-4f2d-98b9-0192e1c0a821
26-06-04 11:23:41.826 [http-nio-8080-exec-9] [32mDEBUG[0;39m c.s.m.d.config.MDCLoggingInterceptor [a49a230eeb394f1388cb242b20e79eb4 | GET | /api/channels] - Request started
26-06-04 11:23:41.826 [http-nio-8080-exec-9] [32mINFO [0;39m c.s.m.d.controller.ChannelController [a49a230eeb394f1388cb242b20e79eb4 | GET | /api/channels] - 사용자별 채널 목록 조회 요청: userId=d2221d17-7460-4f2d-98b9-0192e1c0a821
26-06-04 11:23:41.836 [http-nio-8080-exec-9] [32mDEBUG[0;39m org.hibernate.SQL                    [a49a230eeb394f1388cb242b20e79eb4 | GET | /api/channels] - 
    select
        rs1_0.id,
        rs1_0.channel_id,
        rs1_0.created_at,
        rs1_0.last_read_at,
        rs1_0.notification_enabled,
        rs1_0.updated_at,
        rs1_0.user_id 
    from
        read_statuses rs1_0 
    where
        rs1_0.user_id=?
26-06-04 11:23:41.836 [http-nio-8080-exec-9] [32mTRACE[0;39m org.hibernate.orm.jdbc.bind          [a49a230eeb394f1388cb242b20e79eb4 | GET | /api/channels] - binding parameter (1:UUID) <- [d2221d17-7460-4f2d-98b9-0192e1c0a821]
26-06-04 11:23:41.843 [http-nio-8080-exec-9] [32mDEBUG[0;39m org.hibernate.SQL                    [a49a230eeb394f1388cb242b20e79eb4 | GET | /api/channels] - 
    select
        c1_0.id,
        c1_0.created_at,
        c1_0.description,
        c1_0.name,
        c1_0.type,
        c1_0.updated_at 
    from
        channels c1_0 
    where
        c1_0.type=? 
        or c1_0.id in (?)
26-06-04 11:23:41.843 [http-nio-8080-exec-9] [32mTRACE[0;39m org.hibernate.orm.jdbc.bind          [a49a230eeb394f1388cb242b20e79eb4 | GET | /api/channels] - binding parameter (1:VARCHAR) <- [PUBLIC]
26-06-04 11:23:41.843 [http-nio-8080-exec-9] [32mTRACE[0;39m org.hibernate.orm.jdbc.bind          [a49a230eeb394f1388cb242b20e79eb4 | GET | /api/channels] - binding parameter (2:UUID) <- [null]
26-06-04 11:23:41.846 [http-nio-8080-exec-9] [32mDEBUG[0;39m org.hibernate.SQL                    [a49a230eeb394f1388cb242b20e79eb4 | GET | /api/channels] - 
    select
        m1_0.created_at 
    from
        messages m1_0 
    where
        m1_0.channel_id=? 
    order by
        m1_0.created_at desc 
    fetch
        first 1 rows only
26-06-04 11:23:41.846 [http-nio-8080-exec-9] [32mTRACE[0;39m org.hibernate.orm.jdbc.bind          [a49a230eeb394f1388cb242b20e79eb4 | GET | /api/channels] - binding parameter (1:UUID) <- [ba45765e-0f83-4f0b-b02f-1ed2f2e44a3e]
26-06-04 11:23:41.847 [http-nio-8080-exec-8] [32mDEBUG[0;39m org.hibernate.SQL                    [5d6729761ce540fba59675c65bd71674 | GET | /api/messages] - 
    select
        a1_0.message_id,
        a1_1.id,
        a1_1.content_type,
        a1_1.created_at,
        a1_1.file_name,
        a1_1.size,
        a1_1.status,
        a1_1.updated_at 
    from
        message_attachments a1_0 
    join
        binary_contents a1_1 
            on a1_1.id=a1_0.attachment_id 
    where
        a1_0.message_id = any (?)
26-06-04 11:23:41.848 [http-nio-8080-exec-8] [32mTRACE[0;39m org.hibernate.orm.jdbc.bind          [5d6729761ce540fba59675c65bd71674 | GET | /api/messages] - binding parameter (1:ARRAY) <- [[6ba14f94-aacf-432b-855c-9d7e8093064b, 44ebe3f9-e516-4900-8256-dc1ae5a34b16, 0cbce506-afa3-4e7e-9d6e-a215a14a4fd4, 619f5b1b-c59d-4558-9b6d-31ae708c4073, 693bd7ab-63ad-4077-a61b-8c9085faadc1, c085798f-b9b8-4338-9dad-aded811c30b9, 50d3dc11-ab6a-4d48-bdd8-94b994cda3b2, e5c6311c-852d-4045-979c-b2f4e4a71f64]]
26-06-04 11:23:41.848 [http-nio-8080-exec-9] [32mDEBUG[0;39m c.s.m.d.controller.ChannelController [a49a230eeb394f1388cb242b20e79eb4 | GET | /api/channels] - 사용자별 채널 목록 조회 응답: count=1
26-06-04 11:23:41.849 [http-nio-8080-exec-9] [32mTRACE[0;39m o.s.s.w.h.writers.HstsHeaderWriter   [a49a230eeb394f1388cb242b20e79eb4 | GET | /api/channels] - Not injecting HSTS header since it did not match request to [Is Secure]
26-06-04 11:23:41.849 [http-nio-8080-exec-9] [32mDEBUG[0;39m c.s.m.d.config.MDCLoggingInterceptor [a49a230eeb394f1388cb242b20e79eb4 | GET | /api/channels] - Request completed
26-06-04 11:23:41.859 [http-nio-8080-exec-2] [32mTRACE[0;39m o.s.security.web.FilterChainProxy    [ |  | ] - Trying to match request against DefaultSecurityFilterChain defined as 'filterChain' in [class path resource [com/sprint/mission/discodeit/config/SecurityConfig.class]] matching [any request] and having filters [DisableEncodeUrl, WebAsyncManagerIntegration, SecurityContextHolder, HeaderWriter, Csrf, Logout, JwtAuthentication, UsernamePasswordAuthentication, RequestCacheAware, SecurityContextHolderAwareRequest, RememberMeAuthentication, AnonymousAuthentication, SessionManagement, ExceptionTranslation, Authorization] (1/1)
26-06-04 11:23:41.859 [http-nio-8080-exec-2] [32mDEBUG[0;39m o.s.security.web.FilterChainProxy    [ |  | ] - Securing GET /api/readStatuses?userId=d2221d17-7460-4f2d-98b9-0192e1c0a821
26-06-04 11:23:41.859 [http-nio-8080-exec-2] [32mTRACE[0;39m o.s.security.web.FilterChainProxy    [ |  | ] - Invoking DisableEncodeUrlFilter (1/15)
26-06-04 11:23:41.859 [http-nio-8080-exec-2] [32mTRACE[0;39m o.s.security.web.FilterChainProxy    [ |  | ] - Invoking WebAsyncManagerIntegrationFilter (2/15)
26-06-04 11:23:41.859 [http-nio-8080-exec-2] [32mTRACE[0;39m o.s.security.web.FilterChainProxy    [ |  | ] - Invoking SecurityContextHolderFilter (3/15)
26-06-04 11:23:41.859 [http-nio-8080-exec-2] [32mTRACE[0;39m o.s.security.web.FilterChainProxy    [ |  | ] - Invoking HeaderWriterFilter (4/15)
26-06-04 11:23:41.860 [http-nio-8080-exec-2] [32mTRACE[0;39m o.s.security.web.FilterChainProxy    [ |  | ] - Invoking CsrfFilter (5/15)
26-06-04 11:23:41.860 [http-nio-8080-exec-2] [32mTRACE[0;39m o.s.security.web.csrf.CsrfFilter     [ |  | ] - Did not protect against CSRF since request did not match CsrfNotRequired [TRACE, HEAD, GET, OPTIONS]
26-06-04 11:23:41.860 [http-nio-8080-exec-2] [32mTRACE[0;39m o.s.security.web.FilterChainProxy    [ |  | ] - Invoking LogoutFilter (6/15)
26-06-04 11:23:41.860 [http-nio-8080-exec-2] [32mTRACE[0;39m o.s.s.w.a.logout.LogoutFilter        [ |  | ] - Did not match request to Ant [pattern='/api/auth/logout', POST]
26-06-04 11:23:41.860 [http-nio-8080-exec-2] [32mTRACE[0;39m o.s.security.web.FilterChainProxy    [ |  | ] - Invoking JwtAuthenticationFilter (7/15)
26-06-04 11:23:41.860 [http-nio-8080-exec-2] [32mTRACE[0;39m o.s.s.w.c.SupplierDeferredSecurityContext [ |  | ] - Created SecurityContextImpl [Null authentication]
26-06-04 11:23:41.860 [http-nio-8080-exec-2] [32mDEBUG[0;39m c.s.m.d.s.f.JwtAuthenticationFilter  [ |  | ] - Security Context에 'user1' 인증 정보를 저장했습니다.
26-06-04 11:23:41.860 [http-nio-8080-exec-2] [32mTRACE[0;39m o.s.security.web.FilterChainProxy    [ |  | ] - Invoking UsernamePasswordAuthenticationFilter (8/15)
26-06-04 11:23:41.861 [http-nio-8080-exec-2] [32mTRACE[0;39m o.s.s.w.a.UsernamePasswordAuthenticationFilter [ |  | ] - Did not match request to Ant [pattern='/api/auth/login', POST]
26-06-04 11:23:41.861 [http-nio-8080-exec-2] [32mTRACE[0;39m o.s.security.web.FilterChainProxy    [ |  | ] - Invoking RequestCacheAwareFilter (9/15)
26-06-04 11:23:41.861 [http-nio-8080-exec-2] [32mTRACE[0;39m o.s.security.web.FilterChainProxy    [ |  | ] - Invoking SecurityContextHolderAwareRequestFilter (10/15)
26-06-04 11:23:41.861 [http-nio-8080-exec-2] [32mTRACE[0;39m o.s.security.web.FilterChainProxy    [ |  | ] - Invoking RememberMeAuthenticationFilter (11/15)
26-06-04 11:23:41.861 [http-nio-8080-exec-2] [32mDEBUG[0;39m o.s.s.w.a.r.RememberMeAuthenticationFilter [ |  | ] - SecurityContextHolder not populated with remember-me token, as it already contained: 'UsernamePasswordAuthenticationToken [Principal=org.springframework.security.core.userdetails.User [Username=user1, Password=[PROTECTED], Enabled=true, AccountNonExpired=true, CredentialsNonExpired=true, AccountNonLocked=true, Granted Authorities=[ROLE_USER]], Credentials=[PROTECTED], Authenticated=true, Details=null, Granted Authorities=[ROLE_USER]]'
26-06-04 11:23:41.861 [http-nio-8080-exec-2] [32mTRACE[0;39m o.s.security.web.FilterChainProxy    [ |  | ] - Invoking AnonymousAuthenticationFilter (12/15)
26-06-04 11:23:41.861 [http-nio-8080-exec-2] [32mTRACE[0;39m o.s.security.web.FilterChainProxy    [ |  | ] - Invoking SessionManagementFilter (13/15)
26-06-04 11:23:41.861 [http-nio-8080-exec-2] [32mTRACE[0;39m o.s.s.w.a.AnonymousAuthenticationFilter [ |  | ] - Did not set SecurityContextHolder since already authenticated UsernamePasswordAuthenticationToken [Principal=org.springframework.security.core.userdetails.User [Username=user1, Password=[PROTECTED], Enabled=true, AccountNonExpired=true, CredentialsNonExpired=true, AccountNonLocked=true, Granted Authorities=[ROLE_USER]], Credentials=[PROTECTED], Authenticated=true, Details=null, Granted Authorities=[ROLE_USER]]
26-06-04 11:23:41.861 [http-nio-8080-exec-2] [32mTRACE[0;39m o.s.s.w.a.s.CompositeSessionAuthenticationStrategy [ |  | ] - Preparing session with ChangeSessionIdAuthenticationStrategy (1/2)
26-06-04 11:23:41.861 [http-nio-8080-exec-2] [32mTRACE[0;39m o.s.s.w.a.s.CompositeSessionAuthenticationStrategy [ |  | ] - Preparing session with CsrfAuthenticationStrategy (2/2)
26-06-04 11:23:41.861 [http-nio-8080-exec-2] [32mDEBUG[0;39m o.s.s.w.c.CsrfAuthenticationStrategy [ |  | ] - Replaced CSRF Token
26-06-04 11:23:41.861 [http-nio-8080-exec-2] [32mTRACE[0;39m o.s.security.web.FilterChainProxy    [ |  | ] - Invoking ExceptionTranslationFilter (14/15)
26-06-04 11:23:41.861 [http-nio-8080-exec-2] [32mTRACE[0;39m o.s.security.web.FilterChainProxy    [ |  | ] - Invoking AuthorizationFilter (15/15)
26-06-04 11:23:41.861 [http-nio-8080-exec-2] [32mTRACE[0;39m o.s.s.w.a.i.RequestMatcherDelegatingAuthorizationManager [ |  | ] - Authorizing GET /api/readStatuses?userId=d2221d17-7460-4f2d-98b9-0192e1c0a821
26-06-04 11:23:41.861 [http-nio-8080-exec-2] [32mTRACE[0;39m o.s.s.w.a.i.RequestMatcherDelegatingAuthorizationManager [ |  | ] - Checking authorization on GET /api/readStatuses?userId=d2221d17-7460-4f2d-98b9-0192e1c0a821 using org.springframework.security.authorization.AuthenticatedAuthorizationManager@5d73ce5
26-06-04 11:23:41.861 [http-nio-8080-exec-2] [32mDEBUG[0;39m o.s.security.web.FilterChainProxy    [ |  | ] - Secured GET /api/readStatuses?userId=d2221d17-7460-4f2d-98b9-0192e1c0a821
26-06-04 11:23:41.862 [http-nio-8080-exec-2] [32mDEBUG[0;39m c.s.m.d.config.MDCLoggingInterceptor [4ea5d81c4b1d40ac86e8f1948467aad3 | GET | /api/readStatuses] - Request started
26-06-04 11:23:41.862 [http-nio-8080-exec-2] [32mINFO [0;39m c.s.m.d.c.ReadStatusController       [4ea5d81c4b1d40ac86e8f1948467aad3 | GET | /api/readStatuses] - 사용자별 읽음 상태 목록 조회 요청: userId=d2221d17-7460-4f2d-98b9-0192e1c0a821
26-06-04 11:23:41.863 [http-nio-8080-exec-2] [32mDEBUG[0;39m c.s.m.d.s.b.BasicReadStatusService   [4ea5d81c4b1d40ac86e8f1948467aad3 | GET | /api/readStatuses] - 사용자별 읽음 상태 목록 조회 시작: userId=d2221d17-7460-4f2d-98b9-0192e1c0a821
26-06-04 11:23:41.865 [http-nio-8080-exec-2] [32mDEBUG[0;39m org.hibernate.SQL                    [4ea5d81c4b1d40ac86e8f1948467aad3 | GET | /api/readStatuses] - 
    select
        rs1_0.id,
        rs1_0.channel_id,
        rs1_0.created_at,
        rs1_0.last_read_at,
        rs1_0.notification_enabled,
        rs1_0.updated_at,
        rs1_0.user_id 
    from
        read_statuses rs1_0 
    where
        rs1_0.user_id=?
26-06-04 11:23:41.865 [http-nio-8080-exec-2] [32mTRACE[0;39m org.hibernate.orm.jdbc.bind          [4ea5d81c4b1d40ac86e8f1948467aad3 | GET | /api/readStatuses] - binding parameter (1:UUID) <- [d2221d17-7460-4f2d-98b9-0192e1c0a821]
26-06-04 11:23:41.867 [http-nio-8080-exec-2] [32mINFO [0;39m c.s.m.d.s.b.BasicReadStatusService   [4ea5d81c4b1d40ac86e8f1948467aad3 | GET | /api/readStatuses] - 사용자별 읽음 상태 목록 조회 완료: userId=d2221d17-7460-4f2d-98b9-0192e1c0a821, 조회된 항목 수=0
26-06-04 11:23:41.869 [http-nio-8080-exec-2] [32mDEBUG[0;39m c.s.m.d.c.ReadStatusController       [4ea5d81c4b1d40ac86e8f1948467aad3 | GET | /api/readStatuses] - 사용자별 읽음 상태 목록 조회 응답: count=0
26-06-04 11:23:41.870 [http-nio-8080-exec-2] [32mTRACE[0;39m o.s.s.w.h.writers.HstsHeaderWriter   [4ea5d81c4b1d40ac86e8f1948467aad3 | GET | /api/readStatuses] - Not injecting HSTS header since it did not match request to [Is Secure]
26-06-04 11:23:41.871 [http-nio-8080-exec-2] [32mDEBUG[0;39m c.s.m.d.config.MDCLoggingInterceptor [4ea5d81c4b1d40ac86e8f1948467aad3 | GET | /api/readStatuses] - Request completed
26-06-04 11:23:41.884 [http-nio-8080-exec-8] [32mDEBUG[0;39m c.s.m.d.controller.MessageController [5d6729761ce540fba59675c65bd71674 | GET | /api/messages] - 채널별 메시지 목록 조회 응답: totalElements=null
26-06-04 11:23:41.891 [http-nio-8080-exec-8] [32mTRACE[0;39m o.s.s.w.h.writers.HstsHeaderWriter   [5d6729761ce540fba59675c65bd71674 | GET | /api/messages] - Not injecting HSTS header since it did not match request to [Is Secure]
26-06-04 11:23:41.892 [http-nio-8080-exec-8] [32mDEBUG[0;39m c.s.m.d.config.MDCLoggingInterceptor [5d6729761ce540fba59675c65bd71674 | GET | /api/messages] - Request completed
26-06-04 11:23:41.897 [http-nio-8080-exec-8] [32mTRACE[0;39m o.s.security.web.FilterChainProxy    [ |  | ] - Trying to match request against DefaultSecurityFilterChain defined as 'filterChain' in [class path resource [com/sprint/mission/discodeit/config/SecurityConfig.class]] matching [any request] and having filters [DisableEncodeUrl, WebAsyncManagerIntegration, SecurityContextHolder, HeaderWriter, Csrf, Logout, JwtAuthentication, UsernamePasswordAuthentication, RequestCacheAware, SecurityContextHolderAwareRequest, RememberMeAuthentication, AnonymousAuthentication, SessionManagement, ExceptionTranslation, Authorization] (1/1)
26-06-04 11:23:41.897 [http-nio-8080-exec-8] [32mDEBUG[0;39m o.s.security.web.FilterChainProxy    [ |  | ] - Securing GET /api/messages?channelId=ba45765e-0f83-4f0b-b02f-1ed2f2e44a3e&size=50&sort=createdAt,desc
26-06-04 11:23:41.897 [http-nio-8080-exec-8] [32mTRACE[0;39m o.s.security.web.FilterChainProxy    [ |  | ] - Invoking DisableEncodeUrlFilter (1/15)
26-06-04 11:23:41.897 [http-nio-8080-exec-8] [32mTRACE[0;39m o.s.security.web.FilterChainProxy    [ |  | ] - Invoking WebAsyncManagerIntegrationFilter (2/15)
26-06-04 11:23:41.897 [http-nio-8080-exec-8] [32mTRACE[0;39m o.s.security.web.FilterChainProxy    [ |  | ] - Invoking SecurityContextHolderFilter (3/15)
26-06-04 11:23:41.897 [http-nio-8080-exec-8] [32mTRACE[0;39m o.s.security.web.FilterChainProxy    [ |  | ] - Invoking HeaderWriterFilter (4/15)
26-06-04 11:23:41.897 [http-nio-8080-exec-8] [32mTRACE[0;39m o.s.security.web.FilterChainProxy    [ |  | ] - Invoking CsrfFilter (5/15)
26-06-04 11:23:41.897 [http-nio-8080-exec-8] [32mTRACE[0;39m o.s.security.web.csrf.CsrfFilter     [ |  | ] - Did not protect against CSRF since request did not match CsrfNotRequired [TRACE, HEAD, GET, OPTIONS]
26-06-04 11:23:41.897 [http-nio-8080-exec-8] [32mTRACE[0;39m o.s.security.web.FilterChainProxy    [ |  | ] - Invoking LogoutFilter (6/15)
26-06-04 11:23:41.898 [http-nio-8080-exec-8] [32mTRACE[0;39m o.s.s.w.a.logout.LogoutFilter        [ |  | ] - Did not match request to Ant [pattern='/api/auth/logout', POST]
26-06-04 11:23:41.898 [http-nio-8080-exec-8] [32mTRACE[0;39m o.s.security.web.FilterChainProxy    [ |  | ] - Invoking JwtAuthenticationFilter (7/15)
26-06-04 11:23:41.902 [http-nio-8080-exec-8] [32mTRACE[0;39m o.s.s.w.c.SupplierDeferredSecurityContext [ |  | ] - Created SecurityContextImpl [Null authentication]
26-06-04 11:23:41.902 [http-nio-8080-exec-8] [32mDEBUG[0;39m c.s.m.d.s.f.JwtAuthenticationFilter  [ |  | ] - Security Context에 'user1' 인증 정보를 저장했습니다.
26-06-04 11:23:41.902 [http-nio-8080-exec-8] [32mTRACE[0;39m o.s.security.web.FilterChainProxy    [ |  | ] - Invoking UsernamePasswordAuthenticationFilter (8/15)
26-06-04 11:23:41.902 [http-nio-8080-exec-8] [32mTRACE[0;39m o.s.s.w.a.UsernamePasswordAuthenticationFilter [ |  | ] - Did not match request to Ant [pattern='/api/auth/login', POST]
26-06-04 11:23:41.902 [http-nio-8080-exec-8] [32mTRACE[0;39m o.s.security.web.FilterChainProxy    [ |  | ] - Invoking RequestCacheAwareFilter (9/15)
26-06-04 11:23:41.902 [http-nio-8080-exec-8] [32mTRACE[0;39m o.s.security.web.FilterChainProxy    [ |  | ] - Invoking SecurityContextHolderAwareRequestFilter (10/15)
26-06-04 11:23:41.902 [http-nio-8080-exec-8] [32mTRACE[0;39m o.s.security.web.FilterChainProxy    [ |  | ] - Invoking RememberMeAuthenticationFilter (11/15)
26-06-04 11:23:41.903 [http-nio-8080-exec-8] [32mDEBUG[0;39m o.s.s.w.a.r.RememberMeAuthenticationFilter [ |  | ] - SecurityContextHolder not populated with remember-me token, as it already contained: 'UsernamePasswordAuthenticationToken [Principal=org.springframework.security.core.userdetails.User [Username=user1, Password=[PROTECTED], Enabled=true, AccountNonExpired=true, CredentialsNonExpired=true, AccountNonLocked=true, Granted Authorities=[ROLE_USER]], Credentials=[PROTECTED], Authenticated=true, Details=null, Granted Authorities=[ROLE_USER]]'
26-06-04 11:23:41.903 [http-nio-8080-exec-8] [32mTRACE[0;39m o.s.security.web.FilterChainProxy    [ |  | ] - Invoking AnonymousAuthenticationFilter (12/15)
26-06-04 11:23:41.903 [http-nio-8080-exec-8] [32mTRACE[0;39m o.s.security.web.FilterChainProxy    [ |  | ] - Invoking SessionManagementFilter (13/15)
26-06-04 11:23:41.903 [http-nio-8080-exec-8] [32mTRACE[0;39m o.s.s.w.a.AnonymousAuthenticationFilter [ |  | ] - Did not set SecurityContextHolder since already authenticated UsernamePasswordAuthenticationToken [Principal=org.springframework.security.core.userdetails.User [Username=user1, Password=[PROTECTED], Enabled=true, AccountNonExpired=true, CredentialsNonExpired=true, AccountNonLocked=true, Granted Authorities=[ROLE_USER]], Credentials=[PROTECTED], Authenticated=true, Details=null, Granted Authorities=[ROLE_USER]]
26-06-04 11:23:41.903 [http-nio-8080-exec-8] [32mTRACE[0;39m o.s.s.w.a.s.CompositeSessionAuthenticationStrategy [ |  | ] - Preparing session with ChangeSessionIdAuthenticationStrategy (1/2)
26-06-04 11:23:41.903 [http-nio-8080-exec-8] [32mTRACE[0;39m o.s.s.w.a.s.CompositeSessionAuthenticationStrategy [ |  | ] - Preparing session with CsrfAuthenticationStrategy (2/2)
26-06-04 11:23:41.904 [http-nio-8080-exec-8] [32mDEBUG[0;39m o.s.s.w.c.CsrfAuthenticationStrategy [ |  | ] - Replaced CSRF Token
26-06-04 11:23:41.904 [http-nio-8080-exec-8] [32mTRACE[0;39m o.s.security.web.FilterChainProxy    [ |  | ] - Invoking ExceptionTranslationFilter (14/15)
26-06-04 11:23:41.904 [http-nio-8080-exec-8] [32mTRACE[0;39m o.s.security.web.FilterChainProxy    [ |  | ] - Invoking AuthorizationFilter (15/15)
26-06-04 11:23:41.904 [http-nio-8080-exec-8] [32mTRACE[0;39m o.s.s.w.a.i.RequestMatcherDelegatingAuthorizationManager [ |  | ] - Authorizing GET /api/messages?channelId=ba45765e-0f83-4f0b-b02f-1ed2f2e44a3e&size=50&sort=createdAt,desc
26-06-04 11:23:41.904 [http-nio-8080-exec-8] [32mTRACE[0;39m o.s.s.w.a.i.RequestMatcherDelegatingAuthorizationManager [ |  | ] - Checking authorization on GET /api/messages?channelId=ba45765e-0f83-4f0b-b02f-1ed2f2e44a3e&size=50&sort=createdAt,desc using org.springframework.security.authorization.AuthenticatedAuthorizationManager@5d73ce5
26-06-04 11:23:41.905 [http-nio-8080-exec-8] [32mDEBUG[0;39m o.s.security.web.FilterChainProxy    [ |  | ] - Secured GET /api/messages?channelId=ba45765e-0f83-4f0b-b02f-1ed2f2e44a3e&size=50&sort=createdAt,desc
26-06-04 11:23:41.906 [http-nio-8080-exec-8] [32mDEBUG[0;39m c.s.m.d.config.MDCLoggingInterceptor [8a89d0bd282b4d6c9103e90323ee098b | GET | /api/messages] - Request started
26-06-04 11:23:41.911 [http-nio-8080-exec-8] [32mINFO [0;39m c.s.m.d.controller.MessageController [8a89d0bd282b4d6c9103e90323ee098b | GET | /api/messages] - 채널별 메시지 목록 조회 요청: channelId=ba45765e-0f83-4f0b-b02f-1ed2f2e44a3e, cursor=null, pageable=Page request [number: 0, size 50, sort: createdAt: DESC]
26-06-04 11:23:41.912 [http-nio-8080-exec-8] [32mDEBUG[0;39m org.hibernate.SQL                    [8a89d0bd282b4d6c9103e90323ee098b | GET | /api/messages] - 
    select
        m1_0.id,
        a1_0.id,
        a1_0.created_at,
        a1_0.email,
        a1_0.password,
        p1_0.id,
        p1_0.content_type,
        p1_0.created_at,
        p1_0.file_name,
        p1_0.size,
        p1_0.status,
        p1_0.updated_at,
        a1_0.role,
        a1_0.updated_at,
        a1_0.username,
        m1_0.channel_id,
        m1_0.content,
        m1_0.created_at,
        m1_0.updated_at 
    from
        messages m1_0 
    left join
        users a1_0 
            on a1_0.id=m1_0.author_id 
    left join
        binary_contents p1_0 
            on p1_0.id=a1_0.profile_id 
    where
        m1_0.channel_id=? 
        and m1_0.created_at<? 
    order by
        m1_0.created_at desc 
    fetch
        first ? rows only
26-06-04 11:23:41.912 [http-nio-8080-exec-8] [32mTRACE[0;39m org.hibernate.orm.jdbc.bind          [8a89d0bd282b4d6c9103e90323ee098b | GET | /api/messages] - binding parameter (1:UUID) <- [ba45765e-0f83-4f0b-b02f-1ed2f2e44a3e]
26-06-04 11:23:41.913 [http-nio-8080-exec-8] [32mTRACE[0;39m org.hibernate.orm.jdbc.bind          [8a89d0bd282b4d6c9103e90323ee098b | GET | /api/messages] - binding parameter (2:TIMESTAMP_UTC) <- [2026-06-04T02:23:41.912101Z]
26-06-04 11:23:41.913 [http-nio-8080-exec-8] [32mTRACE[0;39m org.hibernate.orm.jdbc.bind          [8a89d0bd282b4d6c9103e90323ee098b | GET | /api/messages] - binding parameter (3:INTEGER) <- [51]
26-06-04 11:23:41.920 [http-nio-8080-exec-8] [32mDEBUG[0;39m org.hibernate.SQL                    [8a89d0bd282b4d6c9103e90323ee098b | GET | /api/messages] - 
    select
        a1_0.message_id,
        a1_1.id,
        a1_1.content_type,
        a1_1.created_at,
        a1_1.file_name,
        a1_1.size,
        a1_1.status,
        a1_1.updated_at 
    from
        message_attachments a1_0 
    join
        binary_contents a1_1 
            on a1_1.id=a1_0.attachment_id 
    where
        a1_0.message_id = any (?)
26-06-04 11:23:41.920 [http-nio-8080-exec-8] [32mTRACE[0;39m org.hibernate.orm.jdbc.bind          [8a89d0bd282b4d6c9103e90323ee098b | GET | /api/messages] - binding parameter (1:ARRAY) <- [[6ba14f94-aacf-432b-855c-9d7e8093064b, 44ebe3f9-e516-4900-8256-dc1ae5a34b16, 0cbce506-afa3-4e7e-9d6e-a215a14a4fd4, 619f5b1b-c59d-4558-9b6d-31ae708c4073, 693bd7ab-63ad-4077-a61b-8c9085faadc1, c085798f-b9b8-4338-9dad-aded811c30b9, 50d3dc11-ab6a-4d48-bdd8-94b994cda3b2, e5c6311c-852d-4045-979c-b2f4e4a71f64]]
26-06-04 11:23:41.925 [http-nio-8080-exec-3] [32mTRACE[0;39m o.s.security.web.FilterChainProxy    [ |  | ] - Trying to match request against DefaultSecurityFilterChain defined as 'filterChain' in [class path resource [com/sprint/mission/discodeit/config/SecurityConfig.class]] matching [any request] and having filters [DisableEncodeUrl, WebAsyncManagerIntegration, SecurityContextHolder, HeaderWriter, Csrf, Logout, JwtAuthentication, UsernamePasswordAuthentication, RequestCacheAware, SecurityContextHolderAwareRequest, RememberMeAuthentication, AnonymousAuthentication, SessionManagement, ExceptionTranslation, Authorization] (1/1)
26-06-04 11:23:41.926 [http-nio-8080-exec-3] [32mDEBUG[0;39m o.s.security.web.FilterChainProxy    [ |  | ] - Securing GET /api/binaryContents/4fd4171e-ff8a-481e-8514-fbf9a23332de
26-06-04 11:23:41.926 [http-nio-8080-exec-3] [32mTRACE[0;39m o.s.security.web.FilterChainProxy    [ |  | ] - Invoking DisableEncodeUrlFilter (1/15)
26-06-04 11:23:41.926 [http-nio-8080-exec-3] [32mTRACE[0;39m o.s.security.web.FilterChainProxy    [ |  | ] - Invoking WebAsyncManagerIntegrationFilter (2/15)
26-06-04 11:23:41.926 [http-nio-8080-exec-3] [32mTRACE[0;39m o.s.security.web.FilterChainProxy    [ |  | ] - Invoking SecurityContextHolderFilter (3/15)
26-06-04 11:23:41.926 [http-nio-8080-exec-3] [32mTRACE[0;39m o.s.security.web.FilterChainProxy    [ |  | ] - Invoking HeaderWriterFilter (4/15)
26-06-04 11:23:41.926 [http-nio-8080-exec-3] [32mTRACE[0;39m o.s.security.web.FilterChainProxy    [ |  | ] - Invoking CsrfFilter (5/15)
26-06-04 11:23:41.926 [http-nio-8080-exec-3] [32mTRACE[0;39m o.s.security.web.csrf.CsrfFilter     [ |  | ] - Did not protect against CSRF since request did not match CsrfNotRequired [TRACE, HEAD, GET, OPTIONS]
26-06-04 11:23:41.927 [http-nio-8080-exec-3] [32mTRACE[0;39m o.s.security.web.FilterChainProxy    [ |  | ] - Invoking LogoutFilter (6/15)
26-06-04 11:23:41.927 [http-nio-8080-exec-3] [32mTRACE[0;39m o.s.s.w.a.logout.LogoutFilter        [ |  | ] - Did not match request to Ant [pattern='/api/auth/logout', POST]
26-06-04 11:23:41.927 [http-nio-8080-exec-3] [32mTRACE[0;39m o.s.security.web.FilterChainProxy    [ |  | ] - Invoking JwtAuthenticationFilter (7/15)
26-06-04 11:23:41.920 [http-nio-8080-exec-7] [32mINFO [0;39m c.s.m.d.c.ReadStatusController       [c9510f512a80459795f13f5737772901 | POST | /api/readStatuses] - 읽음 상태 생성/업데이트 요청: ReadStatusCreateRequest[userId=d2221d17-7460-4f2d-98b9-0192e1c0a821, channelId=ba45765e-0f83-4f0b-b02f-1ed2f2e44a3e, lastReadAt=2026-06-04T02:23:41.693Z]
26-06-04 11:23:41.929 [http-nio-8080-exec-4] [32mTRACE[0;39m o.s.security.web.FilterChainProxy    [ |  | ] - Trying to match request against DefaultSecurityFilterChain defined as 'filterChain' in [class path resource [com/sprint/mission/discodeit/config/SecurityConfig.class]] matching [any request] and having filters [DisableEncodeUrl, WebAsyncManagerIntegration, SecurityContextHolder, HeaderWriter, Csrf, Logout, JwtAuthentication, UsernamePasswordAuthentication, RequestCacheAware, SecurityContextHolderAwareRequest, RememberMeAuthentication, AnonymousAuthentication, SessionManagement, ExceptionTranslation, Authorization] (1/1)
26-06-04 11:23:41.929 [http-nio-8080-exec-3] [32mTRACE[0;39m o.s.s.w.c.SupplierDeferredSecurityContext [ |  | ] - Created SecurityContextImpl [Null authentication]
26-06-04 11:23:41.932 [http-nio-8080-exec-8] [32mDEBUG[0;39m c.s.m.d.controller.MessageController [8a89d0bd282b4d6c9103e90323ee098b | GET | /api/messages] - 채널별 메시지 목록 조회 응답: totalElements=null
26-06-04 11:23:41.929 [http-nio-8080-exec-4] [32mDEBUG[0;39m o.s.security.web.FilterChainProxy    [ |  | ] - Securing GET /api/binaryContents/db45008b-422a-4561-80f3-ef70a5a130df
26-06-04 11:23:41.930 [http-nio-8080-exec-7] [32mDEBUG[0;39m c.s.m.d.s.b.BasicReadStatusService   [c9510f512a80459795f13f5737772901 | POST | /api/readStatuses] - 읽음 상태 생성/업데이트 시작: userId=d2221d17-7460-4f2d-98b9-0192e1c0a821, channelId=ba45765e-0f83-4f0b-b02f-1ed2f2e44a3e
26-06-04 11:23:41.934 [http-nio-8080-exec-4] [32mTRACE[0;39m o.s.security.web.FilterChainProxy    [ |  | ] - Invoking DisableEncodeUrlFilter (1/15)
26-06-04 11:23:41.934 [http-nio-8080-exec-4] [32mTRACE[0;39m o.s.security.web.FilterChainProxy    [ |  | ] - Invoking WebAsyncManagerIntegrationFilter (2/15)
26-06-04 11:23:41.934 [http-nio-8080-exec-4] [32mTRACE[0;39m o.s.security.web.FilterChainProxy    [ |  | ] - Invoking SecurityContextHolderFilter (3/15)
26-06-04 11:23:41.932 [http-nio-8080-exec-3] [32mDEBUG[0;39m c.s.m.d.s.f.JwtAuthenticationFilter  [ |  | ] - Security Context에 'user1' 인증 정보를 저장했습니다.
26-06-04 11:23:41.929 [http-nio-8080-exec-1] [32mTRACE[0;39m o.s.security.web.FilterChainProxy    [ |  | ] - Trying to match request against DefaultSecurityFilterChain defined as 'filterChain' in [class path resource [com/sprint/mission/discodeit/config/SecurityConfig.class]] matching [any request] and having filters [DisableEncodeUrl, WebAsyncManagerIntegration, SecurityContextHolder, HeaderWriter, Csrf, Logout, JwtAuthentication, UsernamePasswordAuthentication, RequestCacheAware, SecurityContextHolderAwareRequest, RememberMeAuthentication, AnonymousAuthentication, SessionManagement, ExceptionTranslation, Authorization] (1/1)
26-06-04 11:23:41.936 [http-nio-8080-exec-3] [32mTRACE[0;39m o.s.security.web.FilterChainProxy    [ |  | ] - Invoking UsernamePasswordAuthenticationFilter (8/15)
26-06-04 11:23:41.936 [http-nio-8080-exec-1] [32mDEBUG[0;39m o.s.security.web.FilterChainProxy    [ |  | ] - Securing GET /api/binaryContents/218f6a3b-78a9-4010-853a-acf57b5fde71
26-06-04 11:23:41.936 [http-nio-8080-exec-1] [32mTRACE[0;39m o.s.security.web.FilterChainProxy    [ |  | ] - Invoking DisableEncodeUrlFilter (1/15)
26-06-04 11:23:41.936 [http-nio-8080-exec-4] [32mTRACE[0;39m o.s.security.web.FilterChainProxy    [ |  | ] - Invoking HeaderWriterFilter (4/15)
26-06-04 11:23:41.936 [http-nio-8080-exec-3] [32mTRACE[0;39m o.s.s.w.a.UsernamePasswordAuthenticationFilter [ |  | ] - Did not match request to Ant [pattern='/api/auth/login', POST]
26-06-04 11:23:41.936 [http-nio-8080-exec-4] [32mTRACE[0;39m o.s.security.web.FilterChainProxy    [ |  | ] - Invoking CsrfFilter (5/15)
26-06-04 11:23:41.936 [http-nio-8080-exec-3] [32mTRACE[0;39m o.s.security.web.FilterChainProxy    [ |  | ] - Invoking RequestCacheAwareFilter (9/15)
26-06-04 11:23:41.937 [http-nio-8080-exec-3] [32mTRACE[0;39m o.s.security.web.FilterChainProxy    [ |  | ] - Invoking SecurityContextHolderAwareRequestFilter (10/15)
26-06-04 11:23:41.937 [http-nio-8080-exec-3] [32mTRACE[0;39m o.s.security.web.FilterChainProxy    [ |  | ] - Invoking RememberMeAuthenticationFilter (11/15)
26-06-04 11:23:41.937 [http-nio-8080-exec-3] [32mDEBUG[0;39m o.s.s.w.a.r.RememberMeAuthenticationFilter [ |  | ] - SecurityContextHolder not populated with remember-me token, as it already contained: 'UsernamePasswordAuthenticationToken [Principal=org.springframework.security.core.userdetails.User [Username=user1, Password=[PROTECTED], Enabled=true, AccountNonExpired=true, CredentialsNonExpired=true, AccountNonLocked=true, Granted Authorities=[ROLE_USER]], Credentials=[PROTECTED], Authenticated=true, Details=null, Granted Authorities=[ROLE_USER]]'
26-06-04 11:23:41.937 [http-nio-8080-exec-3] [32mTRACE[0;39m o.s.security.web.FilterChainProxy    [ |  | ] - Invoking AnonymousAuthenticationFilter (12/15)
26-06-04 11:23:41.937 [http-nio-8080-exec-3] [32mTRACE[0;39m o.s.security.web.FilterChainProxy    [ |  | ] - Invoking SessionManagementFilter (13/15)
26-06-04 11:23:41.937 [http-nio-8080-exec-3] [32mTRACE[0;39m o.s.s.w.a.AnonymousAuthenticationFilter [ |  | ] - Did not set SecurityContextHolder since already authenticated UsernamePasswordAuthenticationToken [Principal=org.springframework.security.core.userdetails.User [Username=user1, Password=[PROTECTED], Enabled=true, AccountNonExpired=true, CredentialsNonExpired=true, AccountNonLocked=true, Granted Authorities=[ROLE_USER]], Credentials=[PROTECTED], Authenticated=true, Details=null, Granted Authorities=[ROLE_USER]]
26-06-04 11:23:41.937 [http-nio-8080-exec-3] [32mTRACE[0;39m o.s.s.w.a.s.CompositeSessionAuthenticationStrategy [ |  | ] - Preparing session with ChangeSessionIdAuthenticationStrategy (1/2)
26-06-04 11:23:41.937 [http-nio-8080-exec-3] [32mTRACE[0;39m o.s.s.w.a.s.CompositeSessionAuthenticationStrategy [ |  | ] - Preparing session with CsrfAuthenticationStrategy (2/2)
26-06-04 11:23:41.937 [http-nio-8080-exec-1] [32mTRACE[0;39m o.s.security.web.FilterChainProxy    [ |  | ] - Invoking WebAsyncManagerIntegrationFilter (2/15)
26-06-04 11:23:41.937 [http-nio-8080-exec-4] [32mTRACE[0;39m o.s.security.web.csrf.CsrfFilter     [ |  | ] - Did not protect against CSRF since request did not match CsrfNotRequired [TRACE, HEAD, GET, OPTIONS]
26-06-04 11:23:41.938 [http-nio-8080-exec-1] [32mTRACE[0;39m o.s.security.web.FilterChainProxy    [ |  | ] - Invoking SecurityContextHolderFilter (3/15)
26-06-04 11:23:41.938 [http-nio-8080-exec-4] [32mTRACE[0;39m o.s.security.web.FilterChainProxy    [ |  | ] - Invoking LogoutFilter (6/15)
26-06-04 11:23:41.938 [http-nio-8080-exec-4] [32mTRACE[0;39m o.s.s.w.a.logout.LogoutFilter        [ |  | ] - Did not match request to Ant [pattern='/api/auth/logout', POST]
26-06-04 11:23:41.939 [http-nio-8080-exec-3] [32mDEBUG[0;39m o.s.s.w.c.CsrfAuthenticationStrategy [ |  | ] - Replaced CSRF Token
26-06-04 11:23:41.939 [http-nio-8080-exec-3] [32mTRACE[0;39m o.s.security.web.FilterChainProxy    [ |  | ] - Invoking ExceptionTranslationFilter (14/15)
26-06-04 11:23:41.939 [http-nio-8080-exec-3] [32mTRACE[0;39m o.s.security.web.FilterChainProxy    [ |  | ] - Invoking AuthorizationFilter (15/15)
26-06-04 11:23:41.939 [http-nio-8080-exec-1] [32mTRACE[0;39m o.s.security.web.FilterChainProxy    [ |  | ] - Invoking HeaderWriterFilter (4/15)
26-06-04 11:23:41.939 [http-nio-8080-exec-1] [32mTRACE[0;39m o.s.security.web.FilterChainProxy    [ |  | ] - Invoking CsrfFilter (5/15)
26-06-04 11:23:41.939 [http-nio-8080-exec-1] [32mTRACE[0;39m o.s.security.web.csrf.CsrfFilter     [ |  | ] - Did not protect against CSRF since request did not match CsrfNotRequired [TRACE, HEAD, GET, OPTIONS]
26-06-04 11:23:41.938 [http-nio-8080-exec-4] [32mTRACE[0;39m o.s.security.web.FilterChainProxy    [ |  | ] - Invoking JwtAuthenticationFilter (7/15)
26-06-04 11:23:41.940 [http-nio-8080-exec-3] [32mTRACE[0;39m o.s.s.w.a.i.RequestMatcherDelegatingAuthorizationManager [ |  | ] - Authorizing GET /api/binaryContents/4fd4171e-ff8a-481e-8514-fbf9a23332de
26-06-04 11:23:41.942 [http-nio-8080-exec-3] [32mTRACE[0;39m o.s.s.w.a.i.RequestMatcherDelegatingAuthorizationManager [ |  | ] - Checking authorization on GET /api/binaryContents/4fd4171e-ff8a-481e-8514-fbf9a23332de using org.springframework.security.authorization.AuthenticatedAuthorizationManager@5d73ce5
26-06-04 11:23:41.943 [http-nio-8080-exec-3] [32mDEBUG[0;39m o.s.security.web.FilterChainProxy    [ |  | ] - Secured GET /api/binaryContents/4fd4171e-ff8a-481e-8514-fbf9a23332de
26-06-04 11:23:41.944 [http-nio-8080-exec-3] [32mDEBUG[0;39m c.s.m.d.config.MDCLoggingInterceptor [6cb34a0b2c954c989138da17cc60987c | GET | /api/binaryContents/4fd4171e-ff8a-481e-8514-fbf9a23332de] - Request started
26-06-04 11:23:41.946 [http-nio-8080-exec-3] [32mINFO [0;39m c.s.m.d.c.BinaryContentController    [6cb34a0b2c954c989138da17cc60987c | GET | /api/binaryContents/4fd4171e-ff8a-481e-8514-fbf9a23332de] - 바이너리 컨텐츠 조회 요청: id=4fd4171e-ff8a-481e-8514-fbf9a23332de
26-06-04 11:23:41.947 [http-nio-8080-exec-3] [32mDEBUG[0;39m c.s.m.d.s.b.BasicBinaryContentService [6cb34a0b2c954c989138da17cc60987c | GET | /api/binaryContents/4fd4171e-ff8a-481e-8514-fbf9a23332de] - 바이너리 컨텐츠 조회 시작: id=4fd4171e-ff8a-481e-8514-fbf9a23332de
26-06-04 11:23:41.948 [http-nio-8080-exec-8] [32mTRACE[0;39m o.s.s.w.h.writers.HstsHeaderWriter   [8a89d0bd282b4d6c9103e90323ee098b | GET | /api/messages] - Not injecting HSTS header since it did not match request to [Is Secure]
26-06-04 11:23:41.948 [http-nio-8080-exec-4] [32mTRACE[0;39m o.s.s.w.c.SupplierDeferredSecurityContext [ |  | ] - Created SecurityContextImpl [Null authentication]
26-06-04 11:23:41.948 [http-nio-8080-exec-4] [32mDEBUG[0;39m c.s.m.d.s.f.JwtAuthenticationFilter  [ |  | ] - Security Context에 'user1' 인증 정보를 저장했습니다.
26-06-04 11:23:41.948 [http-nio-8080-exec-4] [32mTRACE[0;39m o.s.security.web.FilterChainProxy    [ |  | ] - Invoking UsernamePasswordAuthenticationFilter (8/15)
26-06-04 11:23:41.948 [http-nio-8080-exec-4] [32mTRACE[0;39m o.s.s.w.a.UsernamePasswordAuthenticationFilter [ |  | ] - Did not match request to Ant [pattern='/api/auth/login', POST]
26-06-04 11:23:41.948 [http-nio-8080-exec-4] [32mTRACE[0;39m o.s.security.web.FilterChainProxy    [ |  | ] - Invoking RequestCacheAwareFilter (9/15)
26-06-04 11:23:41.948 [http-nio-8080-exec-4] [32mTRACE[0;39m o.s.security.web.FilterChainProxy    [ |  | ] - Invoking SecurityContextHolderAwareRequestFilter (10/15)
26-06-04 11:23:41.948 [http-nio-8080-exec-4] [32mTRACE[0;39m o.s.security.web.FilterChainProxy    [ |  | ] - Invoking RememberMeAuthenticationFilter (11/15)
26-06-04 11:23:41.948 [http-nio-8080-exec-4] [32mDEBUG[0;39m o.s.s.w.a.r.RememberMeAuthenticationFilter [ |  | ] - SecurityContextHolder not populated with remember-me token, as it already contained: 'UsernamePasswordAuthenticationToken [Principal=org.springframework.security.core.userdetails.User [Username=user1, Password=[PROTECTED], Enabled=true, AccountNonExpired=true, CredentialsNonExpired=true, AccountNonLocked=true, Granted Authorities=[ROLE_USER]], Credentials=[PROTECTED], Authenticated=true, Details=null, Granted Authorities=[ROLE_USER]]'
26-06-04 11:23:41.948 [http-nio-8080-exec-8] [32mDEBUG[0;39m c.s.m.d.config.MDCLoggingInterceptor [8a89d0bd282b4d6c9103e90323ee098b | GET | /api/messages] - Request completed
26-06-04 11:23:41.949 [http-nio-8080-exec-4] [32mTRACE[0;39m o.s.security.web.FilterChainProxy    [ |  | ] - Invoking AnonymousAuthenticationFilter (12/15)
26-06-04 11:23:41.950 [http-nio-8080-exec-4] [32mTRACE[0;39m o.s.security.web.FilterChainProxy    [ |  | ] - Invoking SessionManagementFilter (13/15)
26-06-04 11:23:41.950 [http-nio-8080-exec-4] [32mTRACE[0;39m o.s.s.w.a.AnonymousAuthenticationFilter [ |  | ] - Did not set SecurityContextHolder since already authenticated UsernamePasswordAuthenticationToken [Principal=org.springframework.security.core.userdetails.User [Username=user1, Password=[PROTECTED], Enabled=true, AccountNonExpired=true, CredentialsNonExpired=true, AccountNonLocked=true, Granted Authorities=[ROLE_USER]], Credentials=[PROTECTED], Authenticated=true, Details=null, Granted Authorities=[ROLE_USER]]
26-06-04 11:23:41.950 [http-nio-8080-exec-4] [32mTRACE[0;39m o.s.s.w.a.s.CompositeSessionAuthenticationStrategy [ |  | ] - Preparing session with ChangeSessionIdAuthenticationStrategy (1/2)
26-06-04 11:23:41.950 [http-nio-8080-exec-4] [32mTRACE[0;39m o.s.s.w.a.s.CompositeSessionAuthenticationStrategy [ |  | ] - Preparing session with CsrfAuthenticationStrategy (2/2)
26-06-04 11:23:41.951 [http-nio-8080-exec-4] [32mDEBUG[0;39m o.s.s.w.c.CsrfAuthenticationStrategy [ |  | ] - Replaced CSRF Token
26-06-04 11:23:41.952 [http-nio-8080-exec-4] [32mTRACE[0;39m o.s.security.web.FilterChainProxy    [ |  | ] - Invoking ExceptionTranslationFilter (14/15)
26-06-04 11:23:41.940 [http-nio-8080-exec-1] [32mTRACE[0;39m o.s.security.web.FilterChainProxy    [ |  | ] - Invoking LogoutFilter (6/15)
26-06-04 11:23:41.952 [http-nio-8080-exec-4] [32mTRACE[0;39m o.s.security.web.FilterChainProxy    [ |  | ] - Invoking AuthorizationFilter (15/15)
26-06-04 11:23:41.952 [http-nio-8080-exec-1] [32mTRACE[0;39m o.s.s.w.a.logout.LogoutFilter        [ |  | ] - Did not match request to Ant [pattern='/api/auth/logout', POST]
26-06-04 11:23:41.952 [http-nio-8080-exec-1] [32mTRACE[0;39m o.s.security.web.FilterChainProxy    [ |  | ] - Invoking JwtAuthenticationFilter (7/15)
26-06-04 11:23:41.952 [http-nio-8080-exec-4] [32mTRACE[0;39m o.s.s.w.a.i.RequestMatcherDelegatingAuthorizationManager [ |  | ] - Authorizing GET /api/binaryContents/db45008b-422a-4561-80f3-ef70a5a130df
26-06-04 11:23:41.952 [http-nio-8080-exec-4] [32mTRACE[0;39m o.s.s.w.a.i.RequestMatcherDelegatingAuthorizationManager [ |  | ] - Checking authorization on GET /api/binaryContents/db45008b-422a-4561-80f3-ef70a5a130df using org.springframework.security.authorization.AuthenticatedAuthorizationManager@5d73ce5
26-06-04 11:23:41.952 [http-nio-8080-exec-4] [32mDEBUG[0;39m o.s.security.web.FilterChainProxy    [ |  | ] - Secured GET /api/binaryContents/db45008b-422a-4561-80f3-ef70a5a130df
26-06-04 11:23:41.947 [http-nio-8080-exec-10] [32mTRACE[0;39m o.s.security.web.FilterChainProxy    [ |  | ] - Trying to match request against DefaultSecurityFilterChain defined as 'filterChain' in [class path resource [com/sprint/mission/discodeit/config/SecurityConfig.class]] matching [any request] and having filters [DisableEncodeUrl, WebAsyncManagerIntegration, SecurityContextHolder, HeaderWriter, Csrf, Logout, JwtAuthentication, UsernamePasswordAuthentication, RequestCacheAware, SecurityContextHolderAwareRequest, RememberMeAuthentication, AnonymousAuthentication, SessionManagement, ExceptionTranslation, Authorization] (1/1)
26-06-04 11:23:41.954 [http-nio-8080-exec-10] [32mDEBUG[0;39m o.s.security.web.FilterChainProxy    [ |  | ] - Securing GET /api/binaryContents/a858b590-7b4a-44f0-ba43-cd879d9f1055
26-06-04 11:23:41.954 [http-nio-8080-exec-10] [32mTRACE[0;39m o.s.security.web.FilterChainProxy    [ |  | ] - Invoking DisableEncodeUrlFilter (1/15)
26-06-04 11:23:41.954 [http-nio-8080-exec-1] [32mTRACE[0;39m o.s.s.w.c.SupplierDeferredSecurityContext [ |  | ] - Created SecurityContextImpl [Null authentication]
26-06-04 11:23:41.954 [http-nio-8080-exec-1] [32mDEBUG[0;39m c.s.m.d.s.f.JwtAuthenticationFilter  [ |  | ] - Security Context에 'user1' 인증 정보를 저장했습니다.
26-06-04 11:23:41.954 [http-nio-8080-exec-1] [32mTRACE[0;39m o.s.security.web.FilterChainProxy    [ |  | ] - Invoking UsernamePasswordAuthenticationFilter (8/15)
26-06-04 11:23:41.954 [http-nio-8080-exec-10] [32mTRACE[0;39m o.s.security.web.FilterChainProxy    [ |  | ] - Invoking WebAsyncManagerIntegrationFilter (2/15)
26-06-04 11:23:41.954 [http-nio-8080-exec-1] [32mTRACE[0;39m o.s.s.w.a.UsernamePasswordAuthenticationFilter [ |  | ] - Did not match request to Ant [pattern='/api/auth/login', POST]
26-06-04 11:23:41.954 [http-nio-8080-exec-1] [32mTRACE[0;39m o.s.security.web.FilterChainProxy    [ |  | ] - Invoking RequestCacheAwareFilter (9/15)
26-06-04 11:23:41.954 [http-nio-8080-exec-1] [32mTRACE[0;39m o.s.security.web.FilterChainProxy    [ |  | ] - Invoking SecurityContextHolderAwareRequestFilter (10/15)
26-06-04 11:23:41.954 [http-nio-8080-exec-1] [32mTRACE[0;39m o.s.security.web.FilterChainProxy    [ |  | ] - Invoking RememberMeAuthenticationFilter (11/15)
26-06-04 11:23:41.954 [http-nio-8080-exec-1] [32mDEBUG[0;39m o.s.s.w.a.r.RememberMeAuthenticationFilter [ |  | ] - SecurityContextHolder not populated with remember-me token, as it already contained: 'UsernamePasswordAuthenticationToken [Principal=org.springframework.security.core.userdetails.User [Username=user1, Password=[PROTECTED], Enabled=true, AccountNonExpired=true, CredentialsNonExpired=true, AccountNonLocked=true, Granted Authorities=[ROLE_USER]], Credentials=[PROTECTED], Authenticated=true, Details=null, Granted Authorities=[ROLE_USER]]'
26-06-04 11:23:41.954 [http-nio-8080-exec-1] [32mTRACE[0;39m o.s.security.web.FilterChainProxy    [ |  | ] - Invoking AnonymousAuthenticationFilter (12/15)
26-06-04 11:23:41.954 [http-nio-8080-exec-1] [32mTRACE[0;39m o.s.security.web.FilterChainProxy    [ |  | ] - Invoking SessionManagementFilter (13/15)
26-06-04 11:23:41.955 [http-nio-8080-exec-4] [32mDEBUG[0;39m c.s.m.d.config.MDCLoggingInterceptor [b515cf55b0314a7086ad658474b69161 | GET | /api/binaryContents/db45008b-422a-4561-80f3-ef70a5a130df] - Request started
26-06-04 11:23:41.954 [http-nio-8080-exec-10] [32mTRACE[0;39m o.s.security.web.FilterChainProxy    [ |  | ] - Invoking SecurityContextHolderFilter (3/15)
26-06-04 11:23:41.955 [http-nio-8080-exec-1] [32mTRACE[0;39m o.s.s.w.a.AnonymousAuthenticationFilter [ |  | ] - Did not set SecurityContextHolder since already authenticated UsernamePasswordAuthenticationToken [Principal=org.springframework.security.core.userdetails.User [Username=user1, Password=[PROTECTED], Enabled=true, AccountNonExpired=true, CredentialsNonExpired=true, AccountNonLocked=true, Granted Authorities=[ROLE_USER]], Credentials=[PROTECTED], Authenticated=true, Details=null, Granted Authorities=[ROLE_USER]]
26-06-04 11:23:41.956 [http-nio-8080-exec-10] [32mTRACE[0;39m o.s.security.web.FilterChainProxy    [ |  | ] - Invoking HeaderWriterFilter (4/15)
26-06-04 11:23:41.956 [http-nio-8080-exec-1] [32mTRACE[0;39m o.s.s.w.a.s.CompositeSessionAuthenticationStrategy [ |  | ] - Preparing session with ChangeSessionIdAuthenticationStrategy (1/2)
26-06-04 11:23:41.956 [http-nio-8080-exec-1] [32mTRACE[0;39m o.s.s.w.a.s.CompositeSessionAuthenticationStrategy [ |  | ] - Preparing session with CsrfAuthenticationStrategy (2/2)
26-06-04 11:23:41.956 [http-nio-8080-exec-1] [32mDEBUG[0;39m o.s.s.w.c.CsrfAuthenticationStrategy [ |  | ] - Replaced CSRF Token
26-06-04 11:23:41.956 [http-nio-8080-exec-1] [32mTRACE[0;39m o.s.security.web.FilterChainProxy    [ |  | ] - Invoking ExceptionTranslationFilter (14/15)
26-06-04 11:23:41.956 [http-nio-8080-exec-4] [32mINFO [0;39m c.s.m.d.c.BinaryContentController    [b515cf55b0314a7086ad658474b69161 | GET | /api/binaryContents/db45008b-422a-4561-80f3-ef70a5a130df] - 바이너리 컨텐츠 조회 요청: id=db45008b-422a-4561-80f3-ef70a5a130df
26-06-04 11:23:41.956 [http-nio-8080-exec-10] [32mTRACE[0;39m o.s.security.web.FilterChainProxy    [ |  | ] - Invoking CsrfFilter (5/15)
26-06-04 11:23:41.956 [http-nio-8080-exec-6] [32mTRACE[0;39m o.s.security.web.FilterChainProxy    [ |  | ] - Trying to match request against DefaultSecurityFilterChain defined as 'filterChain' in [class path resource [com/sprint/mission/discodeit/config/SecurityConfig.class]] matching [any request] and having filters [DisableEncodeUrl, WebAsyncManagerIntegration, SecurityContextHolder, HeaderWriter, Csrf, Logout, JwtAuthentication, UsernamePasswordAuthentication, RequestCacheAware, SecurityContextHolderAwareRequest, RememberMeAuthentication, AnonymousAuthentication, SessionManagement, ExceptionTranslation, Authorization] (1/1)
26-06-04 11:23:41.956 [http-nio-8080-exec-6] [32mDEBUG[0;39m o.s.security.web.FilterChainProxy    [ |  | ] - Securing GET /api/binaryContents/ce33e24c-1cd3-4ba5-8ad4-43dc14ae93cd
26-06-04 11:23:41.956 [http-nio-8080-exec-6] [32mTRACE[0;39m o.s.security.web.FilterChainProxy    [ |  | ] - Invoking DisableEncodeUrlFilter (1/15)
26-06-04 11:23:41.956 [http-nio-8080-exec-4] [32mDEBUG[0;39m c.s.m.d.s.b.BasicBinaryContentService [b515cf55b0314a7086ad658474b69161 | GET | /api/binaryContents/db45008b-422a-4561-80f3-ef70a5a130df] - 바이너리 컨텐츠 조회 시작: id=db45008b-422a-4561-80f3-ef70a5a130df
26-06-04 11:23:41.956 [http-nio-8080-exec-10] [32mTRACE[0;39m o.s.security.web.csrf.CsrfFilter     [ |  | ] - Did not protect against CSRF since request did not match CsrfNotRequired [TRACE, HEAD, GET, OPTIONS]
26-06-04 11:23:41.956 [http-nio-8080-exec-10] [32mTRACE[0;39m o.s.security.web.FilterChainProxy    [ |  | ] - Invoking LogoutFilter (6/15)
26-06-04 11:23:41.956 [http-nio-8080-exec-10] [32mTRACE[0;39m o.s.s.w.a.logout.LogoutFilter        [ |  | ] - Did not match request to Ant [pattern='/api/auth/logout', POST]
26-06-04 11:23:41.956 [http-nio-8080-exec-10] [32mTRACE[0;39m o.s.security.web.FilterChainProxy    [ |  | ] - Invoking JwtAuthenticationFilter (7/15)
26-06-04 11:23:41.956 [http-nio-8080-exec-6] [32mTRACE[0;39m o.s.security.web.FilterChainProxy    [ |  | ] - Invoking WebAsyncManagerIntegrationFilter (2/15)
26-06-04 11:23:41.956 [http-nio-8080-exec-6] [32mTRACE[0;39m o.s.security.web.FilterChainProxy    [ |  | ] - Invoking SecurityContextHolderFilter (3/15)
26-06-04 11:23:41.956 [http-nio-8080-exec-1] [32mTRACE[0;39m o.s.security.web.FilterChainProxy    [ |  | ] - Invoking AuthorizationFilter (15/15)
26-06-04 11:23:41.956 [http-nio-8080-exec-6] [32mTRACE[0;39m o.s.security.web.FilterChainProxy    [ |  | ] - Invoking HeaderWriterFilter (4/15)
26-06-04 11:23:41.956 [http-nio-8080-exec-6] [32mTRACE[0;39m o.s.security.web.FilterChainProxy    [ |  | ] - Invoking CsrfFilter (5/15)
26-06-04 11:23:41.956 [http-nio-8080-exec-1] [32mTRACE[0;39m o.s.s.w.a.i.RequestMatcherDelegatingAuthorizationManager [ |  | ] - Authorizing GET /api/binaryContents/218f6a3b-78a9-4010-853a-acf57b5fde71
26-06-04 11:23:41.957 [http-nio-8080-exec-6] [32mTRACE[0;39m o.s.security.web.csrf.CsrfFilter     [ |  | ] - Did not protect against CSRF since request did not match CsrfNotRequired [TRACE, HEAD, GET, OPTIONS]
26-06-04 11:23:41.957 [http-nio-8080-exec-1] [32mTRACE[0;39m o.s.s.w.a.i.RequestMatcherDelegatingAuthorizationManager [ |  | ] - Checking authorization on GET /api/binaryContents/218f6a3b-78a9-4010-853a-acf57b5fde71 using org.springframework.security.authorization.AuthenticatedAuthorizationManager@5d73ce5
26-06-04 11:23:41.957 [http-nio-8080-exec-6] [32mTRACE[0;39m o.s.security.web.FilterChainProxy    [ |  | ] - Invoking LogoutFilter (6/15)
26-06-04 11:23:41.957 [http-nio-8080-exec-6] [32mTRACE[0;39m o.s.s.w.a.logout.LogoutFilter        [ |  | ] - Did not match request to Ant [pattern='/api/auth/logout', POST]
26-06-04 11:23:41.957 [http-nio-8080-exec-6] [32mTRACE[0;39m o.s.security.web.FilterChainProxy    [ |  | ] - Invoking JwtAuthenticationFilter (7/15)
26-06-04 11:23:41.957 [http-nio-8080-exec-1] [32mDEBUG[0;39m o.s.security.web.FilterChainProxy    [ |  | ] - Secured GET /api/binaryContents/218f6a3b-78a9-4010-853a-acf57b5fde71
26-06-04 11:23:41.958 [http-nio-8080-exec-6] [32mTRACE[0;39m o.s.s.w.c.SupplierDeferredSecurityContext [ |  | ] - Created SecurityContextImpl [Null authentication]
26-06-04 11:23:41.958 [http-nio-8080-exec-6] [32mDEBUG[0;39m c.s.m.d.s.f.JwtAuthenticationFilter  [ |  | ] - Security Context에 'user1' 인증 정보를 저장했습니다.
26-06-04 11:23:41.958 [http-nio-8080-exec-6] [32mTRACE[0;39m o.s.security.web.FilterChainProxy    [ |  | ] - Invoking UsernamePasswordAuthenticationFilter (8/15)
26-06-04 11:23:41.958 [http-nio-8080-exec-6] [32mTRACE[0;39m o.s.s.w.a.UsernamePasswordAuthenticationFilter [ |  | ] - Did not match request to Ant [pattern='/api/auth/login', POST]
26-06-04 11:23:41.958 [http-nio-8080-exec-6] [32mTRACE[0;39m o.s.security.web.FilterChainProxy    [ |  | ] - Invoking RequestCacheAwareFilter (9/15)
26-06-04 11:23:41.958 [http-nio-8080-exec-6] [32mTRACE[0;39m o.s.security.web.FilterChainProxy    [ |  | ] - Invoking SecurityContextHolderAwareRequestFilter (10/15)
26-06-04 11:23:41.958 [http-nio-8080-exec-6] [32mTRACE[0;39m o.s.security.web.FilterChainProxy    [ |  | ] - Invoking RememberMeAuthenticationFilter (11/15)
26-06-04 11:23:41.958 [http-nio-8080-exec-1] [32mDEBUG[0;39m c.s.m.d.config.MDCLoggingInterceptor [f939242f3aa747dca12735d0ce5cb664 | GET | /api/binaryContents/218f6a3b-78a9-4010-853a-acf57b5fde71] - Request started
26-06-04 11:23:41.958 [http-nio-8080-exec-6] [32mDEBUG[0;39m o.s.s.w.a.r.RememberMeAuthenticationFilter [ |  | ] - SecurityContextHolder not populated with remember-me token, as it already contained: 'UsernamePasswordAuthenticationToken [Principal=org.springframework.security.core.userdetails.User [Username=user1, Password=[PROTECTED], Enabled=true, AccountNonExpired=true, CredentialsNonExpired=true, AccountNonLocked=true, Granted Authorities=[ROLE_USER]], Credentials=[PROTECTED], Authenticated=true, Details=null, Granted Authorities=[ROLE_USER]]'
26-06-04 11:23:41.958 [http-nio-8080-exec-6] [32mTRACE[0;39m o.s.security.web.FilterChainProxy    [ |  | ] - Invoking AnonymousAuthenticationFilter (12/15)
26-06-04 11:23:41.958 [http-nio-8080-exec-6] [32mTRACE[0;39m o.s.security.web.FilterChainProxy    [ |  | ] - Invoking SessionManagementFilter (13/15)
26-06-04 11:23:41.958 [http-nio-8080-exec-10] [32mTRACE[0;39m o.s.s.w.c.SupplierDeferredSecurityContext [ |  | ] - Created SecurityContextImpl [Null authentication]
26-06-04 11:23:41.958 [http-nio-8080-exec-10] [32mDEBUG[0;39m c.s.m.d.s.f.JwtAuthenticationFilter  [ |  | ] - Security Context에 'user1' 인증 정보를 저장했습니다.
26-06-04 11:23:41.958 [http-nio-8080-exec-10] [32mTRACE[0;39m o.s.security.web.FilterChainProxy    [ |  | ] - Invoking UsernamePasswordAuthenticationFilter (8/15)
26-06-04 11:23:41.959 [http-nio-8080-exec-1] [32mINFO [0;39m c.s.m.d.c.BinaryContentController    [f939242f3aa747dca12735d0ce5cb664 | GET | /api/binaryContents/218f6a3b-78a9-4010-853a-acf57b5fde71] - 바이너리 컨텐츠 조회 요청: id=218f6a3b-78a9-4010-853a-acf57b5fde71
26-06-04 11:23:41.958 [http-nio-8080-exec-10] [32mTRACE[0;39m o.s.s.w.a.UsernamePasswordAuthenticationFilter [ |  | ] - Did not match request to Ant [pattern='/api/auth/login', POST]
26-06-04 11:23:41.959 [http-nio-8080-exec-10] [32mTRACE[0;39m o.s.security.web.FilterChainProxy    [ |  | ] - Invoking RequestCacheAwareFilter (9/15)
26-06-04 11:23:41.961 [http-nio-8080-exec-10] [32mTRACE[0;39m o.s.security.web.FilterChainProxy    [ |  | ] - Invoking SecurityContextHolderAwareRequestFilter (10/15)
26-06-04 11:23:41.961 [http-nio-8080-exec-10] [32mTRACE[0;39m o.s.security.web.FilterChainProxy    [ |  | ] - Invoking RememberMeAuthenticationFilter (11/15)
26-06-04 11:23:41.962 [http-nio-8080-exec-10] [32mDEBUG[0;39m o.s.s.w.a.r.RememberMeAuthenticationFilter [ |  | ] - SecurityContextHolder not populated with remember-me token, as it already contained: 'UsernamePasswordAuthenticationToken [Principal=org.springframework.security.core.userdetails.User [Username=user1, Password=[PROTECTED], Enabled=true, AccountNonExpired=true, CredentialsNonExpired=true, AccountNonLocked=true, Granted Authorities=[ROLE_USER]], Credentials=[PROTECTED], Authenticated=true, Details=null, Granted Authorities=[ROLE_USER]]'
26-06-04 11:23:41.962 [http-nio-8080-exec-10] [32mTRACE[0;39m o.s.security.web.FilterChainProxy    [ |  | ] - Invoking AnonymousAuthenticationFilter (12/15)
26-06-04 11:23:41.962 [http-nio-8080-exec-10] [32mTRACE[0;39m o.s.security.web.FilterChainProxy    [ |  | ] - Invoking SessionManagementFilter (13/15)
26-06-04 11:23:41.962 [http-nio-8080-exec-10] [32mTRACE[0;39m o.s.s.w.a.AnonymousAuthenticationFilter [ |  | ] - Did not set SecurityContextHolder since already authenticated UsernamePasswordAuthenticationToken [Principal=org.springframework.security.core.userdetails.User [Username=user1, Password=[PROTECTED], Enabled=true, AccountNonExpired=true, CredentialsNonExpired=true, AccountNonLocked=true, Granted Authorities=[ROLE_USER]], Credentials=[PROTECTED], Authenticated=true, Details=null, Granted Authorities=[ROLE_USER]]
26-06-04 11:23:41.962 [http-nio-8080-exec-10] [32mTRACE[0;39m o.s.s.w.a.s.CompositeSessionAuthenticationStrategy [ |  | ] - Preparing session with ChangeSessionIdAuthenticationStrategy (1/2)
26-06-04 11:23:41.962 [http-nio-8080-exec-10] [32mTRACE[0;39m o.s.s.w.a.s.CompositeSessionAuthenticationStrategy [ |  | ] - Preparing session with CsrfAuthenticationStrategy (2/2)
26-06-04 11:23:41.960 [http-nio-8080-exec-1] [32mDEBUG[0;39m c.s.m.d.s.b.BasicBinaryContentService [f939242f3aa747dca12735d0ce5cb664 | GET | /api/binaryContents/218f6a3b-78a9-4010-853a-acf57b5fde71] - 바이너리 컨텐츠 조회 시작: id=218f6a3b-78a9-4010-853a-acf57b5fde71
26-06-04 11:23:41.962 [http-nio-8080-exec-10] [32mDEBUG[0;39m o.s.s.w.c.CsrfAuthenticationStrategy [ |  | ] - Replaced CSRF Token
26-06-04 11:23:41.962 [http-nio-8080-exec-10] [32mTRACE[0;39m o.s.security.web.FilterChainProxy    [ |  | ] - Invoking ExceptionTranslationFilter (14/15)
26-06-04 11:23:41.962 [http-nio-8080-exec-10] [32mTRACE[0;39m o.s.security.web.FilterChainProxy    [ |  | ] - Invoking AuthorizationFilter (15/15)
26-06-04 11:23:41.961 [http-nio-8080-exec-6] [32mTRACE[0;39m o.s.s.w.a.AnonymousAuthenticationFilter [ |  | ] - Did not set SecurityContextHolder since already authenticated UsernamePasswordAuthenticationToken [Principal=org.springframework.security.core.userdetails.User [Username=user1, Password=[PROTECTED], Enabled=true, AccountNonExpired=true, CredentialsNonExpired=true, AccountNonLocked=true, Granted Authorities=[ROLE_USER]], Credentials=[PROTECTED], Authenticated=true, Details=null, Granted Authorities=[ROLE_USER]]
26-06-04 11:23:41.962 [http-nio-8080-exec-6] [32mTRACE[0;39m o.s.s.w.a.s.CompositeSessionAuthenticationStrategy [ |  | ] - Preparing session with ChangeSessionIdAuthenticationStrategy (1/2)
26-06-04 11:23:41.962 [http-nio-8080-exec-6] [32mTRACE[0;39m o.s.s.w.a.s.CompositeSessionAuthenticationStrategy [ |  | ] - Preparing session with CsrfAuthenticationStrategy (2/2)
26-06-04 11:23:41.962 [http-nio-8080-exec-10] [32mTRACE[0;39m o.s.s.w.a.i.RequestMatcherDelegatingAuthorizationManager [ |  | ] - Authorizing GET /api/binaryContents/a858b590-7b4a-44f0-ba43-cd879d9f1055
26-06-04 11:23:41.963 [http-nio-8080-exec-10] [32mTRACE[0;39m o.s.s.w.a.i.RequestMatcherDelegatingAuthorizationManager [ |  | ] - Checking authorization on GET /api/binaryContents/a858b590-7b4a-44f0-ba43-cd879d9f1055 using org.springframework.security.authorization.AuthenticatedAuthorizationManager@5d73ce5
26-06-04 11:23:41.963 [http-nio-8080-exec-6] [32mDEBUG[0;39m o.s.s.w.c.CsrfAuthenticationStrategy [ |  | ] - Replaced CSRF Token
26-06-04 11:23:41.963 [http-nio-8080-exec-6] [32mTRACE[0;39m o.s.security.web.FilterChainProxy    [ |  | ] - Invoking ExceptionTranslationFilter (14/15)
26-06-04 11:23:41.963 [http-nio-8080-exec-6] [32mTRACE[0;39m o.s.security.web.FilterChainProxy    [ |  | ] - Invoking AuthorizationFilter (15/15)
26-06-04 11:23:41.963 [http-nio-8080-exec-6] [32mTRACE[0;39m o.s.s.w.a.i.RequestMatcherDelegatingAuthorizationManager [ |  | ] - Authorizing GET /api/binaryContents/ce33e24c-1cd3-4ba5-8ad4-43dc14ae93cd
26-06-04 11:23:41.963 [http-nio-8080-exec-10] [32mDEBUG[0;39m o.s.security.web.FilterChainProxy    [ |  | ] - Secured GET /api/binaryContents/a858b590-7b4a-44f0-ba43-cd879d9f1055
26-06-04 11:23:41.963 [http-nio-8080-exec-6] [32mTRACE[0;39m o.s.s.w.a.i.RequestMatcherDelegatingAuthorizationManager [ |  | ] - Checking authorization on GET /api/binaryContents/ce33e24c-1cd3-4ba5-8ad4-43dc14ae93cd using org.springframework.security.authorization.AuthenticatedAuthorizationManager@5d73ce5
26-06-04 11:23:41.963 [http-nio-8080-exec-6] [32mDEBUG[0;39m o.s.security.web.FilterChainProxy    [ |  | ] - Secured GET /api/binaryContents/ce33e24c-1cd3-4ba5-8ad4-43dc14ae93cd
26-06-04 11:23:41.963 [http-nio-8080-exec-6] [32mDEBUG[0;39m c.s.m.d.config.MDCLoggingInterceptor [5b6f76be1b9b436cb71d803bc311454b | GET | /api/binaryContents/ce33e24c-1cd3-4ba5-8ad4-43dc14ae93cd] - Request started
26-06-04 11:23:41.963 [http-nio-8080-exec-10] [32mDEBUG[0;39m c.s.m.d.config.MDCLoggingInterceptor [1b84c7a1abb940dea64308428a739f19 | GET | /api/binaryContents/a858b590-7b4a-44f0-ba43-cd879d9f1055] - Request started
26-06-04 11:23:41.963 [http-nio-8080-exec-6] [32mINFO [0;39m c.s.m.d.c.BinaryContentController    [5b6f76be1b9b436cb71d803bc311454b | GET | /api/binaryContents/ce33e24c-1cd3-4ba5-8ad4-43dc14ae93cd] - 바이너리 컨텐츠 조회 요청: id=ce33e24c-1cd3-4ba5-8ad4-43dc14ae93cd
26-06-04 11:23:41.963 [http-nio-8080-exec-6] [32mDEBUG[0;39m c.s.m.d.s.b.BasicBinaryContentService [5b6f76be1b9b436cb71d803bc311454b | GET | /api/binaryContents/ce33e24c-1cd3-4ba5-8ad4-43dc14ae93cd] - 바이너리 컨텐츠 조회 시작: id=ce33e24c-1cd3-4ba5-8ad4-43dc14ae93cd
26-06-04 11:23:41.964 [http-nio-8080-exec-10] [32mINFO [0;39m c.s.m.d.c.BinaryContentController    [1b84c7a1abb940dea64308428a739f19 | GET | /api/binaryContents/a858b590-7b4a-44f0-ba43-cd879d9f1055] - 바이너리 컨텐츠 조회 요청: id=a858b590-7b4a-44f0-ba43-cd879d9f1055
26-06-04 11:23:41.964 [http-nio-8080-exec-10] [32mDEBUG[0;39m c.s.m.d.s.b.BasicBinaryContentService [1b84c7a1abb940dea64308428a739f19 | GET | /api/binaryContents/a858b590-7b4a-44f0-ba43-cd879d9f1055] - 바이너리 컨텐츠 조회 시작: id=a858b590-7b4a-44f0-ba43-cd879d9f1055
26-06-04 11:23:41.968 [http-nio-8080-exec-10] [32mDEBUG[0;39m org.hibernate.SQL                    [1b84c7a1abb940dea64308428a739f19 | GET | /api/binaryContents/a858b590-7b4a-44f0-ba43-cd879d9f1055] - 
    select
        bc1_0.id,
        bc1_0.content_type,
        bc1_0.created_at,
        bc1_0.file_name,
        bc1_0.size,
        bc1_0.status,
        bc1_0.updated_at 
    from
        binary_contents bc1_0 
    where
        bc1_0.id=?
26-06-04 11:23:41.968 [http-nio-8080-exec-1] [32mDEBUG[0;39m org.hibernate.SQL                    [f939242f3aa747dca12735d0ce5cb664 | GET | /api/binaryContents/218f6a3b-78a9-4010-853a-acf57b5fde71] - 
    select
        bc1_0.id,
        bc1_0.content_type,
        bc1_0.created_at,
        bc1_0.file_name,
        bc1_0.size,
        bc1_0.status,
        bc1_0.updated_at 
    from
        binary_contents bc1_0 
    where
        bc1_0.id=?
26-06-04 11:23:41.968 [http-nio-8080-exec-3] [32mDEBUG[0;39m org.hibernate.SQL                    [6cb34a0b2c954c989138da17cc60987c | GET | /api/binaryContents/4fd4171e-ff8a-481e-8514-fbf9a23332de] - 
    select
        bc1_0.id,
        bc1_0.content_type,
        bc1_0.created_at,
        bc1_0.file_name,
        bc1_0.size,
        bc1_0.status,
        bc1_0.updated_at 
    from
        binary_contents bc1_0 
    where
        bc1_0.id=?
26-06-04 11:23:41.969 [http-nio-8080-exec-6] [32mDEBUG[0;39m org.hibernate.SQL                    [5b6f76be1b9b436cb71d803bc311454b | GET | /api/binaryContents/ce33e24c-1cd3-4ba5-8ad4-43dc14ae93cd] - 
    select
        bc1_0.id,
        bc1_0.content_type,
        bc1_0.created_at,
        bc1_0.file_name,
        bc1_0.size,
        bc1_0.status,
        bc1_0.updated_at 
    from
        binary_contents bc1_0 
    where
        bc1_0.id=?
26-06-04 11:23:41.969 [http-nio-8080-exec-6] [32mTRACE[0;39m org.hibernate.orm.jdbc.bind          [5b6f76be1b9b436cb71d803bc311454b | GET | /api/binaryContents/ce33e24c-1cd3-4ba5-8ad4-43dc14ae93cd] - binding parameter (1:UUID) <- [ce33e24c-1cd3-4ba5-8ad4-43dc14ae93cd]
26-06-04 11:23:41.968 [http-nio-8080-exec-1] [32mTRACE[0;39m org.hibernate.orm.jdbc.bind          [f939242f3aa747dca12735d0ce5cb664 | GET | /api/binaryContents/218f6a3b-78a9-4010-853a-acf57b5fde71] - binding parameter (1:UUID) <- [218f6a3b-78a9-4010-853a-acf57b5fde71]
26-06-04 11:23:41.969 [http-nio-8080-exec-3] [32mTRACE[0;39m org.hibernate.orm.jdbc.bind          [6cb34a0b2c954c989138da17cc60987c | GET | /api/binaryContents/4fd4171e-ff8a-481e-8514-fbf9a23332de] - binding parameter (1:UUID) <- [4fd4171e-ff8a-481e-8514-fbf9a23332de]
26-06-04 11:23:41.969 [http-nio-8080-exec-7] [32mDEBUG[0;39m org.hibernate.SQL                    [c9510f512a80459795f13f5737772901 | POST | /api/readStatuses] - 
    select
        u1_0.id,
        u1_0.created_at,
        u1_0.email,
        u1_0.password,
        u1_0.profile_id,
        u1_0.role,
        u1_0.updated_at,
        u1_0.username 
    from
        users u1_0 
    where
        u1_0.id=?
26-06-04 11:23:41.969 [http-nio-8080-exec-7] [32mTRACE[0;39m org.hibernate.orm.jdbc.bind          [c9510f512a80459795f13f5737772901 | POST | /api/readStatuses] - binding parameter (1:UUID) <- [d2221d17-7460-4f2d-98b9-0192e1c0a821]
26-06-04 11:23:41.968 [http-nio-8080-exec-4] [32mDEBUG[0;39m org.hibernate.SQL                    [b515cf55b0314a7086ad658474b69161 | GET | /api/binaryContents/db45008b-422a-4561-80f3-ef70a5a130df] - 
    select
        bc1_0.id,
        bc1_0.content_type,
        bc1_0.created_at,
        bc1_0.file_name,
        bc1_0.size,
        bc1_0.status,
        bc1_0.updated_at 
    from
        binary_contents bc1_0 
    where
        bc1_0.id=?
26-06-04 11:23:41.969 [http-nio-8080-exec-4] [32mTRACE[0;39m org.hibernate.orm.jdbc.bind          [b515cf55b0314a7086ad658474b69161 | GET | /api/binaryContents/db45008b-422a-4561-80f3-ef70a5a130df] - binding parameter (1:UUID) <- [db45008b-422a-4561-80f3-ef70a5a130df]
26-06-04 11:23:41.968 [http-nio-8080-exec-10] [32mTRACE[0;39m org.hibernate.orm.jdbc.bind          [1b84c7a1abb940dea64308428a739f19 | GET | /api/binaryContents/a858b590-7b4a-44f0-ba43-cd879d9f1055] - binding parameter (1:UUID) <- [a858b590-7b4a-44f0-ba43-cd879d9f1055]
26-06-04 11:23:41.973 [http-nio-8080-exec-3] [32mINFO [0;39m c.s.m.d.s.b.BasicBinaryContentService [6cb34a0b2c954c989138da17cc60987c | GET | /api/binaryContents/4fd4171e-ff8a-481e-8514-fbf9a23332de] - 바이너리 컨텐츠 조회 완료: id=4fd4171e-ff8a-481e-8514-fbf9a23332de, fileName=뚱이.jpeg
26-06-04 11:23:41.975 [http-nio-8080-exec-1] [32mINFO [0;39m c.s.m.d.s.b.BasicBinaryContentService [f939242f3aa747dca12735d0ce5cb664 | GET | /api/binaryContents/218f6a3b-78a9-4010-853a-acf57b5fde71] - 바이너리 컨텐츠 조회 완료: id=218f6a3b-78a9-4010-853a-acf57b5fde71, fileName=스펀지.jpeg
26-06-04 11:23:41.977 [http-nio-8080-exec-4] [32mINFO [0;39m c.s.m.d.s.b.BasicBinaryContentService [b515cf55b0314a7086ad658474b69161 | GET | /api/binaryContents/db45008b-422a-4561-80f3-ef70a5a130df] - 바이너리 컨텐츠 조회 완료: id=db45008b-422a-4561-80f3-ef70a5a130df, fileName=뚱이.jpeg
26-06-04 11:23:41.977 [http-nio-8080-exec-6] [32mINFO [0;39m c.s.m.d.s.b.BasicBinaryContentService [5b6f76be1b9b436cb71d803bc311454b | GET | /api/binaryContents/ce33e24c-1cd3-4ba5-8ad4-43dc14ae93cd] - 바이너리 컨텐츠 조회 완료: id=ce33e24c-1cd3-4ba5-8ad4-43dc14ae93cd, fileName=스펀지.jpeg
26-06-04 11:23:41.979 [http-nio-8080-exec-7] [33mWARN [0;39m c.s.m.d.c.ReadStatusController       [c9510f512a80459795f13f5737772901 | POST | /api/readStatuses] - 읽음 상태 생성 실패(이미 존재할 가능성 있음), 업데이트로 전환합니다. 사유: 사용자를 찾을 수 없습니다.
26-06-04 11:23:41.980 [http-nio-8080-exec-10] [32mINFO [0;39m c.s.m.d.s.b.BasicBinaryContentService [1b84c7a1abb940dea64308428a739f19 | GET | /api/binaryContents/a858b590-7b4a-44f0-ba43-cd879d9f1055] - 바이너리 컨텐츠 조회 완료: id=a858b590-7b4a-44f0-ba43-cd879d9f1055, fileName=뚱이.jpeg
26-06-04 11:23:41.975 [http-nio-8080-exec-1] [32mDEBUG[0;39m c.s.m.d.c.BinaryContentController    [f939242f3aa747dca12735d0ce5cb664 | GET | /api/binaryContents/218f6a3b-78a9-4010-853a-acf57b5fde71] - 바이너리 컨텐츠 조회 응답: BinaryContentDto[id=218f6a3b-78a9-4010-853a-acf57b5fde71, fileName=스펀지.jpeg, size=7700, contentType=image/jpeg, url=http://localhost:8080/api/binaryContents/218f6a3b-78a9-4010-853a-acf57b5fde71/download]
26-06-04 11:23:41.980 [http-nio-8080-exec-10] [32mDEBUG[0;39m c.s.m.d.c.BinaryContentController    [1b84c7a1abb940dea64308428a739f19 | GET | /api/binaryContents/a858b590-7b4a-44f0-ba43-cd879d9f1055] - 바이너리 컨텐츠 조회 응답: BinaryContentDto[id=a858b590-7b4a-44f0-ba43-cd879d9f1055, fileName=뚱이.jpeg, size=7838, contentType=image/jpeg, url=http://localhost:8080/api/binaryContents/a858b590-7b4a-44f0-ba43-cd879d9f1055/download]
26-06-04 11:23:41.973 [http-nio-8080-exec-3] [32mDEBUG[0;39m c.s.m.d.c.BinaryContentController    [6cb34a0b2c954c989138da17cc60987c | GET | /api/binaryContents/4fd4171e-ff8a-481e-8514-fbf9a23332de] - 바이너리 컨텐츠 조회 응답: BinaryContentDto[id=4fd4171e-ff8a-481e-8514-fbf9a23332de, fileName=뚱이.jpeg, size=7838, contentType=image/jpeg, url=http://localhost:8080/api/binaryContents/4fd4171e-ff8a-481e-8514-fbf9a23332de/download]
26-06-04 11:23:41.978 [http-nio-8080-exec-6] [32mDEBUG[0;39m c.s.m.d.c.BinaryContentController    [5b6f76be1b9b436cb71d803bc311454b | GET | /api/binaryContents/ce33e24c-1cd3-4ba5-8ad4-43dc14ae93cd] - 바이너리 컨텐츠 조회 응답: BinaryContentDto[id=ce33e24c-1cd3-4ba5-8ad4-43dc14ae93cd, fileName=스펀지.jpeg, size=7700, contentType=image/jpeg, url=http://localhost:8080/api/binaryContents/ce33e24c-1cd3-4ba5-8ad4-43dc14ae93cd/download]
26-06-04 11:23:41.977 [http-nio-8080-exec-4] [32mDEBUG[0;39m c.s.m.d.c.BinaryContentController    [b515cf55b0314a7086ad658474b69161 | GET | /api/binaryContents/db45008b-422a-4561-80f3-ef70a5a130df] - 바이너리 컨텐츠 조회 응답: BinaryContentDto[id=db45008b-422a-4561-80f3-ef70a5a130df, fileName=뚱이.jpeg, size=7838, contentType=image/jpeg, url=http://localhost:8080/api/binaryContents/db45008b-422a-4561-80f3-ef70a5a130df/download]
26-06-04 11:23:41.983 [http-nio-8080-exec-3] [32mTRACE[0;39m o.s.s.w.h.writers.HstsHeaderWriter   [6cb34a0b2c954c989138da17cc60987c | GET | /api/binaryContents/4fd4171e-ff8a-481e-8514-fbf9a23332de] - Not injecting HSTS header since it did not match request to [Is Secure]
26-06-04 11:23:41.983 [http-nio-8080-exec-3] [32mDEBUG[0;39m c.s.m.d.config.MDCLoggingInterceptor [6cb34a0b2c954c989138da17cc60987c | GET | /api/binaryContents/4fd4171e-ff8a-481e-8514-fbf9a23332de] - Request completed
26-06-04 11:23:41.985 [http-nio-8080-exec-4] [32mTRACE[0;39m o.s.s.w.h.writers.HstsHeaderWriter   [b515cf55b0314a7086ad658474b69161 | GET | /api/binaryContents/db45008b-422a-4561-80f3-ef70a5a130df] - Not injecting HSTS header since it did not match request to [Is Secure]
26-06-04 11:23:41.985 [http-nio-8080-exec-4] [32mDEBUG[0;39m c.s.m.d.config.MDCLoggingInterceptor [b515cf55b0314a7086ad658474b69161 | GET | /api/binaryContents/db45008b-422a-4561-80f3-ef70a5a130df] - Request completed
26-06-04 11:23:41.985 [http-nio-8080-exec-6] [32mTRACE[0;39m o.s.s.w.h.writers.HstsHeaderWriter   [5b6f76be1b9b436cb71d803bc311454b | GET | /api/binaryContents/ce33e24c-1cd3-4ba5-8ad4-43dc14ae93cd] - Not injecting HSTS header since it did not match request to [Is Secure]
26-06-04 11:23:41.985 [http-nio-8080-exec-7] [32mDEBUG[0;39m c.s.m.d.config.MDCLoggingInterceptor [c9510f512a80459795f13f5737772901 | POST | /api/readStatuses] - Request completed
26-06-04 11:23:41.985 [http-nio-8080-exec-6] [32mDEBUG[0;39m c.s.m.d.config.MDCLoggingInterceptor [5b6f76be1b9b436cb71d803bc311454b | GET | /api/binaryContents/ce33e24c-1cd3-4ba5-8ad4-43dc14ae93cd] - Request completed
26-06-04 11:23:41.985 [http-nio-8080-exec-7] [32mTRACE[0;39m o.s.s.w.h.writers.HstsHeaderWriter   [ |  | ] - Not injecting HSTS header since it did not match request to [Is Secure]
26-06-04 11:23:41.986 [http-nio-8080-exec-1] [32mTRACE[0;39m o.s.s.w.h.writers.HstsHeaderWriter   [f939242f3aa747dca12735d0ce5cb664 | GET | /api/binaryContents/218f6a3b-78a9-4010-853a-acf57b5fde71] - Not injecting HSTS header since it did not match request to [Is Secure]
26-06-04 11:23:41.986 [http-nio-8080-exec-1] [32mDEBUG[0;39m c.s.m.d.config.MDCLoggingInterceptor [f939242f3aa747dca12735d0ce5cb664 | GET | /api/binaryContents/218f6a3b-78a9-4010-853a-acf57b5fde71] - Request completed
26-06-04 11:23:41.992 [http-nio-8080-exec-10] [32mTRACE[0;39m o.s.s.w.h.writers.HstsHeaderWriter   [1b84c7a1abb940dea64308428a739f19 | GET | /api/binaryContents/a858b590-7b4a-44f0-ba43-cd879d9f1055] - Not injecting HSTS header since it did not match request to [Is Secure]
26-06-04 11:23:41.992 [http-nio-8080-exec-10] [32mDEBUG[0;39m c.s.m.d.config.MDCLoggingInterceptor [1b84c7a1abb940dea64308428a739f19 | GET | /api/binaryContents/a858b590-7b4a-44f0-ba43-cd879d9f1055] - Request completed
26-06-04 11:23:41.992 [http-nio-8080-exec-6] [32mTRACE[0;39m o.s.security.web.FilterChainProxy    [ |  | ] - Trying to match request against DefaultSecurityFilterChain defined as 'filterChain' in [class path resource [com/sprint/mission/discodeit/config/SecurityConfig.class]] matching [any request] and having filters [DisableEncodeUrl, WebAsyncManagerIntegration, SecurityContextHolder, HeaderWriter, Csrf, Logout, JwtAuthentication, UsernamePasswordAuthentication, RequestCacheAware, SecurityContextHolderAwareRequest, RememberMeAuthentication, AnonymousAuthentication, SessionManagement, ExceptionTranslation, Authorization] (1/1)
26-06-04 11:23:41.995 [http-nio-8080-exec-6] [32mDEBUG[0;39m o.s.security.web.FilterChainProxy    [ |  | ] - Securing GET /api/binaryContents/ce33e24c-1cd3-4ba5-8ad4-43dc14ae93cd
26-06-04 11:23:41.995 [http-nio-8080-exec-6] [32mTRACE[0;39m o.s.security.web.FilterChainProxy    [ |  | ] - Invoking DisableEncodeUrlFilter (1/15)
26-06-04 11:23:41.996 [http-nio-8080-exec-10] [32mTRACE[0;39m o.s.security.web.FilterChainProxy    [ |  | ] - Trying to match request against DefaultSecurityFilterChain defined as 'filterChain' in [class path resource [com/sprint/mission/discodeit/config/SecurityConfig.class]] matching [any request] and having filters [DisableEncodeUrl, WebAsyncManagerIntegration, SecurityContextHolder, HeaderWriter, Csrf, Logout, JwtAuthentication, UsernamePasswordAuthentication, RequestCacheAware, SecurityContextHolderAwareRequest, RememberMeAuthentication, AnonymousAuthentication, SessionManagement, ExceptionTranslation, Authorization] (1/1)
26-06-04 11:23:41.996 [http-nio-8080-exec-10] [32mDEBUG[0;39m o.s.security.web.FilterChainProxy    [ |  | ] - Securing GET /api/binaryContents/b8a74c58-0da0-444b-88b3-8dd2b22749b2
26-06-04 11:23:41.996 [http-nio-8080-exec-10] [32mTRACE[0;39m o.s.security.web.FilterChainProxy    [ |  | ] - Invoking DisableEncodeUrlFilter (1/15)
26-06-04 11:23:41.996 [http-nio-8080-exec-10] [32mTRACE[0;39m o.s.security.web.FilterChainProxy    [ |  | ] - Invoking WebAsyncManagerIntegrationFilter (2/15)
26-06-04 11:23:41.996 [http-nio-8080-exec-10] [32mTRACE[0;39m o.s.security.web.FilterChainProxy    [ |  | ] - Invoking SecurityContextHolderFilter (3/15)
26-06-04 11:23:41.995 [http-nio-8080-exec-5] [32mTRACE[0;39m o.s.security.web.FilterChainProxy    [ |  | ] - Trying to match request against DefaultSecurityFilterChain defined as 'filterChain' in [class path resource [com/sprint/mission/discodeit/config/SecurityConfig.class]] matching [any request] and having filters [DisableEncodeUrl, WebAsyncManagerIntegration, SecurityContextHolder, HeaderWriter, Csrf, Logout, JwtAuthentication, UsernamePasswordAuthentication, RequestCacheAware, SecurityContextHolderAwareRequest, RememberMeAuthentication, AnonymousAuthentication, SessionManagement, ExceptionTranslation, Authorization] (1/1)
26-06-04 11:23:41.997 [http-nio-8080-exec-5] [32mDEBUG[0;39m o.s.security.web.FilterChainProxy    [ |  | ] - Securing GET /api/binaryContents/4fd4171e-ff8a-481e-8514-fbf9a23332de
26-06-04 11:23:41.994 [http-nio-8080-exec-9] [32mTRACE[0;39m o.s.security.web.FilterChainProxy    [ |  | ] - Trying to match request against DefaultSecurityFilterChain defined as 'filterChain' in [class path resource [com/sprint/mission/discodeit/config/SecurityConfig.class]] matching [any request] and having filters [DisableEncodeUrl, WebAsyncManagerIntegration, SecurityContextHolder, HeaderWriter, Csrf, Logout, JwtAuthentication, UsernamePasswordAuthentication, RequestCacheAware, SecurityContextHolderAwareRequest, RememberMeAuthentication, AnonymousAuthentication, SessionManagement, ExceptionTranslation, Authorization] (1/1)
26-06-04 11:23:41.994 [http-nio-8080-exec-2] [32mTRACE[0;39m o.s.security.web.FilterChainProxy    [ |  | ] - Trying to match request against DefaultSecurityFilterChain defined as 'filterChain' in [class path resource [com/sprint/mission/discodeit/config/SecurityConfig.class]] matching [any request] and having filters [DisableEncodeUrl, WebAsyncManagerIntegration, SecurityContextHolder, HeaderWriter, Csrf, Logout, JwtAuthentication, UsernamePasswordAuthentication, RequestCacheAware, SecurityContextHolderAwareRequest, RememberMeAuthentication, AnonymousAuthentication, SessionManagement, ExceptionTranslation, Authorization] (1/1)
26-06-04 11:23:41.997 [http-nio-8080-exec-9] [32mDEBUG[0;39m o.s.security.web.FilterChainProxy    [ |  | ] - Securing GET /api/binaryContents/db45008b-422a-4561-80f3-ef70a5a130df
26-06-04 11:23:41.997 [http-nio-8080-exec-5] [32mTRACE[0;39m o.s.security.web.FilterChainProxy    [ |  | ] - Invoking DisableEncodeUrlFilter (1/15)
26-06-04 11:23:41.997 [http-nio-8080-exec-2] [32mDEBUG[0;39m o.s.security.web.FilterChainProxy    [ |  | ] - Securing GET /api/binaryContents/d0793339-0bab-481f-8e98-7c4b139a722b
26-06-04 11:23:41.997 [http-nio-8080-exec-9] [32mTRACE[0;39m o.s.security.web.FilterChainProxy    [ |  | ] - Invoking DisableEncodeUrlFilter (1/15)
26-06-04 11:23:41.997 [http-nio-8080-exec-5] [32mTRACE[0;39m o.s.security.web.FilterChainProxy    [ |  | ] - Invoking WebAsyncManagerIntegrationFilter (2/15)
26-06-04 11:23:41.997 [http-nio-8080-exec-9] [32mTRACE[0;39m o.s.security.web.FilterChainProxy    [ |  | ] - Invoking WebAsyncManagerIntegrationFilter (2/15)
26-06-04 11:23:41.997 [http-nio-8080-exec-2] [32mTRACE[0;39m o.s.security.web.FilterChainProxy    [ |  | ] - Invoking DisableEncodeUrlFilter (1/15)
26-06-04 11:23:41.997 [http-nio-8080-exec-5] [32mTRACE[0;39m o.s.security.web.FilterChainProxy    [ |  | ] - Invoking SecurityContextHolderFilter (3/15)
26-06-04 11:23:41.997 [http-nio-8080-exec-10] [32mTRACE[0;39m o.s.security.web.FilterChainProxy    [ |  | ] - Invoking HeaderWriterFilter (4/15)
26-06-04 11:23:41.996 [http-nio-8080-exec-6] [32mTRACE[0;39m o.s.security.web.FilterChainProxy    [ |  | ] - Invoking WebAsyncManagerIntegrationFilter (2/15)
26-06-04 11:23:41.997 [http-nio-8080-exec-2] [32mTRACE[0;39m o.s.security.web.FilterChainProxy    [ |  | ] - Invoking WebAsyncManagerIntegrationFilter (2/15)
26-06-04 11:23:41.997 [http-nio-8080-exec-6] [32mTRACE[0;39m o.s.security.web.FilterChainProxy    [ |  | ] - Invoking SecurityContextHolderFilter (3/15)
26-06-04 11:23:41.997 [http-nio-8080-exec-10] [32mTRACE[0;39m o.s.security.web.FilterChainProxy    [ |  | ] - Invoking CsrfFilter (5/15)
26-06-04 11:23:41.997 [http-nio-8080-exec-6] [32mTRACE[0;39m o.s.security.web.FilterChainProxy    [ |  | ] - Invoking HeaderWriterFilter (4/15)
26-06-04 11:23:41.998 [http-nio-8080-exec-10] [32mTRACE[0;39m o.s.security.web.csrf.CsrfFilter     [ |  | ] - Did not protect against CSRF since request did not match CsrfNotRequired [TRACE, HEAD, GET, OPTIONS]
26-06-04 11:23:41.998 [http-nio-8080-exec-6] [32mTRACE[0;39m o.s.security.web.FilterChainProxy    [ |  | ] - Invoking CsrfFilter (5/15)
26-06-04 11:23:41.998 [http-nio-8080-exec-2] [32mTRACE[0;39m o.s.security.web.FilterChainProxy    [ |  | ] - Invoking SecurityContextHolderFilter (3/15)
26-06-04 11:23:41.999 [http-nio-8080-exec-10] [32mTRACE[0;39m o.s.security.web.FilterChainProxy    [ |  | ] - Invoking LogoutFilter (6/15)
26-06-04 11:23:41.999 [http-nio-8080-exec-10] [32mTRACE[0;39m o.s.s.w.a.logout.LogoutFilter        [ |  | ] - Did not match request to Ant [pattern='/api/auth/logout', POST]
26-06-04 11:23:41.999 [http-nio-8080-exec-10] [32mTRACE[0;39m o.s.security.web.FilterChainProxy    [ |  | ] - Invoking JwtAuthenticationFilter (7/15)
26-06-04 11:23:41.999 [http-nio-8080-exec-2] [32mTRACE[0;39m o.s.security.web.FilterChainProxy    [ |  | ] - Invoking HeaderWriterFilter (4/15)
26-06-04 11:23:41.999 [http-nio-8080-exec-2] [32mTRACE[0;39m o.s.security.web.FilterChainProxy    [ |  | ] - Invoking CsrfFilter (5/15)
26-06-04 11:23:41.997 [http-nio-8080-exec-5] [32mTRACE[0;39m o.s.security.web.FilterChainProxy    [ |  | ] - Invoking HeaderWriterFilter (4/15)
26-06-04 11:23:41.999 [http-nio-8080-exec-6] [32mTRACE[0;39m o.s.security.web.csrf.CsrfFilter     [ |  | ] - Did not protect against CSRF since request did not match CsrfNotRequired [TRACE, HEAD, GET, OPTIONS]
26-06-04 11:23:41.999 [http-nio-8080-exec-2] [32mTRACE[0;39m o.s.security.web.csrf.CsrfFilter     [ |  | ] - Did not protect against CSRF since request did not match CsrfNotRequired [TRACE, HEAD, GET, OPTIONS]
26-06-04 11:23:42.001 [http-nio-8080-exec-6] [32mTRACE[0;39m o.s.security.web.FilterChainProxy    [ |  | ] - Invoking LogoutFilter (6/15)
26-06-04 11:23:42.001 [http-nio-8080-exec-10] [32mTRACE[0;39m o.s.s.w.c.SupplierDeferredSecurityContext [ |  | ] - Created SecurityContextImpl [Null authentication]
26-06-04 11:23:42.001 [http-nio-8080-exec-6] [32mTRACE[0;39m o.s.s.w.a.logout.LogoutFilter        [ |  | ] - Did not match request to Ant [pattern='/api/auth/logout', POST]
26-06-04 11:23:42.001 [http-nio-8080-exec-6] [32mTRACE[0;39m o.s.security.web.FilterChainProxy    [ |  | ] - Invoking JwtAuthenticationFilter (7/15)
26-06-04 11:23:41.999 [http-nio-8080-exec-4] [32mTRACE[0;39m o.s.security.web.FilterChainProxy    [ |  | ] - Trying to match request against DefaultSecurityFilterChain defined as 'filterChain' in [class path resource [com/sprint/mission/discodeit/config/SecurityConfig.class]] matching [any request] and having filters [DisableEncodeUrl, WebAsyncManagerIntegration, SecurityContextHolder, HeaderWriter, Csrf, Logout, JwtAuthentication, UsernamePasswordAuthentication, RequestCacheAware, SecurityContextHolderAwareRequest, RememberMeAuthentication, AnonymousAuthentication, SessionManagement, ExceptionTranslation, Authorization] (1/1)
26-06-04 11:23:42.002 [http-nio-8080-exec-4] [32mDEBUG[0;39m o.s.security.web.FilterChainProxy    [ |  | ] - Securing GET /api/binaryContents/218f6a3b-78a9-4010-853a-acf57b5fde71
26-06-04 11:23:42.002 [http-nio-8080-exec-6] [32mTRACE[0;39m o.s.s.w.c.SupplierDeferredSecurityContext [ |  | ] - Created SecurityContextImpl [Null authentication]
26-06-04 11:23:42.002 [http-nio-8080-exec-4] [32mTRACE[0;39m o.s.security.web.FilterChainProxy    [ |  | ] - Invoking DisableEncodeUrlFilter (1/15)
26-06-04 11:23:41.997 [http-nio-8080-exec-9] [32mTRACE[0;39m o.s.security.web.FilterChainProxy    [ |  | ] - Invoking SecurityContextHolderFilter (3/15)
26-06-04 11:23:42.002 [http-nio-8080-exec-9] [32mTRACE[0;39m o.s.security.web.FilterChainProxy    [ |  | ] - Invoking HeaderWriterFilter (4/15)
26-06-04 11:23:42.002 [http-nio-8080-exec-9] [32mTRACE[0;39m o.s.security.web.FilterChainProxy    [ |  | ] - Invoking CsrfFilter (5/15)
26-06-04 11:23:42.001 [http-nio-8080-exec-10] [32mDEBUG[0;39m c.s.m.d.s.f.JwtAuthenticationFilter  [ |  | ] - Security Context에 'user1' 인증 정보를 저장했습니다.
26-06-04 11:23:42.002 [http-nio-8080-exec-10] [32mTRACE[0;39m o.s.security.web.FilterChainProxy    [ |  | ] - Invoking UsernamePasswordAuthenticationFilter (8/15)
26-06-04 11:23:42.002 [http-nio-8080-exec-10] [32mTRACE[0;39m o.s.s.w.a.UsernamePasswordAuthenticationFilter [ |  | ] - Did not match request to Ant [pattern='/api/auth/login', POST]
26-06-04 11:23:42.002 [http-nio-8080-exec-10] [32mTRACE[0;39m o.s.security.web.FilterChainProxy    [ |  | ] - Invoking RequestCacheAwareFilter (9/15)
26-06-04 11:23:42.002 [http-nio-8080-exec-9] [32mTRACE[0;39m o.s.security.web.csrf.CsrfFilter     [ |  | ] - Did not protect against CSRF since request did not match CsrfNotRequired [TRACE, HEAD, GET, OPTIONS]
26-06-04 11:23:42.002 [http-nio-8080-exec-4] [32mTRACE[0;39m o.s.security.web.FilterChainProxy    [ |  | ] - Invoking WebAsyncManagerIntegrationFilter (2/15)
26-06-04 11:23:42.002 [http-nio-8080-exec-4] [32mTRACE[0;39m o.s.security.web.FilterChainProxy    [ |  | ] - Invoking SecurityContextHolderFilter (3/15)
26-06-04 11:23:42.001 [http-nio-8080-exec-5] [32mTRACE[0;39m o.s.security.web.FilterChainProxy    [ |  | ] - Invoking CsrfFilter (5/15)
26-06-04 11:23:42.002 [http-nio-8080-exec-9] [32mTRACE[0;39m o.s.security.web.FilterChainProxy    [ |  | ] - Invoking LogoutFilter (6/15)
26-06-04 11:23:42.001 [http-nio-8080-exec-2] [32mTRACE[0;39m o.s.security.web.FilterChainProxy    [ |  | ] - Invoking LogoutFilter (6/15)
26-06-04 11:23:42.002 [http-nio-8080-exec-4] [32mTRACE[0;39m o.s.security.web.FilterChainProxy    [ |  | ] - Invoking HeaderWriterFilter (4/15)
26-06-04 11:23:42.002 [http-nio-8080-exec-2] [32mTRACE[0;39m o.s.s.w.a.logout.LogoutFilter        [ |  | ] - Did not match request to Ant [pattern='/api/auth/logout', POST]
26-06-04 11:23:42.002 [http-nio-8080-exec-2] [32mTRACE[0;39m o.s.security.web.FilterChainProxy    [ |  | ] - Invoking JwtAuthenticationFilter (7/15)
26-06-04 11:23:42.002 [http-nio-8080-exec-4] [32mTRACE[0;39m o.s.security.web.FilterChainProxy    [ |  | ] - Invoking CsrfFilter (5/15)
26-06-04 11:23:42.002 [http-nio-8080-exec-4] [32mTRACE[0;39m o.s.security.web.csrf.CsrfFilter     [ |  | ] - Did not protect against CSRF since request did not match CsrfNotRequired [TRACE, HEAD, GET, OPTIONS]
26-06-04 11:23:42.002 [http-nio-8080-exec-4] [32mTRACE[0;39m o.s.security.web.FilterChainProxy    [ |  | ] - Invoking LogoutFilter (6/15)
26-06-04 11:23:42.002 [http-nio-8080-exec-10] [32mTRACE[0;39m o.s.security.web.FilterChainProxy    [ |  | ] - Invoking SecurityContextHolderAwareRequestFilter (10/15)
26-06-04 11:23:42.002 [http-nio-8080-exec-10] [32mTRACE[0;39m o.s.security.web.FilterChainProxy    [ |  | ] - Invoking RememberMeAuthenticationFilter (11/15)
26-06-04 11:23:42.002 [http-nio-8080-exec-5] [32mTRACE[0;39m o.s.security.web.csrf.CsrfFilter     [ |  | ] - Did not protect against CSRF since request did not match CsrfNotRequired [TRACE, HEAD, GET, OPTIONS]
26-06-04 11:23:42.002 [http-nio-8080-exec-6] [32mDEBUG[0;39m c.s.m.d.s.f.JwtAuthenticationFilter  [ |  | ] - Security Context에 'user1' 인증 정보를 저장했습니다.
26-06-04 11:23:42.002 [http-nio-8080-exec-9] [32mTRACE[0;39m o.s.s.w.a.logout.LogoutFilter        [ |  | ] - Did not match request to Ant [pattern='/api/auth/logout', POST]
26-06-04 11:23:42.003 [http-nio-8080-exec-9] [32mTRACE[0;39m o.s.security.web.FilterChainProxy    [ |  | ] - Invoking JwtAuthenticationFilter (7/15)
26-06-04 11:23:42.003 [http-nio-8080-exec-6] [32mTRACE[0;39m o.s.security.web.FilterChainProxy    [ |  | ] - Invoking UsernamePasswordAuthenticationFilter (8/15)
26-06-04 11:23:42.002 [http-nio-8080-exec-4] [32mTRACE[0;39m o.s.s.w.a.logout.LogoutFilter        [ |  | ] - Did not match request to Ant [pattern='/api/auth/logout', POST]
26-06-04 11:23:42.003 [http-nio-8080-exec-4] [32mTRACE[0;39m o.s.security.web.FilterChainProxy    [ |  | ] - Invoking JwtAuthenticationFilter (7/15)
26-06-04 11:23:42.003 [http-nio-8080-exec-2] [32mTRACE[0;39m o.s.s.w.c.SupplierDeferredSecurityContext [ |  | ] - Created SecurityContextImpl [Null authentication]
26-06-04 11:23:42.003 [http-nio-8080-exec-9] [32mTRACE[0;39m o.s.s.w.c.SupplierDeferredSecurityContext [ |  | ] - Created SecurityContextImpl [Null authentication]
26-06-04 11:23:42.003 [http-nio-8080-exec-2] [32mDEBUG[0;39m c.s.m.d.s.f.JwtAuthenticationFilter  [ |  | ] - Security Context에 'user1' 인증 정보를 저장했습니다.
26-06-04 11:23:42.003 [http-nio-8080-exec-9] [32mDEBUG[0;39m c.s.m.d.s.f.JwtAuthenticationFilter  [ |  | ] - Security Context에 'user1' 인증 정보를 저장했습니다.
26-06-04 11:23:42.003 [http-nio-8080-exec-6] [32mTRACE[0;39m o.s.s.w.a.UsernamePasswordAuthenticationFilter [ |  | ] - Did not match request to Ant [pattern='/api/auth/login', POST]
26-06-04 11:23:42.003 [http-nio-8080-exec-2] [32mTRACE[0;39m o.s.security.web.FilterChainProxy    [ |  | ] - Invoking UsernamePasswordAuthenticationFilter (8/15)
26-06-04 11:23:42.003 [http-nio-8080-exec-10] [32mDEBUG[0;39m o.s.s.w.a.r.RememberMeAuthenticationFilter [ |  | ] - SecurityContextHolder not populated with remember-me token, as it already contained: 'UsernamePasswordAuthenticationToken [Principal=org.springframework.security.core.userdetails.User [Username=user1, Password=[PROTECTED], Enabled=true, AccountNonExpired=true, CredentialsNonExpired=true, AccountNonLocked=true, Granted Authorities=[ROLE_USER]], Credentials=[PROTECTED], Authenticated=true, Details=null, Granted Authorities=[ROLE_USER]]'
26-06-04 11:23:42.002 [http-nio-8080-exec-5] [32mTRACE[0;39m o.s.security.web.FilterChainProxy    [ |  | ] - Invoking LogoutFilter (6/15)
26-06-04 11:23:42.003 [http-nio-8080-exec-5] [32mTRACE[0;39m o.s.s.w.a.logout.LogoutFilter        [ |  | ] - Did not match request to Ant [pattern='/api/auth/logout', POST]
26-06-04 11:23:42.003 [http-nio-8080-exec-10] [32mTRACE[0;39m o.s.security.web.FilterChainProxy    [ |  | ] - Invoking AnonymousAuthenticationFilter (12/15)
26-06-04 11:23:42.003 [http-nio-8080-exec-5] [32mTRACE[0;39m o.s.security.web.FilterChainProxy    [ |  | ] - Invoking JwtAuthenticationFilter (7/15)
26-06-04 11:23:42.003 [http-nio-8080-exec-2] [32mTRACE[0;39m o.s.s.w.a.UsernamePasswordAuthenticationFilter [ |  | ] - Did not match request to Ant [pattern='/api/auth/login', POST]
26-06-04 11:23:42.004 [http-nio-8080-exec-9] [32mTRACE[0;39m o.s.security.web.FilterChainProxy    [ |  | ] - Invoking UsernamePasswordAuthenticationFilter (8/15)
26-06-04 11:23:42.004 [http-nio-8080-exec-2] [32mTRACE[0;39m o.s.security.web.FilterChainProxy    [ |  | ] - Invoking RequestCacheAwareFilter (9/15)
26-06-04 11:23:42.004 [http-nio-8080-exec-2] [32mTRACE[0;39m o.s.security.web.FilterChainProxy    [ |  | ] - Invoking SecurityContextHolderAwareRequestFilter (10/15)
26-06-04 11:23:42.004 [http-nio-8080-exec-2] [32mTRACE[0;39m o.s.security.web.FilterChainProxy    [ |  | ] - Invoking RememberMeAuthenticationFilter (11/15)
26-06-04 11:23:42.003 [http-nio-8080-exec-6] [32mTRACE[0;39m o.s.security.web.FilterChainProxy    [ |  | ] - Invoking RequestCacheAwareFilter (9/15)
26-06-04 11:23:42.004 [http-nio-8080-exec-10] [32mTRACE[0;39m o.s.security.web.FilterChainProxy    [ |  | ] - Invoking SessionManagementFilter (13/15)
26-06-04 11:23:42.004 [http-nio-8080-exec-10] [32mTRACE[0;39m o.s.s.w.a.AnonymousAuthenticationFilter [ |  | ] - Did not set SecurityContextHolder since already authenticated UsernamePasswordAuthenticationToken [Principal=org.springframework.security.core.userdetails.User [Username=user1, Password=[PROTECTED], Enabled=true, AccountNonExpired=true, CredentialsNonExpired=true, AccountNonLocked=true, Granted Authorities=[ROLE_USER]], Credentials=[PROTECTED], Authenticated=true, Details=null, Granted Authorities=[ROLE_USER]]
26-06-04 11:23:42.004 [http-nio-8080-exec-10] [32mTRACE[0;39m o.s.s.w.a.s.CompositeSessionAuthenticationStrategy [ |  | ] - Preparing session with ChangeSessionIdAuthenticationStrategy (1/2)
26-06-04 11:23:42.004 [http-nio-8080-exec-2] [32mDEBUG[0;39m o.s.s.w.a.r.RememberMeAuthenticationFilter [ |  | ] - SecurityContextHolder not populated with remember-me token, as it already contained: 'UsernamePasswordAuthenticationToken [Principal=org.springframework.security.core.userdetails.User [Username=user1, Password=[PROTECTED], Enabled=true, AccountNonExpired=true, CredentialsNonExpired=true, AccountNonLocked=true, Granted Authorities=[ROLE_USER]], Credentials=[PROTECTED], Authenticated=true, Details=null, Granted Authorities=[ROLE_USER]]'
26-06-04 11:23:42.004 [http-nio-8080-exec-2] [32mTRACE[0;39m o.s.security.web.FilterChainProxy    [ |  | ] - Invoking AnonymousAuthenticationFilter (12/15)
26-06-04 11:23:42.004 [http-nio-8080-exec-2] [32mTRACE[0;39m o.s.security.web.FilterChainProxy    [ |  | ] - Invoking SessionManagementFilter (13/15)
26-06-04 11:23:42.004 [http-nio-8080-exec-10] [32mTRACE[0;39m o.s.s.w.a.s.CompositeSessionAuthenticationStrategy [ |  | ] - Preparing session with CsrfAuthenticationStrategy (2/2)
26-06-04 11:23:42.004 [http-nio-8080-exec-2] [32mTRACE[0;39m o.s.s.w.a.AnonymousAuthenticationFilter [ |  | ] - Did not set SecurityContextHolder since already authenticated UsernamePasswordAuthenticationToken [Principal=org.springframework.security.core.userdetails.User [Username=user1, Password=[PROTECTED], Enabled=true, AccountNonExpired=true, CredentialsNonExpired=true, AccountNonLocked=true, Granted Authorities=[ROLE_USER]], Credentials=[PROTECTED], Authenticated=true, Details=null, Granted Authorities=[ROLE_USER]]
26-06-04 11:23:42.004 [http-nio-8080-exec-6] [32mTRACE[0;39m o.s.security.web.FilterChainProxy    [ |  | ] - Invoking SecurityContextHolderAwareRequestFilter (10/15)
26-06-04 11:23:42.004 [http-nio-8080-exec-6] [32mTRACE[0;39m o.s.security.web.FilterChainProxy    [ |  | ] - Invoking RememberMeAuthenticationFilter (11/15)
26-06-04 11:23:42.004 [http-nio-8080-exec-10] [32mDEBUG[0;39m o.s.s.w.c.CsrfAuthenticationStrategy [ |  | ] - Replaced CSRF Token
26-06-04 11:23:42.004 [http-nio-8080-exec-10] [32mTRACE[0;39m o.s.security.web.FilterChainProxy    [ |  | ] - Invoking ExceptionTranslationFilter (14/15)
26-06-04 11:23:42.004 [http-nio-8080-exec-9] [32mTRACE[0;39m o.s.s.w.a.UsernamePasswordAuthenticationFilter [ |  | ] - Did not match request to Ant [pattern='/api/auth/login', POST]
26-06-04 11:23:42.005 [http-nio-8080-exec-5] [32mTRACE[0;39m o.s.s.w.c.SupplierDeferredSecurityContext [ |  | ] - Created SecurityContextImpl [Null authentication]
26-06-04 11:23:42.005 [http-nio-8080-exec-9] [32mTRACE[0;39m o.s.security.web.FilterChainProxy    [ |  | ] - Invoking RequestCacheAwareFilter (9/15)
26-06-04 11:23:42.005 [http-nio-8080-exec-6] [32mDEBUG[0;39m o.s.s.w.a.r.RememberMeAuthenticationFilter [ |  | ] - SecurityContextHolder not populated with remember-me token, as it already contained: 'UsernamePasswordAuthenticationToken [Principal=org.springframework.security.core.userdetails.User [Username=user1, Password=[PROTECTED], Enabled=true, AccountNonExpired=true, CredentialsNonExpired=true, AccountNonLocked=true, Granted Authorities=[ROLE_USER]], Credentials=[PROTECTED], Authenticated=true, Details=null, Granted Authorities=[ROLE_USER]]'
26-06-04 11:23:42.005 [http-nio-8080-exec-5] [32mDEBUG[0;39m c.s.m.d.s.f.JwtAuthenticationFilter  [ |  | ] - Security Context에 'user1' 인증 정보를 저장했습니다.
26-06-04 11:23:42.005 [http-nio-8080-exec-9] [32mTRACE[0;39m o.s.security.web.FilterChainProxy    [ |  | ] - Invoking SecurityContextHolderAwareRequestFilter (10/15)
26-06-04 11:23:42.005 [http-nio-8080-exec-6] [32mTRACE[0;39m o.s.security.web.FilterChainProxy    [ |  | ] - Invoking AnonymousAuthenticationFilter (12/15)
26-06-04 11:23:42.005 [http-nio-8080-exec-6] [32mTRACE[0;39m o.s.security.web.FilterChainProxy    [ |  | ] - Invoking SessionManagementFilter (13/15)
26-06-04 11:23:42.005 [http-nio-8080-exec-9] [32mTRACE[0;39m o.s.security.web.FilterChainProxy    [ |  | ] - Invoking RememberMeAuthenticationFilter (11/15)
26-06-04 11:23:42.005 [http-nio-8080-exec-10] [32mTRACE[0;39m o.s.security.web.FilterChainProxy    [ |  | ] - Invoking AuthorizationFilter (15/15)
26-06-04 11:23:42.005 [http-nio-8080-exec-5] [32mTRACE[0;39m o.s.security.web.FilterChainProxy    [ |  | ] - Invoking UsernamePasswordAuthenticationFilter (8/15)
26-06-04 11:23:42.005 [http-nio-8080-exec-9] [32mDEBUG[0;39m o.s.s.w.a.r.RememberMeAuthenticationFilter [ |  | ] - SecurityContextHolder not populated with remember-me token, as it already contained: 'UsernamePasswordAuthenticationToken [Principal=org.springframework.security.core.userdetails.User [Username=user1, Password=[PROTECTED], Enabled=true, AccountNonExpired=true, CredentialsNonExpired=true, AccountNonLocked=true, Granted Authorities=[ROLE_USER]], Credentials=[PROTECTED], Authenticated=true, Details=null, Granted Authorities=[ROLE_USER]]'
26-06-04 11:23:42.005 [http-nio-8080-exec-9] [32mTRACE[0;39m o.s.security.web.FilterChainProxy    [ |  | ] - Invoking AnonymousAuthenticationFilter (12/15)
26-06-04 11:23:42.005 [http-nio-8080-exec-5] [32mTRACE[0;39m o.s.s.w.a.UsernamePasswordAuthenticationFilter [ |  | ] - Did not match request to Ant [pattern='/api/auth/login', POST]
26-06-04 11:23:42.005 [http-nio-8080-exec-5] [32mTRACE[0;39m o.s.security.web.FilterChainProxy    [ |  | ] - Invoking RequestCacheAwareFilter (9/15)
26-06-04 11:23:42.005 [http-nio-8080-exec-9] [32mTRACE[0;39m o.s.security.web.FilterChainProxy    [ |  | ] - Invoking SessionManagementFilter (13/15)
26-06-04 11:23:42.005 [http-nio-8080-exec-5] [32mTRACE[0;39m o.s.security.web.FilterChainProxy    [ |  | ] - Invoking SecurityContextHolderAwareRequestFilter (10/15)
26-06-04 11:23:42.005 [http-nio-8080-exec-5] [32mTRACE[0;39m o.s.security.web.FilterChainProxy    [ |  | ] - Invoking RememberMeAuthenticationFilter (11/15)
26-06-04 11:23:42.005 [http-nio-8080-exec-5] [32mDEBUG[0;39m o.s.s.w.a.r.RememberMeAuthenticationFilter [ |  | ] - SecurityContextHolder not populated with remember-me token, as it already contained: 'UsernamePasswordAuthenticationToken [Principal=org.springframework.security.core.userdetails.User [Username=user1, Password=[PROTECTED], Enabled=true, AccountNonExpired=true, CredentialsNonExpired=true, AccountNonLocked=true, Granted Authorities=[ROLE_USER]], Credentials=[PROTECTED], Authenticated=true, Details=null, Granted Authorities=[ROLE_USER]]'
26-06-04 11:23:42.005 [http-nio-8080-exec-6] [32mTRACE[0;39m o.s.s.w.a.AnonymousAuthenticationFilter [ |  | ] - Did not set SecurityContextHolder since already authenticated UsernamePasswordAuthenticationToken [Principal=org.springframework.security.core.userdetails.User [Username=user1, Password=[PROTECTED], Enabled=true, AccountNonExpired=true, CredentialsNonExpired=true, AccountNonLocked=true, Granted Authorities=[ROLE_USER]], Credentials=[PROTECTED], Authenticated=true, Details=null, Granted Authorities=[ROLE_USER]]
26-06-04 11:23:42.005 [http-nio-8080-exec-5] [32mTRACE[0;39m o.s.security.web.FilterChainProxy    [ |  | ] - Invoking AnonymousAuthenticationFilter (12/15)
26-06-04 11:23:42.005 [http-nio-8080-exec-5] [32mTRACE[0;39m o.s.security.web.FilterChainProxy    [ |  | ] - Invoking SessionManagementFilter (13/15)
26-06-04 11:23:42.005 [http-nio-8080-exec-10] [32mTRACE[0;39m o.s.s.w.a.i.RequestMatcherDelegatingAuthorizationManager [ |  | ] - Authorizing GET /api/binaryContents/b8a74c58-0da0-444b-88b3-8dd2b22749b2
26-06-04 11:23:42.005 [http-nio-8080-exec-4] [32mTRACE[0;39m o.s.s.w.c.SupplierDeferredSecurityContext [ |  | ] - Created SecurityContextImpl [Null authentication]
26-06-04 11:23:42.005 [http-nio-8080-exec-2] [32mTRACE[0;39m o.s.s.w.a.s.CompositeSessionAuthenticationStrategy [ |  | ] - Preparing session with ChangeSessionIdAuthenticationStrategy (1/2)
26-06-04 11:23:42.005 [http-nio-8080-exec-2] [32mTRACE[0;39m o.s.s.w.a.s.CompositeSessionAuthenticationStrategy [ |  | ] - Preparing session with CsrfAuthenticationStrategy (2/2)
26-06-04 11:23:42.005 [http-nio-8080-exec-9] [32mTRACE[0;39m o.s.s.w.a.AnonymousAuthenticationFilter [ |  | ] - Did not set SecurityContextHolder since already authenticated UsernamePasswordAuthenticationToken [Principal=org.springframework.security.core.userdetails.User [Username=user1, Password=[PROTECTED], Enabled=true, AccountNonExpired=true, CredentialsNonExpired=true, AccountNonLocked=true, Granted Authorities=[ROLE_USER]], Credentials=[PROTECTED], Authenticated=true, Details=null, Granted Authorities=[ROLE_USER]]
26-06-04 11:23:42.006 [http-nio-8080-exec-9] [32mTRACE[0;39m o.s.s.w.a.s.CompositeSessionAuthenticationStrategy [ |  | ] - Preparing session with ChangeSessionIdAuthenticationStrategy (1/2)
26-06-04 11:23:42.006 [http-nio-8080-exec-9] [32mTRACE[0;39m o.s.s.w.a.s.CompositeSessionAuthenticationStrategy [ |  | ] - Preparing session with CsrfAuthenticationStrategy (2/2)
26-06-04 11:23:42.005 [http-nio-8080-exec-10] [32mTRACE[0;39m o.s.s.w.a.i.RequestMatcherDelegatingAuthorizationManager [ |  | ] - Checking authorization on GET /api/binaryContents/b8a74c58-0da0-444b-88b3-8dd2b22749b2 using org.springframework.security.authorization.AuthenticatedAuthorizationManager@5d73ce5
26-06-04 11:23:42.006 [http-nio-8080-exec-2] [32mDEBUG[0;39m o.s.s.w.c.CsrfAuthenticationStrategy [ |  | ] - Replaced CSRF Token
26-06-04 11:23:42.006 [http-nio-8080-exec-2] [32mTRACE[0;39m o.s.security.web.FilterChainProxy    [ |  | ] - Invoking ExceptionTranslationFilter (14/15)
26-06-04 11:23:42.006 [http-nio-8080-exec-9] [32mDEBUG[0;39m o.s.s.w.c.CsrfAuthenticationStrategy [ |  | ] - Replaced CSRF Token
26-06-04 11:23:42.006 [http-nio-8080-exec-9] [32mTRACE[0;39m o.s.security.web.FilterChainProxy    [ |  | ] - Invoking ExceptionTranslationFilter (14/15)
26-06-04 11:23:42.006 [http-nio-8080-exec-2] [32mTRACE[0;39m o.s.security.web.FilterChainProxy    [ |  | ] - Invoking AuthorizationFilter (15/15)
26-06-04 11:23:42.005 [http-nio-8080-exec-6] [32mTRACE[0;39m o.s.s.w.a.s.CompositeSessionAuthenticationStrategy [ |  | ] - Preparing session with ChangeSessionIdAuthenticationStrategy (1/2)
26-06-04 11:23:42.006 [http-nio-8080-exec-5] [32mTRACE[0;39m o.s.s.w.a.AnonymousAuthenticationFilter [ |  | ] - Did not set SecurityContextHolder since already authenticated UsernamePasswordAuthenticationToken [Principal=org.springframework.security.core.userdetails.User [Username=user1, Password=[PROTECTED], Enabled=true, AccountNonExpired=true, CredentialsNonExpired=true, AccountNonLocked=true, Granted Authorities=[ROLE_USER]], Credentials=[PROTECTED], Authenticated=true, Details=null, Granted Authorities=[ROLE_USER]]
26-06-04 11:23:42.006 [http-nio-8080-exec-6] [32mTRACE[0;39m o.s.s.w.a.s.CompositeSessionAuthenticationStrategy [ |  | ] - Preparing session with CsrfAuthenticationStrategy (2/2)
26-06-04 11:23:42.006 [http-nio-8080-exec-2] [32mTRACE[0;39m o.s.s.w.a.i.RequestMatcherDelegatingAuthorizationManager [ |  | ] - Authorizing GET /api/binaryContents/d0793339-0bab-481f-8e98-7c4b139a722b
26-06-04 11:23:42.006 [http-nio-8080-exec-6] [32mDEBUG[0;39m o.s.s.w.c.CsrfAuthenticationStrategy [ |  | ] - Replaced CSRF Token
26-06-04 11:23:42.006 [http-nio-8080-exec-6] [32mTRACE[0;39m o.s.security.web.FilterChainProxy    [ |  | ] - Invoking ExceptionTranslationFilter (14/15)
26-06-04 11:23:42.006 [http-nio-8080-exec-6] [32mTRACE[0;39m o.s.security.web.FilterChainProxy    [ |  | ] - Invoking AuthorizationFilter (15/15)
26-06-04 11:23:42.006 [http-nio-8080-exec-2] [32mTRACE[0;39m o.s.s.w.a.i.RequestMatcherDelegatingAuthorizationManager [ |  | ] - Checking authorization on GET /api/binaryContents/d0793339-0bab-481f-8e98-7c4b139a722b using org.springframework.security.authorization.AuthenticatedAuthorizationManager@5d73ce5
26-06-04 11:23:42.006 [http-nio-8080-exec-6] [32mTRACE[0;39m o.s.s.w.a.i.RequestMatcherDelegatingAuthorizationManager [ |  | ] - Authorizing GET /api/binaryContents/ce33e24c-1cd3-4ba5-8ad4-43dc14ae93cd
26-06-04 11:23:42.007 [http-nio-8080-exec-2] [32mDEBUG[0;39m o.s.security.web.FilterChainProxy    [ |  | ] - Secured GET /api/binaryContents/d0793339-0bab-481f-8e98-7c4b139a722b
26-06-04 11:23:42.006 [http-nio-8080-exec-6] [32mTRACE[0;39m o.s.s.w.a.i.RequestMatcherDelegatingAuthorizationManager [ |  | ] - Checking authorization on GET /api/binaryContents/ce33e24c-1cd3-4ba5-8ad4-43dc14ae93cd using org.springframework.security.authorization.AuthenticatedAuthorizationManager@5d73ce5
26-06-04 11:23:42.011 [http-nio-8080-exec-6] [32mDEBUG[0;39m o.s.security.web.FilterChainProxy    [ |  | ] - Secured GET /api/binaryContents/ce33e24c-1cd3-4ba5-8ad4-43dc14ae93cd
26-06-04 11:23:42.011 [http-nio-8080-exec-2] [32mDEBUG[0;39m c.s.m.d.config.MDCLoggingInterceptor [44995727de364dd08d1743955f57b038 | GET | /api/binaryContents/d0793339-0bab-481f-8e98-7c4b139a722b] - Request started
26-06-04 11:23:42.012 [http-nio-8080-exec-2] [32mINFO [0;39m c.s.m.d.c.BinaryContentController    [44995727de364dd08d1743955f57b038 | GET | /api/binaryContents/d0793339-0bab-481f-8e98-7c4b139a722b] - 바이너리 컨텐츠 조회 요청: id=d0793339-0bab-481f-8e98-7c4b139a722b
26-06-04 11:23:42.005 [http-nio-8080-exec-4] [32mDEBUG[0;39m c.s.m.d.s.f.JwtAuthenticationFilter  [ |  | ] - Security Context에 'user1' 인증 정보를 저장했습니다.
26-06-04 11:23:42.012 [http-nio-8080-exec-2] [32mDEBUG[0;39m c.s.m.d.s.b.BasicBinaryContentService [44995727de364dd08d1743955f57b038 | GET | /api/binaryContents/d0793339-0bab-481f-8e98-7c4b139a722b] - 바이너리 컨텐츠 조회 시작: id=d0793339-0bab-481f-8e98-7c4b139a722b
26-06-04 11:23:42.012 [http-nio-8080-exec-4] [32mTRACE[0;39m o.s.security.web.FilterChainProxy    [ |  | ] - Invoking UsernamePasswordAuthenticationFilter (8/15)
26-06-04 11:23:42.012 [http-nio-8080-exec-4] [32mTRACE[0;39m o.s.s.w.a.UsernamePasswordAuthenticationFilter [ |  | ] - Did not match request to Ant [pattern='/api/auth/login', POST]
26-06-04 11:23:42.012 [http-nio-8080-exec-4] [32mTRACE[0;39m o.s.security.web.FilterChainProxy    [ |  | ] - Invoking RequestCacheAwareFilter (9/15)
26-06-04 11:23:42.012 [http-nio-8080-exec-4] [32mTRACE[0;39m o.s.security.web.FilterChainProxy    [ |  | ] - Invoking SecurityContextHolderAwareRequestFilter (10/15)
26-06-04 11:23:42.013 [http-nio-8080-exec-4] [32mTRACE[0;39m o.s.security.web.FilterChainProxy    [ |  | ] - Invoking RememberMeAuthenticationFilter (11/15)
26-06-04 11:23:42.014 [http-nio-8080-exec-6] [32mDEBUG[0;39m c.s.m.d.config.MDCLoggingInterceptor [a79ac72e3e784333a1a89ff8773abee3 | GET | /api/binaryContents/ce33e24c-1cd3-4ba5-8ad4-43dc14ae93cd] - Request started
26-06-04 11:23:42.006 [http-nio-8080-exec-10] [32mDEBUG[0;39m o.s.security.web.FilterChainProxy    [ |  | ] - Secured GET /api/binaryContents/b8a74c58-0da0-444b-88b3-8dd2b22749b2
26-06-04 11:23:42.014 [http-nio-8080-exec-2] [32mDEBUG[0;39m org.hibernate.SQL                    [44995727de364dd08d1743955f57b038 | GET | /api/binaryContents/d0793339-0bab-481f-8e98-7c4b139a722b] - 
    select
        bc1_0.id,
        bc1_0.content_type,
        bc1_0.created_at,
        bc1_0.file_name,
        bc1_0.size,
        bc1_0.status,
        bc1_0.updated_at 
    from
        binary_contents bc1_0 
    where
        bc1_0.id=?
26-06-04 11:23:42.015 [http-nio-8080-exec-4] [32mDEBUG[0;39m o.s.s.w.a.r.RememberMeAuthenticationFilter [ |  | ] - SecurityContextHolder not populated with remember-me token, as it already contained: 'UsernamePasswordAuthenticationToken [Principal=org.springframework.security.core.userdetails.User [Username=user1, Password=[PROTECTED], Enabled=true, AccountNonExpired=true, CredentialsNonExpired=true, AccountNonLocked=true, Granted Authorities=[ROLE_USER]], Credentials=[PROTECTED], Authenticated=true, Details=null, Granted Authorities=[ROLE_USER]]'
26-06-04 11:23:42.015 [http-nio-8080-exec-6] [32mINFO [0;39m c.s.m.d.c.BinaryContentController    [a79ac72e3e784333a1a89ff8773abee3 | GET | /api/binaryContents/ce33e24c-1cd3-4ba5-8ad4-43dc14ae93cd] - 바이너리 컨텐츠 조회 요청: id=ce33e24c-1cd3-4ba5-8ad4-43dc14ae93cd
26-06-04 11:23:42.015 [http-nio-8080-exec-6] [32mDEBUG[0;39m c.s.m.d.s.b.BasicBinaryContentService [a79ac72e3e784333a1a89ff8773abee3 | GET | /api/binaryContents/ce33e24c-1cd3-4ba5-8ad4-43dc14ae93cd] - 바이너리 컨텐츠 조회 시작: id=ce33e24c-1cd3-4ba5-8ad4-43dc14ae93cd
26-06-04 11:23:42.015 [http-nio-8080-exec-6] [32mDEBUG[0;39m org.hibernate.SQL                    [a79ac72e3e784333a1a89ff8773abee3 | GET | /api/binaryContents/ce33e24c-1cd3-4ba5-8ad4-43dc14ae93cd] - 
    select
        bc1_0.id,
        bc1_0.content_type,
        bc1_0.created_at,
        bc1_0.file_name,
        bc1_0.size,
        bc1_0.status,
        bc1_0.updated_at 
    from
        binary_contents bc1_0 
    where
        bc1_0.id=?
26-06-04 11:23:42.015 [http-nio-8080-exec-6] [32mTRACE[0;39m org.hibernate.orm.jdbc.bind          [a79ac72e3e784333a1a89ff8773abee3 | GET | /api/binaryContents/ce33e24c-1cd3-4ba5-8ad4-43dc14ae93cd] - binding parameter (1:UUID) <- [ce33e24c-1cd3-4ba5-8ad4-43dc14ae93cd]
26-06-04 11:23:42.015 [http-nio-8080-exec-10] [32mDEBUG[0;39m c.s.m.d.config.MDCLoggingInterceptor [c625d6b6a1ea46419c061a9010399fab | GET | /api/binaryContents/b8a74c58-0da0-444b-88b3-8dd2b22749b2] - Request started
26-06-04 11:23:42.015 [http-nio-8080-exec-10] [32mINFO [0;39m c.s.m.d.c.BinaryContentController    [c625d6b6a1ea46419c061a9010399fab | GET | /api/binaryContents/b8a74c58-0da0-444b-88b3-8dd2b22749b2] - 바이너리 컨텐츠 조회 요청: id=b8a74c58-0da0-444b-88b3-8dd2b22749b2
26-06-04 11:23:42.015 [http-nio-8080-exec-10] [32mDEBUG[0;39m c.s.m.d.s.b.BasicBinaryContentService [c625d6b6a1ea46419c061a9010399fab | GET | /api/binaryContents/b8a74c58-0da0-444b-88b3-8dd2b22749b2] - 바이너리 컨텐츠 조회 시작: id=b8a74c58-0da0-444b-88b3-8dd2b22749b2
26-06-04 11:23:42.006 [http-nio-8080-exec-5] [32mTRACE[0;39m o.s.s.w.a.s.CompositeSessionAuthenticationStrategy [ |  | ] - Preparing session with ChangeSessionIdAuthenticationStrategy (1/2)
26-06-04 11:23:42.006 [http-nio-8080-exec-9] [32mTRACE[0;39m o.s.security.web.FilterChainProxy    [ |  | ] - Invoking AuthorizationFilter (15/15)
26-06-04 11:23:42.016 [http-nio-8080-exec-5] [32mTRACE[0;39m o.s.s.w.a.s.CompositeSessionAuthenticationStrategy [ |  | ] - Preparing session with CsrfAuthenticationStrategy (2/2)
26-06-04 11:23:42.016 [http-nio-8080-exec-5] [32mDEBUG[0;39m o.s.s.w.c.CsrfAuthenticationStrategy [ |  | ] - Replaced CSRF Token
26-06-04 11:23:42.016 [http-nio-8080-exec-5] [32mTRACE[0;39m o.s.security.web.FilterChainProxy    [ |  | ] - Invoking ExceptionTranslationFilter (14/15)
26-06-04 11:23:42.016 [http-nio-8080-exec-5] [32mTRACE[0;39m o.s.security.web.FilterChainProxy    [ |  | ] - Invoking AuthorizationFilter (15/15)
26-06-04 11:23:42.016 [http-nio-8080-exec-5] [32mTRACE[0;39m o.s.s.w.a.i.RequestMatcherDelegatingAuthorizationManager [ |  | ] - Authorizing GET /api/binaryContents/4fd4171e-ff8a-481e-8514-fbf9a23332de
26-06-04 11:23:42.016 [http-nio-8080-exec-10] [32mDEBUG[0;39m org.hibernate.SQL                    [c625d6b6a1ea46419c061a9010399fab | GET | /api/binaryContents/b8a74c58-0da0-444b-88b3-8dd2b22749b2] - 
    select
        bc1_0.id,
        bc1_0.content_type,
        bc1_0.created_at,
        bc1_0.file_name,
        bc1_0.size,
        bc1_0.status,
        bc1_0.updated_at 
    from
        binary_contents bc1_0 
    where
        bc1_0.id=?
26-06-04 11:23:42.015 [http-nio-8080-exec-4] [32mTRACE[0;39m o.s.security.web.FilterChainProxy    [ |  | ] - Invoking AnonymousAuthenticationFilter (12/15)
26-06-04 11:23:42.017 [http-nio-8080-exec-4] [32mTRACE[0;39m o.s.security.web.FilterChainProxy    [ |  | ] - Invoking SessionManagementFilter (13/15)
26-06-04 11:23:42.017 [http-nio-8080-exec-2] [32mTRACE[0;39m org.hibernate.orm.jdbc.bind          [44995727de364dd08d1743955f57b038 | GET | /api/binaryContents/d0793339-0bab-481f-8e98-7c4b139a722b] - binding parameter (1:UUID) <- [d0793339-0bab-481f-8e98-7c4b139a722b]
26-06-04 11:23:42.017 [http-nio-8080-exec-4] [32mTRACE[0;39m o.s.s.w.a.AnonymousAuthenticationFilter [ |  | ] - Did not set SecurityContextHolder since already authenticated UsernamePasswordAuthenticationToken [Principal=org.springframework.security.core.userdetails.User [Username=user1, Password=[PROTECTED], Enabled=true, AccountNonExpired=true, CredentialsNonExpired=true, AccountNonLocked=true, Granted Authorities=[ROLE_USER]], Credentials=[PROTECTED], Authenticated=true, Details=null, Granted Authorities=[ROLE_USER]]
26-06-04 11:23:42.017 [http-nio-8080-exec-4] [32mTRACE[0;39m o.s.s.w.a.s.CompositeSessionAuthenticationStrategy [ |  | ] - Preparing session with ChangeSessionIdAuthenticationStrategy (1/2)
26-06-04 11:23:42.016 [http-nio-8080-exec-9] [32mTRACE[0;39m o.s.s.w.a.i.RequestMatcherDelegatingAuthorizationManager [ |  | ] - Authorizing GET /api/binaryContents/db45008b-422a-4561-80f3-ef70a5a130df
26-06-04 11:23:42.017 [http-nio-8080-exec-9] [32mTRACE[0;39m o.s.s.w.a.i.RequestMatcherDelegatingAuthorizationManager [ |  | ] - Checking authorization on GET /api/binaryContents/db45008b-422a-4561-80f3-ef70a5a130df using org.springframework.security.authorization.AuthenticatedAuthorizationManager@5d73ce5
26-06-04 11:23:42.017 [http-nio-8080-exec-10] [32mTRACE[0;39m org.hibernate.orm.jdbc.bind          [c625d6b6a1ea46419c061a9010399fab | GET | /api/binaryContents/b8a74c58-0da0-444b-88b3-8dd2b22749b2] - binding parameter (1:UUID) <- [b8a74c58-0da0-444b-88b3-8dd2b22749b2]
26-06-04 11:23:42.018 [http-nio-8080-exec-4] [32mTRACE[0;39m o.s.s.w.a.s.CompositeSessionAuthenticationStrategy [ |  | ] - Preparing session with CsrfAuthenticationStrategy (2/2)
26-06-04 11:23:42.019 [http-nio-8080-exec-9] [32mDEBUG[0;39m o.s.security.web.FilterChainProxy    [ |  | ] - Secured GET /api/binaryContents/db45008b-422a-4561-80f3-ef70a5a130df
26-06-04 11:23:42.017 [http-nio-8080-exec-5] [32mTRACE[0;39m o.s.s.w.a.i.RequestMatcherDelegatingAuthorizationManager [ |  | ] - Checking authorization on GET /api/binaryContents/4fd4171e-ff8a-481e-8514-fbf9a23332de using org.springframework.security.authorization.AuthenticatedAuthorizationManager@5d73ce5
26-06-04 11:23:42.020 [http-nio-8080-exec-4] [32mDEBUG[0;39m o.s.s.w.c.CsrfAuthenticationStrategy [ |  | ] - Replaced CSRF Token
26-06-04 11:23:42.020 [http-nio-8080-exec-5] [32mDEBUG[0;39m o.s.security.web.FilterChainProxy    [ |  | ] - Secured GET /api/binaryContents/4fd4171e-ff8a-481e-8514-fbf9a23332de
26-06-04 11:23:42.021 [http-nio-8080-exec-4] [32mTRACE[0;39m o.s.security.web.FilterChainProxy    [ |  | ] - Invoking ExceptionTranslationFilter (14/15)
26-06-04 11:23:42.022 [http-nio-8080-exec-4] [32mTRACE[0;39m o.s.security.web.FilterChainProxy    [ |  | ] - Invoking AuthorizationFilter (15/15)
26-06-04 11:23:42.022 [http-nio-8080-exec-4] [32mTRACE[0;39m o.s.s.w.a.i.RequestMatcherDelegatingAuthorizationManager [ |  | ] - Authorizing GET /api/binaryContents/218f6a3b-78a9-4010-853a-acf57b5fde71
26-06-04 11:23:42.023 [http-nio-8080-exec-4] [32mTRACE[0;39m o.s.s.w.a.i.RequestMatcherDelegatingAuthorizationManager [ |  | ] - Checking authorization on GET /api/binaryContents/218f6a3b-78a9-4010-853a-acf57b5fde71 using org.springframework.security.authorization.AuthenticatedAuthorizationManager@5d73ce5
26-06-04 11:23:42.023 [http-nio-8080-exec-4] [32mDEBUG[0;39m o.s.security.web.FilterChainProxy    [ |  | ] - Secured GET /api/binaryContents/218f6a3b-78a9-4010-853a-acf57b5fde71
26-06-04 11:23:42.023 [http-nio-8080-exec-5] [32mDEBUG[0;39m c.s.m.d.config.MDCLoggingInterceptor [c91bd1cf742d4cea91f59495ff340dd7 | GET | /api/binaryContents/4fd4171e-ff8a-481e-8514-fbf9a23332de] - Request started
26-06-04 11:23:42.023 [http-nio-8080-exec-4] [32mDEBUG[0;39m c.s.m.d.config.MDCLoggingInterceptor [cae5f4b0ec9143d8aa41a40d6b1292e6 | GET | /api/binaryContents/218f6a3b-78a9-4010-853a-acf57b5fde71] - Request started
26-06-04 11:23:42.024 [http-nio-8080-exec-2] [32mINFO [0;39m c.s.m.d.s.b.BasicBinaryContentService [44995727de364dd08d1743955f57b038 | GET | /api/binaryContents/d0793339-0bab-481f-8e98-7c4b139a722b] - 바이너리 컨텐츠 조회 완료: id=d0793339-0bab-481f-8e98-7c4b139a722b, fileName=스펀지.jpeg
26-06-04 11:23:42.021 [http-nio-8080-exec-6] [32mINFO [0;39m c.s.m.d.s.b.BasicBinaryContentService [a79ac72e3e784333a1a89ff8773abee3 | GET | /api/binaryContents/ce33e24c-1cd3-4ba5-8ad4-43dc14ae93cd] - 바이너리 컨텐츠 조회 완료: id=ce33e24c-1cd3-4ba5-8ad4-43dc14ae93cd, fileName=스펀지.jpeg
26-06-04 11:23:42.024 [http-nio-8080-exec-9] [32mDEBUG[0;39m c.s.m.d.config.MDCLoggingInterceptor [d00b28fa669248ab94e64eb823d3898b | GET | /api/binaryContents/db45008b-422a-4561-80f3-ef70a5a130df] - Request started
26-06-04 11:23:42.024 [http-nio-8080-exec-9] [32mINFO [0;39m c.s.m.d.c.BinaryContentController    [d00b28fa669248ab94e64eb823d3898b | GET | /api/binaryContents/db45008b-422a-4561-80f3-ef70a5a130df] - 바이너리 컨텐츠 조회 요청: id=db45008b-422a-4561-80f3-ef70a5a130df
26-06-04 11:23:42.024 [http-nio-8080-exec-6] [32mDEBUG[0;39m c.s.m.d.c.BinaryContentController    [a79ac72e3e784333a1a89ff8773abee3 | GET | /api/binaryContents/ce33e24c-1cd3-4ba5-8ad4-43dc14ae93cd] - 바이너리 컨텐츠 조회 응답: BinaryContentDto[id=ce33e24c-1cd3-4ba5-8ad4-43dc14ae93cd, fileName=스펀지.jpeg, size=7700, contentType=image/jpeg, url=http://localhost:8080/api/binaryContents/ce33e24c-1cd3-4ba5-8ad4-43dc14ae93cd/download]
26-06-04 11:23:42.024 [http-nio-8080-exec-4] [32mINFO [0;39m c.s.m.d.c.BinaryContentController    [cae5f4b0ec9143d8aa41a40d6b1292e6 | GET | /api/binaryContents/218f6a3b-78a9-4010-853a-acf57b5fde71] - 바이너리 컨텐츠 조회 요청: id=218f6a3b-78a9-4010-853a-acf57b5fde71
26-06-04 11:23:42.025 [http-nio-8080-exec-4] [32mDEBUG[0;39m c.s.m.d.s.b.BasicBinaryContentService [cae5f4b0ec9143d8aa41a40d6b1292e6 | GET | /api/binaryContents/218f6a3b-78a9-4010-853a-acf57b5fde71] - 바이너리 컨텐츠 조회 시작: id=218f6a3b-78a9-4010-853a-acf57b5fde71
26-06-04 11:23:42.025 [http-nio-8080-exec-10] [32mINFO [0;39m c.s.m.d.s.b.BasicBinaryContentService [c625d6b6a1ea46419c061a9010399fab | GET | /api/binaryContents/b8a74c58-0da0-444b-88b3-8dd2b22749b2] - 바이너리 컨텐츠 조회 완료: id=b8a74c58-0da0-444b-88b3-8dd2b22749b2, fileName=스펀지.jpeg
26-06-04 11:23:42.025 [http-nio-8080-exec-10] [32mDEBUG[0;39m c.s.m.d.c.BinaryContentController    [c625d6b6a1ea46419c061a9010399fab | GET | /api/binaryContents/b8a74c58-0da0-444b-88b3-8dd2b22749b2] - 바이너리 컨텐츠 조회 응답: BinaryContentDto[id=b8a74c58-0da0-444b-88b3-8dd2b22749b2, fileName=스펀지.jpeg, size=7700, contentType=image/jpeg, url=http://localhost:8080/api/binaryContents/b8a74c58-0da0-444b-88b3-8dd2b22749b2/download]
26-06-04 11:23:42.024 [http-nio-8080-exec-5] [32mINFO [0;39m c.s.m.d.c.BinaryContentController    [c91bd1cf742d4cea91f59495ff340dd7 | GET | /api/binaryContents/4fd4171e-ff8a-481e-8514-fbf9a23332de] - 바이너리 컨텐츠 조회 요청: id=4fd4171e-ff8a-481e-8514-fbf9a23332de
26-06-04 11:23:42.026 [http-nio-8080-exec-4] [32mDEBUG[0;39m org.hibernate.SQL                    [cae5f4b0ec9143d8aa41a40d6b1292e6 | GET | /api/binaryContents/218f6a3b-78a9-4010-853a-acf57b5fde71] - 
    select
        bc1_0.id,
        bc1_0.content_type,
        bc1_0.created_at,
        bc1_0.file_name,
        bc1_0.size,
        bc1_0.status,
        bc1_0.updated_at 
    from
        binary_contents bc1_0 
    where
        bc1_0.id=?
26-06-04 11:23:42.026 [http-nio-8080-exec-4] [32mTRACE[0;39m org.hibernate.orm.jdbc.bind          [cae5f4b0ec9143d8aa41a40d6b1292e6 | GET | /api/binaryContents/218f6a3b-78a9-4010-853a-acf57b5fde71] - binding parameter (1:UUID) <- [218f6a3b-78a9-4010-853a-acf57b5fde71]
26-06-04 11:23:42.024 [http-nio-8080-exec-2] [32mDEBUG[0;39m c.s.m.d.c.BinaryContentController    [44995727de364dd08d1743955f57b038 | GET | /api/binaryContents/d0793339-0bab-481f-8e98-7c4b139a722b] - 바이너리 컨텐츠 조회 응답: BinaryContentDto[id=d0793339-0bab-481f-8e98-7c4b139a722b, fileName=스펀지.jpeg, size=7700, contentType=image/jpeg, url=http://localhost:8080/api/binaryContents/d0793339-0bab-481f-8e98-7c4b139a722b/download]
26-06-04 11:23:42.025 [http-nio-8080-exec-6] [32mTRACE[0;39m o.s.s.w.h.writers.HstsHeaderWriter   [a79ac72e3e784333a1a89ff8773abee3 | GET | /api/binaryContents/ce33e24c-1cd3-4ba5-8ad4-43dc14ae93cd] - Not injecting HSTS header since it did not match request to [Is Secure]
26-06-04 11:23:42.024 [http-nio-8080-exec-9] [32mDEBUG[0;39m c.s.m.d.s.b.BasicBinaryContentService [d00b28fa669248ab94e64eb823d3898b | GET | /api/binaryContents/db45008b-422a-4561-80f3-ef70a5a130df] - 바이너리 컨텐츠 조회 시작: id=db45008b-422a-4561-80f3-ef70a5a130df
26-06-04 11:23:42.027 [http-nio-8080-exec-6] [32mDEBUG[0;39m c.s.m.d.config.MDCLoggingInterceptor [a79ac72e3e784333a1a89ff8773abee3 | GET | /api/binaryContents/ce33e24c-1cd3-4ba5-8ad4-43dc14ae93cd] - Request completed
26-06-04 11:23:42.026 [http-nio-8080-exec-10] [32mTRACE[0;39m o.s.s.w.h.writers.HstsHeaderWriter   [c625d6b6a1ea46419c061a9010399fab | GET | /api/binaryContents/b8a74c58-0da0-444b-88b3-8dd2b22749b2] - Not injecting HSTS header since it did not match request to [Is Secure]
26-06-04 11:23:42.026 [http-nio-8080-exec-5] [32mDEBUG[0;39m c.s.m.d.s.b.BasicBinaryContentService [c91bd1cf742d4cea91f59495ff340dd7 | GET | /api/binaryContents/4fd4171e-ff8a-481e-8514-fbf9a23332de] - 바이너리 컨텐츠 조회 시작: id=4fd4171e-ff8a-481e-8514-fbf9a23332de
26-06-04 11:23:42.028 [http-nio-8080-exec-2] [32mTRACE[0;39m o.s.s.w.h.writers.HstsHeaderWriter   [44995727de364dd08d1743955f57b038 | GET | /api/binaryContents/d0793339-0bab-481f-8e98-7c4b139a722b] - Not injecting HSTS header since it did not match request to [Is Secure]
26-06-04 11:23:42.029 [http-nio-8080-exec-10] [32mDEBUG[0;39m c.s.m.d.config.MDCLoggingInterceptor [c625d6b6a1ea46419c061a9010399fab | GET | /api/binaryContents/b8a74c58-0da0-444b-88b3-8dd2b22749b2] - Request completed
26-06-04 11:23:42.029 [http-nio-8080-exec-9] [32mDEBUG[0;39m org.hibernate.SQL                    [d00b28fa669248ab94e64eb823d3898b | GET | /api/binaryContents/db45008b-422a-4561-80f3-ef70a5a130df] - 
    select
        bc1_0.id,
        bc1_0.content_type,
        bc1_0.created_at,
        bc1_0.file_name,
        bc1_0.size,
        bc1_0.status,
        bc1_0.updated_at 
    from
        binary_contents bc1_0 
    where
        bc1_0.id=?
26-06-04 11:23:42.030 [http-nio-8080-exec-9] [32mTRACE[0;39m org.hibernate.orm.jdbc.bind          [d00b28fa669248ab94e64eb823d3898b | GET | /api/binaryContents/db45008b-422a-4561-80f3-ef70a5a130df] - binding parameter (1:UUID) <- [db45008b-422a-4561-80f3-ef70a5a130df]
26-06-04 11:23:42.029 [http-nio-8080-exec-2] [32mDEBUG[0;39m c.s.m.d.config.MDCLoggingInterceptor [44995727de364dd08d1743955f57b038 | GET | /api/binaryContents/d0793339-0bab-481f-8e98-7c4b139a722b] - Request completed
26-06-04 11:23:42.031 [http-nio-8080-exec-5] [32mDEBUG[0;39m org.hibernate.SQL                    [c91bd1cf742d4cea91f59495ff340dd7 | GET | /api/binaryContents/4fd4171e-ff8a-481e-8514-fbf9a23332de] - 
    select
        bc1_0.id,
        bc1_0.content_type,
        bc1_0.created_at,
        bc1_0.file_name,
        bc1_0.size,
        bc1_0.status,
        bc1_0.updated_at 
    from
        binary_contents bc1_0 
    where
        bc1_0.id=?
26-06-04 11:23:42.031 [http-nio-8080-exec-5] [32mTRACE[0;39m org.hibernate.orm.jdbc.bind          [c91bd1cf742d4cea91f59495ff340dd7 | GET | /api/binaryContents/4fd4171e-ff8a-481e-8514-fbf9a23332de] - binding parameter (1:UUID) <- [4fd4171e-ff8a-481e-8514-fbf9a23332de]
26-06-04 11:23:42.035 [http-nio-8080-exec-4] [32mINFO [0;39m c.s.m.d.s.b.BasicBinaryContentService [cae5f4b0ec9143d8aa41a40d6b1292e6 | GET | /api/binaryContents/218f6a3b-78a9-4010-853a-acf57b5fde71] - 바이너리 컨텐츠 조회 완료: id=218f6a3b-78a9-4010-853a-acf57b5fde71, fileName=스펀지.jpeg
26-06-04 11:23:42.035 [http-nio-8080-exec-4] [32mDEBUG[0;39m c.s.m.d.c.BinaryContentController    [cae5f4b0ec9143d8aa41a40d6b1292e6 | GET | /api/binaryContents/218f6a3b-78a9-4010-853a-acf57b5fde71] - 바이너리 컨텐츠 조회 응답: BinaryContentDto[id=218f6a3b-78a9-4010-853a-acf57b5fde71, fileName=스펀지.jpeg, size=7700, contentType=image/jpeg, url=http://localhost:8080/api/binaryContents/218f6a3b-78a9-4010-853a-acf57b5fde71/download]
26-06-04 11:23:42.036 [http-nio-8080-exec-4] [32mTRACE[0;39m o.s.s.w.h.writers.HstsHeaderWriter   [cae5f4b0ec9143d8aa41a40d6b1292e6 | GET | /api/binaryContents/218f6a3b-78a9-4010-853a-acf57b5fde71] - Not injecting HSTS header since it did not match request to [Is Secure]
26-06-04 11:23:42.038 [http-nio-8080-exec-4] [32mDEBUG[0;39m c.s.m.d.config.MDCLoggingInterceptor [cae5f4b0ec9143d8aa41a40d6b1292e6 | GET | /api/binaryContents/218f6a3b-78a9-4010-853a-acf57b5fde71] - Request completed
26-06-04 11:23:42.035 [http-nio-8080-exec-5] [32mINFO [0;39m c.s.m.d.s.b.BasicBinaryContentService [c91bd1cf742d4cea91f59495ff340dd7 | GET | /api/binaryContents/4fd4171e-ff8a-481e-8514-fbf9a23332de] - 바이너리 컨텐츠 조회 완료: id=4fd4171e-ff8a-481e-8514-fbf9a23332de, fileName=뚱이.jpeg
26-06-04 11:23:42.035 [http-nio-8080-exec-9] [32mINFO [0;39m c.s.m.d.s.b.BasicBinaryContentService [d00b28fa669248ab94e64eb823d3898b | GET | /api/binaryContents/db45008b-422a-4561-80f3-ef70a5a130df] - 바이너리 컨텐츠 조회 완료: id=db45008b-422a-4561-80f3-ef70a5a130df, fileName=뚱이.jpeg
26-06-04 11:23:42.038 [http-nio-8080-exec-5] [32mDEBUG[0;39m c.s.m.d.c.BinaryContentController    [c91bd1cf742d4cea91f59495ff340dd7 | GET | /api/binaryContents/4fd4171e-ff8a-481e-8514-fbf9a23332de] - 바이너리 컨텐츠 조회 응답: BinaryContentDto[id=4fd4171e-ff8a-481e-8514-fbf9a23332de, fileName=뚱이.jpeg, size=7838, contentType=image/jpeg, url=http://localhost:8080/api/binaryContents/4fd4171e-ff8a-481e-8514-fbf9a23332de/download]
26-06-04 11:23:42.038 [http-nio-8080-exec-9] [32mDEBUG[0;39m c.s.m.d.c.BinaryContentController    [d00b28fa669248ab94e64eb823d3898b | GET | /api/binaryContents/db45008b-422a-4561-80f3-ef70a5a130df] - 바이너리 컨텐츠 조회 응답: BinaryContentDto[id=db45008b-422a-4561-80f3-ef70a5a130df, fileName=뚱이.jpeg, size=7838, contentType=image/jpeg, url=http://localhost:8080/api/binaryContents/db45008b-422a-4561-80f3-ef70a5a130df/download]
26-06-04 11:23:42.039 [http-nio-8080-exec-7] [32mTRACE[0;39m o.s.security.web.FilterChainProxy    [ |  | ] - Trying to match request against DefaultSecurityFilterChain defined as 'filterChain' in [class path resource [com/sprint/mission/discodeit/config/SecurityConfig.class]] matching [any request] and having filters [DisableEncodeUrl, WebAsyncManagerIntegration, SecurityContextHolder, HeaderWriter, Csrf, Logout, JwtAuthentication, UsernamePasswordAuthentication, RequestCacheAware, SecurityContextHolderAwareRequest, RememberMeAuthentication, AnonymousAuthentication, SessionManagement, ExceptionTranslation, Authorization] (1/1)
26-06-04 11:23:42.039 [http-nio-8080-exec-7] [32mDEBUG[0;39m o.s.security.web.FilterChainProxy    [ |  | ] - Securing GET /api/binaryContents/a858b590-7b4a-44f0-ba43-cd879d9f1055
26-06-04 11:23:42.039 [http-nio-8080-exec-7] [32mTRACE[0;39m o.s.security.web.FilterChainProxy    [ |  | ] - Invoking DisableEncodeUrlFilter (1/15)
26-06-04 11:23:42.039 [http-nio-8080-exec-7] [32mTRACE[0;39m o.s.security.web.FilterChainProxy    [ |  | ] - Invoking WebAsyncManagerIntegrationFilter (2/15)
26-06-04 11:23:42.039 [http-nio-8080-exec-7] [32mTRACE[0;39m o.s.security.web.FilterChainProxy    [ |  | ] - Invoking SecurityContextHolderFilter (3/15)
26-06-04 11:23:42.039 [http-nio-8080-exec-7] [32mTRACE[0;39m o.s.security.web.FilterChainProxy    [ |  | ] - Invoking HeaderWriterFilter (4/15)
26-06-04 11:23:42.039 [http-nio-8080-exec-7] [32mTRACE[0;39m o.s.security.web.FilterChainProxy    [ |  | ] - Invoking CsrfFilter (5/15)
26-06-04 11:23:42.039 [http-nio-8080-exec-9] [32mTRACE[0;39m o.s.s.w.h.writers.HstsHeaderWriter   [d00b28fa669248ab94e64eb823d3898b | GET | /api/binaryContents/db45008b-422a-4561-80f3-ef70a5a130df] - Not injecting HSTS header since it did not match request to [Is Secure]
26-06-04 11:23:42.044 [http-nio-8080-exec-5] [32mTRACE[0;39m o.s.s.w.h.writers.HstsHeaderWriter   [c91bd1cf742d4cea91f59495ff340dd7 | GET | /api/binaryContents/4fd4171e-ff8a-481e-8514-fbf9a23332de] - Not injecting HSTS header since it did not match request to [Is Secure]
26-06-04 11:23:42.045 [http-nio-8080-exec-5] [32mDEBUG[0;39m c.s.m.d.config.MDCLoggingInterceptor [c91bd1cf742d4cea91f59495ff340dd7 | GET | /api/binaryContents/4fd4171e-ff8a-481e-8514-fbf9a23332de] - Request completed
26-06-04 11:23:42.045 [http-nio-8080-exec-3] [32mTRACE[0;39m o.s.security.web.FilterChainProxy    [ |  | ] - Trying to match request against DefaultSecurityFilterChain defined as 'filterChain' in [class path resource [com/sprint/mission/discodeit/config/SecurityConfig.class]] matching [any request] and having filters [DisableEncodeUrl, WebAsyncManagerIntegration, SecurityContextHolder, HeaderWriter, Csrf, Logout, JwtAuthentication, UsernamePasswordAuthentication, RequestCacheAware, SecurityContextHolderAwareRequest, RememberMeAuthentication, AnonymousAuthentication, SessionManagement, ExceptionTranslation, Authorization] (1/1)
26-06-04 11:23:42.045 [http-nio-8080-exec-3] [32mDEBUG[0;39m o.s.security.web.FilterChainProxy    [ |  | ] - Securing GET /api/binaryContents/b8a74c58-0da0-444b-88b3-8dd2b22749b2
26-06-04 11:23:42.045 [http-nio-8080-exec-3] [32mTRACE[0;39m o.s.security.web.FilterChainProxy    [ |  | ] - Invoking DisableEncodeUrlFilter (1/15)
26-06-04 11:23:42.045 [http-nio-8080-exec-3] [32mTRACE[0;39m o.s.security.web.FilterChainProxy    [ |  | ] - Invoking WebAsyncManagerIntegrationFilter (2/15)
26-06-04 11:23:42.045 [http-nio-8080-exec-3] [32mTRACE[0;39m o.s.security.web.FilterChainProxy    [ |  | ] - Invoking SecurityContextHolderFilter (3/15)
26-06-04 11:23:42.045 [http-nio-8080-exec-3] [32mTRACE[0;39m o.s.security.web.FilterChainProxy    [ |  | ] - Invoking HeaderWriterFilter (4/15)
26-06-04 11:23:42.045 [http-nio-8080-exec-3] [32mTRACE[0;39m o.s.security.web.FilterChainProxy    [ |  | ] - Invoking CsrfFilter (5/15)
26-06-04 11:23:42.039 [http-nio-8080-exec-7] [32mTRACE[0;39m o.s.security.web.csrf.CsrfFilter     [ |  | ] - Did not protect against CSRF since request did not match CsrfNotRequired [TRACE, HEAD, GET, OPTIONS]
26-06-04 11:23:42.045 [http-nio-8080-exec-7] [32mTRACE[0;39m o.s.security.web.FilterChainProxy    [ |  | ] - Invoking LogoutFilter (6/15)
26-06-04 11:23:42.045 [http-nio-8080-exec-3] [32mTRACE[0;39m o.s.security.web.csrf.CsrfFilter     [ |  | ] - Did not protect against CSRF since request did not match CsrfNotRequired [TRACE, HEAD, GET, OPTIONS]
26-06-04 11:23:42.045 [http-nio-8080-exec-3] [32mTRACE[0;39m o.s.security.web.FilterChainProxy    [ |  | ] - Invoking LogoutFilter (6/15)
26-06-04 11:23:42.045 [http-nio-8080-exec-3] [32mTRACE[0;39m o.s.s.w.a.logout.LogoutFilter        [ |  | ] - Did not match request to Ant [pattern='/api/auth/logout', POST]
26-06-04 11:23:42.045 [http-nio-8080-exec-3] [32mTRACE[0;39m o.s.security.web.FilterChainProxy    [ |  | ] - Invoking JwtAuthenticationFilter (7/15)
26-06-04 11:23:42.045 [http-nio-8080-exec-9] [32mDEBUG[0;39m c.s.m.d.config.MDCLoggingInterceptor [d00b28fa669248ab94e64eb823d3898b | GET | /api/binaryContents/db45008b-422a-4561-80f3-ef70a5a130df] - Request completed
26-06-04 11:23:42.045 [http-nio-8080-exec-7] [32mTRACE[0;39m o.s.s.w.a.logout.LogoutFilter        [ |  | ] - Did not match request to Ant [pattern='/api/auth/logout', POST]
26-06-04 11:23:42.046 [http-nio-8080-exec-7] [32mTRACE[0;39m o.s.security.web.FilterChainProxy    [ |  | ] - Invoking JwtAuthenticationFilter (7/15)
26-06-04 11:23:42.047 [http-nio-8080-exec-4] [32mTRACE[0;39m o.s.security.web.FilterChainProxy    [ |  | ] - Trying to match request against DefaultSecurityFilterChain defined as 'filterChain' in [class path resource [com/sprint/mission/discodeit/config/SecurityConfig.class]] matching [any request] and having filters [DisableEncodeUrl, WebAsyncManagerIntegration, SecurityContextHolder, HeaderWriter, Csrf, Logout, JwtAuthentication, UsernamePasswordAuthentication, RequestCacheAware, SecurityContextHolderAwareRequest, RememberMeAuthentication, AnonymousAuthentication, SessionManagement, ExceptionTranslation, Authorization] (1/1)
26-06-04 11:23:42.047 [http-nio-8080-exec-4] [32mDEBUG[0;39m o.s.security.web.FilterChainProxy    [ |  | ] - Securing GET /api/binaryContents/d0793339-0bab-481f-8e98-7c4b139a722b
26-06-04 11:23:42.047 [http-nio-8080-exec-4] [32mTRACE[0;39m o.s.security.web.FilterChainProxy    [ |  | ] - Invoking DisableEncodeUrlFilter (1/15)
26-06-04 11:23:42.046 [http-nio-8080-exec-3] [32mTRACE[0;39m o.s.s.w.c.SupplierDeferredSecurityContext [ |  | ] - Created SecurityContextImpl [Null authentication]
26-06-04 11:23:42.047 [http-nio-8080-exec-4] [32mTRACE[0;39m o.s.security.web.FilterChainProxy    [ |  | ] - Invoking WebAsyncManagerIntegrationFilter (2/15)
26-06-04 11:23:42.047 [http-nio-8080-exec-4] [32mTRACE[0;39m o.s.security.web.FilterChainProxy    [ |  | ] - Invoking SecurityContextHolderFilter (3/15)
26-06-04 11:23:42.047 [http-nio-8080-exec-3] [32mDEBUG[0;39m c.s.m.d.s.f.JwtAuthenticationFilter  [ |  | ] - Security Context에 'user1' 인증 정보를 저장했습니다.
26-06-04 11:23:42.047 [http-nio-8080-exec-4] [32mTRACE[0;39m o.s.security.web.FilterChainProxy    [ |  | ] - Invoking HeaderWriterFilter (4/15)
26-06-04 11:23:42.047 [http-nio-8080-exec-3] [32mTRACE[0;39m o.s.security.web.FilterChainProxy    [ |  | ] - Invoking UsernamePasswordAuthenticationFilter (8/15)
26-06-04 11:23:42.047 [http-nio-8080-exec-4] [32mTRACE[0;39m o.s.security.web.FilterChainProxy    [ |  | ] - Invoking CsrfFilter (5/15)
26-06-04 11:23:42.047 [http-nio-8080-exec-3] [32mTRACE[0;39m o.s.s.w.a.UsernamePasswordAuthenticationFilter [ |  | ] - Did not match request to Ant [pattern='/api/auth/login', POST]
26-06-04 11:23:42.047 [http-nio-8080-exec-3] [32mTRACE[0;39m o.s.security.web.FilterChainProxy    [ |  | ] - Invoking RequestCacheAwareFilter (9/15)
26-06-04 11:23:42.047 [http-nio-8080-exec-7] [32mTRACE[0;39m o.s.s.w.c.SupplierDeferredSecurityContext [ |  | ] - Created SecurityContextImpl [Null authentication]
26-06-04 11:23:42.047 [http-nio-8080-exec-3] [32mTRACE[0;39m o.s.security.web.FilterChainProxy    [ |  | ] - Invoking SecurityContextHolderAwareRequestFilter (10/15)
26-06-04 11:23:42.047 [http-nio-8080-exec-7] [32mDEBUG[0;39m c.s.m.d.s.f.JwtAuthenticationFilter  [ |  | ] - Security Context에 'user1' 인증 정보를 저장했습니다.
26-06-04 11:23:42.047 [http-nio-8080-exec-4] [32mTRACE[0;39m o.s.security.web.csrf.CsrfFilter     [ |  | ] - Did not protect against CSRF since request did not match CsrfNotRequired [TRACE, HEAD, GET, OPTIONS]
26-06-04 11:23:42.047 [http-nio-8080-exec-7] [32mTRACE[0;39m o.s.security.web.FilterChainProxy    [ |  | ] - Invoking UsernamePasswordAuthenticationFilter (8/15)
26-06-04 11:23:42.047 [http-nio-8080-exec-4] [32mTRACE[0;39m o.s.security.web.FilterChainProxy    [ |  | ] - Invoking LogoutFilter (6/15)
26-06-04 11:23:42.047 [http-nio-8080-exec-3] [32mTRACE[0;39m o.s.security.web.FilterChainProxy    [ |  | ] - Invoking RememberMeAuthenticationFilter (11/15)
26-06-04 11:23:42.047 [http-nio-8080-exec-4] [32mTRACE[0;39m o.s.s.w.a.logout.LogoutFilter        [ |  | ] - Did not match request to Ant [pattern='/api/auth/logout', POST]
26-06-04 11:23:42.047 [http-nio-8080-exec-3] [32mDEBUG[0;39m o.s.s.w.a.r.RememberMeAuthenticationFilter [ |  | ] - SecurityContextHolder not populated with remember-me token, as it already contained: 'UsernamePasswordAuthenticationToken [Principal=org.springframework.security.core.userdetails.User [Username=user1, Password=[PROTECTED], Enabled=true, AccountNonExpired=true, CredentialsNonExpired=true, AccountNonLocked=true, Granted Authorities=[ROLE_USER]], Credentials=[PROTECTED], Authenticated=true, Details=null, Granted Authorities=[ROLE_USER]]'
26-06-04 11:23:42.047 [http-nio-8080-exec-7] [32mTRACE[0;39m o.s.s.w.a.UsernamePasswordAuthenticationFilter [ |  | ] - Did not match request to Ant [pattern='/api/auth/login', POST]
26-06-04 11:23:42.047 [http-nio-8080-exec-3] [32mTRACE[0;39m o.s.security.web.FilterChainProxy    [ |  | ] - Invoking AnonymousAuthenticationFilter (12/15)
26-06-04 11:23:42.048 [http-nio-8080-exec-7] [32mTRACE[0;39m o.s.security.web.FilterChainProxy    [ |  | ] - Invoking RequestCacheAwareFilter (9/15)
26-06-04 11:23:42.048 [http-nio-8080-exec-7] [32mTRACE[0;39m o.s.security.web.FilterChainProxy    [ |  | ] - Invoking SecurityContextHolderAwareRequestFilter (10/15)
26-06-04 11:23:42.048 [http-nio-8080-exec-3] [32mTRACE[0;39m o.s.security.web.FilterChainProxy    [ |  | ] - Invoking SessionManagementFilter (13/15)
26-06-04 11:23:42.048 [http-nio-8080-exec-7] [32mTRACE[0;39m o.s.security.web.FilterChainProxy    [ |  | ] - Invoking RememberMeAuthenticationFilter (11/15)
26-06-04 11:23:42.048 [http-nio-8080-exec-7] [32mDEBUG[0;39m o.s.s.w.a.r.RememberMeAuthenticationFilter [ |  | ] - SecurityContextHolder not populated with remember-me token, as it already contained: 'UsernamePasswordAuthenticationToken [Principal=org.springframework.security.core.userdetails.User [Username=user1, Password=[PROTECTED], Enabled=true, AccountNonExpired=true, CredentialsNonExpired=true, AccountNonLocked=true, Granted Authorities=[ROLE_USER]], Credentials=[PROTECTED], Authenticated=true, Details=null, Granted Authorities=[ROLE_USER]]'
26-06-04 11:23:42.048 [http-nio-8080-exec-7] [32mTRACE[0;39m o.s.security.web.FilterChainProxy    [ |  | ] - Invoking AnonymousAuthenticationFilter (12/15)
26-06-04 11:23:42.048 [http-nio-8080-exec-7] [32mTRACE[0;39m o.s.security.web.FilterChainProxy    [ |  | ] - Invoking SessionManagementFilter (13/15)
26-06-04 11:23:42.048 [http-nio-8080-exec-3] [32mTRACE[0;39m o.s.s.w.a.AnonymousAuthenticationFilter [ |  | ] - Did not set SecurityContextHolder since already authenticated UsernamePasswordAuthenticationToken [Principal=org.springframework.security.core.userdetails.User [Username=user1, Password=[PROTECTED], Enabled=true, AccountNonExpired=true, CredentialsNonExpired=true, AccountNonLocked=true, Granted Authorities=[ROLE_USER]], Credentials=[PROTECTED], Authenticated=true, Details=null, Granted Authorities=[ROLE_USER]]
26-06-04 11:23:42.048 [http-nio-8080-exec-7] [32mTRACE[0;39m o.s.s.w.a.AnonymousAuthenticationFilter [ |  | ] - Did not set SecurityContextHolder since already authenticated UsernamePasswordAuthenticationToken [Principal=org.springframework.security.core.userdetails.User [Username=user1, Password=[PROTECTED], Enabled=true, AccountNonExpired=true, CredentialsNonExpired=true, AccountNonLocked=true, Granted Authorities=[ROLE_USER]], Credentials=[PROTECTED], Authenticated=true, Details=null, Granted Authorities=[ROLE_USER]]
26-06-04 11:23:42.048 [http-nio-8080-exec-3] [32mTRACE[0;39m o.s.s.w.a.s.CompositeSessionAuthenticationStrategy [ |  | ] - Preparing session with ChangeSessionIdAuthenticationStrategy (1/2)
26-06-04 11:23:42.048 [http-nio-8080-exec-7] [32mTRACE[0;39m o.s.s.w.a.s.CompositeSessionAuthenticationStrategy [ |  | ] - Preparing session with ChangeSessionIdAuthenticationStrategy (1/2)
26-06-04 11:23:42.048 [http-nio-8080-exec-7] [32mTRACE[0;39m o.s.s.w.a.s.CompositeSessionAuthenticationStrategy [ |  | ] - Preparing session with CsrfAuthenticationStrategy (2/2)
26-06-04 11:23:42.048 [http-nio-8080-exec-3] [32mTRACE[0;39m o.s.s.w.a.s.CompositeSessionAuthenticationStrategy [ |  | ] - Preparing session with CsrfAuthenticationStrategy (2/2)
26-06-04 11:23:42.047 [http-nio-8080-exec-4] [32mTRACE[0;39m o.s.security.web.FilterChainProxy    [ |  | ] - Invoking JwtAuthenticationFilter (7/15)
26-06-04 11:23:42.048 [http-nio-8080-exec-3] [32mDEBUG[0;39m o.s.s.w.c.CsrfAuthenticationStrategy [ |  | ] - Replaced CSRF Token
26-06-04 11:23:42.048 [http-nio-8080-exec-7] [32mDEBUG[0;39m o.s.s.w.c.CsrfAuthenticationStrategy [ |  | ] - Replaced CSRF Token
26-06-04 11:23:42.048 [http-nio-8080-exec-7] [32mTRACE[0;39m o.s.security.web.FilterChainProxy    [ |  | ] - Invoking ExceptionTranslationFilter (14/15)
26-06-04 11:23:42.048 [http-nio-8080-exec-3] [32mTRACE[0;39m o.s.security.web.FilterChainProxy    [ |  | ] - Invoking ExceptionTranslationFilter (14/15)
26-06-04 11:23:42.048 [http-nio-8080-exec-7] [32mTRACE[0;39m o.s.security.web.FilterChainProxy    [ |  | ] - Invoking AuthorizationFilter (15/15)
26-06-04 11:23:42.048 [http-nio-8080-exec-3] [32mTRACE[0;39m o.s.security.web.FilterChainProxy    [ |  | ] - Invoking AuthorizationFilter (15/15)
26-06-04 11:23:42.048 [http-nio-8080-exec-7] [32mTRACE[0;39m o.s.s.w.a.i.RequestMatcherDelegatingAuthorizationManager [ |  | ] - Authorizing GET /api/binaryContents/a858b590-7b4a-44f0-ba43-cd879d9f1055
26-06-04 11:23:42.048 [http-nio-8080-exec-3] [32mTRACE[0;39m o.s.s.w.a.i.RequestMatcherDelegatingAuthorizationManager [ |  | ] - Authorizing GET /api/binaryContents/b8a74c58-0da0-444b-88b3-8dd2b22749b2
26-06-04 11:23:42.048 [http-nio-8080-exec-7] [32mTRACE[0;39m o.s.s.w.a.i.RequestMatcherDelegatingAuthorizationManager [ |  | ] - Checking authorization on GET /api/binaryContents/a858b590-7b4a-44f0-ba43-cd879d9f1055 using org.springframework.security.authorization.AuthenticatedAuthorizationManager@5d73ce5
26-06-04 11:23:42.049 [http-nio-8080-exec-3] [32mTRACE[0;39m o.s.s.w.a.i.RequestMatcherDelegatingAuthorizationManager [ |  | ] - Checking authorization on GET /api/binaryContents/b8a74c58-0da0-444b-88b3-8dd2b22749b2 using org.springframework.security.authorization.AuthenticatedAuthorizationManager@5d73ce5
26-06-04 11:23:42.049 [http-nio-8080-exec-7] [32mDEBUG[0;39m o.s.security.web.FilterChainProxy    [ |  | ] - Secured GET /api/binaryContents/a858b590-7b4a-44f0-ba43-cd879d9f1055
26-06-04 11:23:42.049 [http-nio-8080-exec-3] [32mDEBUG[0;39m o.s.security.web.FilterChainProxy    [ |  | ] - Secured GET /api/binaryContents/b8a74c58-0da0-444b-88b3-8dd2b22749b2
26-06-04 11:23:42.049 [http-nio-8080-exec-4] [32mTRACE[0;39m o.s.s.w.c.SupplierDeferredSecurityContext [ |  | ] - Created SecurityContextImpl [Null authentication]
26-06-04 11:23:42.049 [http-nio-8080-exec-7] [32mDEBUG[0;39m c.s.m.d.config.MDCLoggingInterceptor [3fcfe66de21e4b89afd01c4ec6f2b31d | GET | /api/binaryContents/a858b590-7b4a-44f0-ba43-cd879d9f1055] - Request started
26-06-04 11:23:42.049 [http-nio-8080-exec-4] [32mDEBUG[0;39m c.s.m.d.s.f.JwtAuthenticationFilter  [ |  | ] - Security Context에 'user1' 인증 정보를 저장했습니다.
26-06-04 11:23:42.049 [http-nio-8080-exec-4] [32mTRACE[0;39m o.s.security.web.FilterChainProxy    [ |  | ] - Invoking UsernamePasswordAuthenticationFilter (8/15)
26-06-04 11:23:42.049 [http-nio-8080-exec-4] [32mTRACE[0;39m o.s.s.w.a.UsernamePasswordAuthenticationFilter [ |  | ] - Did not match request to Ant [pattern='/api/auth/login', POST]
26-06-04 11:23:42.049 [http-nio-8080-exec-4] [32mTRACE[0;39m o.s.security.web.FilterChainProxy    [ |  | ] - Invoking RequestCacheAwareFilter (9/15)
26-06-04 11:23:42.049 [http-nio-8080-exec-7] [32mINFO [0;39m c.s.m.d.c.BinaryContentController    [3fcfe66de21e4b89afd01c4ec6f2b31d | GET | /api/binaryContents/a858b590-7b4a-44f0-ba43-cd879d9f1055] - 바이너리 컨텐츠 조회 요청: id=a858b590-7b4a-44f0-ba43-cd879d9f1055
26-06-04 11:23:42.049 [http-nio-8080-exec-3] [32mDEBUG[0;39m c.s.m.d.config.MDCLoggingInterceptor [57e9e04ec93343868a8ae8770f746da9 | GET | /api/binaryContents/b8a74c58-0da0-444b-88b3-8dd2b22749b2] - Request started
26-06-04 11:23:42.049 [http-nio-8080-exec-4] [32mTRACE[0;39m o.s.security.web.FilterChainProxy    [ |  | ] - Invoking SecurityContextHolderAwareRequestFilter (10/15)
26-06-04 11:23:42.049 [http-nio-8080-exec-7] [32mDEBUG[0;39m c.s.m.d.s.b.BasicBinaryContentService [3fcfe66de21e4b89afd01c4ec6f2b31d | GET | /api/binaryContents/a858b590-7b4a-44f0-ba43-cd879d9f1055] - 바이너리 컨텐츠 조회 시작: id=a858b590-7b4a-44f0-ba43-cd879d9f1055
26-06-04 11:23:42.049 [http-nio-8080-exec-4] [32mTRACE[0;39m o.s.security.web.FilterChainProxy    [ |  | ] - Invoking RememberMeAuthenticationFilter (11/15)
26-06-04 11:23:42.049 [http-nio-8080-exec-4] [32mDEBUG[0;39m o.s.s.w.a.r.RememberMeAuthenticationFilter [ |  | ] - SecurityContextHolder not populated with remember-me token, as it already contained: 'UsernamePasswordAuthenticationToken [Principal=org.springframework.security.core.userdetails.User [Username=user1, Password=[PROTECTED], Enabled=true, AccountNonExpired=true, CredentialsNonExpired=true, AccountNonLocked=true, Granted Authorities=[ROLE_USER]], Credentials=[PROTECTED], Authenticated=true, Details=null, Granted Authorities=[ROLE_USER]]'
26-06-04 11:23:42.049 [http-nio-8080-exec-4] [32mTRACE[0;39m o.s.security.web.FilterChainProxy    [ |  | ] - Invoking AnonymousAuthenticationFilter (12/15)
26-06-04 11:23:42.049 [http-nio-8080-exec-4] [32mTRACE[0;39m o.s.security.web.FilterChainProxy    [ |  | ] - Invoking SessionManagementFilter (13/15)
26-06-04 11:23:42.049 [http-nio-8080-exec-4] [32mTRACE[0;39m o.s.s.w.a.AnonymousAuthenticationFilter [ |  | ] - Did not set SecurityContextHolder since already authenticated UsernamePasswordAuthenticationToken [Principal=org.springframework.security.core.userdetails.User [Username=user1, Password=[PROTECTED], Enabled=true, AccountNonExpired=true, CredentialsNonExpired=true, AccountNonLocked=true, Granted Authorities=[ROLE_USER]], Credentials=[PROTECTED], Authenticated=true, Details=null, Granted Authorities=[ROLE_USER]]
26-06-04 11:23:42.049 [http-nio-8080-exec-4] [32mTRACE[0;39m o.s.s.w.a.s.CompositeSessionAuthenticationStrategy [ |  | ] - Preparing session with ChangeSessionIdAuthenticationStrategy (1/2)
26-06-04 11:23:42.049 [http-nio-8080-exec-3] [32mINFO [0;39m c.s.m.d.c.BinaryContentController    [57e9e04ec93343868a8ae8770f746da9 | GET | /api/binaryContents/b8a74c58-0da0-444b-88b3-8dd2b22749b2] - 바이너리 컨텐츠 조회 요청: id=b8a74c58-0da0-444b-88b3-8dd2b22749b2
26-06-04 11:23:42.049 [http-nio-8080-exec-4] [32mTRACE[0;39m o.s.s.w.a.s.CompositeSessionAuthenticationStrategy [ |  | ] - Preparing session with CsrfAuthenticationStrategy (2/2)
26-06-04 11:23:42.049 [http-nio-8080-exec-3] [32mDEBUG[0;39m c.s.m.d.s.b.BasicBinaryContentService [57e9e04ec93343868a8ae8770f746da9 | GET | /api/binaryContents/b8a74c58-0da0-444b-88b3-8dd2b22749b2] - 바이너리 컨텐츠 조회 시작: id=b8a74c58-0da0-444b-88b3-8dd2b22749b2
26-06-04 11:23:42.050 [http-nio-8080-exec-4] [32mDEBUG[0;39m o.s.s.w.c.CsrfAuthenticationStrategy [ |  | ] - Replaced CSRF Token
26-06-04 11:23:42.050 [http-nio-8080-exec-4] [32mTRACE[0;39m o.s.security.web.FilterChainProxy    [ |  | ] - Invoking ExceptionTranslationFilter (14/15)
26-06-04 11:23:42.050 [http-nio-8080-exec-4] [32mTRACE[0;39m o.s.security.web.FilterChainProxy    [ |  | ] - Invoking AuthorizationFilter (15/15)
26-06-04 11:23:42.050 [http-nio-8080-exec-4] [32mTRACE[0;39m o.s.s.w.a.i.RequestMatcherDelegatingAuthorizationManager [ |  | ] - Authorizing GET /api/binaryContents/d0793339-0bab-481f-8e98-7c4b139a722b
26-06-04 11:23:42.050 [http-nio-8080-exec-4] [32mTRACE[0;39m o.s.s.w.a.i.RequestMatcherDelegatingAuthorizationManager [ |  | ] - Checking authorization on GET /api/binaryContents/d0793339-0bab-481f-8e98-7c4b139a722b using org.springframework.security.authorization.AuthenticatedAuthorizationManager@5d73ce5
26-06-04 11:23:42.050 [http-nio-8080-exec-4] [32mDEBUG[0;39m o.s.security.web.FilterChainProxy    [ |  | ] - Secured GET /api/binaryContents/d0793339-0bab-481f-8e98-7c4b139a722b
26-06-04 11:23:42.052 [http-nio-8080-exec-4] [32mDEBUG[0;39m c.s.m.d.config.MDCLoggingInterceptor [1c3ff208892347029505b0cf6a213119 | GET | /api/binaryContents/d0793339-0bab-481f-8e98-7c4b139a722b] - Request started
26-06-04 11:23:42.052 [http-nio-8080-exec-4] [32mINFO [0;39m c.s.m.d.c.BinaryContentController    [1c3ff208892347029505b0cf6a213119 | GET | /api/binaryContents/d0793339-0bab-481f-8e98-7c4b139a722b] - 바이너리 컨텐츠 조회 요청: id=d0793339-0bab-481f-8e98-7c4b139a722b
26-06-04 11:23:42.052 [http-nio-8080-exec-4] [32mDEBUG[0;39m c.s.m.d.s.b.BasicBinaryContentService [1c3ff208892347029505b0cf6a213119 | GET | /api/binaryContents/d0793339-0bab-481f-8e98-7c4b139a722b] - 바이너리 컨텐츠 조회 시작: id=d0793339-0bab-481f-8e98-7c4b139a722b
26-06-04 11:23:42.053 [http-nio-8080-exec-7] [32mDEBUG[0;39m org.hibernate.SQL                    [3fcfe66de21e4b89afd01c4ec6f2b31d | GET | /api/binaryContents/a858b590-7b4a-44f0-ba43-cd879d9f1055] - 
    select
        bc1_0.id,
        bc1_0.content_type,
        bc1_0.created_at,
        bc1_0.file_name,
        bc1_0.size,
        bc1_0.status,
        bc1_0.updated_at 
    from
        binary_contents bc1_0 
    where
        bc1_0.id=?
26-06-04 11:23:42.053 [http-nio-8080-exec-7] [32mTRACE[0;39m org.hibernate.orm.jdbc.bind          [3fcfe66de21e4b89afd01c4ec6f2b31d | GET | /api/binaryContents/a858b590-7b4a-44f0-ba43-cd879d9f1055] - binding parameter (1:UUID) <- [a858b590-7b4a-44f0-ba43-cd879d9f1055]
26-06-04 11:23:42.053 [http-nio-8080-exec-3] [32mDEBUG[0;39m org.hibernate.SQL                    [57e9e04ec93343868a8ae8770f746da9 | GET | /api/binaryContents/b8a74c58-0da0-444b-88b3-8dd2b22749b2] - 
    select
        bc1_0.id,
        bc1_0.content_type,
        bc1_0.created_at,
        bc1_0.file_name,
        bc1_0.size,
        bc1_0.status,
        bc1_0.updated_at 
    from
        binary_contents bc1_0 
    where
        bc1_0.id=?
26-06-04 11:23:42.053 [http-nio-8080-exec-3] [32mTRACE[0;39m org.hibernate.orm.jdbc.bind          [57e9e04ec93343868a8ae8770f746da9 | GET | /api/binaryContents/b8a74c58-0da0-444b-88b3-8dd2b22749b2] - binding parameter (1:UUID) <- [b8a74c58-0da0-444b-88b3-8dd2b22749b2]
26-06-04 11:23:42.053 [http-nio-8080-exec-4] [32mDEBUG[0;39m org.hibernate.SQL                    [1c3ff208892347029505b0cf6a213119 | GET | /api/binaryContents/d0793339-0bab-481f-8e98-7c4b139a722b] - 
    select
        bc1_0.id,
        bc1_0.content_type,
        bc1_0.created_at,
        bc1_0.file_name,
        bc1_0.size,
        bc1_0.status,
        bc1_0.updated_at 
    from
        binary_contents bc1_0 
    where
        bc1_0.id=?
26-06-04 11:23:42.054 [http-nio-8080-exec-4] [32mTRACE[0;39m org.hibernate.orm.jdbc.bind          [1c3ff208892347029505b0cf6a213119 | GET | /api/binaryContents/d0793339-0bab-481f-8e98-7c4b139a722b] - binding parameter (1:UUID) <- [d0793339-0bab-481f-8e98-7c4b139a722b]
26-06-04 11:23:42.057 [http-nio-8080-exec-3] [32mINFO [0;39m c.s.m.d.s.b.BasicBinaryContentService [57e9e04ec93343868a8ae8770f746da9 | GET | /api/binaryContents/b8a74c58-0da0-444b-88b3-8dd2b22749b2] - 바이너리 컨텐츠 조회 완료: id=b8a74c58-0da0-444b-88b3-8dd2b22749b2, fileName=스펀지.jpeg
26-06-04 11:23:42.057 [http-nio-8080-exec-7] [32mINFO [0;39m c.s.m.d.s.b.BasicBinaryContentService [3fcfe66de21e4b89afd01c4ec6f2b31d | GET | /api/binaryContents/a858b590-7b4a-44f0-ba43-cd879d9f1055] - 바이너리 컨텐츠 조회 완료: id=a858b590-7b4a-44f0-ba43-cd879d9f1055, fileName=뚱이.jpeg
26-06-04 11:23:42.056 [http-nio-8080-exec-4] [32mINFO [0;39m c.s.m.d.s.b.BasicBinaryContentService [1c3ff208892347029505b0cf6a213119 | GET | /api/binaryContents/d0793339-0bab-481f-8e98-7c4b139a722b] - 바이너리 컨텐츠 조회 완료: id=d0793339-0bab-481f-8e98-7c4b139a722b, fileName=스펀지.jpeg
26-06-04 11:23:42.057 [http-nio-8080-exec-4] [32mDEBUG[0;39m c.s.m.d.c.BinaryContentController    [1c3ff208892347029505b0cf6a213119 | GET | /api/binaryContents/d0793339-0bab-481f-8e98-7c4b139a722b] - 바이너리 컨텐츠 조회 응답: BinaryContentDto[id=d0793339-0bab-481f-8e98-7c4b139a722b, fileName=스펀지.jpeg, size=7700, contentType=image/jpeg, url=http://localhost:8080/api/binaryContents/d0793339-0bab-481f-8e98-7c4b139a722b/download]
26-06-04 11:23:42.057 [http-nio-8080-exec-7] [32mDEBUG[0;39m c.s.m.d.c.BinaryContentController    [3fcfe66de21e4b89afd01c4ec6f2b31d | GET | /api/binaryContents/a858b590-7b4a-44f0-ba43-cd879d9f1055] - 바이너리 컨텐츠 조회 응답: BinaryContentDto[id=a858b590-7b4a-44f0-ba43-cd879d9f1055, fileName=뚱이.jpeg, size=7838, contentType=image/jpeg, url=http://localhost:8080/api/binaryContents/a858b590-7b4a-44f0-ba43-cd879d9f1055/download]
26-06-04 11:23:42.057 [http-nio-8080-exec-3] [32mDEBUG[0;39m c.s.m.d.c.BinaryContentController    [57e9e04ec93343868a8ae8770f746da9 | GET | /api/binaryContents/b8a74c58-0da0-444b-88b3-8dd2b22749b2] - 바이너리 컨텐츠 조회 응답: BinaryContentDto[id=b8a74c58-0da0-444b-88b3-8dd2b22749b2, fileName=스펀지.jpeg, size=7700, contentType=image/jpeg, url=http://localhost:8080/api/binaryContents/b8a74c58-0da0-444b-88b3-8dd2b22749b2/download]
26-06-04 11:23:42.057 [http-nio-8080-exec-3] [32mTRACE[0;39m o.s.s.w.h.writers.HstsHeaderWriter   [57e9e04ec93343868a8ae8770f746da9 | GET | /api/binaryContents/b8a74c58-0da0-444b-88b3-8dd2b22749b2] - Not injecting HSTS header since it did not match request to [Is Secure]
26-06-04 11:23:42.057 [http-nio-8080-exec-4] [32mTRACE[0;39m o.s.s.w.h.writers.HstsHeaderWriter   [1c3ff208892347029505b0cf6a213119 | GET | /api/binaryContents/d0793339-0bab-481f-8e98-7c4b139a722b] - Not injecting HSTS header since it did not match request to [Is Secure]
26-06-04 11:23:42.058 [http-nio-8080-exec-3] [32mDEBUG[0;39m c.s.m.d.config.MDCLoggingInterceptor [57e9e04ec93343868a8ae8770f746da9 | GET | /api/binaryContents/b8a74c58-0da0-444b-88b3-8dd2b22749b2] - Request completed
26-06-04 11:23:42.057 [http-nio-8080-exec-7] [32mTRACE[0;39m o.s.s.w.h.writers.HstsHeaderWriter   [3fcfe66de21e4b89afd01c4ec6f2b31d | GET | /api/binaryContents/a858b590-7b4a-44f0-ba43-cd879d9f1055] - Not injecting HSTS header since it did not match request to [Is Secure]
26-06-04 11:23:42.059 [http-nio-8080-exec-4] [32mDEBUG[0;39m c.s.m.d.config.MDCLoggingInterceptor [1c3ff208892347029505b0cf6a213119 | GET | /api/binaryContents/d0793339-0bab-481f-8e98-7c4b139a722b] - Request completed
26-06-04 11:23:42.059 [http-nio-8080-exec-7] [32mDEBUG[0;39m c.s.m.d.config.MDCLoggingInterceptor [3fcfe66de21e4b89afd01c4ec6f2b31d | GET | /api/binaryContents/a858b590-7b4a-44f0-ba43-cd879d9f1055] - Request completed
26-06-04 11:23:42.411 [http-nio-8080-exec-8] [32mTRACE[0;39m o.s.security.web.FilterChainProxy    [ |  | ] - Trying to match request against DefaultSecurityFilterChain defined as 'filterChain' in [class path resource [com/sprint/mission/discodeit/config/SecurityConfig.class]] matching [any request] and having filters [DisableEncodeUrl, WebAsyncManagerIntegration, SecurityContextHolder, HeaderWriter, Csrf, Logout, JwtAuthentication, UsernamePasswordAuthentication, RequestCacheAware, SecurityContextHolderAwareRequest, RememberMeAuthentication, AnonymousAuthentication, SessionManagement, ExceptionTranslation, Authorization] (1/1)
26-06-04 11:23:42.412 [http-nio-8080-exec-8] [32mDEBUG[0;39m o.s.security.web.FilterChainProxy    [ |  | ] - Securing GET /api/messages?channelId=ba45765e-0f83-4f0b-b02f-1ed2f2e44a3e&size=50&sort=createdAt,desc
26-06-04 11:23:42.412 [http-nio-8080-exec-8] [32mTRACE[0;39m o.s.security.web.FilterChainProxy    [ |  | ] - Invoking DisableEncodeUrlFilter (1/15)
26-06-04 11:23:42.412 [http-nio-8080-exec-8] [32mTRACE[0;39m o.s.security.web.FilterChainProxy    [ |  | ] - Invoking WebAsyncManagerIntegrationFilter (2/15)
26-06-04 11:23:42.412 [http-nio-8080-exec-8] [32mTRACE[0;39m o.s.security.web.FilterChainProxy    [ |  | ] - Invoking SecurityContextHolderFilter (3/15)
26-06-04 11:23:42.412 [http-nio-8080-exec-8] [32mTRACE[0;39m o.s.security.web.FilterChainProxy    [ |  | ] - Invoking HeaderWriterFilter (4/15)
26-06-04 11:23:42.413 [http-nio-8080-exec-8] [32mTRACE[0;39m o.s.security.web.FilterChainProxy    [ |  | ] - Invoking CsrfFilter (5/15)
26-06-04 11:23:42.413 [http-nio-8080-exec-8] [32mTRACE[0;39m o.s.security.web.csrf.CsrfFilter     [ |  | ] - Did not protect against CSRF since request did not match CsrfNotRequired [TRACE, HEAD, GET, OPTIONS]
26-06-04 11:23:42.413 [http-nio-8080-exec-8] [32mTRACE[0;39m o.s.security.web.FilterChainProxy    [ |  | ] - Invoking LogoutFilter (6/15)
26-06-04 11:23:42.413 [http-nio-8080-exec-8] [32mTRACE[0;39m o.s.s.w.a.logout.LogoutFilter        [ |  | ] - Did not match request to Ant [pattern='/api/auth/logout', POST]
26-06-04 11:23:42.413 [http-nio-8080-exec-8] [32mTRACE[0;39m o.s.security.web.FilterChainProxy    [ |  | ] - Invoking JwtAuthenticationFilter (7/15)
26-06-04 11:23:42.413 [http-nio-8080-exec-8] [32mTRACE[0;39m o.s.s.w.c.SupplierDeferredSecurityContext [ |  | ] - Created SecurityContextImpl [Null authentication]
26-06-04 11:23:42.413 [http-nio-8080-exec-8] [32mDEBUG[0;39m c.s.m.d.s.f.JwtAuthenticationFilter  [ |  | ] - Security Context에 'user1' 인증 정보를 저장했습니다.
26-06-04 11:23:42.414 [http-nio-8080-exec-8] [32mTRACE[0;39m o.s.security.web.FilterChainProxy    [ |  | ] - Invoking UsernamePasswordAuthenticationFilter (8/15)
26-06-04 11:23:42.414 [http-nio-8080-exec-8] [32mTRACE[0;39m o.s.s.w.a.UsernamePasswordAuthenticationFilter [ |  | ] - Did not match request to Ant [pattern='/api/auth/login', POST]
26-06-04 11:23:42.414 [http-nio-8080-exec-8] [32mTRACE[0;39m o.s.security.web.FilterChainProxy    [ |  | ] - Invoking RequestCacheAwareFilter (9/15)
26-06-04 11:23:42.414 [http-nio-8080-exec-8] [32mTRACE[0;39m o.s.security.web.FilterChainProxy    [ |  | ] - Invoking SecurityContextHolderAwareRequestFilter (10/15)
26-06-04 11:23:42.414 [http-nio-8080-exec-8] [32mTRACE[0;39m o.s.security.web.FilterChainProxy    [ |  | ] - Invoking RememberMeAuthenticationFilter (11/15)
26-06-04 11:23:42.414 [http-nio-8080-exec-8] [32mDEBUG[0;39m o.s.s.w.a.r.RememberMeAuthenticationFilter [ |  | ] - SecurityContextHolder not populated with remember-me token, as it already contained: 'UsernamePasswordAuthenticationToken [Principal=org.springframework.security.core.userdetails.User [Username=user1, Password=[PROTECTED], Enabled=true, AccountNonExpired=true, CredentialsNonExpired=true, AccountNonLocked=true, Granted Authorities=[ROLE_USER]], Credentials=[PROTECTED], Authenticated=true, Details=null, Granted Authorities=[ROLE_USER]]'
26-06-04 11:23:42.414 [http-nio-8080-exec-8] [32mTRACE[0;39m o.s.security.web.FilterChainProxy    [ |  | ] - Invoking AnonymousAuthenticationFilter (12/15)
26-06-04 11:23:42.414 [http-nio-8080-exec-8] [32mTRACE[0;39m o.s.security.web.FilterChainProxy    [ |  | ] - Invoking SessionManagementFilter (13/15)
26-06-04 11:23:42.414 [http-nio-8080-exec-8] [32mTRACE[0;39m o.s.s.w.a.AnonymousAuthenticationFilter [ |  | ] - Did not set SecurityContextHolder since already authenticated UsernamePasswordAuthenticationToken [Principal=org.springframework.security.core.userdetails.User [Username=user1, Password=[PROTECTED], Enabled=true, AccountNonExpired=true, CredentialsNonExpired=true, AccountNonLocked=true, Granted Authorities=[ROLE_USER]], Credentials=[PROTECTED], Authenticated=true, Details=null, Granted Authorities=[ROLE_USER]]
26-06-04 11:23:42.414 [http-nio-8080-exec-8] [32mTRACE[0;39m o.s.s.w.a.s.CompositeSessionAuthenticationStrategy [ |  | ] - Preparing session with ChangeSessionIdAuthenticationStrategy (1/2)
26-06-04 11:23:42.414 [http-nio-8080-exec-8] [32mTRACE[0;39m o.s.s.w.a.s.CompositeSessionAuthenticationStrategy [ |  | ] - Preparing session with CsrfAuthenticationStrategy (2/2)
26-06-04 11:23:42.414 [http-nio-8080-exec-8] [32mDEBUG[0;39m o.s.s.w.c.CsrfAuthenticationStrategy [ |  | ] - Replaced CSRF Token
26-06-04 11:23:42.414 [http-nio-8080-exec-8] [32mTRACE[0;39m o.s.security.web.FilterChainProxy    [ |  | ] - Invoking ExceptionTranslationFilter (14/15)
26-06-04 11:23:42.414 [http-nio-8080-exec-8] [32mTRACE[0;39m o.s.security.web.FilterChainProxy    [ |  | ] - Invoking AuthorizationFilter (15/15)
26-06-04 11:23:42.414 [http-nio-8080-exec-8] [32mTRACE[0;39m o.s.s.w.a.i.RequestMatcherDelegatingAuthorizationManager [ |  | ] - Authorizing GET /api/messages?channelId=ba45765e-0f83-4f0b-b02f-1ed2f2e44a3e&size=50&sort=createdAt,desc
26-06-04 11:23:42.414 [http-nio-8080-exec-8] [32mTRACE[0;39m o.s.s.w.a.i.RequestMatcherDelegatingAuthorizationManager [ |  | ] - Checking authorization on GET /api/messages?channelId=ba45765e-0f83-4f0b-b02f-1ed2f2e44a3e&size=50&sort=createdAt,desc using org.springframework.security.authorization.AuthenticatedAuthorizationManager@5d73ce5
26-06-04 11:23:42.414 [http-nio-8080-exec-8] [32mDEBUG[0;39m o.s.security.web.FilterChainProxy    [ |  | ] - Secured GET /api/messages?channelId=ba45765e-0f83-4f0b-b02f-1ed2f2e44a3e&size=50&sort=createdAt,desc
26-06-04 11:23:42.415 [http-nio-8080-exec-8] [32mDEBUG[0;39m c.s.m.d.config.MDCLoggingInterceptor [6efc2623214042e2a2852e1b376e2846 | GET | /api/messages] - Request started
26-06-04 11:23:42.415 [http-nio-8080-exec-8] [32mINFO [0;39m c.s.m.d.controller.MessageController [6efc2623214042e2a2852e1b376e2846 | GET | /api/messages] - 채널별 메시지 목록 조회 요청: channelId=ba45765e-0f83-4f0b-b02f-1ed2f2e44a3e, cursor=null, pageable=Page request [number: 0, size 50, sort: createdAt: DESC]
26-06-04 11:23:42.417 [http-nio-8080-exec-8] [32mDEBUG[0;39m org.hibernate.SQL                    [6efc2623214042e2a2852e1b376e2846 | GET | /api/messages] - 
    select
        m1_0.id,
        a1_0.id,
        a1_0.created_at,
        a1_0.email,
        a1_0.password,
        p1_0.id,
        p1_0.content_type,
        p1_0.created_at,
        p1_0.file_name,
        p1_0.size,
        p1_0.status,
        p1_0.updated_at,
        a1_0.role,
        a1_0.updated_at,
        a1_0.username,
        m1_0.channel_id,
        m1_0.content,
        m1_0.created_at,
        m1_0.updated_at 
    from
        messages m1_0 
    left join
        users a1_0 
            on a1_0.id=m1_0.author_id 
    left join
        binary_contents p1_0 
            on p1_0.id=a1_0.profile_id 
    where
        m1_0.channel_id=? 
        and m1_0.created_at<? 
    order by
        m1_0.created_at desc 
    fetch
        first ? rows only
26-06-04 11:23:42.418 [http-nio-8080-exec-8] [32mTRACE[0;39m org.hibernate.orm.jdbc.bind          [6efc2623214042e2a2852e1b376e2846 | GET | /api/messages] - binding parameter (1:UUID) <- [ba45765e-0f83-4f0b-b02f-1ed2f2e44a3e]
26-06-04 11:23:42.418 [http-nio-8080-exec-8] [32mTRACE[0;39m org.hibernate.orm.jdbc.bind          [6efc2623214042e2a2852e1b376e2846 | GET | /api/messages] - binding parameter (2:TIMESTAMP_UTC) <- [2026-06-04T02:23:42.416998Z]
26-06-04 11:23:42.419 [http-nio-8080-exec-8] [32mTRACE[0;39m org.hibernate.orm.jdbc.bind          [6efc2623214042e2a2852e1b376e2846 | GET | /api/messages] - binding parameter (3:INTEGER) <- [51]
26-06-04 11:23:42.425 [http-nio-8080-exec-8] [32mDEBUG[0;39m org.hibernate.SQL                    [6efc2623214042e2a2852e1b376e2846 | GET | /api/messages] - 
    select
        a1_0.message_id,
        a1_1.id,
        a1_1.content_type,
        a1_1.created_at,
        a1_1.file_name,
        a1_1.size,
        a1_1.status,
        a1_1.updated_at 
    from
        message_attachments a1_0 
    join
        binary_contents a1_1 
            on a1_1.id=a1_0.attachment_id 
    where
        a1_0.message_id = any (?)
26-06-04 11:23:42.425 [http-nio-8080-exec-8] [32mTRACE[0;39m org.hibernate.orm.jdbc.bind          [6efc2623214042e2a2852e1b376e2846 | GET | /api/messages] - binding parameter (1:ARRAY) <- [[6ba14f94-aacf-432b-855c-9d7e8093064b, 44ebe3f9-e516-4900-8256-dc1ae5a34b16, 0cbce506-afa3-4e7e-9d6e-a215a14a4fd4, 619f5b1b-c59d-4558-9b6d-31ae708c4073, 693bd7ab-63ad-4077-a61b-8c9085faadc1, c085798f-b9b8-4338-9dad-aded811c30b9, 50d3dc11-ab6a-4d48-bdd8-94b994cda3b2, e5c6311c-852d-4045-979c-b2f4e4a71f64]]
26-06-04 11:23:42.429 [http-nio-8080-exec-8] [32mDEBUG[0;39m c.s.m.d.controller.MessageController [6efc2623214042e2a2852e1b376e2846 | GET | /api/messages] - 채널별 메시지 목록 조회 응답: totalElements=null
26-06-04 11:23:42.431 [http-nio-8080-exec-8] [32mTRACE[0;39m o.s.s.w.h.writers.HstsHeaderWriter   [6efc2623214042e2a2852e1b376e2846 | GET | /api/messages] - Not injecting HSTS header since it did not match request to [Is Secure]
26-06-04 11:23:42.432 [http-nio-8080-exec-8] [32mDEBUG[0;39m c.s.m.d.config.MDCLoggingInterceptor [6efc2623214042e2a2852e1b376e2846 | GET | /api/messages] - Request completed
26-06-04 11:23:44.334 [http-nio-8080-exec-6] [32mTRACE[0;39m o.s.security.web.FilterChainProxy    [ |  | ] - Trying to match request against DefaultSecurityFilterChain defined as 'filterChain' in [class path resource [com/sprint/mission/discodeit/config/SecurityConfig.class]] matching [any request] and having filters [DisableEncodeUrl, WebAsyncManagerIntegration, SecurityContextHolder, HeaderWriter, Csrf, Logout, JwtAuthentication, UsernamePasswordAuthentication, RequestCacheAware, SecurityContextHolderAwareRequest, RememberMeAuthentication, AnonymousAuthentication, SessionManagement, ExceptionTranslation, Authorization] (1/1)
26-06-04 11:23:44.335 [http-nio-8080-exec-6] [32mDEBUG[0;39m o.s.security.web.FilterChainProxy    [ |  | ] - Securing GET /api/messages?channelId=ba45765e-0f83-4f0b-b02f-1ed2f2e44a3e&size=50&sort=createdAt,desc
26-06-04 11:23:44.335 [http-nio-8080-exec-6] [32mTRACE[0;39m o.s.security.web.FilterChainProxy    [ |  | ] - Invoking DisableEncodeUrlFilter (1/15)
26-06-04 11:23:44.335 [http-nio-8080-exec-6] [32mTRACE[0;39m o.s.security.web.FilterChainProxy    [ |  | ] - Invoking WebAsyncManagerIntegrationFilter (2/15)
26-06-04 11:23:44.335 [http-nio-8080-exec-6] [32mTRACE[0;39m o.s.security.web.FilterChainProxy    [ |  | ] - Invoking SecurityContextHolderFilter (3/15)
26-06-04 11:23:44.335 [http-nio-8080-exec-6] [32mTRACE[0;39m o.s.security.web.FilterChainProxy    [ |  | ] - Invoking HeaderWriterFilter (4/15)
26-06-04 11:23:44.335 [http-nio-8080-exec-6] [32mTRACE[0;39m o.s.security.web.FilterChainProxy    [ |  | ] - Invoking CsrfFilter (5/15)
26-06-04 11:23:44.335 [http-nio-8080-exec-6] [32mTRACE[0;39m o.s.security.web.csrf.CsrfFilter     [ |  | ] - Did not protect against CSRF since request did not match CsrfNotRequired [TRACE, HEAD, GET, OPTIONS]
26-06-04 11:23:44.335 [http-nio-8080-exec-6] [32mTRACE[0;39m o.s.security.web.FilterChainProxy    [ |  | ] - Invoking LogoutFilter (6/15)
26-06-04 11:23:44.335 [http-nio-8080-exec-6] [32mTRACE[0;39m o.s.s.w.a.logout.LogoutFilter        [ |  | ] - Did not match request to Ant [pattern='/api/auth/logout', POST]
26-06-04 11:23:44.335 [http-nio-8080-exec-6] [32mTRACE[0;39m o.s.security.web.FilterChainProxy    [ |  | ] - Invoking JwtAuthenticationFilter (7/15)
26-06-04 11:23:44.339 [http-nio-8080-exec-6] [32mTRACE[0;39m o.s.s.w.c.SupplierDeferredSecurityContext [ |  | ] - Created SecurityContextImpl [Null authentication]
26-06-04 11:23:44.339 [http-nio-8080-exec-6] [32mDEBUG[0;39m c.s.m.d.s.f.JwtAuthenticationFilter  [ |  | ] - Security Context에 'user1' 인증 정보를 저장했습니다.
26-06-04 11:23:44.339 [http-nio-8080-exec-6] [32mTRACE[0;39m o.s.security.web.FilterChainProxy    [ |  | ] - Invoking UsernamePasswordAuthenticationFilter (8/15)
26-06-04 11:23:44.339 [http-nio-8080-exec-6] [32mTRACE[0;39m o.s.s.w.a.UsernamePasswordAuthenticationFilter [ |  | ] - Did not match request to Ant [pattern='/api/auth/login', POST]
26-06-04 11:23:44.339 [http-nio-8080-exec-6] [32mTRACE[0;39m o.s.security.web.FilterChainProxy    [ |  | ] - Invoking RequestCacheAwareFilter (9/15)
26-06-04 11:23:44.339 [http-nio-8080-exec-6] [32mTRACE[0;39m o.s.security.web.FilterChainProxy    [ |  | ] - Invoking SecurityContextHolderAwareRequestFilter (10/15)
26-06-04 11:23:44.339 [http-nio-8080-exec-6] [32mTRACE[0;39m o.s.security.web.FilterChainProxy    [ |  | ] - Invoking RememberMeAuthenticationFilter (11/15)
26-06-04 11:23:44.339 [http-nio-8080-exec-6] [32mDEBUG[0;39m o.s.s.w.a.r.RememberMeAuthenticationFilter [ |  | ] - SecurityContextHolder not populated with remember-me token, as it already contained: 'UsernamePasswordAuthenticationToken [Principal=org.springframework.security.core.userdetails.User [Username=user1, Password=[PROTECTED], Enabled=true, AccountNonExpired=true, CredentialsNonExpired=true, AccountNonLocked=true, Granted Authorities=[ROLE_USER]], Credentials=[PROTECTED], Authenticated=true, Details=null, Granted Authorities=[ROLE_USER]]'
26-06-04 11:23:44.339 [http-nio-8080-exec-6] [32mTRACE[0;39m o.s.security.web.FilterChainProxy    [ |  | ] - Invoking AnonymousAuthenticationFilter (12/15)
26-06-04 11:23:44.339 [http-nio-8080-exec-6] [32mTRACE[0;39m o.s.security.web.FilterChainProxy    [ |  | ] - Invoking SessionManagementFilter (13/15)
26-06-04 11:23:44.339 [http-nio-8080-exec-6] [32mTRACE[0;39m o.s.s.w.a.AnonymousAuthenticationFilter [ |  | ] - Did not set SecurityContextHolder since already authenticated UsernamePasswordAuthenticationToken [Principal=org.springframework.security.core.userdetails.User [Username=user1, Password=[PROTECTED], Enabled=true, AccountNonExpired=true, CredentialsNonExpired=true, AccountNonLocked=true, Granted Authorities=[ROLE_USER]], Credentials=[PROTECTED], Authenticated=true, Details=null, Granted Authorities=[ROLE_USER]]
26-06-04 11:23:44.339 [http-nio-8080-exec-6] [32mTRACE[0;39m o.s.s.w.a.s.CompositeSessionAuthenticationStrategy [ |  | ] - Preparing session with ChangeSessionIdAuthenticationStrategy (1/2)
26-06-04 11:23:44.339 [http-nio-8080-exec-6] [32mTRACE[0;39m o.s.s.w.a.s.CompositeSessionAuthenticationStrategy [ |  | ] - Preparing session with CsrfAuthenticationStrategy (2/2)
26-06-04 11:23:44.340 [http-nio-8080-exec-6] [32mDEBUG[0;39m o.s.s.w.c.CsrfAuthenticationStrategy [ |  | ] - Replaced CSRF Token
26-06-04 11:23:44.340 [http-nio-8080-exec-6] [32mTRACE[0;39m o.s.security.web.FilterChainProxy    [ |  | ] - Invoking ExceptionTranslationFilter (14/15)
26-06-04 11:23:44.340 [http-nio-8080-exec-6] [32mTRACE[0;39m o.s.security.web.FilterChainProxy    [ |  | ] - Invoking AuthorizationFilter (15/15)
26-06-04 11:23:44.340 [http-nio-8080-exec-6] [32mTRACE[0;39m o.s.s.w.a.i.RequestMatcherDelegatingAuthorizationManager [ |  | ] - Authorizing GET /api/messages?channelId=ba45765e-0f83-4f0b-b02f-1ed2f2e44a3e&size=50&sort=createdAt,desc
26-06-04 11:23:44.340 [http-nio-8080-exec-6] [32mTRACE[0;39m o.s.s.w.a.i.RequestMatcherDelegatingAuthorizationManager [ |  | ] - Checking authorization on GET /api/messages?channelId=ba45765e-0f83-4f0b-b02f-1ed2f2e44a3e&size=50&sort=createdAt,desc using org.springframework.security.authorization.AuthenticatedAuthorizationManager@5d73ce5
26-06-04 11:23:44.341 [http-nio-8080-exec-6] [32mDEBUG[0;39m o.s.security.web.FilterChainProxy    [ |  | ] - Secured GET /api/messages?channelId=ba45765e-0f83-4f0b-b02f-1ed2f2e44a3e&size=50&sort=createdAt,desc
26-06-04 11:23:44.344 [http-nio-8080-exec-6] [32mDEBUG[0;39m c.s.m.d.config.MDCLoggingInterceptor [c7cbee59d6984846a0b385144e33f148 | GET | /api/messages] - Request started
26-06-04 11:23:44.347 [http-nio-8080-exec-6] [32mINFO [0;39m c.s.m.d.controller.MessageController [c7cbee59d6984846a0b385144e33f148 | GET | /api/messages] - 채널별 메시지 목록 조회 요청: channelId=ba45765e-0f83-4f0b-b02f-1ed2f2e44a3e, cursor=null, pageable=Page request [number: 0, size 50, sort: createdAt: DESC]
26-06-04 11:23:44.354 [http-nio-8080-exec-6] [32mDEBUG[0;39m org.hibernate.SQL                    [c7cbee59d6984846a0b385144e33f148 | GET | /api/messages] - 
    select
        m1_0.id,
        a1_0.id,
        a1_0.created_at,
        a1_0.email,
        a1_0.password,
        p1_0.id,
        p1_0.content_type,
        p1_0.created_at,
        p1_0.file_name,
        p1_0.size,
        p1_0.status,
        p1_0.updated_at,
        a1_0.role,
        a1_0.updated_at,
        a1_0.username,
        m1_0.channel_id,
        m1_0.content,
        m1_0.created_at,
        m1_0.updated_at 
    from
        messages m1_0 
    left join
        users a1_0 
            on a1_0.id=m1_0.author_id 
    left join
        binary_contents p1_0 
            on p1_0.id=a1_0.profile_id 
    where
        m1_0.channel_id=? 
        and m1_0.created_at<? 
    order by
        m1_0.created_at desc 
    fetch
        first ? rows only
26-06-04 11:23:44.354 [http-nio-8080-exec-6] [32mTRACE[0;39m org.hibernate.orm.jdbc.bind          [c7cbee59d6984846a0b385144e33f148 | GET | /api/messages] - binding parameter (1:UUID) <- [ba45765e-0f83-4f0b-b02f-1ed2f2e44a3e]
26-06-04 11:23:44.354 [http-nio-8080-exec-6] [32mTRACE[0;39m org.hibernate.orm.jdbc.bind          [c7cbee59d6984846a0b385144e33f148 | GET | /api/messages] - binding parameter (2:TIMESTAMP_UTC) <- [2026-06-04T02:23:44.353233Z]
26-06-04 11:23:44.354 [http-nio-8080-exec-6] [32mTRACE[0;39m org.hibernate.orm.jdbc.bind          [c7cbee59d6984846a0b385144e33f148 | GET | /api/messages] - binding parameter (3:INTEGER) <- [51]
26-06-04 11:23:44.392 [http-nio-8080-exec-6] [32mDEBUG[0;39m org.hibernate.SQL                    [c7cbee59d6984846a0b385144e33f148 | GET | /api/messages] - 
    select
        a1_0.message_id,
        a1_1.id,
        a1_1.content_type,
        a1_1.created_at,
        a1_1.file_name,
        a1_1.size,
        a1_1.status,
        a1_1.updated_at 
    from
        message_attachments a1_0 
    join
        binary_contents a1_1 
            on a1_1.id=a1_0.attachment_id 
    where
        a1_0.message_id = any (?)
26-06-04 11:23:44.392 [http-nio-8080-exec-6] [32mTRACE[0;39m org.hibernate.orm.jdbc.bind          [c7cbee59d6984846a0b385144e33f148 | GET | /api/messages] - binding parameter (1:ARRAY) <- [[6ba14f94-aacf-432b-855c-9d7e8093064b, 44ebe3f9-e516-4900-8256-dc1ae5a34b16, 0cbce506-afa3-4e7e-9d6e-a215a14a4fd4, 619f5b1b-c59d-4558-9b6d-31ae708c4073, 693bd7ab-63ad-4077-a61b-8c9085faadc1, c085798f-b9b8-4338-9dad-aded811c30b9, 50d3dc11-ab6a-4d48-bdd8-94b994cda3b2, e5c6311c-852d-4045-979c-b2f4e4a71f64]]
26-06-04 11:23:44.399 [http-nio-8080-exec-6] [32mDEBUG[0;39m c.s.m.d.controller.MessageController [c7cbee59d6984846a0b385144e33f148 | GET | /api/messages] - 채널별 메시지 목록 조회 응답: totalElements=null
26-06-04 11:23:44.401 [http-nio-8080-exec-6] [32mTRACE[0;39m o.s.s.w.h.writers.HstsHeaderWriter   [c7cbee59d6984846a0b385144e33f148 | GET | /api/messages] - Not injecting HSTS header since it did not match request to [Is Secure]
26-06-04 11:23:44.402 [http-nio-8080-exec-6] [32mDEBUG[0;39m c.s.m.d.config.MDCLoggingInterceptor [c7cbee59d6984846a0b385144e33f148 | GET | /api/messages] - Request completed
26-06-04 11:23:44.824 [http-nio-8080-exec-10] [32mTRACE[0;39m o.s.security.web.FilterChainProxy    [ |  | ] - Trying to match request against DefaultSecurityFilterChain defined as 'filterChain' in [class path resource [com/sprint/mission/discodeit/config/SecurityConfig.class]] matching [any request] and having filters [DisableEncodeUrl, WebAsyncManagerIntegration, SecurityContextHolder, HeaderWriter, Csrf, Logout, JwtAuthentication, UsernamePasswordAuthentication, RequestCacheAware, SecurityContextHolderAwareRequest, RememberMeAuthentication, AnonymousAuthentication, SessionManagement, ExceptionTranslation, Authorization] (1/1)
26-06-04 11:23:44.824 [http-nio-8080-exec-10] [32mDEBUG[0;39m o.s.security.web.FilterChainProxy    [ |  | ] - Securing GET /api/channels?userId=d2221d17-7460-4f2d-98b9-0192e1c0a821
26-06-04 11:23:44.824 [http-nio-8080-exec-10] [32mTRACE[0;39m o.s.security.web.FilterChainProxy    [ |  | ] - Invoking DisableEncodeUrlFilter (1/15)
26-06-04 11:23:44.825 [http-nio-8080-exec-10] [32mTRACE[0;39m o.s.security.web.FilterChainProxy    [ |  | ] - Invoking WebAsyncManagerIntegrationFilter (2/15)
26-06-04 11:23:44.825 [http-nio-8080-exec-10] [32mTRACE[0;39m o.s.security.web.FilterChainProxy    [ |  | ] - Invoking SecurityContextHolderFilter (3/15)
26-06-04 11:23:44.825 [http-nio-8080-exec-10] [32mTRACE[0;39m o.s.security.web.FilterChainProxy    [ |  | ] - Invoking HeaderWriterFilter (4/15)
26-06-04 11:23:44.825 [http-nio-8080-exec-10] [32mTRACE[0;39m o.s.security.web.FilterChainProxy    [ |  | ] - Invoking CsrfFilter (5/15)
26-06-04 11:23:44.825 [http-nio-8080-exec-10] [32mTRACE[0;39m o.s.security.web.csrf.CsrfFilter     [ |  | ] - Did not protect against CSRF since request did not match CsrfNotRequired [TRACE, HEAD, GET, OPTIONS]
26-06-04 11:23:44.825 [http-nio-8080-exec-10] [32mTRACE[0;39m o.s.security.web.FilterChainProxy    [ |  | ] - Invoking LogoutFilter (6/15)
26-06-04 11:23:44.826 [http-nio-8080-exec-10] [32mTRACE[0;39m o.s.s.w.a.logout.LogoutFilter        [ |  | ] - Did not match request to Ant [pattern='/api/auth/logout', POST]
26-06-04 11:23:44.826 [http-nio-8080-exec-10] [32mTRACE[0;39m o.s.security.web.FilterChainProxy    [ |  | ] - Invoking JwtAuthenticationFilter (7/15)
26-06-04 11:23:44.828 [http-nio-8080-exec-10] [32mTRACE[0;39m o.s.s.w.c.SupplierDeferredSecurityContext [ |  | ] - Created SecurityContextImpl [Null authentication]
26-06-04 11:23:44.829 [http-nio-8080-exec-10] [32mDEBUG[0;39m c.s.m.d.s.f.JwtAuthenticationFilter  [ |  | ] - Security Context에 'user1' 인증 정보를 저장했습니다.
26-06-04 11:23:44.829 [http-nio-8080-exec-10] [32mTRACE[0;39m o.s.security.web.FilterChainProxy    [ |  | ] - Invoking UsernamePasswordAuthenticationFilter (8/15)
26-06-04 11:23:44.829 [http-nio-8080-exec-10] [32mTRACE[0;39m o.s.s.w.a.UsernamePasswordAuthenticationFilter [ |  | ] - Did not match request to Ant [pattern='/api/auth/login', POST]
26-06-04 11:23:44.829 [http-nio-8080-exec-10] [32mTRACE[0;39m o.s.security.web.FilterChainProxy    [ |  | ] - Invoking RequestCacheAwareFilter (9/15)
26-06-04 11:23:44.829 [http-nio-8080-exec-10] [32mTRACE[0;39m o.s.security.web.FilterChainProxy    [ |  | ] - Invoking SecurityContextHolderAwareRequestFilter (10/15)
26-06-04 11:23:44.829 [http-nio-8080-exec-10] [32mTRACE[0;39m o.s.security.web.FilterChainProxy    [ |  | ] - Invoking RememberMeAuthenticationFilter (11/15)
26-06-04 11:23:44.829 [http-nio-8080-exec-10] [32mDEBUG[0;39m o.s.s.w.a.r.RememberMeAuthenticationFilter [ |  | ] - SecurityContextHolder not populated with remember-me token, as it already contained: 'UsernamePasswordAuthenticationToken [Principal=org.springframework.security.core.userdetails.User [Username=user1, Password=[PROTECTED], Enabled=true, AccountNonExpired=true, CredentialsNonExpired=true, AccountNonLocked=true, Granted Authorities=[ROLE_USER]], Credentials=[PROTECTED], Authenticated=true, Details=null, Granted Authorities=[ROLE_USER]]'
26-06-04 11:23:44.829 [http-nio-8080-exec-10] [32mTRACE[0;39m o.s.security.web.FilterChainProxy    [ |  | ] - Invoking AnonymousAuthenticationFilter (12/15)
26-06-04 11:23:44.829 [http-nio-8080-exec-10] [32mTRACE[0;39m o.s.security.web.FilterChainProxy    [ |  | ] - Invoking SessionManagementFilter (13/15)
26-06-04 11:23:44.829 [http-nio-8080-exec-10] [32mTRACE[0;39m o.s.s.w.a.AnonymousAuthenticationFilter [ |  | ] - Did not set SecurityContextHolder since already authenticated UsernamePasswordAuthenticationToken [Principal=org.springframework.security.core.userdetails.User [Username=user1, Password=[PROTECTED], Enabled=true, AccountNonExpired=true, CredentialsNonExpired=true, AccountNonLocked=true, Granted Authorities=[ROLE_USER]], Credentials=[PROTECTED], Authenticated=true, Details=null, Granted Authorities=[ROLE_USER]]
26-06-04 11:23:44.829 [http-nio-8080-exec-10] [32mTRACE[0;39m o.s.s.w.a.s.CompositeSessionAuthenticationStrategy [ |  | ] - Preparing session with ChangeSessionIdAuthenticationStrategy (1/2)
26-06-04 11:23:44.829 [http-nio-8080-exec-10] [32mTRACE[0;39m o.s.s.w.a.s.CompositeSessionAuthenticationStrategy [ |  | ] - Preparing session with CsrfAuthenticationStrategy (2/2)
26-06-04 11:23:44.830 [http-nio-8080-exec-10] [32mDEBUG[0;39m o.s.s.w.c.CsrfAuthenticationStrategy [ |  | ] - Replaced CSRF Token
26-06-04 11:23:44.830 [http-nio-8080-exec-10] [32mTRACE[0;39m o.s.security.web.FilterChainProxy    [ |  | ] - Invoking ExceptionTranslationFilter (14/15)
26-06-04 11:23:44.830 [http-nio-8080-exec-10] [32mTRACE[0;39m o.s.security.web.FilterChainProxy    [ |  | ] - Invoking AuthorizationFilter (15/15)
26-06-04 11:23:44.830 [http-nio-8080-exec-10] [32mTRACE[0;39m o.s.s.w.a.i.RequestMatcherDelegatingAuthorizationManager [ |  | ] - Authorizing GET /api/channels?userId=d2221d17-7460-4f2d-98b9-0192e1c0a821
26-06-04 11:23:44.830 [http-nio-8080-exec-10] [32mTRACE[0;39m o.s.s.w.a.i.RequestMatcherDelegatingAuthorizationManager [ |  | ] - Checking authorization on GET /api/channels?userId=d2221d17-7460-4f2d-98b9-0192e1c0a821 using org.springframework.security.authorization.AuthenticatedAuthorizationManager@5d73ce5
26-06-04 11:23:44.831 [http-nio-8080-exec-10] [32mDEBUG[0;39m o.s.security.web.FilterChainProxy    [ |  | ] - Secured GET /api/channels?userId=d2221d17-7460-4f2d-98b9-0192e1c0a821
26-06-04 11:23:44.832 [http-nio-8080-exec-10] [32mDEBUG[0;39m c.s.m.d.config.MDCLoggingInterceptor [6cf54d6d00dd4bb29efd4a5943c84373 | GET | /api/channels] - Request started
26-06-04 11:23:44.835 [http-nio-8080-exec-10] [32mINFO [0;39m c.s.m.d.controller.ChannelController [6cf54d6d00dd4bb29efd4a5943c84373 | GET | /api/channels] - 사용자별 채널 목록 조회 요청: userId=d2221d17-7460-4f2d-98b9-0192e1c0a821
26-06-04 11:23:44.838 [http-nio-8080-exec-10] [32mDEBUG[0;39m org.hibernate.SQL                    [6cf54d6d00dd4bb29efd4a5943c84373 | GET | /api/channels] - 
    select
        rs1_0.id,
        rs1_0.channel_id,
        rs1_0.created_at,
        rs1_0.last_read_at,
        rs1_0.notification_enabled,
        rs1_0.updated_at,
        rs1_0.user_id 
    from
        read_statuses rs1_0 
    where
        rs1_0.user_id=?
26-06-04 11:23:44.839 [http-nio-8080-exec-10] [32mTRACE[0;39m org.hibernate.orm.jdbc.bind          [6cf54d6d00dd4bb29efd4a5943c84373 | GET | /api/channels] - binding parameter (1:UUID) <- [d2221d17-7460-4f2d-98b9-0192e1c0a821]
26-06-04 11:23:44.842 [http-nio-8080-exec-10] [32mDEBUG[0;39m org.hibernate.SQL                    [6cf54d6d00dd4bb29efd4a5943c84373 | GET | /api/channels] - 
    select
        c1_0.id,
        c1_0.created_at,
        c1_0.description,
        c1_0.name,
        c1_0.type,
        c1_0.updated_at 
    from
        channels c1_0 
    where
        c1_0.type=? 
        or c1_0.id in (?)
26-06-04 11:23:44.842 [http-nio-8080-exec-10] [32mTRACE[0;39m org.hibernate.orm.jdbc.bind          [6cf54d6d00dd4bb29efd4a5943c84373 | GET | /api/channels] - binding parameter (1:VARCHAR) <- [PUBLIC]
26-06-04 11:23:44.842 [http-nio-8080-exec-10] [32mTRACE[0;39m org.hibernate.orm.jdbc.bind          [6cf54d6d00dd4bb29efd4a5943c84373 | GET | /api/channels] - binding parameter (2:UUID) <- [null]
26-06-04 11:23:44.844 [http-nio-8080-exec-10] [32mDEBUG[0;39m org.hibernate.SQL                    [6cf54d6d00dd4bb29efd4a5943c84373 | GET | /api/channels] - 
    select
        m1_0.created_at 
    from
        messages m1_0 
    where
        m1_0.channel_id=? 
    order by
        m1_0.created_at desc 
    fetch
        first 1 rows only
26-06-04 11:23:44.845 [http-nio-8080-exec-10] [32mTRACE[0;39m org.hibernate.orm.jdbc.bind          [6cf54d6d00dd4bb29efd4a5943c84373 | GET | /api/channels] - binding parameter (1:UUID) <- [ba45765e-0f83-4f0b-b02f-1ed2f2e44a3e]
26-06-04 11:23:44.846 [http-nio-8080-exec-10] [32mDEBUG[0;39m c.s.m.d.controller.ChannelController [6cf54d6d00dd4bb29efd4a5943c84373 | GET | /api/channels] - 사용자별 채널 목록 조회 응답: count=1
26-06-04 11:23:44.847 [http-nio-8080-exec-10] [32mTRACE[0;39m o.s.s.w.h.writers.HstsHeaderWriter   [6cf54d6d00dd4bb29efd4a5943c84373 | GET | /api/channels] - Not injecting HSTS header since it did not match request to [Is Secure]
26-06-04 11:23:44.847 [http-nio-8080-exec-10] [32mDEBUG[0;39m c.s.m.d.config.MDCLoggingInterceptor [6cf54d6d00dd4bb29efd4a5943c84373 | GET | /api/channels] - Request completed
26-06-04 11:23:44.850 [http-nio-8080-exec-2] [32mTRACE[0;39m o.s.security.web.FilterChainProxy    [ |  | ] - Trying to match request against DefaultSecurityFilterChain defined as 'filterChain' in [class path resource [com/sprint/mission/discodeit/config/SecurityConfig.class]] matching [any request] and having filters [DisableEncodeUrl, WebAsyncManagerIntegration, SecurityContextHolder, HeaderWriter, Csrf, Logout, JwtAuthentication, UsernamePasswordAuthentication, RequestCacheAware, SecurityContextHolderAwareRequest, RememberMeAuthentication, AnonymousAuthentication, SessionManagement, ExceptionTranslation, Authorization] (1/1)
26-06-04 11:23:44.850 [http-nio-8080-exec-2] [32mDEBUG[0;39m o.s.security.web.FilterChainProxy    [ |  | ] - Securing GET /api/readStatuses?userId=d2221d17-7460-4f2d-98b9-0192e1c0a821
26-06-04 11:23:44.850 [http-nio-8080-exec-2] [32mTRACE[0;39m o.s.security.web.FilterChainProxy    [ |  | ] - Invoking DisableEncodeUrlFilter (1/15)
26-06-04 11:23:44.850 [http-nio-8080-exec-2] [32mTRACE[0;39m o.s.security.web.FilterChainProxy    [ |  | ] - Invoking WebAsyncManagerIntegrationFilter (2/15)
26-06-04 11:23:44.850 [http-nio-8080-exec-2] [32mTRACE[0;39m o.s.security.web.FilterChainProxy    [ |  | ] - Invoking SecurityContextHolderFilter (3/15)
26-06-04 11:23:44.850 [http-nio-8080-exec-2] [32mTRACE[0;39m o.s.security.web.FilterChainProxy    [ |  | ] - Invoking HeaderWriterFilter (4/15)
26-06-04 11:23:44.850 [http-nio-8080-exec-2] [32mTRACE[0;39m o.s.security.web.FilterChainProxy    [ |  | ] - Invoking CsrfFilter (5/15)
26-06-04 11:23:44.850 [http-nio-8080-exec-2] [32mTRACE[0;39m o.s.security.web.csrf.CsrfFilter     [ |  | ] - Did not protect against CSRF since request did not match CsrfNotRequired [TRACE, HEAD, GET, OPTIONS]
26-06-04 11:23:44.850 [http-nio-8080-exec-2] [32mTRACE[0;39m o.s.security.web.FilterChainProxy    [ |  | ] - Invoking LogoutFilter (6/15)
26-06-04 11:23:44.851 [http-nio-8080-exec-2] [32mTRACE[0;39m o.s.s.w.a.logout.LogoutFilter        [ |  | ] - Did not match request to Ant [pattern='/api/auth/logout', POST]
26-06-04 11:23:44.851 [http-nio-8080-exec-2] [32mTRACE[0;39m o.s.security.web.FilterChainProxy    [ |  | ] - Invoking JwtAuthenticationFilter (7/15)
26-06-04 11:23:44.851 [http-nio-8080-exec-2] [32mTRACE[0;39m o.s.s.w.c.SupplierDeferredSecurityContext [ |  | ] - Created SecurityContextImpl [Null authentication]
26-06-04 11:23:44.851 [http-nio-8080-exec-2] [32mDEBUG[0;39m c.s.m.d.s.f.JwtAuthenticationFilter  [ |  | ] - Security Context에 'user1' 인증 정보를 저장했습니다.
26-06-04 11:23:44.851 [http-nio-8080-exec-2] [32mTRACE[0;39m o.s.security.web.FilterChainProxy    [ |  | ] - Invoking UsernamePasswordAuthenticationFilter (8/15)
26-06-04 11:23:44.851 [http-nio-8080-exec-2] [32mTRACE[0;39m o.s.s.w.a.UsernamePasswordAuthenticationFilter [ |  | ] - Did not match request to Ant [pattern='/api/auth/login', POST]
26-06-04 11:23:44.851 [http-nio-8080-exec-2] [32mTRACE[0;39m o.s.security.web.FilterChainProxy    [ |  | ] - Invoking RequestCacheAwareFilter (9/15)
26-06-04 11:23:44.851 [http-nio-8080-exec-2] [32mTRACE[0;39m o.s.security.web.FilterChainProxy    [ |  | ] - Invoking SecurityContextHolderAwareRequestFilter (10/15)
26-06-04 11:23:44.851 [http-nio-8080-exec-2] [32mTRACE[0;39m o.s.security.web.FilterChainProxy    [ |  | ] - Invoking RememberMeAuthenticationFilter (11/15)
26-06-04 11:23:44.851 [http-nio-8080-exec-2] [32mDEBUG[0;39m o.s.s.w.a.r.RememberMeAuthenticationFilter [ |  | ] - SecurityContextHolder not populated with remember-me token, as it already contained: 'UsernamePasswordAuthenticationToken [Principal=org.springframework.security.core.userdetails.User [Username=user1, Password=[PROTECTED], Enabled=true, AccountNonExpired=true, CredentialsNonExpired=true, AccountNonLocked=true, Granted Authorities=[ROLE_USER]], Credentials=[PROTECTED], Authenticated=true, Details=null, Granted Authorities=[ROLE_USER]]'
26-06-04 11:23:44.851 [http-nio-8080-exec-2] [32mTRACE[0;39m o.s.security.web.FilterChainProxy    [ |  | ] - Invoking AnonymousAuthenticationFilter (12/15)
26-06-04 11:23:44.851 [http-nio-8080-exec-2] [32mTRACE[0;39m o.s.security.web.FilterChainProxy    [ |  | ] - Invoking SessionManagementFilter (13/15)
26-06-04 11:23:44.851 [http-nio-8080-exec-2] [32mTRACE[0;39m o.s.s.w.a.AnonymousAuthenticationFilter [ |  | ] - Did not set SecurityContextHolder since already authenticated UsernamePasswordAuthenticationToken [Principal=org.springframework.security.core.userdetails.User [Username=user1, Password=[PROTECTED], Enabled=true, AccountNonExpired=true, CredentialsNonExpired=true, AccountNonLocked=true, Granted Authorities=[ROLE_USER]], Credentials=[PROTECTED], Authenticated=true, Details=null, Granted Authorities=[ROLE_USER]]
26-06-04 11:23:44.851 [http-nio-8080-exec-2] [32mTRACE[0;39m o.s.s.w.a.s.CompositeSessionAuthenticationStrategy [ |  | ] - Preparing session with ChangeSessionIdAuthenticationStrategy (1/2)
26-06-04 11:23:44.851 [http-nio-8080-exec-2] [32mTRACE[0;39m o.s.s.w.a.s.CompositeSessionAuthenticationStrategy [ |  | ] - Preparing session with CsrfAuthenticationStrategy (2/2)
26-06-04 11:23:44.851 [http-nio-8080-exec-2] [32mDEBUG[0;39m o.s.s.w.c.CsrfAuthenticationStrategy [ |  | ] - Replaced CSRF Token
26-06-04 11:23:44.851 [http-nio-8080-exec-2] [32mTRACE[0;39m o.s.security.web.FilterChainProxy    [ |  | ] - Invoking ExceptionTranslationFilter (14/15)
26-06-04 11:23:44.851 [http-nio-8080-exec-2] [32mTRACE[0;39m o.s.security.web.FilterChainProxy    [ |  | ] - Invoking AuthorizationFilter (15/15)
26-06-04 11:23:44.851 [http-nio-8080-exec-2] [32mTRACE[0;39m o.s.s.w.a.i.RequestMatcherDelegatingAuthorizationManager [ |  | ] - Authorizing GET /api/readStatuses?userId=d2221d17-7460-4f2d-98b9-0192e1c0a821
26-06-04 11:23:44.851 [http-nio-8080-exec-2] [32mTRACE[0;39m o.s.s.w.a.i.RequestMatcherDelegatingAuthorizationManager [ |  | ] - Checking authorization on GET /api/readStatuses?userId=d2221d17-7460-4f2d-98b9-0192e1c0a821 using org.springframework.security.authorization.AuthenticatedAuthorizationManager@5d73ce5
26-06-04 11:23:44.851 [http-nio-8080-exec-2] [32mDEBUG[0;39m o.s.security.web.FilterChainProxy    [ |  | ] - Secured GET /api/readStatuses?userId=d2221d17-7460-4f2d-98b9-0192e1c0a821
26-06-04 11:23:44.852 [http-nio-8080-exec-2] [32mDEBUG[0;39m c.s.m.d.config.MDCLoggingInterceptor [db3340333ff946aa887b4e44af8c864a | GET | /api/readStatuses] - Request started
26-06-04 11:23:44.852 [http-nio-8080-exec-2] [32mINFO [0;39m c.s.m.d.c.ReadStatusController       [db3340333ff946aa887b4e44af8c864a | GET | /api/readStatuses] - 사용자별 읽음 상태 목록 조회 요청: userId=d2221d17-7460-4f2d-98b9-0192e1c0a821
26-06-04 11:23:44.854 [http-nio-8080-exec-2] [32mDEBUG[0;39m c.s.m.d.s.b.BasicReadStatusService   [db3340333ff946aa887b4e44af8c864a | GET | /api/readStatuses] - 사용자별 읽음 상태 목록 조회 시작: userId=d2221d17-7460-4f2d-98b9-0192e1c0a821
26-06-04 11:23:44.855 [http-nio-8080-exec-2] [32mDEBUG[0;39m org.hibernate.SQL                    [db3340333ff946aa887b4e44af8c864a | GET | /api/readStatuses] - 
    select
        rs1_0.id,
        rs1_0.channel_id,
        rs1_0.created_at,
        rs1_0.last_read_at,
        rs1_0.notification_enabled,
        rs1_0.updated_at,
        rs1_0.user_id 
    from
        read_statuses rs1_0 
    where
        rs1_0.user_id=?
26-06-04 11:23:44.856 [http-nio-8080-exec-2] [32mTRACE[0;39m org.hibernate.orm.jdbc.bind          [db3340333ff946aa887b4e44af8c864a | GET | /api/readStatuses] - binding parameter (1:UUID) <- [d2221d17-7460-4f2d-98b9-0192e1c0a821]
26-06-04 11:23:44.857 [http-nio-8080-exec-2] [32mINFO [0;39m c.s.m.d.s.b.BasicReadStatusService   [db3340333ff946aa887b4e44af8c864a | GET | /api/readStatuses] - 사용자별 읽음 상태 목록 조회 완료: userId=d2221d17-7460-4f2d-98b9-0192e1c0a821, 조회된 항목 수=0
26-06-04 11:23:44.858 [http-nio-8080-exec-2] [32mDEBUG[0;39m c.s.m.d.c.ReadStatusController       [db3340333ff946aa887b4e44af8c864a | GET | /api/readStatuses] - 사용자별 읽음 상태 목록 조회 응답: count=0
26-06-04 11:23:44.858 [http-nio-8080-exec-2] [32mTRACE[0;39m o.s.s.w.h.writers.HstsHeaderWriter   [db3340333ff946aa887b4e44af8c864a | GET | /api/readStatuses] - Not injecting HSTS header since it did not match request to [Is Secure]
26-06-04 11:23:44.858 [http-nio-8080-exec-2] [32mDEBUG[0;39m c.s.m.d.config.MDCLoggingInterceptor [db3340333ff946aa887b4e44af8c864a | GET | /api/readStatuses] - Request completed
26-06-04 11:23:45.423 [http-nio-8080-exec-5] [32mTRACE[0;39m o.s.security.web.FilterChainProxy    [ |  | ] - Trying to match request against DefaultSecurityFilterChain defined as 'filterChain' in [class path resource [com/sprint/mission/discodeit/config/SecurityConfig.class]] matching [any request] and having filters [DisableEncodeUrl, WebAsyncManagerIntegration, SecurityContextHolder, HeaderWriter, Csrf, Logout, JwtAuthentication, UsernamePasswordAuthentication, RequestCacheAware, SecurityContextHolderAwareRequest, RememberMeAuthentication, AnonymousAuthentication, SessionManagement, ExceptionTranslation, Authorization] (1/1)
26-06-04 11:23:45.424 [http-nio-8080-exec-5] [32mDEBUG[0;39m o.s.security.web.FilterChainProxy    [ |  | ] - Securing GET /api/messages?channelId=ba45765e-0f83-4f0b-b02f-1ed2f2e44a3e&size=50&sort=createdAt,desc
26-06-04 11:23:45.424 [http-nio-8080-exec-5] [32mTRACE[0;39m o.s.security.web.FilterChainProxy    [ |  | ] - Invoking DisableEncodeUrlFilter (1/15)
26-06-04 11:23:45.424 [http-nio-8080-exec-5] [32mTRACE[0;39m o.s.security.web.FilterChainProxy    [ |  | ] - Invoking WebAsyncManagerIntegrationFilter (2/15)
26-06-04 11:23:45.424 [http-nio-8080-exec-5] [32mTRACE[0;39m o.s.security.web.FilterChainProxy    [ |  | ] - Invoking SecurityContextHolderFilter (3/15)
26-06-04 11:23:45.424 [http-nio-8080-exec-5] [32mTRACE[0;39m o.s.security.web.FilterChainProxy    [ |  | ] - Invoking HeaderWriterFilter (4/15)
26-06-04 11:23:45.424 [http-nio-8080-exec-5] [32mTRACE[0;39m o.s.security.web.FilterChainProxy    [ |  | ] - Invoking CsrfFilter (5/15)
26-06-04 11:23:45.424 [http-nio-8080-exec-5] [32mTRACE[0;39m o.s.security.web.csrf.CsrfFilter     [ |  | ] - Did not protect against CSRF since request did not match CsrfNotRequired [TRACE, HEAD, GET, OPTIONS]
26-06-04 11:23:45.424 [http-nio-8080-exec-5] [32mTRACE[0;39m o.s.security.web.FilterChainProxy    [ |  | ] - Invoking LogoutFilter (6/15)
26-06-04 11:23:45.425 [http-nio-8080-exec-5] [32mTRACE[0;39m o.s.s.w.a.logout.LogoutFilter        [ |  | ] - Did not match request to Ant [pattern='/api/auth/logout', POST]
26-06-04 11:23:45.425 [http-nio-8080-exec-5] [32mTRACE[0;39m o.s.security.web.FilterChainProxy    [ |  | ] - Invoking JwtAuthenticationFilter (7/15)
26-06-04 11:23:45.434 [http-nio-8080-exec-5] [32mTRACE[0;39m o.s.s.w.c.SupplierDeferredSecurityContext [ |  | ] - Created SecurityContextImpl [Null authentication]
26-06-04 11:23:45.434 [http-nio-8080-exec-5] [32mDEBUG[0;39m c.s.m.d.s.f.JwtAuthenticationFilter  [ |  | ] - Security Context에 'user1' 인증 정보를 저장했습니다.
26-06-04 11:23:45.434 [http-nio-8080-exec-5] [32mTRACE[0;39m o.s.security.web.FilterChainProxy    [ |  | ] - Invoking UsernamePasswordAuthenticationFilter (8/15)
26-06-04 11:23:45.435 [http-nio-8080-exec-5] [32mTRACE[0;39m o.s.s.w.a.UsernamePasswordAuthenticationFilter [ |  | ] - Did not match request to Ant [pattern='/api/auth/login', POST]
26-06-04 11:23:45.435 [http-nio-8080-exec-5] [32mTRACE[0;39m o.s.security.web.FilterChainProxy    [ |  | ] - Invoking RequestCacheAwareFilter (9/15)
26-06-04 11:23:45.435 [http-nio-8080-exec-5] [32mTRACE[0;39m o.s.security.web.FilterChainProxy    [ |  | ] - Invoking SecurityContextHolderAwareRequestFilter (10/15)
26-06-04 11:23:45.435 [http-nio-8080-exec-5] [32mTRACE[0;39m o.s.security.web.FilterChainProxy    [ |  | ] - Invoking RememberMeAuthenticationFilter (11/15)
26-06-04 11:23:45.435 [http-nio-8080-exec-5] [32mDEBUG[0;39m o.s.s.w.a.r.RememberMeAuthenticationFilter [ |  | ] - SecurityContextHolder not populated with remember-me token, as it already contained: 'UsernamePasswordAuthenticationToken [Principal=org.springframework.security.core.userdetails.User [Username=user1, Password=[PROTECTED], Enabled=true, AccountNonExpired=true, CredentialsNonExpired=true, AccountNonLocked=true, Granted Authorities=[ROLE_USER]], Credentials=[PROTECTED], Authenticated=true, Details=null, Granted Authorities=[ROLE_USER]]'
26-06-04 11:23:45.435 [http-nio-8080-exec-5] [32mTRACE[0;39m o.s.security.web.FilterChainProxy    [ |  | ] - Invoking AnonymousAuthenticationFilter (12/15)
26-06-04 11:23:45.435 [http-nio-8080-exec-5] [32mTRACE[0;39m o.s.security.web.FilterChainProxy    [ |  | ] - Invoking SessionManagementFilter (13/15)
26-06-04 11:23:45.435 [http-nio-8080-exec-5] [32mTRACE[0;39m o.s.s.w.a.AnonymousAuthenticationFilter [ |  | ] - Did not set SecurityContextHolder since already authenticated UsernamePasswordAuthenticationToken [Principal=org.springframework.security.core.userdetails.User [Username=user1, Password=[PROTECTED], Enabled=true, AccountNonExpired=true, CredentialsNonExpired=true, AccountNonLocked=true, Granted Authorities=[ROLE_USER]], Credentials=[PROTECTED], Authenticated=true, Details=null, Granted Authorities=[ROLE_USER]]
26-06-04 11:23:45.435 [http-nio-8080-exec-5] [32mTRACE[0;39m o.s.s.w.a.s.CompositeSessionAuthenticationStrategy [ |  | ] - Preparing session with ChangeSessionIdAuthenticationStrategy (1/2)
26-06-04 11:23:45.435 [http-nio-8080-exec-5] [32mTRACE[0;39m o.s.s.w.a.s.CompositeSessionAuthenticationStrategy [ |  | ] - Preparing session with CsrfAuthenticationStrategy (2/2)
26-06-04 11:23:45.436 [http-nio-8080-exec-5] [32mDEBUG[0;39m o.s.s.w.c.CsrfAuthenticationStrategy [ |  | ] - Replaced CSRF Token
26-06-04 11:23:45.436 [http-nio-8080-exec-5] [32mTRACE[0;39m o.s.security.web.FilterChainProxy    [ |  | ] - Invoking ExceptionTranslationFilter (14/15)
26-06-04 11:23:45.436 [http-nio-8080-exec-5] [32mTRACE[0;39m o.s.security.web.FilterChainProxy    [ |  | ] - Invoking AuthorizationFilter (15/15)
26-06-04 11:23:45.437 [http-nio-8080-exec-5] [32mTRACE[0;39m o.s.s.w.a.i.RequestMatcherDelegatingAuthorizationManager [ |  | ] - Authorizing GET /api/messages?channelId=ba45765e-0f83-4f0b-b02f-1ed2f2e44a3e&size=50&sort=createdAt,desc
26-06-04 11:23:45.437 [http-nio-8080-exec-5] [32mTRACE[0;39m o.s.s.w.a.i.RequestMatcherDelegatingAuthorizationManager [ |  | ] - Checking authorization on GET /api/messages?channelId=ba45765e-0f83-4f0b-b02f-1ed2f2e44a3e&size=50&sort=createdAt,desc using org.springframework.security.authorization.AuthenticatedAuthorizationManager@5d73ce5
26-06-04 11:23:45.437 [http-nio-8080-exec-5] [32mDEBUG[0;39m o.s.security.web.FilterChainProxy    [ |  | ] - Secured GET /api/messages?channelId=ba45765e-0f83-4f0b-b02f-1ed2f2e44a3e&size=50&sort=createdAt,desc
26-06-04 11:23:45.438 [http-nio-8080-exec-5] [32mDEBUG[0;39m c.s.m.d.config.MDCLoggingInterceptor [bdfd1514e2d04a3fb0311dfddf32e95e | GET | /api/messages] - Request started
26-06-04 11:23:45.440 [http-nio-8080-exec-5] [32mINFO [0;39m c.s.m.d.controller.MessageController [bdfd1514e2d04a3fb0311dfddf32e95e | GET | /api/messages] - 채널별 메시지 목록 조회 요청: channelId=ba45765e-0f83-4f0b-b02f-1ed2f2e44a3e, cursor=null, pageable=Page request [number: 0, size 50, sort: createdAt: DESC]
26-06-04 11:23:45.442 [http-nio-8080-exec-5] [32mDEBUG[0;39m org.hibernate.SQL                    [bdfd1514e2d04a3fb0311dfddf32e95e | GET | /api/messages] - 
    select
        m1_0.id,
        a1_0.id,
        a1_0.created_at,
        a1_0.email,
        a1_0.password,
        p1_0.id,
        p1_0.content_type,
        p1_0.created_at,
        p1_0.file_name,
        p1_0.size,
        p1_0.status,
        p1_0.updated_at,
        a1_0.role,
        a1_0.updated_at,
        a1_0.username,
        m1_0.channel_id,
        m1_0.content,
        m1_0.created_at,
        m1_0.updated_at 
    from
        messages m1_0 
    left join
        users a1_0 
            on a1_0.id=m1_0.author_id 
    left join
        binary_contents p1_0 
            on p1_0.id=a1_0.profile_id 
    where
        m1_0.channel_id=? 
        and m1_0.created_at<? 
    order by
        m1_0.created_at desc 
    fetch
        first ? rows only
26-06-04 11:23:45.443 [http-nio-8080-exec-5] [32mTRACE[0;39m org.hibernate.orm.jdbc.bind          [bdfd1514e2d04a3fb0311dfddf32e95e | GET | /api/messages] - binding parameter (1:UUID) <- [ba45765e-0f83-4f0b-b02f-1ed2f2e44a3e]
26-06-04 11:23:45.443 [http-nio-8080-exec-5] [32mTRACE[0;39m org.hibernate.orm.jdbc.bind          [bdfd1514e2d04a3fb0311dfddf32e95e | GET | /api/messages] - binding parameter (2:TIMESTAMP_UTC) <- [2026-06-04T02:23:45.441944Z]
26-06-04 11:23:45.443 [http-nio-8080-exec-5] [32mTRACE[0;39m org.hibernate.orm.jdbc.bind          [bdfd1514e2d04a3fb0311dfddf32e95e | GET | /api/messages] - binding parameter (3:INTEGER) <- [51]
26-06-04 11:23:45.447 [http-nio-8080-exec-5] [32mDEBUG[0;39m org.hibernate.SQL                    [bdfd1514e2d04a3fb0311dfddf32e95e | GET | /api/messages] - 
    select
        a1_0.message_id,
        a1_1.id,
        a1_1.content_type,
        a1_1.created_at,
        a1_1.file_name,
        a1_1.size,
        a1_1.status,
        a1_1.updated_at 
    from
        message_attachments a1_0 
    join
        binary_contents a1_1 
            on a1_1.id=a1_0.attachment_id 
    where
        a1_0.message_id = any (?)
26-06-04 11:23:45.448 [http-nio-8080-exec-5] [32mTRACE[0;39m org.hibernate.orm.jdbc.bind          [bdfd1514e2d04a3fb0311dfddf32e95e | GET | /api/messages] - binding parameter (1:ARRAY) <- [[6ba14f94-aacf-432b-855c-9d7e8093064b, 44ebe3f9-e516-4900-8256-dc1ae5a34b16, 0cbce506-afa3-4e7e-9d6e-a215a14a4fd4, 619f5b1b-c59d-4558-9b6d-31ae708c4073, 693bd7ab-63ad-4077-a61b-8c9085faadc1, c085798f-b9b8-4338-9dad-aded811c30b9, 50d3dc11-ab6a-4d48-bdd8-94b994cda3b2, e5c6311c-852d-4045-979c-b2f4e4a71f64]]
26-06-04 11:23:45.451 [http-nio-8080-exec-5] [32mDEBUG[0;39m c.s.m.d.controller.MessageController [bdfd1514e2d04a3fb0311dfddf32e95e | GET | /api/messages] - 채널별 메시지 목록 조회 응답: totalElements=null
26-06-04 11:23:45.453 [http-nio-8080-exec-5] [32mTRACE[0;39m o.s.s.w.h.writers.HstsHeaderWriter   [bdfd1514e2d04a3fb0311dfddf32e95e | GET | /api/messages] - Not injecting HSTS header since it did not match request to [Is Secure]
26-06-04 11:23:45.453 [http-nio-8080-exec-5] [32mDEBUG[0;39m c.s.m.d.config.MDCLoggingInterceptor [bdfd1514e2d04a3fb0311dfddf32e95e | GET | /api/messages] - Request completed
26-06-04 11:23:46.977 [http-nio-8080-exec-1] [32mTRACE[0;39m o.s.security.web.FilterChainProxy    [ |  | ] - Trying to match request against DefaultSecurityFilterChain defined as 'filterChain' in [class path resource [com/sprint/mission/discodeit/config/SecurityConfig.class]] matching [any request] and having filters [DisableEncodeUrl, WebAsyncManagerIntegration, SecurityContextHolder, HeaderWriter, Csrf, Logout, JwtAuthentication, UsernamePasswordAuthentication, RequestCacheAware, SecurityContextHolderAwareRequest, RememberMeAuthentication, AnonymousAuthentication, SessionManagement, ExceptionTranslation, Authorization] (1/1)
26-06-04 11:23:46.977 [http-nio-8080-exec-1] [32mDEBUG[0;39m o.s.security.web.FilterChainProxy    [ |  | ] - Securing GET /api/messages?channelId=ba45765e-0f83-4f0b-b02f-1ed2f2e44a3e&size=50&sort=createdAt,desc
26-06-04 11:23:46.977 [http-nio-8080-exec-1] [32mTRACE[0;39m o.s.security.web.FilterChainProxy    [ |  | ] - Invoking DisableEncodeUrlFilter (1/15)
26-06-04 11:23:46.977 [http-nio-8080-exec-1] [32mTRACE[0;39m o.s.security.web.FilterChainProxy    [ |  | ] - Invoking WebAsyncManagerIntegrationFilter (2/15)
26-06-04 11:23:46.977 [http-nio-8080-exec-1] [32mTRACE[0;39m o.s.security.web.FilterChainProxy    [ |  | ] - Invoking SecurityContextHolderFilter (3/15)
26-06-04 11:23:46.977 [http-nio-8080-exec-1] [32mTRACE[0;39m o.s.security.web.FilterChainProxy    [ |  | ] - Invoking HeaderWriterFilter (4/15)
26-06-04 11:23:46.977 [http-nio-8080-exec-1] [32mTRACE[0;39m o.s.security.web.FilterChainProxy    [ |  | ] - Invoking CsrfFilter (5/15)
26-06-04 11:23:46.978 [http-nio-8080-exec-1] [32mTRACE[0;39m o.s.security.web.csrf.CsrfFilter     [ |  | ] - Did not protect against CSRF since request did not match CsrfNotRequired [TRACE, HEAD, GET, OPTIONS]
26-06-04 11:23:46.978 [http-nio-8080-exec-1] [32mTRACE[0;39m o.s.security.web.FilterChainProxy    [ |  | ] - Invoking LogoutFilter (6/15)
26-06-04 11:23:46.978 [http-nio-8080-exec-1] [32mTRACE[0;39m o.s.s.w.a.logout.LogoutFilter        [ |  | ] - Did not match request to Ant [pattern='/api/auth/logout', POST]
26-06-04 11:23:46.978 [http-nio-8080-exec-1] [32mTRACE[0;39m o.s.security.web.FilterChainProxy    [ |  | ] - Invoking JwtAuthenticationFilter (7/15)
26-06-04 11:23:46.978 [http-nio-8080-exec-1] [32mTRACE[0;39m o.s.s.w.c.SupplierDeferredSecurityContext [ |  | ] - Created SecurityContextImpl [Null authentication]
26-06-04 11:23:46.978 [http-nio-8080-exec-1] [32mDEBUG[0;39m c.s.m.d.s.f.JwtAuthenticationFilter  [ |  | ] - Security Context에 'user1' 인증 정보를 저장했습니다.
26-06-04 11:23:46.979 [http-nio-8080-exec-1] [32mTRACE[0;39m o.s.security.web.FilterChainProxy    [ |  | ] - Invoking UsernamePasswordAuthenticationFilter (8/15)
26-06-04 11:23:46.979 [http-nio-8080-exec-1] [32mTRACE[0;39m o.s.s.w.a.UsernamePasswordAuthenticationFilter [ |  | ] - Did not match request to Ant [pattern='/api/auth/login', POST]
26-06-04 11:23:46.979 [http-nio-8080-exec-1] [32mTRACE[0;39m o.s.security.web.FilterChainProxy    [ |  | ] - Invoking RequestCacheAwareFilter (9/15)
26-06-04 11:23:46.979 [http-nio-8080-exec-1] [32mTRACE[0;39m o.s.security.web.FilterChainProxy    [ |  | ] - Invoking SecurityContextHolderAwareRequestFilter (10/15)
26-06-04 11:23:46.979 [http-nio-8080-exec-1] [32mTRACE[0;39m o.s.security.web.FilterChainProxy    [ |  | ] - Invoking RememberMeAuthenticationFilter (11/15)
26-06-04 11:23:46.979 [http-nio-8080-exec-1] [32mDEBUG[0;39m o.s.s.w.a.r.RememberMeAuthenticationFilter [ |  | ] - SecurityContextHolder not populated with remember-me token, as it already contained: 'UsernamePasswordAuthenticationToken [Principal=org.springframework.security.core.userdetails.User [Username=user1, Password=[PROTECTED], Enabled=true, AccountNonExpired=true, CredentialsNonExpired=true, AccountNonLocked=true, Granted Authorities=[ROLE_USER]], Credentials=[PROTECTED], Authenticated=true, Details=null, Granted Authorities=[ROLE_USER]]'
26-06-04 11:23:46.979 [http-nio-8080-exec-1] [32mTRACE[0;39m o.s.security.web.FilterChainProxy    [ |  | ] - Invoking AnonymousAuthenticationFilter (12/15)
26-06-04 11:23:46.979 [http-nio-8080-exec-1] [32mTRACE[0;39m o.s.security.web.FilterChainProxy    [ |  | ] - Invoking SessionManagementFilter (13/15)
26-06-04 11:23:46.979 [http-nio-8080-exec-1] [32mTRACE[0;39m o.s.s.w.a.AnonymousAuthenticationFilter [ |  | ] - Did not set SecurityContextHolder since already authenticated UsernamePasswordAuthenticationToken [Principal=org.springframework.security.core.userdetails.User [Username=user1, Password=[PROTECTED], Enabled=true, AccountNonExpired=true, CredentialsNonExpired=true, AccountNonLocked=true, Granted Authorities=[ROLE_USER]], Credentials=[PROTECTED], Authenticated=true, Details=null, Granted Authorities=[ROLE_USER]]
26-06-04 11:23:46.979 [http-nio-8080-exec-1] [32mTRACE[0;39m o.s.s.w.a.s.CompositeSessionAuthenticationStrategy [ |  | ] - Preparing session with ChangeSessionIdAuthenticationStrategy (1/2)
26-06-04 11:23:46.979 [http-nio-8080-exec-1] [32mTRACE[0;39m o.s.s.w.a.s.CompositeSessionAuthenticationStrategy [ |  | ] - Preparing session with CsrfAuthenticationStrategy (2/2)
26-06-04 11:23:46.979 [http-nio-8080-exec-1] [32mDEBUG[0;39m o.s.s.w.c.CsrfAuthenticationStrategy [ |  | ] - Replaced CSRF Token
26-06-04 11:23:46.979 [http-nio-8080-exec-1] [32mTRACE[0;39m o.s.security.web.FilterChainProxy    [ |  | ] - Invoking ExceptionTranslationFilter (14/15)
26-06-04 11:23:46.979 [http-nio-8080-exec-1] [32mTRACE[0;39m o.s.security.web.FilterChainProxy    [ |  | ] - Invoking AuthorizationFilter (15/15)
26-06-04 11:23:46.980 [http-nio-8080-exec-1] [32mTRACE[0;39m o.s.s.w.a.i.RequestMatcherDelegatingAuthorizationManager [ |  | ] - Authorizing GET /api/messages?channelId=ba45765e-0f83-4f0b-b02f-1ed2f2e44a3e&size=50&sort=createdAt,desc
26-06-04 11:23:46.980 [http-nio-8080-exec-1] [32mTRACE[0;39m o.s.s.w.a.i.RequestMatcherDelegatingAuthorizationManager [ |  | ] - Checking authorization on GET /api/messages?channelId=ba45765e-0f83-4f0b-b02f-1ed2f2e44a3e&size=50&sort=createdAt,desc using org.springframework.security.authorization.AuthenticatedAuthorizationManager@5d73ce5
26-06-04 11:23:46.980 [http-nio-8080-exec-1] [32mDEBUG[0;39m o.s.security.web.FilterChainProxy    [ |  | ] - Secured GET /api/messages?channelId=ba45765e-0f83-4f0b-b02f-1ed2f2e44a3e&size=50&sort=createdAt,desc
26-06-04 11:23:46.981 [http-nio-8080-exec-1] [32mDEBUG[0;39m c.s.m.d.config.MDCLoggingInterceptor [e103dccf6bf94907958f2d9d69a7f3ab | GET | /api/messages] - Request started
26-06-04 11:23:46.982 [http-nio-8080-exec-1] [32mINFO [0;39m c.s.m.d.controller.MessageController [e103dccf6bf94907958f2d9d69a7f3ab | GET | /api/messages] - 채널별 메시지 목록 조회 요청: channelId=ba45765e-0f83-4f0b-b02f-1ed2f2e44a3e, cursor=null, pageable=Page request [number: 0, size 50, sort: createdAt: DESC]
26-06-04 11:23:46.986 [http-nio-8080-exec-1] [32mDEBUG[0;39m org.hibernate.SQL                    [e103dccf6bf94907958f2d9d69a7f3ab | GET | /api/messages] - 
    select
        m1_0.id,
        a1_0.id,
        a1_0.created_at,
        a1_0.email,
        a1_0.password,
        p1_0.id,
        p1_0.content_type,
        p1_0.created_at,
        p1_0.file_name,
        p1_0.size,
        p1_0.status,
        p1_0.updated_at,
        a1_0.role,
        a1_0.updated_at,
        a1_0.username,
        m1_0.channel_id,
        m1_0.content,
        m1_0.created_at,
        m1_0.updated_at 
    from
        messages m1_0 
    left join
        users a1_0 
            on a1_0.id=m1_0.author_id 
    left join
        binary_contents p1_0 
            on p1_0.id=a1_0.profile_id 
    where
        m1_0.channel_id=? 
        and m1_0.created_at<? 
    order by
        m1_0.created_at desc 
    fetch
        first ? rows only
26-06-04 11:23:46.986 [http-nio-8080-exec-1] [32mTRACE[0;39m org.hibernate.orm.jdbc.bind          [e103dccf6bf94907958f2d9d69a7f3ab | GET | /api/messages] - binding parameter (1:UUID) <- [ba45765e-0f83-4f0b-b02f-1ed2f2e44a3e]
26-06-04 11:23:46.986 [http-nio-8080-exec-1] [32mTRACE[0;39m org.hibernate.orm.jdbc.bind          [e103dccf6bf94907958f2d9d69a7f3ab | GET | /api/messages] - binding parameter (2:TIMESTAMP_UTC) <- [2026-06-04T02:23:46.985040Z]
26-06-04 11:23:46.986 [http-nio-8080-exec-1] [32mTRACE[0;39m org.hibernate.orm.jdbc.bind          [e103dccf6bf94907958f2d9d69a7f3ab | GET | /api/messages] - binding parameter (3:INTEGER) <- [51]
26-06-04 11:23:46.993 [http-nio-8080-exec-1] [32mDEBUG[0;39m org.hibernate.SQL                    [e103dccf6bf94907958f2d9d69a7f3ab | GET | /api/messages] - 
    select
        a1_0.message_id,
        a1_1.id,
        a1_1.content_type,
        a1_1.created_at,
        a1_1.file_name,
        a1_1.size,
        a1_1.status,
        a1_1.updated_at 
    from
        message_attachments a1_0 
    join
        binary_contents a1_1 
            on a1_1.id=a1_0.attachment_id 
    where
        a1_0.message_id = any (?)
26-06-04 11:23:46.995 [http-nio-8080-exec-1] [32mTRACE[0;39m org.hibernate.orm.jdbc.bind          [e103dccf6bf94907958f2d9d69a7f3ab | GET | /api/messages] - binding parameter (1:ARRAY) <- [[6ba14f94-aacf-432b-855c-9d7e8093064b, 44ebe3f9-e516-4900-8256-dc1ae5a34b16, 0cbce506-afa3-4e7e-9d6e-a215a14a4fd4, 619f5b1b-c59d-4558-9b6d-31ae708c4073, 693bd7ab-63ad-4077-a61b-8c9085faadc1, c085798f-b9b8-4338-9dad-aded811c30b9, 50d3dc11-ab6a-4d48-bdd8-94b994cda3b2, e5c6311c-852d-4045-979c-b2f4e4a71f64]]
26-06-04 11:23:46.999 [http-nio-8080-exec-1] [32mDEBUG[0;39m c.s.m.d.controller.MessageController [e103dccf6bf94907958f2d9d69a7f3ab | GET | /api/messages] - 채널별 메시지 목록 조회 응답: totalElements=null
26-06-04 11:23:47.001 [http-nio-8080-exec-1] [32mTRACE[0;39m o.s.s.w.h.writers.HstsHeaderWriter   [e103dccf6bf94907958f2d9d69a7f3ab | GET | /api/messages] - Not injecting HSTS header since it did not match request to [Is Secure]
26-06-04 11:23:47.002 [http-nio-8080-exec-1] [32mDEBUG[0;39m c.s.m.d.config.MDCLoggingInterceptor [e103dccf6bf94907958f2d9d69a7f3ab | GET | /api/messages] - Request completed
26-06-04 11:23:47.835 [http-nio-8080-exec-9] [32mTRACE[0;39m o.s.security.web.FilterChainProxy    [ |  | ] - Trying to match request against DefaultSecurityFilterChain defined as 'filterChain' in [class path resource [com/sprint/mission/discodeit/config/SecurityConfig.class]] matching [any request] and having filters [DisableEncodeUrl, WebAsyncManagerIntegration, SecurityContextHolder, HeaderWriter, Csrf, Logout, JwtAuthentication, UsernamePasswordAuthentication, RequestCacheAware, SecurityContextHolderAwareRequest, RememberMeAuthentication, AnonymousAuthentication, SessionManagement, ExceptionTranslation, Authorization] (1/1)
26-06-04 11:23:47.836 [http-nio-8080-exec-9] [32mDEBUG[0;39m o.s.security.web.FilterChainProxy    [ |  | ] - Securing GET /api/channels?userId=d2221d17-7460-4f2d-98b9-0192e1c0a821
26-06-04 11:23:47.836 [http-nio-8080-exec-9] [32mTRACE[0;39m o.s.security.web.FilterChainProxy    [ |  | ] - Invoking DisableEncodeUrlFilter (1/15)
26-06-04 11:23:47.837 [http-nio-8080-exec-9] [32mTRACE[0;39m o.s.security.web.FilterChainProxy    [ |  | ] - Invoking WebAsyncManagerIntegrationFilter (2/15)
26-06-04 11:23:47.837 [http-nio-8080-exec-9] [32mTRACE[0;39m o.s.security.web.FilterChainProxy    [ |  | ] - Invoking SecurityContextHolderFilter (3/15)
26-06-04 11:23:47.837 [http-nio-8080-exec-9] [32mTRACE[0;39m o.s.security.web.FilterChainProxy    [ |  | ] - Invoking HeaderWriterFilter (4/15)
26-06-04 11:23:47.837 [http-nio-8080-exec-9] [32mTRACE[0;39m o.s.security.web.FilterChainProxy    [ |  | ] - Invoking CsrfFilter (5/15)
26-06-04 11:23:47.837 [http-nio-8080-exec-9] [32mTRACE[0;39m o.s.security.web.csrf.CsrfFilter     [ |  | ] - Did not protect against CSRF since request did not match CsrfNotRequired [TRACE, HEAD, GET, OPTIONS]
26-06-04 11:23:47.838 [http-nio-8080-exec-9] [32mTRACE[0;39m o.s.security.web.FilterChainProxy    [ |  | ] - Invoking LogoutFilter (6/15)
26-06-04 11:23:47.838 [http-nio-8080-exec-9] [32mTRACE[0;39m o.s.s.w.a.logout.LogoutFilter        [ |  | ] - Did not match request to Ant [pattern='/api/auth/logout', POST]
26-06-04 11:23:47.838 [http-nio-8080-exec-9] [32mTRACE[0;39m o.s.security.web.FilterChainProxy    [ |  | ] - Invoking JwtAuthenticationFilter (7/15)
26-06-04 11:23:47.840 [http-nio-8080-exec-9] [32mTRACE[0;39m o.s.s.w.c.SupplierDeferredSecurityContext [ |  | ] - Created SecurityContextImpl [Null authentication]
26-06-04 11:23:47.840 [http-nio-8080-exec-9] [32mDEBUG[0;39m c.s.m.d.s.f.JwtAuthenticationFilter  [ |  | ] - Security Context에 'user1' 인증 정보를 저장했습니다.
26-06-04 11:23:47.841 [http-nio-8080-exec-9] [32mTRACE[0;39m o.s.security.web.FilterChainProxy    [ |  | ] - Invoking UsernamePasswordAuthenticationFilter (8/15)
26-06-04 11:23:47.841 [http-nio-8080-exec-9] [32mTRACE[0;39m o.s.s.w.a.UsernamePasswordAuthenticationFilter [ |  | ] - Did not match request to Ant [pattern='/api/auth/login', POST]
26-06-04 11:23:47.841 [http-nio-8080-exec-9] [32mTRACE[0;39m o.s.security.web.FilterChainProxy    [ |  | ] - Invoking RequestCacheAwareFilter (9/15)
26-06-04 11:23:47.841 [http-nio-8080-exec-9] [32mTRACE[0;39m o.s.security.web.FilterChainProxy    [ |  | ] - Invoking SecurityContextHolderAwareRequestFilter (10/15)
26-06-04 11:23:47.841 [http-nio-8080-exec-9] [32mTRACE[0;39m o.s.security.web.FilterChainProxy    [ |  | ] - Invoking RememberMeAuthenticationFilter (11/15)
26-06-04 11:23:47.841 [http-nio-8080-exec-9] [32mDEBUG[0;39m o.s.s.w.a.r.RememberMeAuthenticationFilter [ |  | ] - SecurityContextHolder not populated with remember-me token, as it already contained: 'UsernamePasswordAuthenticationToken [Principal=org.springframework.security.core.userdetails.User [Username=user1, Password=[PROTECTED], Enabled=true, AccountNonExpired=true, CredentialsNonExpired=true, AccountNonLocked=true, Granted Authorities=[ROLE_USER]], Credentials=[PROTECTED], Authenticated=true, Details=null, Granted Authorities=[ROLE_USER]]'
26-06-04 11:23:47.841 [http-nio-8080-exec-9] [32mTRACE[0;39m o.s.security.web.FilterChainProxy    [ |  | ] - Invoking AnonymousAuthenticationFilter (12/15)
26-06-04 11:23:47.841 [http-nio-8080-exec-9] [32mTRACE[0;39m o.s.security.web.FilterChainProxy    [ |  | ] - Invoking SessionManagementFilter (13/15)
26-06-04 11:23:47.842 [http-nio-8080-exec-9] [32mTRACE[0;39m o.s.s.w.a.AnonymousAuthenticationFilter [ |  | ] - Did not set SecurityContextHolder since already authenticated UsernamePasswordAuthenticationToken [Principal=org.springframework.security.core.userdetails.User [Username=user1, Password=[PROTECTED], Enabled=true, AccountNonExpired=true, CredentialsNonExpired=true, AccountNonLocked=true, Granted Authorities=[ROLE_USER]], Credentials=[PROTECTED], Authenticated=true, Details=null, Granted Authorities=[ROLE_USER]]
26-06-04 11:23:47.842 [http-nio-8080-exec-9] [32mTRACE[0;39m o.s.s.w.a.s.CompositeSessionAuthenticationStrategy [ |  | ] - Preparing session with ChangeSessionIdAuthenticationStrategy (1/2)
26-06-04 11:23:47.842 [http-nio-8080-exec-9] [32mTRACE[0;39m o.s.s.w.a.s.CompositeSessionAuthenticationStrategy [ |  | ] - Preparing session with CsrfAuthenticationStrategy (2/2)
26-06-04 11:23:47.843 [http-nio-8080-exec-9] [32mDEBUG[0;39m o.s.s.w.c.CsrfAuthenticationStrategy [ |  | ] - Replaced CSRF Token
26-06-04 11:23:47.843 [http-nio-8080-exec-9] [32mTRACE[0;39m o.s.security.web.FilterChainProxy    [ |  | ] - Invoking ExceptionTranslationFilter (14/15)
26-06-04 11:23:47.843 [http-nio-8080-exec-9] [32mTRACE[0;39m o.s.security.web.FilterChainProxy    [ |  | ] - Invoking AuthorizationFilter (15/15)
26-06-04 11:23:47.843 [http-nio-8080-exec-9] [32mTRACE[0;39m o.s.s.w.a.i.RequestMatcherDelegatingAuthorizationManager [ |  | ] - Authorizing GET /api/channels?userId=d2221d17-7460-4f2d-98b9-0192e1c0a821
26-06-04 11:23:47.843 [http-nio-8080-exec-9] [32mTRACE[0;39m o.s.s.w.a.i.RequestMatcherDelegatingAuthorizationManager [ |  | ] - Checking authorization on GET /api/channels?userId=d2221d17-7460-4f2d-98b9-0192e1c0a821 using org.springframework.security.authorization.AuthenticatedAuthorizationManager@5d73ce5
26-06-04 11:23:47.844 [http-nio-8080-exec-9] [32mDEBUG[0;39m o.s.security.web.FilterChainProxy    [ |  | ] - Secured GET /api/channels?userId=d2221d17-7460-4f2d-98b9-0192e1c0a821
26-06-04 11:23:47.845 [http-nio-8080-exec-9] [32mDEBUG[0;39m c.s.m.d.config.MDCLoggingInterceptor [4e413c5325104617b58ec745a22dcd02 | GET | /api/channels] - Request started
26-06-04 11:23:47.847 [http-nio-8080-exec-9] [32mINFO [0;39m c.s.m.d.controller.ChannelController [4e413c5325104617b58ec745a22dcd02 | GET | /api/channels] - 사용자별 채널 목록 조회 요청: userId=d2221d17-7460-4f2d-98b9-0192e1c0a821
26-06-04 11:23:47.863 [http-nio-8080-exec-9] [32mDEBUG[0;39m org.hibernate.SQL                    [4e413c5325104617b58ec745a22dcd02 | GET | /api/channels] - 
    select
        rs1_0.id,
        rs1_0.channel_id,
        rs1_0.created_at,
        rs1_0.last_read_at,
        rs1_0.notification_enabled,
        rs1_0.updated_at,
        rs1_0.user_id 
    from
        read_statuses rs1_0 
    where
        rs1_0.user_id=?
26-06-04 11:23:47.864 [http-nio-8080-exec-9] [32mTRACE[0;39m org.hibernate.orm.jdbc.bind          [4e413c5325104617b58ec745a22dcd02 | GET | /api/channels] - binding parameter (1:UUID) <- [d2221d17-7460-4f2d-98b9-0192e1c0a821]
26-06-04 11:23:47.866 [http-nio-8080-exec-9] [32mDEBUG[0;39m org.hibernate.SQL                    [4e413c5325104617b58ec745a22dcd02 | GET | /api/channels] - 
    select
        c1_0.id,
        c1_0.created_at,
        c1_0.description,
        c1_0.name,
        c1_0.type,
        c1_0.updated_at 
    from
        channels c1_0 
    where
        c1_0.type=? 
        or c1_0.id in (?)
26-06-04 11:23:47.866 [http-nio-8080-exec-9] [32mTRACE[0;39m org.hibernate.orm.jdbc.bind          [4e413c5325104617b58ec745a22dcd02 | GET | /api/channels] - binding parameter (1:VARCHAR) <- [PUBLIC]
26-06-04 11:23:47.866 [http-nio-8080-exec-9] [32mTRACE[0;39m org.hibernate.orm.jdbc.bind          [4e413c5325104617b58ec745a22dcd02 | GET | /api/channels] - binding parameter (2:UUID) <- [null]
26-06-04 11:23:47.870 [http-nio-8080-exec-9] [32mDEBUG[0;39m org.hibernate.SQL                    [4e413c5325104617b58ec745a22dcd02 | GET | /api/channels] - 
    select
        m1_0.created_at 
    from
        messages m1_0 
    where
        m1_0.channel_id=? 
    order by
        m1_0.created_at desc 
    fetch
        first 1 rows only
26-06-04 11:23:47.871 [http-nio-8080-exec-9] [32mTRACE[0;39m org.hibernate.orm.jdbc.bind          [4e413c5325104617b58ec745a22dcd02 | GET | /api/channels] - binding parameter (1:UUID) <- [ba45765e-0f83-4f0b-b02f-1ed2f2e44a3e]
26-06-04 11:23:47.872 [http-nio-8080-exec-9] [32mDEBUG[0;39m c.s.m.d.controller.ChannelController [4e413c5325104617b58ec745a22dcd02 | GET | /api/channels] - 사용자별 채널 목록 조회 응답: count=1
26-06-04 11:23:47.874 [http-nio-8080-exec-9] [32mTRACE[0;39m o.s.s.w.h.writers.HstsHeaderWriter   [4e413c5325104617b58ec745a22dcd02 | GET | /api/channels] - Not injecting HSTS header since it did not match request to [Is Secure]
26-06-04 11:23:47.875 [http-nio-8080-exec-9] [32mDEBUG[0;39m c.s.m.d.config.MDCLoggingInterceptor [4e413c5325104617b58ec745a22dcd02 | GET | /api/channels] - Request completed
26-06-04 11:23:47.881 [http-nio-8080-exec-3] [32mTRACE[0;39m o.s.security.web.FilterChainProxy    [ |  | ] - Trying to match request against DefaultSecurityFilterChain defined as 'filterChain' in [class path resource [com/sprint/mission/discodeit/config/SecurityConfig.class]] matching [any request] and having filters [DisableEncodeUrl, WebAsyncManagerIntegration, SecurityContextHolder, HeaderWriter, Csrf, Logout, JwtAuthentication, UsernamePasswordAuthentication, RequestCacheAware, SecurityContextHolderAwareRequest, RememberMeAuthentication, AnonymousAuthentication, SessionManagement, ExceptionTranslation, Authorization] (1/1)
26-06-04 11:23:47.881 [http-nio-8080-exec-3] [32mDEBUG[0;39m o.s.security.web.FilterChainProxy    [ |  | ] - Securing GET /api/readStatuses?userId=d2221d17-7460-4f2d-98b9-0192e1c0a821
26-06-04 11:23:47.881 [http-nio-8080-exec-3] [32mTRACE[0;39m o.s.security.web.FilterChainProxy    [ |  | ] - Invoking DisableEncodeUrlFilter (1/15)
26-06-04 11:23:47.881 [http-nio-8080-exec-3] [32mTRACE[0;39m o.s.security.web.FilterChainProxy    [ |  | ] - Invoking WebAsyncManagerIntegrationFilter (2/15)
26-06-04 11:23:47.881 [http-nio-8080-exec-3] [32mTRACE[0;39m o.s.security.web.FilterChainProxy    [ |  | ] - Invoking SecurityContextHolderFilter (3/15)
26-06-04 11:23:47.881 [http-nio-8080-exec-3] [32mTRACE[0;39m o.s.security.web.FilterChainProxy    [ |  | ] - Invoking HeaderWriterFilter (4/15)
26-06-04 11:23:47.881 [http-nio-8080-exec-3] [32mTRACE[0;39m o.s.security.web.FilterChainProxy    [ |  | ] - Invoking CsrfFilter (5/15)
26-06-04 11:23:47.881 [http-nio-8080-exec-3] [32mTRACE[0;39m o.s.security.web.csrf.CsrfFilter     [ |  | ] - Did not protect against CSRF since request did not match CsrfNotRequired [TRACE, HEAD, GET, OPTIONS]
26-06-04 11:23:47.882 [http-nio-8080-exec-3] [32mTRACE[0;39m o.s.security.web.FilterChainProxy    [ |  | ] - Invoking LogoutFilter (6/15)
26-06-04 11:23:47.882 [http-nio-8080-exec-3] [32mTRACE[0;39m o.s.s.w.a.logout.LogoutFilter        [ |  | ] - Did not match request to Ant [pattern='/api/auth/logout', POST]
26-06-04 11:23:47.882 [http-nio-8080-exec-3] [32mTRACE[0;39m o.s.security.web.FilterChainProxy    [ |  | ] - Invoking JwtAuthenticationFilter (7/15)
26-06-04 11:23:47.882 [http-nio-8080-exec-3] [32mTRACE[0;39m o.s.s.w.c.SupplierDeferredSecurityContext [ |  | ] - Created SecurityContextImpl [Null authentication]
26-06-04 11:23:47.882 [http-nio-8080-exec-3] [32mDEBUG[0;39m c.s.m.d.s.f.JwtAuthenticationFilter  [ |  | ] - Security Context에 'user1' 인증 정보를 저장했습니다.
26-06-04 11:23:47.882 [http-nio-8080-exec-3] [32mTRACE[0;39m o.s.security.web.FilterChainProxy    [ |  | ] - Invoking UsernamePasswordAuthenticationFilter (8/15)
26-06-04 11:23:47.882 [http-nio-8080-exec-3] [32mTRACE[0;39m o.s.s.w.a.UsernamePasswordAuthenticationFilter [ |  | ] - Did not match request to Ant [pattern='/api/auth/login', POST]
26-06-04 11:23:47.882 [http-nio-8080-exec-3] [32mTRACE[0;39m o.s.security.web.FilterChainProxy    [ |  | ] - Invoking RequestCacheAwareFilter (9/15)
26-06-04 11:23:47.882 [http-nio-8080-exec-3] [32mTRACE[0;39m o.s.security.web.FilterChainProxy    [ |  | ] - Invoking SecurityContextHolderAwareRequestFilter (10/15)
26-06-04 11:23:47.882 [http-nio-8080-exec-3] [32mTRACE[0;39m o.s.security.web.FilterChainProxy    [ |  | ] - Invoking RememberMeAuthenticationFilter (11/15)
26-06-04 11:23:47.882 [http-nio-8080-exec-3] [32mDEBUG[0;39m o.s.s.w.a.r.RememberMeAuthenticationFilter [ |  | ] - SecurityContextHolder not populated with remember-me token, as it already contained: 'UsernamePasswordAuthenticationToken [Principal=org.springframework.security.core.userdetails.User [Username=user1, Password=[PROTECTED], Enabled=true, AccountNonExpired=true, CredentialsNonExpired=true, AccountNonLocked=true, Granted Authorities=[ROLE_USER]], Credentials=[PROTECTED], Authenticated=true, Details=null, Granted Authorities=[ROLE_USER]]'
26-06-04 11:23:47.883 [http-nio-8080-exec-3] [32mTRACE[0;39m o.s.security.web.FilterChainProxy    [ |  | ] - Invoking AnonymousAuthenticationFilter (12/15)
26-06-04 11:23:47.883 [http-nio-8080-exec-3] [32mTRACE[0;39m o.s.security.web.FilterChainProxy    [ |  | ] - Invoking SessionManagementFilter (13/15)
26-06-04 11:23:47.883 [http-nio-8080-exec-3] [32mTRACE[0;39m o.s.s.w.a.AnonymousAuthenticationFilter [ |  | ] - Did not set SecurityContextHolder since already authenticated UsernamePasswordAuthenticationToken [Principal=org.springframework.security.core.userdetails.User [Username=user1, Password=[PROTECTED], Enabled=true, AccountNonExpired=true, CredentialsNonExpired=true, AccountNonLocked=true, Granted Authorities=[ROLE_USER]], Credentials=[PROTECTED], Authenticated=true, Details=null, Granted Authorities=[ROLE_USER]]
26-06-04 11:23:47.883 [http-nio-8080-exec-3] [32mTRACE[0;39m o.s.s.w.a.s.CompositeSessionAuthenticationStrategy [ |  | ] - Preparing session with ChangeSessionIdAuthenticationStrategy (1/2)
26-06-04 11:23:47.883 [http-nio-8080-exec-3] [32mTRACE[0;39m o.s.s.w.a.s.CompositeSessionAuthenticationStrategy [ |  | ] - Preparing session with CsrfAuthenticationStrategy (2/2)
26-06-04 11:23:47.883 [http-nio-8080-exec-3] [32mDEBUG[0;39m o.s.s.w.c.CsrfAuthenticationStrategy [ |  | ] - Replaced CSRF Token
26-06-04 11:23:47.883 [http-nio-8080-exec-3] [32mTRACE[0;39m o.s.security.web.FilterChainProxy    [ |  | ] - Invoking ExceptionTranslationFilter (14/15)
26-06-04 11:23:47.883 [http-nio-8080-exec-3] [32mTRACE[0;39m o.s.security.web.FilterChainProxy    [ |  | ] - Invoking AuthorizationFilter (15/15)
26-06-04 11:23:47.883 [http-nio-8080-exec-3] [32mTRACE[0;39m o.s.s.w.a.i.RequestMatcherDelegatingAuthorizationManager [ |  | ] - Authorizing GET /api/readStatuses?userId=d2221d17-7460-4f2d-98b9-0192e1c0a821
26-06-04 11:23:47.883 [http-nio-8080-exec-3] [32mTRACE[0;39m o.s.s.w.a.i.RequestMatcherDelegatingAuthorizationManager [ |  | ] - Checking authorization on GET /api/readStatuses?userId=d2221d17-7460-4f2d-98b9-0192e1c0a821 using org.springframework.security.authorization.AuthenticatedAuthorizationManager@5d73ce5
26-06-04 11:23:47.883 [http-nio-8080-exec-3] [32mDEBUG[0;39m o.s.security.web.FilterChainProxy    [ |  | ] - Secured GET /api/readStatuses?userId=d2221d17-7460-4f2d-98b9-0192e1c0a821
26-06-04 11:23:47.883 [http-nio-8080-exec-3] [32mDEBUG[0;39m c.s.m.d.config.MDCLoggingInterceptor [e4d4977fde36438483210f6db3c4d291 | GET | /api/readStatuses] - Request started
26-06-04 11:23:47.884 [http-nio-8080-exec-3] [32mINFO [0;39m c.s.m.d.c.ReadStatusController       [e4d4977fde36438483210f6db3c4d291 | GET | /api/readStatuses] - 사용자별 읽음 상태 목록 조회 요청: userId=d2221d17-7460-4f2d-98b9-0192e1c0a821
26-06-04 11:23:47.884 [http-nio-8080-exec-3] [32mDEBUG[0;39m c.s.m.d.s.b.BasicReadStatusService   [e4d4977fde36438483210f6db3c4d291 | GET | /api/readStatuses] - 사용자별 읽음 상태 목록 조회 시작: userId=d2221d17-7460-4f2d-98b9-0192e1c0a821
26-06-04 11:23:47.885 [http-nio-8080-exec-3] [32mDEBUG[0;39m org.hibernate.SQL                    [e4d4977fde36438483210f6db3c4d291 | GET | /api/readStatuses] - 
    select
        rs1_0.id,
        rs1_0.channel_id,
        rs1_0.created_at,
        rs1_0.last_read_at,
        rs1_0.notification_enabled,
        rs1_0.updated_at,
        rs1_0.user_id 
    from
        read_statuses rs1_0 
    where
        rs1_0.user_id=?
26-06-04 11:23:47.885 [http-nio-8080-exec-3] [32mTRACE[0;39m org.hibernate.orm.jdbc.bind          [e4d4977fde36438483210f6db3c4d291 | GET | /api/readStatuses] - binding parameter (1:UUID) <- [d2221d17-7460-4f2d-98b9-0192e1c0a821]
26-06-04 11:23:47.886 [http-nio-8080-exec-3] [32mINFO [0;39m c.s.m.d.s.b.BasicReadStatusService   [e4d4977fde36438483210f6db3c4d291 | GET | /api/readStatuses] - 사용자별 읽음 상태 목록 조회 완료: userId=d2221d17-7460-4f2d-98b9-0192e1c0a821, 조회된 항목 수=0
26-06-04 11:23:47.886 [http-nio-8080-exec-3] [32mDEBUG[0;39m c.s.m.d.c.ReadStatusController       [e4d4977fde36438483210f6db3c4d291 | GET | /api/readStatuses] - 사용자별 읽음 상태 목록 조회 응답: count=0
26-06-04 11:23:47.886 [http-nio-8080-exec-3] [32mTRACE[0;39m o.s.s.w.h.writers.HstsHeaderWriter   [e4d4977fde36438483210f6db3c4d291 | GET | /api/readStatuses] - Not injecting HSTS header since it did not match request to [Is Secure]
26-06-04 11:23:47.887 [http-nio-8080-exec-3] [32mDEBUG[0;39m c.s.m.d.config.MDCLoggingInterceptor [e4d4977fde36438483210f6db3c4d291 | GET | /api/readStatuses] - Request completed
26-06-04 11:23:48.820 [http-nio-8080-exec-7] [32mTRACE[0;39m o.s.security.web.FilterChainProxy    [ |  | ] - Trying to match request against DefaultSecurityFilterChain defined as 'filterChain' in [class path resource [com/sprint/mission/discodeit/config/SecurityConfig.class]] matching [any request] and having filters [DisableEncodeUrl, WebAsyncManagerIntegration, SecurityContextHolder, HeaderWriter, Csrf, Logout, JwtAuthentication, UsernamePasswordAuthentication, RequestCacheAware, SecurityContextHolderAwareRequest, RememberMeAuthentication, AnonymousAuthentication, SessionManagement, ExceptionTranslation, Authorization] (1/1)
26-06-04 11:23:48.820 [http-nio-8080-exec-7] [32mDEBUG[0;39m o.s.security.web.FilterChainProxy    [ |  | ] - Securing GET /api/notifications
26-06-04 11:23:48.820 [http-nio-8080-exec-7] [32mTRACE[0;39m o.s.security.web.FilterChainProxy    [ |  | ] - Invoking DisableEncodeUrlFilter (1/15)
26-06-04 11:23:48.820 [http-nio-8080-exec-7] [32mTRACE[0;39m o.s.security.web.FilterChainProxy    [ |  | ] - Invoking WebAsyncManagerIntegrationFilter (2/15)
26-06-04 11:23:48.821 [http-nio-8080-exec-7] [32mTRACE[0;39m o.s.security.web.FilterChainProxy    [ |  | ] - Invoking SecurityContextHolderFilter (3/15)
26-06-04 11:23:48.821 [http-nio-8080-exec-7] [32mTRACE[0;39m o.s.security.web.FilterChainProxy    [ |  | ] - Invoking HeaderWriterFilter (4/15)
26-06-04 11:23:48.821 [http-nio-8080-exec-7] [32mTRACE[0;39m o.s.security.web.FilterChainProxy    [ |  | ] - Invoking CsrfFilter (5/15)
26-06-04 11:23:48.821 [http-nio-8080-exec-7] [32mTRACE[0;39m o.s.security.web.csrf.CsrfFilter     [ |  | ] - Did not protect against CSRF since request did not match CsrfNotRequired [TRACE, HEAD, GET, OPTIONS]
26-06-04 11:23:48.821 [http-nio-8080-exec-7] [32mTRACE[0;39m o.s.security.web.FilterChainProxy    [ |  | ] - Invoking LogoutFilter (6/15)
26-06-04 11:23:48.821 [http-nio-8080-exec-7] [32mTRACE[0;39m o.s.s.w.a.logout.LogoutFilter        [ |  | ] - Did not match request to Ant [pattern='/api/auth/logout', POST]
26-06-04 11:23:48.821 [http-nio-8080-exec-7] [32mTRACE[0;39m o.s.security.web.FilterChainProxy    [ |  | ] - Invoking JwtAuthenticationFilter (7/15)
26-06-04 11:23:48.821 [http-nio-8080-exec-7] [32mTRACE[0;39m o.s.s.w.c.SupplierDeferredSecurityContext [ |  | ] - Created SecurityContextImpl [Null authentication]
26-06-04 11:23:48.821 [http-nio-8080-exec-7] [32mDEBUG[0;39m c.s.m.d.s.f.JwtAuthenticationFilter  [ |  | ] - Security Context에 'user1' 인증 정보를 저장했습니다.
26-06-04 11:23:48.822 [http-nio-8080-exec-7] [32mTRACE[0;39m o.s.security.web.FilterChainProxy    [ |  | ] - Invoking UsernamePasswordAuthenticationFilter (8/15)
26-06-04 11:23:48.822 [http-nio-8080-exec-7] [32mTRACE[0;39m o.s.s.w.a.UsernamePasswordAuthenticationFilter [ |  | ] - Did not match request to Ant [pattern='/api/auth/login', POST]
26-06-04 11:23:48.822 [http-nio-8080-exec-7] [32mTRACE[0;39m o.s.security.web.FilterChainProxy    [ |  | ] - Invoking RequestCacheAwareFilter (9/15)
26-06-04 11:23:48.822 [http-nio-8080-exec-7] [32mTRACE[0;39m o.s.security.web.FilterChainProxy    [ |  | ] - Invoking SecurityContextHolderAwareRequestFilter (10/15)
26-06-04 11:23:48.822 [http-nio-8080-exec-7] [32mTRACE[0;39m o.s.security.web.FilterChainProxy    [ |  | ] - Invoking RememberMeAuthenticationFilter (11/15)
26-06-04 11:23:48.822 [http-nio-8080-exec-7] [32mDEBUG[0;39m o.s.s.w.a.r.RememberMeAuthenticationFilter [ |  | ] - SecurityContextHolder not populated with remember-me token, as it already contained: 'UsernamePasswordAuthenticationToken [Principal=org.springframework.security.core.userdetails.User [Username=user1, Password=[PROTECTED], Enabled=true, AccountNonExpired=true, CredentialsNonExpired=true, AccountNonLocked=true, Granted Authorities=[ROLE_USER]], Credentials=[PROTECTED], Authenticated=true, Details=null, Granted Authorities=[ROLE_USER]]'
26-06-04 11:23:48.822 [http-nio-8080-exec-7] [32mTRACE[0;39m o.s.security.web.FilterChainProxy    [ |  | ] - Invoking AnonymousAuthenticationFilter (12/15)
26-06-04 11:23:48.822 [http-nio-8080-exec-7] [32mTRACE[0;39m o.s.security.web.FilterChainProxy    [ |  | ] - Invoking SessionManagementFilter (13/15)
26-06-04 11:23:48.822 [http-nio-8080-exec-7] [32mTRACE[0;39m o.s.s.w.a.AnonymousAuthenticationFilter [ |  | ] - Did not set SecurityContextHolder since already authenticated UsernamePasswordAuthenticationToken [Principal=org.springframework.security.core.userdetails.User [Username=user1, Password=[PROTECTED], Enabled=true, AccountNonExpired=true, CredentialsNonExpired=true, AccountNonLocked=true, Granted Authorities=[ROLE_USER]], Credentials=[PROTECTED], Authenticated=true, Details=null, Granted Authorities=[ROLE_USER]]
26-06-04 11:23:48.822 [http-nio-8080-exec-7] [32mTRACE[0;39m o.s.s.w.a.s.CompositeSessionAuthenticationStrategy [ |  | ] - Preparing session with ChangeSessionIdAuthenticationStrategy (1/2)
26-06-04 11:23:48.822 [http-nio-8080-exec-7] [32mTRACE[0;39m o.s.s.w.a.s.CompositeSessionAuthenticationStrategy [ |  | ] - Preparing session with CsrfAuthenticationStrategy (2/2)
26-06-04 11:23:48.822 [http-nio-8080-exec-7] [32mDEBUG[0;39m o.s.s.w.c.CsrfAuthenticationStrategy [ |  | ] - Replaced CSRF Token
26-06-04 11:23:48.822 [http-nio-8080-exec-7] [32mTRACE[0;39m o.s.security.web.FilterChainProxy    [ |  | ] - Invoking ExceptionTranslationFilter (14/15)
26-06-04 11:23:48.822 [http-nio-8080-exec-7] [32mTRACE[0;39m o.s.security.web.FilterChainProxy    [ |  | ] - Invoking AuthorizationFilter (15/15)
26-06-04 11:23:48.822 [http-nio-8080-exec-7] [32mTRACE[0;39m o.s.s.w.a.i.RequestMatcherDelegatingAuthorizationManager [ |  | ] - Authorizing GET /api/notifications
26-06-04 11:23:48.823 [http-nio-8080-exec-7] [32mTRACE[0;39m o.s.s.w.a.i.RequestMatcherDelegatingAuthorizationManager [ |  | ] - Checking authorization on GET /api/notifications using org.springframework.security.authorization.AuthenticatedAuthorizationManager@5d73ce5
26-06-04 11:23:48.823 [http-nio-8080-exec-7] [32mDEBUG[0;39m o.s.security.web.FilterChainProxy    [ |  | ] - Secured GET /api/notifications
26-06-04 11:23:48.825 [http-nio-8080-exec-7] [32mDEBUG[0;39m c.s.m.d.config.MDCLoggingInterceptor [caca6a22c1e042b78670c726433631e3 | GET | /api/notifications] - Request started
26-06-04 11:23:48.828 [http-nio-8080-exec-7] [32mDEBUG[0;39m org.hibernate.SQL                    [caca6a22c1e042b78670c726433631e3 | GET | /api/notifications] - 
    select
        u1_0.id,
        u1_0.created_at,
        u1_0.email,
        u1_0.password,
        u1_0.profile_id,
        u1_0.role,
        u1_0.updated_at,
        u1_0.username 
    from
        users u1_0 
    where
        u1_0.username=?
26-06-04 11:23:48.829 [http-nio-8080-exec-7] [32mTRACE[0;39m org.hibernate.orm.jdbc.bind          [caca6a22c1e042b78670c726433631e3 | GET | /api/notifications] - binding parameter (1:VARCHAR) <- [user1]
26-06-04 11:23:48.832 [http-nio-8080-exec-7] [32mINFO [0;39m c.s.m.d.c.NotificationController     [caca6a22c1e042b78670c726433631e3 | GET | /api/notifications] - 알림 조회 요청 수신: 사용자 ID=f4f7fd84-ff30-49c8-b3c5-1d3bb69513f3
26-06-04 11:23:48.832 [http-nio-8080-exec-7] [32mDEBUG[0;39m c.s.m.d.s.b.BasicNotificationService [caca6a22c1e042b78670c726433631e3 | GET | /api/notifications] - 알림 API 조회 시작: receiverId=f4f7fd84-ff30-49c8-b3c5-1d3bb69513f3
26-06-04 11:23:48.833 [http-nio-8080-exec-7] [32mDEBUG[0;39m org.hibernate.SQL                    [caca6a22c1e042b78670c726433631e3 | GET | /api/notifications] - 
    select
        n1_0.id,
        n1_0.content,
        n1_0.created_at,
        n1_0.receiver_id,
        n1_0.title 
    from
        notifications n1_0 
    where
        n1_0.receiver_id=? 
    order by
        n1_0.created_at desc
26-06-04 11:23:48.833 [http-nio-8080-exec-7] [32mTRACE[0;39m org.hibernate.orm.jdbc.bind          [caca6a22c1e042b78670c726433631e3 | GET | /api/notifications] - binding parameter (1:UUID) <- [f4f7fd84-ff30-49c8-b3c5-1d3bb69513f3]
26-06-04 11:23:48.837 [http-nio-8080-exec-7] [32mTRACE[0;39m o.s.s.w.h.writers.HstsHeaderWriter   [caca6a22c1e042b78670c726433631e3 | GET | /api/notifications] - Not injecting HSTS header since it did not match request to [Is Secure]
26-06-04 11:23:48.837 [http-nio-8080-exec-7] [32mDEBUG[0;39m c.s.m.d.config.MDCLoggingInterceptor [caca6a22c1e042b78670c726433631e3 | GET | /api/notifications] - Request completed
26-06-04 11:23:49.290 [http-nio-8080-exec-4] [32mTRACE[0;39m o.s.security.web.FilterChainProxy    [ |  | ] - Trying to match request against DefaultSecurityFilterChain defined as 'filterChain' in [class path resource [com/sprint/mission/discodeit/config/SecurityConfig.class]] matching [any request] and having filters [DisableEncodeUrl, WebAsyncManagerIntegration, SecurityContextHolder, HeaderWriter, Csrf, Logout, JwtAuthentication, UsernamePasswordAuthentication, RequestCacheAware, SecurityContextHolderAwareRequest, RememberMeAuthentication, AnonymousAuthentication, SessionManagement, ExceptionTranslation, Authorization] (1/1)
26-06-04 11:23:49.290 [http-nio-8080-exec-4] [32mDEBUG[0;39m o.s.security.web.FilterChainProxy    [ |  | ] - Securing GET /api/messages?channelId=ba45765e-0f83-4f0b-b02f-1ed2f2e44a3e&size=50&sort=createdAt,desc
26-06-04 11:23:49.290 [http-nio-8080-exec-4] [32mTRACE[0;39m o.s.security.web.FilterChainProxy    [ |  | ] - Invoking DisableEncodeUrlFilter (1/15)
26-06-04 11:23:49.291 [http-nio-8080-exec-4] [32mTRACE[0;39m o.s.security.web.FilterChainProxy    [ |  | ] - Invoking WebAsyncManagerIntegrationFilter (2/15)
26-06-04 11:23:49.291 [http-nio-8080-exec-4] [32mTRACE[0;39m o.s.security.web.FilterChainProxy    [ |  | ] - Invoking SecurityContextHolderFilter (3/15)
26-06-04 11:23:49.291 [http-nio-8080-exec-4] [32mTRACE[0;39m o.s.security.web.FilterChainProxy    [ |  | ] - Invoking HeaderWriterFilter (4/15)
26-06-04 11:23:49.291 [http-nio-8080-exec-4] [32mTRACE[0;39m o.s.security.web.FilterChainProxy    [ |  | ] - Invoking CsrfFilter (5/15)
26-06-04 11:23:49.291 [http-nio-8080-exec-4] [32mTRACE[0;39m o.s.security.web.csrf.CsrfFilter     [ |  | ] - Did not protect against CSRF since request did not match CsrfNotRequired [TRACE, HEAD, GET, OPTIONS]
26-06-04 11:23:49.291 [http-nio-8080-exec-4] [32mTRACE[0;39m o.s.security.web.FilterChainProxy    [ |  | ] - Invoking LogoutFilter (6/15)
26-06-04 11:23:49.291 [http-nio-8080-exec-4] [32mTRACE[0;39m o.s.s.w.a.logout.LogoutFilter        [ |  | ] - Did not match request to Ant [pattern='/api/auth/logout', POST]
26-06-04 11:23:49.291 [http-nio-8080-exec-4] [32mTRACE[0;39m o.s.security.web.FilterChainProxy    [ |  | ] - Invoking JwtAuthenticationFilter (7/15)
26-06-04 11:23:49.293 [http-nio-8080-exec-4] [32mTRACE[0;39m o.s.s.w.c.SupplierDeferredSecurityContext [ |  | ] - Created SecurityContextImpl [Null authentication]
26-06-04 11:23:49.293 [http-nio-8080-exec-4] [32mDEBUG[0;39m c.s.m.d.s.f.JwtAuthenticationFilter  [ |  | ] - Security Context에 'user1' 인증 정보를 저장했습니다.
26-06-04 11:23:49.294 [http-nio-8080-exec-4] [32mTRACE[0;39m o.s.security.web.FilterChainProxy    [ |  | ] - Invoking UsernamePasswordAuthenticationFilter (8/15)
26-06-04 11:23:49.294 [http-nio-8080-exec-4] [32mTRACE[0;39m o.s.s.w.a.UsernamePasswordAuthenticationFilter [ |  | ] - Did not match request to Ant [pattern='/api/auth/login', POST]
26-06-04 11:23:49.294 [http-nio-8080-exec-4] [32mTRACE[0;39m o.s.security.web.FilterChainProxy    [ |  | ] - Invoking RequestCacheAwareFilter (9/15)
26-06-04 11:23:49.294 [http-nio-8080-exec-4] [32mTRACE[0;39m o.s.security.web.FilterChainProxy    [ |  | ] - Invoking SecurityContextHolderAwareRequestFilter (10/15)
26-06-04 11:23:49.294 [http-nio-8080-exec-4] [32mTRACE[0;39m o.s.security.web.FilterChainProxy    [ |  | ] - Invoking RememberMeAuthenticationFilter (11/15)
26-06-04 11:23:49.294 [http-nio-8080-exec-4] [32mDEBUG[0;39m o.s.s.w.a.r.RememberMeAuthenticationFilter [ |  | ] - SecurityContextHolder not populated with remember-me token, as it already contained: 'UsernamePasswordAuthenticationToken [Principal=org.springframework.security.core.userdetails.User [Username=user1, Password=[PROTECTED], Enabled=true, AccountNonExpired=true, CredentialsNonExpired=true, AccountNonLocked=true, Granted Authorities=[ROLE_USER]], Credentials=[PROTECTED], Authenticated=true, Details=null, Granted Authorities=[ROLE_USER]]'
26-06-04 11:23:49.294 [http-nio-8080-exec-4] [32mTRACE[0;39m o.s.security.web.FilterChainProxy    [ |  | ] - Invoking AnonymousAuthenticationFilter (12/15)
26-06-04 11:23:49.294 [http-nio-8080-exec-4] [32mTRACE[0;39m o.s.security.web.FilterChainProxy    [ |  | ] - Invoking SessionManagementFilter (13/15)
26-06-04 11:23:49.294 [http-nio-8080-exec-4] [32mTRACE[0;39m o.s.s.w.a.AnonymousAuthenticationFilter [ |  | ] - Did not set SecurityContextHolder since already authenticated UsernamePasswordAuthenticationToken [Principal=org.springframework.security.core.userdetails.User [Username=user1, Password=[PROTECTED], Enabled=true, AccountNonExpired=true, CredentialsNonExpired=true, AccountNonLocked=true, Granted Authorities=[ROLE_USER]], Credentials=[PROTECTED], Authenticated=true, Details=null, Granted Authorities=[ROLE_USER]]
26-06-04 11:23:49.294 [http-nio-8080-exec-4] [32mTRACE[0;39m o.s.s.w.a.s.CompositeSessionAuthenticationStrategy [ |  | ] - Preparing session with ChangeSessionIdAuthenticationStrategy (1/2)
26-06-04 11:23:49.294 [http-nio-8080-exec-4] [32mTRACE[0;39m o.s.s.w.a.s.CompositeSessionAuthenticationStrategy [ |  | ] - Preparing session with CsrfAuthenticationStrategy (2/2)
26-06-04 11:23:49.294 [http-nio-8080-exec-4] [32mDEBUG[0;39m o.s.s.w.c.CsrfAuthenticationStrategy [ |  | ] - Replaced CSRF Token
26-06-04 11:23:49.294 [http-nio-8080-exec-4] [32mTRACE[0;39m o.s.security.web.FilterChainProxy    [ |  | ] - Invoking ExceptionTranslationFilter (14/15)
26-06-04 11:23:49.295 [http-nio-8080-exec-4] [32mTRACE[0;39m o.s.security.web.FilterChainProxy    [ |  | ] - Invoking AuthorizationFilter (15/15)
26-06-04 11:23:49.295 [http-nio-8080-exec-4] [32mTRACE[0;39m o.s.s.w.a.i.RequestMatcherDelegatingAuthorizationManager [ |  | ] - Authorizing GET /api/messages?channelId=ba45765e-0f83-4f0b-b02f-1ed2f2e44a3e&size=50&sort=createdAt,desc
26-06-04 11:23:49.295 [http-nio-8080-exec-4] [32mTRACE[0;39m o.s.s.w.a.i.RequestMatcherDelegatingAuthorizationManager [ |  | ] - Checking authorization on GET /api/messages?channelId=ba45765e-0f83-4f0b-b02f-1ed2f2e44a3e&size=50&sort=createdAt,desc using org.springframework.security.authorization.AuthenticatedAuthorizationManager@5d73ce5
26-06-04 11:23:49.295 [http-nio-8080-exec-4] [32mDEBUG[0;39m o.s.security.web.FilterChainProxy    [ |  | ] - Secured GET /api/messages?channelId=ba45765e-0f83-4f0b-b02f-1ed2f2e44a3e&size=50&sort=createdAt,desc
26-06-04 11:23:49.296 [http-nio-8080-exec-4] [32mDEBUG[0;39m c.s.m.d.config.MDCLoggingInterceptor [aea75483c6854491830aff2a026ab752 | GET | /api/messages] - Request started
26-06-04 11:23:49.297 [http-nio-8080-exec-4] [32mINFO [0;39m c.s.m.d.controller.MessageController [aea75483c6854491830aff2a026ab752 | GET | /api/messages] - 채널별 메시지 목록 조회 요청: channelId=ba45765e-0f83-4f0b-b02f-1ed2f2e44a3e, cursor=null, pageable=Page request [number: 0, size 50, sort: createdAt: DESC]
26-06-04 11:23:49.299 [http-nio-8080-exec-4] [32mDEBUG[0;39m org.hibernate.SQL                    [aea75483c6854491830aff2a026ab752 | GET | /api/messages] - 
    select
        m1_0.id,
        a1_0.id,
        a1_0.created_at,
        a1_0.email,
        a1_0.password,
        p1_0.id,
        p1_0.content_type,
        p1_0.created_at,
        p1_0.file_name,
        p1_0.size,
        p1_0.status,
        p1_0.updated_at,
        a1_0.role,
        a1_0.updated_at,
        a1_0.username,
        m1_0.channel_id,
        m1_0.content,
        m1_0.created_at,
        m1_0.updated_at 
    from
        messages m1_0 
    left join
        users a1_0 
            on a1_0.id=m1_0.author_id 
    left join
        binary_contents p1_0 
            on p1_0.id=a1_0.profile_id 
    where
        m1_0.channel_id=? 
        and m1_0.created_at<? 
    order by
        m1_0.created_at desc 
    fetch
        first ? rows only
26-06-04 11:23:49.300 [http-nio-8080-exec-4] [32mTRACE[0;39m org.hibernate.orm.jdbc.bind          [aea75483c6854491830aff2a026ab752 | GET | /api/messages] - binding parameter (1:UUID) <- [ba45765e-0f83-4f0b-b02f-1ed2f2e44a3e]
26-06-04 11:23:49.300 [http-nio-8080-exec-4] [32mTRACE[0;39m org.hibernate.orm.jdbc.bind          [aea75483c6854491830aff2a026ab752 | GET | /api/messages] - binding parameter (2:TIMESTAMP_UTC) <- [2026-06-04T02:23:49.298949Z]
26-06-04 11:23:49.300 [http-nio-8080-exec-4] [32mTRACE[0;39m org.hibernate.orm.jdbc.bind          [aea75483c6854491830aff2a026ab752 | GET | /api/messages] - binding parameter (3:INTEGER) <- [51]
26-06-04 11:23:49.309 [http-nio-8080-exec-4] [32mDEBUG[0;39m org.hibernate.SQL                    [aea75483c6854491830aff2a026ab752 | GET | /api/messages] - 
    select
        a1_0.message_id,
        a1_1.id,
        a1_1.content_type,
        a1_1.created_at,
        a1_1.file_name,
        a1_1.size,
        a1_1.status,
        a1_1.updated_at 
    from
        message_attachments a1_0 
    join
        binary_contents a1_1 
            on a1_1.id=a1_0.attachment_id 
    where
        a1_0.message_id = any (?)
26-06-04 11:23:49.309 [http-nio-8080-exec-4] [32mTRACE[0;39m org.hibernate.orm.jdbc.bind          [aea75483c6854491830aff2a026ab752 | GET | /api/messages] - binding parameter (1:ARRAY) <- [[6ba14f94-aacf-432b-855c-9d7e8093064b, 44ebe3f9-e516-4900-8256-dc1ae5a34b16, 0cbce506-afa3-4e7e-9d6e-a215a14a4fd4, 619f5b1b-c59d-4558-9b6d-31ae708c4073, 693bd7ab-63ad-4077-a61b-8c9085faadc1, c085798f-b9b8-4338-9dad-aded811c30b9, 50d3dc11-ab6a-4d48-bdd8-94b994cda3b2, e5c6311c-852d-4045-979c-b2f4e4a71f64]]
26-06-04 11:23:49.313 [http-nio-8080-exec-4] [32mDEBUG[0;39m c.s.m.d.controller.MessageController [aea75483c6854491830aff2a026ab752 | GET | /api/messages] - 채널별 메시지 목록 조회 응답: totalElements=null
26-06-04 11:23:49.315 [http-nio-8080-exec-4] [32mTRACE[0;39m o.s.s.w.h.writers.HstsHeaderWriter   [aea75483c6854491830aff2a026ab752 | GET | /api/messages] - Not injecting HSTS header since it did not match request to [Is Secure]
26-06-04 11:23:49.316 [http-nio-8080-exec-4] [32mDEBUG[0;39m c.s.m.d.config.MDCLoggingInterceptor [aea75483c6854491830aff2a026ab752 | GET | /api/messages] - Request completed
26-06-04 11:23:50.822 [http-nio-8080-exec-8] [32mTRACE[0;39m o.s.security.web.FilterChainProxy    [ |  | ] - Trying to match request against DefaultSecurityFilterChain defined as 'filterChain' in [class path resource [com/sprint/mission/discodeit/config/SecurityConfig.class]] matching [any request] and having filters [DisableEncodeUrl, WebAsyncManagerIntegration, SecurityContextHolder, HeaderWriter, Csrf, Logout, JwtAuthentication, UsernamePasswordAuthentication, RequestCacheAware, SecurityContextHolderAwareRequest, RememberMeAuthentication, AnonymousAuthentication, SessionManagement, ExceptionTranslation, Authorization] (1/1)
26-06-04 11:23:50.822 [http-nio-8080-exec-8] [32mDEBUG[0;39m o.s.security.web.FilterChainProxy    [ |  | ] - Securing GET /api/channels?userId=d2221d17-7460-4f2d-98b9-0192e1c0a821
26-06-04 11:23:50.822 [http-nio-8080-exec-8] [32mTRACE[0;39m o.s.security.web.FilterChainProxy    [ |  | ] - Invoking DisableEncodeUrlFilter (1/15)
26-06-04 11:23:50.822 [http-nio-8080-exec-8] [32mTRACE[0;39m o.s.security.web.FilterChainProxy    [ |  | ] - Invoking WebAsyncManagerIntegrationFilter (2/15)
26-06-04 11:23:50.822 [http-nio-8080-exec-8] [32mTRACE[0;39m o.s.security.web.FilterChainProxy    [ |  | ] - Invoking SecurityContextHolderFilter (3/15)
26-06-04 11:23:50.822 [http-nio-8080-exec-8] [32mTRACE[0;39m o.s.security.web.FilterChainProxy    [ |  | ] - Invoking HeaderWriterFilter (4/15)
26-06-04 11:23:50.822 [http-nio-8080-exec-8] [32mTRACE[0;39m o.s.security.web.FilterChainProxy    [ |  | ] - Invoking CsrfFilter (5/15)
26-06-04 11:23:50.822 [http-nio-8080-exec-8] [32mTRACE[0;39m o.s.security.web.csrf.CsrfFilter     [ |  | ] - Did not protect against CSRF since request did not match CsrfNotRequired [TRACE, HEAD, GET, OPTIONS]
26-06-04 11:23:50.822 [http-nio-8080-exec-8] [32mTRACE[0;39m o.s.security.web.FilterChainProxy    [ |  | ] - Invoking LogoutFilter (6/15)
26-06-04 11:23:50.823 [http-nio-8080-exec-8] [32mTRACE[0;39m o.s.s.w.a.logout.LogoutFilter        [ |  | ] - Did not match request to Ant [pattern='/api/auth/logout', POST]
26-06-04 11:23:50.823 [http-nio-8080-exec-8] [32mTRACE[0;39m o.s.security.web.FilterChainProxy    [ |  | ] - Invoking JwtAuthenticationFilter (7/15)
26-06-04 11:23:50.823 [http-nio-8080-exec-8] [32mTRACE[0;39m o.s.s.w.c.SupplierDeferredSecurityContext [ |  | ] - Created SecurityContextImpl [Null authentication]
26-06-04 11:23:50.823 [http-nio-8080-exec-8] [32mDEBUG[0;39m c.s.m.d.s.f.JwtAuthenticationFilter  [ |  | ] - Security Context에 'user1' 인증 정보를 저장했습니다.
26-06-04 11:23:50.823 [http-nio-8080-exec-8] [32mTRACE[0;39m o.s.security.web.FilterChainProxy    [ |  | ] - Invoking UsernamePasswordAuthenticationFilter (8/15)
26-06-04 11:23:50.823 [http-nio-8080-exec-8] [32mTRACE[0;39m o.s.s.w.a.UsernamePasswordAuthenticationFilter [ |  | ] - Did not match request to Ant [pattern='/api/auth/login', POST]
26-06-04 11:23:50.823 [http-nio-8080-exec-8] [32mTRACE[0;39m o.s.security.web.FilterChainProxy    [ |  | ] - Invoking RequestCacheAwareFilter (9/15)
26-06-04 11:23:50.823 [http-nio-8080-exec-8] [32mTRACE[0;39m o.s.security.web.FilterChainProxy    [ |  | ] - Invoking SecurityContextHolderAwareRequestFilter (10/15)
26-06-04 11:23:50.824 [http-nio-8080-exec-8] [32mTRACE[0;39m o.s.security.web.FilterChainProxy    [ |  | ] - Invoking RememberMeAuthenticationFilter (11/15)
26-06-04 11:23:50.824 [http-nio-8080-exec-8] [32mDEBUG[0;39m o.s.s.w.a.r.RememberMeAuthenticationFilter [ |  | ] - SecurityContextHolder not populated with remember-me token, as it already contained: 'UsernamePasswordAuthenticationToken [Principal=org.springframework.security.core.userdetails.User [Username=user1, Password=[PROTECTED], Enabled=true, AccountNonExpired=true, CredentialsNonExpired=true, AccountNonLocked=true, Granted Authorities=[ROLE_USER]], Credentials=[PROTECTED], Authenticated=true, Details=null, Granted Authorities=[ROLE_USER]]'
26-06-04 11:23:50.824 [http-nio-8080-exec-8] [32mTRACE[0;39m o.s.security.web.FilterChainProxy    [ |  | ] - Invoking AnonymousAuthenticationFilter (12/15)
26-06-04 11:23:50.824 [http-nio-8080-exec-8] [32mTRACE[0;39m o.s.security.web.FilterChainProxy    [ |  | ] - Invoking SessionManagementFilter (13/15)
26-06-04 11:23:50.824 [http-nio-8080-exec-8] [32mTRACE[0;39m o.s.s.w.a.AnonymousAuthenticationFilter [ |  | ] - Did not set SecurityContextHolder since already authenticated UsernamePasswordAuthenticationToken [Principal=org.springframework.security.core.userdetails.User [Username=user1, Password=[PROTECTED], Enabled=true, AccountNonExpired=true, CredentialsNonExpired=true, AccountNonLocked=true, Granted Authorities=[ROLE_USER]], Credentials=[PROTECTED], Authenticated=true, Details=null, Granted Authorities=[ROLE_USER]]
26-06-04 11:23:50.824 [http-nio-8080-exec-8] [32mTRACE[0;39m o.s.s.w.a.s.CompositeSessionAuthenticationStrategy [ |  | ] - Preparing session with ChangeSessionIdAuthenticationStrategy (1/2)
26-06-04 11:23:50.824 [http-nio-8080-exec-8] [32mTRACE[0;39m o.s.s.w.a.s.CompositeSessionAuthenticationStrategy [ |  | ] - Preparing session with CsrfAuthenticationStrategy (2/2)
26-06-04 11:23:50.824 [http-nio-8080-exec-8] [32mDEBUG[0;39m o.s.s.w.c.CsrfAuthenticationStrategy [ |  | ] - Replaced CSRF Token
26-06-04 11:23:50.824 [http-nio-8080-exec-8] [32mTRACE[0;39m o.s.security.web.FilterChainProxy    [ |  | ] - Invoking ExceptionTranslationFilter (14/15)
26-06-04 11:23:50.825 [http-nio-8080-exec-8] [32mTRACE[0;39m o.s.security.web.FilterChainProxy    [ |  | ] - Invoking AuthorizationFilter (15/15)
26-06-04 11:23:50.825 [http-nio-8080-exec-8] [32mTRACE[0;39m o.s.s.w.a.i.RequestMatcherDelegatingAuthorizationManager [ |  | ] - Authorizing GET /api/channels?userId=d2221d17-7460-4f2d-98b9-0192e1c0a821
26-06-04 11:23:50.825 [http-nio-8080-exec-8] [32mTRACE[0;39m o.s.s.w.a.i.RequestMatcherDelegatingAuthorizationManager [ |  | ] - Checking authorization on GET /api/channels?userId=d2221d17-7460-4f2d-98b9-0192e1c0a821 using org.springframework.security.authorization.AuthenticatedAuthorizationManager@5d73ce5
26-06-04 11:23:50.827 [http-nio-8080-exec-8] [32mDEBUG[0;39m o.s.security.web.FilterChainProxy    [ |  | ] - Secured GET /api/channels?userId=d2221d17-7460-4f2d-98b9-0192e1c0a821
26-06-04 11:23:50.827 [http-nio-8080-exec-8] [32mDEBUG[0;39m c.s.m.d.config.MDCLoggingInterceptor [edbff5a3f0cb4abb931279874869acf1 | GET | /api/channels] - Request started
26-06-04 11:23:50.830 [http-nio-8080-exec-8] [32mINFO [0;39m c.s.m.d.controller.ChannelController [edbff5a3f0cb4abb931279874869acf1 | GET | /api/channels] - 사용자별 채널 목록 조회 요청: userId=d2221d17-7460-4f2d-98b9-0192e1c0a821
26-06-04 11:23:50.837 [http-nio-8080-exec-8] [32mDEBUG[0;39m org.hibernate.SQL                    [edbff5a3f0cb4abb931279874869acf1 | GET | /api/channels] - 
    select
        rs1_0.id,
        rs1_0.channel_id,
        rs1_0.created_at,
        rs1_0.last_read_at,
        rs1_0.notification_enabled,
        rs1_0.updated_at,
        rs1_0.user_id 
    from
        read_statuses rs1_0 
    where
        rs1_0.user_id=?
26-06-04 11:23:50.837 [http-nio-8080-exec-8] [32mTRACE[0;39m org.hibernate.orm.jdbc.bind          [edbff5a3f0cb4abb931279874869acf1 | GET | /api/channels] - binding parameter (1:UUID) <- [d2221d17-7460-4f2d-98b9-0192e1c0a821]
26-06-04 11:23:50.841 [http-nio-8080-exec-8] [32mDEBUG[0;39m org.hibernate.SQL                    [edbff5a3f0cb4abb931279874869acf1 | GET | /api/channels] - 
    select
        c1_0.id,
        c1_0.created_at,
        c1_0.description,
        c1_0.name,
        c1_0.type,
        c1_0.updated_at 
    from
        channels c1_0 
    where
        c1_0.type=? 
        or c1_0.id in (?)
26-06-04 11:23:50.841 [http-nio-8080-exec-8] [32mTRACE[0;39m org.hibernate.orm.jdbc.bind          [edbff5a3f0cb4abb931279874869acf1 | GET | /api/channels] - binding parameter (1:VARCHAR) <- [PUBLIC]
26-06-04 11:23:50.841 [http-nio-8080-exec-8] [32mTRACE[0;39m org.hibernate.orm.jdbc.bind          [edbff5a3f0cb4abb931279874869acf1 | GET | /api/channels] - binding parameter (2:UUID) <- [null]
26-06-04 11:23:50.844 [http-nio-8080-exec-8] [32mDEBUG[0;39m org.hibernate.SQL                    [edbff5a3f0cb4abb931279874869acf1 | GET | /api/channels] - 
    select
        m1_0.created_at 
    from
        messages m1_0 
    where
        m1_0.channel_id=? 
    order by
        m1_0.created_at desc 
    fetch
        first 1 rows only
26-06-04 11:23:50.844 [http-nio-8080-exec-8] [32mTRACE[0;39m org.hibernate.orm.jdbc.bind          [edbff5a3f0cb4abb931279874869acf1 | GET | /api/channels] - binding parameter (1:UUID) <- [ba45765e-0f83-4f0b-b02f-1ed2f2e44a3e]
26-06-04 11:23:50.846 [http-nio-8080-exec-8] [32mDEBUG[0;39m c.s.m.d.controller.ChannelController [edbff5a3f0cb4abb931279874869acf1 | GET | /api/channels] - 사용자별 채널 목록 조회 응답: count=1
26-06-04 11:23:50.848 [http-nio-8080-exec-8] [32mTRACE[0;39m o.s.s.w.h.writers.HstsHeaderWriter   [edbff5a3f0cb4abb931279874869acf1 | GET | /api/channels] - Not injecting HSTS header since it did not match request to [Is Secure]
26-06-04 11:23:50.849 [http-nio-8080-exec-8] [32mDEBUG[0;39m c.s.m.d.config.MDCLoggingInterceptor [edbff5a3f0cb4abb931279874869acf1 | GET | /api/channels] - Request completed
26-06-04 11:23:50.855 [http-nio-8080-exec-6] [32mTRACE[0;39m o.s.security.web.FilterChainProxy    [ |  | ] - Trying to match request against DefaultSecurityFilterChain defined as 'filterChain' in [class path resource [com/sprint/mission/discodeit/config/SecurityConfig.class]] matching [any request] and having filters [DisableEncodeUrl, WebAsyncManagerIntegration, SecurityContextHolder, HeaderWriter, Csrf, Logout, JwtAuthentication, UsernamePasswordAuthentication, RequestCacheAware, SecurityContextHolderAwareRequest, RememberMeAuthentication, AnonymousAuthentication, SessionManagement, ExceptionTranslation, Authorization] (1/1)
26-06-04 11:23:50.856 [http-nio-8080-exec-6] [32mDEBUG[0;39m o.s.security.web.FilterChainProxy    [ |  | ] - Securing GET /api/readStatuses?userId=d2221d17-7460-4f2d-98b9-0192e1c0a821
26-06-04 11:23:50.856 [http-nio-8080-exec-6] [32mTRACE[0;39m o.s.security.web.FilterChainProxy    [ |  | ] - Invoking DisableEncodeUrlFilter (1/15)
26-06-04 11:23:50.856 [http-nio-8080-exec-6] [32mTRACE[0;39m o.s.security.web.FilterChainProxy    [ |  | ] - Invoking WebAsyncManagerIntegrationFilter (2/15)
26-06-04 11:23:50.856 [http-nio-8080-exec-6] [32mTRACE[0;39m o.s.security.web.FilterChainProxy    [ |  | ] - Invoking SecurityContextHolderFilter (3/15)
26-06-04 11:23:50.857 [http-nio-8080-exec-6] [32mTRACE[0;39m o.s.security.web.FilterChainProxy    [ |  | ] - Invoking HeaderWriterFilter (4/15)
26-06-04 11:23:50.857 [http-nio-8080-exec-6] [32mTRACE[0;39m o.s.security.web.FilterChainProxy    [ |  | ] - Invoking CsrfFilter (5/15)
26-06-04 11:23:50.857 [http-nio-8080-exec-6] [32mTRACE[0;39m o.s.security.web.csrf.CsrfFilter     [ |  | ] - Did not protect against CSRF since request did not match CsrfNotRequired [TRACE, HEAD, GET, OPTIONS]
26-06-04 11:23:50.857 [http-nio-8080-exec-6] [32mTRACE[0;39m o.s.security.web.FilterChainProxy    [ |  | ] - Invoking LogoutFilter (6/15)
26-06-04 11:23:50.857 [http-nio-8080-exec-6] [32mTRACE[0;39m o.s.s.w.a.logout.LogoutFilter        [ |  | ] - Did not match request to Ant [pattern='/api/auth/logout', POST]
26-06-04 11:23:50.857 [http-nio-8080-exec-6] [32mTRACE[0;39m o.s.security.web.FilterChainProxy    [ |  | ] - Invoking JwtAuthenticationFilter (7/15)
26-06-04 11:23:50.860 [http-nio-8080-exec-6] [32mTRACE[0;39m o.s.s.w.c.SupplierDeferredSecurityContext [ |  | ] - Created SecurityContextImpl [Null authentication]
26-06-04 11:23:50.861 [http-nio-8080-exec-6] [32mDEBUG[0;39m c.s.m.d.s.f.JwtAuthenticationFilter  [ |  | ] - Security Context에 'user1' 인증 정보를 저장했습니다.
26-06-04 11:23:50.861 [http-nio-8080-exec-6] [32mTRACE[0;39m o.s.security.web.FilterChainProxy    [ |  | ] - Invoking UsernamePasswordAuthenticationFilter (8/15)
26-06-04 11:23:50.861 [http-nio-8080-exec-6] [32mTRACE[0;39m o.s.s.w.a.UsernamePasswordAuthenticationFilter [ |  | ] - Did not match request to Ant [pattern='/api/auth/login', POST]
26-06-04 11:23:50.861 [http-nio-8080-exec-6] [32mTRACE[0;39m o.s.security.web.FilterChainProxy    [ |  | ] - Invoking RequestCacheAwareFilter (9/15)
26-06-04 11:23:50.861 [http-nio-8080-exec-6] [32mTRACE[0;39m o.s.security.web.FilterChainProxy    [ |  | ] - Invoking SecurityContextHolderAwareRequestFilter (10/15)
26-06-04 11:23:50.861 [http-nio-8080-exec-6] [32mTRACE[0;39m o.s.security.web.FilterChainProxy    [ |  | ] - Invoking RememberMeAuthenticationFilter (11/15)
26-06-04 11:23:50.861 [http-nio-8080-exec-6] [32mDEBUG[0;39m o.s.s.w.a.r.RememberMeAuthenticationFilter [ |  | ] - SecurityContextHolder not populated with remember-me token, as it already contained: 'UsernamePasswordAuthenticationToken [Principal=org.springframework.security.core.userdetails.User [Username=user1, Password=[PROTECTED], Enabled=true, AccountNonExpired=true, CredentialsNonExpired=true, AccountNonLocked=true, Granted Authorities=[ROLE_USER]], Credentials=[PROTECTED], Authenticated=true, Details=null, Granted Authorities=[ROLE_USER]]'
26-06-04 11:23:50.861 [http-nio-8080-exec-6] [32mTRACE[0;39m o.s.security.web.FilterChainProxy    [ |  | ] - Invoking AnonymousAuthenticationFilter (12/15)
26-06-04 11:23:50.861 [http-nio-8080-exec-6] [32mTRACE[0;39m o.s.security.web.FilterChainProxy    [ |  | ] - Invoking SessionManagementFilter (13/15)
26-06-04 11:23:50.861 [http-nio-8080-exec-6] [32mTRACE[0;39m o.s.s.w.a.AnonymousAuthenticationFilter [ |  | ] - Did not set SecurityContextHolder since already authenticated UsernamePasswordAuthenticationToken [Principal=org.springframework.security.core.userdetails.User [Username=user1, Password=[PROTECTED], Enabled=true, AccountNonExpired=true, CredentialsNonExpired=true, AccountNonLocked=true, Granted Authorities=[ROLE_USER]], Credentials=[PROTECTED], Authenticated=true, Details=null, Granted Authorities=[ROLE_USER]]
26-06-04 11:23:50.861 [http-nio-8080-exec-6] [32mTRACE[0;39m o.s.s.w.a.s.CompositeSessionAuthenticationStrategy [ |  | ] - Preparing session with ChangeSessionIdAuthenticationStrategy (1/2)
26-06-04 11:23:50.861 [http-nio-8080-exec-6] [32mTRACE[0;39m o.s.s.w.a.s.CompositeSessionAuthenticationStrategy [ |  | ] - Preparing session with CsrfAuthenticationStrategy (2/2)
26-06-04 11:23:50.862 [http-nio-8080-exec-6] [32mDEBUG[0;39m o.s.s.w.c.CsrfAuthenticationStrategy [ |  | ] - Replaced CSRF Token
26-06-04 11:23:50.862 [http-nio-8080-exec-6] [32mTRACE[0;39m o.s.security.web.FilterChainProxy    [ |  | ] - Invoking ExceptionTranslationFilter (14/15)
26-06-04 11:23:50.862 [http-nio-8080-exec-6] [32mTRACE[0;39m o.s.security.web.FilterChainProxy    [ |  | ] - Invoking AuthorizationFilter (15/15)
26-06-04 11:23:50.862 [http-nio-8080-exec-6] [32mTRACE[0;39m o.s.s.w.a.i.RequestMatcherDelegatingAuthorizationManager [ |  | ] - Authorizing GET /api/readStatuses?userId=d2221d17-7460-4f2d-98b9-0192e1c0a821
26-06-04 11:23:50.862 [http-nio-8080-exec-6] [32mTRACE[0;39m o.s.s.w.a.i.RequestMatcherDelegatingAuthorizationManager [ |  | ] - Checking authorization on GET /api/readStatuses?userId=d2221d17-7460-4f2d-98b9-0192e1c0a821 using org.springframework.security.authorization.AuthenticatedAuthorizationManager@5d73ce5
26-06-04 11:23:50.863 [http-nio-8080-exec-6] [32mDEBUG[0;39m o.s.security.web.FilterChainProxy    [ |  | ] - Secured GET /api/readStatuses?userId=d2221d17-7460-4f2d-98b9-0192e1c0a821
26-06-04 11:23:50.863 [http-nio-8080-exec-6] [32mDEBUG[0;39m c.s.m.d.config.MDCLoggingInterceptor [d54c637aa5384035b30de5c6aa1f04f9 | GET | /api/readStatuses] - Request started
26-06-04 11:23:50.864 [http-nio-8080-exec-6] [32mINFO [0;39m c.s.m.d.c.ReadStatusController       [d54c637aa5384035b30de5c6aa1f04f9 | GET | /api/readStatuses] - 사용자별 읽음 상태 목록 조회 요청: userId=d2221d17-7460-4f2d-98b9-0192e1c0a821
26-06-04 11:23:50.865 [http-nio-8080-exec-6] [32mDEBUG[0;39m c.s.m.d.s.b.BasicReadStatusService   [d54c637aa5384035b30de5c6aa1f04f9 | GET | /api/readStatuses] - 사용자별 읽음 상태 목록 조회 시작: userId=d2221d17-7460-4f2d-98b9-0192e1c0a821
26-06-04 11:23:50.865 [http-nio-8080-exec-6] [32mDEBUG[0;39m org.hibernate.SQL                    [d54c637aa5384035b30de5c6aa1f04f9 | GET | /api/readStatuses] - 
    select
        rs1_0.id,
        rs1_0.channel_id,
        rs1_0.created_at,
        rs1_0.last_read_at,
        rs1_0.notification_enabled,
        rs1_0.updated_at,
        rs1_0.user_id 
    from
        read_statuses rs1_0 
    where
        rs1_0.user_id=?
26-06-04 11:23:50.866 [http-nio-8080-exec-6] [32mTRACE[0;39m org.hibernate.orm.jdbc.bind          [d54c637aa5384035b30de5c6aa1f04f9 | GET | /api/readStatuses] - binding parameter (1:UUID) <- [d2221d17-7460-4f2d-98b9-0192e1c0a821]
26-06-04 11:23:50.868 [http-nio-8080-exec-6] [32mINFO [0;39m c.s.m.d.s.b.BasicReadStatusService   [d54c637aa5384035b30de5c6aa1f04f9 | GET | /api/readStatuses] - 사용자별 읽음 상태 목록 조회 완료: userId=d2221d17-7460-4f2d-98b9-0192e1c0a821, 조회된 항목 수=0
26-06-04 11:23:50.868 [http-nio-8080-exec-6] [32mDEBUG[0;39m c.s.m.d.c.ReadStatusController       [d54c637aa5384035b30de5c6aa1f04f9 | GET | /api/readStatuses] - 사용자별 읽음 상태 목록 조회 응답: count=0
26-06-04 11:23:50.868 [http-nio-8080-exec-6] [32mTRACE[0;39m o.s.s.w.h.writers.HstsHeaderWriter   [d54c637aa5384035b30de5c6aa1f04f9 | GET | /api/readStatuses] - Not injecting HSTS header since it did not match request to [Is Secure]
26-06-04 11:23:50.868 [http-nio-8080-exec-6] [32mDEBUG[0;39m c.s.m.d.config.MDCLoggingInterceptor [d54c637aa5384035b30de5c6aa1f04f9 | GET | /api/readStatuses] - Request completed
26-06-04 11:23:52.336 [http-nio-8080-exec-10] [32mTRACE[0;39m o.s.security.web.FilterChainProxy    [ |  | ] - Trying to match request against DefaultSecurityFilterChain defined as 'filterChain' in [class path resource [com/sprint/mission/discodeit/config/SecurityConfig.class]] matching [any request] and having filters [DisableEncodeUrl, WebAsyncManagerIntegration, SecurityContextHolder, HeaderWriter, Csrf, Logout, JwtAuthentication, UsernamePasswordAuthentication, RequestCacheAware, SecurityContextHolderAwareRequest, RememberMeAuthentication, AnonymousAuthentication, SessionManagement, ExceptionTranslation, Authorization] (1/1)
26-06-04 11:23:52.338 [http-nio-8080-exec-10] [32mDEBUG[0;39m o.s.security.web.FilterChainProxy    [ |  | ] - Securing GET /api/messages?channelId=ba45765e-0f83-4f0b-b02f-1ed2f2e44a3e&size=50&sort=createdAt,desc
26-06-04 11:23:52.338 [http-nio-8080-exec-10] [32mTRACE[0;39m o.s.security.web.FilterChainProxy    [ |  | ] - Invoking DisableEncodeUrlFilter (1/15)
26-06-04 11:23:52.338 [http-nio-8080-exec-10] [32mTRACE[0;39m o.s.security.web.FilterChainProxy    [ |  | ] - Invoking WebAsyncManagerIntegrationFilter (2/15)
26-06-04 11:23:52.339 [http-nio-8080-exec-10] [32mTRACE[0;39m o.s.security.web.FilterChainProxy    [ |  | ] - Invoking SecurityContextHolderFilter (3/15)
26-06-04 11:23:52.340 [http-nio-8080-exec-10] [32mTRACE[0;39m o.s.security.web.FilterChainProxy    [ |  | ] - Invoking HeaderWriterFilter (4/15)
26-06-04 11:23:52.341 [http-nio-8080-exec-10] [32mTRACE[0;39m o.s.security.web.FilterChainProxy    [ |  | ] - Invoking CsrfFilter (5/15)
26-06-04 11:23:52.342 [http-nio-8080-exec-10] [32mTRACE[0;39m o.s.security.web.csrf.CsrfFilter     [ |  | ] - Did not protect against CSRF since request did not match CsrfNotRequired [TRACE, HEAD, GET, OPTIONS]
26-06-04 11:23:52.343 [http-nio-8080-exec-10] [32mTRACE[0;39m o.s.security.web.FilterChainProxy    [ |  | ] - Invoking LogoutFilter (6/15)
26-06-04 11:23:52.343 [http-nio-8080-exec-10] [32mTRACE[0;39m o.s.s.w.a.logout.LogoutFilter        [ |  | ] - Did not match request to Ant [pattern='/api/auth/logout', POST]
26-06-04 11:23:52.343 [http-nio-8080-exec-10] [32mTRACE[0;39m o.s.security.web.FilterChainProxy    [ |  | ] - Invoking JwtAuthenticationFilter (7/15)
26-06-04 11:23:52.346 [http-nio-8080-exec-10] [32mTRACE[0;39m o.s.s.w.c.SupplierDeferredSecurityContext [ |  | ] - Created SecurityContextImpl [Null authentication]
26-06-04 11:23:52.346 [http-nio-8080-exec-10] [32mDEBUG[0;39m c.s.m.d.s.f.JwtAuthenticationFilter  [ |  | ] - Security Context에 'user1' 인증 정보를 저장했습니다.
26-06-04 11:23:52.346 [http-nio-8080-exec-10] [32mTRACE[0;39m o.s.security.web.FilterChainProxy    [ |  | ] - Invoking UsernamePasswordAuthenticationFilter (8/15)
26-06-04 11:23:52.346 [http-nio-8080-exec-10] [32mTRACE[0;39m o.s.s.w.a.UsernamePasswordAuthenticationFilter [ |  | ] - Did not match request to Ant [pattern='/api/auth/login', POST]
26-06-04 11:23:52.346 [http-nio-8080-exec-10] [32mTRACE[0;39m o.s.security.web.FilterChainProxy    [ |  | ] - Invoking RequestCacheAwareFilter (9/15)
26-06-04 11:23:52.346 [http-nio-8080-exec-10] [32mTRACE[0;39m o.s.security.web.FilterChainProxy    [ |  | ] - Invoking SecurityContextHolderAwareRequestFilter (10/15)
26-06-04 11:23:52.346 [http-nio-8080-exec-10] [32mTRACE[0;39m o.s.security.web.FilterChainProxy    [ |  | ] - Invoking RememberMeAuthenticationFilter (11/15)
26-06-04 11:23:52.346 [http-nio-8080-exec-10] [32mDEBUG[0;39m o.s.s.w.a.r.RememberMeAuthenticationFilter [ |  | ] - SecurityContextHolder not populated with remember-me token, as it already contained: 'UsernamePasswordAuthenticationToken [Principal=org.springframework.security.core.userdetails.User [Username=user1, Password=[PROTECTED], Enabled=true, AccountNonExpired=true, CredentialsNonExpired=true, AccountNonLocked=true, Granted Authorities=[ROLE_USER]], Credentials=[PROTECTED], Authenticated=true, Details=null, Granted Authorities=[ROLE_USER]]'
26-06-04 11:23:52.346 [http-nio-8080-exec-10] [32mTRACE[0;39m o.s.security.web.FilterChainProxy    [ |  | ] - Invoking AnonymousAuthenticationFilter (12/15)
26-06-04 11:23:52.347 [http-nio-8080-exec-10] [32mTRACE[0;39m o.s.security.web.FilterChainProxy    [ |  | ] - Invoking SessionManagementFilter (13/15)
26-06-04 11:23:52.347 [http-nio-8080-exec-10] [32mTRACE[0;39m o.s.s.w.a.AnonymousAuthenticationFilter [ |  | ] - Did not set SecurityContextHolder since already authenticated UsernamePasswordAuthenticationToken [Principal=org.springframework.security.core.userdetails.User [Username=user1, Password=[PROTECTED], Enabled=true, AccountNonExpired=true, CredentialsNonExpired=true, AccountNonLocked=true, Granted Authorities=[ROLE_USER]], Credentials=[PROTECTED], Authenticated=true, Details=null, Granted Authorities=[ROLE_USER]]
26-06-04 11:23:52.347 [http-nio-8080-exec-10] [32mTRACE[0;39m o.s.s.w.a.s.CompositeSessionAuthenticationStrategy [ |  | ] - Preparing session with ChangeSessionIdAuthenticationStrategy (1/2)
26-06-04 11:23:52.347 [http-nio-8080-exec-10] [32mTRACE[0;39m o.s.s.w.a.s.CompositeSessionAuthenticationStrategy [ |  | ] - Preparing session with CsrfAuthenticationStrategy (2/2)
26-06-04 11:23:52.347 [http-nio-8080-exec-10] [32mDEBUG[0;39m o.s.s.w.c.CsrfAuthenticationStrategy [ |  | ] - Replaced CSRF Token
26-06-04 11:23:52.347 [http-nio-8080-exec-10] [32mTRACE[0;39m o.s.security.web.FilterChainProxy    [ |  | ] - Invoking ExceptionTranslationFilter (14/15)
26-06-04 11:23:52.347 [http-nio-8080-exec-10] [32mTRACE[0;39m o.s.security.web.FilterChainProxy    [ |  | ] - Invoking AuthorizationFilter (15/15)
26-06-04 11:23:52.347 [http-nio-8080-exec-10] [32mTRACE[0;39m o.s.s.w.a.i.RequestMatcherDelegatingAuthorizationManager [ |  | ] - Authorizing GET /api/messages?channelId=ba45765e-0f83-4f0b-b02f-1ed2f2e44a3e&size=50&sort=createdAt,desc
26-06-04 11:23:52.348 [http-nio-8080-exec-10] [32mTRACE[0;39m o.s.s.w.a.i.RequestMatcherDelegatingAuthorizationManager [ |  | ] - Checking authorization on GET /api/messages?channelId=ba45765e-0f83-4f0b-b02f-1ed2f2e44a3e&size=50&sort=createdAt,desc using org.springframework.security.authorization.AuthenticatedAuthorizationManager@5d73ce5
26-06-04 11:23:52.348 [http-nio-8080-exec-10] [32mDEBUG[0;39m o.s.security.web.FilterChainProxy    [ |  | ] - Secured GET /api/messages?channelId=ba45765e-0f83-4f0b-b02f-1ed2f2e44a3e&size=50&sort=createdAt,desc
26-06-04 11:23:52.348 [http-nio-8080-exec-10] [32mDEBUG[0;39m c.s.m.d.config.MDCLoggingInterceptor [09e1853ed06e438dbf01af286cf4ca1e | GET | /api/messages] - Request started
26-06-04 11:23:52.357 [http-nio-8080-exec-10] [32mINFO [0;39m c.s.m.d.controller.MessageController [09e1853ed06e438dbf01af286cf4ca1e | GET | /api/messages] - 채널별 메시지 목록 조회 요청: channelId=ba45765e-0f83-4f0b-b02f-1ed2f2e44a3e, cursor=null, pageable=Page request [number: 0, size 50, sort: createdAt: DESC]
26-06-04 11:23:52.362 [http-nio-8080-exec-10] [32mDEBUG[0;39m org.hibernate.SQL                    [09e1853ed06e438dbf01af286cf4ca1e | GET | /api/messages] - 
    select
        m1_0.id,
        a1_0.id,
        a1_0.created_at,
        a1_0.email,
        a1_0.password,
        p1_0.id,
        p1_0.content_type,
        p1_0.created_at,
        p1_0.file_name,
        p1_0.size,
        p1_0.status,
        p1_0.updated_at,
        a1_0.role,
        a1_0.updated_at,
        a1_0.username,
        m1_0.channel_id,
        m1_0.content,
        m1_0.created_at,
        m1_0.updated_at 
    from
        messages m1_0 
    left join
        users a1_0 
            on a1_0.id=m1_0.author_id 
    left join
        binary_contents p1_0 
            on p1_0.id=a1_0.profile_id 
    where
        m1_0.channel_id=? 
        and m1_0.created_at<? 
    order by
        m1_0.created_at desc 
    fetch
        first ? rows only
26-06-04 11:23:52.363 [http-nio-8080-exec-10] [32mTRACE[0;39m org.hibernate.orm.jdbc.bind          [09e1853ed06e438dbf01af286cf4ca1e | GET | /api/messages] - binding parameter (1:UUID) <- [ba45765e-0f83-4f0b-b02f-1ed2f2e44a3e]
26-06-04 11:23:52.363 [http-nio-8080-exec-10] [32mTRACE[0;39m org.hibernate.orm.jdbc.bind          [09e1853ed06e438dbf01af286cf4ca1e | GET | /api/messages] - binding parameter (2:TIMESTAMP_UTC) <- [2026-06-04T02:23:52.361133Z]
26-06-04 11:23:52.363 [http-nio-8080-exec-10] [32mTRACE[0;39m org.hibernate.orm.jdbc.bind          [09e1853ed06e438dbf01af286cf4ca1e | GET | /api/messages] - binding parameter (3:INTEGER) <- [51]
26-06-04 11:23:52.381 [http-nio-8080-exec-10] [32mDEBUG[0;39m org.hibernate.SQL                    [09e1853ed06e438dbf01af286cf4ca1e | GET | /api/messages] - 
    select
        a1_0.message_id,
        a1_1.id,
        a1_1.content_type,
        a1_1.created_at,
        a1_1.file_name,
        a1_1.size,
        a1_1.status,
        a1_1.updated_at 
    from
        message_attachments a1_0 
    join
        binary_contents a1_1 
            on a1_1.id=a1_0.attachment_id 
    where
        a1_0.message_id = any (?)
26-06-04 11:23:52.381 [http-nio-8080-exec-10] [32mTRACE[0;39m org.hibernate.orm.jdbc.bind          [09e1853ed06e438dbf01af286cf4ca1e | GET | /api/messages] - binding parameter (1:ARRAY) <- [[6ba14f94-aacf-432b-855c-9d7e8093064b, 44ebe3f9-e516-4900-8256-dc1ae5a34b16, 0cbce506-afa3-4e7e-9d6e-a215a14a4fd4, 619f5b1b-c59d-4558-9b6d-31ae708c4073, 693bd7ab-63ad-4077-a61b-8c9085faadc1, c085798f-b9b8-4338-9dad-aded811c30b9, 50d3dc11-ab6a-4d48-bdd8-94b994cda3b2, e5c6311c-852d-4045-979c-b2f4e4a71f64]]
26-06-04 11:23:52.385 [http-nio-8080-exec-10] [32mDEBUG[0;39m c.s.m.d.controller.MessageController [09e1853ed06e438dbf01af286cf4ca1e | GET | /api/messages] - 채널별 메시지 목록 조회 응답: totalElements=null
26-06-04 11:23:52.387 [http-nio-8080-exec-10] [32mTRACE[0;39m o.s.s.w.h.writers.HstsHeaderWriter   [09e1853ed06e438dbf01af286cf4ca1e | GET | /api/messages] - Not injecting HSTS header since it did not match request to [Is Secure]
26-06-04 11:23:52.387 [http-nio-8080-exec-10] [32mDEBUG[0;39m c.s.m.d.config.MDCLoggingInterceptor [09e1853ed06e438dbf01af286cf4ca1e | GET | /api/messages] - Request completed
26-06-04 11:23:53.829 [http-nio-8080-exec-2] [32mTRACE[0;39m o.s.security.web.FilterChainProxy    [ |  | ] - Trying to match request against DefaultSecurityFilterChain defined as 'filterChain' in [class path resource [com/sprint/mission/discodeit/config/SecurityConfig.class]] matching [any request] and having filters [DisableEncodeUrl, WebAsyncManagerIntegration, SecurityContextHolder, HeaderWriter, Csrf, Logout, JwtAuthentication, UsernamePasswordAuthentication, RequestCacheAware, SecurityContextHolderAwareRequest, RememberMeAuthentication, AnonymousAuthentication, SessionManagement, ExceptionTranslation, Authorization] (1/1)
26-06-04 11:23:53.834 [http-nio-8080-exec-2] [32mDEBUG[0;39m o.s.security.web.FilterChainProxy    [ |  | ] - Securing GET /api/channels?userId=d2221d17-7460-4f2d-98b9-0192e1c0a821
26-06-04 11:23:53.834 [http-nio-8080-exec-2] [32mTRACE[0;39m o.s.security.web.FilterChainProxy    [ |  | ] - Invoking DisableEncodeUrlFilter (1/15)
26-06-04 11:23:53.834 [http-nio-8080-exec-2] [32mTRACE[0;39m o.s.security.web.FilterChainProxy    [ |  | ] - Invoking WebAsyncManagerIntegrationFilter (2/15)
26-06-04 11:23:53.835 [http-nio-8080-exec-2] [32mTRACE[0;39m o.s.security.web.FilterChainProxy    [ |  | ] - Invoking SecurityContextHolderFilter (3/15)
26-06-04 11:23:53.835 [http-nio-8080-exec-2] [32mTRACE[0;39m o.s.security.web.FilterChainProxy    [ |  | ] - Invoking HeaderWriterFilter (4/15)
26-06-04 11:23:53.836 [http-nio-8080-exec-2] [32mTRACE[0;39m o.s.security.web.FilterChainProxy    [ |  | ] - Invoking CsrfFilter (5/15)
26-06-04 11:23:53.836 [http-nio-8080-exec-2] [32mTRACE[0;39m o.s.security.web.csrf.CsrfFilter     [ |  | ] - Did not protect against CSRF since request did not match CsrfNotRequired [TRACE, HEAD, GET, OPTIONS]
26-06-04 11:23:53.836 [http-nio-8080-exec-2] [32mTRACE[0;39m o.s.security.web.FilterChainProxy    [ |  | ] - Invoking LogoutFilter (6/15)
26-06-04 11:23:53.837 [http-nio-8080-exec-2] [32mTRACE[0;39m o.s.s.w.a.logout.LogoutFilter        [ |  | ] - Did not match request to Ant [pattern='/api/auth/logout', POST]
26-06-04 11:23:53.837 [http-nio-8080-exec-2] [32mTRACE[0;39m o.s.security.web.FilterChainProxy    [ |  | ] - Invoking JwtAuthenticationFilter (7/15)
26-06-04 11:23:53.839 [http-nio-8080-exec-2] [32mTRACE[0;39m o.s.s.w.c.SupplierDeferredSecurityContext [ |  | ] - Created SecurityContextImpl [Null authentication]
26-06-04 11:23:53.839 [http-nio-8080-exec-2] [32mDEBUG[0;39m c.s.m.d.s.f.JwtAuthenticationFilter  [ |  | ] - Security Context에 'user1' 인증 정보를 저장했습니다.
26-06-04 11:23:53.839 [http-nio-8080-exec-2] [32mTRACE[0;39m o.s.security.web.FilterChainProxy    [ |  | ] - Invoking UsernamePasswordAuthenticationFilter (8/15)
26-06-04 11:23:53.839 [http-nio-8080-exec-2] [32mTRACE[0;39m o.s.s.w.a.UsernamePasswordAuthenticationFilter [ |  | ] - Did not match request to Ant [pattern='/api/auth/login', POST]
26-06-04 11:23:53.839 [http-nio-8080-exec-2] [32mTRACE[0;39m o.s.security.web.FilterChainProxy    [ |  | ] - Invoking RequestCacheAwareFilter (9/15)
26-06-04 11:23:53.839 [http-nio-8080-exec-2] [32mTRACE[0;39m o.s.security.web.FilterChainProxy    [ |  | ] - Invoking SecurityContextHolderAwareRequestFilter (10/15)
26-06-04 11:23:53.839 [http-nio-8080-exec-2] [32mTRACE[0;39m o.s.security.web.FilterChainProxy    [ |  | ] - Invoking RememberMeAuthenticationFilter (11/15)
26-06-04 11:23:53.839 [http-nio-8080-exec-2] [32mDEBUG[0;39m o.s.s.w.a.r.RememberMeAuthenticationFilter [ |  | ] - SecurityContextHolder not populated with remember-me token, as it already contained: 'UsernamePasswordAuthenticationToken [Principal=org.springframework.security.core.userdetails.User [Username=user1, Password=[PROTECTED], Enabled=true, AccountNonExpired=true, CredentialsNonExpired=true, AccountNonLocked=true, Granted Authorities=[ROLE_USER]], Credentials=[PROTECTED], Authenticated=true, Details=null, Granted Authorities=[ROLE_USER]]'
26-06-04 11:23:53.839 [http-nio-8080-exec-2] [32mTRACE[0;39m o.s.security.web.FilterChainProxy    [ |  | ] - Invoking AnonymousAuthenticationFilter (12/15)
26-06-04 11:23:53.840 [http-nio-8080-exec-2] [32mTRACE[0;39m o.s.security.web.FilterChainProxy    [ |  | ] - Invoking SessionManagementFilter (13/15)
26-06-04 11:23:53.840 [http-nio-8080-exec-2] [32mTRACE[0;39m o.s.s.w.a.AnonymousAuthenticationFilter [ |  | ] - Did not set SecurityContextHolder since already authenticated UsernamePasswordAuthenticationToken [Principal=org.springframework.security.core.userdetails.User [Username=user1, Password=[PROTECTED], Enabled=true, AccountNonExpired=true, CredentialsNonExpired=true, AccountNonLocked=true, Granted Authorities=[ROLE_USER]], Credentials=[PROTECTED], Authenticated=true, Details=null, Granted Authorities=[ROLE_USER]]
26-06-04 11:23:53.840 [http-nio-8080-exec-2] [32mTRACE[0;39m o.s.s.w.a.s.CompositeSessionAuthenticationStrategy [ |  | ] - Preparing session with ChangeSessionIdAuthenticationStrategy (1/2)
26-06-04 11:23:53.840 [http-nio-8080-exec-2] [32mTRACE[0;39m o.s.s.w.a.s.CompositeSessionAuthenticationStrategy [ |  | ] - Preparing session with CsrfAuthenticationStrategy (2/2)
26-06-04 11:23:53.840 [http-nio-8080-exec-2] [32mDEBUG[0;39m o.s.s.w.c.CsrfAuthenticationStrategy [ |  | ] - Replaced CSRF Token
26-06-04 11:23:53.840 [http-nio-8080-exec-2] [32mTRACE[0;39m o.s.security.web.FilterChainProxy    [ |  | ] - Invoking ExceptionTranslationFilter (14/15)
26-06-04 11:23:53.840 [http-nio-8080-exec-2] [32mTRACE[0;39m o.s.security.web.FilterChainProxy    [ |  | ] - Invoking AuthorizationFilter (15/15)
26-06-04 11:23:53.841 [http-nio-8080-exec-2] [32mTRACE[0;39m o.s.s.w.a.i.RequestMatcherDelegatingAuthorizationManager [ |  | ] - Authorizing GET /api/channels?userId=d2221d17-7460-4f2d-98b9-0192e1c0a821
26-06-04 11:23:53.841 [http-nio-8080-exec-2] [32mTRACE[0;39m o.s.s.w.a.i.RequestMatcherDelegatingAuthorizationManager [ |  | ] - Checking authorization on GET /api/channels?userId=d2221d17-7460-4f2d-98b9-0192e1c0a821 using org.springframework.security.authorization.AuthenticatedAuthorizationManager@5d73ce5
26-06-04 11:23:53.842 [http-nio-8080-exec-2] [32mDEBUG[0;39m o.s.security.web.FilterChainProxy    [ |  | ] - Secured GET /api/channels?userId=d2221d17-7460-4f2d-98b9-0192e1c0a821
26-06-04 11:23:53.843 [http-nio-8080-exec-2] [32mDEBUG[0;39m c.s.m.d.config.MDCLoggingInterceptor [b1c2a382afa04dbeb41867a1481b0a59 | GET | /api/channels] - Request started
26-06-04 11:23:53.844 [http-nio-8080-exec-2] [32mINFO [0;39m c.s.m.d.controller.ChannelController [b1c2a382afa04dbeb41867a1481b0a59 | GET | /api/channels] - 사용자별 채널 목록 조회 요청: userId=d2221d17-7460-4f2d-98b9-0192e1c0a821
26-06-04 11:23:53.855 [http-nio-8080-exec-2] [32mDEBUG[0;39m org.hibernate.SQL                    [b1c2a382afa04dbeb41867a1481b0a59 | GET | /api/channels] - 
    select
        rs1_0.id,
        rs1_0.channel_id,
        rs1_0.created_at,
        rs1_0.last_read_at,
        rs1_0.notification_enabled,
        rs1_0.updated_at,
        rs1_0.user_id 
    from
        read_statuses rs1_0 
    where
        rs1_0.user_id=?
26-06-04 11:23:53.856 [http-nio-8080-exec-2] [32mTRACE[0;39m org.hibernate.orm.jdbc.bind          [b1c2a382afa04dbeb41867a1481b0a59 | GET | /api/channels] - binding parameter (1:UUID) <- [d2221d17-7460-4f2d-98b9-0192e1c0a821]
26-06-04 11:23:53.860 [http-nio-8080-exec-2] [32mDEBUG[0;39m org.hibernate.SQL                    [b1c2a382afa04dbeb41867a1481b0a59 | GET | /api/channels] - 
    select
        c1_0.id,
        c1_0.created_at,
        c1_0.description,
        c1_0.name,
        c1_0.type,
        c1_0.updated_at 
    from
        channels c1_0 
    where
        c1_0.type=? 
        or c1_0.id in (?)
26-06-04 11:23:53.861 [http-nio-8080-exec-2] [32mTRACE[0;39m org.hibernate.orm.jdbc.bind          [b1c2a382afa04dbeb41867a1481b0a59 | GET | /api/channels] - binding parameter (1:VARCHAR) <- [PUBLIC]
26-06-04 11:23:53.861 [http-nio-8080-exec-2] [32mTRACE[0;39m org.hibernate.orm.jdbc.bind          [b1c2a382afa04dbeb41867a1481b0a59 | GET | /api/channels] - binding parameter (2:UUID) <- [null]
26-06-04 11:23:53.863 [http-nio-8080-exec-2] [32mDEBUG[0;39m org.hibernate.SQL                    [b1c2a382afa04dbeb41867a1481b0a59 | GET | /api/channels] - 
    select
        m1_0.created_at 
    from
        messages m1_0 
    where
        m1_0.channel_id=? 
    order by
        m1_0.created_at desc 
    fetch
        first 1 rows only
26-06-04 11:23:53.863 [http-nio-8080-exec-2] [32mTRACE[0;39m org.hibernate.orm.jdbc.bind          [b1c2a382afa04dbeb41867a1481b0a59 | GET | /api/channels] - binding parameter (1:UUID) <- [ba45765e-0f83-4f0b-b02f-1ed2f2e44a3e]
26-06-04 11:23:53.864 [http-nio-8080-exec-2] [32mDEBUG[0;39m c.s.m.d.controller.ChannelController [b1c2a382afa04dbeb41867a1481b0a59 | GET | /api/channels] - 사용자별 채널 목록 조회 응답: count=1
26-06-04 11:23:53.865 [http-nio-8080-exec-2] [32mTRACE[0;39m o.s.s.w.h.writers.HstsHeaderWriter   [b1c2a382afa04dbeb41867a1481b0a59 | GET | /api/channels] - Not injecting HSTS header since it did not match request to [Is Secure]
26-06-04 11:23:53.866 [http-nio-8080-exec-2] [32mDEBUG[0;39m c.s.m.d.config.MDCLoggingInterceptor [b1c2a382afa04dbeb41867a1481b0a59 | GET | /api/channels] - Request completed
26-06-04 11:23:53.874 [http-nio-8080-exec-5] [32mTRACE[0;39m o.s.security.web.FilterChainProxy    [ |  | ] - Trying to match request against DefaultSecurityFilterChain defined as 'filterChain' in [class path resource [com/sprint/mission/discodeit/config/SecurityConfig.class]] matching [any request] and having filters [DisableEncodeUrl, WebAsyncManagerIntegration, SecurityContextHolder, HeaderWriter, Csrf, Logout, JwtAuthentication, UsernamePasswordAuthentication, RequestCacheAware, SecurityContextHolderAwareRequest, RememberMeAuthentication, AnonymousAuthentication, SessionManagement, ExceptionTranslation, Authorization] (1/1)
26-06-04 11:23:53.874 [http-nio-8080-exec-5] [32mDEBUG[0;39m o.s.security.web.FilterChainProxy    [ |  | ] - Securing GET /api/readStatuses?userId=d2221d17-7460-4f2d-98b9-0192e1c0a821
26-06-04 11:23:53.874 [http-nio-8080-exec-5] [32mTRACE[0;39m o.s.security.web.FilterChainProxy    [ |  | ] - Invoking DisableEncodeUrlFilter (1/15)
26-06-04 11:23:53.874 [http-nio-8080-exec-5] [32mTRACE[0;39m o.s.security.web.FilterChainProxy    [ |  | ] - Invoking WebAsyncManagerIntegrationFilter (2/15)
26-06-04 11:23:53.874 [http-nio-8080-exec-5] [32mTRACE[0;39m o.s.security.web.FilterChainProxy    [ |  | ] - Invoking SecurityContextHolderFilter (3/15)
26-06-04 11:23:53.874 [http-nio-8080-exec-5] [32mTRACE[0;39m o.s.security.web.FilterChainProxy    [ |  | ] - Invoking HeaderWriterFilter (4/15)
26-06-04 11:23:53.874 [http-nio-8080-exec-5] [32mTRACE[0;39m o.s.security.web.FilterChainProxy    [ |  | ] - Invoking CsrfFilter (5/15)
26-06-04 11:23:53.874 [http-nio-8080-exec-5] [32mTRACE[0;39m o.s.security.web.csrf.CsrfFilter     [ |  | ] - Did not protect against CSRF since request did not match CsrfNotRequired [TRACE, HEAD, GET, OPTIONS]
26-06-04 11:23:53.874 [http-nio-8080-exec-5] [32mTRACE[0;39m o.s.security.web.FilterChainProxy    [ |  | ] - Invoking LogoutFilter (6/15)
26-06-04 11:23:53.874 [http-nio-8080-exec-5] [32mTRACE[0;39m o.s.s.w.a.logout.LogoutFilter        [ |  | ] - Did not match request to Ant [pattern='/api/auth/logout', POST]
26-06-04 11:23:53.874 [http-nio-8080-exec-5] [32mTRACE[0;39m o.s.security.web.FilterChainProxy    [ |  | ] - Invoking JwtAuthenticationFilter (7/15)
26-06-04 11:23:53.875 [http-nio-8080-exec-5] [32mTRACE[0;39m o.s.s.w.c.SupplierDeferredSecurityContext [ |  | ] - Created SecurityContextImpl [Null authentication]
26-06-04 11:23:53.875 [http-nio-8080-exec-5] [32mDEBUG[0;39m c.s.m.d.s.f.JwtAuthenticationFilter  [ |  | ] - Security Context에 'user1' 인증 정보를 저장했습니다.
26-06-04 11:23:53.875 [http-nio-8080-exec-5] [32mTRACE[0;39m o.s.security.web.FilterChainProxy    [ |  | ] - Invoking UsernamePasswordAuthenticationFilter (8/15)
26-06-04 11:23:53.875 [http-nio-8080-exec-5] [32mTRACE[0;39m o.s.s.w.a.UsernamePasswordAuthenticationFilter [ |  | ] - Did not match request to Ant [pattern='/api/auth/login', POST]
26-06-04 11:23:53.875 [http-nio-8080-exec-5] [32mTRACE[0;39m o.s.security.web.FilterChainProxy    [ |  | ] - Invoking RequestCacheAwareFilter (9/15)
26-06-04 11:23:53.875 [http-nio-8080-exec-5] [32mTRACE[0;39m o.s.security.web.FilterChainProxy    [ |  | ] - Invoking SecurityContextHolderAwareRequestFilter (10/15)
26-06-04 11:23:53.875 [http-nio-8080-exec-5] [32mTRACE[0;39m o.s.security.web.FilterChainProxy    [ |  | ] - Invoking RememberMeAuthenticationFilter (11/15)
26-06-04 11:23:53.875 [http-nio-8080-exec-5] [32mDEBUG[0;39m o.s.s.w.a.r.RememberMeAuthenticationFilter [ |  | ] - SecurityContextHolder not populated with remember-me token, as it already contained: 'UsernamePasswordAuthenticationToken [Principal=org.springframework.security.core.userdetails.User [Username=user1, Password=[PROTECTED], Enabled=true, AccountNonExpired=true, CredentialsNonExpired=true, AccountNonLocked=true, Granted Authorities=[ROLE_USER]], Credentials=[PROTECTED], Authenticated=true, Details=null, Granted Authorities=[ROLE_USER]]'
26-06-04 11:23:53.875 [http-nio-8080-exec-5] [32mTRACE[0;39m o.s.security.web.FilterChainProxy    [ |  | ] - Invoking AnonymousAuthenticationFilter (12/15)
26-06-04 11:23:53.875 [http-nio-8080-exec-5] [32mTRACE[0;39m o.s.security.web.FilterChainProxy    [ |  | ] - Invoking SessionManagementFilter (13/15)
26-06-04 11:23:53.875 [http-nio-8080-exec-5] [32mTRACE[0;39m o.s.s.w.a.AnonymousAuthenticationFilter [ |  | ] - Did not set SecurityContextHolder since already authenticated UsernamePasswordAuthenticationToken [Principal=org.springframework.security.core.userdetails.User [Username=user1, Password=[PROTECTED], Enabled=true, AccountNonExpired=true, CredentialsNonExpired=true, AccountNonLocked=true, Granted Authorities=[ROLE_USER]], Credentials=[PROTECTED], Authenticated=true, Details=null, Granted Authorities=[ROLE_USER]]
26-06-04 11:23:53.875 [http-nio-8080-exec-5] [32mTRACE[0;39m o.s.s.w.a.s.CompositeSessionAuthenticationStrategy [ |  | ] - Preparing session with ChangeSessionIdAuthenticationStrategy (1/2)
26-06-04 11:23:53.875 [http-nio-8080-exec-5] [32mTRACE[0;39m o.s.s.w.a.s.CompositeSessionAuthenticationStrategy [ |  | ] - Preparing session with CsrfAuthenticationStrategy (2/2)
26-06-04 11:23:53.875 [http-nio-8080-exec-5] [32mDEBUG[0;39m o.s.s.w.c.CsrfAuthenticationStrategy [ |  | ] - Replaced CSRF Token
26-06-04 11:23:53.875 [http-nio-8080-exec-5] [32mTRACE[0;39m o.s.security.web.FilterChainProxy    [ |  | ] - Invoking ExceptionTranslationFilter (14/15)
26-06-04 11:23:53.875 [http-nio-8080-exec-5] [32mTRACE[0;39m o.s.security.web.FilterChainProxy    [ |  | ] - Invoking AuthorizationFilter (15/15)
26-06-04 11:23:53.875 [http-nio-8080-exec-5] [32mTRACE[0;39m o.s.s.w.a.i.RequestMatcherDelegatingAuthorizationManager [ |  | ] - Authorizing GET /api/readStatuses?userId=d2221d17-7460-4f2d-98b9-0192e1c0a821
26-06-04 11:23:53.875 [http-nio-8080-exec-5] [32mTRACE[0;39m o.s.s.w.a.i.RequestMatcherDelegatingAuthorizationManager [ |  | ] - Checking authorization on GET /api/readStatuses?userId=d2221d17-7460-4f2d-98b9-0192e1c0a821 using org.springframework.security.authorization.AuthenticatedAuthorizationManager@5d73ce5
26-06-04 11:23:53.875 [http-nio-8080-exec-5] [32mDEBUG[0;39m o.s.security.web.FilterChainProxy    [ |  | ] - Secured GET /api/readStatuses?userId=d2221d17-7460-4f2d-98b9-0192e1c0a821
26-06-04 11:23:53.875 [http-nio-8080-exec-5] [32mDEBUG[0;39m c.s.m.d.config.MDCLoggingInterceptor [8439014b53aa476fb9bef2be2f1073bf | GET | /api/readStatuses] - Request started
26-06-04 11:23:53.876 [http-nio-8080-exec-5] [32mINFO [0;39m c.s.m.d.c.ReadStatusController       [8439014b53aa476fb9bef2be2f1073bf | GET | /api/readStatuses] - 사용자별 읽음 상태 목록 조회 요청: userId=d2221d17-7460-4f2d-98b9-0192e1c0a821
26-06-04 11:23:53.876 [http-nio-8080-exec-5] [32mDEBUG[0;39m c.s.m.d.s.b.BasicReadStatusService   [8439014b53aa476fb9bef2be2f1073bf | GET | /api/readStatuses] - 사용자별 읽음 상태 목록 조회 시작: userId=d2221d17-7460-4f2d-98b9-0192e1c0a821
26-06-04 11:23:53.877 [http-nio-8080-exec-5] [32mDEBUG[0;39m org.hibernate.SQL                    [8439014b53aa476fb9bef2be2f1073bf | GET | /api/readStatuses] - 
    select
        rs1_0.id,
        rs1_0.channel_id,
        rs1_0.created_at,
        rs1_0.last_read_at,
        rs1_0.notification_enabled,
        rs1_0.updated_at,
        rs1_0.user_id 
    from
        read_statuses rs1_0 
    where
        rs1_0.user_id=?
26-06-04 11:23:53.877 [http-nio-8080-exec-5] [32mTRACE[0;39m org.hibernate.orm.jdbc.bind          [8439014b53aa476fb9bef2be2f1073bf | GET | /api/readStatuses] - binding parameter (1:UUID) <- [d2221d17-7460-4f2d-98b9-0192e1c0a821]
26-06-04 11:23:53.878 [http-nio-8080-exec-5] [32mINFO [0;39m c.s.m.d.s.b.BasicReadStatusService   [8439014b53aa476fb9bef2be2f1073bf | GET | /api/readStatuses] - 사용자별 읽음 상태 목록 조회 완료: userId=d2221d17-7460-4f2d-98b9-0192e1c0a821, 조회된 항목 수=0
26-06-04 11:23:53.878 [http-nio-8080-exec-5] [32mDEBUG[0;39m c.s.m.d.c.ReadStatusController       [8439014b53aa476fb9bef2be2f1073bf | GET | /api/readStatuses] - 사용자별 읽음 상태 목록 조회 응답: count=0
26-06-04 11:23:53.878 [http-nio-8080-exec-5] [32mTRACE[0;39m o.s.s.w.h.writers.HstsHeaderWriter   [8439014b53aa476fb9bef2be2f1073bf | GET | /api/readStatuses] - Not injecting HSTS header since it did not match request to [Is Secure]
26-06-04 11:23:53.879 [http-nio-8080-exec-5] [32mDEBUG[0;39m c.s.m.d.config.MDCLoggingInterceptor [8439014b53aa476fb9bef2be2f1073bf | GET | /api/readStatuses] - Request completed
26-06-04 11:23:55.418 [http-nio-8080-exec-1] [32mTRACE[0;39m o.s.security.web.FilterChainProxy    [ |  | ] - Trying to match request against DefaultSecurityFilterChain defined as 'filterChain' in [class path resource [com/sprint/mission/discodeit/config/SecurityConfig.class]] matching [any request] and having filters [DisableEncodeUrl, WebAsyncManagerIntegration, SecurityContextHolder, HeaderWriter, Csrf, Logout, JwtAuthentication, UsernamePasswordAuthentication, RequestCacheAware, SecurityContextHolderAwareRequest, RememberMeAuthentication, AnonymousAuthentication, SessionManagement, ExceptionTranslation, Authorization] (1/1)
26-06-04 11:23:55.420 [http-nio-8080-exec-1] [32mDEBUG[0;39m o.s.security.web.FilterChainProxy    [ |  | ] - Securing GET /api/messages?channelId=ba45765e-0f83-4f0b-b02f-1ed2f2e44a3e&size=50&sort=createdAt,desc
26-06-04 11:23:55.420 [http-nio-8080-exec-1] [32mTRACE[0;39m o.s.security.web.FilterChainProxy    [ |  | ] - Invoking DisableEncodeUrlFilter (1/15)
26-06-04 11:23:55.420 [http-nio-8080-exec-1] [32mTRACE[0;39m o.s.security.web.FilterChainProxy    [ |  | ] - Invoking WebAsyncManagerIntegrationFilter (2/15)
26-06-04 11:23:55.420 [http-nio-8080-exec-1] [32mTRACE[0;39m o.s.security.web.FilterChainProxy    [ |  | ] - Invoking SecurityContextHolderFilter (3/15)
26-06-04 11:23:55.420 [http-nio-8080-exec-1] [32mTRACE[0;39m o.s.security.web.FilterChainProxy    [ |  | ] - Invoking HeaderWriterFilter (4/15)
26-06-04 11:23:55.421 [http-nio-8080-exec-1] [32mTRACE[0;39m o.s.security.web.FilterChainProxy    [ |  | ] - Invoking CsrfFilter (5/15)
26-06-04 11:23:55.421 [http-nio-8080-exec-1] [32mTRACE[0;39m o.s.security.web.csrf.CsrfFilter     [ |  | ] - Did not protect against CSRF since request did not match CsrfNotRequired [TRACE, HEAD, GET, OPTIONS]
26-06-04 11:23:55.421 [http-nio-8080-exec-1] [32mTRACE[0;39m o.s.security.web.FilterChainProxy    [ |  | ] - Invoking LogoutFilter (6/15)
26-06-04 11:23:55.421 [http-nio-8080-exec-1] [32mTRACE[0;39m o.s.s.w.a.logout.LogoutFilter        [ |  | ] - Did not match request to Ant [pattern='/api/auth/logout', POST]
26-06-04 11:23:55.421 [http-nio-8080-exec-1] [32mTRACE[0;39m o.s.security.web.FilterChainProxy    [ |  | ] - Invoking JwtAuthenticationFilter (7/15)
26-06-04 11:23:55.424 [http-nio-8080-exec-1] [32mTRACE[0;39m o.s.s.w.c.SupplierDeferredSecurityContext [ |  | ] - Created SecurityContextImpl [Null authentication]
26-06-04 11:23:55.424 [http-nio-8080-exec-1] [32mDEBUG[0;39m c.s.m.d.s.f.JwtAuthenticationFilter  [ |  | ] - Security Context에 'user1' 인증 정보를 저장했습니다.
26-06-04 11:23:55.425 [http-nio-8080-exec-1] [32mTRACE[0;39m o.s.security.web.FilterChainProxy    [ |  | ] - Invoking UsernamePasswordAuthenticationFilter (8/15)
26-06-04 11:23:55.425 [http-nio-8080-exec-1] [32mTRACE[0;39m o.s.s.w.a.UsernamePasswordAuthenticationFilter [ |  | ] - Did not match request to Ant [pattern='/api/auth/login', POST]
26-06-04 11:23:55.425 [http-nio-8080-exec-1] [32mTRACE[0;39m o.s.security.web.FilterChainProxy    [ |  | ] - Invoking RequestCacheAwareFilter (9/15)
26-06-04 11:23:55.425 [http-nio-8080-exec-1] [32mTRACE[0;39m o.s.security.web.FilterChainProxy    [ |  | ] - Invoking SecurityContextHolderAwareRequestFilter (10/15)
26-06-04 11:23:55.425 [http-nio-8080-exec-1] [32mTRACE[0;39m o.s.security.web.FilterChainProxy    [ |  | ] - Invoking RememberMeAuthenticationFilter (11/15)
26-06-04 11:23:55.425 [http-nio-8080-exec-1] [32mDEBUG[0;39m o.s.s.w.a.r.RememberMeAuthenticationFilter [ |  | ] - SecurityContextHolder not populated with remember-me token, as it already contained: 'UsernamePasswordAuthenticationToken [Principal=org.springframework.security.core.userdetails.User [Username=user1, Password=[PROTECTED], Enabled=true, AccountNonExpired=true, CredentialsNonExpired=true, AccountNonLocked=true, Granted Authorities=[ROLE_USER]], Credentials=[PROTECTED], Authenticated=true, Details=null, Granted Authorities=[ROLE_USER]]'
26-06-04 11:23:55.425 [http-nio-8080-exec-1] [32mTRACE[0;39m o.s.security.web.FilterChainProxy    [ |  | ] - Invoking AnonymousAuthenticationFilter (12/15)
26-06-04 11:23:55.425 [http-nio-8080-exec-1] [32mTRACE[0;39m o.s.security.web.FilterChainProxy    [ |  | ] - Invoking SessionManagementFilter (13/15)
26-06-04 11:23:55.425 [http-nio-8080-exec-1] [32mTRACE[0;39m o.s.s.w.a.AnonymousAuthenticationFilter [ |  | ] - Did not set SecurityContextHolder since already authenticated UsernamePasswordAuthenticationToken [Principal=org.springframework.security.core.userdetails.User [Username=user1, Password=[PROTECTED], Enabled=true, AccountNonExpired=true, CredentialsNonExpired=true, AccountNonLocked=true, Granted Authorities=[ROLE_USER]], Credentials=[PROTECTED], Authenticated=true, Details=null, Granted Authorities=[ROLE_USER]]
26-06-04 11:23:55.426 [http-nio-8080-exec-1] [32mTRACE[0;39m o.s.s.w.a.s.CompositeSessionAuthenticationStrategy [ |  | ] - Preparing session with ChangeSessionIdAuthenticationStrategy (1/2)
26-06-04 11:23:55.426 [http-nio-8080-exec-1] [32mTRACE[0;39m o.s.s.w.a.s.CompositeSessionAuthenticationStrategy [ |  | ] - Preparing session with CsrfAuthenticationStrategy (2/2)
26-06-04 11:23:55.426 [http-nio-8080-exec-1] [32mDEBUG[0;39m o.s.s.w.c.CsrfAuthenticationStrategy [ |  | ] - Replaced CSRF Token
26-06-04 11:23:55.426 [http-nio-8080-exec-1] [32mTRACE[0;39m o.s.security.web.FilterChainProxy    [ |  | ] - Invoking ExceptionTranslationFilter (14/15)
26-06-04 11:23:55.426 [http-nio-8080-exec-1] [32mTRACE[0;39m o.s.security.web.FilterChainProxy    [ |  | ] - Invoking AuthorizationFilter (15/15)
26-06-04 11:23:55.427 [http-nio-8080-exec-1] [32mTRACE[0;39m o.s.s.w.a.i.RequestMatcherDelegatingAuthorizationManager [ |  | ] - Authorizing GET /api/messages?channelId=ba45765e-0f83-4f0b-b02f-1ed2f2e44a3e&size=50&sort=createdAt,desc
26-06-04 11:23:55.427 [http-nio-8080-exec-1] [32mTRACE[0;39m o.s.s.w.a.i.RequestMatcherDelegatingAuthorizationManager [ |  | ] - Checking authorization on GET /api/messages?channelId=ba45765e-0f83-4f0b-b02f-1ed2f2e44a3e&size=50&sort=createdAt,desc using org.springframework.security.authorization.AuthenticatedAuthorizationManager@5d73ce5
26-06-04 11:23:55.427 [http-nio-8080-exec-1] [32mDEBUG[0;39m o.s.security.web.FilterChainProxy    [ |  | ] - Secured GET /api/messages?channelId=ba45765e-0f83-4f0b-b02f-1ed2f2e44a3e&size=50&sort=createdAt,desc
26-06-04 11:23:55.428 [http-nio-8080-exec-1] [32mDEBUG[0;39m c.s.m.d.config.MDCLoggingInterceptor [548fd161ea804a9dadbf490a32acbe48 | GET | /api/messages] - Request started
26-06-04 11:23:55.432 [http-nio-8080-exec-1] [32mINFO [0;39m c.s.m.d.controller.MessageController [548fd161ea804a9dadbf490a32acbe48 | GET | /api/messages] - 채널별 메시지 목록 조회 요청: channelId=ba45765e-0f83-4f0b-b02f-1ed2f2e44a3e, cursor=null, pageable=Page request [number: 0, size 50, sort: createdAt: DESC]
26-06-04 11:23:55.439 [http-nio-8080-exec-1] [32mDEBUG[0;39m org.hibernate.SQL                    [548fd161ea804a9dadbf490a32acbe48 | GET | /api/messages] - 
    select
        m1_0.id,
        a1_0.id,
        a1_0.created_at,
        a1_0.email,
        a1_0.password,
        p1_0.id,
        p1_0.content_type,
        p1_0.created_at,
        p1_0.file_name,
        p1_0.size,
        p1_0.status,
        p1_0.updated_at,
        a1_0.role,
        a1_0.updated_at,
        a1_0.username,
        m1_0.channel_id,
        m1_0.content,
        m1_0.created_at,
        m1_0.updated_at 
    from
        messages m1_0 
    left join
        users a1_0 
            on a1_0.id=m1_0.author_id 
    left join
        binary_contents p1_0 
            on p1_0.id=a1_0.profile_id 
    where
        m1_0.channel_id=? 
        and m1_0.created_at<? 
    order by
        m1_0.created_at desc 
    fetch
        first ? rows only
26-06-04 11:23:55.439 [http-nio-8080-exec-1] [32mTRACE[0;39m org.hibernate.orm.jdbc.bind          [548fd161ea804a9dadbf490a32acbe48 | GET | /api/messages] - binding parameter (1:UUID) <- [ba45765e-0f83-4f0b-b02f-1ed2f2e44a3e]
26-06-04 11:23:55.440 [http-nio-8080-exec-1] [32mTRACE[0;39m org.hibernate.orm.jdbc.bind          [548fd161ea804a9dadbf490a32acbe48 | GET | /api/messages] - binding parameter (2:TIMESTAMP_UTC) <- [2026-06-04T02:23:55.437162Z]
26-06-04 11:23:55.440 [http-nio-8080-exec-1] [32mTRACE[0;39m org.hibernate.orm.jdbc.bind          [548fd161ea804a9dadbf490a32acbe48 | GET | /api/messages] - binding parameter (3:INTEGER) <- [51]
26-06-04 11:23:55.446 [http-nio-8080-exec-1] [32mDEBUG[0;39m org.hibernate.SQL                    [548fd161ea804a9dadbf490a32acbe48 | GET | /api/messages] - 
    select
        a1_0.message_id,
        a1_1.id,
        a1_1.content_type,
        a1_1.created_at,
        a1_1.file_name,
        a1_1.size,
        a1_1.status,
        a1_1.updated_at 
    from
        message_attachments a1_0 
    join
        binary_contents a1_1 
            on a1_1.id=a1_0.attachment_id 
    where
        a1_0.message_id = any (?)
26-06-04 11:23:55.446 [http-nio-8080-exec-1] [32mTRACE[0;39m org.hibernate.orm.jdbc.bind          [548fd161ea804a9dadbf490a32acbe48 | GET | /api/messages] - binding parameter (1:ARRAY) <- [[6ba14f94-aacf-432b-855c-9d7e8093064b, 44ebe3f9-e516-4900-8256-dc1ae5a34b16, 0cbce506-afa3-4e7e-9d6e-a215a14a4fd4, 619f5b1b-c59d-4558-9b6d-31ae708c4073, 693bd7ab-63ad-4077-a61b-8c9085faadc1, c085798f-b9b8-4338-9dad-aded811c30b9, 50d3dc11-ab6a-4d48-bdd8-94b994cda3b2, e5c6311c-852d-4045-979c-b2f4e4a71f64]]
26-06-04 11:23:55.449 [http-nio-8080-exec-1] [32mDEBUG[0;39m c.s.m.d.controller.MessageController [548fd161ea804a9dadbf490a32acbe48 | GET | /api/messages] - 채널별 메시지 목록 조회 응답: totalElements=null
26-06-04 11:23:55.453 [http-nio-8080-exec-1] [32mTRACE[0;39m o.s.s.w.h.writers.HstsHeaderWriter   [548fd161ea804a9dadbf490a32acbe48 | GET | /api/messages] - Not injecting HSTS header since it did not match request to [Is Secure]
26-06-04 11:23:55.454 [http-nio-8080-exec-1] [32mDEBUG[0;39m c.s.m.d.config.MDCLoggingInterceptor [548fd161ea804a9dadbf490a32acbe48 | GET | /api/messages] - Request completed
26-06-04 11:23:55.529 [http-nio-8080-exec-9] [32mTRACE[0;39m o.s.security.web.FilterChainProxy    [ |  | ] - Trying to match request against DefaultSecurityFilterChain defined as 'filterChain' in [class path resource [com/sprint/mission/discodeit/config/SecurityConfig.class]] matching [any request] and having filters [DisableEncodeUrl, WebAsyncManagerIntegration, SecurityContextHolder, HeaderWriter, Csrf, Logout, JwtAuthentication, UsernamePasswordAuthentication, RequestCacheAware, SecurityContextHolderAwareRequest, RememberMeAuthentication, AnonymousAuthentication, SessionManagement, ExceptionTranslation, Authorization] (1/1)
26-06-04 11:23:55.530 [http-nio-8080-exec-9] [32mDEBUG[0;39m o.s.security.web.FilterChainProxy    [ |  | ] - Securing POST /api/messages
26-06-04 11:23:55.530 [http-nio-8080-exec-9] [32mTRACE[0;39m o.s.security.web.FilterChainProxy    [ |  | ] - Invoking DisableEncodeUrlFilter (1/15)
26-06-04 11:23:55.531 [http-nio-8080-exec-9] [32mTRACE[0;39m o.s.security.web.FilterChainProxy    [ |  | ] - Invoking WebAsyncManagerIntegrationFilter (2/15)
26-06-04 11:23:55.531 [http-nio-8080-exec-9] [32mTRACE[0;39m o.s.security.web.FilterChainProxy    [ |  | ] - Invoking SecurityContextHolderFilter (3/15)
26-06-04 11:23:55.531 [http-nio-8080-exec-9] [32mTRACE[0;39m o.s.security.web.FilterChainProxy    [ |  | ] - Invoking HeaderWriterFilter (4/15)
26-06-04 11:23:55.531 [http-nio-8080-exec-9] [32mTRACE[0;39m o.s.security.web.FilterChainProxy    [ |  | ] - Invoking CsrfFilter (5/15)
26-06-04 11:23:55.531 [http-nio-8080-exec-9] [32mTRACE[0;39m o.s.security.web.FilterChainProxy    [ |  | ] - Invoking LogoutFilter (6/15)
26-06-04 11:23:55.531 [http-nio-8080-exec-9] [32mTRACE[0;39m o.s.s.w.a.logout.LogoutFilter        [ |  | ] - Did not match request to Ant [pattern='/api/auth/logout', POST]
26-06-04 11:23:55.531 [http-nio-8080-exec-9] [32mTRACE[0;39m o.s.security.web.FilterChainProxy    [ |  | ] - Invoking JwtAuthenticationFilter (7/15)
26-06-04 11:23:55.532 [http-nio-8080-exec-9] [32mTRACE[0;39m o.s.s.w.c.SupplierDeferredSecurityContext [ |  | ] - Created SecurityContextImpl [Null authentication]
26-06-04 11:23:55.532 [http-nio-8080-exec-9] [32mDEBUG[0;39m c.s.m.d.s.f.JwtAuthenticationFilter  [ |  | ] - Security Context에 'user1' 인증 정보를 저장했습니다.
26-06-04 11:23:55.532 [http-nio-8080-exec-9] [32mTRACE[0;39m o.s.security.web.FilterChainProxy    [ |  | ] - Invoking UsernamePasswordAuthenticationFilter (8/15)
26-06-04 11:23:55.532 [http-nio-8080-exec-9] [32mTRACE[0;39m o.s.s.w.a.UsernamePasswordAuthenticationFilter [ |  | ] - Did not match request to Ant [pattern='/api/auth/login', POST]
26-06-04 11:23:55.532 [http-nio-8080-exec-9] [32mTRACE[0;39m o.s.security.web.FilterChainProxy    [ |  | ] - Invoking RequestCacheAwareFilter (9/15)
26-06-04 11:23:55.532 [http-nio-8080-exec-9] [32mTRACE[0;39m o.s.security.web.FilterChainProxy    [ |  | ] - Invoking SecurityContextHolderAwareRequestFilter (10/15)
26-06-04 11:23:55.532 [http-nio-8080-exec-9] [32mTRACE[0;39m o.s.security.web.FilterChainProxy    [ |  | ] - Invoking RememberMeAuthenticationFilter (11/15)
26-06-04 11:23:55.532 [http-nio-8080-exec-9] [32mDEBUG[0;39m o.s.s.w.a.r.RememberMeAuthenticationFilter [ |  | ] - SecurityContextHolder not populated with remember-me token, as it already contained: 'UsernamePasswordAuthenticationToken [Principal=org.springframework.security.core.userdetails.User [Username=user1, Password=[PROTECTED], Enabled=true, AccountNonExpired=true, CredentialsNonExpired=true, AccountNonLocked=true, Granted Authorities=[ROLE_USER]], Credentials=[PROTECTED], Authenticated=true, Details=null, Granted Authorities=[ROLE_USER]]'
26-06-04 11:23:55.532 [http-nio-8080-exec-9] [32mTRACE[0;39m o.s.security.web.FilterChainProxy    [ |  | ] - Invoking AnonymousAuthenticationFilter (12/15)
26-06-04 11:23:55.532 [http-nio-8080-exec-9] [32mTRACE[0;39m o.s.security.web.FilterChainProxy    [ |  | ] - Invoking SessionManagementFilter (13/15)
26-06-04 11:23:55.532 [http-nio-8080-exec-9] [32mTRACE[0;39m o.s.s.w.a.AnonymousAuthenticationFilter [ |  | ] - Did not set SecurityContextHolder since already authenticated UsernamePasswordAuthenticationToken [Principal=org.springframework.security.core.userdetails.User [Username=user1, Password=[PROTECTED], Enabled=true, AccountNonExpired=true, CredentialsNonExpired=true, AccountNonLocked=true, Granted Authorities=[ROLE_USER]], Credentials=[PROTECTED], Authenticated=true, Details=null, Granted Authorities=[ROLE_USER]]
26-06-04 11:23:55.532 [http-nio-8080-exec-9] [32mTRACE[0;39m o.s.s.w.a.s.CompositeSessionAuthenticationStrategy [ |  | ] - Preparing session with ChangeSessionIdAuthenticationStrategy (1/2)
26-06-04 11:23:55.532 [http-nio-8080-exec-9] [32mTRACE[0;39m o.s.s.w.a.s.CompositeSessionAuthenticationStrategy [ |  | ] - Preparing session with CsrfAuthenticationStrategy (2/2)
26-06-04 11:23:55.533 [http-nio-8080-exec-9] [32mDEBUG[0;39m o.s.s.w.c.CsrfAuthenticationStrategy [ |  | ] - Replaced CSRF Token
26-06-04 11:23:55.533 [http-nio-8080-exec-9] [32mTRACE[0;39m o.s.security.web.FilterChainProxy    [ |  | ] - Invoking ExceptionTranslationFilter (14/15)
26-06-04 11:23:55.533 [http-nio-8080-exec-9] [32mTRACE[0;39m o.s.security.web.FilterChainProxy    [ |  | ] - Invoking AuthorizationFilter (15/15)
26-06-04 11:23:55.533 [http-nio-8080-exec-9] [32mTRACE[0;39m o.s.s.w.a.i.RequestMatcherDelegatingAuthorizationManager [ |  | ] - Authorizing POST /api/messages
26-06-04 11:23:55.533 [http-nio-8080-exec-9] [32mTRACE[0;39m o.s.s.w.a.i.RequestMatcherDelegatingAuthorizationManager [ |  | ] - Checking authorization on POST /api/messages using org.springframework.security.authorization.AuthenticatedAuthorizationManager@5d73ce5
26-06-04 11:23:55.533 [http-nio-8080-exec-9] [32mDEBUG[0;39m o.s.security.web.FilterChainProxy    [ |  | ] - Secured POST /api/messages
26-06-04 11:23:55.550 [http-nio-8080-exec-9] [32mDEBUG[0;39m c.s.m.d.config.MDCLoggingInterceptor [1b5458cd8b35419c8d277d8ee3824a9a | POST | /api/messages] - Request started
26-06-04 11:23:55.570 [http-nio-8080-exec-9] [32mINFO [0;39m c.s.m.d.controller.MessageController [1b5458cd8b35419c8d277d8ee3824a9a | POST | /api/messages] - 메시지 생성 요청: request=MessageCreateRequest[content=, channelId=ba45765e-0f83-4f0b-b02f-1ed2f2e44a3e, authorId=d2221d17-7460-4f2d-98b9-0192e1c0a821], attachmentCount=1
26-06-04 11:23:55.573 [http-nio-8080-exec-9] [32mDEBUG[0;39m c.s.m.d.s.basic.BasicMessageService  [1b5458cd8b35419c8d277d8ee3824a9a | POST | /api/messages] - 메시지 생성 시작: request=MessageCreateRequest[content=, channelId=ba45765e-0f83-4f0b-b02f-1ed2f2e44a3e, authorId=d2221d17-7460-4f2d-98b9-0192e1c0a821]
26-06-04 11:23:55.574 [http-nio-8080-exec-9] [32mDEBUG[0;39m org.hibernate.SQL                    [1b5458cd8b35419c8d277d8ee3824a9a | POST | /api/messages] - 
    select
        u1_0.id,
        u1_0.created_at,
        u1_0.email,
        u1_0.password,
        u1_0.profile_id,
        u1_0.role,
        u1_0.updated_at,
        u1_0.username 
    from
        users u1_0 
    where
        u1_0.username=?
26-06-04 11:23:55.574 [http-nio-8080-exec-9] [32mTRACE[0;39m org.hibernate.orm.jdbc.bind          [1b5458cd8b35419c8d277d8ee3824a9a | POST | /api/messages] - binding parameter (1:VARCHAR) <- [user1]
26-06-04 11:23:55.581 [http-nio-8080-exec-9] [32mDEBUG[0;39m org.hibernate.SQL                    [1b5458cd8b35419c8d277d8ee3824a9a | POST | /api/messages] - 
    select
        c1_0.id,
        c1_0.created_at,
        c1_0.description,
        c1_0.name,
        c1_0.type,
        c1_0.updated_at 
    from
        channels c1_0 
    where
        c1_0.id=?
26-06-04 11:23:55.581 [http-nio-8080-exec-9] [32mTRACE[0;39m org.hibernate.orm.jdbc.bind          [1b5458cd8b35419c8d277d8ee3824a9a | POST | /api/messages] - binding parameter (1:UUID) <- [ba45765e-0f83-4f0b-b02f-1ed2f2e44a3e]
26-06-04 11:23:55.650 [http-nio-8080-exec-9] [32mINFO [0;39m c.s.m.d.s.basic.BasicMessageService  [1b5458cd8b35419c8d277d8ee3824a9a | POST | /api/messages] - 메시지 생성 완료: id=d0e6e89d-baa1-4fa5-932c-3abed82c8a39, channelId=ba45765e-0f83-4f0b-b02f-1ed2f2e44a3e
26-06-04 11:23:55.693 [http-nio-8080-exec-9] [32mDEBUG[0;39m org.hibernate.SQL                    [1b5458cd8b35419c8d277d8ee3824a9a | POST | /api/messages] - 
    insert 
    into
        binary_contents
        (content_type, created_at, file_name, size, status, updated_at, id) 
    values
        (?, ?, ?, ?, ?, ?, ?)
26-06-04 11:23:55.698 [http-nio-8080-exec-9] [32mTRACE[0;39m org.hibernate.orm.jdbc.bind          [1b5458cd8b35419c8d277d8ee3824a9a | POST | /api/messages] - binding parameter (1:VARCHAR) <- [image/jpeg]
26-06-04 11:23:55.698 [http-nio-8080-exec-9] [32mTRACE[0;39m org.hibernate.orm.jdbc.bind          [1b5458cd8b35419c8d277d8ee3824a9a | POST | /api/messages] - binding parameter (2:TIMESTAMP_UTC) <- [2026-06-04T02:23:55.615596Z]
26-06-04 11:23:55.698 [http-nio-8080-exec-9] [32mTRACE[0;39m org.hibernate.orm.jdbc.bind          [1b5458cd8b35419c8d277d8ee3824a9a | POST | /api/messages] - binding parameter (3:VARCHAR) <- [스펀지.jpeg]
26-06-04 11:23:55.698 [http-nio-8080-exec-9] [32mTRACE[0;39m org.hibernate.orm.jdbc.bind          [1b5458cd8b35419c8d277d8ee3824a9a | POST | /api/messages] - binding parameter (4:BIGINT) <- [7700]
26-06-04 11:23:55.698 [http-nio-8080-exec-9] [32mTRACE[0;39m org.hibernate.orm.jdbc.bind          [1b5458cd8b35419c8d277d8ee3824a9a | POST | /api/messages] - binding parameter (5:VARCHAR) <- [PROCESSING]
26-06-04 11:23:55.698 [http-nio-8080-exec-9] [32mTRACE[0;39m org.hibernate.orm.jdbc.bind          [1b5458cd8b35419c8d277d8ee3824a9a | POST | /api/messages] - binding parameter (6:TIMESTAMP_UTC) <- [2026-06-04T02:23:55.615596Z]
26-06-04 11:23:55.698 [http-nio-8080-exec-9] [32mTRACE[0;39m org.hibernate.orm.jdbc.bind          [1b5458cd8b35419c8d277d8ee3824a9a | POST | /api/messages] - binding parameter (7:UUID) <- [abe97c5a-d3f5-4194-9f8a-2a735501df0c]
26-06-04 11:23:55.721 [http-nio-8080-exec-9] [32mDEBUG[0;39m org.hibernate.SQL                    [1b5458cd8b35419c8d277d8ee3824a9a | POST | /api/messages] - 
    insert 
    into
        messages
        (author_id, channel_id, content, created_at, updated_at, id) 
    values
        (?, ?, ?, ?, ?, ?)
26-06-04 11:23:55.721 [http-nio-8080-exec-9] [32mTRACE[0;39m org.hibernate.orm.jdbc.bind          [1b5458cd8b35419c8d277d8ee3824a9a | POST | /api/messages] - binding parameter (1:UUID) <- [f4f7fd84-ff30-49c8-b3c5-1d3bb69513f3]
26-06-04 11:23:55.721 [http-nio-8080-exec-9] [32mTRACE[0;39m org.hibernate.orm.jdbc.bind          [1b5458cd8b35419c8d277d8ee3824a9a | POST | /api/messages] - binding parameter (2:UUID) <- [ba45765e-0f83-4f0b-b02f-1ed2f2e44a3e]
26-06-04 11:23:55.721 [http-nio-8080-exec-9] [32mTRACE[0;39m org.hibernate.orm.jdbc.bind          [1b5458cd8b35419c8d277d8ee3824a9a | POST | /api/messages] - binding parameter (3:VARCHAR) <- []
26-06-04 11:23:55.721 [http-nio-8080-exec-9] [32mTRACE[0;39m org.hibernate.orm.jdbc.bind          [1b5458cd8b35419c8d277d8ee3824a9a | POST | /api/messages] - binding parameter (4:TIMESTAMP_UTC) <- [2026-06-04T02:23:55.643252Z]
26-06-04 11:23:55.722 [http-nio-8080-exec-9] [32mTRACE[0;39m org.hibernate.orm.jdbc.bind          [1b5458cd8b35419c8d277d8ee3824a9a | POST | /api/messages] - binding parameter (5:TIMESTAMP_UTC) <- [2026-06-04T02:23:55.643252Z]
26-06-04 11:23:55.722 [http-nio-8080-exec-9] [32mTRACE[0;39m org.hibernate.orm.jdbc.bind          [1b5458cd8b35419c8d277d8ee3824a9a | POST | /api/messages] - binding parameter (6:UUID) <- [d0e6e89d-baa1-4fa5-932c-3abed82c8a39]
26-06-04 11:23:55.763 [http-nio-8080-exec-9] [32mDEBUG[0;39m org.hibernate.SQL                    [1b5458cd8b35419c8d277d8ee3824a9a | POST | /api/messages] - 
    insert 
    into
        message_attachments
        (message_id, attachment_id) 
    values
        (?, ?)
26-06-04 11:23:55.765 [http-nio-8080-exec-9] [32mTRACE[0;39m org.hibernate.orm.jdbc.bind          [1b5458cd8b35419c8d277d8ee3824a9a | POST | /api/messages] - binding parameter (1:UUID) <- [d0e6e89d-baa1-4fa5-932c-3abed82c8a39]
26-06-04 11:23:55.765 [http-nio-8080-exec-9] [32mTRACE[0;39m org.hibernate.orm.jdbc.bind          [1b5458cd8b35419c8d277d8ee3824a9a | POST | /api/messages] - binding parameter (2:UUID) <- [abe97c5a-d3f5-4194-9f8a-2a735501df0c]
26-06-04 11:23:55.767 [http-nio-8080-exec-9] [32mDEBUG[0;39m org.hibernate.SQL                    [1b5458cd8b35419c8d277d8ee3824a9a | POST | /api/messages] - 
    select
        rs1_0.id,
        rs1_0.channel_id,
        rs1_0.created_at,
        rs1_0.last_read_at,
        rs1_0.notification_enabled,
        rs1_0.updated_at,
        rs1_0.user_id,
        u1_0.id,
        u1_0.created_at,
        u1_0.email,
        u1_0.password,
        p1_0.id,
        p1_0.content_type,
        p1_0.created_at,
        p1_0.file_name,
        p1_0.size,
        p1_0.status,
        p1_0.updated_at,
        u1_0.role,
        u1_0.updated_at,
        u1_0.username 
    from
        read_statuses rs1_0 
    join
        users u1_0 
            on u1_0.id=rs1_0.user_id 
    left join
        binary_contents p1_0 
            on p1_0.id=u1_0.profile_id 
    where
        rs1_0.channel_id=?
26-06-04 11:23:55.767 [http-nio-8080-exec-9] [32mTRACE[0;39m org.hibernate.orm.jdbc.bind          [1b5458cd8b35419c8d277d8ee3824a9a | POST | /api/messages] - binding parameter (1:UUID) <- [ba45765e-0f83-4f0b-b02f-1ed2f2e44a3e]
26-06-04 11:23:55.774 [http-nio-8080-exec-9] [32mDEBUG[0;39m c.s.m.d.s.BinaryContentListener      [1b5458cd8b35419c8d277d8ee3824a9a | POST | /api/messages] - BinaryContentCreatedEvent 수신 완료 - 스토리지 저장 시작: contentId=abe97c5a-d3f5-4194-9f8a-2a735501df0c
26-06-04 11:23:56.832 [http-nio-8080-exec-3] [32mTRACE[0;39m o.s.security.web.FilterChainProxy    [ |  | ] - Trying to match request against DefaultSecurityFilterChain defined as 'filterChain' in [class path resource [com/sprint/mission/discodeit/config/SecurityConfig.class]] matching [any request] and having filters [DisableEncodeUrl, WebAsyncManagerIntegration, SecurityContextHolder, HeaderWriter, Csrf, Logout, JwtAuthentication, UsernamePasswordAuthentication, RequestCacheAware, SecurityContextHolderAwareRequest, RememberMeAuthentication, AnonymousAuthentication, SessionManagement, ExceptionTranslation, Authorization] (1/1)
26-06-04 11:23:56.833 [http-nio-8080-exec-3] [32mDEBUG[0;39m o.s.security.web.FilterChainProxy    [ |  | ] - Securing GET /api/channels?userId=d2221d17-7460-4f2d-98b9-0192e1c0a821
26-06-04 11:23:56.833 [http-nio-8080-exec-3] [32mTRACE[0;39m o.s.security.web.FilterChainProxy    [ |  | ] - Invoking DisableEncodeUrlFilter (1/15)
26-06-04 11:23:56.833 [http-nio-8080-exec-3] [32mTRACE[0;39m o.s.security.web.FilterChainProxy    [ |  | ] - Invoking WebAsyncManagerIntegrationFilter (2/15)
26-06-04 11:23:56.833 [http-nio-8080-exec-3] [32mTRACE[0;39m o.s.security.web.FilterChainProxy    [ |  | ] - Invoking SecurityContextHolderFilter (3/15)
26-06-04 11:23:56.833 [http-nio-8080-exec-3] [32mTRACE[0;39m o.s.security.web.FilterChainProxy    [ |  | ] - Invoking HeaderWriterFilter (4/15)
26-06-04 11:23:56.833 [http-nio-8080-exec-3] [32mTRACE[0;39m o.s.security.web.FilterChainProxy    [ |  | ] - Invoking CsrfFilter (5/15)
26-06-04 11:23:56.834 [http-nio-8080-exec-3] [32mTRACE[0;39m o.s.security.web.csrf.CsrfFilter     [ |  | ] - Did not protect against CSRF since request did not match CsrfNotRequired [TRACE, HEAD, GET, OPTIONS]
26-06-04 11:23:56.834 [http-nio-8080-exec-3] [32mTRACE[0;39m o.s.security.web.FilterChainProxy    [ |  | ] - Invoking LogoutFilter (6/15)
26-06-04 11:23:56.834 [http-nio-8080-exec-3] [32mTRACE[0;39m o.s.s.w.a.logout.LogoutFilter        [ |  | ] - Did not match request to Ant [pattern='/api/auth/logout', POST]
26-06-04 11:23:56.834 [http-nio-8080-exec-3] [32mTRACE[0;39m o.s.security.web.FilterChainProxy    [ |  | ] - Invoking JwtAuthenticationFilter (7/15)
26-06-04 11:23:56.838 [http-nio-8080-exec-3] [32mTRACE[0;39m o.s.s.w.c.SupplierDeferredSecurityContext [ |  | ] - Created SecurityContextImpl [Null authentication]
26-06-04 11:23:56.839 [http-nio-8080-exec-3] [32mDEBUG[0;39m c.s.m.d.s.f.JwtAuthenticationFilter  [ |  | ] - Security Context에 'user1' 인증 정보를 저장했습니다.
26-06-04 11:23:56.840 [http-nio-8080-exec-3] [32mTRACE[0;39m o.s.security.web.FilterChainProxy    [ |  | ] - Invoking UsernamePasswordAuthenticationFilter (8/15)
26-06-04 11:23:56.840 [http-nio-8080-exec-3] [32mTRACE[0;39m o.s.s.w.a.UsernamePasswordAuthenticationFilter [ |  | ] - Did not match request to Ant [pattern='/api/auth/login', POST]
26-06-04 11:23:56.840 [http-nio-8080-exec-3] [32mTRACE[0;39m o.s.security.web.FilterChainProxy    [ |  | ] - Invoking RequestCacheAwareFilter (9/15)
26-06-04 11:23:56.840 [http-nio-8080-exec-3] [32mTRACE[0;39m o.s.security.web.FilterChainProxy    [ |  | ] - Invoking SecurityContextHolderAwareRequestFilter (10/15)
26-06-04 11:23:56.840 [http-nio-8080-exec-3] [32mTRACE[0;39m o.s.security.web.FilterChainProxy    [ |  | ] - Invoking RememberMeAuthenticationFilter (11/15)
26-06-04 11:23:56.841 [http-nio-8080-exec-3] [32mDEBUG[0;39m o.s.s.w.a.r.RememberMeAuthenticationFilter [ |  | ] - SecurityContextHolder not populated with remember-me token, as it already contained: 'UsernamePasswordAuthenticationToken [Principal=org.springframework.security.core.userdetails.User [Username=user1, Password=[PROTECTED], Enabled=true, AccountNonExpired=true, CredentialsNonExpired=true, AccountNonLocked=true, Granted Authorities=[ROLE_USER]], Credentials=[PROTECTED], Authenticated=true, Details=null, Granted Authorities=[ROLE_USER]]'
26-06-04 11:23:56.841 [http-nio-8080-exec-3] [32mTRACE[0;39m o.s.security.web.FilterChainProxy    [ |  | ] - Invoking AnonymousAuthenticationFilter (12/15)
26-06-04 11:23:56.841 [http-nio-8080-exec-3] [32mTRACE[0;39m o.s.security.web.FilterChainProxy    [ |  | ] - Invoking SessionManagementFilter (13/15)
26-06-04 11:23:56.841 [http-nio-8080-exec-3] [32mTRACE[0;39m o.s.s.w.a.AnonymousAuthenticationFilter [ |  | ] - Did not set SecurityContextHolder since already authenticated UsernamePasswordAuthenticationToken [Principal=org.springframework.security.core.userdetails.User [Username=user1, Password=[PROTECTED], Enabled=true, AccountNonExpired=true, CredentialsNonExpired=true, AccountNonLocked=true, Granted Authorities=[ROLE_USER]], Credentials=[PROTECTED], Authenticated=true, Details=null, Granted Authorities=[ROLE_USER]]
26-06-04 11:23:56.841 [http-nio-8080-exec-3] [32mTRACE[0;39m o.s.s.w.a.s.CompositeSessionAuthenticationStrategy [ |  | ] - Preparing session with ChangeSessionIdAuthenticationStrategy (1/2)
26-06-04 11:23:56.841 [http-nio-8080-exec-3] [32mTRACE[0;39m o.s.s.w.a.s.CompositeSessionAuthenticationStrategy [ |  | ] - Preparing session with CsrfAuthenticationStrategy (2/2)
26-06-04 11:23:56.842 [http-nio-8080-exec-3] [32mDEBUG[0;39m o.s.s.w.c.CsrfAuthenticationStrategy [ |  | ] - Replaced CSRF Token
26-06-04 11:23:56.842 [http-nio-8080-exec-3] [32mTRACE[0;39m o.s.security.web.FilterChainProxy    [ |  | ] - Invoking ExceptionTranslationFilter (14/15)
26-06-04 11:23:56.842 [http-nio-8080-exec-3] [32mTRACE[0;39m o.s.security.web.FilterChainProxy    [ |  | ] - Invoking AuthorizationFilter (15/15)
26-06-04 11:23:56.842 [http-nio-8080-exec-3] [32mTRACE[0;39m o.s.s.w.a.i.RequestMatcherDelegatingAuthorizationManager [ |  | ] - Authorizing GET /api/channels?userId=d2221d17-7460-4f2d-98b9-0192e1c0a821
26-06-04 11:23:56.842 [http-nio-8080-exec-3] [32mTRACE[0;39m o.s.s.w.a.i.RequestMatcherDelegatingAuthorizationManager [ |  | ] - Checking authorization on GET /api/channels?userId=d2221d17-7460-4f2d-98b9-0192e1c0a821 using org.springframework.security.authorization.AuthenticatedAuthorizationManager@5d73ce5
26-06-04 11:23:56.843 [http-nio-8080-exec-3] [32mDEBUG[0;39m o.s.security.web.FilterChainProxy    [ |  | ] - Secured GET /api/channels?userId=d2221d17-7460-4f2d-98b9-0192e1c0a821
26-06-04 11:23:56.843 [http-nio-8080-exec-3] [32mDEBUG[0;39m c.s.m.d.config.MDCLoggingInterceptor [206a75df03b9466b8cd36c1cc3e42afc | GET | /api/channels] - Request started
26-06-04 11:23:56.846 [http-nio-8080-exec-3] [32mINFO [0;39m c.s.m.d.controller.ChannelController [206a75df03b9466b8cd36c1cc3e42afc | GET | /api/channels] - 사용자별 채널 목록 조회 요청: userId=d2221d17-7460-4f2d-98b9-0192e1c0a821
26-06-04 11:23:56.862 [http-nio-8080-exec-3] [32mDEBUG[0;39m org.hibernate.SQL                    [206a75df03b9466b8cd36c1cc3e42afc | GET | /api/channels] - 
    select
        rs1_0.id,
        rs1_0.channel_id,
        rs1_0.created_at,
        rs1_0.last_read_at,
        rs1_0.notification_enabled,
        rs1_0.updated_at,
        rs1_0.user_id 
    from
        read_statuses rs1_0 
    where
        rs1_0.user_id=?
26-06-04 11:23:56.863 [http-nio-8080-exec-3] [32mTRACE[0;39m org.hibernate.orm.jdbc.bind          [206a75df03b9466b8cd36c1cc3e42afc | GET | /api/channels] - binding parameter (1:UUID) <- [d2221d17-7460-4f2d-98b9-0192e1c0a821]
26-06-04 11:23:56.867 [http-nio-8080-exec-3] [32mDEBUG[0;39m org.hibernate.SQL                    [206a75df03b9466b8cd36c1cc3e42afc | GET | /api/channels] - 
    select
        c1_0.id,
        c1_0.created_at,
        c1_0.description,
        c1_0.name,
        c1_0.type,
        c1_0.updated_at 
    from
        channels c1_0 
    where
        c1_0.type=? 
        or c1_0.id in (?)
26-06-04 11:23:56.867 [http-nio-8080-exec-3] [32mTRACE[0;39m org.hibernate.orm.jdbc.bind          [206a75df03b9466b8cd36c1cc3e42afc | GET | /api/channels] - binding parameter (1:VARCHAR) <- [PUBLIC]
26-06-04 11:23:56.867 [http-nio-8080-exec-3] [32mTRACE[0;39m org.hibernate.orm.jdbc.bind          [206a75df03b9466b8cd36c1cc3e42afc | GET | /api/channels] - binding parameter (2:UUID) <- [null]
26-06-04 11:23:56.876 [http-nio-8080-exec-3] [32mDEBUG[0;39m org.hibernate.SQL                    [206a75df03b9466b8cd36c1cc3e42afc | GET | /api/channels] - 
    select
        m1_0.created_at 
    from
        messages m1_0 
    where
        m1_0.channel_id=? 
    order by
        m1_0.created_at desc 
    fetch
        first 1 rows only
26-06-04 11:23:56.876 [http-nio-8080-exec-3] [32mTRACE[0;39m org.hibernate.orm.jdbc.bind          [206a75df03b9466b8cd36c1cc3e42afc | GET | /api/channels] - binding parameter (1:UUID) <- [ba45765e-0f83-4f0b-b02f-1ed2f2e44a3e]
26-06-04 11:23:56.879 [http-nio-8080-exec-3] [32mDEBUG[0;39m c.s.m.d.controller.ChannelController [206a75df03b9466b8cd36c1cc3e42afc | GET | /api/channels] - 사용자별 채널 목록 조회 응답: count=1
26-06-04 11:23:56.881 [http-nio-8080-exec-3] [32mTRACE[0;39m o.s.s.w.h.writers.HstsHeaderWriter   [206a75df03b9466b8cd36c1cc3e42afc | GET | /api/channels] - Not injecting HSTS header since it did not match request to [Is Secure]
26-06-04 11:23:56.881 [http-nio-8080-exec-3] [32mDEBUG[0;39m c.s.m.d.config.MDCLoggingInterceptor [206a75df03b9466b8cd36c1cc3e42afc | GET | /api/channels] - Request completed
26-06-04 11:23:56.887 [http-nio-8080-exec-7] [32mTRACE[0;39m o.s.security.web.FilterChainProxy    [ |  | ] - Trying to match request against DefaultSecurityFilterChain defined as 'filterChain' in [class path resource [com/sprint/mission/discodeit/config/SecurityConfig.class]] matching [any request] and having filters [DisableEncodeUrl, WebAsyncManagerIntegration, SecurityContextHolder, HeaderWriter, Csrf, Logout, JwtAuthentication, UsernamePasswordAuthentication, RequestCacheAware, SecurityContextHolderAwareRequest, RememberMeAuthentication, AnonymousAuthentication, SessionManagement, ExceptionTranslation, Authorization] (1/1)
26-06-04 11:23:56.887 [http-nio-8080-exec-7] [32mDEBUG[0;39m o.s.security.web.FilterChainProxy    [ |  | ] - Securing GET /api/readStatuses?userId=d2221d17-7460-4f2d-98b9-0192e1c0a821
26-06-04 11:23:56.887 [http-nio-8080-exec-7] [32mTRACE[0;39m o.s.security.web.FilterChainProxy    [ |  | ] - Invoking DisableEncodeUrlFilter (1/15)
26-06-04 11:23:56.887 [http-nio-8080-exec-7] [32mTRACE[0;39m o.s.security.web.FilterChainProxy    [ |  | ] - Invoking WebAsyncManagerIntegrationFilter (2/15)
26-06-04 11:23:56.887 [http-nio-8080-exec-7] [32mTRACE[0;39m o.s.security.web.FilterChainProxy    [ |  | ] - Invoking SecurityContextHolderFilter (3/15)
26-06-04 11:23:56.887 [http-nio-8080-exec-7] [32mTRACE[0;39m o.s.security.web.FilterChainProxy    [ |  | ] - Invoking HeaderWriterFilter (4/15)
26-06-04 11:23:56.887 [http-nio-8080-exec-7] [32mTRACE[0;39m o.s.security.web.FilterChainProxy    [ |  | ] - Invoking CsrfFilter (5/15)
26-06-04 11:23:56.887 [http-nio-8080-exec-7] [32mTRACE[0;39m o.s.security.web.csrf.CsrfFilter     [ |  | ] - Did not protect against CSRF since request did not match CsrfNotRequired [TRACE, HEAD, GET, OPTIONS]
26-06-04 11:23:56.887 [http-nio-8080-exec-7] [32mTRACE[0;39m o.s.security.web.FilterChainProxy    [ |  | ] - Invoking LogoutFilter (6/15)
26-06-04 11:23:56.887 [http-nio-8080-exec-7] [32mTRACE[0;39m o.s.s.w.a.logout.LogoutFilter        [ |  | ] - Did not match request to Ant [pattern='/api/auth/logout', POST]
26-06-04 11:23:56.887 [http-nio-8080-exec-7] [32mTRACE[0;39m o.s.security.web.FilterChainProxy    [ |  | ] - Invoking JwtAuthenticationFilter (7/15)
26-06-04 11:23:56.888 [http-nio-8080-exec-7] [32mTRACE[0;39m o.s.s.w.c.SupplierDeferredSecurityContext [ |  | ] - Created SecurityContextImpl [Null authentication]
26-06-04 11:23:56.888 [http-nio-8080-exec-7] [32mDEBUG[0;39m c.s.m.d.s.f.JwtAuthenticationFilter  [ |  | ] - Security Context에 'user1' 인증 정보를 저장했습니다.
26-06-04 11:23:56.888 [http-nio-8080-exec-7] [32mTRACE[0;39m o.s.security.web.FilterChainProxy    [ |  | ] - Invoking UsernamePasswordAuthenticationFilter (8/15)
26-06-04 11:23:56.888 [http-nio-8080-exec-7] [32mTRACE[0;39m o.s.s.w.a.UsernamePasswordAuthenticationFilter [ |  | ] - Did not match request to Ant [pattern='/api/auth/login', POST]
26-06-04 11:23:56.888 [http-nio-8080-exec-7] [32mTRACE[0;39m o.s.security.web.FilterChainProxy    [ |  | ] - Invoking RequestCacheAwareFilter (9/15)
26-06-04 11:23:56.888 [http-nio-8080-exec-7] [32mTRACE[0;39m o.s.security.web.FilterChainProxy    [ |  | ] - Invoking SecurityContextHolderAwareRequestFilter (10/15)
26-06-04 11:23:56.888 [http-nio-8080-exec-7] [32mTRACE[0;39m o.s.security.web.FilterChainProxy    [ |  | ] - Invoking RememberMeAuthenticationFilter (11/15)
26-06-04 11:23:56.888 [http-nio-8080-exec-7] [32mDEBUG[0;39m o.s.s.w.a.r.RememberMeAuthenticationFilter [ |  | ] - SecurityContextHolder not populated with remember-me token, as it already contained: 'UsernamePasswordAuthenticationToken [Principal=org.springframework.security.core.userdetails.User [Username=user1, Password=[PROTECTED], Enabled=true, AccountNonExpired=true, CredentialsNonExpired=true, AccountNonLocked=true, Granted Authorities=[ROLE_USER]], Credentials=[PROTECTED], Authenticated=true, Details=null, Granted Authorities=[ROLE_USER]]'
26-06-04 11:23:56.888 [http-nio-8080-exec-7] [32mTRACE[0;39m o.s.security.web.FilterChainProxy    [ |  | ] - Invoking AnonymousAuthenticationFilter (12/15)
26-06-04 11:23:56.888 [http-nio-8080-exec-7] [32mTRACE[0;39m o.s.security.web.FilterChainProxy    [ |  | ] - Invoking SessionManagementFilter (13/15)
26-06-04 11:23:56.888 [http-nio-8080-exec-7] [32mTRACE[0;39m o.s.s.w.a.AnonymousAuthenticationFilter [ |  | ] - Did not set SecurityContextHolder since already authenticated UsernamePasswordAuthenticationToken [Principal=org.springframework.security.core.userdetails.User [Username=user1, Password=[PROTECTED], Enabled=true, AccountNonExpired=true, CredentialsNonExpired=true, AccountNonLocked=true, Granted Authorities=[ROLE_USER]], Credentials=[PROTECTED], Authenticated=true, Details=null, Granted Authorities=[ROLE_USER]]
26-06-04 11:23:56.888 [http-nio-8080-exec-7] [32mTRACE[0;39m o.s.s.w.a.s.CompositeSessionAuthenticationStrategy [ |  | ] - Preparing session with ChangeSessionIdAuthenticationStrategy (1/2)
26-06-04 11:23:56.888 [http-nio-8080-exec-7] [32mTRACE[0;39m o.s.s.w.a.s.CompositeSessionAuthenticationStrategy [ |  | ] - Preparing session with CsrfAuthenticationStrategy (2/2)
26-06-04 11:23:56.888 [http-nio-8080-exec-7] [32mDEBUG[0;39m o.s.s.w.c.CsrfAuthenticationStrategy [ |  | ] - Replaced CSRF Token
26-06-04 11:23:56.888 [http-nio-8080-exec-7] [32mTRACE[0;39m o.s.security.web.FilterChainProxy    [ |  | ] - Invoking ExceptionTranslationFilter (14/15)
26-06-04 11:23:56.888 [http-nio-8080-exec-7] [32mTRACE[0;39m o.s.security.web.FilterChainProxy    [ |  | ] - Invoking AuthorizationFilter (15/15)
26-06-04 11:23:56.888 [http-nio-8080-exec-7] [32mTRACE[0;39m o.s.s.w.a.i.RequestMatcherDelegatingAuthorizationManager [ |  | ] - Authorizing GET /api/readStatuses?userId=d2221d17-7460-4f2d-98b9-0192e1c0a821
26-06-04 11:23:56.888 [http-nio-8080-exec-7] [32mTRACE[0;39m o.s.s.w.a.i.RequestMatcherDelegatingAuthorizationManager [ |  | ] - Checking authorization on GET /api/readStatuses?userId=d2221d17-7460-4f2d-98b9-0192e1c0a821 using org.springframework.security.authorization.AuthenticatedAuthorizationManager@5d73ce5
26-06-04 11:23:56.888 [http-nio-8080-exec-7] [32mDEBUG[0;39m o.s.security.web.FilterChainProxy    [ |  | ] - Secured GET /api/readStatuses?userId=d2221d17-7460-4f2d-98b9-0192e1c0a821
26-06-04 11:23:56.888 [http-nio-8080-exec-7] [32mDEBUG[0;39m c.s.m.d.config.MDCLoggingInterceptor [42a6bad0b86d47799f57c674f33d44ec | GET | /api/readStatuses] - Request started
26-06-04 11:23:56.888 [http-nio-8080-exec-7] [32mINFO [0;39m c.s.m.d.c.ReadStatusController       [42a6bad0b86d47799f57c674f33d44ec | GET | /api/readStatuses] - 사용자별 읽음 상태 목록 조회 요청: userId=d2221d17-7460-4f2d-98b9-0192e1c0a821
26-06-04 11:23:56.889 [http-nio-8080-exec-7] [32mDEBUG[0;39m c.s.m.d.s.b.BasicReadStatusService   [42a6bad0b86d47799f57c674f33d44ec | GET | /api/readStatuses] - 사용자별 읽음 상태 목록 조회 시작: userId=d2221d17-7460-4f2d-98b9-0192e1c0a821
26-06-04 11:23:56.890 [http-nio-8080-exec-7] [32mDEBUG[0;39m org.hibernate.SQL                    [42a6bad0b86d47799f57c674f33d44ec | GET | /api/readStatuses] - 
    select
        rs1_0.id,
        rs1_0.channel_id,
        rs1_0.created_at,
        rs1_0.last_read_at,
        rs1_0.notification_enabled,
        rs1_0.updated_at,
        rs1_0.user_id 
    from
        read_statuses rs1_0 
    where
        rs1_0.user_id=?
26-06-04 11:23:56.890 [http-nio-8080-exec-7] [32mTRACE[0;39m org.hibernate.orm.jdbc.bind          [42a6bad0b86d47799f57c674f33d44ec | GET | /api/readStatuses] - binding parameter (1:UUID) <- [d2221d17-7460-4f2d-98b9-0192e1c0a821]
26-06-04 11:23:56.891 [http-nio-8080-exec-7] [32mINFO [0;39m c.s.m.d.s.b.BasicReadStatusService   [42a6bad0b86d47799f57c674f33d44ec | GET | /api/readStatuses] - 사용자별 읽음 상태 목록 조회 완료: userId=d2221d17-7460-4f2d-98b9-0192e1c0a821, 조회된 항목 수=0
26-06-04 11:23:56.892 [http-nio-8080-exec-7] [32mDEBUG[0;39m c.s.m.d.c.ReadStatusController       [42a6bad0b86d47799f57c674f33d44ec | GET | /api/readStatuses] - 사용자별 읽음 상태 목록 조회 응답: count=0
26-06-04 11:23:56.893 [http-nio-8080-exec-7] [32mTRACE[0;39m o.s.s.w.h.writers.HstsHeaderWriter   [42a6bad0b86d47799f57c674f33d44ec | GET | /api/readStatuses] - Not injecting HSTS header since it did not match request to [Is Secure]
26-06-04 11:23:56.893 [http-nio-8080-exec-7] [32mDEBUG[0;39m c.s.m.d.config.MDCLoggingInterceptor [42a6bad0b86d47799f57c674f33d44ec | GET | /api/readStatuses] - Request completed
26-06-04 11:23:58.806 [http-nio-8080-exec-9] [32mDEBUG[0;39m c.s.m.d.s.b.BasicBinaryContentService [1b5458cd8b35419c8d277d8ee3824a9a | POST | /api/messages] - 바이너리 컨텐츠 상태 업데이트 시작: id=abe97c5a-d3f5-4194-9f8a-2a735501df0c, status=SUCCESS
26-06-04 11:23:58.812 [http-nio-8080-exec-9] [32mDEBUG[0;39m org.hibernate.SQL                    [1b5458cd8b35419c8d277d8ee3824a9a | POST | /api/messages] - 
    select
        bc1_0.id,
        bc1_0.content_type,
        bc1_0.created_at,
        bc1_0.file_name,
        bc1_0.size,
        bc1_0.status,
        bc1_0.updated_at 
    from
        binary_contents bc1_0 
    where
        bc1_0.id=?
26-06-04 11:23:58.813 [http-nio-8080-exec-9] [32mTRACE[0;39m org.hibernate.orm.jdbc.bind          [1b5458cd8b35419c8d277d8ee3824a9a | POST | /api/messages] - binding parameter (1:UUID) <- [abe97c5a-d3f5-4194-9f8a-2a735501df0c]
26-06-04 11:23:58.822 [http-nio-8080-exec-9] [32mINFO [0;39m c.s.m.d.s.b.BasicBinaryContentService [1b5458cd8b35419c8d277d8ee3824a9a | POST | /api/messages] - 바이너리 컨텐츠 상태 업데이트 완료: id=abe97c5a-d3f5-4194-9f8a-2a735501df0c, 바뀐 status=SUCCESS
26-06-04 11:23:58.836 [http-nio-8080-exec-4] [32mTRACE[0;39m o.s.security.web.FilterChainProxy    [ |  | ] - Trying to match request against DefaultSecurityFilterChain defined as 'filterChain' in [class path resource [com/sprint/mission/discodeit/config/SecurityConfig.class]] matching [any request] and having filters [DisableEncodeUrl, WebAsyncManagerIntegration, SecurityContextHolder, HeaderWriter, Csrf, Logout, JwtAuthentication, UsernamePasswordAuthentication, RequestCacheAware, SecurityContextHolderAwareRequest, RememberMeAuthentication, AnonymousAuthentication, SessionManagement, ExceptionTranslation, Authorization] (1/1)
26-06-04 11:23:58.836 [http-nio-8080-exec-4] [32mDEBUG[0;39m o.s.security.web.FilterChainProxy    [ |  | ] - Securing GET /api/notifications
26-06-04 11:23:58.836 [http-nio-8080-exec-4] [32mTRACE[0;39m o.s.security.web.FilterChainProxy    [ |  | ] - Invoking DisableEncodeUrlFilter (1/15)
26-06-04 11:23:58.836 [http-nio-8080-exec-4] [32mTRACE[0;39m o.s.security.web.FilterChainProxy    [ |  | ] - Invoking WebAsyncManagerIntegrationFilter (2/15)
26-06-04 11:23:58.836 [http-nio-8080-exec-4] [32mTRACE[0;39m o.s.security.web.FilterChainProxy    [ |  | ] - Invoking SecurityContextHolderFilter (3/15)
26-06-04 11:23:58.836 [http-nio-8080-exec-4] [32mTRACE[0;39m o.s.security.web.FilterChainProxy    [ |  | ] - Invoking HeaderWriterFilter (4/15)
26-06-04 11:23:58.836 [http-nio-8080-exec-4] [32mTRACE[0;39m o.s.security.web.FilterChainProxy    [ |  | ] - Invoking CsrfFilter (5/15)
26-06-04 11:23:58.836 [http-nio-8080-exec-4] [32mTRACE[0;39m o.s.security.web.csrf.CsrfFilter     [ |  | ] - Did not protect against CSRF since request did not match CsrfNotRequired [TRACE, HEAD, GET, OPTIONS]
26-06-04 11:23:58.836 [http-nio-8080-exec-4] [32mTRACE[0;39m o.s.security.web.FilterChainProxy    [ |  | ] - Invoking LogoutFilter (6/15)
26-06-04 11:23:58.836 [http-nio-8080-exec-4] [32mTRACE[0;39m o.s.s.w.a.logout.LogoutFilter        [ |  | ] - Did not match request to Ant [pattern='/api/auth/logout', POST]
26-06-04 11:23:58.836 [http-nio-8080-exec-4] [32mTRACE[0;39m o.s.security.web.FilterChainProxy    [ |  | ] - Invoking JwtAuthenticationFilter (7/15)
26-06-04 11:23:58.839 [http-nio-8080-exec-4] [32mTRACE[0;39m o.s.s.w.c.SupplierDeferredSecurityContext [ |  | ] - Created SecurityContextImpl [Null authentication]
26-06-04 11:23:58.839 [http-nio-8080-exec-4] [32mDEBUG[0;39m c.s.m.d.s.f.JwtAuthenticationFilter  [ |  | ] - Security Context에 'user1' 인증 정보를 저장했습니다.
26-06-04 11:23:58.839 [http-nio-8080-exec-4] [32mTRACE[0;39m o.s.security.web.FilterChainProxy    [ |  | ] - Invoking UsernamePasswordAuthenticationFilter (8/15)
26-06-04 11:23:58.839 [http-nio-8080-exec-4] [32mTRACE[0;39m o.s.s.w.a.UsernamePasswordAuthenticationFilter [ |  | ] - Did not match request to Ant [pattern='/api/auth/login', POST]
26-06-04 11:23:58.839 [http-nio-8080-exec-4] [32mTRACE[0;39m o.s.security.web.FilterChainProxy    [ |  | ] - Invoking RequestCacheAwareFilter (9/15)
26-06-04 11:23:58.840 [http-nio-8080-exec-4] [32mTRACE[0;39m o.s.security.web.FilterChainProxy    [ |  | ] - Invoking SecurityContextHolderAwareRequestFilter (10/15)
26-06-04 11:23:58.840 [http-nio-8080-exec-4] [32mTRACE[0;39m o.s.security.web.FilterChainProxy    [ |  | ] - Invoking RememberMeAuthenticationFilter (11/15)
26-06-04 11:23:58.840 [http-nio-8080-exec-4] [32mDEBUG[0;39m o.s.s.w.a.r.RememberMeAuthenticationFilter [ |  | ] - SecurityContextHolder not populated with remember-me token, as it already contained: 'UsernamePasswordAuthenticationToken [Principal=org.springframework.security.core.userdetails.User [Username=user1, Password=[PROTECTED], Enabled=true, AccountNonExpired=true, CredentialsNonExpired=true, AccountNonLocked=true, Granted Authorities=[ROLE_USER]], Credentials=[PROTECTED], Authenticated=true, Details=null, Granted Authorities=[ROLE_USER]]'
26-06-04 11:23:58.841 [http-nio-8080-exec-4] [32mTRACE[0;39m o.s.security.web.FilterChainProxy    [ |  | ] - Invoking AnonymousAuthenticationFilter (12/15)
26-06-04 11:23:58.841 [http-nio-8080-exec-4] [32mTRACE[0;39m o.s.security.web.FilterChainProxy    [ |  | ] - Invoking SessionManagementFilter (13/15)
26-06-04 11:23:58.841 [http-nio-8080-exec-4] [32mTRACE[0;39m o.s.s.w.a.AnonymousAuthenticationFilter [ |  | ] - Did not set SecurityContextHolder since already authenticated UsernamePasswordAuthenticationToken [Principal=org.springframework.security.core.userdetails.User [Username=user1, Password=[PROTECTED], Enabled=true, AccountNonExpired=true, CredentialsNonExpired=true, AccountNonLocked=true, Granted Authorities=[ROLE_USER]], Credentials=[PROTECTED], Authenticated=true, Details=null, Granted Authorities=[ROLE_USER]]
26-06-04 11:23:58.842 [http-nio-8080-exec-4] [32mTRACE[0;39m o.s.s.w.a.s.CompositeSessionAuthenticationStrategy [ |  | ] - Preparing session with ChangeSessionIdAuthenticationStrategy (1/2)
26-06-04 11:23:58.842 [http-nio-8080-exec-4] [32mTRACE[0;39m o.s.s.w.a.s.CompositeSessionAuthenticationStrategy [ |  | ] - Preparing session with CsrfAuthenticationStrategy (2/2)
26-06-04 11:23:58.842 [http-nio-8080-exec-4] [32mDEBUG[0;39m o.s.s.w.c.CsrfAuthenticationStrategy [ |  | ] - Replaced CSRF Token
26-06-04 11:23:58.842 [http-nio-8080-exec-4] [32mTRACE[0;39m o.s.security.web.FilterChainProxy    [ |  | ] - Invoking ExceptionTranslationFilter (14/15)
26-06-04 11:23:58.843 [http-nio-8080-exec-4] [32mTRACE[0;39m o.s.security.web.FilterChainProxy    [ |  | ] - Invoking AuthorizationFilter (15/15)
26-06-04 11:23:58.843 [http-nio-8080-exec-4] [32mTRACE[0;39m o.s.s.w.a.i.RequestMatcherDelegatingAuthorizationManager [ |  | ] - Authorizing GET /api/notifications
26-06-04 11:23:58.843 [http-nio-8080-exec-4] [32mTRACE[0;39m o.s.s.w.a.i.RequestMatcherDelegatingAuthorizationManager [ |  | ] - Checking authorization on GET /api/notifications using org.springframework.security.authorization.AuthenticatedAuthorizationManager@5d73ce5
26-06-04 11:23:58.843 [http-nio-8080-exec-4] [32mDEBUG[0;39m o.s.security.web.FilterChainProxy    [ |  | ] - Secured GET /api/notifications
26-06-04 11:23:58.844 [http-nio-8080-exec-4] [32mDEBUG[0;39m c.s.m.d.config.MDCLoggingInterceptor [ab219e08e9be40f7b7e927b0f46d32c6 | GET | /api/notifications] - Request started
26-06-04 11:23:58.849 [http-nio-8080-exec-9] [32mDEBUG[0;39m org.hibernate.SQL                    [1b5458cd8b35419c8d277d8ee3824a9a | POST | /api/messages] - 
    update
        binary_contents 
    set
        content_type=?,
        file_name=?,
        size=?,
        status=?,
        updated_at=? 
    where
        id=?
26-06-04 11:23:58.849 [http-nio-8080-exec-9] [32mTRACE[0;39m org.hibernate.orm.jdbc.bind          [1b5458cd8b35419c8d277d8ee3824a9a | POST | /api/messages] - binding parameter (1:VARCHAR) <- [image/jpeg]
26-06-04 11:23:58.849 [http-nio-8080-exec-9] [32mTRACE[0;39m org.hibernate.orm.jdbc.bind          [1b5458cd8b35419c8d277d8ee3824a9a | POST | /api/messages] - binding parameter (2:VARCHAR) <- [스펀지.jpeg]
26-06-04 11:23:58.849 [http-nio-8080-exec-9] [32mTRACE[0;39m org.hibernate.orm.jdbc.bind          [1b5458cd8b35419c8d277d8ee3824a9a | POST | /api/messages] - binding parameter (3:BIGINT) <- [7700]
26-06-04 11:23:58.849 [http-nio-8080-exec-9] [32mTRACE[0;39m org.hibernate.orm.jdbc.bind          [1b5458cd8b35419c8d277d8ee3824a9a | POST | /api/messages] - binding parameter (4:VARCHAR) <- [SUCCESS]
26-06-04 11:23:58.850 [http-nio-8080-exec-9] [32mTRACE[0;39m org.hibernate.orm.jdbc.bind          [1b5458cd8b35419c8d277d8ee3824a9a | POST | /api/messages] - binding parameter (5:TIMESTAMP_UTC) <- [2026-06-04T02:23:58.828772Z]
26-06-04 11:23:58.850 [http-nio-8080-exec-9] [32mTRACE[0;39m org.hibernate.orm.jdbc.bind          [1b5458cd8b35419c8d277d8ee3824a9a | POST | /api/messages] - binding parameter (6:UUID) <- [abe97c5a-d3f5-4194-9f8a-2a735501df0c]
26-06-04 11:23:58.851 [http-nio-8080-exec-4] [32mDEBUG[0;39m org.hibernate.SQL                    [ab219e08e9be40f7b7e927b0f46d32c6 | GET | /api/notifications] - 
    select
        u1_0.id,
        u1_0.created_at,
        u1_0.email,
        u1_0.password,
        u1_0.profile_id,
        u1_0.role,
        u1_0.updated_at,
        u1_0.username 
    from
        users u1_0 
    where
        u1_0.username=?
26-06-04 11:23:58.851 [http-nio-8080-exec-4] [32mTRACE[0;39m org.hibernate.orm.jdbc.bind          [ab219e08e9be40f7b7e927b0f46d32c6 | GET | /api/notifications] - binding parameter (1:VARCHAR) <- [user1]
26-06-04 11:23:58.864 [http-nio-8080-exec-4] [32mINFO [0;39m c.s.m.d.c.NotificationController     [ab219e08e9be40f7b7e927b0f46d32c6 | GET | /api/notifications] - 알림 조회 요청 수신: 사용자 ID=f4f7fd84-ff30-49c8-b3c5-1d3bb69513f3
26-06-04 11:23:58.864 [http-nio-8080-exec-4] [32mDEBUG[0;39m c.s.m.d.s.b.BasicNotificationService [ab219e08e9be40f7b7e927b0f46d32c6 | GET | /api/notifications] - 알림 API 조회 시작: receiverId=f4f7fd84-ff30-49c8-b3c5-1d3bb69513f3
26-06-04 11:23:58.867 [http-nio-8080-exec-4] [32mDEBUG[0;39m org.hibernate.SQL                    [ab219e08e9be40f7b7e927b0f46d32c6 | GET | /api/notifications] - 
    select
        n1_0.id,
        n1_0.content,
        n1_0.created_at,
        n1_0.receiver_id,
        n1_0.title 
    from
        notifications n1_0 
    where
        n1_0.receiver_id=? 
    order by
        n1_0.created_at desc
26-06-04 11:23:58.867 [http-nio-8080-exec-4] [32mTRACE[0;39m org.hibernate.orm.jdbc.bind          [ab219e08e9be40f7b7e927b0f46d32c6 | GET | /api/notifications] - binding parameter (1:UUID) <- [f4f7fd84-ff30-49c8-b3c5-1d3bb69513f3]
26-06-04 11:23:58.869 [http-nio-8080-exec-9] [32mINFO [0;39m c.s.m.d.s.BinaryContentListener      [1b5458cd8b35419c8d277d8ee3824a9a | POST | /api/messages] - 바이너리 데이터 저장 성공 - 메타데이터 SUCCESS 반영 완료: id=abe97c5a-d3f5-4194-9f8a-2a735501df0c
26-06-04 11:23:58.872 [http-nio-8080-exec-4] [32mTRACE[0;39m o.s.s.w.h.writers.HstsHeaderWriter   [ab219e08e9be40f7b7e927b0f46d32c6 | GET | /api/notifications] - Not injecting HSTS header since it did not match request to [Is Secure]
26-06-04 11:23:58.873 [http-nio-8080-exec-4] [32mDEBUG[0;39m c.s.m.d.config.MDCLoggingInterceptor [ab219e08e9be40f7b7e927b0f46d32c6 | GET | /api/notifications] - Request completed
26-06-04 11:23:58.882 [async-task-1] [32mDEBUG[0;39m c.s.m.d.l.NotificationRequiredEventListener [1b5458cd8b35419c8d277d8ee3824a9a | POST | /api/messages] - MessageCreatedEvent 수신: messageId=d0e6e89d-baa1-4fa5-932c-3abed82c8a39
26-06-04 11:23:58.883 [async-task-1] [32mDEBUG[0;39m org.hibernate.SQL                    [1b5458cd8b35419c8d277d8ee3824a9a | POST | /api/messages] - 
    select
        m1_0.id,
        m1_0.author_id,
        m1_0.channel_id,
        m1_0.content,
        m1_0.created_at,
        m1_0.updated_at 
    from
        messages m1_0 
    where
        m1_0.id=?
26-06-04 11:23:58.883 [async-task-1] [32mTRACE[0;39m org.hibernate.orm.jdbc.bind          [1b5458cd8b35419c8d277d8ee3824a9a | POST | /api/messages] - binding parameter (1:UUID) <- [d0e6e89d-baa1-4fa5-932c-3abed82c8a39]
26-06-04 11:23:58.885 [async-task-1] [32mDEBUG[0;39m org.hibernate.SQL                    [1b5458cd8b35419c8d277d8ee3824a9a | POST | /api/messages] - 
    select
        u1_0.id,
        u1_0.created_at,
        u1_0.email,
        u1_0.password,
        u1_0.profile_id,
        u1_0.role,
        u1_0.updated_at,
        u1_0.username 
    from
        users u1_0 
    where
        u1_0.id=?
26-06-04 11:23:58.885 [async-task-1] [32mTRACE[0;39m org.hibernate.orm.jdbc.bind          [1b5458cd8b35419c8d277d8ee3824a9a | POST | /api/messages] - binding parameter (1:UUID) <- [f4f7fd84-ff30-49c8-b3c5-1d3bb69513f3]
26-06-04 11:23:58.881 [http-nio-8080-exec-9] [32mDEBUG[0;39m c.s.m.d.controller.MessageController [1b5458cd8b35419c8d277d8ee3824a9a | POST | /api/messages] - 메시지 생성 응답: MessageDto[id=d0e6e89d-baa1-4fa5-932c-3abed82c8a39, createdAt=2026-06-04T02:23:55.643252Z, updatedAt=2026-06-04T02:23:55.643252Z, content=, channelId=ba45765e-0f83-4f0b-b02f-1ed2f2e44a3e, author=UserDto[id=f4f7fd84-ff30-49c8-b3c5-1d3bb69513f3, username=user1, email=user1@naver.com, profile=null, online=null, role=USER], attachments=[BinaryContentDto[id=abe97c5a-d3f5-4194-9f8a-2a735501df0c, fileName=스펀지.jpeg, size=7700, contentType=image/jpeg, url=http://localhost:8080/api/binaryContents/abe97c5a-d3f5-4194-9f8a-2a735501df0c/download]]]
26-06-04 11:23:58.887 [async-task-1] [32mDEBUG[0;39m org.hibernate.SQL                    [1b5458cd8b35419c8d277d8ee3824a9a | POST | /api/messages] - 
    select
        c1_0.id,
        c1_0.created_at,
        c1_0.description,
        c1_0.name,
        c1_0.type,
        c1_0.updated_at 
    from
        channels c1_0 
    where
        c1_0.id=?
26-06-04 11:23:58.887 [async-task-1] [32mTRACE[0;39m org.hibernate.orm.jdbc.bind          [1b5458cd8b35419c8d277d8ee3824a9a | POST | /api/messages] - binding parameter (1:UUID) <- [ba45765e-0f83-4f0b-b02f-1ed2f2e44a3e]
26-06-04 11:23:58.889 [async-task-1] [32mDEBUG[0;39m org.hibernate.SQL                    [1b5458cd8b35419c8d277d8ee3824a9a | POST | /api/messages] - 
    select
        rs1_0.id,
        rs1_0.channel_id,
        rs1_0.created_at,
        rs1_0.last_read_at,
        rs1_0.notification_enabled,
        rs1_0.updated_at,
        rs1_0.user_id,
        u1_0.id,
        u1_0.created_at,
        u1_0.email,
        u1_0.password,
        p1_0.id,
        p1_0.content_type,
        p1_0.created_at,
        p1_0.file_name,
        p1_0.size,
        p1_0.status,
        p1_0.updated_at,
        u1_0.role,
        u1_0.updated_at,
        u1_0.username 
    from
        read_statuses rs1_0 
    join
        users u1_0 
            on u1_0.id=rs1_0.user_id 
    left join
        binary_contents p1_0 
            on p1_0.id=u1_0.profile_id 
    where
        rs1_0.channel_id=?
26-06-04 11:23:58.889 [async-task-1] [32mTRACE[0;39m org.hibernate.orm.jdbc.bind          [1b5458cd8b35419c8d277d8ee3824a9a | POST | /api/messages] - binding parameter (1:UUID) <- [ba45765e-0f83-4f0b-b02f-1ed2f2e44a3e]
26-06-04 11:23:58.892 [http-nio-8080-exec-9] [32mTRACE[0;39m o.s.s.w.h.writers.HstsHeaderWriter   [1b5458cd8b35419c8d277d8ee3824a9a | POST | /api/messages] - Not injecting HSTS header since it did not match request to [Is Secure]
26-06-04 11:23:58.892 [http-nio-8080-exec-9] [32mDEBUG[0;39m c.s.m.d.config.MDCLoggingInterceptor [1b5458cd8b35419c8d277d8ee3824a9a | POST | /api/messages] - Request completed
26-06-04 11:23:58.897 [http-nio-8080-exec-8] [32mTRACE[0;39m o.s.security.web.FilterChainProxy    [ |  | ] - Trying to match request against DefaultSecurityFilterChain defined as 'filterChain' in [class path resource [com/sprint/mission/discodeit/config/SecurityConfig.class]] matching [any request] and having filters [DisableEncodeUrl, WebAsyncManagerIntegration, SecurityContextHolder, HeaderWriter, Csrf, Logout, JwtAuthentication, UsernamePasswordAuthentication, RequestCacheAware, SecurityContextHolderAwareRequest, RememberMeAuthentication, AnonymousAuthentication, SessionManagement, ExceptionTranslation, Authorization] (1/1)
26-06-04 11:23:58.897 [http-nio-8080-exec-8] [32mDEBUG[0;39m o.s.security.web.FilterChainProxy    [ |  | ] - Securing POST /api/readStatuses
26-06-04 11:23:58.898 [http-nio-8080-exec-8] [32mTRACE[0;39m o.s.security.web.FilterChainProxy    [ |  | ] - Invoking DisableEncodeUrlFilter (1/15)
26-06-04 11:23:58.898 [http-nio-8080-exec-8] [32mTRACE[0;39m o.s.security.web.FilterChainProxy    [ |  | ] - Invoking WebAsyncManagerIntegrationFilter (2/15)
26-06-04 11:23:58.898 [http-nio-8080-exec-8] [32mTRACE[0;39m o.s.security.web.FilterChainProxy    [ |  | ] - Invoking SecurityContextHolderFilter (3/15)
26-06-04 11:23:58.898 [http-nio-8080-exec-8] [32mTRACE[0;39m o.s.security.web.FilterChainProxy    [ |  | ] - Invoking HeaderWriterFilter (4/15)
26-06-04 11:23:58.898 [http-nio-8080-exec-8] [32mTRACE[0;39m o.s.security.web.FilterChainProxy    [ |  | ] - Invoking CsrfFilter (5/15)
26-06-04 11:23:58.898 [http-nio-8080-exec-8] [32mTRACE[0;39m o.s.security.web.FilterChainProxy    [ |  | ] - Invoking LogoutFilter (6/15)
26-06-04 11:23:58.898 [http-nio-8080-exec-8] [32mTRACE[0;39m o.s.s.w.a.logout.LogoutFilter        [ |  | ] - Did not match request to Ant [pattern='/api/auth/logout', POST]
26-06-04 11:23:58.898 [http-nio-8080-exec-8] [32mTRACE[0;39m o.s.security.web.FilterChainProxy    [ |  | ] - Invoking JwtAuthenticationFilter (7/15)
26-06-04 11:23:58.899 [http-nio-8080-exec-8] [32mTRACE[0;39m o.s.s.w.c.SupplierDeferredSecurityContext [ |  | ] - Created SecurityContextImpl [Null authentication]
26-06-04 11:23:58.899 [http-nio-8080-exec-8] [32mDEBUG[0;39m c.s.m.d.s.f.JwtAuthenticationFilter  [ |  | ] - Security Context에 'user1' 인증 정보를 저장했습니다.
26-06-04 11:23:58.899 [http-nio-8080-exec-8] [32mTRACE[0;39m o.s.security.web.FilterChainProxy    [ |  | ] - Invoking UsernamePasswordAuthenticationFilter (8/15)
26-06-04 11:23:58.899 [http-nio-8080-exec-8] [32mTRACE[0;39m o.s.s.w.a.UsernamePasswordAuthenticationFilter [ |  | ] - Did not match request to Ant [pattern='/api/auth/login', POST]
26-06-04 11:23:58.899 [http-nio-8080-exec-8] [32mTRACE[0;39m o.s.security.web.FilterChainProxy    [ |  | ] - Invoking RequestCacheAwareFilter (9/15)
26-06-04 11:23:58.899 [http-nio-8080-exec-8] [32mTRACE[0;39m o.s.security.web.FilterChainProxy    [ |  | ] - Invoking SecurityContextHolderAwareRequestFilter (10/15)
26-06-04 11:23:58.899 [http-nio-8080-exec-8] [32mTRACE[0;39m o.s.security.web.FilterChainProxy    [ |  | ] - Invoking RememberMeAuthenticationFilter (11/15)
26-06-04 11:23:58.899 [http-nio-8080-exec-8] [32mDEBUG[0;39m o.s.s.w.a.r.RememberMeAuthenticationFilter [ |  | ] - SecurityContextHolder not populated with remember-me token, as it already contained: 'UsernamePasswordAuthenticationToken [Principal=org.springframework.security.core.userdetails.User [Username=user1, Password=[PROTECTED], Enabled=true, AccountNonExpired=true, CredentialsNonExpired=true, AccountNonLocked=true, Granted Authorities=[ROLE_USER]], Credentials=[PROTECTED], Authenticated=true, Details=null, Granted Authorities=[ROLE_USER]]'
26-06-04 11:23:58.899 [http-nio-8080-exec-8] [32mTRACE[0;39m o.s.security.web.FilterChainProxy    [ |  | ] - Invoking AnonymousAuthenticationFilter (12/15)
26-06-04 11:23:58.899 [http-nio-8080-exec-8] [32mTRACE[0;39m o.s.security.web.FilterChainProxy    [ |  | ] - Invoking SessionManagementFilter (13/15)
26-06-04 11:23:58.899 [http-nio-8080-exec-8] [32mTRACE[0;39m o.s.s.w.a.AnonymousAuthenticationFilter [ |  | ] - Did not set SecurityContextHolder since already authenticated UsernamePasswordAuthenticationToken [Principal=org.springframework.security.core.userdetails.User [Username=user1, Password=[PROTECTED], Enabled=true, AccountNonExpired=true, CredentialsNonExpired=true, AccountNonLocked=true, Granted Authorities=[ROLE_USER]], Credentials=[PROTECTED], Authenticated=true, Details=null, Granted Authorities=[ROLE_USER]]
26-06-04 11:23:58.899 [http-nio-8080-exec-8] [32mTRACE[0;39m o.s.s.w.a.s.CompositeSessionAuthenticationStrategy [ |  | ] - Preparing session with ChangeSessionIdAuthenticationStrategy (1/2)
26-06-04 11:23:58.899 [http-nio-8080-exec-8] [32mTRACE[0;39m o.s.s.w.a.s.CompositeSessionAuthenticationStrategy [ |  | ] - Preparing session with CsrfAuthenticationStrategy (2/2)
26-06-04 11:23:58.900 [http-nio-8080-exec-8] [32mDEBUG[0;39m o.s.s.w.c.CsrfAuthenticationStrategy [ |  | ] - Replaced CSRF Token
26-06-04 11:23:58.900 [http-nio-8080-exec-8] [32mTRACE[0;39m o.s.security.web.FilterChainProxy    [ |  | ] - Invoking ExceptionTranslationFilter (14/15)
26-06-04 11:23:58.900 [http-nio-8080-exec-8] [32mTRACE[0;39m o.s.security.web.FilterChainProxy    [ |  | ] - Invoking AuthorizationFilter (15/15)
26-06-04 11:23:58.900 [http-nio-8080-exec-8] [32mTRACE[0;39m o.s.s.w.a.i.RequestMatcherDelegatingAuthorizationManager [ |  | ] - Authorizing POST /api/readStatuses
26-06-04 11:23:58.900 [http-nio-8080-exec-8] [32mTRACE[0;39m o.s.s.w.a.i.RequestMatcherDelegatingAuthorizationManager [ |  | ] - Checking authorization on POST /api/readStatuses using org.springframework.security.authorization.AuthenticatedAuthorizationManager@5d73ce5
26-06-04 11:23:58.900 [http-nio-8080-exec-8] [32mDEBUG[0;39m o.s.security.web.FilterChainProxy    [ |  | ] - Secured POST /api/readStatuses
26-06-04 11:23:58.900 [http-nio-8080-exec-8] [32mDEBUG[0;39m c.s.m.d.config.MDCLoggingInterceptor [132667ec758848239515490df8a5061a | POST | /api/readStatuses] - Request started
26-06-04 11:23:58.902 [http-nio-8080-exec-8] [32mINFO [0;39m c.s.m.d.c.ReadStatusController       [132667ec758848239515490df8a5061a | POST | /api/readStatuses] - 읽음 상태 생성/업데이트 요청: ReadStatusCreateRequest[userId=d2221d17-7460-4f2d-98b9-0192e1c0a821, channelId=ba45765e-0f83-4f0b-b02f-1ed2f2e44a3e, lastReadAt=2026-06-04T02:23:58.896Z]
26-06-04 11:23:58.902 [http-nio-8080-exec-8] [32mDEBUG[0;39m c.s.m.d.s.b.BasicReadStatusService   [132667ec758848239515490df8a5061a | POST | /api/readStatuses] - 읽음 상태 생성/업데이트 시작: userId=d2221d17-7460-4f2d-98b9-0192e1c0a821, channelId=ba45765e-0f83-4f0b-b02f-1ed2f2e44a3e
26-06-04 11:23:58.902 [http-nio-8080-exec-8] [32mDEBUG[0;39m org.hibernate.SQL                    [132667ec758848239515490df8a5061a | POST | /api/readStatuses] - 
    select
        u1_0.id,
        u1_0.created_at,
        u1_0.email,
        u1_0.password,
        u1_0.profile_id,
        u1_0.role,
        u1_0.updated_at,
        u1_0.username 
    from
        users u1_0 
    where
        u1_0.id=?
26-06-04 11:23:58.902 [http-nio-8080-exec-8] [32mTRACE[0;39m org.hibernate.orm.jdbc.bind          [132667ec758848239515490df8a5061a | POST | /api/readStatuses] - binding parameter (1:UUID) <- [d2221d17-7460-4f2d-98b9-0192e1c0a821]
26-06-04 11:23:58.903 [http-nio-8080-exec-8] [33mWARN [0;39m c.s.m.d.c.ReadStatusController       [132667ec758848239515490df8a5061a | POST | /api/readStatuses] - 읽음 상태 생성 실패(이미 존재할 가능성 있음), 업데이트로 전환합니다. 사유: 사용자를 찾을 수 없습니다.
26-06-04 11:23:58.904 [http-nio-8080-exec-8] [32mDEBUG[0;39m c.s.m.d.config.MDCLoggingInterceptor [132667ec758848239515490df8a5061a | POST | /api/readStatuses] - Request completed
26-06-04 11:23:58.904 [http-nio-8080-exec-8] [32mTRACE[0;39m o.s.s.w.h.writers.HstsHeaderWriter   [ |  | ] - Not injecting HSTS header since it did not match request to [Is Secure]
26-06-04 11:23:58.909 [http-nio-8080-exec-6] [32mTRACE[0;39m o.s.security.web.FilterChainProxy    [ |  | ] - Trying to match request against DefaultSecurityFilterChain defined as 'filterChain' in [class path resource [com/sprint/mission/discodeit/config/SecurityConfig.class]] matching [any request] and having filters [DisableEncodeUrl, WebAsyncManagerIntegration, SecurityContextHolder, HeaderWriter, Csrf, Logout, JwtAuthentication, UsernamePasswordAuthentication, RequestCacheAware, SecurityContextHolderAwareRequest, RememberMeAuthentication, AnonymousAuthentication, SessionManagement, ExceptionTranslation, Authorization] (1/1)
26-06-04 11:23:58.909 [http-nio-8080-exec-6] [32mDEBUG[0;39m o.s.security.web.FilterChainProxy    [ |  | ] - Securing GET /api/binaryContents/abe97c5a-d3f5-4194-9f8a-2a735501df0c
26-06-04 11:23:58.910 [http-nio-8080-exec-6] [32mTRACE[0;39m o.s.security.web.FilterChainProxy    [ |  | ] - Invoking DisableEncodeUrlFilter (1/15)
26-06-04 11:23:58.910 [http-nio-8080-exec-6] [32mTRACE[0;39m o.s.security.web.FilterChainProxy    [ |  | ] - Invoking WebAsyncManagerIntegrationFilter (2/15)
26-06-04 11:23:58.910 [http-nio-8080-exec-6] [32mTRACE[0;39m o.s.security.web.FilterChainProxy    [ |  | ] - Invoking SecurityContextHolderFilter (3/15)
26-06-04 11:23:58.910 [http-nio-8080-exec-6] [32mTRACE[0;39m o.s.security.web.FilterChainProxy    [ |  | ] - Invoking HeaderWriterFilter (4/15)
26-06-04 11:23:58.910 [http-nio-8080-exec-6] [32mTRACE[0;39m o.s.security.web.FilterChainProxy    [ |  | ] - Invoking CsrfFilter (5/15)
26-06-04 11:23:58.910 [http-nio-8080-exec-6] [32mTRACE[0;39m o.s.security.web.csrf.CsrfFilter     [ |  | ] - Did not protect against CSRF since request did not match CsrfNotRequired [TRACE, HEAD, GET, OPTIONS]
26-06-04 11:23:58.910 [http-nio-8080-exec-6] [32mTRACE[0;39m o.s.security.web.FilterChainProxy    [ |  | ] - Invoking LogoutFilter (6/15)
26-06-04 11:23:58.910 [http-nio-8080-exec-6] [32mTRACE[0;39m o.s.s.w.a.logout.LogoutFilter        [ |  | ] - Did not match request to Ant [pattern='/api/auth/logout', POST]
26-06-04 11:23:58.910 [http-nio-8080-exec-6] [32mTRACE[0;39m o.s.security.web.FilterChainProxy    [ |  | ] - Invoking JwtAuthenticationFilter (7/15)
26-06-04 11:23:58.911 [http-nio-8080-exec-6] [32mTRACE[0;39m o.s.s.w.c.SupplierDeferredSecurityContext [ |  | ] - Created SecurityContextImpl [Null authentication]
26-06-04 11:23:58.911 [http-nio-8080-exec-6] [32mDEBUG[0;39m c.s.m.d.s.f.JwtAuthenticationFilter  [ |  | ] - Security Context에 'user1' 인증 정보를 저장했습니다.
26-06-04 11:23:58.911 [http-nio-8080-exec-6] [32mTRACE[0;39m o.s.security.web.FilterChainProxy    [ |  | ] - Invoking UsernamePasswordAuthenticationFilter (8/15)
26-06-04 11:23:58.911 [http-nio-8080-exec-6] [32mTRACE[0;39m o.s.s.w.a.UsernamePasswordAuthenticationFilter [ |  | ] - Did not match request to Ant [pattern='/api/auth/login', POST]
26-06-04 11:23:58.911 [http-nio-8080-exec-6] [32mTRACE[0;39m o.s.security.web.FilterChainProxy    [ |  | ] - Invoking RequestCacheAwareFilter (9/15)
26-06-04 11:23:58.911 [http-nio-8080-exec-6] [32mTRACE[0;39m o.s.security.web.FilterChainProxy    [ |  | ] - Invoking SecurityContextHolderAwareRequestFilter (10/15)
26-06-04 11:23:58.911 [http-nio-8080-exec-6] [32mTRACE[0;39m o.s.security.web.FilterChainProxy    [ |  | ] - Invoking RememberMeAuthenticationFilter (11/15)
26-06-04 11:23:58.911 [http-nio-8080-exec-6] [32mDEBUG[0;39m o.s.s.w.a.r.RememberMeAuthenticationFilter [ |  | ] - SecurityContextHolder not populated with remember-me token, as it already contained: 'UsernamePasswordAuthenticationToken [Principal=org.springframework.security.core.userdetails.User [Username=user1, Password=[PROTECTED], Enabled=true, AccountNonExpired=true, CredentialsNonExpired=true, AccountNonLocked=true, Granted Authorities=[ROLE_USER]], Credentials=[PROTECTED], Authenticated=true, Details=null, Granted Authorities=[ROLE_USER]]'
26-06-04 11:23:58.911 [http-nio-8080-exec-6] [32mTRACE[0;39m o.s.security.web.FilterChainProxy    [ |  | ] - Invoking AnonymousAuthenticationFilter (12/15)
26-06-04 11:23:58.911 [http-nio-8080-exec-6] [32mTRACE[0;39m o.s.security.web.FilterChainProxy    [ |  | ] - Invoking SessionManagementFilter (13/15)
26-06-04 11:23:58.911 [http-nio-8080-exec-6] [32mTRACE[0;39m o.s.s.w.a.AnonymousAuthenticationFilter [ |  | ] - Did not set SecurityContextHolder since already authenticated UsernamePasswordAuthenticationToken [Principal=org.springframework.security.core.userdetails.User [Username=user1, Password=[PROTECTED], Enabled=true, AccountNonExpired=true, CredentialsNonExpired=true, AccountNonLocked=true, Granted Authorities=[ROLE_USER]], Credentials=[PROTECTED], Authenticated=true, Details=null, Granted Authorities=[ROLE_USER]]
26-06-04 11:23:58.912 [http-nio-8080-exec-6] [32mTRACE[0;39m o.s.s.w.a.s.CompositeSessionAuthenticationStrategy [ |  | ] - Preparing session with ChangeSessionIdAuthenticationStrategy (1/2)
26-06-04 11:23:58.912 [http-nio-8080-exec-6] [32mTRACE[0;39m o.s.s.w.a.s.CompositeSessionAuthenticationStrategy [ |  | ] - Preparing session with CsrfAuthenticationStrategy (2/2)
26-06-04 11:23:58.912 [http-nio-8080-exec-6] [32mDEBUG[0;39m o.s.s.w.c.CsrfAuthenticationStrategy [ |  | ] - Replaced CSRF Token
26-06-04 11:23:58.912 [http-nio-8080-exec-6] [32mTRACE[0;39m o.s.security.web.FilterChainProxy    [ |  | ] - Invoking ExceptionTranslationFilter (14/15)
26-06-04 11:23:58.912 [http-nio-8080-exec-6] [32mTRACE[0;39m o.s.security.web.FilterChainProxy    [ |  | ] - Invoking AuthorizationFilter (15/15)
26-06-04 11:23:58.912 [http-nio-8080-exec-6] [32mTRACE[0;39m o.s.s.w.a.i.RequestMatcherDelegatingAuthorizationManager [ |  | ] - Authorizing GET /api/binaryContents/abe97c5a-d3f5-4194-9f8a-2a735501df0c
26-06-04 11:23:58.912 [http-nio-8080-exec-6] [32mTRACE[0;39m o.s.s.w.a.i.RequestMatcherDelegatingAuthorizationManager [ |  | ] - Checking authorization on GET /api/binaryContents/abe97c5a-d3f5-4194-9f8a-2a735501df0c using org.springframework.security.authorization.AuthenticatedAuthorizationManager@5d73ce5
26-06-04 11:23:58.912 [http-nio-8080-exec-6] [32mDEBUG[0;39m o.s.security.web.FilterChainProxy    [ |  | ] - Secured GET /api/binaryContents/abe97c5a-d3f5-4194-9f8a-2a735501df0c
26-06-04 11:23:58.913 [http-nio-8080-exec-6] [32mDEBUG[0;39m c.s.m.d.config.MDCLoggingInterceptor [a27dc3d471674986bb203097186752cd | GET | /api/binaryContents/abe97c5a-d3f5-4194-9f8a-2a735501df0c] - Request started
26-06-04 11:23:58.914 [http-nio-8080-exec-6] [32mINFO [0;39m c.s.m.d.c.BinaryContentController    [a27dc3d471674986bb203097186752cd | GET | /api/binaryContents/abe97c5a-d3f5-4194-9f8a-2a735501df0c] - 바이너리 컨텐츠 조회 요청: id=abe97c5a-d3f5-4194-9f8a-2a735501df0c
26-06-04 11:23:58.914 [http-nio-8080-exec-6] [32mDEBUG[0;39m c.s.m.d.s.b.BasicBinaryContentService [a27dc3d471674986bb203097186752cd | GET | /api/binaryContents/abe97c5a-d3f5-4194-9f8a-2a735501df0c] - 바이너리 컨텐츠 조회 시작: id=abe97c5a-d3f5-4194-9f8a-2a735501df0c
26-06-04 11:23:58.917 [http-nio-8080-exec-6] [32mDEBUG[0;39m org.hibernate.SQL                    [a27dc3d471674986bb203097186752cd | GET | /api/binaryContents/abe97c5a-d3f5-4194-9f8a-2a735501df0c] - 
    select
        bc1_0.id,
        bc1_0.content_type,
        bc1_0.created_at,
        bc1_0.file_name,
        bc1_0.size,
        bc1_0.status,
        bc1_0.updated_at 
    from
        binary_contents bc1_0 
    where
        bc1_0.id=?
26-06-04 11:23:58.917 [http-nio-8080-exec-6] [32mTRACE[0;39m org.hibernate.orm.jdbc.bind          [a27dc3d471674986bb203097186752cd | GET | /api/binaryContents/abe97c5a-d3f5-4194-9f8a-2a735501df0c] - binding parameter (1:UUID) <- [abe97c5a-d3f5-4194-9f8a-2a735501df0c]
26-06-04 11:23:58.918 [http-nio-8080-exec-6] [32mINFO [0;39m c.s.m.d.s.b.BasicBinaryContentService [a27dc3d471674986bb203097186752cd | GET | /api/binaryContents/abe97c5a-d3f5-4194-9f8a-2a735501df0c] - 바이너리 컨텐츠 조회 완료: id=abe97c5a-d3f5-4194-9f8a-2a735501df0c, fileName=스펀지.jpeg
26-06-04 11:23:58.918 [http-nio-8080-exec-6] [32mDEBUG[0;39m c.s.m.d.c.BinaryContentController    [a27dc3d471674986bb203097186752cd | GET | /api/binaryContents/abe97c5a-d3f5-4194-9f8a-2a735501df0c] - 바이너리 컨텐츠 조회 응답: BinaryContentDto[id=abe97c5a-d3f5-4194-9f8a-2a735501df0c, fileName=스펀지.jpeg, size=7700, contentType=image/jpeg, url=http://localhost:8080/api/binaryContents/abe97c5a-d3f5-4194-9f8a-2a735501df0c/download]
26-06-04 11:23:58.919 [http-nio-8080-exec-6] [32mTRACE[0;39m o.s.s.w.h.writers.HstsHeaderWriter   [a27dc3d471674986bb203097186752cd | GET | /api/binaryContents/abe97c5a-d3f5-4194-9f8a-2a735501df0c] - Not injecting HSTS header since it did not match request to [Is Secure]
26-06-04 11:23:58.919 [http-nio-8080-exec-6] [32mDEBUG[0;39m c.s.m.d.config.MDCLoggingInterceptor [a27dc3d471674986bb203097186752cd | GET | /api/binaryContents/abe97c5a-d3f5-4194-9f8a-2a735501df0c] - Request completed
26-06-04 11:23:59.065 [http-nio-8080-exec-10] [32mTRACE[0;39m o.s.security.web.FilterChainProxy    [ |  | ] - Trying to match request against DefaultSecurityFilterChain defined as 'filterChain' in [class path resource [com/sprint/mission/discodeit/config/SecurityConfig.class]] matching [any request] and having filters [DisableEncodeUrl, WebAsyncManagerIntegration, SecurityContextHolder, HeaderWriter, Csrf, Logout, JwtAuthentication, UsernamePasswordAuthentication, RequestCacheAware, SecurityContextHolderAwareRequest, RememberMeAuthentication, AnonymousAuthentication, SessionManagement, ExceptionTranslation, Authorization] (1/1)
26-06-04 11:23:59.065 [http-nio-8080-exec-10] [32mDEBUG[0;39m o.s.security.web.FilterChainProxy    [ |  | ] - Securing GET /api/messages?channelId=ba45765e-0f83-4f0b-b02f-1ed2f2e44a3e&size=50&sort=createdAt,desc
26-06-04 11:23:59.065 [http-nio-8080-exec-10] [32mTRACE[0;39m o.s.security.web.FilterChainProxy    [ |  | ] - Invoking DisableEncodeUrlFilter (1/15)
26-06-04 11:23:59.065 [http-nio-8080-exec-10] [32mTRACE[0;39m o.s.security.web.FilterChainProxy    [ |  | ] - Invoking WebAsyncManagerIntegrationFilter (2/15)
26-06-04 11:23:59.066 [http-nio-8080-exec-10] [32mTRACE[0;39m o.s.security.web.FilterChainProxy    [ |  | ] - Invoking SecurityContextHolderFilter (3/15)
26-06-04 11:23:59.066 [http-nio-8080-exec-10] [32mTRACE[0;39m o.s.security.web.FilterChainProxy    [ |  | ] - Invoking HeaderWriterFilter (4/15)
26-06-04 11:23:59.066 [http-nio-8080-exec-10] [32mTRACE[0;39m o.s.security.web.FilterChainProxy    [ |  | ] - Invoking CsrfFilter (5/15)
26-06-04 11:23:59.066 [http-nio-8080-exec-10] [32mTRACE[0;39m o.s.security.web.csrf.CsrfFilter     [ |  | ] - Did not protect against CSRF since request did not match CsrfNotRequired [TRACE, HEAD, GET, OPTIONS]
26-06-04 11:23:59.066 [http-nio-8080-exec-10] [32mTRACE[0;39m o.s.security.web.FilterChainProxy    [ |  | ] - Invoking LogoutFilter (6/15)
26-06-04 11:23:59.066 [http-nio-8080-exec-10] [32mTRACE[0;39m o.s.s.w.a.logout.LogoutFilter        [ |  | ] - Did not match request to Ant [pattern='/api/auth/logout', POST]
26-06-04 11:23:59.066 [http-nio-8080-exec-10] [32mTRACE[0;39m o.s.security.web.FilterChainProxy    [ |  | ] - Invoking JwtAuthenticationFilter (7/15)
26-06-04 11:23:59.067 [http-nio-8080-exec-10] [32mTRACE[0;39m o.s.s.w.c.SupplierDeferredSecurityContext [ |  | ] - Created SecurityContextImpl [Null authentication]
26-06-04 11:23:59.067 [http-nio-8080-exec-10] [32mDEBUG[0;39m c.s.m.d.s.f.JwtAuthenticationFilter  [ |  | ] - Security Context에 'user1' 인증 정보를 저장했습니다.
26-06-04 11:23:59.067 [http-nio-8080-exec-10] [32mTRACE[0;39m o.s.security.web.FilterChainProxy    [ |  | ] - Invoking UsernamePasswordAuthenticationFilter (8/15)
26-06-04 11:23:59.067 [http-nio-8080-exec-10] [32mTRACE[0;39m o.s.s.w.a.UsernamePasswordAuthenticationFilter [ |  | ] - Did not match request to Ant [pattern='/api/auth/login', POST]
26-06-04 11:23:59.067 [http-nio-8080-exec-10] [32mTRACE[0;39m o.s.security.web.FilterChainProxy    [ |  | ] - Invoking RequestCacheAwareFilter (9/15)
26-06-04 11:23:59.067 [http-nio-8080-exec-10] [32mTRACE[0;39m o.s.security.web.FilterChainProxy    [ |  | ] - Invoking SecurityContextHolderAwareRequestFilter (10/15)
26-06-04 11:23:59.067 [http-nio-8080-exec-10] [32mTRACE[0;39m o.s.security.web.FilterChainProxy    [ |  | ] - Invoking RememberMeAuthenticationFilter (11/15)
26-06-04 11:23:59.068 [http-nio-8080-exec-10] [32mDEBUG[0;39m o.s.s.w.a.r.RememberMeAuthenticationFilter [ |  | ] - SecurityContextHolder not populated with remember-me token, as it already contained: 'UsernamePasswordAuthenticationToken [Principal=org.springframework.security.core.userdetails.User [Username=user1, Password=[PROTECTED], Enabled=true, AccountNonExpired=true, CredentialsNonExpired=true, AccountNonLocked=true, Granted Authorities=[ROLE_USER]], Credentials=[PROTECTED], Authenticated=true, Details=null, Granted Authorities=[ROLE_USER]]'
26-06-04 11:23:59.068 [http-nio-8080-exec-10] [32mTRACE[0;39m o.s.security.web.FilterChainProxy    [ |  | ] - Invoking AnonymousAuthenticationFilter (12/15)
26-06-04 11:23:59.068 [http-nio-8080-exec-10] [32mTRACE[0;39m o.s.security.web.FilterChainProxy    [ |  | ] - Invoking SessionManagementFilter (13/15)
26-06-04 11:23:59.068 [http-nio-8080-exec-10] [32mTRACE[0;39m o.s.s.w.a.AnonymousAuthenticationFilter [ |  | ] - Did not set SecurityContextHolder since already authenticated UsernamePasswordAuthenticationToken [Principal=org.springframework.security.core.userdetails.User [Username=user1, Password=[PROTECTED], Enabled=true, AccountNonExpired=true, CredentialsNonExpired=true, AccountNonLocked=true, Granted Authorities=[ROLE_USER]], Credentials=[PROTECTED], Authenticated=true, Details=null, Granted Authorities=[ROLE_USER]]
26-06-04 11:23:59.068 [http-nio-8080-exec-10] [32mTRACE[0;39m o.s.s.w.a.s.CompositeSessionAuthenticationStrategy [ |  | ] - Preparing session with ChangeSessionIdAuthenticationStrategy (1/2)
26-06-04 11:23:59.069 [http-nio-8080-exec-10] [32mTRACE[0;39m o.s.s.w.a.s.CompositeSessionAuthenticationStrategy [ |  | ] - Preparing session with CsrfAuthenticationStrategy (2/2)
26-06-04 11:23:59.069 [http-nio-8080-exec-10] [32mDEBUG[0;39m o.s.s.w.c.CsrfAuthenticationStrategy [ |  | ] - Replaced CSRF Token
26-06-04 11:23:59.069 [http-nio-8080-exec-10] [32mTRACE[0;39m o.s.security.web.FilterChainProxy    [ |  | ] - Invoking ExceptionTranslationFilter (14/15)
26-06-04 11:23:59.069 [http-nio-8080-exec-10] [32mTRACE[0;39m o.s.security.web.FilterChainProxy    [ |  | ] - Invoking AuthorizationFilter (15/15)
26-06-04 11:23:59.070 [http-nio-8080-exec-10] [32mTRACE[0;39m o.s.s.w.a.i.RequestMatcherDelegatingAuthorizationManager [ |  | ] - Authorizing GET /api/messages?channelId=ba45765e-0f83-4f0b-b02f-1ed2f2e44a3e&size=50&sort=createdAt,desc
26-06-04 11:23:59.070 [http-nio-8080-exec-10] [32mTRACE[0;39m o.s.s.w.a.i.RequestMatcherDelegatingAuthorizationManager [ |  | ] - Checking authorization on GET /api/messages?channelId=ba45765e-0f83-4f0b-b02f-1ed2f2e44a3e&size=50&sort=createdAt,desc using org.springframework.security.authorization.AuthenticatedAuthorizationManager@5d73ce5
26-06-04 11:23:59.070 [http-nio-8080-exec-10] [32mDEBUG[0;39m o.s.security.web.FilterChainProxy    [ |  | ] - Secured GET /api/messages?channelId=ba45765e-0f83-4f0b-b02f-1ed2f2e44a3e&size=50&sort=createdAt,desc
26-06-04 11:23:59.071 [http-nio-8080-exec-10] [32mDEBUG[0;39m c.s.m.d.config.MDCLoggingInterceptor [1f2657be11d2463e8868af5d5ea0438c | GET | /api/messages] - Request started
26-06-04 11:23:59.076 [http-nio-8080-exec-10] [32mINFO [0;39m c.s.m.d.controller.MessageController [1f2657be11d2463e8868af5d5ea0438c | GET | /api/messages] - 채널별 메시지 목록 조회 요청: channelId=ba45765e-0f83-4f0b-b02f-1ed2f2e44a3e, cursor=null, pageable=Page request [number: 0, size 50, sort: createdAt: DESC]
26-06-04 11:23:59.081 [http-nio-8080-exec-10] [32mDEBUG[0;39m org.hibernate.SQL                    [1f2657be11d2463e8868af5d5ea0438c | GET | /api/messages] - 
    select
        m1_0.id,
        a1_0.id,
        a1_0.created_at,
        a1_0.email,
        a1_0.password,
        p1_0.id,
        p1_0.content_type,
        p1_0.created_at,
        p1_0.file_name,
        p1_0.size,
        p1_0.status,
        p1_0.updated_at,
        a1_0.role,
        a1_0.updated_at,
        a1_0.username,
        m1_0.channel_id,
        m1_0.content,
        m1_0.created_at,
        m1_0.updated_at 
    from
        messages m1_0 
    left join
        users a1_0 
            on a1_0.id=m1_0.author_id 
    left join
        binary_contents p1_0 
            on p1_0.id=a1_0.profile_id 
    where
        m1_0.channel_id=? 
        and m1_0.created_at<? 
    order by
        m1_0.created_at desc 
    fetch
        first ? rows only
26-06-04 11:23:59.081 [http-nio-8080-exec-10] [32mTRACE[0;39m org.hibernate.orm.jdbc.bind          [1f2657be11d2463e8868af5d5ea0438c | GET | /api/messages] - binding parameter (1:UUID) <- [ba45765e-0f83-4f0b-b02f-1ed2f2e44a3e]
26-06-04 11:23:59.082 [http-nio-8080-exec-10] [32mTRACE[0;39m org.hibernate.orm.jdbc.bind          [1f2657be11d2463e8868af5d5ea0438c | GET | /api/messages] - binding parameter (2:TIMESTAMP_UTC) <- [2026-06-04T02:23:59.080104Z]
26-06-04 11:23:59.082 [http-nio-8080-exec-10] [32mTRACE[0;39m org.hibernate.orm.jdbc.bind          [1f2657be11d2463e8868af5d5ea0438c | GET | /api/messages] - binding parameter (3:INTEGER) <- [51]
26-06-04 11:23:59.086 [http-nio-8080-exec-10] [32mDEBUG[0;39m org.hibernate.SQL                    [1f2657be11d2463e8868af5d5ea0438c | GET | /api/messages] - 
    select
        a1_0.message_id,
        a1_1.id,
        a1_1.content_type,
        a1_1.created_at,
        a1_1.file_name,
        a1_1.size,
        a1_1.status,
        a1_1.updated_at 
    from
        message_attachments a1_0 
    join
        binary_contents a1_1 
            on a1_1.id=a1_0.attachment_id 
    where
        a1_0.message_id = any (?)
26-06-04 11:23:59.087 [http-nio-8080-exec-10] [32mTRACE[0;39m org.hibernate.orm.jdbc.bind          [1f2657be11d2463e8868af5d5ea0438c | GET | /api/messages] - binding parameter (1:ARRAY) <- [[d0e6e89d-baa1-4fa5-932c-3abed82c8a39, 6ba14f94-aacf-432b-855c-9d7e8093064b, 44ebe3f9-e516-4900-8256-dc1ae5a34b16, 0cbce506-afa3-4e7e-9d6e-a215a14a4fd4, 619f5b1b-c59d-4558-9b6d-31ae708c4073, 693bd7ab-63ad-4077-a61b-8c9085faadc1, c085798f-b9b8-4338-9dad-aded811c30b9, 50d3dc11-ab6a-4d48-bdd8-94b994cda3b2, e5c6311c-852d-4045-979c-b2f4e4a71f64]]
26-06-04 11:23:59.091 [http-nio-8080-exec-10] [32mDEBUG[0;39m c.s.m.d.controller.MessageController [1f2657be11d2463e8868af5d5ea0438c | GET | /api/messages] - 채널별 메시지 목록 조회 응답: totalElements=null
26-06-04 11:23:59.093 [http-nio-8080-exec-10] [32mTRACE[0;39m o.s.s.w.h.writers.HstsHeaderWriter   [1f2657be11d2463e8868af5d5ea0438c | GET | /api/messages] - Not injecting HSTS header since it did not match request to [Is Secure]
26-06-04 11:23:59.094 [http-nio-8080-exec-10] [32mDEBUG[0;39m c.s.m.d.config.MDCLoggingInterceptor [1f2657be11d2463e8868af5d5ea0438c | GET | /api/messages] - Request completed
26-06-04 11:23:59.550 [http-nio-8080-exec-2] [32mTRACE[0;39m o.s.security.web.FilterChainProxy    [ |  | ] - Trying to match request against DefaultSecurityFilterChain defined as 'filterChain' in [class path resource [com/sprint/mission/discodeit/config/SecurityConfig.class]] matching [any request] and having filters [DisableEncodeUrl, WebAsyncManagerIntegration, SecurityContextHolder, HeaderWriter, Csrf, Logout, JwtAuthentication, UsernamePasswordAuthentication, RequestCacheAware, SecurityContextHolderAwareRequest, RememberMeAuthentication, AnonymousAuthentication, SessionManagement, ExceptionTranslation, Authorization] (1/1)
26-06-04 11:23:59.550 [http-nio-8080-exec-2] [32mDEBUG[0;39m o.s.security.web.FilterChainProxy    [ |  | ] - Securing GET /api/messages?channelId=ba45765e-0f83-4f0b-b02f-1ed2f2e44a3e&size=50&sort=createdAt,desc
26-06-04 11:23:59.551 [http-nio-8080-exec-2] [32mTRACE[0;39m o.s.security.web.FilterChainProxy    [ |  | ] - Invoking DisableEncodeUrlFilter (1/15)
26-06-04 11:23:59.551 [http-nio-8080-exec-2] [32mTRACE[0;39m o.s.security.web.FilterChainProxy    [ |  | ] - Invoking WebAsyncManagerIntegrationFilter (2/15)
26-06-04 11:23:59.551 [http-nio-8080-exec-2] [32mTRACE[0;39m o.s.security.web.FilterChainProxy    [ |  | ] - Invoking SecurityContextHolderFilter (3/15)
26-06-04 11:23:59.551 [http-nio-8080-exec-2] [32mTRACE[0;39m o.s.security.web.FilterChainProxy    [ |  | ] - Invoking HeaderWriterFilter (4/15)
26-06-04 11:23:59.551 [http-nio-8080-exec-2] [32mTRACE[0;39m o.s.security.web.FilterChainProxy    [ |  | ] - Invoking CsrfFilter (5/15)
26-06-04 11:23:59.551 [http-nio-8080-exec-2] [32mTRACE[0;39m o.s.security.web.csrf.CsrfFilter     [ |  | ] - Did not protect against CSRF since request did not match CsrfNotRequired [TRACE, HEAD, GET, OPTIONS]
26-06-04 11:23:59.551 [http-nio-8080-exec-2] [32mTRACE[0;39m o.s.security.web.FilterChainProxy    [ |  | ] - Invoking LogoutFilter (6/15)
26-06-04 11:23:59.551 [http-nio-8080-exec-2] [32mTRACE[0;39m o.s.s.w.a.logout.LogoutFilter        [ |  | ] - Did not match request to Ant [pattern='/api/auth/logout', POST]
26-06-04 11:23:59.551 [http-nio-8080-exec-2] [32mTRACE[0;39m o.s.security.web.FilterChainProxy    [ |  | ] - Invoking JwtAuthenticationFilter (7/15)
26-06-04 11:23:59.551 [http-nio-8080-exec-2] [32mTRACE[0;39m o.s.s.w.c.SupplierDeferredSecurityContext [ |  | ] - Created SecurityContextImpl [Null authentication]
26-06-04 11:23:59.551 [http-nio-8080-exec-2] [32mDEBUG[0;39m c.s.m.d.s.f.JwtAuthenticationFilter  [ |  | ] - Security Context에 'user1' 인증 정보를 저장했습니다.
26-06-04 11:23:59.551 [http-nio-8080-exec-2] [32mTRACE[0;39m o.s.security.web.FilterChainProxy    [ |  | ] - Invoking UsernamePasswordAuthenticationFilter (8/15)
26-06-04 11:23:59.552 [http-nio-8080-exec-2] [32mTRACE[0;39m o.s.s.w.a.UsernamePasswordAuthenticationFilter [ |  | ] - Did not match request to Ant [pattern='/api/auth/login', POST]
26-06-04 11:23:59.552 [http-nio-8080-exec-2] [32mTRACE[0;39m o.s.security.web.FilterChainProxy    [ |  | ] - Invoking RequestCacheAwareFilter (9/15)
26-06-04 11:23:59.552 [http-nio-8080-exec-2] [32mTRACE[0;39m o.s.security.web.FilterChainProxy    [ |  | ] - Invoking SecurityContextHolderAwareRequestFilter (10/15)
26-06-04 11:23:59.552 [http-nio-8080-exec-2] [32mTRACE[0;39m o.s.security.web.FilterChainProxy    [ |  | ] - Invoking RememberMeAuthenticationFilter (11/15)
26-06-04 11:23:59.552 [http-nio-8080-exec-2] [32mDEBUG[0;39m o.s.s.w.a.r.RememberMeAuthenticationFilter [ |  | ] - SecurityContextHolder not populated with remember-me token, as it already contained: 'UsernamePasswordAuthenticationToken [Principal=org.springframework.security.core.userdetails.User [Username=user1, Password=[PROTECTED], Enabled=true, AccountNonExpired=true, CredentialsNonExpired=true, AccountNonLocked=true, Granted Authorities=[ROLE_USER]], Credentials=[PROTECTED], Authenticated=true, Details=null, Granted Authorities=[ROLE_USER]]'
26-06-04 11:23:59.552 [http-nio-8080-exec-2] [32mTRACE[0;39m o.s.security.web.FilterChainProxy    [ |  | ] - Invoking AnonymousAuthenticationFilter (12/15)
26-06-04 11:23:59.552 [http-nio-8080-exec-2] [32mTRACE[0;39m o.s.security.web.FilterChainProxy    [ |  | ] - Invoking SessionManagementFilter (13/15)
26-06-04 11:23:59.552 [http-nio-8080-exec-2] [32mTRACE[0;39m o.s.s.w.a.AnonymousAuthenticationFilter [ |  | ] - Did not set SecurityContextHolder since already authenticated UsernamePasswordAuthenticationToken [Principal=org.springframework.security.core.userdetails.User [Username=user1, Password=[PROTECTED], Enabled=true, AccountNonExpired=true, CredentialsNonExpired=true, AccountNonLocked=true, Granted Authorities=[ROLE_USER]], Credentials=[PROTECTED], Authenticated=true, Details=null, Granted Authorities=[ROLE_USER]]
26-06-04 11:23:59.552 [http-nio-8080-exec-2] [32mTRACE[0;39m o.s.s.w.a.s.CompositeSessionAuthenticationStrategy [ |  | ] - Preparing session with ChangeSessionIdAuthenticationStrategy (1/2)
26-06-04 11:23:59.552 [http-nio-8080-exec-2] [32mTRACE[0;39m o.s.s.w.a.s.CompositeSessionAuthenticationStrategy [ |  | ] - Preparing session with CsrfAuthenticationStrategy (2/2)
26-06-04 11:23:59.552 [http-nio-8080-exec-2] [32mDEBUG[0;39m o.s.s.w.c.CsrfAuthenticationStrategy [ |  | ] - Replaced CSRF Token
26-06-04 11:23:59.552 [http-nio-8080-exec-2] [32mTRACE[0;39m o.s.security.web.FilterChainProxy    [ |  | ] - Invoking ExceptionTranslationFilter (14/15)
26-06-04 11:23:59.552 [http-nio-8080-exec-2] [32mTRACE[0;39m o.s.security.web.FilterChainProxy    [ |  | ] - Invoking AuthorizationFilter (15/15)
26-06-04 11:23:59.552 [http-nio-8080-exec-2] [32mTRACE[0;39m o.s.s.w.a.i.RequestMatcherDelegatingAuthorizationManager [ |  | ] - Authorizing GET /api/messages?channelId=ba45765e-0f83-4f0b-b02f-1ed2f2e44a3e&size=50&sort=createdAt,desc
26-06-04 11:23:59.552 [http-nio-8080-exec-2] [32mTRACE[0;39m o.s.s.w.a.i.RequestMatcherDelegatingAuthorizationManager [ |  | ] - Checking authorization on GET /api/messages?channelId=ba45765e-0f83-4f0b-b02f-1ed2f2e44a3e&size=50&sort=createdAt,desc using org.springframework.security.authorization.AuthenticatedAuthorizationManager@5d73ce5
26-06-04 11:23:59.552 [http-nio-8080-exec-2] [32mDEBUG[0;39m o.s.security.web.FilterChainProxy    [ |  | ] - Secured GET /api/messages?channelId=ba45765e-0f83-4f0b-b02f-1ed2f2e44a3e&size=50&sort=createdAt,desc
26-06-04 11:23:59.552 [http-nio-8080-exec-2] [32mDEBUG[0;39m c.s.m.d.config.MDCLoggingInterceptor [82e55f57296846b8b70e3fe0325ad356 | GET | /api/messages] - Request started
26-06-04 11:23:59.553 [http-nio-8080-exec-2] [32mINFO [0;39m c.s.m.d.controller.MessageController [82e55f57296846b8b70e3fe0325ad356 | GET | /api/messages] - 채널별 메시지 목록 조회 요청: channelId=ba45765e-0f83-4f0b-b02f-1ed2f2e44a3e, cursor=null, pageable=Page request [number: 0, size 50, sort: createdAt: DESC]
26-06-04 11:23:59.556 [http-nio-8080-exec-2] [32mDEBUG[0;39m org.hibernate.SQL                    [82e55f57296846b8b70e3fe0325ad356 | GET | /api/messages] - 
    select
        m1_0.id,
        a1_0.id,
        a1_0.created_at,
        a1_0.email,
        a1_0.password,
        p1_0.id,
        p1_0.content_type,
        p1_0.created_at,
        p1_0.file_name,
        p1_0.size,
        p1_0.status,
        p1_0.updated_at,
        a1_0.role,
        a1_0.updated_at,
        a1_0.username,
        m1_0.channel_id,
        m1_0.content,
        m1_0.created_at,
        m1_0.updated_at 
    from
        messages m1_0 
    left join
        users a1_0 
            on a1_0.id=m1_0.author_id 
    left join
        binary_contents p1_0 
            on p1_0.id=a1_0.profile_id 
    where
        m1_0.channel_id=? 
        and m1_0.created_at<? 
    order by
        m1_0.created_at desc 
    fetch
        first ? rows only
26-06-04 11:23:59.557 [http-nio-8080-exec-2] [32mTRACE[0;39m org.hibernate.orm.jdbc.bind          [82e55f57296846b8b70e3fe0325ad356 | GET | /api/messages] - binding parameter (1:UUID) <- [ba45765e-0f83-4f0b-b02f-1ed2f2e44a3e]
26-06-04 11:23:59.557 [http-nio-8080-exec-2] [32mTRACE[0;39m org.hibernate.orm.jdbc.bind          [82e55f57296846b8b70e3fe0325ad356 | GET | /api/messages] - binding parameter (2:TIMESTAMP_UTC) <- [2026-06-04T02:23:59.555139Z]
26-06-04 11:23:59.557 [http-nio-8080-exec-2] [32mTRACE[0;39m org.hibernate.orm.jdbc.bind          [82e55f57296846b8b70e3fe0325ad356 | GET | /api/messages] - binding parameter (3:INTEGER) <- [51]
26-06-04 11:23:59.562 [http-nio-8080-exec-2] [32mDEBUG[0;39m org.hibernate.SQL                    [82e55f57296846b8b70e3fe0325ad356 | GET | /api/messages] - 
    select
        a1_0.message_id,
        a1_1.id,
        a1_1.content_type,
        a1_1.created_at,
        a1_1.file_name,
        a1_1.size,
        a1_1.status,
        a1_1.updated_at 
    from
        message_attachments a1_0 
    join
        binary_contents a1_1 
            on a1_1.id=a1_0.attachment_id 
    where
        a1_0.message_id = any (?)
26-06-04 11:23:59.562 [http-nio-8080-exec-2] [32mTRACE[0;39m org.hibernate.orm.jdbc.bind          [82e55f57296846b8b70e3fe0325ad356 | GET | /api/messages] - binding parameter (1:ARRAY) <- [[d0e6e89d-baa1-4fa5-932c-3abed82c8a39, 6ba14f94-aacf-432b-855c-9d7e8093064b, 44ebe3f9-e516-4900-8256-dc1ae5a34b16, 0cbce506-afa3-4e7e-9d6e-a215a14a4fd4, 619f5b1b-c59d-4558-9b6d-31ae708c4073, 693bd7ab-63ad-4077-a61b-8c9085faadc1, c085798f-b9b8-4338-9dad-aded811c30b9, 50d3dc11-ab6a-4d48-bdd8-94b994cda3b2, e5c6311c-852d-4045-979c-b2f4e4a71f64]]
26-06-04 11:23:59.563 [http-nio-8080-exec-2] [32mDEBUG[0;39m c.s.m.d.controller.MessageController [82e55f57296846b8b70e3fe0325ad356 | GET | /api/messages] - 채널별 메시지 목록 조회 응답: totalElements=null
26-06-04 11:23:59.564 [http-nio-8080-exec-2] [32mTRACE[0;39m o.s.s.w.h.writers.HstsHeaderWriter   [82e55f57296846b8b70e3fe0325ad356 | GET | /api/messages] - Not injecting HSTS header since it did not match request to [Is Secure]
26-06-04 11:23:59.564 [http-nio-8080-exec-2] [32mDEBUG[0;39m c.s.m.d.config.MDCLoggingInterceptor [82e55f57296846b8b70e3fe0325ad356 | GET | /api/messages] - Request completed
26-06-04 11:23:59.821 [http-nio-8080-exec-5] [32mTRACE[0;39m o.s.security.web.FilterChainProxy    [ |  | ] - Trying to match request against DefaultSecurityFilterChain defined as 'filterChain' in [class path resource [com/sprint/mission/discodeit/config/SecurityConfig.class]] matching [any request] and having filters [DisableEncodeUrl, WebAsyncManagerIntegration, SecurityContextHolder, HeaderWriter, Csrf, Logout, JwtAuthentication, UsernamePasswordAuthentication, RequestCacheAware, SecurityContextHolderAwareRequest, RememberMeAuthentication, AnonymousAuthentication, SessionManagement, ExceptionTranslation, Authorization] (1/1)
26-06-04 11:23:59.821 [http-nio-8080-exec-5] [32mDEBUG[0;39m o.s.security.web.FilterChainProxy    [ |  | ] - Securing GET /api/channels?userId=d2221d17-7460-4f2d-98b9-0192e1c0a821
26-06-04 11:23:59.821 [http-nio-8080-exec-5] [32mTRACE[0;39m o.s.security.web.FilterChainProxy    [ |  | ] - Invoking DisableEncodeUrlFilter (1/15)
26-06-04 11:23:59.821 [http-nio-8080-exec-5] [32mTRACE[0;39m o.s.security.web.FilterChainProxy    [ |  | ] - Invoking WebAsyncManagerIntegrationFilter (2/15)
26-06-04 11:23:59.821 [http-nio-8080-exec-5] [32mTRACE[0;39m o.s.security.web.FilterChainProxy    [ |  | ] - Invoking SecurityContextHolderFilter (3/15)
26-06-04 11:23:59.822 [http-nio-8080-exec-5] [32mTRACE[0;39m o.s.security.web.FilterChainProxy    [ |  | ] - Invoking HeaderWriterFilter (4/15)
26-06-04 11:23:59.822 [http-nio-8080-exec-5] [32mTRACE[0;39m o.s.security.web.FilterChainProxy    [ |  | ] - Invoking CsrfFilter (5/15)
26-06-04 11:23:59.822 [http-nio-8080-exec-5] [32mTRACE[0;39m o.s.security.web.csrf.CsrfFilter     [ |  | ] - Did not protect against CSRF since request did not match CsrfNotRequired [TRACE, HEAD, GET, OPTIONS]
26-06-04 11:23:59.822 [http-nio-8080-exec-5] [32mTRACE[0;39m o.s.security.web.FilterChainProxy    [ |  | ] - Invoking LogoutFilter (6/15)
26-06-04 11:23:59.822 [http-nio-8080-exec-5] [32mTRACE[0;39m o.s.s.w.a.logout.LogoutFilter        [ |  | ] - Did not match request to Ant [pattern='/api/auth/logout', POST]
26-06-04 11:23:59.822 [http-nio-8080-exec-5] [32mTRACE[0;39m o.s.security.web.FilterChainProxy    [ |  | ] - Invoking JwtAuthenticationFilter (7/15)
26-06-04 11:23:59.824 [http-nio-8080-exec-5] [32mTRACE[0;39m o.s.s.w.c.SupplierDeferredSecurityContext [ |  | ] - Created SecurityContextImpl [Null authentication]
26-06-04 11:23:59.825 [http-nio-8080-exec-5] [32mDEBUG[0;39m c.s.m.d.s.f.JwtAuthenticationFilter  [ |  | ] - Security Context에 'user1' 인증 정보를 저장했습니다.
26-06-04 11:23:59.825 [http-nio-8080-exec-5] [32mTRACE[0;39m o.s.security.web.FilterChainProxy    [ |  | ] - Invoking UsernamePasswordAuthenticationFilter (8/15)
26-06-04 11:23:59.825 [http-nio-8080-exec-5] [32mTRACE[0;39m o.s.s.w.a.UsernamePasswordAuthenticationFilter [ |  | ] - Did not match request to Ant [pattern='/api/auth/login', POST]
26-06-04 11:23:59.825 [http-nio-8080-exec-5] [32mTRACE[0;39m o.s.security.web.FilterChainProxy    [ |  | ] - Invoking RequestCacheAwareFilter (9/15)
26-06-04 11:23:59.825 [http-nio-8080-exec-5] [32mTRACE[0;39m o.s.security.web.FilterChainProxy    [ |  | ] - Invoking SecurityContextHolderAwareRequestFilter (10/15)
26-06-04 11:23:59.825 [http-nio-8080-exec-5] [32mTRACE[0;39m o.s.security.web.FilterChainProxy    [ |  | ] - Invoking RememberMeAuthenticationFilter (11/15)
26-06-04 11:23:59.825 [http-nio-8080-exec-5] [32mDEBUG[0;39m o.s.s.w.a.r.RememberMeAuthenticationFilter [ |  | ] - SecurityContextHolder not populated with remember-me token, as it already contained: 'UsernamePasswordAuthenticationToken [Principal=org.springframework.security.core.userdetails.User [Username=user1, Password=[PROTECTED], Enabled=true, AccountNonExpired=true, CredentialsNonExpired=true, AccountNonLocked=true, Granted Authorities=[ROLE_USER]], Credentials=[PROTECTED], Authenticated=true, Details=null, Granted Authorities=[ROLE_USER]]'
26-06-04 11:23:59.825 [http-nio-8080-exec-5] [32mTRACE[0;39m o.s.security.web.FilterChainProxy    [ |  | ] - Invoking AnonymousAuthenticationFilter (12/15)
26-06-04 11:23:59.826 [http-nio-8080-exec-5] [32mTRACE[0;39m o.s.security.web.FilterChainProxy    [ |  | ] - Invoking SessionManagementFilter (13/15)
26-06-04 11:23:59.826 [http-nio-8080-exec-5] [32mTRACE[0;39m o.s.s.w.a.AnonymousAuthenticationFilter [ |  | ] - Did not set SecurityContextHolder since already authenticated UsernamePasswordAuthenticationToken [Principal=org.springframework.security.core.userdetails.User [Username=user1, Password=[PROTECTED], Enabled=true, AccountNonExpired=true, CredentialsNonExpired=true, AccountNonLocked=true, Granted Authorities=[ROLE_USER]], Credentials=[PROTECTED], Authenticated=true, Details=null, Granted Authorities=[ROLE_USER]]
26-06-04 11:23:59.826 [http-nio-8080-exec-5] [32mTRACE[0;39m o.s.s.w.a.s.CompositeSessionAuthenticationStrategy [ |  | ] - Preparing session with ChangeSessionIdAuthenticationStrategy (1/2)
26-06-04 11:23:59.826 [http-nio-8080-exec-5] [32mTRACE[0;39m o.s.s.w.a.s.CompositeSessionAuthenticationStrategy [ |  | ] - Preparing session with CsrfAuthenticationStrategy (2/2)
26-06-04 11:23:59.826 [http-nio-8080-exec-5] [32mDEBUG[0;39m o.s.s.w.c.CsrfAuthenticationStrategy [ |  | ] - Replaced CSRF Token
26-06-04 11:23:59.826 [http-nio-8080-exec-5] [32mTRACE[0;39m o.s.security.web.FilterChainProxy    [ |  | ] - Invoking ExceptionTranslationFilter (14/15)
26-06-04 11:23:59.826 [http-nio-8080-exec-5] [32mTRACE[0;39m o.s.security.web.FilterChainProxy    [ |  | ] - Invoking AuthorizationFilter (15/15)
26-06-04 11:23:59.826 [http-nio-8080-exec-5] [32mTRACE[0;39m o.s.s.w.a.i.RequestMatcherDelegatingAuthorizationManager [ |  | ] - Authorizing GET /api/channels?userId=d2221d17-7460-4f2d-98b9-0192e1c0a821
26-06-04 11:23:59.826 [http-nio-8080-exec-5] [32mTRACE[0;39m o.s.s.w.a.i.RequestMatcherDelegatingAuthorizationManager [ |  | ] - Checking authorization on GET /api/channels?userId=d2221d17-7460-4f2d-98b9-0192e1c0a821 using org.springframework.security.authorization.AuthenticatedAuthorizationManager@5d73ce5
26-06-04 11:23:59.827 [http-nio-8080-exec-5] [32mDEBUG[0;39m o.s.security.web.FilterChainProxy    [ |  | ] - Secured GET /api/channels?userId=d2221d17-7460-4f2d-98b9-0192e1c0a821
26-06-04 11:23:59.827 [http-nio-8080-exec-5] [32mDEBUG[0;39m c.s.m.d.config.MDCLoggingInterceptor [1d9969038ed642e2b7cf9fb8986162c9 | GET | /api/channels] - Request started
26-06-04 11:23:59.828 [http-nio-8080-exec-5] [32mINFO [0;39m c.s.m.d.controller.ChannelController [1d9969038ed642e2b7cf9fb8986162c9 | GET | /api/channels] - 사용자별 채널 목록 조회 요청: userId=d2221d17-7460-4f2d-98b9-0192e1c0a821
26-06-04 11:23:59.832 [http-nio-8080-exec-5] [32mDEBUG[0;39m org.hibernate.SQL                    [1d9969038ed642e2b7cf9fb8986162c9 | GET | /api/channels] - 
    select
        rs1_0.id,
        rs1_0.channel_id,
        rs1_0.created_at,
        rs1_0.last_read_at,
        rs1_0.notification_enabled,
        rs1_0.updated_at,
        rs1_0.user_id 
    from
        read_statuses rs1_0 
    where
        rs1_0.user_id=?
26-06-04 11:23:59.832 [http-nio-8080-exec-5] [32mTRACE[0;39m org.hibernate.orm.jdbc.bind          [1d9969038ed642e2b7cf9fb8986162c9 | GET | /api/channels] - binding parameter (1:UUID) <- [d2221d17-7460-4f2d-98b9-0192e1c0a821]
26-06-04 11:23:59.835 [http-nio-8080-exec-5] [32mDEBUG[0;39m org.hibernate.SQL                    [1d9969038ed642e2b7cf9fb8986162c9 | GET | /api/channels] - 
    select
        c1_0.id,
        c1_0.created_at,
        c1_0.description,
        c1_0.name,
        c1_0.type,
        c1_0.updated_at 
    from
        channels c1_0 
    where
        c1_0.type=? 
        or c1_0.id in (?)
26-06-04 11:23:59.836 [http-nio-8080-exec-5] [32mTRACE[0;39m org.hibernate.orm.jdbc.bind          [1d9969038ed642e2b7cf9fb8986162c9 | GET | /api/channels] - binding parameter (1:VARCHAR) <- [PUBLIC]
26-06-04 11:23:59.836 [http-nio-8080-exec-5] [32mTRACE[0;39m org.hibernate.orm.jdbc.bind          [1d9969038ed642e2b7cf9fb8986162c9 | GET | /api/channels] - binding parameter (2:UUID) <- [null]
26-06-04 11:23:59.838 [http-nio-8080-exec-5] [32mDEBUG[0;39m org.hibernate.SQL                    [1d9969038ed642e2b7cf9fb8986162c9 | GET | /api/channels] - 
    select
        m1_0.created_at 
    from
        messages m1_0 
    where
        m1_0.channel_id=? 
    order by
        m1_0.created_at desc 
    fetch
        first 1 rows only
26-06-04 11:23:59.839 [http-nio-8080-exec-5] [32mTRACE[0;39m org.hibernate.orm.jdbc.bind          [1d9969038ed642e2b7cf9fb8986162c9 | GET | /api/channels] - binding parameter (1:UUID) <- [ba45765e-0f83-4f0b-b02f-1ed2f2e44a3e]
26-06-04 11:23:59.840 [http-nio-8080-exec-5] [32mDEBUG[0;39m c.s.m.d.controller.ChannelController [1d9969038ed642e2b7cf9fb8986162c9 | GET | /api/channels] - 사용자별 채널 목록 조회 응답: count=1
26-06-04 11:23:59.843 [http-nio-8080-exec-5] [32mTRACE[0;39m o.s.s.w.h.writers.HstsHeaderWriter   [1d9969038ed642e2b7cf9fb8986162c9 | GET | /api/channels] - Not injecting HSTS header since it did not match request to [Is Secure]
26-06-04 11:23:59.845 [http-nio-8080-exec-5] [32mDEBUG[0;39m c.s.m.d.config.MDCLoggingInterceptor [1d9969038ed642e2b7cf9fb8986162c9 | GET | /api/channels] - Request completed
26-06-04 11:23:59.853 [http-nio-8080-exec-1] [32mTRACE[0;39m o.s.security.web.FilterChainProxy    [ |  | ] - Trying to match request against DefaultSecurityFilterChain defined as 'filterChain' in [class path resource [com/sprint/mission/discodeit/config/SecurityConfig.class]] matching [any request] and having filters [DisableEncodeUrl, WebAsyncManagerIntegration, SecurityContextHolder, HeaderWriter, Csrf, Logout, JwtAuthentication, UsernamePasswordAuthentication, RequestCacheAware, SecurityContextHolderAwareRequest, RememberMeAuthentication, AnonymousAuthentication, SessionManagement, ExceptionTranslation, Authorization] (1/1)
26-06-04 11:23:59.853 [http-nio-8080-exec-1] [32mDEBUG[0;39m o.s.security.web.FilterChainProxy    [ |  | ] - Securing GET /api/readStatuses?userId=d2221d17-7460-4f2d-98b9-0192e1c0a821
26-06-04 11:23:59.853 [http-nio-8080-exec-1] [32mTRACE[0;39m o.s.security.web.FilterChainProxy    [ |  | ] - Invoking DisableEncodeUrlFilter (1/15)
26-06-04 11:23:59.853 [http-nio-8080-exec-1] [32mTRACE[0;39m o.s.security.web.FilterChainProxy    [ |  | ] - Invoking WebAsyncManagerIntegrationFilter (2/15)
26-06-04 11:23:59.853 [http-nio-8080-exec-1] [32mTRACE[0;39m o.s.security.web.FilterChainProxy    [ |  | ] - Invoking SecurityContextHolderFilter (3/15)
26-06-04 11:23:59.853 [http-nio-8080-exec-1] [32mTRACE[0;39m o.s.security.web.FilterChainProxy    [ |  | ] - Invoking HeaderWriterFilter (4/15)
26-06-04 11:23:59.853 [http-nio-8080-exec-1] [32mTRACE[0;39m o.s.security.web.FilterChainProxy    [ |  | ] - Invoking CsrfFilter (5/15)
26-06-04 11:23:59.853 [http-nio-8080-exec-1] [32mTRACE[0;39m o.s.security.web.csrf.CsrfFilter     [ |  | ] - Did not protect against CSRF since request did not match CsrfNotRequired [TRACE, HEAD, GET, OPTIONS]
26-06-04 11:23:59.854 [http-nio-8080-exec-1] [32mTRACE[0;39m o.s.security.web.FilterChainProxy    [ |  | ] - Invoking LogoutFilter (6/15)
26-06-04 11:23:59.854 [http-nio-8080-exec-1] [32mTRACE[0;39m o.s.s.w.a.logout.LogoutFilter        [ |  | ] - Did not match request to Ant [pattern='/api/auth/logout', POST]
26-06-04 11:23:59.854 [http-nio-8080-exec-1] [32mTRACE[0;39m o.s.security.web.FilterChainProxy    [ |  | ] - Invoking JwtAuthenticationFilter (7/15)
26-06-04 11:23:59.854 [http-nio-8080-exec-1] [32mTRACE[0;39m o.s.s.w.c.SupplierDeferredSecurityContext [ |  | ] - Created SecurityContextImpl [Null authentication]
26-06-04 11:23:59.854 [http-nio-8080-exec-1] [32mDEBUG[0;39m c.s.m.d.s.f.JwtAuthenticationFilter  [ |  | ] - Security Context에 'user1' 인증 정보를 저장했습니다.
26-06-04 11:23:59.854 [http-nio-8080-exec-1] [32mTRACE[0;39m o.s.security.web.FilterChainProxy    [ |  | ] - Invoking UsernamePasswordAuthenticationFilter (8/15)
26-06-04 11:23:59.854 [http-nio-8080-exec-1] [32mTRACE[0;39m o.s.s.w.a.UsernamePasswordAuthenticationFilter [ |  | ] - Did not match request to Ant [pattern='/api/auth/login', POST]
26-06-04 11:23:59.854 [http-nio-8080-exec-1] [32mTRACE[0;39m o.s.security.web.FilterChainProxy    [ |  | ] - Invoking RequestCacheAwareFilter (9/15)
26-06-04 11:23:59.854 [http-nio-8080-exec-1] [32mTRACE[0;39m o.s.security.web.FilterChainProxy    [ |  | ] - Invoking SecurityContextHolderAwareRequestFilter (10/15)
26-06-04 11:23:59.854 [http-nio-8080-exec-1] [32mTRACE[0;39m o.s.security.web.FilterChainProxy    [ |  | ] - Invoking RememberMeAuthenticationFilter (11/15)
26-06-04 11:23:59.854 [http-nio-8080-exec-1] [32mDEBUG[0;39m o.s.s.w.a.r.RememberMeAuthenticationFilter [ |  | ] - SecurityContextHolder not populated with remember-me token, as it already contained: 'UsernamePasswordAuthenticationToken [Principal=org.springframework.security.core.userdetails.User [Username=user1, Password=[PROTECTED], Enabled=true, AccountNonExpired=true, CredentialsNonExpired=true, AccountNonLocked=true, Granted Authorities=[ROLE_USER]], Credentials=[PROTECTED], Authenticated=true, Details=null, Granted Authorities=[ROLE_USER]]'
26-06-04 11:23:59.854 [http-nio-8080-exec-1] [32mTRACE[0;39m o.s.security.web.FilterChainProxy    [ |  | ] - Invoking AnonymousAuthenticationFilter (12/15)
26-06-04 11:23:59.854 [http-nio-8080-exec-1] [32mTRACE[0;39m o.s.security.web.FilterChainProxy    [ |  | ] - Invoking SessionManagementFilter (13/15)
26-06-04 11:23:59.854 [http-nio-8080-exec-1] [32mTRACE[0;39m o.s.s.w.a.AnonymousAuthenticationFilter [ |  | ] - Did not set SecurityContextHolder since already authenticated UsernamePasswordAuthenticationToken [Principal=org.springframework.security.core.userdetails.User [Username=user1, Password=[PROTECTED], Enabled=true, AccountNonExpired=true, CredentialsNonExpired=true, AccountNonLocked=true, Granted Authorities=[ROLE_USER]], Credentials=[PROTECTED], Authenticated=true, Details=null, Granted Authorities=[ROLE_USER]]
26-06-04 11:23:59.854 [http-nio-8080-exec-1] [32mTRACE[0;39m o.s.s.w.a.s.CompositeSessionAuthenticationStrategy [ |  | ] - Preparing session with ChangeSessionIdAuthenticationStrategy (1/2)
26-06-04 11:23:59.855 [http-nio-8080-exec-1] [32mTRACE[0;39m o.s.s.w.a.s.CompositeSessionAuthenticationStrategy [ |  | ] - Preparing session with CsrfAuthenticationStrategy (2/2)
26-06-04 11:23:59.855 [http-nio-8080-exec-1] [32mDEBUG[0;39m o.s.s.w.c.CsrfAuthenticationStrategy [ |  | ] - Replaced CSRF Token
26-06-04 11:23:59.855 [http-nio-8080-exec-1] [32mTRACE[0;39m o.s.security.web.FilterChainProxy    [ |  | ] - Invoking ExceptionTranslationFilter (14/15)
26-06-04 11:23:59.855 [http-nio-8080-exec-1] [32mTRACE[0;39m o.s.security.web.FilterChainProxy    [ |  | ] - Invoking AuthorizationFilter (15/15)
26-06-04 11:23:59.855 [http-nio-8080-exec-1] [32mTRACE[0;39m o.s.s.w.a.i.RequestMatcherDelegatingAuthorizationManager [ |  | ] - Authorizing GET /api/readStatuses?userId=d2221d17-7460-4f2d-98b9-0192e1c0a821
26-06-04 11:23:59.855 [http-nio-8080-exec-1] [32mTRACE[0;39m o.s.s.w.a.i.RequestMatcherDelegatingAuthorizationManager [ |  | ] - Checking authorization on GET /api/readStatuses?userId=d2221d17-7460-4f2d-98b9-0192e1c0a821 using org.springframework.security.authorization.AuthenticatedAuthorizationManager@5d73ce5
26-06-04 11:23:59.856 [http-nio-8080-exec-1] [32mDEBUG[0;39m o.s.security.web.FilterChainProxy    [ |  | ] - Secured GET /api/readStatuses?userId=d2221d17-7460-4f2d-98b9-0192e1c0a821
26-06-04 11:23:59.856 [http-nio-8080-exec-1] [32mDEBUG[0;39m c.s.m.d.config.MDCLoggingInterceptor [89a663c98b284813a29bdb9329508464 | GET | /api/readStatuses] - Request started
26-06-04 11:23:59.857 [http-nio-8080-exec-1] [32mINFO [0;39m c.s.m.d.c.ReadStatusController       [89a663c98b284813a29bdb9329508464 | GET | /api/readStatuses] - 사용자별 읽음 상태 목록 조회 요청: userId=d2221d17-7460-4f2d-98b9-0192e1c0a821
26-06-04 11:23:59.859 [http-nio-8080-exec-1] [32mDEBUG[0;39m c.s.m.d.s.b.BasicReadStatusService   [89a663c98b284813a29bdb9329508464 | GET | /api/readStatuses] - 사용자별 읽음 상태 목록 조회 시작: userId=d2221d17-7460-4f2d-98b9-0192e1c0a821
26-06-04 11:23:59.860 [http-nio-8080-exec-1] [32mDEBUG[0;39m org.hibernate.SQL                    [89a663c98b284813a29bdb9329508464 | GET | /api/readStatuses] - 
    select
        rs1_0.id,
        rs1_0.channel_id,
        rs1_0.created_at,
        rs1_0.last_read_at,
        rs1_0.notification_enabled,
        rs1_0.updated_at,
        rs1_0.user_id 
    from
        read_statuses rs1_0 
    where
        rs1_0.user_id=?
26-06-04 11:23:59.860 [http-nio-8080-exec-1] [32mTRACE[0;39m org.hibernate.orm.jdbc.bind          [89a663c98b284813a29bdb9329508464 | GET | /api/readStatuses] - binding parameter (1:UUID) <- [d2221d17-7460-4f2d-98b9-0192e1c0a821]
26-06-04 11:23:59.861 [http-nio-8080-exec-1] [32mINFO [0;39m c.s.m.d.s.b.BasicReadStatusService   [89a663c98b284813a29bdb9329508464 | GET | /api/readStatuses] - 사용자별 읽음 상태 목록 조회 완료: userId=d2221d17-7460-4f2d-98b9-0192e1c0a821, 조회된 항목 수=0
26-06-04 11:23:59.861 [http-nio-8080-exec-1] [32mDEBUG[0;39m c.s.m.d.c.ReadStatusController       [89a663c98b284813a29bdb9329508464 | GET | /api/readStatuses] - 사용자별 읽음 상태 목록 조회 응답: count=0
26-06-04 11:23:59.862 [http-nio-8080-exec-1] [32mTRACE[0;39m o.s.s.w.h.writers.HstsHeaderWriter   [89a663c98b284813a29bdb9329508464 | GET | /api/readStatuses] - Not injecting HSTS header since it did not match request to [Is Secure]
26-06-04 11:23:59.862 [http-nio-8080-exec-1] [32mDEBUG[0;39m c.s.m.d.config.MDCLoggingInterceptor [89a663c98b284813a29bdb9329508464 | GET | /api/readStatuses] - Request completed
26-06-04 11:24:00.246 [http-nio-8080-exec-3] [32mTRACE[0;39m o.s.security.web.FilterChainProxy    [ |  | ] - Trying to match request against DefaultSecurityFilterChain defined as 'filterChain' in [class path resource [com/sprint/mission/discodeit/config/SecurityConfig.class]] matching [any request] and having filters [DisableEncodeUrl, WebAsyncManagerIntegration, SecurityContextHolder, HeaderWriter, Csrf, Logout, JwtAuthentication, UsernamePasswordAuthentication, RequestCacheAware, SecurityContextHolderAwareRequest, RememberMeAuthentication, AnonymousAuthentication, SessionManagement, ExceptionTranslation, Authorization] (1/1)
26-06-04 11:24:00.247 [http-nio-8080-exec-3] [32mDEBUG[0;39m o.s.security.web.FilterChainProxy    [ |  | ] - Securing GET /api/messages?channelId=ba45765e-0f83-4f0b-b02f-1ed2f2e44a3e&size=50&sort=createdAt,desc
26-06-04 11:24:00.247 [http-nio-8080-exec-3] [32mTRACE[0;39m o.s.security.web.FilterChainProxy    [ |  | ] - Invoking DisableEncodeUrlFilter (1/15)
26-06-04 11:24:00.247 [http-nio-8080-exec-3] [32mTRACE[0;39m o.s.security.web.FilterChainProxy    [ |  | ] - Invoking WebAsyncManagerIntegrationFilter (2/15)
26-06-04 11:24:00.248 [http-nio-8080-exec-3] [32mTRACE[0;39m o.s.security.web.FilterChainProxy    [ |  | ] - Invoking SecurityContextHolderFilter (3/15)
26-06-04 11:24:00.248 [http-nio-8080-exec-3] [32mTRACE[0;39m o.s.security.web.FilterChainProxy    [ |  | ] - Invoking HeaderWriterFilter (4/15)
26-06-04 11:24:00.248 [http-nio-8080-exec-3] [32mTRACE[0;39m o.s.security.web.FilterChainProxy    [ |  | ] - Invoking CsrfFilter (5/15)
26-06-04 11:24:00.248 [http-nio-8080-exec-3] [32mTRACE[0;39m o.s.security.web.csrf.CsrfFilter     [ |  | ] - Did not protect against CSRF since request did not match CsrfNotRequired [TRACE, HEAD, GET, OPTIONS]
26-06-04 11:24:00.248 [http-nio-8080-exec-3] [32mTRACE[0;39m o.s.security.web.FilterChainProxy    [ |  | ] - Invoking LogoutFilter (6/15)
26-06-04 11:24:00.248 [http-nio-8080-exec-3] [32mTRACE[0;39m o.s.s.w.a.logout.LogoutFilter        [ |  | ] - Did not match request to Ant [pattern='/api/auth/logout', POST]
26-06-04 11:24:00.249 [http-nio-8080-exec-3] [32mTRACE[0;39m o.s.security.web.FilterChainProxy    [ |  | ] - Invoking JwtAuthenticationFilter (7/15)
26-06-04 11:24:00.250 [http-nio-8080-exec-3] [32mTRACE[0;39m o.s.s.w.c.SupplierDeferredSecurityContext [ |  | ] - Created SecurityContextImpl [Null authentication]
26-06-04 11:24:00.250 [http-nio-8080-exec-3] [32mDEBUG[0;39m c.s.m.d.s.f.JwtAuthenticationFilter  [ |  | ] - Security Context에 'user1' 인증 정보를 저장했습니다.
26-06-04 11:24:00.251 [http-nio-8080-exec-3] [32mTRACE[0;39m o.s.security.web.FilterChainProxy    [ |  | ] - Invoking UsernamePasswordAuthenticationFilter (8/15)
26-06-04 11:24:00.251 [http-nio-8080-exec-3] [32mTRACE[0;39m o.s.s.w.a.UsernamePasswordAuthenticationFilter [ |  | ] - Did not match request to Ant [pattern='/api/auth/login', POST]
26-06-04 11:24:00.251 [http-nio-8080-exec-3] [32mTRACE[0;39m o.s.security.web.FilterChainProxy    [ |  | ] - Invoking RequestCacheAwareFilter (9/15)
26-06-04 11:24:00.251 [http-nio-8080-exec-3] [32mTRACE[0;39m o.s.security.web.FilterChainProxy    [ |  | ] - Invoking SecurityContextHolderAwareRequestFilter (10/15)
26-06-04 11:24:00.251 [http-nio-8080-exec-3] [32mTRACE[0;39m o.s.security.web.FilterChainProxy    [ |  | ] - Invoking RememberMeAuthenticationFilter (11/15)
26-06-04 11:24:00.251 [http-nio-8080-exec-3] [32mDEBUG[0;39m o.s.s.w.a.r.RememberMeAuthenticationFilter [ |  | ] - SecurityContextHolder not populated with remember-me token, as it already contained: 'UsernamePasswordAuthenticationToken [Principal=org.springframework.security.core.userdetails.User [Username=user1, Password=[PROTECTED], Enabled=true, AccountNonExpired=true, CredentialsNonExpired=true, AccountNonLocked=true, Granted Authorities=[ROLE_USER]], Credentials=[PROTECTED], Authenticated=true, Details=null, Granted Authorities=[ROLE_USER]]'
26-06-04 11:24:00.251 [http-nio-8080-exec-3] [32mTRACE[0;39m o.s.security.web.FilterChainProxy    [ |  | ] - Invoking AnonymousAuthenticationFilter (12/15)
26-06-04 11:24:00.251 [http-nio-8080-exec-3] [32mTRACE[0;39m o.s.security.web.FilterChainProxy    [ |  | ] - Invoking SessionManagementFilter (13/15)
26-06-04 11:24:00.251 [http-nio-8080-exec-3] [32mTRACE[0;39m o.s.s.w.a.AnonymousAuthenticationFilter [ |  | ] - Did not set SecurityContextHolder since already authenticated UsernamePasswordAuthenticationToken [Principal=org.springframework.security.core.userdetails.User [Username=user1, Password=[PROTECTED], Enabled=true, AccountNonExpired=true, CredentialsNonExpired=true, AccountNonLocked=true, Granted Authorities=[ROLE_USER]], Credentials=[PROTECTED], Authenticated=true, Details=null, Granted Authorities=[ROLE_USER]]
26-06-04 11:24:00.251 [http-nio-8080-exec-3] [32mTRACE[0;39m o.s.s.w.a.s.CompositeSessionAuthenticationStrategy [ |  | ] - Preparing session with ChangeSessionIdAuthenticationStrategy (1/2)
26-06-04 11:24:00.251 [http-nio-8080-exec-3] [32mTRACE[0;39m o.s.s.w.a.s.CompositeSessionAuthenticationStrategy [ |  | ] - Preparing session with CsrfAuthenticationStrategy (2/2)
26-06-04 11:24:00.252 [http-nio-8080-exec-3] [32mDEBUG[0;39m o.s.s.w.c.CsrfAuthenticationStrategy [ |  | ] - Replaced CSRF Token
26-06-04 11:24:00.252 [http-nio-8080-exec-3] [32mTRACE[0;39m o.s.security.web.FilterChainProxy    [ |  | ] - Invoking ExceptionTranslationFilter (14/15)
26-06-04 11:24:00.252 [http-nio-8080-exec-3] [32mTRACE[0;39m o.s.security.web.FilterChainProxy    [ |  | ] - Invoking AuthorizationFilter (15/15)
26-06-04 11:24:00.252 [http-nio-8080-exec-3] [32mTRACE[0;39m o.s.s.w.a.i.RequestMatcherDelegatingAuthorizationManager [ |  | ] - Authorizing GET /api/messages?channelId=ba45765e-0f83-4f0b-b02f-1ed2f2e44a3e&size=50&sort=createdAt,desc
26-06-04 11:24:00.252 [http-nio-8080-exec-3] [32mTRACE[0;39m o.s.s.w.a.i.RequestMatcherDelegatingAuthorizationManager [ |  | ] - Checking authorization on GET /api/messages?channelId=ba45765e-0f83-4f0b-b02f-1ed2f2e44a3e&size=50&sort=createdAt,desc using org.springframework.security.authorization.AuthenticatedAuthorizationManager@5d73ce5
26-06-04 11:24:00.252 [http-nio-8080-exec-3] [32mDEBUG[0;39m o.s.security.web.FilterChainProxy    [ |  | ] - Secured GET /api/messages?channelId=ba45765e-0f83-4f0b-b02f-1ed2f2e44a3e&size=50&sort=createdAt,desc
26-06-04 11:24:00.253 [http-nio-8080-exec-3] [32mDEBUG[0;39m c.s.m.d.config.MDCLoggingInterceptor [571aed49a6df43a0b0f47cb66e95c0ab | GET | /api/messages] - Request started
26-06-04 11:24:00.256 [http-nio-8080-exec-3] [32mINFO [0;39m c.s.m.d.controller.MessageController [571aed49a6df43a0b0f47cb66e95c0ab | GET | /api/messages] - 채널별 메시지 목록 조회 요청: channelId=ba45765e-0f83-4f0b-b02f-1ed2f2e44a3e, cursor=null, pageable=Page request [number: 0, size 50, sort: createdAt: DESC]
26-06-04 11:24:00.260 [http-nio-8080-exec-3] [32mDEBUG[0;39m org.hibernate.SQL                    [571aed49a6df43a0b0f47cb66e95c0ab | GET | /api/messages] - 
    select
        m1_0.id,
        a1_0.id,
        a1_0.created_at,
        a1_0.email,
        a1_0.password,
        p1_0.id,
        p1_0.content_type,
        p1_0.created_at,
        p1_0.file_name,
        p1_0.size,
        p1_0.status,
        p1_0.updated_at,
        a1_0.role,
        a1_0.updated_at,
        a1_0.username,
        m1_0.channel_id,
        m1_0.content,
        m1_0.created_at,
        m1_0.updated_at 
    from
        messages m1_0 
    left join
        users a1_0 
            on a1_0.id=m1_0.author_id 
    left join
        binary_contents p1_0 
            on p1_0.id=a1_0.profile_id 
    where
        m1_0.channel_id=? 
        and m1_0.created_at<? 
    order by
        m1_0.created_at desc 
    fetch
        first ? rows only
26-06-04 11:24:00.260 [http-nio-8080-exec-3] [32mTRACE[0;39m org.hibernate.orm.jdbc.bind          [571aed49a6df43a0b0f47cb66e95c0ab | GET | /api/messages] - binding parameter (1:UUID) <- [ba45765e-0f83-4f0b-b02f-1ed2f2e44a3e]
26-06-04 11:24:00.260 [http-nio-8080-exec-3] [32mTRACE[0;39m org.hibernate.orm.jdbc.bind          [571aed49a6df43a0b0f47cb66e95c0ab | GET | /api/messages] - binding parameter (2:TIMESTAMP_UTC) <- [2026-06-04T02:24:00.257221Z]
26-06-04 11:24:00.261 [http-nio-8080-exec-3] [32mTRACE[0;39m org.hibernate.orm.jdbc.bind          [571aed49a6df43a0b0f47cb66e95c0ab | GET | /api/messages] - binding parameter (3:INTEGER) <- [51]
26-06-04 11:24:00.271 [http-nio-8080-exec-3] [32mDEBUG[0;39m org.hibernate.SQL                    [571aed49a6df43a0b0f47cb66e95c0ab | GET | /api/messages] - 
    select
        a1_0.message_id,
        a1_1.id,
        a1_1.content_type,
        a1_1.created_at,
        a1_1.file_name,
        a1_1.size,
        a1_1.status,
        a1_1.updated_at 
    from
        message_attachments a1_0 
    join
        binary_contents a1_1 
            on a1_1.id=a1_0.attachment_id 
    where
        a1_0.message_id = any (?)
26-06-04 11:24:00.271 [http-nio-8080-exec-3] [32mTRACE[0;39m org.hibernate.orm.jdbc.bind          [571aed49a6df43a0b0f47cb66e95c0ab | GET | /api/messages] - binding parameter (1:ARRAY) <- [[d0e6e89d-baa1-4fa5-932c-3abed82c8a39, 6ba14f94-aacf-432b-855c-9d7e8093064b, 44ebe3f9-e516-4900-8256-dc1ae5a34b16, 0cbce506-afa3-4e7e-9d6e-a215a14a4fd4, 619f5b1b-c59d-4558-9b6d-31ae708c4073, 693bd7ab-63ad-4077-a61b-8c9085faadc1, c085798f-b9b8-4338-9dad-aded811c30b9, 50d3dc11-ab6a-4d48-bdd8-94b994cda3b2, e5c6311c-852d-4045-979c-b2f4e4a71f64]]
26-06-04 11:24:00.275 [http-nio-8080-exec-3] [32mDEBUG[0;39m c.s.m.d.controller.MessageController [571aed49a6df43a0b0f47cb66e95c0ab | GET | /api/messages] - 채널별 메시지 목록 조회 응답: totalElements=null
26-06-04 11:24:00.277 [http-nio-8080-exec-3] [32mTRACE[0;39m o.s.s.w.h.writers.HstsHeaderWriter   [571aed49a6df43a0b0f47cb66e95c0ab | GET | /api/messages] - Not injecting HSTS header since it did not match request to [Is Secure]
26-06-04 11:24:00.277 [http-nio-8080-exec-3] [32mDEBUG[0;39m c.s.m.d.config.MDCLoggingInterceptor [571aed49a6df43a0b0f47cb66e95c0ab | GET | /api/messages] - Request completed
26-06-04 11:24:01.309 [http-nio-8080-exec-7] [32mTRACE[0;39m o.s.security.web.FilterChainProxy    [ |  | ] - Trying to match request against DefaultSecurityFilterChain defined as 'filterChain' in [class path resource [com/sprint/mission/discodeit/config/SecurityConfig.class]] matching [any request] and having filters [DisableEncodeUrl, WebAsyncManagerIntegration, SecurityContextHolder, HeaderWriter, Csrf, Logout, JwtAuthentication, UsernamePasswordAuthentication, RequestCacheAware, SecurityContextHolderAwareRequest, RememberMeAuthentication, AnonymousAuthentication, SessionManagement, ExceptionTranslation, Authorization] (1/1)
26-06-04 11:24:01.309 [http-nio-8080-exec-7] [32mDEBUG[0;39m o.s.security.web.FilterChainProxy    [ |  | ] - Securing GET /api/messages?channelId=ba45765e-0f83-4f0b-b02f-1ed2f2e44a3e&size=50&sort=createdAt,desc
26-06-04 11:24:01.309 [http-nio-8080-exec-7] [32mTRACE[0;39m o.s.security.web.FilterChainProxy    [ |  | ] - Invoking DisableEncodeUrlFilter (1/15)
26-06-04 11:24:01.309 [http-nio-8080-exec-7] [32mTRACE[0;39m o.s.security.web.FilterChainProxy    [ |  | ] - Invoking WebAsyncManagerIntegrationFilter (2/15)
26-06-04 11:24:01.310 [http-nio-8080-exec-7] [32mTRACE[0;39m o.s.security.web.FilterChainProxy    [ |  | ] - Invoking SecurityContextHolderFilter (3/15)
26-06-04 11:24:01.310 [http-nio-8080-exec-7] [32mTRACE[0;39m o.s.security.web.FilterChainProxy    [ |  | ] - Invoking HeaderWriterFilter (4/15)
26-06-04 11:24:01.310 [http-nio-8080-exec-7] [32mTRACE[0;39m o.s.security.web.FilterChainProxy    [ |  | ] - Invoking CsrfFilter (5/15)
26-06-04 11:24:01.310 [http-nio-8080-exec-7] [32mTRACE[0;39m o.s.security.web.csrf.CsrfFilter     [ |  | ] - Did not protect against CSRF since request did not match CsrfNotRequired [TRACE, HEAD, GET, OPTIONS]
26-06-04 11:24:01.310 [http-nio-8080-exec-7] [32mTRACE[0;39m o.s.security.web.FilterChainProxy    [ |  | ] - Invoking LogoutFilter (6/15)
26-06-04 11:24:01.310 [http-nio-8080-exec-7] [32mTRACE[0;39m o.s.s.w.a.logout.LogoutFilter        [ |  | ] - Did not match request to Ant [pattern='/api/auth/logout', POST]
26-06-04 11:24:01.310 [http-nio-8080-exec-7] [32mTRACE[0;39m o.s.security.web.FilterChainProxy    [ |  | ] - Invoking JwtAuthenticationFilter (7/15)
26-06-04 11:24:01.311 [http-nio-8080-exec-7] [32mTRACE[0;39m o.s.s.w.c.SupplierDeferredSecurityContext [ |  | ] - Created SecurityContextImpl [Null authentication]
26-06-04 11:24:01.311 [http-nio-8080-exec-7] [32mDEBUG[0;39m c.s.m.d.s.f.JwtAuthenticationFilter  [ |  | ] - Security Context에 'user1' 인증 정보를 저장했습니다.
26-06-04 11:24:01.311 [http-nio-8080-exec-7] [32mTRACE[0;39m o.s.security.web.FilterChainProxy    [ |  | ] - Invoking UsernamePasswordAuthenticationFilter (8/15)
26-06-04 11:24:01.311 [http-nio-8080-exec-7] [32mTRACE[0;39m o.s.s.w.a.UsernamePasswordAuthenticationFilter [ |  | ] - Did not match request to Ant [pattern='/api/auth/login', POST]
26-06-04 11:24:01.311 [http-nio-8080-exec-7] [32mTRACE[0;39m o.s.security.web.FilterChainProxy    [ |  | ] - Invoking RequestCacheAwareFilter (9/15)
26-06-04 11:24:01.311 [http-nio-8080-exec-7] [32mTRACE[0;39m o.s.security.web.FilterChainProxy    [ |  | ] - Invoking SecurityContextHolderAwareRequestFilter (10/15)
26-06-04 11:24:01.311 [http-nio-8080-exec-7] [32mTRACE[0;39m o.s.security.web.FilterChainProxy    [ |  | ] - Invoking RememberMeAuthenticationFilter (11/15)
26-06-04 11:24:01.311 [http-nio-8080-exec-7] [32mDEBUG[0;39m o.s.s.w.a.r.RememberMeAuthenticationFilter [ |  | ] - SecurityContextHolder not populated with remember-me token, as it already contained: 'UsernamePasswordAuthenticationToken [Principal=org.springframework.security.core.userdetails.User [Username=user1, Password=[PROTECTED], Enabled=true, AccountNonExpired=true, CredentialsNonExpired=true, AccountNonLocked=true, Granted Authorities=[ROLE_USER]], Credentials=[PROTECTED], Authenticated=true, Details=null, Granted Authorities=[ROLE_USER]]'
26-06-04 11:24:01.311 [http-nio-8080-exec-7] [32mTRACE[0;39m o.s.security.web.FilterChainProxy    [ |  | ] - Invoking AnonymousAuthenticationFilter (12/15)
26-06-04 11:24:01.312 [http-nio-8080-exec-7] [32mTRACE[0;39m o.s.security.web.FilterChainProxy    [ |  | ] - Invoking SessionManagementFilter (13/15)
26-06-04 11:24:01.312 [http-nio-8080-exec-7] [32mTRACE[0;39m o.s.s.w.a.AnonymousAuthenticationFilter [ |  | ] - Did not set SecurityContextHolder since already authenticated UsernamePasswordAuthenticationToken [Principal=org.springframework.security.core.userdetails.User [Username=user1, Password=[PROTECTED], Enabled=true, AccountNonExpired=true, CredentialsNonExpired=true, AccountNonLocked=true, Granted Authorities=[ROLE_USER]], Credentials=[PROTECTED], Authenticated=true, Details=null, Granted Authorities=[ROLE_USER]]
26-06-04 11:24:01.312 [http-nio-8080-exec-7] [32mTRACE[0;39m o.s.s.w.a.s.CompositeSessionAuthenticationStrategy [ |  | ] - Preparing session with ChangeSessionIdAuthenticationStrategy (1/2)
26-06-04 11:24:01.312 [http-nio-8080-exec-7] [32mTRACE[0;39m o.s.s.w.a.s.CompositeSessionAuthenticationStrategy [ |  | ] - Preparing session with CsrfAuthenticationStrategy (2/2)
26-06-04 11:24:01.312 [http-nio-8080-exec-7] [32mDEBUG[0;39m o.s.s.w.c.CsrfAuthenticationStrategy [ |  | ] - Replaced CSRF Token
26-06-04 11:24:01.312 [http-nio-8080-exec-7] [32mTRACE[0;39m o.s.security.web.FilterChainProxy    [ |  | ] - Invoking ExceptionTranslationFilter (14/15)
26-06-04 11:24:01.312 [http-nio-8080-exec-7] [32mTRACE[0;39m o.s.security.web.FilterChainProxy    [ |  | ] - Invoking AuthorizationFilter (15/15)
26-06-04 11:24:01.312 [http-nio-8080-exec-7] [32mTRACE[0;39m o.s.s.w.a.i.RequestMatcherDelegatingAuthorizationManager [ |  | ] - Authorizing GET /api/messages?channelId=ba45765e-0f83-4f0b-b02f-1ed2f2e44a3e&size=50&sort=createdAt,desc
26-06-04 11:24:01.312 [http-nio-8080-exec-7] [32mTRACE[0;39m o.s.s.w.a.i.RequestMatcherDelegatingAuthorizationManager [ |  | ] - Checking authorization on GET /api/messages?channelId=ba45765e-0f83-4f0b-b02f-1ed2f2e44a3e&size=50&sort=createdAt,desc using org.springframework.security.authorization.AuthenticatedAuthorizationManager@5d73ce5
26-06-04 11:24:01.313 [http-nio-8080-exec-7] [32mDEBUG[0;39m o.s.security.web.FilterChainProxy    [ |  | ] - Secured GET /api/messages?channelId=ba45765e-0f83-4f0b-b02f-1ed2f2e44a3e&size=50&sort=createdAt,desc
26-06-04 11:24:01.313 [http-nio-8080-exec-7] [32mDEBUG[0;39m c.s.m.d.config.MDCLoggingInterceptor [c570e143d7bb44dfa5da68aff3637e5f | GET | /api/messages] - Request started
26-06-04 11:24:01.317 [http-nio-8080-exec-7] [32mINFO [0;39m c.s.m.d.controller.MessageController [c570e143d7bb44dfa5da68aff3637e5f | GET | /api/messages] - 채널별 메시지 목록 조회 요청: channelId=ba45765e-0f83-4f0b-b02f-1ed2f2e44a3e, cursor=null, pageable=Page request [number: 0, size 50, sort: createdAt: DESC]
26-06-04 11:24:01.326 [http-nio-8080-exec-7] [32mDEBUG[0;39m org.hibernate.SQL                    [c570e143d7bb44dfa5da68aff3637e5f | GET | /api/messages] - 
    select
        m1_0.id,
        a1_0.id,
        a1_0.created_at,
        a1_0.email,
        a1_0.password,
        p1_0.id,
        p1_0.content_type,
        p1_0.created_at,
        p1_0.file_name,
        p1_0.size,
        p1_0.status,
        p1_0.updated_at,
        a1_0.role,
        a1_0.updated_at,
        a1_0.username,
        m1_0.channel_id,
        m1_0.content,
        m1_0.created_at,
        m1_0.updated_at 
    from
        messages m1_0 
    left join
        users a1_0 
            on a1_0.id=m1_0.author_id 
    left join
        binary_contents p1_0 
            on p1_0.id=a1_0.profile_id 
    where
        m1_0.channel_id=? 
        and m1_0.created_at<? 
    order by
        m1_0.created_at desc 
    fetch
        first ? rows only
26-06-04 11:24:01.329 [http-nio-8080-exec-7] [32mTRACE[0;39m org.hibernate.orm.jdbc.bind          [c570e143d7bb44dfa5da68aff3637e5f | GET | /api/messages] - binding parameter (1:UUID) <- [ba45765e-0f83-4f0b-b02f-1ed2f2e44a3e]
26-06-04 11:24:01.329 [http-nio-8080-exec-7] [32mTRACE[0;39m org.hibernate.orm.jdbc.bind          [c570e143d7bb44dfa5da68aff3637e5f | GET | /api/messages] - binding parameter (2:TIMESTAMP_UTC) <- [2026-06-04T02:24:01.320758Z]
26-06-04 11:24:01.329 [http-nio-8080-exec-7] [32mTRACE[0;39m org.hibernate.orm.jdbc.bind          [c570e143d7bb44dfa5da68aff3637e5f | GET | /api/messages] - binding parameter (3:INTEGER) <- [51]
26-06-04 11:24:01.337 [http-nio-8080-exec-7] [32mDEBUG[0;39m org.hibernate.SQL                    [c570e143d7bb44dfa5da68aff3637e5f | GET | /api/messages] - 
    select
        a1_0.message_id,
        a1_1.id,
        a1_1.content_type,
        a1_1.created_at,
        a1_1.file_name,
        a1_1.size,
        a1_1.status,
        a1_1.updated_at 
    from
        message_attachments a1_0 
    join
        binary_contents a1_1 
            on a1_1.id=a1_0.attachment_id 
    where
        a1_0.message_id = any (?)
26-06-04 11:24:01.337 [http-nio-8080-exec-7] [32mTRACE[0;39m org.hibernate.orm.jdbc.bind          [c570e143d7bb44dfa5da68aff3637e5f | GET | /api/messages] - binding parameter (1:ARRAY) <- [[d0e6e89d-baa1-4fa5-932c-3abed82c8a39, 6ba14f94-aacf-432b-855c-9d7e8093064b, 44ebe3f9-e516-4900-8256-dc1ae5a34b16, 0cbce506-afa3-4e7e-9d6e-a215a14a4fd4, 619f5b1b-c59d-4558-9b6d-31ae708c4073, 693bd7ab-63ad-4077-a61b-8c9085faadc1, c085798f-b9b8-4338-9dad-aded811c30b9, 50d3dc11-ab6a-4d48-bdd8-94b994cda3b2, e5c6311c-852d-4045-979c-b2f4e4a71f64]]
26-06-04 11:24:01.339 [http-nio-8080-exec-7] [32mDEBUG[0;39m c.s.m.d.controller.MessageController [c570e143d7bb44dfa5da68aff3637e5f | GET | /api/messages] - 채널별 메시지 목록 조회 응답: totalElements=null
26-06-04 11:24:01.341 [http-nio-8080-exec-7] [32mTRACE[0;39m o.s.s.w.h.writers.HstsHeaderWriter   [c570e143d7bb44dfa5da68aff3637e5f | GET | /api/messages] - Not injecting HSTS header since it did not match request to [Is Secure]
26-06-04 11:24:01.342 [http-nio-8080-exec-7] [32mDEBUG[0;39m c.s.m.d.config.MDCLoggingInterceptor [c570e143d7bb44dfa5da68aff3637e5f | GET | /api/messages] - Request completed
26-06-04 11:24:02.849 [http-nio-8080-exec-4] [32mTRACE[0;39m o.s.security.web.FilterChainProxy    [ |  | ] - Trying to match request against DefaultSecurityFilterChain defined as 'filterChain' in [class path resource [com/sprint/mission/discodeit/config/SecurityConfig.class]] matching [any request] and having filters [DisableEncodeUrl, WebAsyncManagerIntegration, SecurityContextHolder, HeaderWriter, Csrf, Logout, JwtAuthentication, UsernamePasswordAuthentication, RequestCacheAware, SecurityContextHolderAwareRequest, RememberMeAuthentication, AnonymousAuthentication, SessionManagement, ExceptionTranslation, Authorization] (1/1)
26-06-04 11:24:02.850 [http-nio-8080-exec-4] [32mDEBUG[0;39m o.s.security.web.FilterChainProxy    [ |  | ] - Securing GET /api/channels?userId=d2221d17-7460-4f2d-98b9-0192e1c0a821
26-06-04 11:24:02.850 [http-nio-8080-exec-4] [32mTRACE[0;39m o.s.security.web.FilterChainProxy    [ |  | ] - Invoking DisableEncodeUrlFilter (1/15)
26-06-04 11:24:02.851 [http-nio-8080-exec-4] [32mTRACE[0;39m o.s.security.web.FilterChainProxy    [ |  | ] - Invoking WebAsyncManagerIntegrationFilter (2/15)
26-06-04 11:24:02.851 [http-nio-8080-exec-4] [32mTRACE[0;39m o.s.security.web.FilterChainProxy    [ |  | ] - Invoking SecurityContextHolderFilter (3/15)
26-06-04 11:24:02.854 [http-nio-8080-exec-4] [32mTRACE[0;39m o.s.security.web.FilterChainProxy    [ |  | ] - Invoking HeaderWriterFilter (4/15)
26-06-04 11:24:02.854 [http-nio-8080-exec-4] [32mTRACE[0;39m o.s.security.web.FilterChainProxy    [ |  | ] - Invoking CsrfFilter (5/15)
26-06-04 11:24:02.855 [http-nio-8080-exec-4] [32mTRACE[0;39m o.s.security.web.csrf.CsrfFilter     [ |  | ] - Did not protect against CSRF since request did not match CsrfNotRequired [TRACE, HEAD, GET, OPTIONS]
26-06-04 11:24:02.855 [http-nio-8080-exec-4] [32mTRACE[0;39m o.s.security.web.FilterChainProxy    [ |  | ] - Invoking LogoutFilter (6/15)
26-06-04 11:24:02.856 [http-nio-8080-exec-4] [32mTRACE[0;39m o.s.s.w.a.logout.LogoutFilter        [ |  | ] - Did not match request to Ant [pattern='/api/auth/logout', POST]
26-06-04 11:24:02.856 [http-nio-8080-exec-4] [32mTRACE[0;39m o.s.security.web.FilterChainProxy    [ |  | ] - Invoking JwtAuthenticationFilter (7/15)
26-06-04 11:24:02.858 [http-nio-8080-exec-4] [32mTRACE[0;39m o.s.s.w.c.SupplierDeferredSecurityContext [ |  | ] - Created SecurityContextImpl [Null authentication]
26-06-04 11:24:02.858 [http-nio-8080-exec-4] [32mDEBUG[0;39m c.s.m.d.s.f.JwtAuthenticationFilter  [ |  | ] - Security Context에 'user1' 인증 정보를 저장했습니다.
26-06-04 11:24:02.858 [http-nio-8080-exec-4] [32mTRACE[0;39m o.s.security.web.FilterChainProxy    [ |  | ] - Invoking UsernamePasswordAuthenticationFilter (8/15)
26-06-04 11:24:02.858 [http-nio-8080-exec-4] [32mTRACE[0;39m o.s.s.w.a.UsernamePasswordAuthenticationFilter [ |  | ] - Did not match request to Ant [pattern='/api/auth/login', POST]
26-06-04 11:24:02.858 [http-nio-8080-exec-4] [32mTRACE[0;39m o.s.security.web.FilterChainProxy    [ |  | ] - Invoking RequestCacheAwareFilter (9/15)
26-06-04 11:24:02.858 [http-nio-8080-exec-4] [32mTRACE[0;39m o.s.security.web.FilterChainProxy    [ |  | ] - Invoking SecurityContextHolderAwareRequestFilter (10/15)
26-06-04 11:24:02.858 [http-nio-8080-exec-4] [32mTRACE[0;39m o.s.security.web.FilterChainProxy    [ |  | ] - Invoking RememberMeAuthenticationFilter (11/15)
26-06-04 11:24:02.858 [http-nio-8080-exec-4] [32mDEBUG[0;39m o.s.s.w.a.r.RememberMeAuthenticationFilter [ |  | ] - SecurityContextHolder not populated with remember-me token, as it already contained: 'UsernamePasswordAuthenticationToken [Principal=org.springframework.security.core.userdetails.User [Username=user1, Password=[PROTECTED], Enabled=true, AccountNonExpired=true, CredentialsNonExpired=true, AccountNonLocked=true, Granted Authorities=[ROLE_USER]], Credentials=[PROTECTED], Authenticated=true, Details=null, Granted Authorities=[ROLE_USER]]'
26-06-04 11:24:02.859 [http-nio-8080-exec-4] [32mTRACE[0;39m o.s.security.web.FilterChainProxy    [ |  | ] - Invoking AnonymousAuthenticationFilter (12/15)
26-06-04 11:24:02.859 [http-nio-8080-exec-4] [32mTRACE[0;39m o.s.security.web.FilterChainProxy    [ |  | ] - Invoking SessionManagementFilter (13/15)
26-06-04 11:24:02.859 [http-nio-8080-exec-4] [32mTRACE[0;39m o.s.s.w.a.AnonymousAuthenticationFilter [ |  | ] - Did not set SecurityContextHolder since already authenticated UsernamePasswordAuthenticationToken [Principal=org.springframework.security.core.userdetails.User [Username=user1, Password=[PROTECTED], Enabled=true, AccountNonExpired=true, CredentialsNonExpired=true, AccountNonLocked=true, Granted Authorities=[ROLE_USER]], Credentials=[PROTECTED], Authenticated=true, Details=null, Granted Authorities=[ROLE_USER]]
26-06-04 11:24:02.859 [http-nio-8080-exec-4] [32mTRACE[0;39m o.s.s.w.a.s.CompositeSessionAuthenticationStrategy [ |  | ] - Preparing session with ChangeSessionIdAuthenticationStrategy (1/2)
26-06-04 11:24:02.859 [http-nio-8080-exec-4] [32mTRACE[0;39m o.s.s.w.a.s.CompositeSessionAuthenticationStrategy [ |  | ] - Preparing session with CsrfAuthenticationStrategy (2/2)
26-06-04 11:24:02.860 [http-nio-8080-exec-4] [32mDEBUG[0;39m o.s.s.w.c.CsrfAuthenticationStrategy [ |  | ] - Replaced CSRF Token
26-06-04 11:24:02.860 [http-nio-8080-exec-4] [32mTRACE[0;39m o.s.security.web.FilterChainProxy    [ |  | ] - Invoking ExceptionTranslationFilter (14/15)
26-06-04 11:24:02.860 [http-nio-8080-exec-4] [32mTRACE[0;39m o.s.security.web.FilterChainProxy    [ |  | ] - Invoking AuthorizationFilter (15/15)
26-06-04 11:24:02.860 [http-nio-8080-exec-4] [32mTRACE[0;39m o.s.s.w.a.i.RequestMatcherDelegatingAuthorizationManager [ |  | ] - Authorizing GET /api/channels?userId=d2221d17-7460-4f2d-98b9-0192e1c0a821
26-06-04 11:24:02.860 [http-nio-8080-exec-4] [32mTRACE[0;39m o.s.s.w.a.i.RequestMatcherDelegatingAuthorizationManager [ |  | ] - Checking authorization on GET /api/channels?userId=d2221d17-7460-4f2d-98b9-0192e1c0a821 using org.springframework.security.authorization.AuthenticatedAuthorizationManager@5d73ce5
26-06-04 11:24:02.861 [http-nio-8080-exec-4] [32mDEBUG[0;39m o.s.security.web.FilterChainProxy    [ |  | ] - Secured GET /api/channels?userId=d2221d17-7460-4f2d-98b9-0192e1c0a821
26-06-04 11:24:02.861 [http-nio-8080-exec-4] [32mDEBUG[0;39m c.s.m.d.config.MDCLoggingInterceptor [80e24bc289fa407ab59a5f665ce2ab18 | GET | /api/channels] - Request started
26-06-04 11:24:02.864 [http-nio-8080-exec-4] [32mINFO [0;39m c.s.m.d.controller.ChannelController [80e24bc289fa407ab59a5f665ce2ab18 | GET | /api/channels] - 사용자별 채널 목록 조회 요청: userId=d2221d17-7460-4f2d-98b9-0192e1c0a821
26-06-04 11:24:02.871 [http-nio-8080-exec-9] [32mTRACE[0;39m o.s.security.web.FilterChainProxy    [ |  | ] - Trying to match request against DefaultSecurityFilterChain defined as 'filterChain' in [class path resource [com/sprint/mission/discodeit/config/SecurityConfig.class]] matching [any request] and having filters [DisableEncodeUrl, WebAsyncManagerIntegration, SecurityContextHolder, HeaderWriter, Csrf, Logout, JwtAuthentication, UsernamePasswordAuthentication, RequestCacheAware, SecurityContextHolderAwareRequest, RememberMeAuthentication, AnonymousAuthentication, SessionManagement, ExceptionTranslation, Authorization] (1/1)
26-06-04 11:24:02.871 [http-nio-8080-exec-9] [32mDEBUG[0;39m o.s.security.web.FilterChainProxy    [ |  | ] - Securing GET /api/messages?channelId=ba45765e-0f83-4f0b-b02f-1ed2f2e44a3e&size=50&sort=createdAt,desc
26-06-04 11:24:02.871 [http-nio-8080-exec-9] [32mTRACE[0;39m o.s.security.web.FilterChainProxy    [ |  | ] - Invoking DisableEncodeUrlFilter (1/15)
26-06-04 11:24:02.871 [http-nio-8080-exec-9] [32mTRACE[0;39m o.s.security.web.FilterChainProxy    [ |  | ] - Invoking WebAsyncManagerIntegrationFilter (2/15)
26-06-04 11:24:02.871 [http-nio-8080-exec-9] [32mTRACE[0;39m o.s.security.web.FilterChainProxy    [ |  | ] - Invoking SecurityContextHolderFilter (3/15)
26-06-04 11:24:02.871 [http-nio-8080-exec-9] [32mTRACE[0;39m o.s.security.web.FilterChainProxy    [ |  | ] - Invoking HeaderWriterFilter (4/15)
26-06-04 11:24:02.871 [http-nio-8080-exec-9] [32mTRACE[0;39m o.s.security.web.FilterChainProxy    [ |  | ] - Invoking CsrfFilter (5/15)
26-06-04 11:24:02.871 [http-nio-8080-exec-9] [32mTRACE[0;39m o.s.security.web.csrf.CsrfFilter     [ |  | ] - Did not protect against CSRF since request did not match CsrfNotRequired [TRACE, HEAD, GET, OPTIONS]
26-06-04 11:24:02.871 [http-nio-8080-exec-9] [32mTRACE[0;39m o.s.security.web.FilterChainProxy    [ |  | ] - Invoking LogoutFilter (6/15)
26-06-04 11:24:02.871 [http-nio-8080-exec-9] [32mTRACE[0;39m o.s.s.w.a.logout.LogoutFilter        [ |  | ] - Did not match request to Ant [pattern='/api/auth/logout', POST]
26-06-04 11:24:02.871 [http-nio-8080-exec-9] [32mTRACE[0;39m o.s.security.web.FilterChainProxy    [ |  | ] - Invoking JwtAuthenticationFilter (7/15)
26-06-04 11:24:02.872 [http-nio-8080-exec-9] [32mTRACE[0;39m o.s.s.w.c.SupplierDeferredSecurityContext [ |  | ] - Created SecurityContextImpl [Null authentication]
26-06-04 11:24:02.872 [http-nio-8080-exec-9] [32mDEBUG[0;39m c.s.m.d.s.f.JwtAuthenticationFilter  [ |  | ] - Security Context에 'user1' 인증 정보를 저장했습니다.
26-06-04 11:24:02.872 [http-nio-8080-exec-9] [32mTRACE[0;39m o.s.security.web.FilterChainProxy    [ |  | ] - Invoking UsernamePasswordAuthenticationFilter (8/15)
26-06-04 11:24:02.872 [http-nio-8080-exec-9] [32mTRACE[0;39m o.s.s.w.a.UsernamePasswordAuthenticationFilter [ |  | ] - Did not match request to Ant [pattern='/api/auth/login', POST]
26-06-04 11:24:02.872 [http-nio-8080-exec-9] [32mTRACE[0;39m o.s.security.web.FilterChainProxy    [ |  | ] - Invoking RequestCacheAwareFilter (9/15)
26-06-04 11:24:02.872 [http-nio-8080-exec-9] [32mTRACE[0;39m o.s.security.web.FilterChainProxy    [ |  | ] - Invoking SecurityContextHolderAwareRequestFilter (10/15)
26-06-04 11:24:02.872 [http-nio-8080-exec-9] [32mTRACE[0;39m o.s.security.web.FilterChainProxy    [ |  | ] - Invoking RememberMeAuthenticationFilter (11/15)
26-06-04 11:24:02.872 [http-nio-8080-exec-9] [32mDEBUG[0;39m o.s.s.w.a.r.RememberMeAuthenticationFilter [ |  | ] - SecurityContextHolder not populated with remember-me token, as it already contained: 'UsernamePasswordAuthenticationToken [Principal=org.springframework.security.core.userdetails.User [Username=user1, Password=[PROTECTED], Enabled=true, AccountNonExpired=true, CredentialsNonExpired=true, AccountNonLocked=true, Granted Authorities=[ROLE_USER]], Credentials=[PROTECTED], Authenticated=true, Details=null, Granted Authorities=[ROLE_USER]]'
26-06-04 11:24:02.872 [http-nio-8080-exec-9] [32mTRACE[0;39m o.s.security.web.FilterChainProxy    [ |  | ] - Invoking AnonymousAuthenticationFilter (12/15)
26-06-04 11:24:02.872 [http-nio-8080-exec-9] [32mTRACE[0;39m o.s.security.web.FilterChainProxy    [ |  | ] - Invoking SessionManagementFilter (13/15)
26-06-04 11:24:02.872 [http-nio-8080-exec-9] [32mTRACE[0;39m o.s.s.w.a.AnonymousAuthenticationFilter [ |  | ] - Did not set SecurityContextHolder since already authenticated UsernamePasswordAuthenticationToken [Principal=org.springframework.security.core.userdetails.User [Username=user1, Password=[PROTECTED], Enabled=true, AccountNonExpired=true, CredentialsNonExpired=true, AccountNonLocked=true, Granted Authorities=[ROLE_USER]], Credentials=[PROTECTED], Authenticated=true, Details=null, Granted Authorities=[ROLE_USER]]
26-06-04 11:24:02.872 [http-nio-8080-exec-9] [32mTRACE[0;39m o.s.s.w.a.s.CompositeSessionAuthenticationStrategy [ |  | ] - Preparing session with ChangeSessionIdAuthenticationStrategy (1/2)
26-06-04 11:24:02.872 [http-nio-8080-exec-9] [32mTRACE[0;39m o.s.s.w.a.s.CompositeSessionAuthenticationStrategy [ |  | ] - Preparing session with CsrfAuthenticationStrategy (2/2)
26-06-04 11:24:02.872 [http-nio-8080-exec-9] [32mDEBUG[0;39m o.s.s.w.c.CsrfAuthenticationStrategy [ |  | ] - Replaced CSRF Token
26-06-04 11:24:02.872 [http-nio-8080-exec-9] [32mTRACE[0;39m o.s.security.web.FilterChainProxy    [ |  | ] - Invoking ExceptionTranslationFilter (14/15)
26-06-04 11:24:02.872 [http-nio-8080-exec-9] [32mTRACE[0;39m o.s.security.web.FilterChainProxy    [ |  | ] - Invoking AuthorizationFilter (15/15)
26-06-04 11:24:02.873 [http-nio-8080-exec-9] [32mTRACE[0;39m o.s.s.w.a.i.RequestMatcherDelegatingAuthorizationManager [ |  | ] - Authorizing GET /api/messages?channelId=ba45765e-0f83-4f0b-b02f-1ed2f2e44a3e&size=50&sort=createdAt,desc
26-06-04 11:24:02.873 [http-nio-8080-exec-9] [32mTRACE[0;39m o.s.s.w.a.i.RequestMatcherDelegatingAuthorizationManager [ |  | ] - Checking authorization on GET /api/messages?channelId=ba45765e-0f83-4f0b-b02f-1ed2f2e44a3e&size=50&sort=createdAt,desc using org.springframework.security.authorization.AuthenticatedAuthorizationManager@5d73ce5
26-06-04 11:24:02.873 [http-nio-8080-exec-9] [32mDEBUG[0;39m o.s.security.web.FilterChainProxy    [ |  | ] - Secured GET /api/messages?channelId=ba45765e-0f83-4f0b-b02f-1ed2f2e44a3e&size=50&sort=createdAt,desc
26-06-04 11:24:02.873 [http-nio-8080-exec-9] [32mDEBUG[0;39m c.s.m.d.config.MDCLoggingInterceptor [35d5cbf0e4094515aa013780246e8651 | GET | /api/messages] - Request started
26-06-04 11:24:02.879 [http-nio-8080-exec-9] [32mINFO [0;39m c.s.m.d.controller.MessageController [35d5cbf0e4094515aa013780246e8651 | GET | /api/messages] - 채널별 메시지 목록 조회 요청: channelId=ba45765e-0f83-4f0b-b02f-1ed2f2e44a3e, cursor=null, pageable=Page request [number: 0, size 50, sort: createdAt: DESC]
26-06-04 11:24:02.888 [http-nio-8080-exec-9] [32mDEBUG[0;39m org.hibernate.SQL                    [35d5cbf0e4094515aa013780246e8651 | GET | /api/messages] - 
    select
        m1_0.id,
        a1_0.id,
        a1_0.created_at,
        a1_0.email,
        a1_0.password,
        p1_0.id,
        p1_0.content_type,
        p1_0.created_at,
        p1_0.file_name,
        p1_0.size,
        p1_0.status,
        p1_0.updated_at,
        a1_0.role,
        a1_0.updated_at,
        a1_0.username,
        m1_0.channel_id,
        m1_0.content,
        m1_0.created_at,
        m1_0.updated_at 
    from
        messages m1_0 
    left join
        users a1_0 
            on a1_0.id=m1_0.author_id 
    left join
        binary_contents p1_0 
            on p1_0.id=a1_0.profile_id 
    where
        m1_0.channel_id=? 
        and m1_0.created_at<? 
    order by
        m1_0.created_at desc 
    fetch
        first ? rows only
26-06-04 11:24:02.889 [http-nio-8080-exec-9] [32mTRACE[0;39m org.hibernate.orm.jdbc.bind          [35d5cbf0e4094515aa013780246e8651 | GET | /api/messages] - binding parameter (1:UUID) <- [ba45765e-0f83-4f0b-b02f-1ed2f2e44a3e]
26-06-04 11:24:02.889 [http-nio-8080-exec-4] [32mDEBUG[0;39m org.hibernate.SQL                    [80e24bc289fa407ab59a5f665ce2ab18 | GET | /api/channels] - 
    select
        rs1_0.id,
        rs1_0.channel_id,
        rs1_0.created_at,
        rs1_0.last_read_at,
        rs1_0.notification_enabled,
        rs1_0.updated_at,
        rs1_0.user_id 
    from
        read_statuses rs1_0 
    where
        rs1_0.user_id=?
26-06-04 11:24:02.889 [http-nio-8080-exec-9] [32mTRACE[0;39m org.hibernate.orm.jdbc.bind          [35d5cbf0e4094515aa013780246e8651 | GET | /api/messages] - binding parameter (2:TIMESTAMP_UTC) <- [2026-06-04T02:24:02.880822Z]
26-06-04 11:24:02.889 [http-nio-8080-exec-9] [32mTRACE[0;39m org.hibernate.orm.jdbc.bind          [35d5cbf0e4094515aa013780246e8651 | GET | /api/messages] - binding parameter (3:INTEGER) <- [51]
26-06-04 11:24:02.889 [http-nio-8080-exec-4] [32mTRACE[0;39m org.hibernate.orm.jdbc.bind          [80e24bc289fa407ab59a5f665ce2ab18 | GET | /api/channels] - binding parameter (1:UUID) <- [d2221d17-7460-4f2d-98b9-0192e1c0a821]
26-06-04 11:24:02.894 [http-nio-8080-exec-9] [32mDEBUG[0;39m org.hibernate.SQL                    [35d5cbf0e4094515aa013780246e8651 | GET | /api/messages] - 
    select
        a1_0.message_id,
        a1_1.id,
        a1_1.content_type,
        a1_1.created_at,
        a1_1.file_name,
        a1_1.size,
        a1_1.status,
        a1_1.updated_at 
    from
        message_attachments a1_0 
    join
        binary_contents a1_1 
            on a1_1.id=a1_0.attachment_id 
    where
        a1_0.message_id = any (?)
26-06-04 11:24:02.894 [http-nio-8080-exec-4] [32mDEBUG[0;39m org.hibernate.SQL                    [80e24bc289fa407ab59a5f665ce2ab18 | GET | /api/channels] - 
    select
        c1_0.id,
        c1_0.created_at,
        c1_0.description,
        c1_0.name,
        c1_0.type,
        c1_0.updated_at 
    from
        channels c1_0 
    where
        c1_0.type=? 
        or c1_0.id in (?)
26-06-04 11:24:02.894 [http-nio-8080-exec-9] [32mTRACE[0;39m org.hibernate.orm.jdbc.bind          [35d5cbf0e4094515aa013780246e8651 | GET | /api/messages] - binding parameter (1:ARRAY) <- [[d0e6e89d-baa1-4fa5-932c-3abed82c8a39, 6ba14f94-aacf-432b-855c-9d7e8093064b, 44ebe3f9-e516-4900-8256-dc1ae5a34b16, 0cbce506-afa3-4e7e-9d6e-a215a14a4fd4, 619f5b1b-c59d-4558-9b6d-31ae708c4073, 693bd7ab-63ad-4077-a61b-8c9085faadc1, c085798f-b9b8-4338-9dad-aded811c30b9, 50d3dc11-ab6a-4d48-bdd8-94b994cda3b2, e5c6311c-852d-4045-979c-b2f4e4a71f64]]
26-06-04 11:24:02.895 [http-nio-8080-exec-4] [32mTRACE[0;39m org.hibernate.orm.jdbc.bind          [80e24bc289fa407ab59a5f665ce2ab18 | GET | /api/channels] - binding parameter (1:VARCHAR) <- [PUBLIC]
26-06-04 11:24:02.895 [http-nio-8080-exec-4] [32mTRACE[0;39m org.hibernate.orm.jdbc.bind          [80e24bc289fa407ab59a5f665ce2ab18 | GET | /api/channels] - binding parameter (2:UUID) <- [null]
26-06-04 11:24:02.898 [http-nio-8080-exec-4] [32mDEBUG[0;39m org.hibernate.SQL                    [80e24bc289fa407ab59a5f665ce2ab18 | GET | /api/channels] - 
    select
        m1_0.created_at 
    from
        messages m1_0 
    where
        m1_0.channel_id=? 
    order by
        m1_0.created_at desc 
    fetch
        first 1 rows only
26-06-04 11:24:02.898 [http-nio-8080-exec-4] [32mTRACE[0;39m org.hibernate.orm.jdbc.bind          [80e24bc289fa407ab59a5f665ce2ab18 | GET | /api/channels] - binding parameter (1:UUID) <- [ba45765e-0f83-4f0b-b02f-1ed2f2e44a3e]
26-06-04 11:24:02.899 [http-nio-8080-exec-9] [32mDEBUG[0;39m c.s.m.d.controller.MessageController [35d5cbf0e4094515aa013780246e8651 | GET | /api/messages] - 채널별 메시지 목록 조회 응답: totalElements=null
26-06-04 11:24:02.900 [http-nio-8080-exec-4] [32mDEBUG[0;39m c.s.m.d.controller.ChannelController [80e24bc289fa407ab59a5f665ce2ab18 | GET | /api/channels] - 사용자별 채널 목록 조회 응답: count=1
26-06-04 11:24:02.904 [http-nio-8080-exec-4] [32mTRACE[0;39m o.s.s.w.h.writers.HstsHeaderWriter   [80e24bc289fa407ab59a5f665ce2ab18 | GET | /api/channels] - Not injecting HSTS header since it did not match request to [Is Secure]
26-06-04 11:24:02.904 [http-nio-8080-exec-9] [32mTRACE[0;39m o.s.s.w.h.writers.HstsHeaderWriter   [35d5cbf0e4094515aa013780246e8651 | GET | /api/messages] - Not injecting HSTS header since it did not match request to [Is Secure]
26-06-04 11:24:02.905 [http-nio-8080-exec-9] [32mDEBUG[0;39m c.s.m.d.config.MDCLoggingInterceptor [35d5cbf0e4094515aa013780246e8651 | GET | /api/messages] - Request completed
26-06-04 11:24:02.905 [http-nio-8080-exec-4] [32mDEBUG[0;39m c.s.m.d.config.MDCLoggingInterceptor [80e24bc289fa407ab59a5f665ce2ab18 | GET | /api/channels] - Request completed
26-06-04 11:24:02.916 [http-nio-8080-exec-8] [32mTRACE[0;39m o.s.security.web.FilterChainProxy    [ |  | ] - Trying to match request against DefaultSecurityFilterChain defined as 'filterChain' in [class path resource [com/sprint/mission/discodeit/config/SecurityConfig.class]] matching [any request] and having filters [DisableEncodeUrl, WebAsyncManagerIntegration, SecurityContextHolder, HeaderWriter, Csrf, Logout, JwtAuthentication, UsernamePasswordAuthentication, RequestCacheAware, SecurityContextHolderAwareRequest, RememberMeAuthentication, AnonymousAuthentication, SessionManagement, ExceptionTranslation, Authorization] (1/1)
26-06-04 11:24:02.916 [http-nio-8080-exec-8] [32mDEBUG[0;39m o.s.security.web.FilterChainProxy    [ |  | ] - Securing GET /api/readStatuses?userId=d2221d17-7460-4f2d-98b9-0192e1c0a821
26-06-04 11:24:02.916 [http-nio-8080-exec-8] [32mTRACE[0;39m o.s.security.web.FilterChainProxy    [ |  | ] - Invoking DisableEncodeUrlFilter (1/15)
26-06-04 11:24:02.916 [http-nio-8080-exec-8] [32mTRACE[0;39m o.s.security.web.FilterChainProxy    [ |  | ] - Invoking WebAsyncManagerIntegrationFilter (2/15)
26-06-04 11:24:02.916 [http-nio-8080-exec-8] [32mTRACE[0;39m o.s.security.web.FilterChainProxy    [ |  | ] - Invoking SecurityContextHolderFilter (3/15)
26-06-04 11:24:02.916 [http-nio-8080-exec-8] [32mTRACE[0;39m o.s.security.web.FilterChainProxy    [ |  | ] - Invoking HeaderWriterFilter (4/15)
26-06-04 11:24:02.916 [http-nio-8080-exec-8] [32mTRACE[0;39m o.s.security.web.FilterChainProxy    [ |  | ] - Invoking CsrfFilter (5/15)
26-06-04 11:24:02.916 [http-nio-8080-exec-8] [32mTRACE[0;39m o.s.security.web.csrf.CsrfFilter     [ |  | ] - Did not protect against CSRF since request did not match CsrfNotRequired [TRACE, HEAD, GET, OPTIONS]
26-06-04 11:24:02.916 [http-nio-8080-exec-8] [32mTRACE[0;39m o.s.security.web.FilterChainProxy    [ |  | ] - Invoking LogoutFilter (6/15)
26-06-04 11:24:02.916 [http-nio-8080-exec-8] [32mTRACE[0;39m o.s.s.w.a.logout.LogoutFilter        [ |  | ] - Did not match request to Ant [pattern='/api/auth/logout', POST]
26-06-04 11:24:02.916 [http-nio-8080-exec-8] [32mTRACE[0;39m o.s.security.web.FilterChainProxy    [ |  | ] - Invoking JwtAuthenticationFilter (7/15)
26-06-04 11:24:02.918 [http-nio-8080-exec-8] [32mTRACE[0;39m o.s.s.w.c.SupplierDeferredSecurityContext [ |  | ] - Created SecurityContextImpl [Null authentication]
26-06-04 11:24:02.918 [http-nio-8080-exec-8] [32mDEBUG[0;39m c.s.m.d.s.f.JwtAuthenticationFilter  [ |  | ] - Security Context에 'user1' 인증 정보를 저장했습니다.
26-06-04 11:24:02.918 [http-nio-8080-exec-8] [32mTRACE[0;39m o.s.security.web.FilterChainProxy    [ |  | ] - Invoking UsernamePasswordAuthenticationFilter (8/15)
26-06-04 11:24:02.918 [http-nio-8080-exec-8] [32mTRACE[0;39m o.s.s.w.a.UsernamePasswordAuthenticationFilter [ |  | ] - Did not match request to Ant [pattern='/api/auth/login', POST]
26-06-04 11:24:02.918 [http-nio-8080-exec-8] [32mTRACE[0;39m o.s.security.web.FilterChainProxy    [ |  | ] - Invoking RequestCacheAwareFilter (9/15)
26-06-04 11:24:02.918 [http-nio-8080-exec-8] [32mTRACE[0;39m o.s.security.web.FilterChainProxy    [ |  | ] - Invoking SecurityContextHolderAwareRequestFilter (10/15)
26-06-04 11:24:02.918 [http-nio-8080-exec-8] [32mTRACE[0;39m o.s.security.web.FilterChainProxy    [ |  | ] - Invoking RememberMeAuthenticationFilter (11/15)
26-06-04 11:24:02.918 [http-nio-8080-exec-8] [32mDEBUG[0;39m o.s.s.w.a.r.RememberMeAuthenticationFilter [ |  | ] - SecurityContextHolder not populated with remember-me token, as it already contained: 'UsernamePasswordAuthenticationToken [Principal=org.springframework.security.core.userdetails.User [Username=user1, Password=[PROTECTED], Enabled=true, AccountNonExpired=true, CredentialsNonExpired=true, AccountNonLocked=true, Granted Authorities=[ROLE_USER]], Credentials=[PROTECTED], Authenticated=true, Details=null, Granted Authorities=[ROLE_USER]]'
26-06-04 11:24:02.918 [http-nio-8080-exec-8] [32mTRACE[0;39m o.s.security.web.FilterChainProxy    [ |  | ] - Invoking AnonymousAuthenticationFilter (12/15)
26-06-04 11:24:02.918 [http-nio-8080-exec-8] [32mTRACE[0;39m o.s.security.web.FilterChainProxy    [ |  | ] - Invoking SessionManagementFilter (13/15)
26-06-04 11:24:02.918 [http-nio-8080-exec-8] [32mTRACE[0;39m o.s.s.w.a.AnonymousAuthenticationFilter [ |  | ] - Did not set SecurityContextHolder since already authenticated UsernamePasswordAuthenticationToken [Principal=org.springframework.security.core.userdetails.User [Username=user1, Password=[PROTECTED], Enabled=true, AccountNonExpired=true, CredentialsNonExpired=true, AccountNonLocked=true, Granted Authorities=[ROLE_USER]], Credentials=[PROTECTED], Authenticated=true, Details=null, Granted Authorities=[ROLE_USER]]
26-06-04 11:24:02.918 [http-nio-8080-exec-8] [32mTRACE[0;39m o.s.s.w.a.s.CompositeSessionAuthenticationStrategy [ |  | ] - Preparing session with ChangeSessionIdAuthenticationStrategy (1/2)
26-06-04 11:24:02.918 [http-nio-8080-exec-8] [32mTRACE[0;39m o.s.s.w.a.s.CompositeSessionAuthenticationStrategy [ |  | ] - Preparing session with CsrfAuthenticationStrategy (2/2)
26-06-04 11:24:02.918 [http-nio-8080-exec-8] [32mDEBUG[0;39m o.s.s.w.c.CsrfAuthenticationStrategy [ |  | ] - Replaced CSRF Token
26-06-04 11:24:02.918 [http-nio-8080-exec-8] [32mTRACE[0;39m o.s.security.web.FilterChainProxy    [ |  | ] - Invoking ExceptionTranslationFilter (14/15)
26-06-04 11:24:02.918 [http-nio-8080-exec-8] [32mTRACE[0;39m o.s.security.web.FilterChainProxy    [ |  | ] - Invoking AuthorizationFilter (15/15)
26-06-04 11:24:02.919 [http-nio-8080-exec-8] [32mTRACE[0;39m o.s.s.w.a.i.RequestMatcherDelegatingAuthorizationManager [ |  | ] - Authorizing GET /api/readStatuses?userId=d2221d17-7460-4f2d-98b9-0192e1c0a821
26-06-04 11:24:02.919 [http-nio-8080-exec-8] [32mTRACE[0;39m o.s.s.w.a.i.RequestMatcherDelegatingAuthorizationManager [ |  | ] - Checking authorization on GET /api/readStatuses?userId=d2221d17-7460-4f2d-98b9-0192e1c0a821 using org.springframework.security.authorization.AuthenticatedAuthorizationManager@5d73ce5
26-06-04 11:24:02.919 [http-nio-8080-exec-8] [32mDEBUG[0;39m o.s.security.web.FilterChainProxy    [ |  | ] - Secured GET /api/readStatuses?userId=d2221d17-7460-4f2d-98b9-0192e1c0a821
26-06-04 11:24:02.919 [http-nio-8080-exec-8] [32mDEBUG[0;39m c.s.m.d.config.MDCLoggingInterceptor [89ea265960e248589542c99848de9bee | GET | /api/readStatuses] - Request started
26-06-04 11:24:02.919 [http-nio-8080-exec-8] [32mINFO [0;39m c.s.m.d.c.ReadStatusController       [89ea265960e248589542c99848de9bee | GET | /api/readStatuses] - 사용자별 읽음 상태 목록 조회 요청: userId=d2221d17-7460-4f2d-98b9-0192e1c0a821
26-06-04 11:24:02.920 [http-nio-8080-exec-8] [32mDEBUG[0;39m c.s.m.d.s.b.BasicReadStatusService   [89ea265960e248589542c99848de9bee | GET | /api/readStatuses] - 사용자별 읽음 상태 목록 조회 시작: userId=d2221d17-7460-4f2d-98b9-0192e1c0a821
26-06-04 11:24:02.921 [http-nio-8080-exec-8] [32mDEBUG[0;39m org.hibernate.SQL                    [89ea265960e248589542c99848de9bee | GET | /api/readStatuses] - 
    select
        rs1_0.id,
        rs1_0.channel_id,
        rs1_0.created_at,
        rs1_0.last_read_at,
        rs1_0.notification_enabled,
        rs1_0.updated_at,
        rs1_0.user_id 
    from
        read_statuses rs1_0 
    where
        rs1_0.user_id=?
26-06-04 11:24:02.921 [http-nio-8080-exec-8] [32mTRACE[0;39m org.hibernate.orm.jdbc.bind          [89ea265960e248589542c99848de9bee | GET | /api/readStatuses] - binding parameter (1:UUID) <- [d2221d17-7460-4f2d-98b9-0192e1c0a821]
26-06-04 11:24:02.923 [http-nio-8080-exec-8] [32mINFO [0;39m c.s.m.d.s.b.BasicReadStatusService   [89ea265960e248589542c99848de9bee | GET | /api/readStatuses] - 사용자별 읽음 상태 목록 조회 완료: userId=d2221d17-7460-4f2d-98b9-0192e1c0a821, 조회된 항목 수=0
26-06-04 11:24:02.923 [http-nio-8080-exec-8] [32mDEBUG[0;39m c.s.m.d.c.ReadStatusController       [89ea265960e248589542c99848de9bee | GET | /api/readStatuses] - 사용자별 읽음 상태 목록 조회 응답: count=0
26-06-04 11:24:02.924 [http-nio-8080-exec-8] [32mTRACE[0;39m o.s.s.w.h.writers.HstsHeaderWriter   [89ea265960e248589542c99848de9bee | GET | /api/readStatuses] - Not injecting HSTS header since it did not match request to [Is Secure]
26-06-04 11:24:02.924 [http-nio-8080-exec-8] [32mDEBUG[0;39m c.s.m.d.config.MDCLoggingInterceptor [89ea265960e248589542c99848de9bee | GET | /api/readStatuses] - Request completed
26-06-04 11:24:05.196 [http-nio-8080-exec-6] [32mTRACE[0;39m o.s.security.web.FilterChainProxy    [ |  | ] - Trying to match request against DefaultSecurityFilterChain defined as 'filterChain' in [class path resource [com/sprint/mission/discodeit/config/SecurityConfig.class]] matching [any request] and having filters [DisableEncodeUrl, WebAsyncManagerIntegration, SecurityContextHolder, HeaderWriter, Csrf, Logout, JwtAuthentication, UsernamePasswordAuthentication, RequestCacheAware, SecurityContextHolderAwareRequest, RememberMeAuthentication, AnonymousAuthentication, SessionManagement, ExceptionTranslation, Authorization] (1/1)
26-06-04 11:24:05.197 [http-nio-8080-exec-6] [32mDEBUG[0;39m o.s.security.web.FilterChainProxy    [ |  | ] - Securing GET /api/messages?channelId=ba45765e-0f83-4f0b-b02f-1ed2f2e44a3e&size=50&sort=createdAt,desc
26-06-04 11:24:05.197 [http-nio-8080-exec-6] [32mTRACE[0;39m o.s.security.web.FilterChainProxy    [ |  | ] - Invoking DisableEncodeUrlFilter (1/15)
26-06-04 11:24:05.197 [http-nio-8080-exec-6] [32mTRACE[0;39m o.s.security.web.FilterChainProxy    [ |  | ] - Invoking WebAsyncManagerIntegrationFilter (2/15)
26-06-04 11:24:05.197 [http-nio-8080-exec-6] [32mTRACE[0;39m o.s.security.web.FilterChainProxy    [ |  | ] - Invoking SecurityContextHolderFilter (3/15)
26-06-04 11:24:05.197 [http-nio-8080-exec-6] [32mTRACE[0;39m o.s.security.web.FilterChainProxy    [ |  | ] - Invoking HeaderWriterFilter (4/15)
26-06-04 11:24:05.198 [http-nio-8080-exec-6] [32mTRACE[0;39m o.s.security.web.FilterChainProxy    [ |  | ] - Invoking CsrfFilter (5/15)
26-06-04 11:24:05.198 [http-nio-8080-exec-6] [32mTRACE[0;39m o.s.security.web.csrf.CsrfFilter     [ |  | ] - Did not protect against CSRF since request did not match CsrfNotRequired [TRACE, HEAD, GET, OPTIONS]
26-06-04 11:24:05.198 [http-nio-8080-exec-6] [32mTRACE[0;39m o.s.security.web.FilterChainProxy    [ |  | ] - Invoking LogoutFilter (6/15)
26-06-04 11:24:05.198 [http-nio-8080-exec-6] [32mTRACE[0;39m o.s.s.w.a.logout.LogoutFilter        [ |  | ] - Did not match request to Ant [pattern='/api/auth/logout', POST]
26-06-04 11:24:05.198 [http-nio-8080-exec-6] [32mTRACE[0;39m o.s.security.web.FilterChainProxy    [ |  | ] - Invoking JwtAuthenticationFilter (7/15)
26-06-04 11:24:05.199 [http-nio-8080-exec-6] [32mTRACE[0;39m o.s.s.w.c.SupplierDeferredSecurityContext [ |  | ] - Created SecurityContextImpl [Null authentication]
26-06-04 11:24:05.199 [http-nio-8080-exec-6] [32mDEBUG[0;39m c.s.m.d.s.f.JwtAuthenticationFilter  [ |  | ] - Security Context에 'user1' 인증 정보를 저장했습니다.
26-06-04 11:24:05.199 [http-nio-8080-exec-6] [32mTRACE[0;39m o.s.security.web.FilterChainProxy    [ |  | ] - Invoking UsernamePasswordAuthenticationFilter (8/15)
26-06-04 11:24:05.199 [http-nio-8080-exec-6] [32mTRACE[0;39m o.s.s.w.a.UsernamePasswordAuthenticationFilter [ |  | ] - Did not match request to Ant [pattern='/api/auth/login', POST]
26-06-04 11:24:05.199 [http-nio-8080-exec-6] [32mTRACE[0;39m o.s.security.web.FilterChainProxy    [ |  | ] - Invoking RequestCacheAwareFilter (9/15)
26-06-04 11:24:05.199 [http-nio-8080-exec-6] [32mTRACE[0;39m o.s.security.web.FilterChainProxy    [ |  | ] - Invoking SecurityContextHolderAwareRequestFilter (10/15)
26-06-04 11:24:05.199 [http-nio-8080-exec-6] [32mTRACE[0;39m o.s.security.web.FilterChainProxy    [ |  | ] - Invoking RememberMeAuthenticationFilter (11/15)
26-06-04 11:24:05.199 [http-nio-8080-exec-6] [32mDEBUG[0;39m o.s.s.w.a.r.RememberMeAuthenticationFilter [ |  | ] - SecurityContextHolder not populated with remember-me token, as it already contained: 'UsernamePasswordAuthenticationToken [Principal=org.springframework.security.core.userdetails.User [Username=user1, Password=[PROTECTED], Enabled=true, AccountNonExpired=true, CredentialsNonExpired=true, AccountNonLocked=true, Granted Authorities=[ROLE_USER]], Credentials=[PROTECTED], Authenticated=true, Details=null, Granted Authorities=[ROLE_USER]]'
26-06-04 11:24:05.199 [http-nio-8080-exec-6] [32mTRACE[0;39m o.s.security.web.FilterChainProxy    [ |  | ] - Invoking AnonymousAuthenticationFilter (12/15)
26-06-04 11:24:05.199 [http-nio-8080-exec-6] [32mTRACE[0;39m o.s.security.web.FilterChainProxy    [ |  | ] - Invoking SessionManagementFilter (13/15)
26-06-04 11:24:05.200 [http-nio-8080-exec-6] [32mTRACE[0;39m o.s.s.w.a.AnonymousAuthenticationFilter [ |  | ] - Did not set SecurityContextHolder since already authenticated UsernamePasswordAuthenticationToken [Principal=org.springframework.security.core.userdetails.User [Username=user1, Password=[PROTECTED], Enabled=true, AccountNonExpired=true, CredentialsNonExpired=true, AccountNonLocked=true, Granted Authorities=[ROLE_USER]], Credentials=[PROTECTED], Authenticated=true, Details=null, Granted Authorities=[ROLE_USER]]
26-06-04 11:24:05.200 [http-nio-8080-exec-6] [32mTRACE[0;39m o.s.s.w.a.s.CompositeSessionAuthenticationStrategy [ |  | ] - Preparing session with ChangeSessionIdAuthenticationStrategy (1/2)
26-06-04 11:24:05.200 [http-nio-8080-exec-6] [32mTRACE[0;39m o.s.s.w.a.s.CompositeSessionAuthenticationStrategy [ |  | ] - Preparing session with CsrfAuthenticationStrategy (2/2)
26-06-04 11:24:05.200 [http-nio-8080-exec-6] [32mDEBUG[0;39m o.s.s.w.c.CsrfAuthenticationStrategy [ |  | ] - Replaced CSRF Token
26-06-04 11:24:05.200 [http-nio-8080-exec-6] [32mTRACE[0;39m o.s.security.web.FilterChainProxy    [ |  | ] - Invoking ExceptionTranslationFilter (14/15)
26-06-04 11:24:05.200 [http-nio-8080-exec-6] [32mTRACE[0;39m o.s.security.web.FilterChainProxy    [ |  | ] - Invoking AuthorizationFilter (15/15)
26-06-04 11:24:05.200 [http-nio-8080-exec-6] [32mTRACE[0;39m o.s.s.w.a.i.RequestMatcherDelegatingAuthorizationManager [ |  | ] - Authorizing GET /api/messages?channelId=ba45765e-0f83-4f0b-b02f-1ed2f2e44a3e&size=50&sort=createdAt,desc
26-06-04 11:24:05.200 [http-nio-8080-exec-6] [32mTRACE[0;39m o.s.s.w.a.i.RequestMatcherDelegatingAuthorizationManager [ |  | ] - Checking authorization on GET /api/messages?channelId=ba45765e-0f83-4f0b-b02f-1ed2f2e44a3e&size=50&sort=createdAt,desc using org.springframework.security.authorization.AuthenticatedAuthorizationManager@5d73ce5
26-06-04 11:24:05.201 [http-nio-8080-exec-6] [32mDEBUG[0;39m o.s.security.web.FilterChainProxy    [ |  | ] - Secured GET /api/messages?channelId=ba45765e-0f83-4f0b-b02f-1ed2f2e44a3e&size=50&sort=createdAt,desc
26-06-04 11:24:05.201 [http-nio-8080-exec-6] [32mDEBUG[0;39m c.s.m.d.config.MDCLoggingInterceptor [de9cc11340a1464580c1cc4b788fca74 | GET | /api/messages] - Request started
26-06-04 11:24:05.203 [http-nio-8080-exec-6] [32mINFO [0;39m c.s.m.d.controller.MessageController [de9cc11340a1464580c1cc4b788fca74 | GET | /api/messages] - 채널별 메시지 목록 조회 요청: channelId=ba45765e-0f83-4f0b-b02f-1ed2f2e44a3e, cursor=null, pageable=Page request [number: 0, size 50, sort: createdAt: DESC]
26-06-04 11:24:05.206 [http-nio-8080-exec-6] [32mDEBUG[0;39m org.hibernate.SQL                    [de9cc11340a1464580c1cc4b788fca74 | GET | /api/messages] - 
    select
        m1_0.id,
        a1_0.id,
        a1_0.created_at,
        a1_0.email,
        a1_0.password,
        p1_0.id,
        p1_0.content_type,
        p1_0.created_at,
        p1_0.file_name,
        p1_0.size,
        p1_0.status,
        p1_0.updated_at,
        a1_0.role,
        a1_0.updated_at,
        a1_0.username,
        m1_0.channel_id,
        m1_0.content,
        m1_0.created_at,
        m1_0.updated_at 
    from
        messages m1_0 
    left join
        users a1_0 
            on a1_0.id=m1_0.author_id 
    left join
        binary_contents p1_0 
            on p1_0.id=a1_0.profile_id 
    where
        m1_0.channel_id=? 
        and m1_0.created_at<? 
    order by
        m1_0.created_at desc 
    fetch
        first ? rows only
26-06-04 11:24:05.207 [http-nio-8080-exec-6] [32mTRACE[0;39m org.hibernate.orm.jdbc.bind          [de9cc11340a1464580c1cc4b788fca74 | GET | /api/messages] - binding parameter (1:UUID) <- [ba45765e-0f83-4f0b-b02f-1ed2f2e44a3e]
26-06-04 11:24:05.207 [http-nio-8080-exec-6] [32mTRACE[0;39m org.hibernate.orm.jdbc.bind          [de9cc11340a1464580c1cc4b788fca74 | GET | /api/messages] - binding parameter (2:TIMESTAMP_UTC) <- [2026-06-04T02:24:05.205985Z]
26-06-04 11:24:05.207 [http-nio-8080-exec-6] [32mTRACE[0;39m org.hibernate.orm.jdbc.bind          [de9cc11340a1464580c1cc4b788fca74 | GET | /api/messages] - binding parameter (3:INTEGER) <- [51]
26-06-04 11:24:05.210 [http-nio-8080-exec-6] [32mDEBUG[0;39m org.hibernate.SQL                    [de9cc11340a1464580c1cc4b788fca74 | GET | /api/messages] - 
    select
        a1_0.message_id,
        a1_1.id,
        a1_1.content_type,
        a1_1.created_at,
        a1_1.file_name,
        a1_1.size,
        a1_1.status,
        a1_1.updated_at 
    from
        message_attachments a1_0 
    join
        binary_contents a1_1 
            on a1_1.id=a1_0.attachment_id 
    where
        a1_0.message_id = any (?)
26-06-04 11:24:05.211 [http-nio-8080-exec-6] [32mTRACE[0;39m org.hibernate.orm.jdbc.bind          [de9cc11340a1464580c1cc4b788fca74 | GET | /api/messages] - binding parameter (1:ARRAY) <- [[d0e6e89d-baa1-4fa5-932c-3abed82c8a39, 6ba14f94-aacf-432b-855c-9d7e8093064b, 44ebe3f9-e516-4900-8256-dc1ae5a34b16, 0cbce506-afa3-4e7e-9d6e-a215a14a4fd4, 619f5b1b-c59d-4558-9b6d-31ae708c4073, 693bd7ab-63ad-4077-a61b-8c9085faadc1, c085798f-b9b8-4338-9dad-aded811c30b9, 50d3dc11-ab6a-4d48-bdd8-94b994cda3b2, e5c6311c-852d-4045-979c-b2f4e4a71f64]]
26-06-04 11:24:05.214 [http-nio-8080-exec-6] [32mDEBUG[0;39m c.s.m.d.controller.MessageController [de9cc11340a1464580c1cc4b788fca74 | GET | /api/messages] - 채널별 메시지 목록 조회 응답: totalElements=null
26-06-04 11:24:05.216 [http-nio-8080-exec-6] [32mTRACE[0;39m o.s.s.w.h.writers.HstsHeaderWriter   [de9cc11340a1464580c1cc4b788fca74 | GET | /api/messages] - Not injecting HSTS header since it did not match request to [Is Secure]
26-06-04 11:24:05.216 [http-nio-8080-exec-6] [32mDEBUG[0;39m c.s.m.d.config.MDCLoggingInterceptor [de9cc11340a1464580c1cc4b788fca74 | GET | /api/messages] - Request completed
26-06-04 11:24:05.821 [http-nio-8080-exec-10] [32mTRACE[0;39m o.s.security.web.FilterChainProxy    [ |  | ] - Trying to match request against DefaultSecurityFilterChain defined as 'filterChain' in [class path resource [com/sprint/mission/discodeit/config/SecurityConfig.class]] matching [any request] and having filters [DisableEncodeUrl, WebAsyncManagerIntegration, SecurityContextHolder, HeaderWriter, Csrf, Logout, JwtAuthentication, UsernamePasswordAuthentication, RequestCacheAware, SecurityContextHolderAwareRequest, RememberMeAuthentication, AnonymousAuthentication, SessionManagement, ExceptionTranslation, Authorization] (1/1)
26-06-04 11:24:05.821 [http-nio-8080-exec-10] [32mDEBUG[0;39m o.s.security.web.FilterChainProxy    [ |  | ] - Securing GET /api/channels?userId=d2221d17-7460-4f2d-98b9-0192e1c0a821
26-06-04 11:24:05.821 [http-nio-8080-exec-10] [32mTRACE[0;39m o.s.security.web.FilterChainProxy    [ |  | ] - Invoking DisableEncodeUrlFilter (1/15)
26-06-04 11:24:05.821 [http-nio-8080-exec-10] [32mTRACE[0;39m o.s.security.web.FilterChainProxy    [ |  | ] - Invoking WebAsyncManagerIntegrationFilter (2/15)
26-06-04 11:24:05.821 [http-nio-8080-exec-10] [32mTRACE[0;39m o.s.security.web.FilterChainProxy    [ |  | ] - Invoking SecurityContextHolderFilter (3/15)
26-06-04 11:24:05.821 [http-nio-8080-exec-10] [32mTRACE[0;39m o.s.security.web.FilterChainProxy    [ |  | ] - Invoking HeaderWriterFilter (4/15)
26-06-04 11:24:05.821 [http-nio-8080-exec-10] [32mTRACE[0;39m o.s.security.web.FilterChainProxy    [ |  | ] - Invoking CsrfFilter (5/15)
26-06-04 11:24:05.821 [http-nio-8080-exec-10] [32mTRACE[0;39m o.s.security.web.csrf.CsrfFilter     [ |  | ] - Did not protect against CSRF since request did not match CsrfNotRequired [TRACE, HEAD, GET, OPTIONS]
26-06-04 11:24:05.821 [http-nio-8080-exec-10] [32mTRACE[0;39m o.s.security.web.FilterChainProxy    [ |  | ] - Invoking LogoutFilter (6/15)
26-06-04 11:24:05.821 [http-nio-8080-exec-10] [32mTRACE[0;39m o.s.s.w.a.logout.LogoutFilter        [ |  | ] - Did not match request to Ant [pattern='/api/auth/logout', POST]
26-06-04 11:24:05.821 [http-nio-8080-exec-10] [32mTRACE[0;39m o.s.security.web.FilterChainProxy    [ |  | ] - Invoking JwtAuthenticationFilter (7/15)
26-06-04 11:24:05.822 [http-nio-8080-exec-10] [32mTRACE[0;39m o.s.s.w.c.SupplierDeferredSecurityContext [ |  | ] - Created SecurityContextImpl [Null authentication]
26-06-04 11:24:05.822 [http-nio-8080-exec-10] [32mDEBUG[0;39m c.s.m.d.s.f.JwtAuthenticationFilter  [ |  | ] - Security Context에 'user1' 인증 정보를 저장했습니다.
26-06-04 11:24:05.822 [http-nio-8080-exec-10] [32mTRACE[0;39m o.s.security.web.FilterChainProxy    [ |  | ] - Invoking UsernamePasswordAuthenticationFilter (8/15)
26-06-04 11:24:05.822 [http-nio-8080-exec-10] [32mTRACE[0;39m o.s.s.w.a.UsernamePasswordAuthenticationFilter [ |  | ] - Did not match request to Ant [pattern='/api/auth/login', POST]
26-06-04 11:24:05.822 [http-nio-8080-exec-10] [32mTRACE[0;39m o.s.security.web.FilterChainProxy    [ |  | ] - Invoking RequestCacheAwareFilter (9/15)
26-06-04 11:24:05.822 [http-nio-8080-exec-10] [32mTRACE[0;39m o.s.security.web.FilterChainProxy    [ |  | ] - Invoking SecurityContextHolderAwareRequestFilter (10/15)
26-06-04 11:24:05.822 [http-nio-8080-exec-10] [32mTRACE[0;39m o.s.security.web.FilterChainProxy    [ |  | ] - Invoking RememberMeAuthenticationFilter (11/15)
26-06-04 11:24:05.822 [http-nio-8080-exec-10] [32mDEBUG[0;39m o.s.s.w.a.r.RememberMeAuthenticationFilter [ |  | ] - SecurityContextHolder not populated with remember-me token, as it already contained: 'UsernamePasswordAuthenticationToken [Principal=org.springframework.security.core.userdetails.User [Username=user1, Password=[PROTECTED], Enabled=true, AccountNonExpired=true, CredentialsNonExpired=true, AccountNonLocked=true, Granted Authorities=[ROLE_USER]], Credentials=[PROTECTED], Authenticated=true, Details=null, Granted Authorities=[ROLE_USER]]'
26-06-04 11:24:05.822 [http-nio-8080-exec-10] [32mTRACE[0;39m o.s.security.web.FilterChainProxy    [ |  | ] - Invoking AnonymousAuthenticationFilter (12/15)
26-06-04 11:24:05.822 [http-nio-8080-exec-10] [32mTRACE[0;39m o.s.security.web.FilterChainProxy    [ |  | ] - Invoking SessionManagementFilter (13/15)
26-06-04 11:24:05.822 [http-nio-8080-exec-10] [32mTRACE[0;39m o.s.s.w.a.AnonymousAuthenticationFilter [ |  | ] - Did not set SecurityContextHolder since already authenticated UsernamePasswordAuthenticationToken [Principal=org.springframework.security.core.userdetails.User [Username=user1, Password=[PROTECTED], Enabled=true, AccountNonExpired=true, CredentialsNonExpired=true, AccountNonLocked=true, Granted Authorities=[ROLE_USER]], Credentials=[PROTECTED], Authenticated=true, Details=null, Granted Authorities=[ROLE_USER]]
26-06-04 11:24:05.822 [http-nio-8080-exec-10] [32mTRACE[0;39m o.s.s.w.a.s.CompositeSessionAuthenticationStrategy [ |  | ] - Preparing session with ChangeSessionIdAuthenticationStrategy (1/2)
26-06-04 11:24:05.822 [http-nio-8080-exec-10] [32mTRACE[0;39m o.s.s.w.a.s.CompositeSessionAuthenticationStrategy [ |  | ] - Preparing session with CsrfAuthenticationStrategy (2/2)
26-06-04 11:24:05.823 [http-nio-8080-exec-10] [32mDEBUG[0;39m o.s.s.w.c.CsrfAuthenticationStrategy [ |  | ] - Replaced CSRF Token
26-06-04 11:24:05.823 [http-nio-8080-exec-10] [32mTRACE[0;39m o.s.security.web.FilterChainProxy    [ |  | ] - Invoking ExceptionTranslationFilter (14/15)
26-06-04 11:24:05.823 [http-nio-8080-exec-10] [32mTRACE[0;39m o.s.security.web.FilterChainProxy    [ |  | ] - Invoking AuthorizationFilter (15/15)
26-06-04 11:24:05.823 [http-nio-8080-exec-10] [32mTRACE[0;39m o.s.s.w.a.i.RequestMatcherDelegatingAuthorizationManager [ |  | ] - Authorizing GET /api/channels?userId=d2221d17-7460-4f2d-98b9-0192e1c0a821
26-06-04 11:24:05.824 [http-nio-8080-exec-10] [32mTRACE[0;39m o.s.s.w.a.i.RequestMatcherDelegatingAuthorizationManager [ |  | ] - Checking authorization on GET /api/channels?userId=d2221d17-7460-4f2d-98b9-0192e1c0a821 using org.springframework.security.authorization.AuthenticatedAuthorizationManager@5d73ce5
26-06-04 11:24:05.824 [http-nio-8080-exec-10] [32mDEBUG[0;39m o.s.security.web.FilterChainProxy    [ |  | ] - Secured GET /api/channels?userId=d2221d17-7460-4f2d-98b9-0192e1c0a821
26-06-04 11:24:05.824 [http-nio-8080-exec-10] [32mDEBUG[0;39m c.s.m.d.config.MDCLoggingInterceptor [fc2281664fdb423ca24741d54ba5677a | GET | /api/channels] - Request started
26-06-04 11:24:05.825 [http-nio-8080-exec-10] [32mINFO [0;39m c.s.m.d.controller.ChannelController [fc2281664fdb423ca24741d54ba5677a | GET | /api/channels] - 사용자별 채널 목록 조회 요청: userId=d2221d17-7460-4f2d-98b9-0192e1c0a821
26-06-04 11:24:05.832 [http-nio-8080-exec-10] [32mDEBUG[0;39m org.hibernate.SQL                    [fc2281664fdb423ca24741d54ba5677a | GET | /api/channels] - 
    select
        rs1_0.id,
        rs1_0.channel_id,
        rs1_0.created_at,
        rs1_0.last_read_at,
        rs1_0.notification_enabled,
        rs1_0.updated_at,
        rs1_0.user_id 
    from
        read_statuses rs1_0 
    where
        rs1_0.user_id=?
26-06-04 11:24:05.833 [http-nio-8080-exec-10] [32mTRACE[0;39m org.hibernate.orm.jdbc.bind          [fc2281664fdb423ca24741d54ba5677a | GET | /api/channels] - binding parameter (1:UUID) <- [d2221d17-7460-4f2d-98b9-0192e1c0a821]
26-06-04 11:24:05.837 [http-nio-8080-exec-10] [32mDEBUG[0;39m org.hibernate.SQL                    [fc2281664fdb423ca24741d54ba5677a | GET | /api/channels] - 
    select
        c1_0.id,
        c1_0.created_at,
        c1_0.description,
        c1_0.name,
        c1_0.type,
        c1_0.updated_at 
    from
        channels c1_0 
    where
        c1_0.type=? 
        or c1_0.id in (?)
26-06-04 11:24:05.837 [http-nio-8080-exec-10] [32mTRACE[0;39m org.hibernate.orm.jdbc.bind          [fc2281664fdb423ca24741d54ba5677a | GET | /api/channels] - binding parameter (1:VARCHAR) <- [PUBLIC]
26-06-04 11:24:05.837 [http-nio-8080-exec-10] [32mTRACE[0;39m org.hibernate.orm.jdbc.bind          [fc2281664fdb423ca24741d54ba5677a | GET | /api/channels] - binding parameter (2:UUID) <- [null]
26-06-04 11:24:05.840 [http-nio-8080-exec-10] [32mDEBUG[0;39m org.hibernate.SQL                    [fc2281664fdb423ca24741d54ba5677a | GET | /api/channels] - 
    select
        m1_0.created_at 
    from
        messages m1_0 
    where
        m1_0.channel_id=? 
    order by
        m1_0.created_at desc 
    fetch
        first 1 rows only
26-06-04 11:24:05.840 [http-nio-8080-exec-10] [32mTRACE[0;39m org.hibernate.orm.jdbc.bind          [fc2281664fdb423ca24741d54ba5677a | GET | /api/channels] - binding parameter (1:UUID) <- [ba45765e-0f83-4f0b-b02f-1ed2f2e44a3e]
26-06-04 11:24:05.842 [http-nio-8080-exec-10] [32mDEBUG[0;39m c.s.m.d.controller.ChannelController [fc2281664fdb423ca24741d54ba5677a | GET | /api/channels] - 사용자별 채널 목록 조회 응답: count=1
26-06-04 11:24:05.847 [http-nio-8080-exec-10] [32mTRACE[0;39m o.s.s.w.h.writers.HstsHeaderWriter   [fc2281664fdb423ca24741d54ba5677a | GET | /api/channels] - Not injecting HSTS header since it did not match request to [Is Secure]
26-06-04 11:24:05.847 [http-nio-8080-exec-10] [32mDEBUG[0;39m c.s.m.d.config.MDCLoggingInterceptor [fc2281664fdb423ca24741d54ba5677a | GET | /api/channels] - Request completed
26-06-04 11:24:05.853 [http-nio-8080-exec-2] [32mTRACE[0;39m o.s.security.web.FilterChainProxy    [ |  | ] - Trying to match request against DefaultSecurityFilterChain defined as 'filterChain' in [class path resource [com/sprint/mission/discodeit/config/SecurityConfig.class]] matching [any request] and having filters [DisableEncodeUrl, WebAsyncManagerIntegration, SecurityContextHolder, HeaderWriter, Csrf, Logout, JwtAuthentication, UsernamePasswordAuthentication, RequestCacheAware, SecurityContextHolderAwareRequest, RememberMeAuthentication, AnonymousAuthentication, SessionManagement, ExceptionTranslation, Authorization] (1/1)
26-06-04 11:24:05.853 [http-nio-8080-exec-2] [32mDEBUG[0;39m o.s.security.web.FilterChainProxy    [ |  | ] - Securing GET /api/readStatuses?userId=d2221d17-7460-4f2d-98b9-0192e1c0a821
26-06-04 11:24:05.853 [http-nio-8080-exec-2] [32mTRACE[0;39m o.s.security.web.FilterChainProxy    [ |  | ] - Invoking DisableEncodeUrlFilter (1/15)
26-06-04 11:24:05.853 [http-nio-8080-exec-2] [32mTRACE[0;39m o.s.security.web.FilterChainProxy    [ |  | ] - Invoking WebAsyncManagerIntegrationFilter (2/15)
26-06-04 11:24:05.853 [http-nio-8080-exec-2] [32mTRACE[0;39m o.s.security.web.FilterChainProxy    [ |  | ] - Invoking SecurityContextHolderFilter (3/15)
26-06-04 11:24:05.853 [http-nio-8080-exec-2] [32mTRACE[0;39m o.s.security.web.FilterChainProxy    [ |  | ] - Invoking HeaderWriterFilter (4/15)
26-06-04 11:24:05.854 [http-nio-8080-exec-2] [32mTRACE[0;39m o.s.security.web.FilterChainProxy    [ |  | ] - Invoking CsrfFilter (5/15)
26-06-04 11:24:05.854 [http-nio-8080-exec-2] [32mTRACE[0;39m o.s.security.web.csrf.CsrfFilter     [ |  | ] - Did not protect against CSRF since request did not match CsrfNotRequired [TRACE, HEAD, GET, OPTIONS]
26-06-04 11:24:05.854 [http-nio-8080-exec-2] [32mTRACE[0;39m o.s.security.web.FilterChainProxy    [ |  | ] - Invoking LogoutFilter (6/15)
26-06-04 11:24:05.854 [http-nio-8080-exec-2] [32mTRACE[0;39m o.s.s.w.a.logout.LogoutFilter        [ |  | ] - Did not match request to Ant [pattern='/api/auth/logout', POST]
26-06-04 11:24:05.854 [http-nio-8080-exec-2] [32mTRACE[0;39m o.s.security.web.FilterChainProxy    [ |  | ] - Invoking JwtAuthenticationFilter (7/15)
26-06-04 11:24:05.855 [http-nio-8080-exec-2] [32mTRACE[0;39m o.s.s.w.c.SupplierDeferredSecurityContext [ |  | ] - Created SecurityContextImpl [Null authentication]
26-06-04 11:24:05.855 [http-nio-8080-exec-2] [32mDEBUG[0;39m c.s.m.d.s.f.JwtAuthenticationFilter  [ |  | ] - Security Context에 'user1' 인증 정보를 저장했습니다.
26-06-04 11:24:05.855 [http-nio-8080-exec-2] [32mTRACE[0;39m o.s.security.web.FilterChainProxy    [ |  | ] - Invoking UsernamePasswordAuthenticationFilter (8/15)
26-06-04 11:24:05.855 [http-nio-8080-exec-2] [32mTRACE[0;39m o.s.s.w.a.UsernamePasswordAuthenticationFilter [ |  | ] - Did not match request to Ant [pattern='/api/auth/login', POST]
26-06-04 11:24:05.855 [http-nio-8080-exec-2] [32mTRACE[0;39m o.s.security.web.FilterChainProxy    [ |  | ] - Invoking RequestCacheAwareFilter (9/15)
26-06-04 11:24:05.855 [http-nio-8080-exec-2] [32mTRACE[0;39m o.s.security.web.FilterChainProxy    [ |  | ] - Invoking SecurityContextHolderAwareRequestFilter (10/15)
26-06-04 11:24:05.855 [http-nio-8080-exec-2] [32mTRACE[0;39m o.s.security.web.FilterChainProxy    [ |  | ] - Invoking RememberMeAuthenticationFilter (11/15)
26-06-04 11:24:05.855 [http-nio-8080-exec-2] [32mDEBUG[0;39m o.s.s.w.a.r.RememberMeAuthenticationFilter [ |  | ] - SecurityContextHolder not populated with remember-me token, as it already contained: 'UsernamePasswordAuthenticationToken [Principal=org.springframework.security.core.userdetails.User [Username=user1, Password=[PROTECTED], Enabled=true, AccountNonExpired=true, CredentialsNonExpired=true, AccountNonLocked=true, Granted Authorities=[ROLE_USER]], Credentials=[PROTECTED], Authenticated=true, Details=null, Granted Authorities=[ROLE_USER]]'
26-06-04 11:24:05.855 [http-nio-8080-exec-2] [32mTRACE[0;39m o.s.security.web.FilterChainProxy    [ |  | ] - Invoking AnonymousAuthenticationFilter (12/15)
26-06-04 11:24:05.855 [http-nio-8080-exec-2] [32mTRACE[0;39m o.s.security.web.FilterChainProxy    [ |  | ] - Invoking SessionManagementFilter (13/15)
26-06-04 11:24:05.855 [http-nio-8080-exec-2] [32mTRACE[0;39m o.s.s.w.a.AnonymousAuthenticationFilter [ |  | ] - Did not set SecurityContextHolder since already authenticated UsernamePasswordAuthenticationToken [Principal=org.springframework.security.core.userdetails.User [Username=user1, Password=[PROTECTED], Enabled=true, AccountNonExpired=true, CredentialsNonExpired=true, AccountNonLocked=true, Granted Authorities=[ROLE_USER]], Credentials=[PROTECTED], Authenticated=true, Details=null, Granted Authorities=[ROLE_USER]]
26-06-04 11:24:05.855 [http-nio-8080-exec-2] [32mTRACE[0;39m o.s.s.w.a.s.CompositeSessionAuthenticationStrategy [ |  | ] - Preparing session with ChangeSessionIdAuthenticationStrategy (1/2)
26-06-04 11:24:05.856 [http-nio-8080-exec-2] [32mTRACE[0;39m o.s.s.w.a.s.CompositeSessionAuthenticationStrategy [ |  | ] - Preparing session with CsrfAuthenticationStrategy (2/2)
26-06-04 11:24:05.856 [http-nio-8080-exec-2] [32mDEBUG[0;39m o.s.s.w.c.CsrfAuthenticationStrategy [ |  | ] - Replaced CSRF Token
26-06-04 11:24:05.856 [http-nio-8080-exec-2] [32mTRACE[0;39m o.s.security.web.FilterChainProxy    [ |  | ] - Invoking ExceptionTranslationFilter (14/15)
26-06-04 11:24:05.856 [http-nio-8080-exec-2] [32mTRACE[0;39m o.s.security.web.FilterChainProxy    [ |  | ] - Invoking AuthorizationFilter (15/15)
26-06-04 11:24:05.856 [http-nio-8080-exec-2] [32mTRACE[0;39m o.s.s.w.a.i.RequestMatcherDelegatingAuthorizationManager [ |  | ] - Authorizing GET /api/readStatuses?userId=d2221d17-7460-4f2d-98b9-0192e1c0a821
26-06-04 11:24:05.856 [http-nio-8080-exec-2] [32mTRACE[0;39m o.s.s.w.a.i.RequestMatcherDelegatingAuthorizationManager [ |  | ] - Checking authorization on GET /api/readStatuses?userId=d2221d17-7460-4f2d-98b9-0192e1c0a821 using org.springframework.security.authorization.AuthenticatedAuthorizationManager@5d73ce5
26-06-04 11:24:05.857 [http-nio-8080-exec-2] [32mDEBUG[0;39m o.s.security.web.FilterChainProxy    [ |  | ] - Secured GET /api/readStatuses?userId=d2221d17-7460-4f2d-98b9-0192e1c0a821
26-06-04 11:24:05.857 [http-nio-8080-exec-2] [32mDEBUG[0;39m c.s.m.d.config.MDCLoggingInterceptor [8593b27311b247bc870ecf0cfc83f5a7 | GET | /api/readStatuses] - Request started
26-06-04 11:24:05.857 [http-nio-8080-exec-2] [32mINFO [0;39m c.s.m.d.c.ReadStatusController       [8593b27311b247bc870ecf0cfc83f5a7 | GET | /api/readStatuses] - 사용자별 읽음 상태 목록 조회 요청: userId=d2221d17-7460-4f2d-98b9-0192e1c0a821
26-06-04 11:24:05.860 [http-nio-8080-exec-2] [32mDEBUG[0;39m c.s.m.d.s.b.BasicReadStatusService   [8593b27311b247bc870ecf0cfc83f5a7 | GET | /api/readStatuses] - 사용자별 읽음 상태 목록 조회 시작: userId=d2221d17-7460-4f2d-98b9-0192e1c0a821
26-06-04 11:24:05.861 [http-nio-8080-exec-2] [32mDEBUG[0;39m org.hibernate.SQL                    [8593b27311b247bc870ecf0cfc83f5a7 | GET | /api/readStatuses] - 
    select
        rs1_0.id,
        rs1_0.channel_id,
        rs1_0.created_at,
        rs1_0.last_read_at,
        rs1_0.notification_enabled,
        rs1_0.updated_at,
        rs1_0.user_id 
    from
        read_statuses rs1_0 
    where
        rs1_0.user_id=?
26-06-04 11:24:05.861 [http-nio-8080-exec-2] [32mTRACE[0;39m org.hibernate.orm.jdbc.bind          [8593b27311b247bc870ecf0cfc83f5a7 | GET | /api/readStatuses] - binding parameter (1:UUID) <- [d2221d17-7460-4f2d-98b9-0192e1c0a821]
26-06-04 11:24:05.862 [http-nio-8080-exec-2] [32mINFO [0;39m c.s.m.d.s.b.BasicReadStatusService   [8593b27311b247bc870ecf0cfc83f5a7 | GET | /api/readStatuses] - 사용자별 읽음 상태 목록 조회 완료: userId=d2221d17-7460-4f2d-98b9-0192e1c0a821, 조회된 항목 수=0
26-06-04 11:24:05.862 [http-nio-8080-exec-2] [32mDEBUG[0;39m c.s.m.d.c.ReadStatusController       [8593b27311b247bc870ecf0cfc83f5a7 | GET | /api/readStatuses] - 사용자별 읽음 상태 목록 조회 응답: count=0
26-06-04 11:24:05.863 [http-nio-8080-exec-2] [32mTRACE[0;39m o.s.s.w.h.writers.HstsHeaderWriter   [8593b27311b247bc870ecf0cfc83f5a7 | GET | /api/readStatuses] - Not injecting HSTS header since it did not match request to [Is Secure]
26-06-04 11:24:05.863 [http-nio-8080-exec-2] [32mDEBUG[0;39m c.s.m.d.config.MDCLoggingInterceptor [8593b27311b247bc870ecf0cfc83f5a7 | GET | /api/readStatuses] - Request completed
26-06-04 11:24:08.222 [http-nio-8080-exec-5] [32mTRACE[0;39m o.s.security.web.FilterChainProxy    [ |  | ] - Trying to match request against DefaultSecurityFilterChain defined as 'filterChain' in [class path resource [com/sprint/mission/discodeit/config/SecurityConfig.class]] matching [any request] and having filters [DisableEncodeUrl, WebAsyncManagerIntegration, SecurityContextHolder, HeaderWriter, Csrf, Logout, JwtAuthentication, UsernamePasswordAuthentication, RequestCacheAware, SecurityContextHolderAwareRequest, RememberMeAuthentication, AnonymousAuthentication, SessionManagement, ExceptionTranslation, Authorization] (1/1)
26-06-04 11:24:08.222 [http-nio-8080-exec-5] [32mDEBUG[0;39m o.s.security.web.FilterChainProxy    [ |  | ] - Securing GET /api/messages?channelId=ba45765e-0f83-4f0b-b02f-1ed2f2e44a3e&size=50&sort=createdAt,desc
26-06-04 11:24:08.222 [http-nio-8080-exec-5] [32mTRACE[0;39m o.s.security.web.FilterChainProxy    [ |  | ] - Invoking DisableEncodeUrlFilter (1/15)
26-06-04 11:24:08.222 [http-nio-8080-exec-5] [32mTRACE[0;39m o.s.security.web.FilterChainProxy    [ |  | ] - Invoking WebAsyncManagerIntegrationFilter (2/15)
26-06-04 11:24:08.222 [http-nio-8080-exec-5] [32mTRACE[0;39m o.s.security.web.FilterChainProxy    [ |  | ] - Invoking SecurityContextHolderFilter (3/15)
26-06-04 11:24:08.222 [http-nio-8080-exec-5] [32mTRACE[0;39m o.s.security.web.FilterChainProxy    [ |  | ] - Invoking HeaderWriterFilter (4/15)
26-06-04 11:24:08.222 [http-nio-8080-exec-5] [32mTRACE[0;39m o.s.security.web.FilterChainProxy    [ |  | ] - Invoking CsrfFilter (5/15)
26-06-04 11:24:08.222 [http-nio-8080-exec-5] [32mTRACE[0;39m o.s.security.web.csrf.CsrfFilter     [ |  | ] - Did not protect against CSRF since request did not match CsrfNotRequired [TRACE, HEAD, GET, OPTIONS]
26-06-04 11:24:08.223 [http-nio-8080-exec-5] [32mTRACE[0;39m o.s.security.web.FilterChainProxy    [ |  | ] - Invoking LogoutFilter (6/15)
26-06-04 11:24:08.223 [http-nio-8080-exec-5] [32mTRACE[0;39m o.s.s.w.a.logout.LogoutFilter        [ |  | ] - Did not match request to Ant [pattern='/api/auth/logout', POST]
26-06-04 11:24:08.223 [http-nio-8080-exec-5] [32mTRACE[0;39m o.s.security.web.FilterChainProxy    [ |  | ] - Invoking JwtAuthenticationFilter (7/15)
26-06-04 11:24:08.224 [http-nio-8080-exec-5] [32mTRACE[0;39m o.s.s.w.c.SupplierDeferredSecurityContext [ |  | ] - Created SecurityContextImpl [Null authentication]
26-06-04 11:24:08.224 [http-nio-8080-exec-5] [32mDEBUG[0;39m c.s.m.d.s.f.JwtAuthenticationFilter  [ |  | ] - Security Context에 'user1' 인증 정보를 저장했습니다.
26-06-04 11:24:08.224 [http-nio-8080-exec-5] [32mTRACE[0;39m o.s.security.web.FilterChainProxy    [ |  | ] - Invoking UsernamePasswordAuthenticationFilter (8/15)
26-06-04 11:24:08.224 [http-nio-8080-exec-5] [32mTRACE[0;39m o.s.s.w.a.UsernamePasswordAuthenticationFilter [ |  | ] - Did not match request to Ant [pattern='/api/auth/login', POST]
26-06-04 11:24:08.224 [http-nio-8080-exec-5] [32mTRACE[0;39m o.s.security.web.FilterChainProxy    [ |  | ] - Invoking RequestCacheAwareFilter (9/15)
26-06-04 11:24:08.224 [http-nio-8080-exec-5] [32mTRACE[0;39m o.s.security.web.FilterChainProxy    [ |  | ] - Invoking SecurityContextHolderAwareRequestFilter (10/15)
26-06-04 11:24:08.224 [http-nio-8080-exec-5] [32mTRACE[0;39m o.s.security.web.FilterChainProxy    [ |  | ] - Invoking RememberMeAuthenticationFilter (11/15)
26-06-04 11:24:08.224 [http-nio-8080-exec-5] [32mDEBUG[0;39m o.s.s.w.a.r.RememberMeAuthenticationFilter [ |  | ] - SecurityContextHolder not populated with remember-me token, as it already contained: 'UsernamePasswordAuthenticationToken [Principal=org.springframework.security.core.userdetails.User [Username=user1, Password=[PROTECTED], Enabled=true, AccountNonExpired=true, CredentialsNonExpired=true, AccountNonLocked=true, Granted Authorities=[ROLE_USER]], Credentials=[PROTECTED], Authenticated=true, Details=null, Granted Authorities=[ROLE_USER]]'
26-06-04 11:24:08.224 [http-nio-8080-exec-5] [32mTRACE[0;39m o.s.security.web.FilterChainProxy    [ |  | ] - Invoking AnonymousAuthenticationFilter (12/15)
26-06-04 11:24:08.225 [http-nio-8080-exec-5] [32mTRACE[0;39m o.s.security.web.FilterChainProxy    [ |  | ] - Invoking SessionManagementFilter (13/15)
26-06-04 11:24:08.225 [http-nio-8080-exec-5] [32mTRACE[0;39m o.s.s.w.a.AnonymousAuthenticationFilter [ |  | ] - Did not set SecurityContextHolder since already authenticated UsernamePasswordAuthenticationToken [Principal=org.springframework.security.core.userdetails.User [Username=user1, Password=[PROTECTED], Enabled=true, AccountNonExpired=true, CredentialsNonExpired=true, AccountNonLocked=true, Granted Authorities=[ROLE_USER]], Credentials=[PROTECTED], Authenticated=true, Details=null, Granted Authorities=[ROLE_USER]]
26-06-04 11:24:08.225 [http-nio-8080-exec-5] [32mTRACE[0;39m o.s.s.w.a.s.CompositeSessionAuthenticationStrategy [ |  | ] - Preparing session with ChangeSessionIdAuthenticationStrategy (1/2)
26-06-04 11:24:08.225 [http-nio-8080-exec-5] [32mTRACE[0;39m o.s.s.w.a.s.CompositeSessionAuthenticationStrategy [ |  | ] - Preparing session with CsrfAuthenticationStrategy (2/2)
26-06-04 11:24:08.225 [http-nio-8080-exec-5] [32mDEBUG[0;39m o.s.s.w.c.CsrfAuthenticationStrategy [ |  | ] - Replaced CSRF Token
26-06-04 11:24:08.225 [http-nio-8080-exec-5] [32mTRACE[0;39m o.s.security.web.FilterChainProxy    [ |  | ] - Invoking ExceptionTranslationFilter (14/15)
26-06-04 11:24:08.226 [http-nio-8080-exec-5] [32mTRACE[0;39m o.s.security.web.FilterChainProxy    [ |  | ] - Invoking AuthorizationFilter (15/15)
26-06-04 11:24:08.226 [http-nio-8080-exec-5] [32mTRACE[0;39m o.s.s.w.a.i.RequestMatcherDelegatingAuthorizationManager [ |  | ] - Authorizing GET /api/messages?channelId=ba45765e-0f83-4f0b-b02f-1ed2f2e44a3e&size=50&sort=createdAt,desc
26-06-04 11:24:08.226 [http-nio-8080-exec-5] [32mTRACE[0;39m o.s.s.w.a.i.RequestMatcherDelegatingAuthorizationManager [ |  | ] - Checking authorization on GET /api/messages?channelId=ba45765e-0f83-4f0b-b02f-1ed2f2e44a3e&size=50&sort=createdAt,desc using org.springframework.security.authorization.AuthenticatedAuthorizationManager@5d73ce5
26-06-04 11:24:08.226 [http-nio-8080-exec-5] [32mDEBUG[0;39m o.s.security.web.FilterChainProxy    [ |  | ] - Secured GET /api/messages?channelId=ba45765e-0f83-4f0b-b02f-1ed2f2e44a3e&size=50&sort=createdAt,desc
26-06-04 11:24:08.226 [http-nio-8080-exec-5] [32mDEBUG[0;39m c.s.m.d.config.MDCLoggingInterceptor [a45d1cb6ec1f4e6bbb2bdbd4a7051137 | GET | /api/messages] - Request started
26-06-04 11:24:08.228 [http-nio-8080-exec-5] [32mINFO [0;39m c.s.m.d.controller.MessageController [a45d1cb6ec1f4e6bbb2bdbd4a7051137 | GET | /api/messages] - 채널별 메시지 목록 조회 요청: channelId=ba45765e-0f83-4f0b-b02f-1ed2f2e44a3e, cursor=null, pageable=Page request [number: 0, size 50, sort: createdAt: DESC]
26-06-04 11:24:08.231 [http-nio-8080-exec-5] [32mDEBUG[0;39m org.hibernate.SQL                    [a45d1cb6ec1f4e6bbb2bdbd4a7051137 | GET | /api/messages] - 
    select
        m1_0.id,
        a1_0.id,
        a1_0.created_at,
        a1_0.email,
        a1_0.password,
        p1_0.id,
        p1_0.content_type,
        p1_0.created_at,
        p1_0.file_name,
        p1_0.size,
        p1_0.status,
        p1_0.updated_at,
        a1_0.role,
        a1_0.updated_at,
        a1_0.username,
        m1_0.channel_id,
        m1_0.content,
        m1_0.created_at,
        m1_0.updated_at 
    from
        messages m1_0 
    left join
        users a1_0 
            on a1_0.id=m1_0.author_id 
    left join
        binary_contents p1_0 
            on p1_0.id=a1_0.profile_id 
    where
        m1_0.channel_id=? 
        and m1_0.created_at<? 
    order by
        m1_0.created_at desc 
    fetch
        first ? rows only
26-06-04 11:24:08.231 [http-nio-8080-exec-5] [32mTRACE[0;39m org.hibernate.orm.jdbc.bind          [a45d1cb6ec1f4e6bbb2bdbd4a7051137 | GET | /api/messages] - binding parameter (1:UUID) <- [ba45765e-0f83-4f0b-b02f-1ed2f2e44a3e]
26-06-04 11:24:08.232 [http-nio-8080-exec-5] [32mTRACE[0;39m org.hibernate.orm.jdbc.bind          [a45d1cb6ec1f4e6bbb2bdbd4a7051137 | GET | /api/messages] - binding parameter (2:TIMESTAMP_UTC) <- [2026-06-04T02:24:08.230913Z]
26-06-04 11:24:08.232 [http-nio-8080-exec-5] [32mTRACE[0;39m org.hibernate.orm.jdbc.bind          [a45d1cb6ec1f4e6bbb2bdbd4a7051137 | GET | /api/messages] - binding parameter (3:INTEGER) <- [51]
26-06-04 11:24:08.239 [http-nio-8080-exec-5] [32mDEBUG[0;39m org.hibernate.SQL                    [a45d1cb6ec1f4e6bbb2bdbd4a7051137 | GET | /api/messages] - 
    select
        a1_0.message_id,
        a1_1.id,
        a1_1.content_type,
        a1_1.created_at,
        a1_1.file_name,
        a1_1.size,
        a1_1.status,
        a1_1.updated_at 
    from
        message_attachments a1_0 
    join
        binary_contents a1_1 
            on a1_1.id=a1_0.attachment_id 
    where
        a1_0.message_id = any (?)
26-06-04 11:24:08.239 [http-nio-8080-exec-5] [32mTRACE[0;39m org.hibernate.orm.jdbc.bind          [a45d1cb6ec1f4e6bbb2bdbd4a7051137 | GET | /api/messages] - binding parameter (1:ARRAY) <- [[d0e6e89d-baa1-4fa5-932c-3abed82c8a39, 6ba14f94-aacf-432b-855c-9d7e8093064b, 44ebe3f9-e516-4900-8256-dc1ae5a34b16, 0cbce506-afa3-4e7e-9d6e-a215a14a4fd4, 619f5b1b-c59d-4558-9b6d-31ae708c4073, 693bd7ab-63ad-4077-a61b-8c9085faadc1, c085798f-b9b8-4338-9dad-aded811c30b9, 50d3dc11-ab6a-4d48-bdd8-94b994cda3b2, e5c6311c-852d-4045-979c-b2f4e4a71f64]]
26-06-04 11:24:08.242 [http-nio-8080-exec-5] [32mDEBUG[0;39m c.s.m.d.controller.MessageController [a45d1cb6ec1f4e6bbb2bdbd4a7051137 | GET | /api/messages] - 채널별 메시지 목록 조회 응답: totalElements=null
26-06-04 11:24:08.245 [http-nio-8080-exec-5] [32mTRACE[0;39m o.s.s.w.h.writers.HstsHeaderWriter   [a45d1cb6ec1f4e6bbb2bdbd4a7051137 | GET | /api/messages] - Not injecting HSTS header since it did not match request to [Is Secure]
26-06-04 11:24:08.246 [http-nio-8080-exec-5] [32mDEBUG[0;39m c.s.m.d.config.MDCLoggingInterceptor [a45d1cb6ec1f4e6bbb2bdbd4a7051137 | GET | /api/messages] - Request completed
26-06-04 11:27:45.680 [SpringApplicationShutdownHook] [32mINFO [0;39m o.s.b.w.e.tomcat.GracefulShutdown    [ |  | ] - Commencing graceful shutdown. Waiting for active requests to complete
26-06-04 11:27:45.713 [tomcat-shutdown] [32mINFO [0;39m o.s.b.w.e.tomcat.GracefulShutdown    [ |  | ] - Graceful shutdown complete
26-06-04 11:27:45.847 [SpringApplicationShutdownHook] [32mINFO [0;39m o.s.o.j.LocalContainerEntityManagerFactoryBean [ |  | ] - Closing JPA EntityManagerFactory for persistence unit 'default'
26-06-04 11:27:45.912 [SpringApplicationShutdownHook] [32mINFO [0;39m com.zaxxer.hikari.HikariDataSource   [ |  | ] - HikariPool-1 - Shutdown initiated...
26-06-04 11:27:45.925 [SpringApplicationShutdownHook] [32mINFO [0;39m com.zaxxer.hikari.HikariDataSource   [ |  | ] - HikariPool-1 - Shutdown completed.
