2026-03-31 00:22:15.140 [HikariPool-1 housekeeper] WARN  [] com.zaxxer.hikari.pool.HikariPool    -
        HikariPool-1 - Thread starvation or clock leap detected (housekeeper delta=47m12s726ms244µs600ns).
2026-03-31 00:24:45.241 [SpringApplicationShutdownHook] INFO  [] o.s.b.w.e.tomcat.GracefulShutdown    -
        Commencing graceful shutdown. Waiting for active requests to complete
2026-03-31 00:24:45.429 [tomcat-shutdown] INFO  [] o.s.b.w.e.tomcat.GracefulShutdown    -
        Graceful shutdown complete
2026-03-31 00:24:45.472 [SpringApplicationShutdownHook] INFO  [] o.s.o.j.LocalContainerEntityManagerFactoryBean -
        Closing JPA EntityManagerFactory for persistence unit 'default'
2026-03-31 00:24:45.504 [SpringApplicationShutdownHook] INFO  [] com.zaxxer.hikari.HikariDataSource   -
        HikariPool-1 - Shutdown initiated...
2026-03-31 00:24:45.504 [SpringApplicationShutdownHook] INFO  [] com.zaxxer.hikari.HikariDataSource   -
        HikariPool-1 - Shutdown completed.
2026-03-31 00:24:50.012 [main] INFO  [] c.s.m.discodeit.DiscodeitApplication -
        Starting DiscodeitApplication using Java 17.0.17 with PID 17512 (C:\Users\mj559\IdeaProjects\9-sprint-mission\discodeit\build\classes\java\main started by mj559 in C:\Users\mj559\IdeaProjects\9-sprint-mission)
2026-03-31 00:24:50.014 [main] DEBUG [] c.s.m.discodeit.DiscodeitApplication -
        Running with Spring Boot v3.4.0, Spring v6.2.0
2026-03-31 00:24:50.016 [main] INFO  [] c.s.m.discodeit.DiscodeitApplication -
        The following 1 profile is active: "dev"
2026-03-31 00:24:51.612 [main] INFO  [] o.s.d.r.c.RepositoryConfigurationDelegate -
        Bootstrapping Spring Data JPA repositories in DEFAULT mode.
2026-03-31 00:24:51.703 [main] INFO  [] o.s.d.r.c.RepositoryConfigurationDelegate -
        Finished Spring Data repository scanning in 82 ms. Found 6 JPA repository interfaces.
2026-03-31 00:24:52.585 [main] INFO  [] o.s.b.w.e.tomcat.TomcatWebServer     -
        Tomcat initialized with port 8080 (http)
2026-03-31 00:24:52.600 [main] INFO  [] o.a.catalina.core.StandardService    -
        Starting service [Tomcat]
2026-03-31 00:24:52.601 [main] INFO  [] o.a.catalina.core.StandardEngine     -
        Starting Servlet engine: [Apache Tomcat/10.1.33]
2026-03-31 00:24:52.683 [main] INFO  [] o.a.c.c.C.[Tomcat].[localhost].[/]   -
        Initializing Spring embedded WebApplicationContext
2026-03-31 00:24:52.683 [main] INFO  [] o.s.b.w.s.c.ServletWebServerApplicationContext -
        Root WebApplicationContext: initialization completed in 2606 ms
2026-03-31 00:24:52.971 [main] INFO  [] com.zaxxer.hikari.HikariDataSource   -
        HikariPool-1 - Starting...
2026-03-31 00:24:53.260 [main] INFO  [] com.zaxxer.hikari.pool.HikariPool    -
        HikariPool-1 - Added connection conn0: url=jdbc:h2:mem:discodeit_db user=SA
2026-03-31 00:24:53.263 [main] INFO  [] com.zaxxer.hikari.HikariDataSource   -
        HikariPool-1 - Start completed.
2026-03-31 00:24:53.422 [main] INFO  [] o.h.jpa.internal.util.LogHelper      -
        HHH000204: Processing PersistenceUnitInfo [name: default]
2026-03-31 00:24:53.522 [main] INFO  [] org.hibernate.Version                -
        HHH000412: Hibernate ORM core version 6.6.2.Final
2026-03-31 00:24:53.571 [main] INFO  [] o.h.c.i.RegionFactoryInitiator       -
        HHH000026: Second-level cache disabled
2026-03-31 00:24:53.946 [main] INFO  [] o.s.o.j.p.SpringPersistenceUnitInfo  -
        No LoadTimeWeaver setup: ignoring JPA class transformer
2026-03-31 00:24:54.050 [main] INFO  [] o.hibernate.orm.connections.pooling  -
        HHH10001005: Database info:
	Database JDBC URL [Connecting through datasource 'HikariDataSource (HikariPool-1)']
	Database driver: undefined/unknown
	Database version: 2.3.232
	Autocommit mode: undefined/unknown
	Isolation level: undefined/unknown
	Minimum pool size: undefined/unknown
	Maximum pool size: undefined/unknown
2026-03-31 00:24:55.308 [main] INFO  [] o.h.e.t.j.p.i.JtaPlatformInitiator   -
        HHH000489: No JTA platform available (set 'hibernate.transaction.jta.platform' to enable JTA platform integration)
2026-03-31 00:24:55.401 [main] INFO  [] o.s.o.j.LocalContainerEntityManagerFactoryBean -
        Initialized JPA EntityManagerFactory for persistence unit 'default'
2026-03-31 00:24:55.826 [main] INFO  [] o.s.d.j.r.query.QueryEnhancerFactory -
        Hibernate is in classpath; If applicable, HQL parser will be used.
2026-03-31 00:24:56.873 [main] WARN  [] o.s.b.a.o.j.JpaBaseConfiguration$JpaWebConfiguration -
        spring.jpa.open-in-view is enabled by default. Therefore, database queries may be performed during view rendering. Explicitly configure spring.jpa.open-in-view to disable this warning
2026-03-31 00:24:56.907 [main] WARN  [] o.s.b.a.s.s.UserDetailsServiceAutoConfiguration -
        

Using generated security password: 3c092ba1-d12e-40f9-ba8d-da03409023ea

This generated password is for development use only. Your security configuration must be updated before running your application in production.

2026-03-31 00:24:56.918 [main] INFO  [] o.s.s.c.a.a.c.InitializeUserDetailsBeanManagerConfigurer$InitializeUserDetailsManagerConfigurer -
        Global AuthenticationManager configured with UserDetailsService bean with name inMemoryUserDetailsManager
2026-03-31 00:24:57.024 [main] INFO  [] o.s.b.a.w.s.WelcomePageHandlerMapping -
        Adding welcome page: class path resource [static/index.html]
2026-03-31 00:24:57.451 [main] INFO  [] o.s.b.a.e.web.EndpointLinksResolver  -
        Exposing 4 endpoints beneath base path '/actuator'
2026-03-31 00:24:58.554 [main] INFO  [] o.s.b.w.e.tomcat.TomcatWebServer     -
        Tomcat started on port 8080 (http) with context path '/'
2026-03-31 00:24:58.581 [main] INFO  [] c.s.m.discodeit.DiscodeitApplication -
        Started DiscodeitApplication in 9.349 seconds (process running for 10.118)
2026-03-31 00:24:58.926 [registrationTask1] INFO  [] d.c.b.a.c.r.ApplicationRegistrator   -
        Application registered itself as 2876565123ca
2026-03-31 00:24:58.966 [RMI TCP Connection(3)-192.168.45.215] INFO  [] o.a.c.c.C.[Tomcat].[localhost].[/]   -
        Initializing Spring DispatcherServlet 'dispatcherServlet'
2026-03-31 00:24:58.966 [RMI TCP Connection(3)-192.168.45.215] INFO  [] o.s.web.servlet.DispatcherServlet    -
        Initializing Servlet 'dispatcherServlet'
2026-03-31 00:24:58.990 [RMI TCP Connection(3)-192.168.45.215] INFO  [] o.s.web.servlet.DispatcherServlet    -
        Completed initialization in 23 ms
2026-03-31 00:25:32.737 [http-nio-8080-exec-4] INFO  [b9734b85] c.s.m.d.controller.UserController    -
        Registering new user with email: mj5918@gmail.com
2026-03-31 00:25:32.777 [http-nio-8080-exec-4] INFO  [b9734b85] c.s.m.d.s.basic.BasicUserService     -
        Creating new user: email=mj5918@gmail.com
2026-03-31 00:25:33.530 [http-nio-8080-exec-4] INFO  [b9734b85] c.s.m.d.s.b.BasicUserStatusService   -
        Creating initial status for user: 1e2f6353-d975-4eb4-9c11-d8e8674fb0a6
2026-03-31 00:25:33.592 [http-nio-8080-exec-4] INFO  [b9734b85] c.s.m.d.s.b.BasicUserStatusService   -
        UserStatus created successfully for user: 1e2f6353-d975-4eb4-9c11-d8e8674fb0a6
2026-03-31 00:25:33.592 [http-nio-8080-exec-4] INFO  [b9734b85] c.s.m.d.s.basic.BasicUserService     -
        User created successfully: id=1e2f6353-d975-4eb4-9c11-d8e8674fb0a6
2026-03-31 00:25:33.592 [http-nio-8080-exec-4] DEBUG [b9734b85] c.s.m.d.s.b.BasicUserStatusService   -
        Checking online status for user: 1e2f6353-d975-4eb4-9c11-d8e8674fb0a6
2026-03-31 00:25:33.665 [http-nio-8080-exec-4] INFO  [b9734b85] c.s.m.d.controller.UserController    -
        User registered successfully. ID: 1e2f6353-d975-4eb4-9c11-d8e8674fb0a6
2026-03-31 00:25:33.713 [http-nio-8080-exec-5] DEBUG [c4f9f54c] c.s.m.d.controller.UserController    -
        Updating status for user: 1e2f6353-d975-4eb4-9c11-d8e8674fb0a6, last active: 2026-03-30T15:25:33.690Z
2026-03-31 00:25:33.713 [http-nio-8080-exec-7] DEBUG [f43e6a27] c.s.m.d.controller.UserController    -
        Updating status for user: 1e2f6353-d975-4eb4-9c11-d8e8674fb0a6, last active: 2026-03-30T15:25:33.691Z
2026-03-31 00:25:33.713 [http-nio-8080-exec-5] INFO  [c4f9f54c] c.s.m.d.s.b.BasicUserStatusService   -
        Updating status for user: 1e2f6353-d975-4eb4-9c11-d8e8674fb0a6
2026-03-31 00:25:33.715 [http-nio-8080-exec-7] INFO  [f43e6a27] c.s.m.d.s.b.BasicUserStatusService   -
        Updating status for user: 1e2f6353-d975-4eb4-9c11-d8e8674fb0a6
2026-03-31 00:25:33.783 [http-nio-8080-exec-6] DEBUG [ee4742af] c.s.m.d.controller.UserController    -
        Fetching all users list
2026-03-31 00:25:33.783 [http-nio-8080-exec-6] DEBUG [ee4742af] c.s.m.d.s.basic.BasicUserService     -
        Listing all users
2026-03-31 00:25:33.799 [http-nio-8080-exec-6] DEBUG [ee4742af] c.s.m.d.s.b.BasicUserStatusService   -
        Checking online status for user: 1e2f6353-d975-4eb4-9c11-d8e8674fb0a6
2026-03-31 00:25:33.829 [http-nio-8080-exec-8] DEBUG [989c840e] c.s.m.d.s.basic.BasicChannelService  -
        Finding all channels for user: 1e2f6353-d975-4eb4-9c11-d8e8674fb0a6
2026-03-31 00:25:33.829 [http-nio-8080-exec-1] DEBUG [e7774ad6] c.s.m.d.controller.UserController    -
        Fetching all users list
2026-03-31 00:25:33.831 [http-nio-8080-exec-10] DEBUG [80d696f0] c.s.m.d.c.ReadStatusController       -
        Fetching read statuses for user: 1e2f6353-d975-4eb4-9c11-d8e8674fb0a6
2026-03-31 00:25:33.831 [http-nio-8080-exec-1] DEBUG [e7774ad6] c.s.m.d.s.basic.BasicUserService     -
        Listing all users
2026-03-31 00:25:33.831 [http-nio-8080-exec-10] DEBUG [80d696f0] c.s.m.d.s.b.BasicReadStatusService   -
        Fetching/Allocating read statuses for user: 1e2f6353-d975-4eb4-9c11-d8e8674fb0a6
2026-03-31 00:25:33.838 [http-nio-8080-exec-1] DEBUG [e7774ad6] c.s.m.d.s.b.BasicUserStatusService   -
        Checking online status for user: 1e2f6353-d975-4eb4-9c11-d8e8674fb0a6
2026-03-31 00:25:33.926 [http-nio-8080-exec-9] DEBUG [06d1db9d] c.s.m.d.c.ReadStatusController       -
        Fetching read statuses for user: 1e2f6353-d975-4eb4-9c11-d8e8674fb0a6
2026-03-31 00:25:33.926 [http-nio-8080-exec-9] DEBUG [06d1db9d] c.s.m.d.s.b.BasicReadStatusService   -
        Fetching/Allocating read statuses for user: 1e2f6353-d975-4eb4-9c11-d8e8674fb0a6
2026-03-31 00:25:33.931 [http-nio-8080-exec-3] DEBUG [921de5c1] c.s.m.d.s.basic.BasicChannelService  -
        Finding all channels for user: 1e2f6353-d975-4eb4-9c11-d8e8674fb0a6
2026-03-31 00:25:33.948 [http-nio-8080-exec-2] DEBUG [7d175b8d] c.s.m.d.c.ReadStatusController       -
        Fetching read statuses for user: 1e2f6353-d975-4eb4-9c11-d8e8674fb0a6
2026-03-31 00:25:33.948 [http-nio-8080-exec-2] DEBUG [7d175b8d] c.s.m.d.s.b.BasicReadStatusService   -
        Fetching/Allocating read statuses for user: 1e2f6353-d975-4eb4-9c11-d8e8674fb0a6
2026-03-31 00:25:33.975 [http-nio-8080-exec-4] DEBUG [75d94c1f] c.s.m.d.c.ReadStatusController       -
        Fetching read statuses for user: 1e2f6353-d975-4eb4-9c11-d8e8674fb0a6
2026-03-31 00:25:33.975 [http-nio-8080-exec-4] DEBUG [75d94c1f] c.s.m.d.s.b.BasicReadStatusService   -
        Fetching/Allocating read statuses for user: 1e2f6353-d975-4eb4-9c11-d8e8674fb0a6
2026-03-31 00:25:36.927 [http-nio-8080-exec-5] DEBUG [c98298e5] c.s.m.d.s.basic.BasicChannelService  -
        Finding all channels for user: 1e2f6353-d975-4eb4-9c11-d8e8674fb0a6
2026-03-31 00:25:36.954 [http-nio-8080-exec-7] DEBUG [d13ed0e3] c.s.m.d.c.ReadStatusController       -
        Fetching read statuses for user: 1e2f6353-d975-4eb4-9c11-d8e8674fb0a6
2026-03-31 00:25:36.954 [http-nio-8080-exec-7] DEBUG [d13ed0e3] c.s.m.d.s.b.BasicReadStatusService   -
        Fetching/Allocating read statuses for user: 1e2f6353-d975-4eb4-9c11-d8e8674fb0a6
2026-03-31 00:25:39.173 [http-nio-8080-exec-1] DEBUG [b5443e33] c.s.m.d.controller.UserController    -
        Updating status for user: 1e2f6353-d975-4eb4-9c11-d8e8674fb0a6, last active: 2026-03-30T15:25:39.161Z
2026-03-31 00:25:39.173 [http-nio-8080-exec-1] INFO  [b5443e33] c.s.m.d.s.b.BasicUserStatusService   -
        Updating status for user: 1e2f6353-d975-4eb4-9c11-d8e8674fb0a6
2026-03-31 00:25:53.757 [http-nio-8080-exec-10] INFO  [26a81eac] c.s.m.d.controller.UserController    -
        Registering new user with email: User1@gmail.com
2026-03-31 00:25:53.758 [http-nio-8080-exec-10] INFO  [26a81eac] c.s.m.d.s.basic.BasicUserService     -
        Creating new user: email=User1@gmail.com
2026-03-31 00:25:54.092 [http-nio-8080-exec-10] INFO  [26a81eac] c.s.m.d.s.b.BasicUserStatusService   -
        Creating initial status for user: adf49bb6-c84a-4043-b115-06e158f3b0e0
2026-03-31 00:25:54.103 [http-nio-8080-exec-10] INFO  [26a81eac] c.s.m.d.s.b.BasicUserStatusService   -
        UserStatus created successfully for user: adf49bb6-c84a-4043-b115-06e158f3b0e0
2026-03-31 00:25:54.103 [http-nio-8080-exec-10] INFO  [26a81eac] c.s.m.d.s.basic.BasicUserService     -
        User created successfully: id=adf49bb6-c84a-4043-b115-06e158f3b0e0
2026-03-31 00:25:54.103 [http-nio-8080-exec-10] DEBUG [26a81eac] c.s.m.d.s.b.BasicUserStatusService   -
        Checking online status for user: adf49bb6-c84a-4043-b115-06e158f3b0e0
2026-03-31 00:25:54.106 [http-nio-8080-exec-10] INFO  [26a81eac] c.s.m.d.controller.UserController    -
        User registered successfully. ID: adf49bb6-c84a-4043-b115-06e158f3b0e0
2026-03-31 00:25:54.128 [http-nio-8080-exec-9] DEBUG [8a21acfd] c.s.m.d.controller.UserController    -
        Updating status for user: adf49bb6-c84a-4043-b115-06e158f3b0e0, last active: 2026-03-30T15:25:54.122Z
2026-03-31 00:25:54.130 [http-nio-8080-exec-9] INFO  [8a21acfd] c.s.m.d.s.b.BasicUserStatusService   -
        Updating status for user: adf49bb6-c84a-4043-b115-06e158f3b0e0
2026-03-31 00:25:54.130 [http-nio-8080-exec-8] DEBUG [d7402829] c.s.m.d.controller.UserController    -
        Updating status for user: adf49bb6-c84a-4043-b115-06e158f3b0e0, last active: 2026-03-30T15:25:54.122Z
2026-03-31 00:25:54.130 [http-nio-8080-exec-8] INFO  [d7402829] c.s.m.d.s.b.BasicUserStatusService   -
        Updating status for user: adf49bb6-c84a-4043-b115-06e158f3b0e0
2026-03-31 00:25:54.146 [http-nio-8080-exec-3] DEBUG [e6bd76fa] c.s.m.d.controller.UserController    -
        Fetching all users list
2026-03-31 00:25:54.146 [http-nio-8080-exec-3] DEBUG [e6bd76fa] c.s.m.d.s.basic.BasicUserService     -
        Listing all users
2026-03-31 00:25:54.154 [http-nio-8080-exec-3] DEBUG [e6bd76fa] c.s.m.d.s.b.BasicUserStatusService   -
        Checking online status for user: 1e2f6353-d975-4eb4-9c11-d8e8674fb0a6
2026-03-31 00:25:54.162 [http-nio-8080-exec-3] DEBUG [e6bd76fa] c.s.m.d.s.b.BasicUserStatusService   -
        Checking online status for user: adf49bb6-c84a-4043-b115-06e158f3b0e0
2026-03-31 00:25:54.176 [http-nio-8080-exec-5] DEBUG [8039639f] c.s.m.d.controller.UserController    -
        Fetching all users list
2026-03-31 00:25:54.176 [http-nio-8080-exec-5] DEBUG [8039639f] c.s.m.d.s.basic.BasicUserService     -
        Listing all users
2026-03-31 00:25:54.176 [http-nio-8080-exec-2] DEBUG [6fcae4ec] c.s.m.d.s.basic.BasicChannelService  -
        Finding all channels for user: adf49bb6-c84a-4043-b115-06e158f3b0e0
2026-03-31 00:25:54.176 [http-nio-8080-exec-4] DEBUG [60a2839f] c.s.m.d.c.ReadStatusController       -
        Fetching read statuses for user: adf49bb6-c84a-4043-b115-06e158f3b0e0
2026-03-31 00:25:54.179 [http-nio-8080-exec-4] DEBUG [60a2839f] c.s.m.d.s.b.BasicReadStatusService   -
        Fetching/Allocating read statuses for user: adf49bb6-c84a-4043-b115-06e158f3b0e0
2026-03-31 00:25:54.179 [http-nio-8080-exec-5] DEBUG [8039639f] c.s.m.d.s.b.BasicUserStatusService   -
        Checking online status for user: 1e2f6353-d975-4eb4-9c11-d8e8674fb0a6
2026-03-31 00:25:54.184 [http-nio-8080-exec-5] DEBUG [8039639f] c.s.m.d.s.b.BasicUserStatusService   -
        Checking online status for user: adf49bb6-c84a-4043-b115-06e158f3b0e0
2026-03-31 00:25:54.194 [http-nio-8080-exec-7] DEBUG [0996a117] c.s.m.d.c.ReadStatusController       -
        Fetching read statuses for user: adf49bb6-c84a-4043-b115-06e158f3b0e0
2026-03-31 00:25:54.194 [http-nio-8080-exec-7] DEBUG [0996a117] c.s.m.d.s.b.BasicReadStatusService   -
        Fetching/Allocating read statuses for user: adf49bb6-c84a-4043-b115-06e158f3b0e0
2026-03-31 00:25:54.199 [http-nio-8080-exec-6] DEBUG [fc05ad21] c.s.m.d.s.basic.BasicChannelService  -
        Finding all channels for user: adf49bb6-c84a-4043-b115-06e158f3b0e0
2026-03-31 00:25:54.213 [http-nio-8080-exec-7] DEBUG [93bd2305] c.s.m.d.c.ReadStatusController       -
        Fetching read statuses for user: adf49bb6-c84a-4043-b115-06e158f3b0e0
2026-03-31 00:25:54.215 [http-nio-8080-exec-7] DEBUG [93bd2305] c.s.m.d.s.b.BasicReadStatusService   -
        Fetching/Allocating read statuses for user: adf49bb6-c84a-4043-b115-06e158f3b0e0
2026-03-31 00:25:54.228 [http-nio-8080-exec-10] DEBUG [f94687c7] c.s.m.d.c.ReadStatusController       -
        Fetching read statuses for user: adf49bb6-c84a-4043-b115-06e158f3b0e0
2026-03-31 00:25:54.228 [http-nio-8080-exec-10] DEBUG [f94687c7] c.s.m.d.s.b.BasicReadStatusService   -
        Fetching/Allocating read statuses for user: adf49bb6-c84a-4043-b115-06e158f3b0e0
2026-03-31 00:25:57.213 [http-nio-8080-exec-8] DEBUG [e6284d96] c.s.m.d.s.basic.BasicChannelService  -
        Finding all channels for user: adf49bb6-c84a-4043-b115-06e158f3b0e0
2026-03-31 00:25:57.229 [http-nio-8080-exec-9] DEBUG [41c04b78] c.s.m.d.c.ReadStatusController       -
        Fetching read statuses for user: adf49bb6-c84a-4043-b115-06e158f3b0e0
2026-03-31 00:25:57.229 [http-nio-8080-exec-9] DEBUG [41c04b78] c.s.m.d.s.b.BasicReadStatusService   -
        Fetching/Allocating read statuses for user: adf49bb6-c84a-4043-b115-06e158f3b0e0
2026-03-31 00:26:00.210 [http-nio-8080-exec-2] DEBUG [f1422ecd] c.s.m.d.s.basic.BasicChannelService  -
        Finding all channels for user: adf49bb6-c84a-4043-b115-06e158f3b0e0
2026-03-31 00:26:00.244 [http-nio-8080-exec-4] DEBUG [15477bd3] c.s.m.d.c.ReadStatusController       -
        Fetching read statuses for user: adf49bb6-c84a-4043-b115-06e158f3b0e0
2026-03-31 00:26:00.244 [http-nio-8080-exec-4] DEBUG [15477bd3] c.s.m.d.s.b.BasicReadStatusService   -
        Fetching/Allocating read statuses for user: adf49bb6-c84a-4043-b115-06e158f3b0e0
2026-03-31 00:26:03.210 [http-nio-8080-exec-5] DEBUG [55dc04f6] c.s.m.d.s.basic.BasicChannelService  -
        Finding all channels for user: adf49bb6-c84a-4043-b115-06e158f3b0e0
2026-03-31 00:26:03.252 [http-nio-8080-exec-6] DEBUG [7660b658] c.s.m.d.c.ReadStatusController       -
        Fetching read statuses for user: adf49bb6-c84a-4043-b115-06e158f3b0e0
2026-03-31 00:26:03.252 [http-nio-8080-exec-6] DEBUG [7660b658] c.s.m.d.s.b.BasicReadStatusService   -
        Fetching/Allocating read statuses for user: adf49bb6-c84a-4043-b115-06e158f3b0e0
2026-03-31 00:26:06.212 [http-nio-8080-exec-7] DEBUG [166675ae] c.s.m.d.s.basic.BasicChannelService  -
        Finding all channels for user: adf49bb6-c84a-4043-b115-06e158f3b0e0
2026-03-31 00:26:06.231 [http-nio-8080-exec-10] DEBUG [e2481d23] c.s.m.d.c.ReadStatusController       -
        Fetching read statuses for user: adf49bb6-c84a-4043-b115-06e158f3b0e0
2026-03-31 00:26:06.231 [http-nio-8080-exec-10] DEBUG [e2481d23] c.s.m.d.s.b.BasicReadStatusService   -
        Fetching/Allocating read statuses for user: adf49bb6-c84a-4043-b115-06e158f3b0e0
2026-03-31 00:26:09.210 [http-nio-8080-exec-8] DEBUG [e6b7a915] c.s.m.d.s.basic.BasicChannelService  -
        Finding all channels for user: adf49bb6-c84a-4043-b115-06e158f3b0e0
2026-03-31 00:26:09.227 [http-nio-8080-exec-9] DEBUG [83249a2e] c.s.m.d.c.ReadStatusController       -
        Fetching read statuses for user: adf49bb6-c84a-4043-b115-06e158f3b0e0
2026-03-31 00:26:09.227 [http-nio-8080-exec-9] DEBUG [83249a2e] c.s.m.d.s.b.BasicReadStatusService   -
        Fetching/Allocating read statuses for user: adf49bb6-c84a-4043-b115-06e158f3b0e0
2026-03-31 00:26:12.210 [http-nio-8080-exec-3] DEBUG [a69c4884] c.s.m.d.s.basic.BasicChannelService  -
        Finding all channels for user: adf49bb6-c84a-4043-b115-06e158f3b0e0
2026-03-31 00:26:12.238 [http-nio-8080-exec-2] DEBUG [53f80c53] c.s.m.d.c.ReadStatusController       -
        Fetching read statuses for user: adf49bb6-c84a-4043-b115-06e158f3b0e0
2026-03-31 00:26:12.238 [http-nio-8080-exec-2] DEBUG [53f80c53] c.s.m.d.s.b.BasicReadStatusService   -
        Fetching/Allocating read statuses for user: adf49bb6-c84a-4043-b115-06e158f3b0e0
2026-03-31 00:26:15.218 [http-nio-8080-exec-5] DEBUG [40b180ae] c.s.m.d.s.basic.BasicChannelService  -
        Finding all channels for user: adf49bb6-c84a-4043-b115-06e158f3b0e0
2026-03-31 00:26:15.237 [http-nio-8080-exec-6] DEBUG [d83e947a] c.s.m.d.c.ReadStatusController       -
        Fetching read statuses for user: adf49bb6-c84a-4043-b115-06e158f3b0e0
2026-03-31 00:26:15.237 [http-nio-8080-exec-6] DEBUG [d83e947a] c.s.m.d.s.b.BasicReadStatusService   -
        Fetching/Allocating read statuses for user: adf49bb6-c84a-4043-b115-06e158f3b0e0
2026-03-31 00:26:16.918 [http-nio-8080-exec-1] DEBUG [fe1a8838] c.s.m.d.controller.UserController    -
        Updating status for user: adf49bb6-c84a-4043-b115-06e158f3b0e0, last active: 2026-03-30T15:26:16.907Z
2026-03-31 00:26:16.918 [http-nio-8080-exec-1] INFO  [fe1a8838] c.s.m.d.s.b.BasicUserStatusService   -
        Updating status for user: adf49bb6-c84a-4043-b115-06e158f3b0e0
2026-03-31 00:26:36.346 [http-nio-8080-exec-3] INFO  [c4333121] c.s.m.d.controller.UserController    -
        Registering new user with email: User2@gmail.com
2026-03-31 00:26:36.346 [http-nio-8080-exec-3] INFO  [c4333121] c.s.m.d.s.basic.BasicUserService     -
        Creating new user: email=User2@gmail.com
2026-03-31 00:26:36.679 [http-nio-8080-exec-3] INFO  [c4333121] c.s.m.d.s.b.BasicUserStatusService   -
        Creating initial status for user: ff49a36f-f747-4e0d-8bd9-2ca7c79775b9
2026-03-31 00:26:36.679 [http-nio-8080-exec-3] INFO  [c4333121] c.s.m.d.s.b.BasicUserStatusService   -
        UserStatus created successfully for user: ff49a36f-f747-4e0d-8bd9-2ca7c79775b9
2026-03-31 00:26:36.679 [http-nio-8080-exec-3] INFO  [c4333121] c.s.m.d.s.basic.BasicUserService     -
        User created successfully: id=ff49a36f-f747-4e0d-8bd9-2ca7c79775b9
2026-03-31 00:26:36.695 [http-nio-8080-exec-3] DEBUG [c4333121] c.s.m.d.s.b.BasicUserStatusService   -
        Checking online status for user: ff49a36f-f747-4e0d-8bd9-2ca7c79775b9
2026-03-31 00:26:36.695 [http-nio-8080-exec-3] INFO  [c4333121] c.s.m.d.controller.UserController    -
        User registered successfully. ID: ff49a36f-f747-4e0d-8bd9-2ca7c79775b9
2026-03-31 00:26:36.718 [http-nio-8080-exec-2] DEBUG [4561ce3e] c.s.m.d.controller.UserController    -
        Updating status for user: ff49a36f-f747-4e0d-8bd9-2ca7c79775b9, last active: 2026-03-30T15:26:36.711Z
2026-03-31 00:26:36.718 [http-nio-8080-exec-4] DEBUG [39682b20] c.s.m.d.controller.UserController    -
        Updating status for user: ff49a36f-f747-4e0d-8bd9-2ca7c79775b9, last active: 2026-03-30T15:26:36.712Z
2026-03-31 00:26:36.720 [http-nio-8080-exec-2] INFO  [4561ce3e] c.s.m.d.s.b.BasicUserStatusService   -
        Updating status for user: ff49a36f-f747-4e0d-8bd9-2ca7c79775b9
2026-03-31 00:26:36.720 [http-nio-8080-exec-4] INFO  [39682b20] c.s.m.d.s.b.BasicUserStatusService   -
        Updating status for user: ff49a36f-f747-4e0d-8bd9-2ca7c79775b9
2026-03-31 00:26:36.734 [http-nio-8080-exec-5] DEBUG [854f2641] c.s.m.d.controller.UserController    -
        Fetching all users list
2026-03-31 00:26:36.739 [http-nio-8080-exec-5] DEBUG [854f2641] c.s.m.d.s.basic.BasicUserService     -
        Listing all users
2026-03-31 00:26:36.745 [http-nio-8080-exec-5] DEBUG [854f2641] c.s.m.d.s.b.BasicUserStatusService   -
        Checking online status for user: 1e2f6353-d975-4eb4-9c11-d8e8674fb0a6
2026-03-31 00:26:36.748 [http-nio-8080-exec-5] DEBUG [854f2641] c.s.m.d.s.b.BasicUserStatusService   -
        Checking online status for user: adf49bb6-c84a-4043-b115-06e158f3b0e0
2026-03-31 00:26:36.751 [http-nio-8080-exec-5] DEBUG [854f2641] c.s.m.d.s.b.BasicUserStatusService   -
        Checking online status for user: ff49a36f-f747-4e0d-8bd9-2ca7c79775b9
2026-03-31 00:26:36.776 [http-nio-8080-exec-7] DEBUG [e61b4838] c.s.m.d.controller.UserController    -
        Fetching all users list
2026-03-31 00:26:36.776 [http-nio-8080-exec-1] DEBUG [ed933a29] c.s.m.d.c.ReadStatusController       -
        Fetching read statuses for user: ff49a36f-f747-4e0d-8bd9-2ca7c79775b9
2026-03-31 00:26:36.776 [http-nio-8080-exec-7] DEBUG [e61b4838] c.s.m.d.s.basic.BasicUserService     -
        Listing all users
2026-03-31 00:26:36.777 [http-nio-8080-exec-1] DEBUG [ed933a29] c.s.m.d.s.b.BasicReadStatusService   -
        Fetching/Allocating read statuses for user: ff49a36f-f747-4e0d-8bd9-2ca7c79775b9
2026-03-31 00:26:36.777 [http-nio-8080-exec-6] DEBUG [95d37278] c.s.m.d.s.basic.BasicChannelService  -
        Finding all channels for user: ff49a36f-f747-4e0d-8bd9-2ca7c79775b9
2026-03-31 00:26:36.779 [http-nio-8080-exec-7] DEBUG [e61b4838] c.s.m.d.s.b.BasicUserStatusService   -
        Checking online status for user: 1e2f6353-d975-4eb4-9c11-d8e8674fb0a6
2026-03-31 00:26:36.782 [http-nio-8080-exec-7] DEBUG [e61b4838] c.s.m.d.s.b.BasicUserStatusService   -
        Checking online status for user: adf49bb6-c84a-4043-b115-06e158f3b0e0
2026-03-31 00:26:36.785 [http-nio-8080-exec-7] DEBUG [e61b4838] c.s.m.d.s.b.BasicUserStatusService   -
        Checking online status for user: ff49a36f-f747-4e0d-8bd9-2ca7c79775b9
2026-03-31 00:26:36.791 [http-nio-8080-exec-8] DEBUG [a63f8dc4] c.s.m.d.c.ReadStatusController       -
        Fetching read statuses for user: ff49a36f-f747-4e0d-8bd9-2ca7c79775b9
2026-03-31 00:26:36.791 [http-nio-8080-exec-8] DEBUG [a63f8dc4] c.s.m.d.s.b.BasicReadStatusService   -
        Fetching/Allocating read statuses for user: ff49a36f-f747-4e0d-8bd9-2ca7c79775b9
2026-03-31 00:26:36.801 [http-nio-8080-exec-10] DEBUG [2944d2d8] c.s.m.d.s.basic.BasicChannelService  -
        Finding all channels for user: ff49a36f-f747-4e0d-8bd9-2ca7c79775b9
2026-03-31 00:26:36.809 [http-nio-8080-exec-9] DEBUG [8e0b4666] c.s.m.d.c.ReadStatusController       -
        Fetching read statuses for user: ff49a36f-f747-4e0d-8bd9-2ca7c79775b9
2026-03-31 00:26:36.809 [http-nio-8080-exec-9] DEBUG [8e0b4666] c.s.m.d.s.b.BasicReadStatusService   -
        Fetching/Allocating read statuses for user: ff49a36f-f747-4e0d-8bd9-2ca7c79775b9
2026-03-31 00:26:36.824 [http-nio-8080-exec-3] DEBUG [330f127c] c.s.m.d.c.ReadStatusController       -
        Fetching read statuses for user: ff49a36f-f747-4e0d-8bd9-2ca7c79775b9
2026-03-31 00:26:36.824 [http-nio-8080-exec-3] DEBUG [330f127c] c.s.m.d.s.b.BasicReadStatusService   -
        Fetching/Allocating read statuses for user: ff49a36f-f747-4e0d-8bd9-2ca7c79775b9
2026-03-31 00:26:39.794 [http-nio-8080-exec-2] DEBUG [b857c473] c.s.m.d.s.basic.BasicChannelService  -
        Finding all channels for user: ff49a36f-f747-4e0d-8bd9-2ca7c79775b9
2026-03-31 00:26:39.821 [http-nio-8080-exec-5] DEBUG [91d5f81a] c.s.m.d.c.ReadStatusController       -
        Fetching read statuses for user: ff49a36f-f747-4e0d-8bd9-2ca7c79775b9
2026-03-31 00:26:39.821 [http-nio-8080-exec-5] DEBUG [91d5f81a] c.s.m.d.s.b.BasicReadStatusService   -
        Fetching/Allocating read statuses for user: ff49a36f-f747-4e0d-8bd9-2ca7c79775b9
2026-03-31 00:26:42.796 [http-nio-8080-exec-6] DEBUG [e8ab5ac8] c.s.m.d.s.basic.BasicChannelService  -
        Finding all channels for user: ff49a36f-f747-4e0d-8bd9-2ca7c79775b9
2026-03-31 00:26:42.817 [http-nio-8080-exec-1] DEBUG [3fcb1144] c.s.m.d.c.ReadStatusController       -
        Fetching read statuses for user: ff49a36f-f747-4e0d-8bd9-2ca7c79775b9
2026-03-31 00:26:42.817 [http-nio-8080-exec-1] DEBUG [3fcb1144] c.s.m.d.s.b.BasicReadStatusService   -
        Fetching/Allocating read statuses for user: ff49a36f-f747-4e0d-8bd9-2ca7c79775b9
2026-03-31 00:26:45.805 [http-nio-8080-exec-7] DEBUG [d0c67a6e] c.s.m.d.s.basic.BasicChannelService  -
        Finding all channels for user: ff49a36f-f747-4e0d-8bd9-2ca7c79775b9
2026-03-31 00:26:45.817 [http-nio-8080-exec-8] DEBUG [158370f4] c.s.m.d.c.ReadStatusController       -
        Fetching read statuses for user: ff49a36f-f747-4e0d-8bd9-2ca7c79775b9
2026-03-31 00:26:45.817 [http-nio-8080-exec-8] DEBUG [158370f4] c.s.m.d.s.b.BasicReadStatusService   -
        Fetching/Allocating read statuses for user: ff49a36f-f747-4e0d-8bd9-2ca7c79775b9
2026-03-31 00:26:47.359 [http-nio-8080-exec-10] INFO  [99e36c31] c.s.m.d.s.basic.BasicChannelService  -
        Creating public channel: '채널1' by creator: ff49a36f-f747-4e0d-8bd9-2ca7c79775b9
2026-03-31 00:26:47.465 [http-nio-8080-exec-9] DEBUG [fe326d3a] c.s.m.d.s.basic.BasicChannelService  -
        Finding all channels for user: ff49a36f-f747-4e0d-8bd9-2ca7c79775b9
2026-03-31 00:26:47.498 [http-nio-8080-exec-3] DEBUG [73aa90c9] c.s.m.d.c.ReadStatusController       -
        Fetching read statuses for user: ff49a36f-f747-4e0d-8bd9-2ca7c79775b9
2026-03-31 00:26:47.500 [http-nio-8080-exec-3] DEBUG [73aa90c9] c.s.m.d.s.b.BasicReadStatusService   -
        Fetching/Allocating read statuses for user: ff49a36f-f747-4e0d-8bd9-2ca7c79775b9
2026-03-31 00:26:47.545 [http-nio-8080-exec-4] DEBUG [fe026a7b] c.s.m.d.controller.MessageController -
        Fetching messages for channel: df526d53-0659-42fe-bf03-6a33bcb87069, cursor: null, size: 50
2026-03-31 00:26:47.595 [http-nio-8080-exec-2] DEBUG [441b4f07] c.s.m.d.controller.MessageController -
        Fetching messages for channel: df526d53-0659-42fe-bf03-6a33bcb87069, cursor: null, size: 50
2026-03-31 00:26:47.915 [http-nio-8080-exec-5] DEBUG [1f8bf4b2] c.s.m.d.controller.MessageController -
        Fetching messages for channel: df526d53-0659-42fe-bf03-6a33bcb87069, cursor: null, size: 50
2026-03-31 00:26:48.235 [http-nio-8080-exec-6] DEBUG [eedd9276] c.s.m.d.controller.MessageController -
        Fetching messages for channel: df526d53-0659-42fe-bf03-6a33bcb87069, cursor: null, size: 50
2026-03-31 00:26:48.547 [http-nio-8080-exec-1] DEBUG [32b50597] c.s.m.d.controller.MessageController -
        Fetching messages for channel: df526d53-0659-42fe-bf03-6a33bcb87069, cursor: null, size: 50
2026-03-31 00:26:48.800 [http-nio-8080-exec-7] DEBUG [379259cc] c.s.m.d.s.basic.BasicChannelService  -
        Finding all channels for user: ff49a36f-f747-4e0d-8bd9-2ca7c79775b9
2026-03-31 00:26:48.820 [http-nio-8080-exec-8] DEBUG [5bf9fca7] c.s.m.d.c.ReadStatusController       -
        Fetching read statuses for user: ff49a36f-f747-4e0d-8bd9-2ca7c79775b9
2026-03-31 00:26:48.820 [http-nio-8080-exec-8] DEBUG [5bf9fca7] c.s.m.d.s.b.BasicReadStatusService   -
        Fetching/Allocating read statuses for user: ff49a36f-f747-4e0d-8bd9-2ca7c79775b9
2026-03-31 00:26:48.868 [http-nio-8080-exec-10] DEBUG [cf99b3f2] c.s.m.d.controller.MessageController -
        Fetching messages for channel: df526d53-0659-42fe-bf03-6a33bcb87069, cursor: null, size: 50
2026-03-31 00:26:49.180 [http-nio-8080-exec-9] DEBUG [3dce7370] c.s.m.d.controller.MessageController -
        Fetching messages for channel: df526d53-0659-42fe-bf03-6a33bcb87069, cursor: null, size: 50
2026-03-31 00:26:49.509 [http-nio-8080-exec-3] DEBUG [8b1d93a8] c.s.m.d.controller.MessageController -
        Fetching messages for channel: df526d53-0659-42fe-bf03-6a33bcb87069, cursor: null, size: 50
2026-03-31 00:26:49.825 [http-nio-8080-exec-4] DEBUG [bd1f97bd] c.s.m.d.controller.MessageController -
        Fetching messages for channel: df526d53-0659-42fe-bf03-6a33bcb87069, cursor: null, size: 50
2026-03-31 00:26:50.145 [http-nio-8080-exec-2] DEBUG [dbb942d7] c.s.m.d.controller.MessageController -
        Fetching messages for channel: df526d53-0659-42fe-bf03-6a33bcb87069, cursor: null, size: 50
2026-03-31 00:26:50.476 [http-nio-8080-exec-5] DEBUG [d2340807] c.s.m.d.controller.MessageController -
        Fetching messages for channel: df526d53-0659-42fe-bf03-6a33bcb87069, cursor: null, size: 50
2026-03-31 00:26:50.804 [http-nio-8080-exec-6] DEBUG [19e19985] c.s.m.d.controller.MessageController -
        Fetching messages for channel: df526d53-0659-42fe-bf03-6a33bcb87069, cursor: null, size: 50
2026-03-31 00:26:51.121 [http-nio-8080-exec-1] DEBUG [286484d3] c.s.m.d.controller.MessageController -
        Fetching messages for channel: df526d53-0659-42fe-bf03-6a33bcb87069, cursor: null, size: 50
2026-03-31 00:26:51.445 [http-nio-8080-exec-7] DEBUG [e717d769] c.s.m.d.controller.MessageController -
        Fetching messages for channel: df526d53-0659-42fe-bf03-6a33bcb87069, cursor: null, size: 50
2026-03-31 00:26:51.762 [http-nio-8080-exec-8] DEBUG [b27d1482] c.s.m.d.controller.MessageController -
        Fetching messages for channel: df526d53-0659-42fe-bf03-6a33bcb87069, cursor: null, size: 50
2026-03-31 00:26:51.815 [http-nio-8080-exec-10] DEBUG [4c07ce20] c.s.m.d.s.basic.BasicChannelService  -
        Finding all channels for user: ff49a36f-f747-4e0d-8bd9-2ca7c79775b9
2026-03-31 00:26:51.829 [http-nio-8080-exec-9] DEBUG [7f25268a] c.s.m.d.c.ReadStatusController       -
        Fetching read statuses for user: ff49a36f-f747-4e0d-8bd9-2ca7c79775b9
2026-03-31 00:26:51.829 [http-nio-8080-exec-9] DEBUG [7f25268a] c.s.m.d.s.b.BasicReadStatusService   -
        Fetching/Allocating read statuses for user: ff49a36f-f747-4e0d-8bd9-2ca7c79775b9
2026-03-31 00:26:52.100 [http-nio-8080-exec-3] DEBUG [977ebcec] c.s.m.d.controller.MessageController -
        Fetching messages for channel: df526d53-0659-42fe-bf03-6a33bcb87069, cursor: null, size: 50
2026-03-31 00:26:52.415 [http-nio-8080-exec-4] DEBUG [1cf236a0] c.s.m.d.controller.MessageController -
        Fetching messages for channel: df526d53-0659-42fe-bf03-6a33bcb87069, cursor: null, size: 50
2026-03-31 00:26:52.742 [http-nio-8080-exec-2] DEBUG [773c8d23] c.s.m.d.controller.MessageController -
        Fetching messages for channel: df526d53-0659-42fe-bf03-6a33bcb87069, cursor: null, size: 50
2026-03-31 00:26:53.075 [http-nio-8080-exec-5] DEBUG [e950eb2d] c.s.m.d.controller.MessageController -
        Fetching messages for channel: df526d53-0659-42fe-bf03-6a33bcb87069, cursor: null, size: 50
2026-03-31 00:26:53.397 [http-nio-8080-exec-6] DEBUG [8865d502] c.s.m.d.controller.MessageController -
        Fetching messages for channel: df526d53-0659-42fe-bf03-6a33bcb87069, cursor: null, size: 50
2026-03-31 00:26:53.723 [http-nio-8080-exec-1] DEBUG [44ca46fc] c.s.m.d.controller.MessageController -
        Fetching messages for channel: df526d53-0659-42fe-bf03-6a33bcb87069, cursor: null, size: 50
2026-03-31 00:26:54.046 [http-nio-8080-exec-7] DEBUG [f0b61e6a] c.s.m.d.controller.MessageController -
        Fetching messages for channel: df526d53-0659-42fe-bf03-6a33bcb87069, cursor: null, size: 50
2026-03-31 00:26:54.377 [http-nio-8080-exec-8] DEBUG [a64e22e0] c.s.m.d.controller.MessageController -
        Fetching messages for channel: df526d53-0659-42fe-bf03-6a33bcb87069, cursor: null, size: 50
2026-03-31 00:26:54.706 [http-nio-8080-exec-10] DEBUG [faf2fa66] c.s.m.d.controller.MessageController -
        Fetching messages for channel: df526d53-0659-42fe-bf03-6a33bcb87069, cursor: null, size: 50
2026-03-31 00:26:54.805 [http-nio-8080-exec-9] DEBUG [d128af9c] c.s.m.d.s.basic.BasicChannelService  -
        Finding all channels for user: ff49a36f-f747-4e0d-8bd9-2ca7c79775b9
2026-03-31 00:26:54.831 [http-nio-8080-exec-3] DEBUG [7011266c] c.s.m.d.c.ReadStatusController       -
        Fetching read statuses for user: ff49a36f-f747-4e0d-8bd9-2ca7c79775b9
2026-03-31 00:26:54.831 [http-nio-8080-exec-3] DEBUG [7011266c] c.s.m.d.s.b.BasicReadStatusService   -
        Fetching/Allocating read statuses for user: ff49a36f-f747-4e0d-8bd9-2ca7c79775b9
2026-03-31 00:26:55.033 [http-nio-8080-exec-4] DEBUG [d5fd03ec] c.s.m.d.controller.MessageController -
        Fetching messages for channel: df526d53-0659-42fe-bf03-6a33bcb87069, cursor: null, size: 50
2026-03-31 00:26:55.357 [http-nio-8080-exec-2] DEBUG [c8d4e6f0] c.s.m.d.controller.MessageController -
        Fetching messages for channel: df526d53-0659-42fe-bf03-6a33bcb87069, cursor: null, size: 50
2026-03-31 00:26:55.680 [http-nio-8080-exec-5] DEBUG [4bf4b5b3] c.s.m.d.controller.MessageController -
        Fetching messages for channel: df526d53-0659-42fe-bf03-6a33bcb87069, cursor: null, size: 50
2026-03-31 00:26:55.857 [http-nio-8080-exec-6] INFO  [fd25469d] c.s.m.d.s.basic.BasicChannelService  -
        Creating private channel by creator: ff49a36f-f747-4e0d-8bd9-2ca7c79775b9
2026-03-31 00:26:55.922 [http-nio-8080-exec-1] DEBUG [03a6d03c] c.s.m.d.s.basic.BasicChannelService  -
        Finding all channels for user: ff49a36f-f747-4e0d-8bd9-2ca7c79775b9
2026-03-31 00:26:55.937 [http-nio-8080-exec-7] DEBUG [2e85ca99] c.s.m.d.c.ReadStatusController       -
        Fetching read statuses for user: ff49a36f-f747-4e0d-8bd9-2ca7c79775b9
2026-03-31 00:26:55.938 [http-nio-8080-exec-7] DEBUG [2e85ca99] c.s.m.d.s.b.BasicReadStatusService   -
        Fetching/Allocating read statuses for user: ff49a36f-f747-4e0d-8bd9-2ca7c79775b9
2026-03-31 00:26:55.942 [http-nio-8080-exec-8] DEBUG [a02e7526] c.s.m.d.controller.MessageController -
        Fetching messages for channel: e054663f-79db-41a6-8385-68e22f93f0dc, cursor: null, size: 50
2026-03-31 00:26:55.953 [http-nio-8080-exec-10] DEBUG [ffc874d2] c.s.m.d.controller.MessageController -
        Fetching messages for channel: e054663f-79db-41a6-8385-68e22f93f0dc, cursor: null, size: 50
2026-03-31 00:26:56.271 [http-nio-8080-exec-9] DEBUG [70a52b73] c.s.m.d.controller.MessageController -
        Fetching messages for channel: e054663f-79db-41a6-8385-68e22f93f0dc, cursor: null, size: 50
2026-03-31 00:26:56.594 [http-nio-8080-exec-3] DEBUG [29cfd150] c.s.m.d.controller.MessageController -
        Fetching messages for channel: e054663f-79db-41a6-8385-68e22f93f0dc, cursor: null, size: 50
2026-03-31 00:26:56.912 [http-nio-8080-exec-4] DEBUG [1b011490] c.s.m.d.controller.MessageController -
        Fetching messages for channel: e054663f-79db-41a6-8385-68e22f93f0dc, cursor: null, size: 50
2026-03-31 00:26:57.231 [http-nio-8080-exec-2] DEBUG [d0351892] c.s.m.d.controller.MessageController -
        Fetching messages for channel: e054663f-79db-41a6-8385-68e22f93f0dc, cursor: null, size: 50
2026-03-31 00:26:57.557 [http-nio-8080-exec-5] DEBUG [239e2e3f] c.s.m.d.controller.MessageController -
        Fetching messages for channel: e054663f-79db-41a6-8385-68e22f93f0dc, cursor: null, size: 50
2026-03-31 00:26:57.815 [http-nio-8080-exec-6] DEBUG [cc7ba5f2] c.s.m.d.s.basic.BasicChannelService  -
        Finding all channels for user: ff49a36f-f747-4e0d-8bd9-2ca7c79775b9
2026-03-31 00:26:57.841 [http-nio-8080-exec-1] DEBUG [a61221a9] c.s.m.d.c.ReadStatusController       -
        Fetching read statuses for user: ff49a36f-f747-4e0d-8bd9-2ca7c79775b9
2026-03-31 00:26:57.841 [http-nio-8080-exec-1] DEBUG [a61221a9] c.s.m.d.s.b.BasicReadStatusService   -
        Fetching/Allocating read statuses for user: ff49a36f-f747-4e0d-8bd9-2ca7c79775b9
2026-03-31 00:26:57.875 [http-nio-8080-exec-8] DEBUG [826b9203] c.s.m.d.controller.MessageController -
        Fetching messages for channel: e054663f-79db-41a6-8385-68e22f93f0dc, cursor: null, size: 50
2026-03-31 00:26:57.945 [http-nio-8080-exec-10] INFO  [182d8529] c.s.m.d.controller.MessageController -
        Sending message to channel: e054663f-79db-41a6-8385-68e22f93f0dc by author: ff49a36f-f747-4e0d-8bd9-2ca7c79775b9
2026-03-31 00:26:58.009 [http-nio-8080-exec-7] INFO  [dbe28b3c] c.s.m.d.c.ReadStatusController       -
        Updating read status: 42dcc3a6-7e99-4489-8823-43748242f631 with time: 2026-03-30T15:26:57.995Z
2026-03-31 00:26:58.009 [http-nio-8080-exec-7] INFO  [dbe28b3c] c.s.m.d.s.b.BasicReadStatusService   -
        Updating lastReadAt for readStatus: 42dcc3a6-7e99-4489-8823-43748242f631
2026-03-31 00:26:58.200 [http-nio-8080-exec-9] DEBUG [c9e11573] c.s.m.d.controller.MessageController -
        Fetching messages for channel: e054663f-79db-41a6-8385-68e22f93f0dc, cursor: null, size: 50
2026-03-31 00:26:58.684 [http-nio-8080-exec-4] DEBUG [08a7230a] c.s.m.d.controller.MessageController -
        Fetching messages for channel: e054663f-79db-41a6-8385-68e22f93f0dc, cursor: null, size: 50
2026-03-31 00:26:59.384 [http-nio-8080-exec-2] DEBUG [4ab63848] c.s.m.d.controller.MessageController -
        Fetching messages for channel: e054663f-79db-41a6-8385-68e22f93f0dc, cursor: null, size: 50
2026-03-31 00:27:00.417 [http-nio-8080-exec-5] DEBUG [06065328] c.s.m.d.controller.MessageController -
        Fetching messages for channel: e054663f-79db-41a6-8385-68e22f93f0dc, cursor: null, size: 50
2026-03-31 00:27:00.805 [http-nio-8080-exec-6] DEBUG [442c9fa8] c.s.m.d.s.basic.BasicChannelService  -
        Finding all channels for user: ff49a36f-f747-4e0d-8bd9-2ca7c79775b9
2026-03-31 00:27:00.831 [http-nio-8080-exec-1] DEBUG [84165bc7] c.s.m.d.c.ReadStatusController       -
        Fetching read statuses for user: ff49a36f-f747-4e0d-8bd9-2ca7c79775b9
2026-03-31 00:27:00.831 [http-nio-8080-exec-1] DEBUG [84165bc7] c.s.m.d.s.b.BasicReadStatusService   -
        Fetching/Allocating read statuses for user: ff49a36f-f747-4e0d-8bd9-2ca7c79775b9
2026-03-31 00:27:01.964 [http-nio-8080-exec-8] DEBUG [e19bf4e0] c.s.m.d.controller.MessageController -
        Fetching messages for channel: e054663f-79db-41a6-8385-68e22f93f0dc, cursor: null, size: 50
2026-03-31 00:27:03.802 [http-nio-8080-exec-10] DEBUG [5256bb58] c.s.m.d.s.basic.BasicChannelService  -
        Finding all channels for user: ff49a36f-f747-4e0d-8bd9-2ca7c79775b9
2026-03-31 00:27:03.819 [http-nio-8080-exec-7] DEBUG [1cb937cd] c.s.m.d.c.ReadStatusController       -
        Fetching read statuses for user: ff49a36f-f747-4e0d-8bd9-2ca7c79775b9
2026-03-31 00:27:03.819 [http-nio-8080-exec-7] DEBUG [1cb937cd] c.s.m.d.s.b.BasicReadStatusService   -
        Fetching/Allocating read statuses for user: ff49a36f-f747-4e0d-8bd9-2ca7c79775b9
2026-03-31 00:27:04.259 [http-nio-8080-exec-9] DEBUG [c905855a] c.s.m.d.controller.MessageController -
        Fetching messages for channel: e054663f-79db-41a6-8385-68e22f93f0dc, cursor: null, size: 50
2026-03-31 00:27:06.728 [http-nio-8080-exec-3] DEBUG [eda94d5a] c.s.m.d.controller.UserController    -
        Updating status for user: ff49a36f-f747-4e0d-8bd9-2ca7c79775b9, last active: 2026-03-30T15:27:06.728Z
2026-03-31 00:27:06.728 [http-nio-8080-exec-3] INFO  [eda94d5a] c.s.m.d.s.b.BasicUserStatusService   -
        Updating status for user: ff49a36f-f747-4e0d-8bd9-2ca7c79775b9
2026-03-31 00:27:06.806 [http-nio-8080-exec-4] DEBUG [b94354d4] c.s.m.d.s.basic.BasicChannelService  -
        Finding all channels for user: ff49a36f-f747-4e0d-8bd9-2ca7c79775b9
2026-03-31 00:27:06.832 [http-nio-8080-exec-2] DEBUG [9bd55a7d] c.s.m.d.c.ReadStatusController       -
        Fetching read statuses for user: ff49a36f-f747-4e0d-8bd9-2ca7c79775b9
2026-03-31 00:27:06.838 [http-nio-8080-exec-2] DEBUG [9bd55a7d] c.s.m.d.s.b.BasicReadStatusService   -
        Fetching/Allocating read statuses for user: ff49a36f-f747-4e0d-8bd9-2ca7c79775b9
2026-03-31 00:27:07.290 [http-nio-8080-exec-5] DEBUG [6bf7e275] c.s.m.d.controller.MessageController -
        Fetching messages for channel: e054663f-79db-41a6-8385-68e22f93f0dc, cursor: null, size: 50
2026-03-31 00:27:09.806 [http-nio-8080-exec-6] DEBUG [8973619c] c.s.m.d.s.basic.BasicChannelService  -
        Finding all channels for user: ff49a36f-f747-4e0d-8bd9-2ca7c79775b9
2026-03-31 00:27:09.832 [http-nio-8080-exec-1] DEBUG [cc71cdd2] c.s.m.d.c.ReadStatusController       -
        Fetching read statuses for user: ff49a36f-f747-4e0d-8bd9-2ca7c79775b9
2026-03-31 00:27:09.832 [http-nio-8080-exec-1] DEBUG [cc71cdd2] c.s.m.d.s.b.BasicReadStatusService   -
        Fetching/Allocating read statuses for user: ff49a36f-f747-4e0d-8bd9-2ca7c79775b9
2026-03-31 00:27:10.308 [http-nio-8080-exec-8] DEBUG [01cc9cfe] c.s.m.d.controller.MessageController -
        Fetching messages for channel: e054663f-79db-41a6-8385-68e22f93f0dc, cursor: null, size: 50
2026-03-31 00:27:12.804 [http-nio-8080-exec-7] DEBUG [4bdf268f] c.s.m.d.s.basic.BasicChannelService  -
        Finding all channels for user: ff49a36f-f747-4e0d-8bd9-2ca7c79775b9
2026-03-31 00:27:12.823 [http-nio-8080-exec-9] DEBUG [04a038fc] c.s.m.d.c.ReadStatusController       -
        Fetching read statuses for user: ff49a36f-f747-4e0d-8bd9-2ca7c79775b9
2026-03-31 00:27:12.823 [http-nio-8080-exec-9] DEBUG [04a038fc] c.s.m.d.s.b.BasicReadStatusService   -
        Fetching/Allocating read statuses for user: ff49a36f-f747-4e0d-8bd9-2ca7c79775b9
2026-03-31 00:27:13.343 [http-nio-8080-exec-3] DEBUG [2779130a] c.s.m.d.controller.MessageController -
        Fetching messages for channel: e054663f-79db-41a6-8385-68e22f93f0dc, cursor: null, size: 50
2026-03-31 00:27:15.806 [http-nio-8080-exec-4] DEBUG [d0c297e9] c.s.m.d.s.basic.BasicChannelService  -
        Finding all channels for user: ff49a36f-f747-4e0d-8bd9-2ca7c79775b9
2026-03-31 00:27:15.817 [http-nio-8080-exec-2] DEBUG [de6f4239] c.s.m.d.c.ReadStatusController       -
        Fetching read statuses for user: ff49a36f-f747-4e0d-8bd9-2ca7c79775b9
2026-03-31 00:27:15.817 [http-nio-8080-exec-2] DEBUG [de6f4239] c.s.m.d.s.b.BasicReadStatusService   -
        Fetching/Allocating read statuses for user: ff49a36f-f747-4e0d-8bd9-2ca7c79775b9
2026-03-31 00:27:16.356 [http-nio-8080-exec-5] DEBUG [34d1718a] c.s.m.d.controller.MessageController -
        Fetching messages for channel: e054663f-79db-41a6-8385-68e22f93f0dc, cursor: null, size: 50
2026-03-31 00:27:18.815 [http-nio-8080-exec-10] DEBUG [15850144] c.s.m.d.s.basic.BasicChannelService  -
        Finding all channels for user: ff49a36f-f747-4e0d-8bd9-2ca7c79775b9
2026-03-31 00:27:18.832 [http-nio-8080-exec-7] DEBUG [26b41d43] c.s.m.d.c.ReadStatusController       -
        Fetching read statuses for user: ff49a36f-f747-4e0d-8bd9-2ca7c79775b9
2026-03-31 00:27:18.832 [http-nio-8080-exec-7] DEBUG [26b41d43] c.s.m.d.s.b.BasicReadStatusService   -
        Fetching/Allocating read statuses for user: ff49a36f-f747-4e0d-8bd9-2ca7c79775b9
2026-03-31 00:27:19.397 [http-nio-8080-exec-9] DEBUG [55d5c509] c.s.m.d.controller.MessageController -
        Fetching messages for channel: e054663f-79db-41a6-8385-68e22f93f0dc, cursor: null, size: 50
2026-03-31 00:27:21.809 [http-nio-8080-exec-3] DEBUG [cfec2483] c.s.m.d.s.basic.BasicChannelService  -
        Finding all channels for user: ff49a36f-f747-4e0d-8bd9-2ca7c79775b9
2026-03-31 00:27:21.832 [http-nio-8080-exec-4] DEBUG [2fe049b9] c.s.m.d.c.ReadStatusController       -
        Fetching read statuses for user: ff49a36f-f747-4e0d-8bd9-2ca7c79775b9
2026-03-31 00:27:21.832 [http-nio-8080-exec-4] DEBUG [2fe049b9] c.s.m.d.s.b.BasicReadStatusService   -
        Fetching/Allocating read statuses for user: ff49a36f-f747-4e0d-8bd9-2ca7c79775b9
2026-03-31 00:27:22.417 [http-nio-8080-exec-2] DEBUG [8c11aa06] c.s.m.d.controller.MessageController -
        Fetching messages for channel: e054663f-79db-41a6-8385-68e22f93f0dc, cursor: null, size: 50
2026-03-31 00:27:24.812 [http-nio-8080-exec-5] DEBUG [57732b16] c.s.m.d.s.basic.BasicChannelService  -
        Finding all channels for user: ff49a36f-f747-4e0d-8bd9-2ca7c79775b9
2026-03-31 00:27:24.823 [http-nio-8080-exec-6] DEBUG [b57f77a5] c.s.m.d.c.ReadStatusController       -
        Fetching read statuses for user: ff49a36f-f747-4e0d-8bd9-2ca7c79775b9
2026-03-31 00:27:24.823 [http-nio-8080-exec-6] DEBUG [b57f77a5] c.s.m.d.s.b.BasicReadStatusService   -
        Fetching/Allocating read statuses for user: ff49a36f-f747-4e0d-8bd9-2ca7c79775b9
2026-03-31 00:27:25.447 [http-nio-8080-exec-8] DEBUG [71ba533b] c.s.m.d.controller.MessageController -
        Fetching messages for channel: e054663f-79db-41a6-8385-68e22f93f0dc, cursor: null, size: 50
2026-03-31 00:27:27.809 [http-nio-8080-exec-1] DEBUG [40c25e10] c.s.m.d.s.basic.BasicChannelService  -
        Finding all channels for user: ff49a36f-f747-4e0d-8bd9-2ca7c79775b9
2026-03-31 00:27:27.827 [http-nio-8080-exec-10] DEBUG [d653c0a8] c.s.m.d.c.ReadStatusController       -
        Fetching read statuses for user: ff49a36f-f747-4e0d-8bd9-2ca7c79775b9
2026-03-31 00:27:27.827 [http-nio-8080-exec-10] DEBUG [d653c0a8] c.s.m.d.s.b.BasicReadStatusService   -
        Fetching/Allocating read statuses for user: ff49a36f-f747-4e0d-8bd9-2ca7c79775b9
2026-03-31 00:27:28.485 [http-nio-8080-exec-7] DEBUG [19ba4db8] c.s.m.d.controller.MessageController -
        Fetching messages for channel: e054663f-79db-41a6-8385-68e22f93f0dc, cursor: null, size: 50
2026-03-31 00:27:30.813 [http-nio-8080-exec-9] DEBUG [c748fe89] c.s.m.d.s.basic.BasicChannelService  -
        Finding all channels for user: ff49a36f-f747-4e0d-8bd9-2ca7c79775b9
2026-03-31 00:27:30.825 [http-nio-8080-exec-3] DEBUG [fd3122ce] c.s.m.d.c.ReadStatusController       -
        Fetching read statuses for user: ff49a36f-f747-4e0d-8bd9-2ca7c79775b9
2026-03-31 00:27:30.833 [http-nio-8080-exec-3] DEBUG [fd3122ce] c.s.m.d.s.b.BasicReadStatusService   -
        Fetching/Allocating read statuses for user: ff49a36f-f747-4e0d-8bd9-2ca7c79775b9
2026-03-31 00:27:31.511 [http-nio-8080-exec-4] DEBUG [61882d2e] c.s.m.d.controller.MessageController -
        Fetching messages for channel: e054663f-79db-41a6-8385-68e22f93f0dc, cursor: null, size: 50
2026-03-31 00:27:33.804 [http-nio-8080-exec-2] DEBUG [776a2c1d] c.s.m.d.s.basic.BasicChannelService  -
        Finding all channels for user: ff49a36f-f747-4e0d-8bd9-2ca7c79775b9
2026-03-31 00:27:33.823 [http-nio-8080-exec-5] DEBUG [c896c67c] c.s.m.d.c.ReadStatusController       -
        Fetching read statuses for user: ff49a36f-f747-4e0d-8bd9-2ca7c79775b9
2026-03-31 00:27:33.823 [http-nio-8080-exec-5] DEBUG [c896c67c] c.s.m.d.s.b.BasicReadStatusService   -
        Fetching/Allocating read statuses for user: ff49a36f-f747-4e0d-8bd9-2ca7c79775b9
2026-03-31 00:27:34.537 [http-nio-8080-exec-6] DEBUG [02dbc7ca] c.s.m.d.controller.MessageController -
        Fetching messages for channel: e054663f-79db-41a6-8385-68e22f93f0dc, cursor: null, size: 50
2026-03-31 00:27:36.721 [http-nio-8080-exec-1] DEBUG [438358aa] c.s.m.d.controller.UserController    -
        Fetching all users list
2026-03-31 00:27:36.721 [http-nio-8080-exec-1] DEBUG [438358aa] c.s.m.d.s.basic.BasicUserService     -
        Listing all users
2026-03-31 00:27:36.723 [http-nio-8080-exec-8] DEBUG [d002d27d] c.s.m.d.controller.UserController    -
        Updating status for user: ff49a36f-f747-4e0d-8bd9-2ca7c79775b9, last active: 2026-03-30T15:27:36.714Z
2026-03-31 00:27:36.723 [http-nio-8080-exec-8] INFO  [d002d27d] c.s.m.d.s.b.BasicUserStatusService   -
        Updating status for user: ff49a36f-f747-4e0d-8bd9-2ca7c79775b9
2026-03-31 00:27:36.725 [http-nio-8080-exec-1] DEBUG [438358aa] c.s.m.d.s.b.BasicUserStatusService   -
        Checking online status for user: 1e2f6353-d975-4eb4-9c11-d8e8674fb0a6
2026-03-31 00:27:36.727 [http-nio-8080-exec-1] DEBUG [438358aa] c.s.m.d.s.b.BasicUserStatusService   -
        Checking online status for user: adf49bb6-c84a-4043-b115-06e158f3b0e0
2026-03-31 00:27:36.727 [http-nio-8080-exec-1] DEBUG [438358aa] c.s.m.d.s.b.BasicUserStatusService   -
        Checking online status for user: ff49a36f-f747-4e0d-8bd9-2ca7c79775b9
2026-03-31 00:27:36.742 [http-nio-8080-exec-7] DEBUG [e6dd079b] c.s.m.d.c.ReadStatusController       -
        Fetching read statuses for user: ff49a36f-f747-4e0d-8bd9-2ca7c79775b9
2026-03-31 00:27:36.742 [http-nio-8080-exec-10] DEBUG [ef86a377] c.s.m.d.s.basic.BasicChannelService  -
        Finding all channels for user: ff49a36f-f747-4e0d-8bd9-2ca7c79775b9
2026-03-31 00:27:36.742 [http-nio-8080-exec-7] DEBUG [e6dd079b] c.s.m.d.s.b.BasicReadStatusService   -
        Fetching/Allocating read statuses for user: ff49a36f-f747-4e0d-8bd9-2ca7c79775b9
2026-03-31 00:27:36.773 [http-nio-8080-exec-9] DEBUG [218bb465] c.s.m.d.c.ReadStatusController       -
        Fetching read statuses for user: ff49a36f-f747-4e0d-8bd9-2ca7c79775b9
2026-03-31 00:27:36.773 [http-nio-8080-exec-9] DEBUG [218bb465] c.s.m.d.s.b.BasicReadStatusService   -
        Fetching/Allocating read statuses for user: ff49a36f-f747-4e0d-8bd9-2ca7c79775b9
2026-03-31 00:27:37.568 [http-nio-8080-exec-3] DEBUG [70faadd5] c.s.m.d.controller.MessageController -
        Fetching messages for channel: e054663f-79db-41a6-8385-68e22f93f0dc, cursor: null, size: 50
2026-03-31 00:27:39.764 [http-nio-8080-exec-2] DEBUG [3e09fca5] c.s.m.d.s.basic.BasicChannelService  -
        Finding all channels for user: ff49a36f-f747-4e0d-8bd9-2ca7c79775b9
2026-03-31 00:27:39.781 [http-nio-8080-exec-5] DEBUG [82ae69fa] c.s.m.d.c.ReadStatusController       -
        Fetching read statuses for user: ff49a36f-f747-4e0d-8bd9-2ca7c79775b9
2026-03-31 00:27:39.781 [http-nio-8080-exec-5] DEBUG [82ae69fa] c.s.m.d.s.b.BasicReadStatusService   -
        Fetching/Allocating read statuses for user: ff49a36f-f747-4e0d-8bd9-2ca7c79775b9
2026-03-31 00:27:40.591 [http-nio-8080-exec-6] DEBUG [acb87416] c.s.m.d.controller.MessageController -
        Fetching messages for channel: e054663f-79db-41a6-8385-68e22f93f0dc, cursor: null, size: 50
2026-03-31 00:27:42.752 [http-nio-8080-exec-1] DEBUG [525a64e2] c.s.m.d.s.basic.BasicChannelService  -
        Finding all channels for user: ff49a36f-f747-4e0d-8bd9-2ca7c79775b9
2026-03-31 00:27:42.765 [http-nio-8080-exec-10] DEBUG [3f78d975] c.s.m.d.c.ReadStatusController       -
        Fetching read statuses for user: ff49a36f-f747-4e0d-8bd9-2ca7c79775b9
2026-03-31 00:27:42.765 [http-nio-8080-exec-10] DEBUG [3f78d975] c.s.m.d.s.b.BasicReadStatusService   -
        Fetching/Allocating read statuses for user: ff49a36f-f747-4e0d-8bd9-2ca7c79775b9
2026-03-31 00:27:43.614 [http-nio-8080-exec-7] DEBUG [8d2bda12] c.s.m.d.controller.MessageController -
        Fetching messages for channel: e054663f-79db-41a6-8385-68e22f93f0dc, cursor: null, size: 50
2026-03-31 00:27:45.752 [http-nio-8080-exec-9] DEBUG [7e177fc7] c.s.m.d.s.basic.BasicChannelService  -
        Finding all channels for user: ff49a36f-f747-4e0d-8bd9-2ca7c79775b9
2026-03-31 00:27:45.776 [http-nio-8080-exec-3] DEBUG [0905e9f2] c.s.m.d.c.ReadStatusController       -
        Fetching read statuses for user: ff49a36f-f747-4e0d-8bd9-2ca7c79775b9
2026-03-31 00:27:45.776 [http-nio-8080-exec-3] DEBUG [0905e9f2] c.s.m.d.s.b.BasicReadStatusService   -
        Fetching/Allocating read statuses for user: ff49a36f-f747-4e0d-8bd9-2ca7c79775b9
2026-03-31 00:27:46.638 [http-nio-8080-exec-4] DEBUG [f38adb11] c.s.m.d.controller.MessageController -
        Fetching messages for channel: e054663f-79db-41a6-8385-68e22f93f0dc, cursor: null, size: 50
2026-03-31 00:27:47.387 [http-nio-8080-exec-2] INFO  [4f9d58b2] c.s.m.d.controller.MessageController -
        Sending message to channel: e054663f-79db-41a6-8385-68e22f93f0dc by author: ff49a36f-f747-4e0d-8bd9-2ca7c79775b9
2026-03-31 00:27:47.390 [http-nio-8080-exec-2] DEBUG [4f9d58b2] c.s.m.d.controller.MessageController -
        Processing attachment: 스크린샷 2025-09-11 142824.png
2026-03-31 00:27:47.431 [http-nio-8080-exec-2] INFO  [4f9d58b2] c.s.m.d.s.b.BasicBinaryContentService -
        Creating binary content: 스크린샷 2025-09-11 142824.png
2026-03-31 00:27:47.446 [http-nio-8080-exec-2] INFO  [4f9d58b2] c.s.m.d.s.b.BasicBinaryContentService -
        Binary content created with id: 9298979a-a596-429e-9dd8-6f536fdd652e
2026-03-31 00:27:47.469 [http-nio-8080-exec-5] INFO  [dcc01faa] c.s.m.d.c.ReadStatusController       -
        Updating read status: 42dcc3a6-7e99-4489-8823-43748242f631 with time: 2026-03-30T15:27:47.467Z
2026-03-31 00:27:47.469 [http-nio-8080-exec-5] INFO  [dcc01faa] c.s.m.d.s.b.BasicReadStatusService   -
        Updating lastReadAt for readStatus: 42dcc3a6-7e99-4489-8823-43748242f631
2026-03-31 00:27:47.486 [http-nio-8080-exec-6] DEBUG [a5e3986b] c.s.m.d.c.BinaryContentController    -
        Fetching metadata for binary content: 9298979a-a596-429e-9dd8-6f536fdd652e
2026-03-31 00:27:47.501 [http-nio-8080-exec-8] INFO  [e18a99b4] c.s.m.d.c.BinaryContentController    -
        File download request for binary content id: 9298979a-a596-429e-9dd8-6f536fdd652e
2026-03-31 00:27:47.501 [http-nio-8080-exec-8] INFO  [e18a99b4] c.s.m.d.s.b.BasicBinaryContentService -
        Downloading file resource: 9298979a-a596-429e-9dd8-6f536fdd652e
2026-03-31 00:27:47.518 [http-nio-8080-exec-8] WARN  [e18a99b4] o.a.coyote.http11.Http11Processor    -
        The HTTP response header [Content-Disposition] with value [attachment; filename="스크린샷 2025-09-11 142824.png"] has been removed from the response because it is invalid
java.lang.IllegalArgumentException: The Unicode character [스] at code point [49,828] cannot be encoded as it is outside the permitted range of 0 to 255
	at org.apache.tomcat.util.buf.MessageBytes.toBytesSimple(MessageBytes.java:310)
	at org.apache.tomcat.util.buf.MessageBytes.toBytes(MessageBytes.java:283)
	at org.apache.coyote.http11.Http11OutputBuffer.write(Http11OutputBuffer.java:400)
	at org.apache.coyote.http11.Http11OutputBuffer.sendHeader(Http11OutputBuffer.java:379)
	at org.apache.coyote.http11.Http11Processor.writeHeaders(Http11Processor.java:1070)
	at org.apache.coyote.http11.Http11Processor.prepareResponse(Http11Processor.java:1057)
	at org.apache.coyote.AbstractProcessor.action(AbstractProcessor.java:377)
	at org.apache.coyote.Response.action(Response.java:208)
	at org.apache.coyote.http11.Http11OutputBuffer.doWrite(Http11OutputBuffer.java:187)
	at org.apache.coyote.Response.doWrite(Response.java:633)
	at org.apache.catalina.connector.OutputBuffer.realWriteBytes(OutputBuffer.java:329)
	at org.apache.catalina.connector.OutputBuffer.flushByteBuffer(OutputBuffer.java:776)
	at org.apache.catalina.connector.OutputBuffer.append(OutputBuffer.java:673)
	at org.apache.catalina.connector.OutputBuffer.writeBytes(OutputBuffer.java:376)
	at org.apache.catalina.connector.OutputBuffer.write(OutputBuffer.java:354)
	at org.apache.catalina.connector.CoyoteOutputStream.write(CoyoteOutputStream.java:103)
	at org.springframework.security.web.util.OnCommittedResponseWrapper$SaveContextServletOutputStream.write(OnCommittedResponseWrapper.java:639)
	at org.springframework.web.context.request.async.StandardServletAsyncWebRequest$LifecycleServletOutputStream.write(StandardServletAsyncWebRequest.java:401)
	at java.base/java.io.InputStream.transferTo(InputStream.java:783)
	at org.springframework.http.converter.ResourceHttpMessageConverter.writeContent(ResourceHttpMessageConverter.java:160)
	at org.springframework.http.converter.ResourceHttpMessageConverter.writeInternal(ResourceHttpMessageConverter.java:115)
	at org.springframework.http.converter.ResourceHttpMessageConverter.writeInternal(ResourceHttpMessageConverter.java:46)
	at org.springframework.http.converter.AbstractHttpMessageConverter.write(AbstractHttpMessageConverter.java:235)
	at org.springframework.web.servlet.mvc.method.annotation.AbstractMessageConverterMethodProcessor.writeWithMessageConverters(AbstractMessageConverterMethodProcessor.java:344)
	at org.springframework.web.servlet.mvc.method.annotation.HttpEntityMethodProcessor.handleReturnValue(HttpEntityMethodProcessor.java:261)
	at org.springframework.web.method.support.HandlerMethodReturnValueHandlerComposite.handleReturnValue(HandlerMethodReturnValueHandlerComposite.java:78)
	at org.springframework.web.servlet.mvc.method.annotation.ServletInvocableHandlerMethod.invokeAndHandle(ServletInvocableHandlerMethod.java:136)
	at org.springframework.web.servlet.mvc.method.annotation.RequestMappingHandlerAdapter.invokeHandlerMethod(RequestMappingHandlerAdapter.java:986)
	at org.springframework.web.servlet.mvc.method.annotation.RequestMappingHandlerAdapter.handleInternal(RequestMappingHandlerAdapter.java:891)
	at org.springframework.web.servlet.mvc.method.AbstractHandlerMethodAdapter.handle(AbstractHandlerMethodAdapter.java:87)
	at org.springframework.web.servlet.DispatcherServlet.doDispatch(DispatcherServlet.java:1088)
	at org.springframework.web.servlet.DispatcherServlet.doService(DispatcherServlet.java:978)
	at org.springframework.web.servlet.FrameworkServlet.processRequest(FrameworkServlet.java:1014)
	at org.springframework.web.servlet.FrameworkServlet.doGet(FrameworkServlet.java:903)
	at jakarta.servlet.http.HttpServlet.service(HttpServlet.java:564)
	at org.springframework.web.servlet.FrameworkServlet.service(FrameworkServlet.java:885)
	at jakarta.servlet.http.HttpServlet.service(HttpServlet.java:658)
	at org.apache.catalina.core.ApplicationFilterChain.internalDoFilter(ApplicationFilterChain.java:195)
	at org.apache.catalina.core.ApplicationFilterChain.doFilter(ApplicationFilterChain.java:140)
	at org.apache.tomcat.websocket.server.WsFilter.doFilter(WsFilter.java:51)
	at org.apache.catalina.core.ApplicationFilterChain.internalDoFilter(ApplicationFilterChain.java:164)
	at org.apache.catalina.core.ApplicationFilterChain.doFilter(ApplicationFilterChain.java:140)
	at org.springframework.web.filter.CompositeFilter$VirtualFilterChain.doFilter(CompositeFilter.java:108)
	at org.springframework.security.web.FilterChainProxy.lambda$doFilterInternal$3(FilterChainProxy.java:231)
	at org.springframework.security.web.ObservationFilterChainDecorator$FilterObservation$SimpleFilterObservation.lambda$wrap$1(ObservationFilterChainDecorator.java:479)
	at org.springframework.security.web.ObservationFilterChainDecorator$AroundFilterObservation$SimpleAroundFilterObservation.lambda$wrap$1(ObservationFilterChainDecorator.java:340)
	at org.springframework.security.web.ObservationFilterChainDecorator.lambda$wrapSecured$0(ObservationFilterChainDecorator.java:82)
	at org.springframework.security.web.ObservationFilterChainDecorator$VirtualFilterChain.doFilter(ObservationFilterChainDecorator.java:128)
	at org.springframework.security.web.access.intercept.AuthorizationFilter.doFilter(AuthorizationFilter.java:101)
	at org.springframework.security.web.ObservationFilterChainDecorator$ObservationFilter.wrapFilter(ObservationFilterChainDecorator.java:240)
	at org.springframework.security.web.ObservationFilterChainDecorator$ObservationFilter.doFilter(ObservationFilterChainDecorator.java:227)
	at org.springframework.security.web.ObservationFilterChainDecorator$VirtualFilterChain.doFilter(ObservationFilterChainDecorator.java:137)
	at org.springframework.security.web.access.ExceptionTranslationFilter.doFilter(ExceptionTranslationFilter.java:126)
	at org.springframework.security.web.access.ExceptionTranslationFilter.doFilter(ExceptionTranslationFilter.java:120)
	at org.springframework.security.web.ObservationFilterChainDecorator$ObservationFilter.wrapFilter(ObservationFilterChainDecorator.java:240)
	at org.springframework.security.web.ObservationFilterChainDecorator$ObservationFilter.doFilter(ObservationFilterChainDecorator.java:227)
	at org.springframework.security.web.ObservationFilterChainDecorator$VirtualFilterChain.doFilter(ObservationFilterChainDecorator.java:137)
	at org.springframework.security.web.authentication.AnonymousAuthenticationFilter.doFilter(AnonymousAuthenticationFilter.java:100)
	at org.springframework.security.web.ObservationFilterChainDecorator$ObservationFilter.wrapFilter(ObservationFilterChainDecorator.java:240)
	at org.springframework.security.web.ObservationFilterChainDecorator$ObservationFilter.doFilter(ObservationFilterChainDecorator.java:227)
	at org.springframework.security.web.ObservationFilterChainDecorator$VirtualFilterChain.doFilter(ObservationFilterChainDecorator.java:137)
	at org.springframework.security.web.servletapi.SecurityContextHolderAwareRequestFilter.doFilter(SecurityContextHolderAwareRequestFilter.java:179)
	at org.springframework.security.web.ObservationFilterChainDecorator$ObservationFilter.wrapFilter(ObservationFilterChainDecorator.java:240)
	at org.springframework.security.web.ObservationFilterChainDecorator$ObservationFilter.doFilter(ObservationFilterChainDecorator.java:227)
	at org.springframework.security.web.ObservationFilterChainDecorator$VirtualFilterChain.doFilter(ObservationFilterChainDecorator.java:137)
	at org.springframework.security.web.savedrequest.RequestCacheAwareFilter.doFilter(RequestCacheAwareFilter.java:63)
	at org.springframework.security.web.ObservationFilterChainDecorator$ObservationFilter.wrapFilter(ObservationFilterChainDecorator.java:240)
	at org.springframework.security.web.ObservationFilterChainDecorator$ObservationFilter.doFilter(ObservationFilterChainDecorator.java:227)
	at org.springframework.security.web.ObservationFilterChainDecorator$VirtualFilterChain.doFilter(ObservationFilterChainDecorator.java:137)
	at org.springframework.security.web.authentication.logout.LogoutFilter.doFilter(LogoutFilter.java:107)
	at org.springframework.security.web.authentication.logout.LogoutFilter.doFilter(LogoutFilter.java:93)
	at org.springframework.security.web.ObservationFilterChainDecorator$ObservationFilter.wrapFilter(ObservationFilterChainDecorator.java:240)
	at org.springframework.security.web.ObservationFilterChainDecorator$ObservationFilter.doFilter(ObservationFilterChainDecorator.java:227)
	at org.springframework.security.web.ObservationFilterChainDecorator$VirtualFilterChain.doFilter(ObservationFilterChainDecorator.java:137)
	at org.springframework.security.web.header.HeaderWriterFilter.doHeadersAfter(HeaderWriterFilter.java:90)
	at org.springframework.security.web.header.HeaderWriterFilter.doFilterInternal(HeaderWriterFilter.java:75)
	at org.springframework.web.filter.OncePerRequestFilter.doFilter(OncePerRequestFilter.java:116)
	at org.springframework.security.web.ObservationFilterChainDecorator$ObservationFilter.wrapFilter(ObservationFilterChainDecorator.java:240)
	at org.springframework.security.web.ObservationFilterChainDecorator$ObservationFilter.doFilter(ObservationFilterChainDecorator.java:227)
	at org.springframework.security.web.ObservationFilterChainDecorator$VirtualFilterChain.doFilter(ObservationFilterChainDecorator.java:137)
	at org.springframework.security.web.context.SecurityContextHolderFilter.doFilter(SecurityContextHolderFilter.java:82)
	at org.springframework.security.web.context.SecurityContextHolderFilter.doFilter(SecurityContextHolderFilter.java:69)
	at org.springframework.security.web.ObservationFilterChainDecorator$ObservationFilter.wrapFilter(ObservationFilterChainDecorator.java:240)
	at org.springframework.security.web.ObservationFilterChainDecorator$ObservationFilter.doFilter(ObservationFilterChainDecorator.java:227)
	at org.springframework.security.web.ObservationFilterChainDecorator$VirtualFilterChain.doFilter(ObservationFilterChainDecorator.java:137)
	at org.springframework.security.web.context.request.async.WebAsyncManagerIntegrationFilter.doFilterInternal(WebAsyncManagerIntegrationFilter.java:62)
	at org.springframework.web.filter.OncePerRequestFilter.doFilter(OncePerRequestFilter.java:116)
	at org.springframework.security.web.ObservationFilterChainDecorator$ObservationFilter.wrapFilter(ObservationFilterChainDecorator.java:240)
	at org.springframework.security.web.ObservationFilterChainDecorator$ObservationFilter.doFilter(ObservationFilterChainDecorator.java:227)
	at org.springframework.security.web.ObservationFilterChainDecorator$VirtualFilterChain.doFilter(ObservationFilterChainDecorator.java:137)
	at org.springframework.security.web.session.DisableEncodeUrlFilter.doFilterInternal(DisableEncodeUrlFilter.java:42)
	at org.springframework.web.filter.OncePerRequestFilter.doFilter(OncePerRequestFilter.java:116)
	at org.springframework.security.web.ObservationFilterChainDecorator$ObservationFilter.wrapFilter(ObservationFilterChainDecorator.java:240)
	at org.springframework.security.web.ObservationFilterChainDecorator$AroundFilterObservation$SimpleAroundFilterObservation.lambda$wrap$0(ObservationFilterChainDecorator.java:323)
	at org.springframework.security.web.ObservationFilterChainDecorator$ObservationFilter.doFilter(ObservationFilterChainDecorator.java:224)
	at org.springframework.security.web.ObservationFilterChainDecorator$VirtualFilterChain.doFilter(ObservationFilterChainDecorator.java:137)
	at org.springframework.security.web.FilterChainProxy.doFilterInternal(FilterChainProxy.java:233)
	at org.springframework.security.web.FilterChainProxy.doFilter(FilterChainProxy.java:191)
	at org.springframework.web.filter.CompositeFilter$VirtualFilterChain.doFilter(CompositeFilter.java:113)
	at org.springframework.web.servlet.handler.HandlerMappingIntrospector.lambda$createCacheFilter$3(HandlerMappingIntrospector.java:243)
	at org.springframework.web.filter.CompositeFilter$VirtualFilterChain.doFilter(CompositeFilter.java:113)
	at org.springframework.web.filter.CompositeFilter.doFilter(CompositeFilter.java:74)
	at org.springframework.security.config.annotation.web.configuration.WebMvcSecurityConfiguration$CompositeFilterChainProxy.doFilter(WebMvcSecurityConfiguration.java:238)
	at org.springframework.web.filter.DelegatingFilterProxy.invokeDelegate(DelegatingFilterProxy.java:362)
	at org.springframework.web.filter.DelegatingFilterProxy.doFilter(DelegatingFilterProxy.java:278)
	at org.apache.catalina.core.ApplicationFilterChain.internalDoFilter(ApplicationFilterChain.java:164)
	at org.apache.catalina.core.ApplicationFilterChain.doFilter(ApplicationFilterChain.java:140)
	at org.springframework.web.filter.RequestContextFilter.doFilterInternal(RequestContextFilter.java:100)
	at org.springframework.web.filter.OncePerRequestFilter.doFilter(OncePerRequestFilter.java:116)
	at org.apache.catalina.core.ApplicationFilterChain.internalDoFilter(ApplicationFilterChain.java:164)
	at org.apache.catalina.core.ApplicationFilterChain.doFilter(ApplicationFilterChain.java:140)
	at org.springframework.web.filter.FormContentFilter.doFilterInternal(FormContentFilter.java:93)
	at org.springframework.web.filter.OncePerRequestFilter.doFilter(OncePerRequestFilter.java:116)
	at org.apache.catalina.core.ApplicationFilterChain.internalDoFilter(ApplicationFilterChain.java:164)
	at org.apache.catalina.core.ApplicationFilterChain.doFilter(ApplicationFilterChain.java:140)
	at org.springframework.web.filter.ServerHttpObservationFilter.doFilterInternal(ServerHttpObservationFilter.java:114)
	at org.springframework.web.filter.OncePerRequestFilter.doFilter(OncePerRequestFilter.java:116)
	at org.apache.catalina.core.ApplicationFilterChain.internalDoFilter(ApplicationFilterChain.java:164)
	at org.apache.catalina.core.ApplicationFilterChain.doFilter(ApplicationFilterChain.java:140)
	at org.springframework.web.filter.CharacterEncodingFilter.doFilterInternal(CharacterEncodingFilter.java:201)
	at org.springframework.web.filter.OncePerRequestFilter.doFilter(OncePerRequestFilter.java:116)
	at org.apache.catalina.core.ApplicationFilterChain.internalDoFilter(ApplicationFilterChain.java:164)
	at org.apache.catalina.core.ApplicationFilterChain.doFilter(ApplicationFilterChain.java:140)
	at org.apache.catalina.core.StandardWrapperValve.invoke(StandardWrapperValve.java:167)
	at org.apache.catalina.core.StandardContextValve.invoke(StandardContextValve.java:90)
	at org.apache.catalina.authenticator.AuthenticatorBase.invoke(AuthenticatorBase.java:483)
	at org.apache.catalina.core.StandardHostValve.invoke(StandardHostValve.java:115)
	at org.apache.catalina.valves.ErrorReportValve.invoke(ErrorReportValve.java:93)
	at org.apache.catalina.core.StandardEngineValve.invoke(StandardEngineValve.java:74)
	at org.apache.catalina.connector.CoyoteAdapter.service(CoyoteAdapter.java:344)
	at org.apache.coyote.http11.Http11Processor.service(Http11Processor.java:397)
	at org.apache.coyote.AbstractProcessorLight.process(AbstractProcessorLight.java:63)
	at org.apache.coyote.AbstractProtocol$ConnectionHandler.process(AbstractProtocol.java:905)
	at org.apache.tomcat.util.net.NioEndpoint$SocketProcessor.doRun(NioEndpoint.java:1741)
	at org.apache.tomcat.util.net.SocketProcessorBase.run(SocketProcessorBase.java:52)
	at org.apache.tomcat.util.threads.ThreadPoolExecutor.runWorker(ThreadPoolExecutor.java:1190)
	at org.apache.tomcat.util.threads.ThreadPoolExecutor$Worker.run(ThreadPoolExecutor.java:659)
	at org.apache.tomcat.util.threads.TaskThread$WrappingRunnable.run(TaskThread.java:63)
	at java.base/java.lang.Thread.run(Thread.java:840)
2026-03-31 00:27:48.761 [http-nio-8080-exec-1] DEBUG [ba69c254] c.s.m.d.s.basic.BasicChannelService  -
        Finding all channels for user: ff49a36f-f747-4e0d-8bd9-2ca7c79775b9
2026-03-31 00:27:48.776 [http-nio-8080-exec-10] DEBUG [e5917f44] c.s.m.d.c.ReadStatusController       -
        Fetching read statuses for user: ff49a36f-f747-4e0d-8bd9-2ca7c79775b9
2026-03-31 00:27:48.777 [http-nio-8080-exec-10] DEBUG [e5917f44] c.s.m.d.s.b.BasicReadStatusService   -
        Fetching/Allocating read statuses for user: ff49a36f-f747-4e0d-8bd9-2ca7c79775b9
2026-03-31 00:27:49.661 [http-nio-8080-exec-7] DEBUG [fa05bb1f] c.s.m.d.controller.MessageController -
        Fetching messages for channel: e054663f-79db-41a6-8385-68e22f93f0dc, cursor: null, size: 50
2026-03-31 00:27:51.750 [http-nio-8080-exec-9] DEBUG [663a7761] c.s.m.d.s.basic.BasicChannelService  -
        Finding all channels for user: ff49a36f-f747-4e0d-8bd9-2ca7c79775b9
2026-03-31 00:27:51.767 [http-nio-8080-exec-3] DEBUG [527e0b40] c.s.m.d.c.ReadStatusController       -
        Fetching read statuses for user: ff49a36f-f747-4e0d-8bd9-2ca7c79775b9
2026-03-31 00:27:51.767 [http-nio-8080-exec-3] DEBUG [527e0b40] c.s.m.d.s.b.BasicReadStatusService   -
        Fetching/Allocating read statuses for user: ff49a36f-f747-4e0d-8bd9-2ca7c79775b9
2026-03-31 00:27:52.685 [http-nio-8080-exec-4] DEBUG [842479e5] c.s.m.d.controller.MessageController -
        Fetching messages for channel: e054663f-79db-41a6-8385-68e22f93f0dc, cursor: null, size: 50
2026-03-31 00:27:54.043 [http-nio-8080-exec-5] DEBUG [45114463] c.s.m.d.controller.MessageController -
        Fetching messages for channel: df526d53-0659-42fe-bf03-6a33bcb87069, cursor: null, size: 50
2026-03-31 00:27:54.045 [http-nio-8080-exec-2] INFO  [a51fbe07] c.s.m.d.c.ReadStatusController       -
        Updating read status: 323d17f6-d41c-49a7-97a5-f62f9fbd133e with time: 2026-03-30T15:27:54.025Z
2026-03-31 00:27:54.045 [http-nio-8080-exec-2] INFO  [a51fbe07] c.s.m.d.s.b.BasicReadStatusService   -
        Updating lastReadAt for readStatus: 323d17f6-d41c-49a7-97a5-f62f9fbd133e
2026-03-31 00:27:54.054 [http-nio-8080-exec-6] DEBUG [149e3b06] c.s.m.d.controller.MessageController -
        Fetching messages for channel: df526d53-0659-42fe-bf03-6a33bcb87069, cursor: null, size: 50
2026-03-31 00:27:54.366 [http-nio-8080-exec-8] DEBUG [de14c6cf] c.s.m.d.controller.MessageController -
        Fetching messages for channel: df526d53-0659-42fe-bf03-6a33bcb87069, cursor: null, size: 50
2026-03-31 00:27:54.691 [http-nio-8080-exec-1] DEBUG [7f264ee4] c.s.m.d.controller.MessageController -
        Fetching messages for channel: df526d53-0659-42fe-bf03-6a33bcb87069, cursor: null, size: 50
2026-03-31 00:27:54.755 [http-nio-8080-exec-10] DEBUG [1e4d742b] c.s.m.d.s.basic.BasicChannelService  -
        Finding all channels for user: ff49a36f-f747-4e0d-8bd9-2ca7c79775b9
2026-03-31 00:27:54.769 [http-nio-8080-exec-7] DEBUG [17b3a9c7] c.s.m.d.c.ReadStatusController       -
        Fetching read statuses for user: ff49a36f-f747-4e0d-8bd9-2ca7c79775b9
2026-03-31 00:27:54.773 [http-nio-8080-exec-7] DEBUG [17b3a9c7] c.s.m.d.s.b.BasicReadStatusService   -
        Fetching/Allocating read statuses for user: ff49a36f-f747-4e0d-8bd9-2ca7c79775b9
2026-03-31 00:27:55.016 [http-nio-8080-exec-9] DEBUG [0a448f7c] c.s.m.d.controller.MessageController -
        Fetching messages for channel: df526d53-0659-42fe-bf03-6a33bcb87069, cursor: null, size: 50
2026-03-31 00:27:55.332 [http-nio-8080-exec-3] DEBUG [2137c694] c.s.m.d.controller.MessageController -
        Fetching messages for channel: df526d53-0659-42fe-bf03-6a33bcb87069, cursor: null, size: 50
2026-03-31 00:27:55.652 [http-nio-8080-exec-4] DEBUG [91bd6f22] c.s.m.d.controller.MessageController -
        Fetching messages for channel: df526d53-0659-42fe-bf03-6a33bcb87069, cursor: null, size: 50
2026-03-31 00:27:55.969 [http-nio-8080-exec-5] DEBUG [b48a034d] c.s.m.d.controller.MessageController -
        Fetching messages for channel: df526d53-0659-42fe-bf03-6a33bcb87069, cursor: null, size: 50
2026-03-31 00:27:56.289 [http-nio-8080-exec-2] DEBUG [debaf316] c.s.m.d.controller.MessageController -
        Fetching messages for channel: df526d53-0659-42fe-bf03-6a33bcb87069, cursor: null, size: 50
2026-03-31 00:27:56.617 [http-nio-8080-exec-6] DEBUG [a13a1733] c.s.m.d.controller.MessageController -
        Fetching messages for channel: df526d53-0659-42fe-bf03-6a33bcb87069, cursor: null, size: 50
2026-03-31 00:27:56.939 [http-nio-8080-exec-8] DEBUG [7e4ede11] c.s.m.d.controller.MessageController -
        Fetching messages for channel: df526d53-0659-42fe-bf03-6a33bcb87069, cursor: null, size: 50
2026-03-31 00:27:57.268 [http-nio-8080-exec-1] DEBUG [87adb9ed] c.s.m.d.controller.MessageController -
        Fetching messages for channel: df526d53-0659-42fe-bf03-6a33bcb87069, cursor: null, size: 50
2026-03-31 00:27:57.383 [http-nio-8080-exec-10] INFO  [1dc605b0] c.s.m.d.controller.MessageController -
        Sending message to channel: df526d53-0659-42fe-bf03-6a33bcb87069 by author: ff49a36f-f747-4e0d-8bd9-2ca7c79775b9
2026-03-31 00:27:57.406 [http-nio-8080-exec-7] INFO  [8df32f10] c.s.m.d.c.ReadStatusController       -
        Updating read status: 323d17f6-d41c-49a7-97a5-f62f9fbd133e with time: 2026-03-30T15:27:57.401Z
2026-03-31 00:27:57.406 [http-nio-8080-exec-7] INFO  [8df32f10] c.s.m.d.s.b.BasicReadStatusService   -
        Updating lastReadAt for readStatus: 323d17f6-d41c-49a7-97a5-f62f9fbd133e
2026-03-31 00:27:57.584 [http-nio-8080-exec-9] DEBUG [515f8ba4] c.s.m.d.controller.MessageController -
        Fetching messages for channel: df526d53-0659-42fe-bf03-6a33bcb87069, cursor: null, size: 50
2026-03-31 00:27:57.744 [http-nio-8080-exec-3] DEBUG [b2a9dc41] c.s.m.d.s.basic.BasicChannelService  -
        Finding all channels for user: ff49a36f-f747-4e0d-8bd9-2ca7c79775b9
2026-03-31 00:27:57.763 [http-nio-8080-exec-4] DEBUG [cb5d4af3] c.s.m.d.c.ReadStatusController       -
        Fetching read statuses for user: ff49a36f-f747-4e0d-8bd9-2ca7c79775b9
2026-03-31 00:27:57.763 [http-nio-8080-exec-4] DEBUG [cb5d4af3] c.s.m.d.s.b.BasicReadStatusService   -
        Fetching/Allocating read statuses for user: ff49a36f-f747-4e0d-8bd9-2ca7c79775b9
2026-03-31 00:27:58.056 [http-nio-8080-exec-5] DEBUG [7a312b8a] c.s.m.d.controller.MessageController -
        Fetching messages for channel: df526d53-0659-42fe-bf03-6a33bcb87069, cursor: null, size: 50
2026-03-31 00:27:58.761 [http-nio-8080-exec-6] DEBUG [ff2296b5] c.s.m.d.controller.MessageController -
        Fetching messages for channel: df526d53-0659-42fe-bf03-6a33bcb87069, cursor: null, size: 50
2026-03-31 00:27:59.800 [http-nio-8080-exec-8] DEBUG [35cf5d21] c.s.m.d.controller.MessageController -
        Fetching messages for channel: df526d53-0659-42fe-bf03-6a33bcb87069, cursor: null, size: 50
2026-03-31 00:28:00.140 [http-nio-8080-exec-1] DEBUG [9a203911] c.s.m.d.controller.UserController    -
        Updating status for user: ff49a36f-f747-4e0d-8bd9-2ca7c79775b9, last active: 2026-03-30T15:28:00.136Z
2026-03-31 00:28:00.140 [http-nio-8080-exec-1] INFO  [9a203911] c.s.m.d.s.b.BasicUserStatusService   -
        Updating status for user: ff49a36f-f747-4e0d-8bd9-2ca7c79775b9
2026-03-31 00:28:14.708 [http-nio-8080-exec-10] INFO  [019aaeff] c.s.m.d.controller.AuthController    -
        Login attempt for username: mj5918
2026-03-31 00:28:14.710 [http-nio-8080-exec-10] INFO  [019aaeff] c.s.m.d.s.basic.BasicAuthService     -
        Attempting login for username: mj5918
2026-03-31 00:28:15.051 [http-nio-8080-exec-10] INFO  [019aaeff] c.s.m.d.s.basic.BasicAuthService     -
        Login successful: user id '1e2f6353-d975-4eb4-9c11-d8e8674fb0a6'
2026-03-31 00:28:15.051 [http-nio-8080-exec-10] INFO  [019aaeff] c.s.m.d.controller.AuthController    -
        Login successful for user id: 1e2f6353-d975-4eb4-9c11-d8e8674fb0a6
2026-03-31 00:28:15.061 [http-nio-8080-exec-7] DEBUG [c2b81e1d] c.s.m.d.controller.UserController    -
        Fetching all users list
2026-03-31 00:28:15.063 [http-nio-8080-exec-7] DEBUG [c2b81e1d] c.s.m.d.s.basic.BasicUserService     -
        Listing all users
2026-03-31 00:28:15.067 [http-nio-8080-exec-7] DEBUG [c2b81e1d] c.s.m.d.s.b.BasicUserStatusService   -
        Checking online status for user: 1e2f6353-d975-4eb4-9c11-d8e8674fb0a6
2026-03-31 00:28:15.067 [http-nio-8080-exec-7] DEBUG [c2b81e1d] c.s.m.d.s.b.BasicUserStatusService   -
        Checking online status for user: adf49bb6-c84a-4043-b115-06e158f3b0e0
2026-03-31 00:28:15.072 [http-nio-8080-exec-7] DEBUG [c2b81e1d] c.s.m.d.s.b.BasicUserStatusService   -
        Checking online status for user: ff49a36f-f747-4e0d-8bd9-2ca7c79775b9
2026-03-31 00:28:15.086 [http-nio-8080-exec-3] DEBUG [3a3112d5] c.s.m.d.c.ReadStatusController       -
        Fetching read statuses for user: 1e2f6353-d975-4eb4-9c11-d8e8674fb0a6
2026-03-31 00:28:15.086 [http-nio-8080-exec-9] DEBUG [82e01a24] c.s.m.d.s.basic.BasicChannelService  -
        Finding all channels for user: 1e2f6353-d975-4eb4-9c11-d8e8674fb0a6
2026-03-31 00:28:15.086 [http-nio-8080-exec-3] DEBUG [3a3112d5] c.s.m.d.s.b.BasicReadStatusService   -
        Fetching/Allocating read statuses for user: 1e2f6353-d975-4eb4-9c11-d8e8674fb0a6
2026-03-31 00:28:15.092 [http-nio-8080-exec-5] DEBUG [7e49a052] c.s.m.d.controller.UserController    -
        Fetching all users list
2026-03-31 00:28:15.093 [http-nio-8080-exec-4] DEBUG [3ee703d4] c.s.m.d.controller.MessageController -
        Fetching messages for channel: df526d53-0659-42fe-bf03-6a33bcb87069, cursor: null, size: 50
2026-03-31 00:28:15.093 [http-nio-8080-exec-5] DEBUG [7e49a052] c.s.m.d.s.basic.BasicUserService     -
        Listing all users
2026-03-31 00:28:15.094 [http-nio-8080-exec-2] DEBUG [aa55200f] c.s.m.d.controller.UserController    -
        Updating status for user: 1e2f6353-d975-4eb4-9c11-d8e8674fb0a6, last active: 2026-03-30T15:28:15.085Z
2026-03-31 00:28:15.094 [http-nio-8080-exec-2] INFO  [aa55200f] c.s.m.d.s.b.BasicUserStatusService   -
        Updating status for user: 1e2f6353-d975-4eb4-9c11-d8e8674fb0a6
2026-03-31 00:28:15.095 [http-nio-8080-exec-5] DEBUG [7e49a052] c.s.m.d.s.b.BasicUserStatusService   -
        Checking online status for user: 1e2f6353-d975-4eb4-9c11-d8e8674fb0a6
2026-03-31 00:28:15.097 [http-nio-8080-exec-5] DEBUG [7e49a052] c.s.m.d.s.b.BasicUserStatusService   -
        Checking online status for user: adf49bb6-c84a-4043-b115-06e158f3b0e0
2026-03-31 00:28:15.097 [http-nio-8080-exec-3] DEBUG [3a3112d5] c.s.m.d.s.b.BasicReadStatusService   -
        Lazy allocating ReadStatus for user: 1e2f6353-d975-4eb4-9c11-d8e8674fb0a6 in channel: df526d53-0659-42fe-bf03-6a33bcb87069
2026-03-31 00:28:15.099 [http-nio-8080-exec-5] DEBUG [7e49a052] c.s.m.d.s.b.BasicUserStatusService   -
        Checking online status for user: ff49a36f-f747-4e0d-8bd9-2ca7c79775b9
2026-03-31 00:28:15.099 [http-nio-8080-exec-9] DEBUG [47e20af6] c.s.m.d.controller.UserController    -
        Updating status for user: 1e2f6353-d975-4eb4-9c11-d8e8674fb0a6, last active: 2026-03-30T15:28:15.086Z
2026-03-31 00:28:15.099 [http-nio-8080-exec-9] INFO  [47e20af6] c.s.m.d.s.b.BasicUserStatusService   -
        Updating status for user: 1e2f6353-d975-4eb4-9c11-d8e8674fb0a6
2026-03-31 00:28:15.107 [http-nio-8080-exec-8] DEBUG [77acc865] c.s.m.d.controller.MessageController -
        Fetching messages for channel: df526d53-0659-42fe-bf03-6a33bcb87069, cursor: null, size: 50
2026-03-31 00:28:15.111 [http-nio-8080-exec-1] DEBUG [a6ac58d5] c.s.m.d.controller.UserController    -
        Fetching all users list
2026-03-31 00:28:15.112 [http-nio-8080-exec-1] DEBUG [a6ac58d5] c.s.m.d.s.basic.BasicUserService     -
        Listing all users
2026-03-31 00:28:15.113 [http-nio-8080-exec-10] DEBUG [817f8dc2] c.s.m.d.s.basic.BasicChannelService  -
        Finding all channels for user: 1e2f6353-d975-4eb4-9c11-d8e8674fb0a6
2026-03-31 00:28:15.113 [http-nio-8080-exec-1] DEBUG [a6ac58d5] c.s.m.d.s.b.BasicUserStatusService   -
        Checking online status for user: 1e2f6353-d975-4eb4-9c11-d8e8674fb0a6
2026-03-31 00:28:15.115 [http-nio-8080-exec-3] DEBUG [7b498750] c.s.m.d.c.ReadStatusController       -
        Fetching read statuses for user: 1e2f6353-d975-4eb4-9c11-d8e8674fb0a6
2026-03-31 00:28:15.115 [http-nio-8080-exec-3] DEBUG [7b498750] c.s.m.d.s.b.BasicReadStatusService   -
        Fetching/Allocating read statuses for user: 1e2f6353-d975-4eb4-9c11-d8e8674fb0a6
2026-03-31 00:28:15.115 [http-nio-8080-exec-1] DEBUG [a6ac58d5] c.s.m.d.s.b.BasicUserStatusService   -
        Checking online status for user: adf49bb6-c84a-4043-b115-06e158f3b0e0
2026-03-31 00:28:15.117 [http-nio-8080-exec-1] DEBUG [a6ac58d5] c.s.m.d.s.b.BasicUserStatusService   -
        Checking online status for user: ff49a36f-f747-4e0d-8bd9-2ca7c79775b9
2026-03-31 00:28:15.128 [http-nio-8080-exec-6] DEBUG [72123953] c.s.m.d.s.basic.BasicChannelService  -
        Finding all channels for user: 1e2f6353-d975-4eb4-9c11-d8e8674fb0a6
2026-03-31 00:28:15.128 [http-nio-8080-exec-4] DEBUG [537bfd57] c.s.m.d.c.ReadStatusController       -
        Fetching read statuses for user: 1e2f6353-d975-4eb4-9c11-d8e8674fb0a6
2026-03-31 00:28:15.128 [http-nio-8080-exec-4] DEBUG [537bfd57] c.s.m.d.s.b.BasicReadStatusService   -
        Fetching/Allocating read statuses for user: 1e2f6353-d975-4eb4-9c11-d8e8674fb0a6
2026-03-31 00:28:15.153 [http-nio-8080-exec-2] DEBUG [c8f3389c] c.s.m.d.c.ReadStatusController       -
        Fetching read statuses for user: 1e2f6353-d975-4eb4-9c11-d8e8674fb0a6
2026-03-31 00:28:15.153 [http-nio-8080-exec-2] DEBUG [c8f3389c] c.s.m.d.s.b.BasicReadStatusService   -
        Fetching/Allocating read statuses for user: 1e2f6353-d975-4eb4-9c11-d8e8674fb0a6
2026-03-31 00:28:15.174 [http-nio-8080-exec-5] DEBUG [6d85756b] c.s.m.d.c.ReadStatusController       -
        Fetching read statuses for user: 1e2f6353-d975-4eb4-9c11-d8e8674fb0a6
2026-03-31 00:28:15.174 [http-nio-8080-exec-5] DEBUG [6d85756b] c.s.m.d.s.b.BasicReadStatusService   -
        Fetching/Allocating read statuses for user: 1e2f6353-d975-4eb4-9c11-d8e8674fb0a6
2026-03-31 00:28:15.195 [http-nio-8080-exec-9] DEBUG [16788b7f] c.s.m.d.c.ReadStatusController       -
        Fetching read statuses for user: 1e2f6353-d975-4eb4-9c11-d8e8674fb0a6
2026-03-31 00:28:15.195 [http-nio-8080-exec-9] DEBUG [16788b7f] c.s.m.d.s.b.BasicReadStatusService   -
        Fetching/Allocating read statuses for user: 1e2f6353-d975-4eb4-9c11-d8e8674fb0a6
2026-03-31 00:28:15.572 [http-nio-8080-exec-8] DEBUG [42c7bd61] c.s.m.d.controller.MessageController -
        Fetching messages for channel: df526d53-0659-42fe-bf03-6a33bcb87069, cursor: null, size: 50
2026-03-31 00:28:16.271 [http-nio-8080-exec-7] DEBUG [3beeac13] c.s.m.d.controller.MessageController -
        Fetching messages for channel: df526d53-0659-42fe-bf03-6a33bcb87069, cursor: null, size: 50
2026-03-31 00:28:17.305 [http-nio-8080-exec-10] DEBUG [de4d94a6] c.s.m.d.controller.MessageController -
        Fetching messages for channel: df526d53-0659-42fe-bf03-6a33bcb87069, cursor: null, size: 50
2026-03-31 00:28:18.131 [http-nio-8080-exec-1] DEBUG [ff07622d] c.s.m.d.s.basic.BasicChannelService  -
        Finding all channels for user: 1e2f6353-d975-4eb4-9c11-d8e8674fb0a6
2026-03-31 00:28:18.142 [http-nio-8080-exec-3] DEBUG [c8dbce57] c.s.m.d.c.ReadStatusController       -
        Fetching read statuses for user: 1e2f6353-d975-4eb4-9c11-d8e8674fb0a6
2026-03-31 00:28:18.142 [http-nio-8080-exec-3] DEBUG [c8dbce57] c.s.m.d.s.b.BasicReadStatusService   -
        Fetching/Allocating read statuses for user: 1e2f6353-d975-4eb4-9c11-d8e8674fb0a6
2026-03-31 00:28:18.848 [http-nio-8080-exec-5] DEBUG [62b53ca2] c.s.m.d.controller.MessageController -
        Fetching messages for channel: df526d53-0659-42fe-bf03-6a33bcb87069, cursor: null, size: 50
2026-03-31 00:28:21.135 [http-nio-8080-exec-8] DEBUG [5deb9f71] c.s.m.d.s.basic.BasicChannelService  -
        Finding all channels for user: 1e2f6353-d975-4eb4-9c11-d8e8674fb0a6
2026-03-31 00:28:21.143 [http-nio-8080-exec-7] DEBUG [fb1d9bde] c.s.m.d.controller.MessageController -
        Fetching messages for channel: df526d53-0659-42fe-bf03-6a33bcb87069, cursor: null, size: 50
2026-03-31 00:28:21.151 [http-nio-8080-exec-10] DEBUG [3f6a8977] c.s.m.d.c.ReadStatusController       -
        Fetching read statuses for user: 1e2f6353-d975-4eb4-9c11-d8e8674fb0a6
2026-03-31 00:28:21.152 [http-nio-8080-exec-10] DEBUG [3f6a8977] c.s.m.d.s.b.BasicReadStatusService   -
        Fetching/Allocating read statuses for user: 1e2f6353-d975-4eb4-9c11-d8e8674fb0a6
2026-03-31 00:28:21.452 [http-nio-8080-exec-1] INFO  [2348d74f] c.s.m.d.controller.MessageController -
        Sending message to channel: df526d53-0659-42fe-bf03-6a33bcb87069 by author: 1e2f6353-d975-4eb4-9c11-d8e8674fb0a6
2026-03-31 00:28:21.469 [http-nio-8080-exec-1] INFO  [2348d74f] c.s.m.d.s.basic.BasicMessageService  -
        User mj5918 automatically joined public channel 채널1
2026-03-31 00:28:21.500 [http-nio-8080-exec-3] INFO  [b27dc867] c.s.m.d.c.ReadStatusController       -
        Updating read status: c10920c8-c926-4e36-af6a-64ad3a9bef39 with time: 2026-03-30T15:28:21.493Z
2026-03-31 00:28:21.500 [http-nio-8080-exec-3] INFO  [b27dc867] c.s.m.d.s.b.BasicReadStatusService   -
        Updating lastReadAt for readStatus: c10920c8-c926-4e36-af6a-64ad3a9bef39
2026-03-31 00:28:23.116 [http-nio-8080-exec-6] INFO  [fe62cbc9] c.s.m.d.c.ReadStatusController       -
        Updating read status: f2786b40-ce02-4754-a165-9a819b4497d8 with time: 2026-03-30T15:28:23.108Z
2026-03-31 00:28:23.117 [http-nio-8080-exec-6] INFO  [fe62cbc9] c.s.m.d.s.b.BasicReadStatusService   -
        Updating lastReadAt for readStatus: f2786b40-ce02-4754-a165-9a819b4497d8
2026-03-31 00:28:23.117 [http-nio-8080-exec-2] DEBUG [cea1d04c] c.s.m.d.controller.MessageController -
        Fetching messages for channel: e054663f-79db-41a6-8385-68e22f93f0dc, cursor: null, size: 50
2026-03-31 00:28:23.127 [http-nio-8080-exec-4] DEBUG [ef5984c9] c.s.m.d.controller.MessageController -
        Fetching messages for channel: e054663f-79db-41a6-8385-68e22f93f0dc, cursor: null, size: 50
2026-03-31 00:28:23.130 [http-nio-8080-exec-5] INFO  [fdb5baa2] c.s.m.d.c.BinaryContentController    -
        File download request for binary content id: 9298979a-a596-429e-9dd8-6f536fdd652e
2026-03-31 00:28:23.130 [http-nio-8080-exec-5] INFO  [fdb5baa2] c.s.m.d.s.b.BasicBinaryContentService -
        Downloading file resource: 9298979a-a596-429e-9dd8-6f536fdd652e
2026-03-31 00:28:23.136 [http-nio-8080-exec-5] WARN  [fdb5baa2] o.a.coyote.http11.Http11Processor    -
        The HTTP response header [Content-Disposition] with value [attachment; filename="스크린샷 2025-09-11 142824.png"] has been removed from the response because it is invalid
java.lang.IllegalArgumentException: The Unicode character [스] at code point [49,828] cannot be encoded as it is outside the permitted range of 0 to 255
	at org.apache.tomcat.util.buf.MessageBytes.toBytesSimple(MessageBytes.java:310)
	at org.apache.tomcat.util.buf.MessageBytes.toBytes(MessageBytes.java:283)
	at org.apache.coyote.http11.Http11OutputBuffer.write(Http11OutputBuffer.java:400)
	at org.apache.coyote.http11.Http11OutputBuffer.sendHeader(Http11OutputBuffer.java:379)
	at org.apache.coyote.http11.Http11Processor.writeHeaders(Http11Processor.java:1070)
	at org.apache.coyote.http11.Http11Processor.prepareResponse(Http11Processor.java:1057)
	at org.apache.coyote.AbstractProcessor.action(AbstractProcessor.java:377)
	at org.apache.coyote.Response.action(Response.java:208)
	at org.apache.coyote.http11.Http11OutputBuffer.doWrite(Http11OutputBuffer.java:187)
	at org.apache.coyote.Response.doWrite(Response.java:633)
	at org.apache.catalina.connector.OutputBuffer.realWriteBytes(OutputBuffer.java:329)
	at org.apache.catalina.connector.OutputBuffer.flushByteBuffer(OutputBuffer.java:776)
	at org.apache.catalina.connector.OutputBuffer.append(OutputBuffer.java:673)
	at org.apache.catalina.connector.OutputBuffer.writeBytes(OutputBuffer.java:376)
	at org.apache.catalina.connector.OutputBuffer.write(OutputBuffer.java:354)
	at org.apache.catalina.connector.CoyoteOutputStream.write(CoyoteOutputStream.java:103)
	at org.springframework.security.web.util.OnCommittedResponseWrapper$SaveContextServletOutputStream.write(OnCommittedResponseWrapper.java:639)
	at org.springframework.web.context.request.async.StandardServletAsyncWebRequest$LifecycleServletOutputStream.write(StandardServletAsyncWebRequest.java:401)
	at java.base/java.io.InputStream.transferTo(InputStream.java:783)
	at org.springframework.http.converter.ResourceHttpMessageConverter.writeContent(ResourceHttpMessageConverter.java:160)
	at org.springframework.http.converter.ResourceHttpMessageConverter.writeInternal(ResourceHttpMessageConverter.java:115)
	at org.springframework.http.converter.ResourceHttpMessageConverter.writeInternal(ResourceHttpMessageConverter.java:46)
	at org.springframework.http.converter.AbstractHttpMessageConverter.write(AbstractHttpMessageConverter.java:235)
	at org.springframework.web.servlet.mvc.method.annotation.AbstractMessageConverterMethodProcessor.writeWithMessageConverters(AbstractMessageConverterMethodProcessor.java:344)
	at org.springframework.web.servlet.mvc.method.annotation.HttpEntityMethodProcessor.handleReturnValue(HttpEntityMethodProcessor.java:261)
	at org.springframework.web.method.support.HandlerMethodReturnValueHandlerComposite.handleReturnValue(HandlerMethodReturnValueHandlerComposite.java:78)
	at org.springframework.web.servlet.mvc.method.annotation.ServletInvocableHandlerMethod.invokeAndHandle(ServletInvocableHandlerMethod.java:136)
	at org.springframework.web.servlet.mvc.method.annotation.RequestMappingHandlerAdapter.invokeHandlerMethod(RequestMappingHandlerAdapter.java:986)
	at org.springframework.web.servlet.mvc.method.annotation.RequestMappingHandlerAdapter.handleInternal(RequestMappingHandlerAdapter.java:891)
	at org.springframework.web.servlet.mvc.method.AbstractHandlerMethodAdapter.handle(AbstractHandlerMethodAdapter.java:87)
	at org.springframework.web.servlet.DispatcherServlet.doDispatch(DispatcherServlet.java:1088)
	at org.springframework.web.servlet.DispatcherServlet.doService(DispatcherServlet.java:978)
	at org.springframework.web.servlet.FrameworkServlet.processRequest(FrameworkServlet.java:1014)
	at org.springframework.web.servlet.FrameworkServlet.doGet(FrameworkServlet.java:903)
	at jakarta.servlet.http.HttpServlet.service(HttpServlet.java:564)
	at org.springframework.web.servlet.FrameworkServlet.service(FrameworkServlet.java:885)
	at jakarta.servlet.http.HttpServlet.service(HttpServlet.java:658)
	at org.apache.catalina.core.ApplicationFilterChain.internalDoFilter(ApplicationFilterChain.java:195)
	at org.apache.catalina.core.ApplicationFilterChain.doFilter(ApplicationFilterChain.java:140)
	at org.apache.tomcat.websocket.server.WsFilter.doFilter(WsFilter.java:51)
	at org.apache.catalina.core.ApplicationFilterChain.internalDoFilter(ApplicationFilterChain.java:164)
	at org.apache.catalina.core.ApplicationFilterChain.doFilter(ApplicationFilterChain.java:140)
	at org.springframework.web.filter.CompositeFilter$VirtualFilterChain.doFilter(CompositeFilter.java:108)
	at org.springframework.security.web.FilterChainProxy.lambda$doFilterInternal$3(FilterChainProxy.java:231)
	at org.springframework.security.web.ObservationFilterChainDecorator$FilterObservation$SimpleFilterObservation.lambda$wrap$1(ObservationFilterChainDecorator.java:479)
	at org.springframework.security.web.ObservationFilterChainDecorator$AroundFilterObservation$SimpleAroundFilterObservation.lambda$wrap$1(ObservationFilterChainDecorator.java:340)
	at org.springframework.security.web.ObservationFilterChainDecorator.lambda$wrapSecured$0(ObservationFilterChainDecorator.java:82)
	at org.springframework.security.web.ObservationFilterChainDecorator$VirtualFilterChain.doFilter(ObservationFilterChainDecorator.java:128)
	at org.springframework.security.web.access.intercept.AuthorizationFilter.doFilter(AuthorizationFilter.java:101)
	at org.springframework.security.web.ObservationFilterChainDecorator$ObservationFilter.wrapFilter(ObservationFilterChainDecorator.java:240)
	at org.springframework.security.web.ObservationFilterChainDecorator$ObservationFilter.doFilter(ObservationFilterChainDecorator.java:227)
	at org.springframework.security.web.ObservationFilterChainDecorator$VirtualFilterChain.doFilter(ObservationFilterChainDecorator.java:137)
	at org.springframework.security.web.access.ExceptionTranslationFilter.doFilter(ExceptionTranslationFilter.java:126)
	at org.springframework.security.web.access.ExceptionTranslationFilter.doFilter(ExceptionTranslationFilter.java:120)
	at org.springframework.security.web.ObservationFilterChainDecorator$ObservationFilter.wrapFilter(ObservationFilterChainDecorator.java:240)
	at org.springframework.security.web.ObservationFilterChainDecorator$ObservationFilter.doFilter(ObservationFilterChainDecorator.java:227)
	at org.springframework.security.web.ObservationFilterChainDecorator$VirtualFilterChain.doFilter(ObservationFilterChainDecorator.java:137)
	at org.springframework.security.web.authentication.AnonymousAuthenticationFilter.doFilter(AnonymousAuthenticationFilter.java:100)
	at org.springframework.security.web.ObservationFilterChainDecorator$ObservationFilter.wrapFilter(ObservationFilterChainDecorator.java:240)
	at org.springframework.security.web.ObservationFilterChainDecorator$ObservationFilter.doFilter(ObservationFilterChainDecorator.java:227)
	at org.springframework.security.web.ObservationFilterChainDecorator$VirtualFilterChain.doFilter(ObservationFilterChainDecorator.java:137)
	at org.springframework.security.web.servletapi.SecurityContextHolderAwareRequestFilter.doFilter(SecurityContextHolderAwareRequestFilter.java:179)
	at org.springframework.security.web.ObservationFilterChainDecorator$ObservationFilter.wrapFilter(ObservationFilterChainDecorator.java:240)
	at org.springframework.security.web.ObservationFilterChainDecorator$ObservationFilter.doFilter(ObservationFilterChainDecorator.java:227)
	at org.springframework.security.web.ObservationFilterChainDecorator$VirtualFilterChain.doFilter(ObservationFilterChainDecorator.java:137)
	at org.springframework.security.web.savedrequest.RequestCacheAwareFilter.doFilter(RequestCacheAwareFilter.java:63)
	at org.springframework.security.web.ObservationFilterChainDecorator$ObservationFilter.wrapFilter(ObservationFilterChainDecorator.java:240)
	at org.springframework.security.web.ObservationFilterChainDecorator$ObservationFilter.doFilter(ObservationFilterChainDecorator.java:227)
	at org.springframework.security.web.ObservationFilterChainDecorator$VirtualFilterChain.doFilter(ObservationFilterChainDecorator.java:137)
	at org.springframework.security.web.authentication.logout.LogoutFilter.doFilter(LogoutFilter.java:107)
	at org.springframework.security.web.authentication.logout.LogoutFilter.doFilter(LogoutFilter.java:93)
	at org.springframework.security.web.ObservationFilterChainDecorator$ObservationFilter.wrapFilter(ObservationFilterChainDecorator.java:240)
	at org.springframework.security.web.ObservationFilterChainDecorator$ObservationFilter.doFilter(ObservationFilterChainDecorator.java:227)
	at org.springframework.security.web.ObservationFilterChainDecorator$VirtualFilterChain.doFilter(ObservationFilterChainDecorator.java:137)
	at org.springframework.security.web.header.HeaderWriterFilter.doHeadersAfter(HeaderWriterFilter.java:90)
	at org.springframework.security.web.header.HeaderWriterFilter.doFilterInternal(HeaderWriterFilter.java:75)
	at org.springframework.web.filter.OncePerRequestFilter.doFilter(OncePerRequestFilter.java:116)
	at org.springframework.security.web.ObservationFilterChainDecorator$ObservationFilter.wrapFilter(ObservationFilterChainDecorator.java:240)
	at org.springframework.security.web.ObservationFilterChainDecorator$ObservationFilter.doFilter(ObservationFilterChainDecorator.java:227)
	at org.springframework.security.web.ObservationFilterChainDecorator$VirtualFilterChain.doFilter(ObservationFilterChainDecorator.java:137)
	at org.springframework.security.web.context.SecurityContextHolderFilter.doFilter(SecurityContextHolderFilter.java:82)
	at org.springframework.security.web.context.SecurityContextHolderFilter.doFilter(SecurityContextHolderFilter.java:69)
	at org.springframework.security.web.ObservationFilterChainDecorator$ObservationFilter.wrapFilter(ObservationFilterChainDecorator.java:240)
	at org.springframework.security.web.ObservationFilterChainDecorator$ObservationFilter.doFilter(ObservationFilterChainDecorator.java:227)
	at org.springframework.security.web.ObservationFilterChainDecorator$VirtualFilterChain.doFilter(ObservationFilterChainDecorator.java:137)
	at org.springframework.security.web.context.request.async.WebAsyncManagerIntegrationFilter.doFilterInternal(WebAsyncManagerIntegrationFilter.java:62)
	at org.springframework.web.filter.OncePerRequestFilter.doFilter(OncePerRequestFilter.java:116)
	at org.springframework.security.web.ObservationFilterChainDecorator$ObservationFilter.wrapFilter(ObservationFilterChainDecorator.java:240)
	at org.springframework.security.web.ObservationFilterChainDecorator$ObservationFilter.doFilter(ObservationFilterChainDecorator.java:227)
	at org.springframework.security.web.ObservationFilterChainDecorator$VirtualFilterChain.doFilter(ObservationFilterChainDecorator.java:137)
	at org.springframework.security.web.session.DisableEncodeUrlFilter.doFilterInternal(DisableEncodeUrlFilter.java:42)
	at org.springframework.web.filter.OncePerRequestFilter.doFilter(OncePerRequestFilter.java:116)
	at org.springframework.security.web.ObservationFilterChainDecorator$ObservationFilter.wrapFilter(ObservationFilterChainDecorator.java:240)
	at org.springframework.security.web.ObservationFilterChainDecorator$AroundFilterObservation$SimpleAroundFilterObservation.lambda$wrap$0(ObservationFilterChainDecorator.java:323)
	at org.springframework.security.web.ObservationFilterChainDecorator$ObservationFilter.doFilter(ObservationFilterChainDecorator.java:224)
	at org.springframework.security.web.ObservationFilterChainDecorator$VirtualFilterChain.doFilter(ObservationFilterChainDecorator.java:137)
	at org.springframework.security.web.FilterChainProxy.doFilterInternal(FilterChainProxy.java:233)
	at org.springframework.security.web.FilterChainProxy.doFilter(FilterChainProxy.java:191)
	at org.springframework.web.filter.CompositeFilter$VirtualFilterChain.doFilter(CompositeFilter.java:113)
	at org.springframework.web.servlet.handler.HandlerMappingIntrospector.lambda$createCacheFilter$3(HandlerMappingIntrospector.java:243)
	at org.springframework.web.filter.CompositeFilter$VirtualFilterChain.doFilter(CompositeFilter.java:113)
	at org.springframework.web.filter.CompositeFilter.doFilter(CompositeFilter.java:74)
	at org.springframework.security.config.annotation.web.configuration.WebMvcSecurityConfiguration$CompositeFilterChainProxy.doFilter(WebMvcSecurityConfiguration.java:238)
	at org.springframework.web.filter.DelegatingFilterProxy.invokeDelegate(DelegatingFilterProxy.java:362)
	at org.springframework.web.filter.DelegatingFilterProxy.doFilter(DelegatingFilterProxy.java:278)
	at org.apache.catalina.core.ApplicationFilterChain.internalDoFilter(ApplicationFilterChain.java:164)
	at org.apache.catalina.core.ApplicationFilterChain.doFilter(ApplicationFilterChain.java:140)
	at org.springframework.web.filter.RequestContextFilter.doFilterInternal(RequestContextFilter.java:100)
	at org.springframework.web.filter.OncePerRequestFilter.doFilter(OncePerRequestFilter.java:116)
	at org.apache.catalina.core.ApplicationFilterChain.internalDoFilter(ApplicationFilterChain.java:164)
	at org.apache.catalina.core.ApplicationFilterChain.doFilter(ApplicationFilterChain.java:140)
	at org.springframework.web.filter.FormContentFilter.doFilterInternal(FormContentFilter.java:93)
	at org.springframework.web.filter.OncePerRequestFilter.doFilter(OncePerRequestFilter.java:116)
	at org.apache.catalina.core.ApplicationFilterChain.internalDoFilter(ApplicationFilterChain.java:164)
	at org.apache.catalina.core.ApplicationFilterChain.doFilter(ApplicationFilterChain.java:140)
	at org.springframework.web.filter.ServerHttpObservationFilter.doFilterInternal(ServerHttpObservationFilter.java:114)
	at org.springframework.web.filter.OncePerRequestFilter.doFilter(OncePerRequestFilter.java:116)
	at org.apache.catalina.core.ApplicationFilterChain.internalDoFilter(ApplicationFilterChain.java:164)
	at org.apache.catalina.core.ApplicationFilterChain.doFilter(ApplicationFilterChain.java:140)
	at org.springframework.web.filter.CharacterEncodingFilter.doFilterInternal(CharacterEncodingFilter.java:201)
	at org.springframework.web.filter.OncePerRequestFilter.doFilter(OncePerRequestFilter.java:116)
	at org.apache.catalina.core.ApplicationFilterChain.internalDoFilter(ApplicationFilterChain.java:164)
	at org.apache.catalina.core.ApplicationFilterChain.doFilter(ApplicationFilterChain.java:140)
	at org.apache.catalina.core.StandardWrapperValve.invoke(StandardWrapperValve.java:167)
	at org.apache.catalina.core.StandardContextValve.invoke(StandardContextValve.java:90)
	at org.apache.catalina.authenticator.AuthenticatorBase.invoke(AuthenticatorBase.java:483)
	at org.apache.catalina.core.StandardHostValve.invoke(StandardHostValve.java:115)
	at org.apache.catalina.valves.ErrorReportValve.invoke(ErrorReportValve.java:93)
	at org.apache.catalina.core.StandardEngineValve.invoke(StandardEngineValve.java:74)
	at org.apache.catalina.connector.CoyoteAdapter.service(CoyoteAdapter.java:344)
	at org.apache.coyote.http11.Http11Processor.service(Http11Processor.java:397)
	at org.apache.coyote.AbstractProcessorLight.process(AbstractProcessorLight.java:63)
	at org.apache.coyote.AbstractProtocol$ConnectionHandler.process(AbstractProtocol.java:905)
	at org.apache.tomcat.util.net.NioEndpoint$SocketProcessor.doRun(NioEndpoint.java:1741)
	at org.apache.tomcat.util.net.SocketProcessorBase.run(SocketProcessorBase.java:52)
	at org.apache.tomcat.util.threads.ThreadPoolExecutor.runWorker(ThreadPoolExecutor.java:1190)
	at org.apache.tomcat.util.threads.ThreadPoolExecutor$Worker.run(ThreadPoolExecutor.java:659)
	at org.apache.tomcat.util.threads.TaskThread$WrappingRunnable.run(TaskThread.java:63)
	at java.base/java.lang.Thread.run(Thread.java:840)
2026-03-31 00:28:23.594 [http-nio-8080-exec-9] DEBUG [78a54192] c.s.m.d.controller.MessageController -
        Fetching messages for channel: e054663f-79db-41a6-8385-68e22f93f0dc, cursor: null, size: 50
2026-03-31 00:28:24.132 [http-nio-8080-exec-8] DEBUG [f61c3970] c.s.m.d.s.basic.BasicChannelService  -
        Finding all channels for user: 1e2f6353-d975-4eb4-9c11-d8e8674fb0a6
2026-03-31 00:28:24.151 [http-nio-8080-exec-7] DEBUG [5c1f7847] c.s.m.d.c.ReadStatusController       -
        Fetching read statuses for user: 1e2f6353-d975-4eb4-9c11-d8e8674fb0a6
2026-03-31 00:28:24.151 [http-nio-8080-exec-7] DEBUG [5c1f7847] c.s.m.d.s.b.BasicReadStatusService   -
        Fetching/Allocating read statuses for user: 1e2f6353-d975-4eb4-9c11-d8e8674fb0a6
2026-03-31 00:28:24.191 [http-nio-8080-exec-7] ERROR [5c1f7847] c.s.m.d.c.GlobalExceptionHandler     -
        Internal Server Error: 
org.springframework.dao.IncorrectResultSizeDataAccessException: Query did not return a unique result: 2 results were returned
	at org.springframework.orm.jpa.vendor.HibernateJpaDialect.convertHibernateAccessException(HibernateJpaDialect.java:301)
	at org.springframework.orm.jpa.vendor.HibernateJpaDialect.translateExceptionIfPossible(HibernateJpaDialect.java:244)
	at org.springframework.orm.jpa.AbstractEntityManagerFactoryBean.translateExceptionIfPossible(AbstractEntityManagerFactoryBean.java:560)
	at org.springframework.dao.support.ChainedPersistenceExceptionTranslator.translateExceptionIfPossible(ChainedPersistenceExceptionTranslator.java:61)
	at org.springframework.dao.support.DataAccessUtils.translateIfNecessary(DataAccessUtils.java:343)
	at org.springframework.dao.support.PersistenceExceptionTranslationInterceptor.invoke(PersistenceExceptionTranslationInterceptor.java:160)
	at org.springframework.aop.framework.ReflectiveMethodInvocation.proceed(ReflectiveMethodInvocation.java:184)
	at org.springframework.data.jpa.repository.support.CrudMethodMetadataPostProcessor$CrudMethodMetadataPopulatingMethodInterceptor.invoke(CrudMethodMetadataPostProcessor.java:136)
	at org.springframework.aop.framework.ReflectiveMethodInvocation.proceed(ReflectiveMethodInvocation.java:184)
	at org.springframework.aop.framework.JdkDynamicAopProxy.invoke(JdkDynamicAopProxy.java:223)
	at jdk.proxy2/jdk.proxy2.$Proxy185.findByUserIdAndChannelId(Unknown Source)
	at com.sprint.mission.discodeit.service.basic.BasicReadStatusService.lambda$findAllByUserId$2(BasicReadStatusService.java:48)
	at java.base/java.util.stream.ReferencePipeline$3$1.accept(ReferencePipeline.java:197)
	at java.base/java.util.ArrayList$ArrayListSpliterator.forEachRemaining(ArrayList.java:1625)
	at java.base/java.util.stream.AbstractPipeline.copyInto(AbstractPipeline.java:509)
	at java.base/java.util.stream.AbstractPipeline.wrapAndCopyInto(AbstractPipeline.java:499)
	at java.base/java.util.stream.AbstractPipeline.evaluate(AbstractPipeline.java:575)
	at java.base/java.util.stream.AbstractPipeline.evaluateToArrayNode(AbstractPipeline.java:260)
	at java.base/java.util.stream.ReferencePipeline.toArray(ReferencePipeline.java:616)
	at java.base/java.util.stream.ReferencePipeline.toArray(ReferencePipeline.java:622)
	at java.base/java.util.stream.ReferencePipeline.toList(ReferencePipeline.java:627)
	at com.sprint.mission.discodeit.service.basic.BasicReadStatusService.findAllByUserId(BasicReadStatusService.java:60)
	at jdk.internal.reflect.GeneratedMethodAccessor88.invoke(Unknown Source)
	at java.base/jdk.internal.reflect.DelegatingMethodAccessorImpl.invoke(DelegatingMethodAccessorImpl.java:43)
	at java.base/java.lang.reflect.Method.invoke(Method.java:569)
	at org.springframework.aop.support.AopUtils.invokeJoinpointUsingReflection(AopUtils.java:359)
	at org.springframework.aop.framework.ReflectiveMethodInvocation.invokeJoinpoint(ReflectiveMethodInvocation.java:196)
	at org.springframework.aop.framework.ReflectiveMethodInvocation.proceed(ReflectiveMethodInvocation.java:163)
	at org.springframework.transaction.interceptor.TransactionAspectSupport.invokeWithinTransaction(TransactionAspectSupport.java:380)
	at org.springframework.transaction.interceptor.TransactionInterceptor.invoke(TransactionInterceptor.java:119)
	at org.springframework.aop.framework.ReflectiveMethodInvocation.proceed(ReflectiveMethodInvocation.java:184)
	at org.springframework.aop.framework.CglibAopProxy$DynamicAdvisedInterceptor.intercept(CglibAopProxy.java:727)
	at com.sprint.mission.discodeit.service.basic.BasicReadStatusService$$SpringCGLIB$$0.findAllByUserId(<generated>)
	at com.sprint.mission.discodeit.controller.ReadStatusController.findAllByUserId(ReadStatusController.java:28)
	at jdk.internal.reflect.GeneratedMethodAccessor87.invoke(Unknown Source)
	at java.base/jdk.internal.reflect.DelegatingMethodAccessorImpl.invoke(DelegatingMethodAccessorImpl.java:43)
	at java.base/java.lang.reflect.Method.invoke(Method.java:569)
	at org.springframework.web.method.support.InvocableHandlerMethod.doInvoke(InvocableHandlerMethod.java:255)
	at org.springframework.web.method.support.InvocableHandlerMethod.invokeForRequest(InvocableHandlerMethod.java:188)
	at org.springframework.web.servlet.mvc.method.annotation.ServletInvocableHandlerMethod.invokeAndHandle(ServletInvocableHandlerMethod.java:118)
	at org.springframework.web.servlet.mvc.method.annotation.RequestMappingHandlerAdapter.invokeHandlerMethod(RequestMappingHandlerAdapter.java:986)
	at org.springframework.web.servlet.mvc.method.annotation.RequestMappingHandlerAdapter.handleInternal(RequestMappingHandlerAdapter.java:891)
	at org.springframework.web.servlet.mvc.method.AbstractHandlerMethodAdapter.handle(AbstractHandlerMethodAdapter.java:87)
	at org.springframework.web.servlet.DispatcherServlet.doDispatch(DispatcherServlet.java:1088)
	at org.springframework.web.servlet.DispatcherServlet.doService(DispatcherServlet.java:978)
	at org.springframework.web.servlet.FrameworkServlet.processRequest(FrameworkServlet.java:1014)
	at org.springframework.web.servlet.FrameworkServlet.doGet(FrameworkServlet.java:903)
	at jakarta.servlet.http.HttpServlet.service(HttpServlet.java:564)
	at org.springframework.web.servlet.FrameworkServlet.service(FrameworkServlet.java:885)
	at jakarta.servlet.http.HttpServlet.service(HttpServlet.java:658)
	at org.apache.catalina.core.ApplicationFilterChain.internalDoFilter(ApplicationFilterChain.java:195)
	at org.apache.catalina.core.ApplicationFilterChain.doFilter(ApplicationFilterChain.java:140)
	at org.apache.tomcat.websocket.server.WsFilter.doFilter(WsFilter.java:51)
	at org.apache.catalina.core.ApplicationFilterChain.internalDoFilter(ApplicationFilterChain.java:164)
	at org.apache.catalina.core.ApplicationFilterChain.doFilter(ApplicationFilterChain.java:140)
	at org.springframework.web.filter.CompositeFilter$VirtualFilterChain.doFilter(CompositeFilter.java:108)
	at org.springframework.security.web.FilterChainProxy.lambda$doFilterInternal$3(FilterChainProxy.java:231)
	at org.springframework.security.web.ObservationFilterChainDecorator$FilterObservation$SimpleFilterObservation.lambda$wrap$1(ObservationFilterChainDecorator.java:479)
	at org.springframework.security.web.ObservationFilterChainDecorator$AroundFilterObservation$SimpleAroundFilterObservation.lambda$wrap$1(ObservationFilterChainDecorator.java:340)
	at org.springframework.security.web.ObservationFilterChainDecorator.lambda$wrapSecured$0(ObservationFilterChainDecorator.java:82)
	at org.springframework.security.web.ObservationFilterChainDecorator$VirtualFilterChain.doFilter(ObservationFilterChainDecorator.java:128)
	at org.springframework.security.web.access.intercept.AuthorizationFilter.doFilter(AuthorizationFilter.java:101)
	at org.springframework.security.web.ObservationFilterChainDecorator$ObservationFilter.wrapFilter(ObservationFilterChainDecorator.java:240)
	at org.springframework.security.web.ObservationFilterChainDecorator$ObservationFilter.doFilter(ObservationFilterChainDecorator.java:227)
	at org.springframework.security.web.ObservationFilterChainDecorator$VirtualFilterChain.doFilter(ObservationFilterChainDecorator.java:137)
	at org.springframework.security.web.access.ExceptionTranslationFilter.doFilter(ExceptionTranslationFilter.java:126)
	at org.springframework.security.web.access.ExceptionTranslationFilter.doFilter(ExceptionTranslationFilter.java:120)
	at org.springframework.security.web.ObservationFilterChainDecorator$ObservationFilter.wrapFilter(ObservationFilterChainDecorator.java:240)
	at org.springframework.security.web.ObservationFilterChainDecorator$ObservationFilter.doFilter(ObservationFilterChainDecorator.java:227)
	at org.springframework.security.web.ObservationFilterChainDecorator$VirtualFilterChain.doFilter(ObservationFilterChainDecorator.java:137)
	at org.springframework.security.web.authentication.AnonymousAuthenticationFilter.doFilter(AnonymousAuthenticationFilter.java:100)
	at org.springframework.security.web.ObservationFilterChainDecorator$ObservationFilter.wrapFilter(ObservationFilterChainDecorator.java:240)
	at org.springframework.security.web.ObservationFilterChainDecorator$ObservationFilter.doFilter(ObservationFilterChainDecorator.java:227)
	at org.springframework.security.web.ObservationFilterChainDecorator$VirtualFilterChain.doFilter(ObservationFilterChainDecorator.java:137)
	at org.springframework.security.web.servletapi.SecurityContextHolderAwareRequestFilter.doFilter(SecurityContextHolderAwareRequestFilter.java:179)
	at org.springframework.security.web.ObservationFilterChainDecorator$ObservationFilter.wrapFilter(ObservationFilterChainDecorator.java:240)
	at org.springframework.security.web.ObservationFilterChainDecorator$ObservationFilter.doFilter(ObservationFilterChainDecorator.java:227)
	at org.springframework.security.web.ObservationFilterChainDecorator$VirtualFilterChain.doFilter(ObservationFilterChainDecorator.java:137)
	at org.springframework.security.web.savedrequest.RequestCacheAwareFilter.doFilter(RequestCacheAwareFilter.java:63)
	at org.springframework.security.web.ObservationFilterChainDecorator$ObservationFilter.wrapFilter(ObservationFilterChainDecorator.java:240)
	at org.springframework.security.web.ObservationFilterChainDecorator$ObservationFilter.doFilter(ObservationFilterChainDecorator.java:227)
	at org.springframework.security.web.ObservationFilterChainDecorator$VirtualFilterChain.doFilter(ObservationFilterChainDecorator.java:137)
	at org.springframework.security.web.authentication.logout.LogoutFilter.doFilter(LogoutFilter.java:107)
	at org.springframework.security.web.authentication.logout.LogoutFilter.doFilter(LogoutFilter.java:93)
	at org.springframework.security.web.ObservationFilterChainDecorator$ObservationFilter.wrapFilter(ObservationFilterChainDecorator.java:240)
	at org.springframework.security.web.ObservationFilterChainDecorator$ObservationFilter.doFilter(ObservationFilterChainDecorator.java:227)
	at org.springframework.security.web.ObservationFilterChainDecorator$VirtualFilterChain.doFilter(ObservationFilterChainDecorator.java:137)
	at org.springframework.security.web.header.HeaderWriterFilter.doHeadersAfter(HeaderWriterFilter.java:90)
	at org.springframework.security.web.header.HeaderWriterFilter.doFilterInternal(HeaderWriterFilter.java:75)
	at org.springframework.web.filter.OncePerRequestFilter.doFilter(OncePerRequestFilter.java:116)
	at org.springframework.security.web.ObservationFilterChainDecorator$ObservationFilter.wrapFilter(ObservationFilterChainDecorator.java:240)
	at org.springframework.security.web.ObservationFilterChainDecorator$ObservationFilter.doFilter(ObservationFilterChainDecorator.java:227)
	at org.springframework.security.web.ObservationFilterChainDecorator$VirtualFilterChain.doFilter(ObservationFilterChainDecorator.java:137)
	at org.springframework.security.web.context.SecurityContextHolderFilter.doFilter(SecurityContextHolderFilter.java:82)
	at org.springframework.security.web.context.SecurityContextHolderFilter.doFilter(SecurityContextHolderFilter.java:69)
	at org.springframework.security.web.ObservationFilterChainDecorator$ObservationFilter.wrapFilter(ObservationFilterChainDecorator.java:240)
	at org.springframework.security.web.ObservationFilterChainDecorator$ObservationFilter.doFilter(ObservationFilterChainDecorator.java:227)
	at org.springframework.security.web.ObservationFilterChainDecorator$VirtualFilterChain.doFilter(ObservationFilterChainDecorator.java:137)
	at org.springframework.security.web.context.request.async.WebAsyncManagerIntegrationFilter.doFilterInternal(WebAsyncManagerIntegrationFilter.java:62)
	at org.springframework.web.filter.OncePerRequestFilter.doFilter(OncePerRequestFilter.java:116)
	at org.springframework.security.web.ObservationFilterChainDecorator$ObservationFilter.wrapFilter(ObservationFilterChainDecorator.java:240)
	at org.springframework.security.web.ObservationFilterChainDecorator$ObservationFilter.doFilter(ObservationFilterChainDecorator.java:227)
	at org.springframework.security.web.ObservationFilterChainDecorator$VirtualFilterChain.doFilter(ObservationFilterChainDecorator.java:137)
	at org.springframework.security.web.session.DisableEncodeUrlFilter.doFilterInternal(DisableEncodeUrlFilter.java:42)
	at org.springframework.web.filter.OncePerRequestFilter.doFilter(OncePerRequestFilter.java:116)
	at org.springframework.security.web.ObservationFilterChainDecorator$ObservationFilter.wrapFilter(ObservationFilterChainDecorator.java:240)
	at org.springframework.security.web.ObservationFilterChainDecorator$AroundFilterObservation$SimpleAroundFilterObservation.lambda$wrap$0(ObservationFilterChainDecorator.java:323)
	at org.springframework.security.web.ObservationFilterChainDecorator$ObservationFilter.doFilter(ObservationFilterChainDecorator.java:224)
	at org.springframework.security.web.ObservationFilterChainDecorator$VirtualFilterChain.doFilter(ObservationFilterChainDecorator.java:137)
	at org.springframework.security.web.FilterChainProxy.doFilterInternal(FilterChainProxy.java:233)
	at org.springframework.security.web.FilterChainProxy.doFilter(FilterChainProxy.java:191)
	at org.springframework.web.filter.CompositeFilter$VirtualFilterChain.doFilter(CompositeFilter.java:113)
	at org.springframework.web.servlet.handler.HandlerMappingIntrospector.lambda$createCacheFilter$3(HandlerMappingIntrospector.java:243)
	at org.springframework.web.filter.CompositeFilter$VirtualFilterChain.doFilter(CompositeFilter.java:113)
	at org.springframework.web.filter.CompositeFilter.doFilter(CompositeFilter.java:74)
	at org.springframework.security.config.annotation.web.configuration.WebMvcSecurityConfiguration$CompositeFilterChainProxy.doFilter(WebMvcSecurityConfiguration.java:238)
	at org.springframework.web.filter.DelegatingFilterProxy.invokeDelegate(DelegatingFilterProxy.java:362)
	at org.springframework.web.filter.DelegatingFilterProxy.doFilter(DelegatingFilterProxy.java:278)
	at org.apache.catalina.core.ApplicationFilterChain.internalDoFilter(ApplicationFilterChain.java:164)
	at org.apache.catalina.core.ApplicationFilterChain.doFilter(ApplicationFilterChain.java:140)
	at org.springframework.web.filter.RequestContextFilter.doFilterInternal(RequestContextFilter.java:100)
	at org.springframework.web.filter.OncePerRequestFilter.doFilter(OncePerRequestFilter.java:116)
	at org.apache.catalina.core.ApplicationFilterChain.internalDoFilter(ApplicationFilterChain.java:164)
	at org.apache.catalina.core.ApplicationFilterChain.doFilter(ApplicationFilterChain.java:140)
	at org.springframework.web.filter.FormContentFilter.doFilterInternal(FormContentFilter.java:93)
	at org.springframework.web.filter.OncePerRequestFilter.doFilter(OncePerRequestFilter.java:116)
	at org.apache.catalina.core.ApplicationFilterChain.internalDoFilter(ApplicationFilterChain.java:164)
	at org.apache.catalina.core.ApplicationFilterChain.doFilter(ApplicationFilterChain.java:140)
	at org.springframework.web.filter.ServerHttpObservationFilter.doFilterInternal(ServerHttpObservationFilter.java:114)
	at org.springframework.web.filter.OncePerRequestFilter.doFilter(OncePerRequestFilter.java:116)
	at org.apache.catalina.core.ApplicationFilterChain.internalDoFilter(ApplicationFilterChain.java:164)
	at org.apache.catalina.core.ApplicationFilterChain.doFilter(ApplicationFilterChain.java:140)
	at org.springframework.web.filter.CharacterEncodingFilter.doFilterInternal(CharacterEncodingFilter.java:201)
	at org.springframework.web.filter.OncePerRequestFilter.doFilter(OncePerRequestFilter.java:116)
	at org.apache.catalina.core.ApplicationFilterChain.internalDoFilter(ApplicationFilterChain.java:164)
	at org.apache.catalina.core.ApplicationFilterChain.doFilter(ApplicationFilterChain.java:140)
	at org.apache.catalina.core.StandardWrapperValve.invoke(StandardWrapperValve.java:167)
	at org.apache.catalina.core.StandardContextValve.invoke(StandardContextValve.java:90)
	at org.apache.catalina.authenticator.AuthenticatorBase.invoke(AuthenticatorBase.java:483)
	at org.apache.catalina.core.StandardHostValve.invoke(StandardHostValve.java:115)
	at org.apache.catalina.valves.ErrorReportValve.invoke(ErrorReportValve.java:93)
	at org.apache.catalina.core.StandardEngineValve.invoke(StandardEngineValve.java:74)
	at org.apache.catalina.connector.CoyoteAdapter.service(CoyoteAdapter.java:344)
	at org.apache.coyote.http11.Http11Processor.service(Http11Processor.java:397)
	at org.apache.coyote.AbstractProcessorLight.process(AbstractProcessorLight.java:63)
	at org.apache.coyote.AbstractProtocol$ConnectionHandler.process(AbstractProtocol.java:905)
	at org.apache.tomcat.util.net.NioEndpoint$SocketProcessor.doRun(NioEndpoint.java:1741)
	at org.apache.tomcat.util.net.SocketProcessorBase.run(SocketProcessorBase.java:52)
	at org.apache.tomcat.util.threads.ThreadPoolExecutor.runWorker(ThreadPoolExecutor.java:1190)
	at org.apache.tomcat.util.threads.ThreadPoolExecutor$Worker.run(ThreadPoolExecutor.java:659)
	at org.apache.tomcat.util.threads.TaskThread$WrappingRunnable.run(TaskThread.java:63)
	at java.base/java.lang.Thread.run(Thread.java:840)
Caused by: org.hibernate.NonUniqueResultException: Query did not return a unique result: 2 results were returned
	at org.hibernate.query.spi.AbstractSelectionQuery.uniqueElement(AbstractSelectionQuery.java:298)
	at org.hibernate.query.spi.AbstractSelectionQuery.getSingleResult(AbstractSelectionQuery.java:281)
	at org.springframework.data.jpa.repository.query.JpaQueryExecution$SingleEntityExecution.doExecute(JpaQueryExecution.java:224)
	at org.springframework.data.jpa.repository.query.JpaQueryExecution.execute(JpaQueryExecution.java:93)
	at org.springframework.data.jpa.repository.query.AbstractJpaQuery.doExecute(AbstractJpaQuery.java:152)
	at org.springframework.data.jpa.repository.query.AbstractJpaQuery.execute(AbstractJpaQuery.java:140)
	at org.springframework.data.repository.core.support.RepositoryMethodInvoker.doInvoke(RepositoryMethodInvoker.java:170)
	at org.springframework.data.repository.core.support.RepositoryMethodInvoker.invoke(RepositoryMethodInvoker.java:158)
	at org.springframework.data.repository.core.support.QueryExecutorMethodInterceptor.doInvoke(QueryExecutorMethodInterceptor.java:170)
	at org.springframework.data.repository.core.support.QueryExecutorMethodInterceptor.invoke(QueryExecutorMethodInterceptor.java:149)
	at org.springframework.aop.framework.ReflectiveMethodInvocation.proceed(ReflectiveMethodInvocation.java:184)
	at org.springframework.data.projection.DefaultMethodInvokingMethodInterceptor.invoke(DefaultMethodInvokingMethodInterceptor.java:69)
	at org.springframework.aop.framework.ReflectiveMethodInvocation.proceed(ReflectiveMethodInvocation.java:184)
	at org.springframework.transaction.interceptor.TransactionAspectSupport.invokeWithinTransaction(TransactionAspectSupport.java:380)
	at org.springframework.transaction.interceptor.TransactionInterceptor.invoke(TransactionInterceptor.java:119)
	at org.springframework.aop.framework.ReflectiveMethodInvocation.proceed(ReflectiveMethodInvocation.java:184)
	at org.springframework.dao.support.PersistenceExceptionTranslationInterceptor.invoke(PersistenceExceptionTranslationInterceptor.java:138)
	... 146 common frames omitted
2026-03-31 00:28:24.295 [http-nio-8080-exec-10] DEBUG [060e69c4] c.s.m.d.controller.MessageController -
        Fetching messages for channel: e054663f-79db-41a6-8385-68e22f93f0dc, cursor: null, size: 50
2026-03-31 00:28:25.323 [http-nio-8080-exec-1] DEBUG [4b9bed62] c.s.m.d.controller.MessageController -
        Fetching messages for channel: e054663f-79db-41a6-8385-68e22f93f0dc, cursor: null, size: 50
2026-03-31 00:28:26.871 [http-nio-8080-exec-3] DEBUG [a94b83c8] c.s.m.d.controller.MessageController -
        Fetching messages for channel: e054663f-79db-41a6-8385-68e22f93f0dc, cursor: null, size: 50
2026-03-31 00:28:27.141 [http-nio-8080-exec-2] DEBUG [2e925875] c.s.m.d.s.basic.BasicChannelService  -
        Finding all channels for user: 1e2f6353-d975-4eb4-9c11-d8e8674fb0a6
2026-03-31 00:28:27.153 [http-nio-8080-exec-6] DEBUG [49e2a673] c.s.m.d.c.ReadStatusController       -
        Fetching read statuses for user: 1e2f6353-d975-4eb4-9c11-d8e8674fb0a6
2026-03-31 00:28:27.153 [http-nio-8080-exec-6] DEBUG [49e2a673] c.s.m.d.s.b.BasicReadStatusService   -
        Fetching/Allocating read statuses for user: 1e2f6353-d975-4eb4-9c11-d8e8674fb0a6
2026-03-31 00:28:27.169 [http-nio-8080-exec-6] ERROR [49e2a673] c.s.m.d.c.GlobalExceptionHandler     -
        Internal Server Error: 
org.springframework.dao.IncorrectResultSizeDataAccessException: Query did not return a unique result: 2 results were returned
	at org.springframework.orm.jpa.vendor.HibernateJpaDialect.convertHibernateAccessException(HibernateJpaDialect.java:301)
	at org.springframework.orm.jpa.vendor.HibernateJpaDialect.translateExceptionIfPossible(HibernateJpaDialect.java:244)
	at org.springframework.orm.jpa.AbstractEntityManagerFactoryBean.translateExceptionIfPossible(AbstractEntityManagerFactoryBean.java:560)
	at org.springframework.dao.support.ChainedPersistenceExceptionTranslator.translateExceptionIfPossible(ChainedPersistenceExceptionTranslator.java:61)
	at org.springframework.dao.support.DataAccessUtils.translateIfNecessary(DataAccessUtils.java:343)
	at org.springframework.dao.support.PersistenceExceptionTranslationInterceptor.invoke(PersistenceExceptionTranslationInterceptor.java:160)
	at org.springframework.aop.framework.ReflectiveMethodInvocation.proceed(ReflectiveMethodInvocation.java:184)
	at org.springframework.data.jpa.repository.support.CrudMethodMetadataPostProcessor$CrudMethodMetadataPopulatingMethodInterceptor.invoke(CrudMethodMetadataPostProcessor.java:136)
	at org.springframework.aop.framework.ReflectiveMethodInvocation.proceed(ReflectiveMethodInvocation.java:184)
	at org.springframework.aop.framework.JdkDynamicAopProxy.invoke(JdkDynamicAopProxy.java:223)
	at jdk.proxy2/jdk.proxy2.$Proxy185.findByUserIdAndChannelId(Unknown Source)
	at com.sprint.mission.discodeit.service.basic.BasicReadStatusService.lambda$findAllByUserId$2(BasicReadStatusService.java:48)
	at java.base/java.util.stream.ReferencePipeline$3$1.accept(ReferencePipeline.java:197)
	at java.base/java.util.ArrayList$ArrayListSpliterator.forEachRemaining(ArrayList.java:1625)
	at java.base/java.util.stream.AbstractPipeline.copyInto(AbstractPipeline.java:509)
	at java.base/java.util.stream.AbstractPipeline.wrapAndCopyInto(AbstractPipeline.java:499)
	at java.base/java.util.stream.AbstractPipeline.evaluate(AbstractPipeline.java:575)
	at java.base/java.util.stream.AbstractPipeline.evaluateToArrayNode(AbstractPipeline.java:260)
	at java.base/java.util.stream.ReferencePipeline.toArray(ReferencePipeline.java:616)
	at java.base/java.util.stream.ReferencePipeline.toArray(ReferencePipeline.java:622)
	at java.base/java.util.stream.ReferencePipeline.toList(ReferencePipeline.java:627)
	at com.sprint.mission.discodeit.service.basic.BasicReadStatusService.findAllByUserId(BasicReadStatusService.java:60)
	at jdk.internal.reflect.GeneratedMethodAccessor88.invoke(Unknown Source)
	at java.base/jdk.internal.reflect.DelegatingMethodAccessorImpl.invoke(DelegatingMethodAccessorImpl.java:43)
	at java.base/java.lang.reflect.Method.invoke(Method.java:569)
	at org.springframework.aop.support.AopUtils.invokeJoinpointUsingReflection(AopUtils.java:359)
	at org.springframework.aop.framework.ReflectiveMethodInvocation.invokeJoinpoint(ReflectiveMethodInvocation.java:196)
	at org.springframework.aop.framework.ReflectiveMethodInvocation.proceed(ReflectiveMethodInvocation.java:163)
	at org.springframework.transaction.interceptor.TransactionAspectSupport.invokeWithinTransaction(TransactionAspectSupport.java:380)
	at org.springframework.transaction.interceptor.TransactionInterceptor.invoke(TransactionInterceptor.java:119)
	at org.springframework.aop.framework.ReflectiveMethodInvocation.proceed(ReflectiveMethodInvocation.java:184)
	at org.springframework.aop.framework.CglibAopProxy$DynamicAdvisedInterceptor.intercept(CglibAopProxy.java:727)
	at com.sprint.mission.discodeit.service.basic.BasicReadStatusService$$SpringCGLIB$$0.findAllByUserId(<generated>)
	at com.sprint.mission.discodeit.controller.ReadStatusController.findAllByUserId(ReadStatusController.java:28)
	at jdk.internal.reflect.GeneratedMethodAccessor87.invoke(Unknown Source)
	at java.base/jdk.internal.reflect.DelegatingMethodAccessorImpl.invoke(DelegatingMethodAccessorImpl.java:43)
	at java.base/java.lang.reflect.Method.invoke(Method.java:569)
	at org.springframework.web.method.support.InvocableHandlerMethod.doInvoke(InvocableHandlerMethod.java:255)
	at org.springframework.web.method.support.InvocableHandlerMethod.invokeForRequest(InvocableHandlerMethod.java:188)
	at org.springframework.web.servlet.mvc.method.annotation.ServletInvocableHandlerMethod.invokeAndHandle(ServletInvocableHandlerMethod.java:118)
	at org.springframework.web.servlet.mvc.method.annotation.RequestMappingHandlerAdapter.invokeHandlerMethod(RequestMappingHandlerAdapter.java:986)
	at org.springframework.web.servlet.mvc.method.annotation.RequestMappingHandlerAdapter.handleInternal(RequestMappingHandlerAdapter.java:891)
	at org.springframework.web.servlet.mvc.method.AbstractHandlerMethodAdapter.handle(AbstractHandlerMethodAdapter.java:87)
	at org.springframework.web.servlet.DispatcherServlet.doDispatch(DispatcherServlet.java:1088)
	at org.springframework.web.servlet.DispatcherServlet.doService(DispatcherServlet.java:978)
	at org.springframework.web.servlet.FrameworkServlet.processRequest(FrameworkServlet.java:1014)
	at org.springframework.web.servlet.FrameworkServlet.doGet(FrameworkServlet.java:903)
	at jakarta.servlet.http.HttpServlet.service(HttpServlet.java:564)
	at org.springframework.web.servlet.FrameworkServlet.service(FrameworkServlet.java:885)
	at jakarta.servlet.http.HttpServlet.service(HttpServlet.java:658)
	at org.apache.catalina.core.ApplicationFilterChain.internalDoFilter(ApplicationFilterChain.java:195)
	at org.apache.catalina.core.ApplicationFilterChain.doFilter(ApplicationFilterChain.java:140)
	at org.apache.tomcat.websocket.server.WsFilter.doFilter(WsFilter.java:51)
	at org.apache.catalina.core.ApplicationFilterChain.internalDoFilter(ApplicationFilterChain.java:164)
	at org.apache.catalina.core.ApplicationFilterChain.doFilter(ApplicationFilterChain.java:140)
	at org.springframework.web.filter.CompositeFilter$VirtualFilterChain.doFilter(CompositeFilter.java:108)
	at org.springframework.security.web.FilterChainProxy.lambda$doFilterInternal$3(FilterChainProxy.java:231)
	at org.springframework.security.web.ObservationFilterChainDecorator$FilterObservation$SimpleFilterObservation.lambda$wrap$1(ObservationFilterChainDecorator.java:479)
	at org.springframework.security.web.ObservationFilterChainDecorator$AroundFilterObservation$SimpleAroundFilterObservation.lambda$wrap$1(ObservationFilterChainDecorator.java:340)
	at org.springframework.security.web.ObservationFilterChainDecorator.lambda$wrapSecured$0(ObservationFilterChainDecorator.java:82)
	at org.springframework.security.web.ObservationFilterChainDecorator$VirtualFilterChain.doFilter(ObservationFilterChainDecorator.java:128)
	at org.springframework.security.web.access.intercept.AuthorizationFilter.doFilter(AuthorizationFilter.java:101)
	at org.springframework.security.web.ObservationFilterChainDecorator$ObservationFilter.wrapFilter(ObservationFilterChainDecorator.java:240)
	at org.springframework.security.web.ObservationFilterChainDecorator$ObservationFilter.doFilter(ObservationFilterChainDecorator.java:227)
	at org.springframework.security.web.ObservationFilterChainDecorator$VirtualFilterChain.doFilter(ObservationFilterChainDecorator.java:137)
	at org.springframework.security.web.access.ExceptionTranslationFilter.doFilter(ExceptionTranslationFilter.java:126)
	at org.springframework.security.web.access.ExceptionTranslationFilter.doFilter(ExceptionTranslationFilter.java:120)
	at org.springframework.security.web.ObservationFilterChainDecorator$ObservationFilter.wrapFilter(ObservationFilterChainDecorator.java:240)
	at org.springframework.security.web.ObservationFilterChainDecorator$ObservationFilter.doFilter(ObservationFilterChainDecorator.java:227)
	at org.springframework.security.web.ObservationFilterChainDecorator$VirtualFilterChain.doFilter(ObservationFilterChainDecorator.java:137)
	at org.springframework.security.web.authentication.AnonymousAuthenticationFilter.doFilter(AnonymousAuthenticationFilter.java:100)
	at org.springframework.security.web.ObservationFilterChainDecorator$ObservationFilter.wrapFilter(ObservationFilterChainDecorator.java:240)
	at org.springframework.security.web.ObservationFilterChainDecorator$ObservationFilter.doFilter(ObservationFilterChainDecorator.java:227)
	at org.springframework.security.web.ObservationFilterChainDecorator$VirtualFilterChain.doFilter(ObservationFilterChainDecorator.java:137)
	at org.springframework.security.web.servletapi.SecurityContextHolderAwareRequestFilter.doFilter(SecurityContextHolderAwareRequestFilter.java:179)
	at org.springframework.security.web.ObservationFilterChainDecorator$ObservationFilter.wrapFilter(ObservationFilterChainDecorator.java:240)
	at org.springframework.security.web.ObservationFilterChainDecorator$ObservationFilter.doFilter(ObservationFilterChainDecorator.java:227)
	at org.springframework.security.web.ObservationFilterChainDecorator$VirtualFilterChain.doFilter(ObservationFilterChainDecorator.java:137)
	at org.springframework.security.web.savedrequest.RequestCacheAwareFilter.doFilter(RequestCacheAwareFilter.java:63)
	at org.springframework.security.web.ObservationFilterChainDecorator$ObservationFilter.wrapFilter(ObservationFilterChainDecorator.java:240)
	at org.springframework.security.web.ObservationFilterChainDecorator$ObservationFilter.doFilter(ObservationFilterChainDecorator.java:227)
	at org.springframework.security.web.ObservationFilterChainDecorator$VirtualFilterChain.doFilter(ObservationFilterChainDecorator.java:137)
	at org.springframework.security.web.authentication.logout.LogoutFilter.doFilter(LogoutFilter.java:107)
	at org.springframework.security.web.authentication.logout.LogoutFilter.doFilter(LogoutFilter.java:93)
	at org.springframework.security.web.ObservationFilterChainDecorator$ObservationFilter.wrapFilter(ObservationFilterChainDecorator.java:240)
	at org.springframework.security.web.ObservationFilterChainDecorator$ObservationFilter.doFilter(ObservationFilterChainDecorator.java:227)
	at org.springframework.security.web.ObservationFilterChainDecorator$VirtualFilterChain.doFilter(ObservationFilterChainDecorator.java:137)
	at org.springframework.security.web.header.HeaderWriterFilter.doHeadersAfter(HeaderWriterFilter.java:90)
	at org.springframework.security.web.header.HeaderWriterFilter.doFilterInternal(HeaderWriterFilter.java:75)
	at org.springframework.web.filter.OncePerRequestFilter.doFilter(OncePerRequestFilter.java:116)
	at org.springframework.security.web.ObservationFilterChainDecorator$ObservationFilter.wrapFilter(ObservationFilterChainDecorator.java:240)
	at org.springframework.security.web.ObservationFilterChainDecorator$ObservationFilter.doFilter(ObservationFilterChainDecorator.java:227)
	at org.springframework.security.web.ObservationFilterChainDecorator$VirtualFilterChain.doFilter(ObservationFilterChainDecorator.java:137)
	at org.springframework.security.web.context.SecurityContextHolderFilter.doFilter(SecurityContextHolderFilter.java:82)
	at org.springframework.security.web.context.SecurityContextHolderFilter.doFilter(SecurityContextHolderFilter.java:69)
	at org.springframework.security.web.ObservationFilterChainDecorator$ObservationFilter.wrapFilter(ObservationFilterChainDecorator.java:240)
	at org.springframework.security.web.ObservationFilterChainDecorator$ObservationFilter.doFilter(ObservationFilterChainDecorator.java:227)
	at org.springframework.security.web.ObservationFilterChainDecorator$VirtualFilterChain.doFilter(ObservationFilterChainDecorator.java:137)
	at org.springframework.security.web.context.request.async.WebAsyncManagerIntegrationFilter.doFilterInternal(WebAsyncManagerIntegrationFilter.java:62)
	at org.springframework.web.filter.OncePerRequestFilter.doFilter(OncePerRequestFilter.java:116)
	at org.springframework.security.web.ObservationFilterChainDecorator$ObservationFilter.wrapFilter(ObservationFilterChainDecorator.java:240)
	at org.springframework.security.web.ObservationFilterChainDecorator$ObservationFilter.doFilter(ObservationFilterChainDecorator.java:227)
	at org.springframework.security.web.ObservationFilterChainDecorator$VirtualFilterChain.doFilter(ObservationFilterChainDecorator.java:137)
	at org.springframework.security.web.session.DisableEncodeUrlFilter.doFilterInternal(DisableEncodeUrlFilter.java:42)
	at org.springframework.web.filter.OncePerRequestFilter.doFilter(OncePerRequestFilter.java:116)
	at org.springframework.security.web.ObservationFilterChainDecorator$ObservationFilter.wrapFilter(ObservationFilterChainDecorator.java:240)
	at org.springframework.security.web.ObservationFilterChainDecorator$AroundFilterObservation$SimpleAroundFilterObservation.lambda$wrap$0(ObservationFilterChainDecorator.java:323)
	at org.springframework.security.web.ObservationFilterChainDecorator$ObservationFilter.doFilter(ObservationFilterChainDecorator.java:224)
	at org.springframework.security.web.ObservationFilterChainDecorator$VirtualFilterChain.doFilter(ObservationFilterChainDecorator.java:137)
	at org.springframework.security.web.FilterChainProxy.doFilterInternal(FilterChainProxy.java:233)
	at org.springframework.security.web.FilterChainProxy.doFilter(FilterChainProxy.java:191)
	at org.springframework.web.filter.CompositeFilter$VirtualFilterChain.doFilter(CompositeFilter.java:113)
	at org.springframework.web.servlet.handler.HandlerMappingIntrospector.lambda$createCacheFilter$3(HandlerMappingIntrospector.java:243)
	at org.springframework.web.filter.CompositeFilter$VirtualFilterChain.doFilter(CompositeFilter.java:113)
	at org.springframework.web.filter.CompositeFilter.doFilter(CompositeFilter.java:74)
	at org.springframework.security.config.annotation.web.configuration.WebMvcSecurityConfiguration$CompositeFilterChainProxy.doFilter(WebMvcSecurityConfiguration.java:238)
	at org.springframework.web.filter.DelegatingFilterProxy.invokeDelegate(DelegatingFilterProxy.java:362)
	at org.springframework.web.filter.DelegatingFilterProxy.doFilter(DelegatingFilterProxy.java:278)
	at org.apache.catalina.core.ApplicationFilterChain.internalDoFilter(ApplicationFilterChain.java:164)
	at org.apache.catalina.core.ApplicationFilterChain.doFilter(ApplicationFilterChain.java:140)
	at org.springframework.web.filter.RequestContextFilter.doFilterInternal(RequestContextFilter.java:100)
	at org.springframework.web.filter.OncePerRequestFilter.doFilter(OncePerRequestFilter.java:116)
	at org.apache.catalina.core.ApplicationFilterChain.internalDoFilter(ApplicationFilterChain.java:164)
	at org.apache.catalina.core.ApplicationFilterChain.doFilter(ApplicationFilterChain.java:140)
	at org.springframework.web.filter.FormContentFilter.doFilterInternal(FormContentFilter.java:93)
	at org.springframework.web.filter.OncePerRequestFilter.doFilter(OncePerRequestFilter.java:116)
	at org.apache.catalina.core.ApplicationFilterChain.internalDoFilter(ApplicationFilterChain.java:164)
	at org.apache.catalina.core.ApplicationFilterChain.doFilter(ApplicationFilterChain.java:140)
	at org.springframework.web.filter.ServerHttpObservationFilter.doFilterInternal(ServerHttpObservationFilter.java:114)
	at org.springframework.web.filter.OncePerRequestFilter.doFilter(OncePerRequestFilter.java:116)
	at org.apache.catalina.core.ApplicationFilterChain.internalDoFilter(ApplicationFilterChain.java:164)
	at org.apache.catalina.core.ApplicationFilterChain.doFilter(ApplicationFilterChain.java:140)
	at org.springframework.web.filter.CharacterEncodingFilter.doFilterInternal(CharacterEncodingFilter.java:201)
	at org.springframework.web.filter.OncePerRequestFilter.doFilter(OncePerRequestFilter.java:116)
	at org.apache.catalina.core.ApplicationFilterChain.internalDoFilter(ApplicationFilterChain.java:164)
	at org.apache.catalina.core.ApplicationFilterChain.doFilter(ApplicationFilterChain.java:140)
	at org.apache.catalina.core.StandardWrapperValve.invoke(StandardWrapperValve.java:167)
	at org.apache.catalina.core.StandardContextValve.invoke(StandardContextValve.java:90)
	at org.apache.catalina.authenticator.AuthenticatorBase.invoke(AuthenticatorBase.java:483)
	at org.apache.catalina.core.StandardHostValve.invoke(StandardHostValve.java:115)
	at org.apache.catalina.valves.ErrorReportValve.invoke(ErrorReportValve.java:93)
	at org.apache.catalina.core.StandardEngineValve.invoke(StandardEngineValve.java:74)
	at org.apache.catalina.connector.CoyoteAdapter.service(CoyoteAdapter.java:344)
	at org.apache.coyote.http11.Http11Processor.service(Http11Processor.java:397)
	at org.apache.coyote.AbstractProcessorLight.process(AbstractProcessorLight.java:63)
	at org.apache.coyote.AbstractProtocol$ConnectionHandler.process(AbstractProtocol.java:905)
	at org.apache.tomcat.util.net.NioEndpoint$SocketProcessor.doRun(NioEndpoint.java:1741)
	at org.apache.tomcat.util.net.SocketProcessorBase.run(SocketProcessorBase.java:52)
	at org.apache.tomcat.util.threads.ThreadPoolExecutor.runWorker(ThreadPoolExecutor.java:1190)
	at org.apache.tomcat.util.threads.ThreadPoolExecutor$Worker.run(ThreadPoolExecutor.java:659)
	at org.apache.tomcat.util.threads.TaskThread$WrappingRunnable.run(TaskThread.java:63)
	at java.base/java.lang.Thread.run(Thread.java:840)
Caused by: org.hibernate.NonUniqueResultException: Query did not return a unique result: 2 results were returned
	at org.hibernate.query.spi.AbstractSelectionQuery.uniqueElement(AbstractSelectionQuery.java:298)
	at org.hibernate.query.spi.AbstractSelectionQuery.getSingleResult(AbstractSelectionQuery.java:281)
	at org.springframework.data.jpa.repository.query.JpaQueryExecution$SingleEntityExecution.doExecute(JpaQueryExecution.java:224)
	at org.springframework.data.jpa.repository.query.JpaQueryExecution.execute(JpaQueryExecution.java:93)
	at org.springframework.data.jpa.repository.query.AbstractJpaQuery.doExecute(AbstractJpaQuery.java:152)
	at org.springframework.data.jpa.repository.query.AbstractJpaQuery.execute(AbstractJpaQuery.java:140)
	at org.springframework.data.repository.core.support.RepositoryMethodInvoker.doInvoke(RepositoryMethodInvoker.java:170)
	at org.springframework.data.repository.core.support.RepositoryMethodInvoker.invoke(RepositoryMethodInvoker.java:158)
	at org.springframework.data.repository.core.support.QueryExecutorMethodInterceptor.doInvoke(QueryExecutorMethodInterceptor.java:170)
	at org.springframework.data.repository.core.support.QueryExecutorMethodInterceptor.invoke(QueryExecutorMethodInterceptor.java:149)
	at org.springframework.aop.framework.ReflectiveMethodInvocation.proceed(ReflectiveMethodInvocation.java:184)
	at org.springframework.data.projection.DefaultMethodInvokingMethodInterceptor.invoke(DefaultMethodInvokingMethodInterceptor.java:69)
	at org.springframework.aop.framework.ReflectiveMethodInvocation.proceed(ReflectiveMethodInvocation.java:184)
	at org.springframework.transaction.interceptor.TransactionAspectSupport.invokeWithinTransaction(TransactionAspectSupport.java:380)
	at org.springframework.transaction.interceptor.TransactionInterceptor.invoke(TransactionInterceptor.java:119)
	at org.springframework.aop.framework.ReflectiveMethodInvocation.proceed(ReflectiveMethodInvocation.java:184)
	at org.springframework.dao.support.PersistenceExceptionTranslationInterceptor.invoke(PersistenceExceptionTranslationInterceptor.java:138)
	... 146 common frames omitted
2026-03-31 00:28:29.173 [http-nio-8080-exec-4] DEBUG [3cd41868] c.s.m.d.controller.MessageController -
        Fetching messages for channel: e054663f-79db-41a6-8385-68e22f93f0dc, cursor: null, size: 50
2026-03-31 00:28:30.137 [http-nio-8080-exec-5] DEBUG [d2e6e495] c.s.m.d.s.basic.BasicChannelService  -
        Finding all channels for user: 1e2f6353-d975-4eb4-9c11-d8e8674fb0a6
2026-03-31 00:28:30.152 [http-nio-8080-exec-9] DEBUG [bd423ee7] c.s.m.d.c.ReadStatusController       -
        Fetching read statuses for user: 1e2f6353-d975-4eb4-9c11-d8e8674fb0a6
2026-03-31 00:28:30.152 [http-nio-8080-exec-9] DEBUG [bd423ee7] c.s.m.d.s.b.BasicReadStatusService   -
        Fetching/Allocating read statuses for user: 1e2f6353-d975-4eb4-9c11-d8e8674fb0a6
2026-03-31 00:28:30.164 [http-nio-8080-exec-9] ERROR [bd423ee7] c.s.m.d.c.GlobalExceptionHandler     -
        Internal Server Error: 
org.springframework.dao.IncorrectResultSizeDataAccessException: Query did not return a unique result: 2 results were returned
	at org.springframework.orm.jpa.vendor.HibernateJpaDialect.convertHibernateAccessException(HibernateJpaDialect.java:301)
	at org.springframework.orm.jpa.vendor.HibernateJpaDialect.translateExceptionIfPossible(HibernateJpaDialect.java:244)
	at org.springframework.orm.jpa.AbstractEntityManagerFactoryBean.translateExceptionIfPossible(AbstractEntityManagerFactoryBean.java:560)
	at org.springframework.dao.support.ChainedPersistenceExceptionTranslator.translateExceptionIfPossible(ChainedPersistenceExceptionTranslator.java:61)
	at org.springframework.dao.support.DataAccessUtils.translateIfNecessary(DataAccessUtils.java:343)
	at org.springframework.dao.support.PersistenceExceptionTranslationInterceptor.invoke(PersistenceExceptionTranslationInterceptor.java:160)
	at org.springframework.aop.framework.ReflectiveMethodInvocation.proceed(ReflectiveMethodInvocation.java:184)
	at org.springframework.data.jpa.repository.support.CrudMethodMetadataPostProcessor$CrudMethodMetadataPopulatingMethodInterceptor.invoke(CrudMethodMetadataPostProcessor.java:136)
	at org.springframework.aop.framework.ReflectiveMethodInvocation.proceed(ReflectiveMethodInvocation.java:184)
	at org.springframework.aop.framework.JdkDynamicAopProxy.invoke(JdkDynamicAopProxy.java:223)
	at jdk.proxy2/jdk.proxy2.$Proxy185.findByUserIdAndChannelId(Unknown Source)
	at com.sprint.mission.discodeit.service.basic.BasicReadStatusService.lambda$findAllByUserId$2(BasicReadStatusService.java:48)
	at java.base/java.util.stream.ReferencePipeline$3$1.accept(ReferencePipeline.java:197)
	at java.base/java.util.ArrayList$ArrayListSpliterator.forEachRemaining(ArrayList.java:1625)
	at java.base/java.util.stream.AbstractPipeline.copyInto(AbstractPipeline.java:509)
	at java.base/java.util.stream.AbstractPipeline.wrapAndCopyInto(AbstractPipeline.java:499)
	at java.base/java.util.stream.AbstractPipeline.evaluate(AbstractPipeline.java:575)
	at java.base/java.util.stream.AbstractPipeline.evaluateToArrayNode(AbstractPipeline.java:260)
	at java.base/java.util.stream.ReferencePipeline.toArray(ReferencePipeline.java:616)
	at java.base/java.util.stream.ReferencePipeline.toArray(ReferencePipeline.java:622)
	at java.base/java.util.stream.ReferencePipeline.toList(ReferencePipeline.java:627)
	at com.sprint.mission.discodeit.service.basic.BasicReadStatusService.findAllByUserId(BasicReadStatusService.java:60)
	at jdk.internal.reflect.GeneratedMethodAccessor88.invoke(Unknown Source)
	at java.base/jdk.internal.reflect.DelegatingMethodAccessorImpl.invoke(DelegatingMethodAccessorImpl.java:43)
	at java.base/java.lang.reflect.Method.invoke(Method.java:569)
	at org.springframework.aop.support.AopUtils.invokeJoinpointUsingReflection(AopUtils.java:359)
	at org.springframework.aop.framework.ReflectiveMethodInvocation.invokeJoinpoint(ReflectiveMethodInvocation.java:196)
	at org.springframework.aop.framework.ReflectiveMethodInvocation.proceed(ReflectiveMethodInvocation.java:163)
	at org.springframework.transaction.interceptor.TransactionAspectSupport.invokeWithinTransaction(TransactionAspectSupport.java:380)
	at org.springframework.transaction.interceptor.TransactionInterceptor.invoke(TransactionInterceptor.java:119)
	at org.springframework.aop.framework.ReflectiveMethodInvocation.proceed(ReflectiveMethodInvocation.java:184)
	at org.springframework.aop.framework.CglibAopProxy$DynamicAdvisedInterceptor.intercept(CglibAopProxy.java:727)
	at com.sprint.mission.discodeit.service.basic.BasicReadStatusService$$SpringCGLIB$$0.findAllByUserId(<generated>)
	at com.sprint.mission.discodeit.controller.ReadStatusController.findAllByUserId(ReadStatusController.java:28)
	at jdk.internal.reflect.GeneratedMethodAccessor87.invoke(Unknown Source)
	at java.base/jdk.internal.reflect.DelegatingMethodAccessorImpl.invoke(DelegatingMethodAccessorImpl.java:43)
	at java.base/java.lang.reflect.Method.invoke(Method.java:569)
	at org.springframework.web.method.support.InvocableHandlerMethod.doInvoke(InvocableHandlerMethod.java:255)
	at org.springframework.web.method.support.InvocableHandlerMethod.invokeForRequest(InvocableHandlerMethod.java:188)
	at org.springframework.web.servlet.mvc.method.annotation.ServletInvocableHandlerMethod.invokeAndHandle(ServletInvocableHandlerMethod.java:118)
	at org.springframework.web.servlet.mvc.method.annotation.RequestMappingHandlerAdapter.invokeHandlerMethod(RequestMappingHandlerAdapter.java:986)
	at org.springframework.web.servlet.mvc.method.annotation.RequestMappingHandlerAdapter.handleInternal(RequestMappingHandlerAdapter.java:891)
	at org.springframework.web.servlet.mvc.method.AbstractHandlerMethodAdapter.handle(AbstractHandlerMethodAdapter.java:87)
	at org.springframework.web.servlet.DispatcherServlet.doDispatch(DispatcherServlet.java:1088)
	at org.springframework.web.servlet.DispatcherServlet.doService(DispatcherServlet.java:978)
	at org.springframework.web.servlet.FrameworkServlet.processRequest(FrameworkServlet.java:1014)
	at org.springframework.web.servlet.FrameworkServlet.doGet(FrameworkServlet.java:903)
	at jakarta.servlet.http.HttpServlet.service(HttpServlet.java:564)
	at org.springframework.web.servlet.FrameworkServlet.service(FrameworkServlet.java:885)
	at jakarta.servlet.http.HttpServlet.service(HttpServlet.java:658)
	at org.apache.catalina.core.ApplicationFilterChain.internalDoFilter(ApplicationFilterChain.java:195)
	at org.apache.catalina.core.ApplicationFilterChain.doFilter(ApplicationFilterChain.java:140)
	at org.apache.tomcat.websocket.server.WsFilter.doFilter(WsFilter.java:51)
	at org.apache.catalina.core.ApplicationFilterChain.internalDoFilter(ApplicationFilterChain.java:164)
	at org.apache.catalina.core.ApplicationFilterChain.doFilter(ApplicationFilterChain.java:140)
	at org.springframework.web.filter.CompositeFilter$VirtualFilterChain.doFilter(CompositeFilter.java:108)
	at org.springframework.security.web.FilterChainProxy.lambda$doFilterInternal$3(FilterChainProxy.java:231)
	at org.springframework.security.web.ObservationFilterChainDecorator$FilterObservation$SimpleFilterObservation.lambda$wrap$1(ObservationFilterChainDecorator.java:479)
	at org.springframework.security.web.ObservationFilterChainDecorator$AroundFilterObservation$SimpleAroundFilterObservation.lambda$wrap$1(ObservationFilterChainDecorator.java:340)
	at org.springframework.security.web.ObservationFilterChainDecorator.lambda$wrapSecured$0(ObservationFilterChainDecorator.java:82)
	at org.springframework.security.web.ObservationFilterChainDecorator$VirtualFilterChain.doFilter(ObservationFilterChainDecorator.java:128)
	at org.springframework.security.web.access.intercept.AuthorizationFilter.doFilter(AuthorizationFilter.java:101)
	at org.springframework.security.web.ObservationFilterChainDecorator$ObservationFilter.wrapFilter(ObservationFilterChainDecorator.java:240)
	at org.springframework.security.web.ObservationFilterChainDecorator$ObservationFilter.doFilter(ObservationFilterChainDecorator.java:227)
	at org.springframework.security.web.ObservationFilterChainDecorator$VirtualFilterChain.doFilter(ObservationFilterChainDecorator.java:137)
	at org.springframework.security.web.access.ExceptionTranslationFilter.doFilter(ExceptionTranslationFilter.java:126)
	at org.springframework.security.web.access.ExceptionTranslationFilter.doFilter(ExceptionTranslationFilter.java:120)
	at org.springframework.security.web.ObservationFilterChainDecorator$ObservationFilter.wrapFilter(ObservationFilterChainDecorator.java:240)
	at org.springframework.security.web.ObservationFilterChainDecorator$ObservationFilter.doFilter(ObservationFilterChainDecorator.java:227)
	at org.springframework.security.web.ObservationFilterChainDecorator$VirtualFilterChain.doFilter(ObservationFilterChainDecorator.java:137)
	at org.springframework.security.web.authentication.AnonymousAuthenticationFilter.doFilter(AnonymousAuthenticationFilter.java:100)
	at org.springframework.security.web.ObservationFilterChainDecorator$ObservationFilter.wrapFilter(ObservationFilterChainDecorator.java:240)
	at org.springframework.security.web.ObservationFilterChainDecorator$ObservationFilter.doFilter(ObservationFilterChainDecorator.java:227)
	at org.springframework.security.web.ObservationFilterChainDecorator$VirtualFilterChain.doFilter(ObservationFilterChainDecorator.java:137)
	at org.springframework.security.web.servletapi.SecurityContextHolderAwareRequestFilter.doFilter(SecurityContextHolderAwareRequestFilter.java:179)
	at org.springframework.security.web.ObservationFilterChainDecorator$ObservationFilter.wrapFilter(ObservationFilterChainDecorator.java:240)
	at org.springframework.security.web.ObservationFilterChainDecorator$ObservationFilter.doFilter(ObservationFilterChainDecorator.java:227)
	at org.springframework.security.web.ObservationFilterChainDecorator$VirtualFilterChain.doFilter(ObservationFilterChainDecorator.java:137)
	at org.springframework.security.web.savedrequest.RequestCacheAwareFilter.doFilter(RequestCacheAwareFilter.java:63)
	at org.springframework.security.web.ObservationFilterChainDecorator$ObservationFilter.wrapFilter(ObservationFilterChainDecorator.java:240)
	at org.springframework.security.web.ObservationFilterChainDecorator$ObservationFilter.doFilter(ObservationFilterChainDecorator.java:227)
	at org.springframework.security.web.ObservationFilterChainDecorator$VirtualFilterChain.doFilter(ObservationFilterChainDecorator.java:137)
	at org.springframework.security.web.authentication.logout.LogoutFilter.doFilter(LogoutFilter.java:107)
	at org.springframework.security.web.authentication.logout.LogoutFilter.doFilter(LogoutFilter.java:93)
	at org.springframework.security.web.ObservationFilterChainDecorator$ObservationFilter.wrapFilter(ObservationFilterChainDecorator.java:240)
	at org.springframework.security.web.ObservationFilterChainDecorator$ObservationFilter.doFilter(ObservationFilterChainDecorator.java:227)
	at org.springframework.security.web.ObservationFilterChainDecorator$VirtualFilterChain.doFilter(ObservationFilterChainDecorator.java:137)
	at org.springframework.security.web.header.HeaderWriterFilter.doHeadersAfter(HeaderWriterFilter.java:90)
	at org.springframework.security.web.header.HeaderWriterFilter.doFilterInternal(HeaderWriterFilter.java:75)
	at org.springframework.web.filter.OncePerRequestFilter.doFilter(OncePerRequestFilter.java:116)
	at org.springframework.security.web.ObservationFilterChainDecorator$ObservationFilter.wrapFilter(ObservationFilterChainDecorator.java:240)
	at org.springframework.security.web.ObservationFilterChainDecorator$ObservationFilter.doFilter(ObservationFilterChainDecorator.java:227)
	at org.springframework.security.web.ObservationFilterChainDecorator$VirtualFilterChain.doFilter(ObservationFilterChainDecorator.java:137)
	at org.springframework.security.web.context.SecurityContextHolderFilter.doFilter(SecurityContextHolderFilter.java:82)
	at org.springframework.security.web.context.SecurityContextHolderFilter.doFilter(SecurityContextHolderFilter.java:69)
	at org.springframework.security.web.ObservationFilterChainDecorator$ObservationFilter.wrapFilter(ObservationFilterChainDecorator.java:240)
	at org.springframework.security.web.ObservationFilterChainDecorator$ObservationFilter.doFilter(ObservationFilterChainDecorator.java:227)
	at org.springframework.security.web.ObservationFilterChainDecorator$VirtualFilterChain.doFilter(ObservationFilterChainDecorator.java:137)
	at org.springframework.security.web.context.request.async.WebAsyncManagerIntegrationFilter.doFilterInternal(WebAsyncManagerIntegrationFilter.java:62)
	at org.springframework.web.filter.OncePerRequestFilter.doFilter(OncePerRequestFilter.java:116)
	at org.springframework.security.web.ObservationFilterChainDecorator$ObservationFilter.wrapFilter(ObservationFilterChainDecorator.java:240)
	at org.springframework.security.web.ObservationFilterChainDecorator$ObservationFilter.doFilter(ObservationFilterChainDecorator.java:227)
	at org.springframework.security.web.ObservationFilterChainDecorator$VirtualFilterChain.doFilter(ObservationFilterChainDecorator.java:137)
	at org.springframework.security.web.session.DisableEncodeUrlFilter.doFilterInternal(DisableEncodeUrlFilter.java:42)
	at org.springframework.web.filter.OncePerRequestFilter.doFilter(OncePerRequestFilter.java:116)
	at org.springframework.security.web.ObservationFilterChainDecorator$ObservationFilter.wrapFilter(ObservationFilterChainDecorator.java:240)
	at org.springframework.security.web.ObservationFilterChainDecorator$AroundFilterObservation$SimpleAroundFilterObservation.lambda$wrap$0(ObservationFilterChainDecorator.java:323)
	at org.springframework.security.web.ObservationFilterChainDecorator$ObservationFilter.doFilter(ObservationFilterChainDecorator.java:224)
	at org.springframework.security.web.ObservationFilterChainDecorator$VirtualFilterChain.doFilter(ObservationFilterChainDecorator.java:137)
	at org.springframework.security.web.FilterChainProxy.doFilterInternal(FilterChainProxy.java:233)
	at org.springframework.security.web.FilterChainProxy.doFilter(FilterChainProxy.java:191)
	at org.springframework.web.filter.CompositeFilter$VirtualFilterChain.doFilter(CompositeFilter.java:113)
	at org.springframework.web.servlet.handler.HandlerMappingIntrospector.lambda$createCacheFilter$3(HandlerMappingIntrospector.java:243)
	at org.springframework.web.filter.CompositeFilter$VirtualFilterChain.doFilter(CompositeFilter.java:113)
	at org.springframework.web.filter.CompositeFilter.doFilter(CompositeFilter.java:74)
	at org.springframework.security.config.annotation.web.configuration.WebMvcSecurityConfiguration$CompositeFilterChainProxy.doFilter(WebMvcSecurityConfiguration.java:238)
	at org.springframework.web.filter.DelegatingFilterProxy.invokeDelegate(DelegatingFilterProxy.java:362)
	at org.springframework.web.filter.DelegatingFilterProxy.doFilter(DelegatingFilterProxy.java:278)
	at org.apache.catalina.core.ApplicationFilterChain.internalDoFilter(ApplicationFilterChain.java:164)
	at org.apache.catalina.core.ApplicationFilterChain.doFilter(ApplicationFilterChain.java:140)
	at org.springframework.web.filter.RequestContextFilter.doFilterInternal(RequestContextFilter.java:100)
	at org.springframework.web.filter.OncePerRequestFilter.doFilter(OncePerRequestFilter.java:116)
	at org.apache.catalina.core.ApplicationFilterChain.internalDoFilter(ApplicationFilterChain.java:164)
	at org.apache.catalina.core.ApplicationFilterChain.doFilter(ApplicationFilterChain.java:140)
	at org.springframework.web.filter.FormContentFilter.doFilterInternal(FormContentFilter.java:93)
	at org.springframework.web.filter.OncePerRequestFilter.doFilter(OncePerRequestFilter.java:116)
	at org.apache.catalina.core.ApplicationFilterChain.internalDoFilter(ApplicationFilterChain.java:164)
	at org.apache.catalina.core.ApplicationFilterChain.doFilter(ApplicationFilterChain.java:140)
	at org.springframework.web.filter.ServerHttpObservationFilter.doFilterInternal(ServerHttpObservationFilter.java:114)
	at org.springframework.web.filter.OncePerRequestFilter.doFilter(OncePerRequestFilter.java:116)
	at org.apache.catalina.core.ApplicationFilterChain.internalDoFilter(ApplicationFilterChain.java:164)
	at org.apache.catalina.core.ApplicationFilterChain.doFilter(ApplicationFilterChain.java:140)
	at org.springframework.web.filter.CharacterEncodingFilter.doFilterInternal(CharacterEncodingFilter.java:201)
	at org.springframework.web.filter.OncePerRequestFilter.doFilter(OncePerRequestFilter.java:116)
	at org.apache.catalina.core.ApplicationFilterChain.internalDoFilter(ApplicationFilterChain.java:164)
	at org.apache.catalina.core.ApplicationFilterChain.doFilter(ApplicationFilterChain.java:140)
	at org.apache.catalina.core.StandardWrapperValve.invoke(StandardWrapperValve.java:167)
	at org.apache.catalina.core.StandardContextValve.invoke(StandardContextValve.java:90)
	at org.apache.catalina.authenticator.AuthenticatorBase.invoke(AuthenticatorBase.java:483)
	at org.apache.catalina.core.StandardHostValve.invoke(StandardHostValve.java:115)
	at org.apache.catalina.valves.ErrorReportValve.invoke(ErrorReportValve.java:93)
	at org.apache.catalina.core.StandardEngineValve.invoke(StandardEngineValve.java:74)
	at org.apache.catalina.connector.CoyoteAdapter.service(CoyoteAdapter.java:344)
	at org.apache.coyote.http11.Http11Processor.service(Http11Processor.java:397)
	at org.apache.coyote.AbstractProcessorLight.process(AbstractProcessorLight.java:63)
	at org.apache.coyote.AbstractProtocol$ConnectionHandler.process(AbstractProtocol.java:905)
	at org.apache.tomcat.util.net.NioEndpoint$SocketProcessor.doRun(NioEndpoint.java:1741)
	at org.apache.tomcat.util.net.SocketProcessorBase.run(SocketProcessorBase.java:52)
	at org.apache.tomcat.util.threads.ThreadPoolExecutor.runWorker(ThreadPoolExecutor.java:1190)
	at org.apache.tomcat.util.threads.ThreadPoolExecutor$Worker.run(ThreadPoolExecutor.java:659)
	at org.apache.tomcat.util.threads.TaskThread$WrappingRunnable.run(TaskThread.java:63)
	at java.base/java.lang.Thread.run(Thread.java:840)
Caused by: org.hibernate.NonUniqueResultException: Query did not return a unique result: 2 results were returned
	at org.hibernate.query.spi.AbstractSelectionQuery.uniqueElement(AbstractSelectionQuery.java:298)
	at org.hibernate.query.spi.AbstractSelectionQuery.getSingleResult(AbstractSelectionQuery.java:281)
	at org.springframework.data.jpa.repository.query.JpaQueryExecution$SingleEntityExecution.doExecute(JpaQueryExecution.java:224)
	at org.springframework.data.jpa.repository.query.JpaQueryExecution.execute(JpaQueryExecution.java:93)
	at org.springframework.data.jpa.repository.query.AbstractJpaQuery.doExecute(AbstractJpaQuery.java:152)
	at org.springframework.data.jpa.repository.query.AbstractJpaQuery.execute(AbstractJpaQuery.java:140)
	at org.springframework.data.repository.core.support.RepositoryMethodInvoker.doInvoke(RepositoryMethodInvoker.java:170)
	at org.springframework.data.repository.core.support.RepositoryMethodInvoker.invoke(RepositoryMethodInvoker.java:158)
	at org.springframework.data.repository.core.support.QueryExecutorMethodInterceptor.doInvoke(QueryExecutorMethodInterceptor.java:170)
	at org.springframework.data.repository.core.support.QueryExecutorMethodInterceptor.invoke(QueryExecutorMethodInterceptor.java:149)
	at org.springframework.aop.framework.ReflectiveMethodInvocation.proceed(ReflectiveMethodInvocation.java:184)
	at org.springframework.data.projection.DefaultMethodInvokingMethodInterceptor.invoke(DefaultMethodInvokingMethodInterceptor.java:69)
	at org.springframework.aop.framework.ReflectiveMethodInvocation.proceed(ReflectiveMethodInvocation.java:184)
	at org.springframework.transaction.interceptor.TransactionAspectSupport.invokeWithinTransaction(TransactionAspectSupport.java:380)
	at org.springframework.transaction.interceptor.TransactionInterceptor.invoke(TransactionInterceptor.java:119)
	at org.springframework.aop.framework.ReflectiveMethodInvocation.proceed(ReflectiveMethodInvocation.java:184)
	at org.springframework.dao.support.PersistenceExceptionTranslationInterceptor.invoke(PersistenceExceptionTranslationInterceptor.java:138)
	... 146 common frames omitted
2026-03-31 00:28:32.189 [http-nio-8080-exec-8] DEBUG [cff4a63d] c.s.m.d.controller.MessageController -
        Fetching messages for channel: e054663f-79db-41a6-8385-68e22f93f0dc, cursor: null, size: 50
2026-03-31 00:28:33.146 [http-nio-8080-exec-7] DEBUG [7a62e357] c.s.m.d.s.basic.BasicChannelService  -
        Finding all channels for user: 1e2f6353-d975-4eb4-9c11-d8e8674fb0a6
2026-03-31 00:28:33.161 [http-nio-8080-exec-10] DEBUG [ac6286f6] c.s.m.d.c.ReadStatusController       -
        Fetching read statuses for user: 1e2f6353-d975-4eb4-9c11-d8e8674fb0a6
2026-03-31 00:28:33.163 [http-nio-8080-exec-10] DEBUG [ac6286f6] c.s.m.d.s.b.BasicReadStatusService   -
        Fetching/Allocating read statuses for user: 1e2f6353-d975-4eb4-9c11-d8e8674fb0a6
2026-03-31 00:28:33.175 [http-nio-8080-exec-10] ERROR [ac6286f6] c.s.m.d.c.GlobalExceptionHandler     -
        Internal Server Error: 
org.springframework.dao.IncorrectResultSizeDataAccessException: Query did not return a unique result: 2 results were returned
	at org.springframework.orm.jpa.vendor.HibernateJpaDialect.convertHibernateAccessException(HibernateJpaDialect.java:301)
	at org.springframework.orm.jpa.vendor.HibernateJpaDialect.translateExceptionIfPossible(HibernateJpaDialect.java:244)
	at org.springframework.orm.jpa.AbstractEntityManagerFactoryBean.translateExceptionIfPossible(AbstractEntityManagerFactoryBean.java:560)
	at org.springframework.dao.support.ChainedPersistenceExceptionTranslator.translateExceptionIfPossible(ChainedPersistenceExceptionTranslator.java:61)
	at org.springframework.dao.support.DataAccessUtils.translateIfNecessary(DataAccessUtils.java:343)
	at org.springframework.dao.support.PersistenceExceptionTranslationInterceptor.invoke(PersistenceExceptionTranslationInterceptor.java:160)
	at org.springframework.aop.framework.ReflectiveMethodInvocation.proceed(ReflectiveMethodInvocation.java:184)
	at org.springframework.data.jpa.repository.support.CrudMethodMetadataPostProcessor$CrudMethodMetadataPopulatingMethodInterceptor.invoke(CrudMethodMetadataPostProcessor.java:136)
	at org.springframework.aop.framework.ReflectiveMethodInvocation.proceed(ReflectiveMethodInvocation.java:184)
	at org.springframework.aop.framework.JdkDynamicAopProxy.invoke(JdkDynamicAopProxy.java:223)
	at jdk.proxy2/jdk.proxy2.$Proxy185.findByUserIdAndChannelId(Unknown Source)
	at com.sprint.mission.discodeit.service.basic.BasicReadStatusService.lambda$findAllByUserId$2(BasicReadStatusService.java:48)
	at java.base/java.util.stream.ReferencePipeline$3$1.accept(ReferencePipeline.java:197)
	at java.base/java.util.ArrayList$ArrayListSpliterator.forEachRemaining(ArrayList.java:1625)
	at java.base/java.util.stream.AbstractPipeline.copyInto(AbstractPipeline.java:509)
	at java.base/java.util.stream.AbstractPipeline.wrapAndCopyInto(AbstractPipeline.java:499)
	at java.base/java.util.stream.AbstractPipeline.evaluate(AbstractPipeline.java:575)
	at java.base/java.util.stream.AbstractPipeline.evaluateToArrayNode(AbstractPipeline.java:260)
	at java.base/java.util.stream.ReferencePipeline.toArray(ReferencePipeline.java:616)
	at java.base/java.util.stream.ReferencePipeline.toArray(ReferencePipeline.java:622)
	at java.base/java.util.stream.ReferencePipeline.toList(ReferencePipeline.java:627)
	at com.sprint.mission.discodeit.service.basic.BasicReadStatusService.findAllByUserId(BasicReadStatusService.java:60)
	at jdk.internal.reflect.GeneratedMethodAccessor88.invoke(Unknown Source)
	at java.base/jdk.internal.reflect.DelegatingMethodAccessorImpl.invoke(DelegatingMethodAccessorImpl.java:43)
	at java.base/java.lang.reflect.Method.invoke(Method.java:569)
	at org.springframework.aop.support.AopUtils.invokeJoinpointUsingReflection(AopUtils.java:359)
	at org.springframework.aop.framework.ReflectiveMethodInvocation.invokeJoinpoint(ReflectiveMethodInvocation.java:196)
	at org.springframework.aop.framework.ReflectiveMethodInvocation.proceed(ReflectiveMethodInvocation.java:163)
	at org.springframework.transaction.interceptor.TransactionAspectSupport.invokeWithinTransaction(TransactionAspectSupport.java:380)
	at org.springframework.transaction.interceptor.TransactionInterceptor.invoke(TransactionInterceptor.java:119)
	at org.springframework.aop.framework.ReflectiveMethodInvocation.proceed(ReflectiveMethodInvocation.java:184)
	at org.springframework.aop.framework.CglibAopProxy$DynamicAdvisedInterceptor.intercept(CglibAopProxy.java:727)
	at com.sprint.mission.discodeit.service.basic.BasicReadStatusService$$SpringCGLIB$$0.findAllByUserId(<generated>)
	at com.sprint.mission.discodeit.controller.ReadStatusController.findAllByUserId(ReadStatusController.java:28)
	at jdk.internal.reflect.GeneratedMethodAccessor87.invoke(Unknown Source)
	at java.base/jdk.internal.reflect.DelegatingMethodAccessorImpl.invoke(DelegatingMethodAccessorImpl.java:43)
	at java.base/java.lang.reflect.Method.invoke(Method.java:569)
	at org.springframework.web.method.support.InvocableHandlerMethod.doInvoke(InvocableHandlerMethod.java:255)
	at org.springframework.web.method.support.InvocableHandlerMethod.invokeForRequest(InvocableHandlerMethod.java:188)
	at org.springframework.web.servlet.mvc.method.annotation.ServletInvocableHandlerMethod.invokeAndHandle(ServletInvocableHandlerMethod.java:118)
	at org.springframework.web.servlet.mvc.method.annotation.RequestMappingHandlerAdapter.invokeHandlerMethod(RequestMappingHandlerAdapter.java:986)
	at org.springframework.web.servlet.mvc.method.annotation.RequestMappingHandlerAdapter.handleInternal(RequestMappingHandlerAdapter.java:891)
	at org.springframework.web.servlet.mvc.method.AbstractHandlerMethodAdapter.handle(AbstractHandlerMethodAdapter.java:87)
	at org.springframework.web.servlet.DispatcherServlet.doDispatch(DispatcherServlet.java:1088)
	at org.springframework.web.servlet.DispatcherServlet.doService(DispatcherServlet.java:978)
	at org.springframework.web.servlet.FrameworkServlet.processRequest(FrameworkServlet.java:1014)
	at org.springframework.web.servlet.FrameworkServlet.doGet(FrameworkServlet.java:903)
	at jakarta.servlet.http.HttpServlet.service(HttpServlet.java:564)
	at org.springframework.web.servlet.FrameworkServlet.service(FrameworkServlet.java:885)
	at jakarta.servlet.http.HttpServlet.service(HttpServlet.java:658)
	at org.apache.catalina.core.ApplicationFilterChain.internalDoFilter(ApplicationFilterChain.java:195)
	at org.apache.catalina.core.ApplicationFilterChain.doFilter(ApplicationFilterChain.java:140)
	at org.apache.tomcat.websocket.server.WsFilter.doFilter(WsFilter.java:51)
	at org.apache.catalina.core.ApplicationFilterChain.internalDoFilter(ApplicationFilterChain.java:164)
	at org.apache.catalina.core.ApplicationFilterChain.doFilter(ApplicationFilterChain.java:140)
	at org.springframework.web.filter.CompositeFilter$VirtualFilterChain.doFilter(CompositeFilter.java:108)
	at org.springframework.security.web.FilterChainProxy.lambda$doFilterInternal$3(FilterChainProxy.java:231)
	at org.springframework.security.web.ObservationFilterChainDecorator$FilterObservation$SimpleFilterObservation.lambda$wrap$1(ObservationFilterChainDecorator.java:479)
	at org.springframework.security.web.ObservationFilterChainDecorator$AroundFilterObservation$SimpleAroundFilterObservation.lambda$wrap$1(ObservationFilterChainDecorator.java:340)
	at org.springframework.security.web.ObservationFilterChainDecorator.lambda$wrapSecured$0(ObservationFilterChainDecorator.java:82)
	at org.springframework.security.web.ObservationFilterChainDecorator$VirtualFilterChain.doFilter(ObservationFilterChainDecorator.java:128)
	at org.springframework.security.web.access.intercept.AuthorizationFilter.doFilter(AuthorizationFilter.java:101)
	at org.springframework.security.web.ObservationFilterChainDecorator$ObservationFilter.wrapFilter(ObservationFilterChainDecorator.java:240)
	at org.springframework.security.web.ObservationFilterChainDecorator$ObservationFilter.doFilter(ObservationFilterChainDecorator.java:227)
	at org.springframework.security.web.ObservationFilterChainDecorator$VirtualFilterChain.doFilter(ObservationFilterChainDecorator.java:137)
	at org.springframework.security.web.access.ExceptionTranslationFilter.doFilter(ExceptionTranslationFilter.java:126)
	at org.springframework.security.web.access.ExceptionTranslationFilter.doFilter(ExceptionTranslationFilter.java:120)
	at org.springframework.security.web.ObservationFilterChainDecorator$ObservationFilter.wrapFilter(ObservationFilterChainDecorator.java:240)
	at org.springframework.security.web.ObservationFilterChainDecorator$ObservationFilter.doFilter(ObservationFilterChainDecorator.java:227)
	at org.springframework.security.web.ObservationFilterChainDecorator$VirtualFilterChain.doFilter(ObservationFilterChainDecorator.java:137)
	at org.springframework.security.web.authentication.AnonymousAuthenticationFilter.doFilter(AnonymousAuthenticationFilter.java:100)
	at org.springframework.security.web.ObservationFilterChainDecorator$ObservationFilter.wrapFilter(ObservationFilterChainDecorator.java:240)
	at org.springframework.security.web.ObservationFilterChainDecorator$ObservationFilter.doFilter(ObservationFilterChainDecorator.java:227)
	at org.springframework.security.web.ObservationFilterChainDecorator$VirtualFilterChain.doFilter(ObservationFilterChainDecorator.java:137)
	at org.springframework.security.web.servletapi.SecurityContextHolderAwareRequestFilter.doFilter(SecurityContextHolderAwareRequestFilter.java:179)
	at org.springframework.security.web.ObservationFilterChainDecorator$ObservationFilter.wrapFilter(ObservationFilterChainDecorator.java:240)
	at org.springframework.security.web.ObservationFilterChainDecorator$ObservationFilter.doFilter(ObservationFilterChainDecorator.java:227)
	at org.springframework.security.web.ObservationFilterChainDecorator$VirtualFilterChain.doFilter(ObservationFilterChainDecorator.java:137)
	at org.springframework.security.web.savedrequest.RequestCacheAwareFilter.doFilter(RequestCacheAwareFilter.java:63)
	at org.springframework.security.web.ObservationFilterChainDecorator$ObservationFilter.wrapFilter(ObservationFilterChainDecorator.java:240)
	at org.springframework.security.web.ObservationFilterChainDecorator$ObservationFilter.doFilter(ObservationFilterChainDecorator.java:227)
	at org.springframework.security.web.ObservationFilterChainDecorator$VirtualFilterChain.doFilter(ObservationFilterChainDecorator.java:137)
	at org.springframework.security.web.authentication.logout.LogoutFilter.doFilter(LogoutFilter.java:107)
	at org.springframework.security.web.authentication.logout.LogoutFilter.doFilter(LogoutFilter.java:93)
	at org.springframework.security.web.ObservationFilterChainDecorator$ObservationFilter.wrapFilter(ObservationFilterChainDecorator.java:240)
	at org.springframework.security.web.ObservationFilterChainDecorator$ObservationFilter.doFilter(ObservationFilterChainDecorator.java:227)
	at org.springframework.security.web.ObservationFilterChainDecorator$VirtualFilterChain.doFilter(ObservationFilterChainDecorator.java:137)
	at org.springframework.security.web.header.HeaderWriterFilter.doHeadersAfter(HeaderWriterFilter.java:90)
	at org.springframework.security.web.header.HeaderWriterFilter.doFilterInternal(HeaderWriterFilter.java:75)
	at org.springframework.web.filter.OncePerRequestFilter.doFilter(OncePerRequestFilter.java:116)
	at org.springframework.security.web.ObservationFilterChainDecorator$ObservationFilter.wrapFilter(ObservationFilterChainDecorator.java:240)
	at org.springframework.security.web.ObservationFilterChainDecorator$ObservationFilter.doFilter(ObservationFilterChainDecorator.java:227)
	at org.springframework.security.web.ObservationFilterChainDecorator$VirtualFilterChain.doFilter(ObservationFilterChainDecorator.java:137)
	at org.springframework.security.web.context.SecurityContextHolderFilter.doFilter(SecurityContextHolderFilter.java:82)
	at org.springframework.security.web.context.SecurityContextHolderFilter.doFilter(SecurityContextHolderFilter.java:69)
	at org.springframework.security.web.ObservationFilterChainDecorator$ObservationFilter.wrapFilter(ObservationFilterChainDecorator.java:240)
	at org.springframework.security.web.ObservationFilterChainDecorator$ObservationFilter.doFilter(ObservationFilterChainDecorator.java:227)
	at org.springframework.security.web.ObservationFilterChainDecorator$VirtualFilterChain.doFilter(ObservationFilterChainDecorator.java:137)
	at org.springframework.security.web.context.request.async.WebAsyncManagerIntegrationFilter.doFilterInternal(WebAsyncManagerIntegrationFilter.java:62)
	at org.springframework.web.filter.OncePerRequestFilter.doFilter(OncePerRequestFilter.java:116)
	at org.springframework.security.web.ObservationFilterChainDecorator$ObservationFilter.wrapFilter(ObservationFilterChainDecorator.java:240)
	at org.springframework.security.web.ObservationFilterChainDecorator$ObservationFilter.doFilter(ObservationFilterChainDecorator.java:227)
	at org.springframework.security.web.ObservationFilterChainDecorator$VirtualFilterChain.doFilter(ObservationFilterChainDecorator.java:137)
	at org.springframework.security.web.session.DisableEncodeUrlFilter.doFilterInternal(DisableEncodeUrlFilter.java:42)
	at org.springframework.web.filter.OncePerRequestFilter.doFilter(OncePerRequestFilter.java:116)
	at org.springframework.security.web.ObservationFilterChainDecorator$ObservationFilter.wrapFilter(ObservationFilterChainDecorator.java:240)
	at org.springframework.security.web.ObservationFilterChainDecorator$AroundFilterObservation$SimpleAroundFilterObservation.lambda$wrap$0(ObservationFilterChainDecorator.java:323)
	at org.springframework.security.web.ObservationFilterChainDecorator$ObservationFilter.doFilter(ObservationFilterChainDecorator.java:224)
	at org.springframework.security.web.ObservationFilterChainDecorator$VirtualFilterChain.doFilter(ObservationFilterChainDecorator.java:137)
	at org.springframework.security.web.FilterChainProxy.doFilterInternal(FilterChainProxy.java:233)
	at org.springframework.security.web.FilterChainProxy.doFilter(FilterChainProxy.java:191)
	at org.springframework.web.filter.CompositeFilter$VirtualFilterChain.doFilter(CompositeFilter.java:113)
	at org.springframework.web.servlet.handler.HandlerMappingIntrospector.lambda$createCacheFilter$3(HandlerMappingIntrospector.java:243)
	at org.springframework.web.filter.CompositeFilter$VirtualFilterChain.doFilter(CompositeFilter.java:113)
	at org.springframework.web.filter.CompositeFilter.doFilter(CompositeFilter.java:74)
	at org.springframework.security.config.annotation.web.configuration.WebMvcSecurityConfiguration$CompositeFilterChainProxy.doFilter(WebMvcSecurityConfiguration.java:238)
	at org.springframework.web.filter.DelegatingFilterProxy.invokeDelegate(DelegatingFilterProxy.java:362)
	at org.springframework.web.filter.DelegatingFilterProxy.doFilter(DelegatingFilterProxy.java:278)
	at org.apache.catalina.core.ApplicationFilterChain.internalDoFilter(ApplicationFilterChain.java:164)
	at org.apache.catalina.core.ApplicationFilterChain.doFilter(ApplicationFilterChain.java:140)
	at org.springframework.web.filter.RequestContextFilter.doFilterInternal(RequestContextFilter.java:100)
	at org.springframework.web.filter.OncePerRequestFilter.doFilter(OncePerRequestFilter.java:116)
	at org.apache.catalina.core.ApplicationFilterChain.internalDoFilter(ApplicationFilterChain.java:164)
	at org.apache.catalina.core.ApplicationFilterChain.doFilter(ApplicationFilterChain.java:140)
	at org.springframework.web.filter.FormContentFilter.doFilterInternal(FormContentFilter.java:93)
	at org.springframework.web.filter.OncePerRequestFilter.doFilter(OncePerRequestFilter.java:116)
	at org.apache.catalina.core.ApplicationFilterChain.internalDoFilter(ApplicationFilterChain.java:164)
	at org.apache.catalina.core.ApplicationFilterChain.doFilter(ApplicationFilterChain.java:140)
	at org.springframework.web.filter.ServerHttpObservationFilter.doFilterInternal(ServerHttpObservationFilter.java:114)
	at org.springframework.web.filter.OncePerRequestFilter.doFilter(OncePerRequestFilter.java:116)
	at org.apache.catalina.core.ApplicationFilterChain.internalDoFilter(ApplicationFilterChain.java:164)
	at org.apache.catalina.core.ApplicationFilterChain.doFilter(ApplicationFilterChain.java:140)
	at org.springframework.web.filter.CharacterEncodingFilter.doFilterInternal(CharacterEncodingFilter.java:201)
	at org.springframework.web.filter.OncePerRequestFilter.doFilter(OncePerRequestFilter.java:116)
	at org.apache.catalina.core.ApplicationFilterChain.internalDoFilter(ApplicationFilterChain.java:164)
	at org.apache.catalina.core.ApplicationFilterChain.doFilter(ApplicationFilterChain.java:140)
	at org.apache.catalina.core.StandardWrapperValve.invoke(StandardWrapperValve.java:167)
	at org.apache.catalina.core.StandardContextValve.invoke(StandardContextValve.java:90)
	at org.apache.catalina.authenticator.AuthenticatorBase.invoke(AuthenticatorBase.java:483)
	at org.apache.catalina.core.StandardHostValve.invoke(StandardHostValve.java:115)
	at org.apache.catalina.valves.ErrorReportValve.invoke(ErrorReportValve.java:93)
	at org.apache.catalina.core.StandardEngineValve.invoke(StandardEngineValve.java:74)
	at org.apache.catalina.connector.CoyoteAdapter.service(CoyoteAdapter.java:344)
	at org.apache.coyote.http11.Http11Processor.service(Http11Processor.java:397)
	at org.apache.coyote.AbstractProcessorLight.process(AbstractProcessorLight.java:63)
	at org.apache.coyote.AbstractProtocol$ConnectionHandler.process(AbstractProtocol.java:905)
	at org.apache.tomcat.util.net.NioEndpoint$SocketProcessor.doRun(NioEndpoint.java:1741)
	at org.apache.tomcat.util.net.SocketProcessorBase.run(SocketProcessorBase.java:52)
	at org.apache.tomcat.util.threads.ThreadPoolExecutor.runWorker(ThreadPoolExecutor.java:1190)
	at org.apache.tomcat.util.threads.ThreadPoolExecutor$Worker.run(ThreadPoolExecutor.java:659)
	at org.apache.tomcat.util.threads.TaskThread$WrappingRunnable.run(TaskThread.java:63)
	at java.base/java.lang.Thread.run(Thread.java:840)
Caused by: org.hibernate.NonUniqueResultException: Query did not return a unique result: 2 results were returned
	at org.hibernate.query.spi.AbstractSelectionQuery.uniqueElement(AbstractSelectionQuery.java:298)
	at org.hibernate.query.spi.AbstractSelectionQuery.getSingleResult(AbstractSelectionQuery.java:281)
	at org.springframework.data.jpa.repository.query.JpaQueryExecution$SingleEntityExecution.doExecute(JpaQueryExecution.java:224)
	at org.springframework.data.jpa.repository.query.JpaQueryExecution.execute(JpaQueryExecution.java:93)
	at org.springframework.data.jpa.repository.query.AbstractJpaQuery.doExecute(AbstractJpaQuery.java:152)
	at org.springframework.data.jpa.repository.query.AbstractJpaQuery.execute(AbstractJpaQuery.java:140)
	at org.springframework.data.repository.core.support.RepositoryMethodInvoker.doInvoke(RepositoryMethodInvoker.java:170)
	at org.springframework.data.repository.core.support.RepositoryMethodInvoker.invoke(RepositoryMethodInvoker.java:158)
	at org.springframework.data.repository.core.support.QueryExecutorMethodInterceptor.doInvoke(QueryExecutorMethodInterceptor.java:170)
	at org.springframework.data.repository.core.support.QueryExecutorMethodInterceptor.invoke(QueryExecutorMethodInterceptor.java:149)
	at org.springframework.aop.framework.ReflectiveMethodInvocation.proceed(ReflectiveMethodInvocation.java:184)
	at org.springframework.data.projection.DefaultMethodInvokingMethodInterceptor.invoke(DefaultMethodInvokingMethodInterceptor.java:69)
	at org.springframework.aop.framework.ReflectiveMethodInvocation.proceed(ReflectiveMethodInvocation.java:184)
	at org.springframework.transaction.interceptor.TransactionAspectSupport.invokeWithinTransaction(TransactionAspectSupport.java:380)
	at org.springframework.transaction.interceptor.TransactionInterceptor.invoke(TransactionInterceptor.java:119)
	at org.springframework.aop.framework.ReflectiveMethodInvocation.proceed(ReflectiveMethodInvocation.java:184)
	at org.springframework.dao.support.PersistenceExceptionTranslationInterceptor.invoke(PersistenceExceptionTranslationInterceptor.java:138)
	... 146 common frames omitted
2026-03-31 00:28:35.207 [http-nio-8080-exec-1] DEBUG [c54e95c9] c.s.m.d.controller.MessageController -
        Fetching messages for channel: e054663f-79db-41a6-8385-68e22f93f0dc, cursor: null, size: 50
2026-03-31 00:28:36.133 [http-nio-8080-exec-3] DEBUG [3c82a97b] c.s.m.d.s.basic.BasicChannelService  -
        Finding all channels for user: 1e2f6353-d975-4eb4-9c11-d8e8674fb0a6
2026-03-31 00:28:36.146 [http-nio-8080-exec-2] DEBUG [193868d3] c.s.m.d.c.ReadStatusController       -
        Fetching read statuses for user: 1e2f6353-d975-4eb4-9c11-d8e8674fb0a6
2026-03-31 00:28:36.146 [http-nio-8080-exec-2] DEBUG [193868d3] c.s.m.d.s.b.BasicReadStatusService   -
        Fetching/Allocating read statuses for user: 1e2f6353-d975-4eb4-9c11-d8e8674fb0a6
2026-03-31 00:28:36.159 [http-nio-8080-exec-2] ERROR [193868d3] c.s.m.d.c.GlobalExceptionHandler     -
        Internal Server Error: 
org.springframework.dao.IncorrectResultSizeDataAccessException: Query did not return a unique result: 2 results were returned
	at org.springframework.orm.jpa.vendor.HibernateJpaDialect.convertHibernateAccessException(HibernateJpaDialect.java:301)
	at org.springframework.orm.jpa.vendor.HibernateJpaDialect.translateExceptionIfPossible(HibernateJpaDialect.java:244)
	at org.springframework.orm.jpa.AbstractEntityManagerFactoryBean.translateExceptionIfPossible(AbstractEntityManagerFactoryBean.java:560)
	at org.springframework.dao.support.ChainedPersistenceExceptionTranslator.translateExceptionIfPossible(ChainedPersistenceExceptionTranslator.java:61)
	at org.springframework.dao.support.DataAccessUtils.translateIfNecessary(DataAccessUtils.java:343)
	at org.springframework.dao.support.PersistenceExceptionTranslationInterceptor.invoke(PersistenceExceptionTranslationInterceptor.java:160)
	at org.springframework.aop.framework.ReflectiveMethodInvocation.proceed(ReflectiveMethodInvocation.java:184)
	at org.springframework.data.jpa.repository.support.CrudMethodMetadataPostProcessor$CrudMethodMetadataPopulatingMethodInterceptor.invoke(CrudMethodMetadataPostProcessor.java:136)
	at org.springframework.aop.framework.ReflectiveMethodInvocation.proceed(ReflectiveMethodInvocation.java:184)
	at org.springframework.aop.framework.JdkDynamicAopProxy.invoke(JdkDynamicAopProxy.java:223)
	at jdk.proxy2/jdk.proxy2.$Proxy185.findByUserIdAndChannelId(Unknown Source)
	at com.sprint.mission.discodeit.service.basic.BasicReadStatusService.lambda$findAllByUserId$2(BasicReadStatusService.java:48)
	at java.base/java.util.stream.ReferencePipeline$3$1.accept(ReferencePipeline.java:197)
	at java.base/java.util.ArrayList$ArrayListSpliterator.forEachRemaining(ArrayList.java:1625)
	at java.base/java.util.stream.AbstractPipeline.copyInto(AbstractPipeline.java:509)
	at java.base/java.util.stream.AbstractPipeline.wrapAndCopyInto(AbstractPipeline.java:499)
	at java.base/java.util.stream.AbstractPipeline.evaluate(AbstractPipeline.java:575)
	at java.base/java.util.stream.AbstractPipeline.evaluateToArrayNode(AbstractPipeline.java:260)
	at java.base/java.util.stream.ReferencePipeline.toArray(ReferencePipeline.java:616)
	at java.base/java.util.stream.ReferencePipeline.toArray(ReferencePipeline.java:622)
	at java.base/java.util.stream.ReferencePipeline.toList(ReferencePipeline.java:627)
	at com.sprint.mission.discodeit.service.basic.BasicReadStatusService.findAllByUserId(BasicReadStatusService.java:60)
	at jdk.internal.reflect.GeneratedMethodAccessor88.invoke(Unknown Source)
	at java.base/jdk.internal.reflect.DelegatingMethodAccessorImpl.invoke(DelegatingMethodAccessorImpl.java:43)
	at java.base/java.lang.reflect.Method.invoke(Method.java:569)
	at org.springframework.aop.support.AopUtils.invokeJoinpointUsingReflection(AopUtils.java:359)
	at org.springframework.aop.framework.ReflectiveMethodInvocation.invokeJoinpoint(ReflectiveMethodInvocation.java:196)
	at org.springframework.aop.framework.ReflectiveMethodInvocation.proceed(ReflectiveMethodInvocation.java:163)
	at org.springframework.transaction.interceptor.TransactionAspectSupport.invokeWithinTransaction(TransactionAspectSupport.java:380)
	at org.springframework.transaction.interceptor.TransactionInterceptor.invoke(TransactionInterceptor.java:119)
	at org.springframework.aop.framework.ReflectiveMethodInvocation.proceed(ReflectiveMethodInvocation.java:184)
	at org.springframework.aop.framework.CglibAopProxy$DynamicAdvisedInterceptor.intercept(CglibAopProxy.java:727)
	at com.sprint.mission.discodeit.service.basic.BasicReadStatusService$$SpringCGLIB$$0.findAllByUserId(<generated>)
	at com.sprint.mission.discodeit.controller.ReadStatusController.findAllByUserId(ReadStatusController.java:28)
	at jdk.internal.reflect.GeneratedMethodAccessor87.invoke(Unknown Source)
	at java.base/jdk.internal.reflect.DelegatingMethodAccessorImpl.invoke(DelegatingMethodAccessorImpl.java:43)
	at java.base/java.lang.reflect.Method.invoke(Method.java:569)
	at org.springframework.web.method.support.InvocableHandlerMethod.doInvoke(InvocableHandlerMethod.java:255)
	at org.springframework.web.method.support.InvocableHandlerMethod.invokeForRequest(InvocableHandlerMethod.java:188)
	at org.springframework.web.servlet.mvc.method.annotation.ServletInvocableHandlerMethod.invokeAndHandle(ServletInvocableHandlerMethod.java:118)
	at org.springframework.web.servlet.mvc.method.annotation.RequestMappingHandlerAdapter.invokeHandlerMethod(RequestMappingHandlerAdapter.java:986)
	at org.springframework.web.servlet.mvc.method.annotation.RequestMappingHandlerAdapter.handleInternal(RequestMappingHandlerAdapter.java:891)
	at org.springframework.web.servlet.mvc.method.AbstractHandlerMethodAdapter.handle(AbstractHandlerMethodAdapter.java:87)
	at org.springframework.web.servlet.DispatcherServlet.doDispatch(DispatcherServlet.java:1088)
	at org.springframework.web.servlet.DispatcherServlet.doService(DispatcherServlet.java:978)
	at org.springframework.web.servlet.FrameworkServlet.processRequest(FrameworkServlet.java:1014)
	at org.springframework.web.servlet.FrameworkServlet.doGet(FrameworkServlet.java:903)
	at jakarta.servlet.http.HttpServlet.service(HttpServlet.java:564)
	at org.springframework.web.servlet.FrameworkServlet.service(FrameworkServlet.java:885)
	at jakarta.servlet.http.HttpServlet.service(HttpServlet.java:658)
	at org.apache.catalina.core.ApplicationFilterChain.internalDoFilter(ApplicationFilterChain.java:195)
	at org.apache.catalina.core.ApplicationFilterChain.doFilter(ApplicationFilterChain.java:140)
	at org.apache.tomcat.websocket.server.WsFilter.doFilter(WsFilter.java:51)
	at org.apache.catalina.core.ApplicationFilterChain.internalDoFilter(ApplicationFilterChain.java:164)
	at org.apache.catalina.core.ApplicationFilterChain.doFilter(ApplicationFilterChain.java:140)
	at org.springframework.web.filter.CompositeFilter$VirtualFilterChain.doFilter(CompositeFilter.java:108)
	at org.springframework.security.web.FilterChainProxy.lambda$doFilterInternal$3(FilterChainProxy.java:231)
	at org.springframework.security.web.ObservationFilterChainDecorator$FilterObservation$SimpleFilterObservation.lambda$wrap$1(ObservationFilterChainDecorator.java:479)
	at org.springframework.security.web.ObservationFilterChainDecorator$AroundFilterObservation$SimpleAroundFilterObservation.lambda$wrap$1(ObservationFilterChainDecorator.java:340)
	at org.springframework.security.web.ObservationFilterChainDecorator.lambda$wrapSecured$0(ObservationFilterChainDecorator.java:82)
	at org.springframework.security.web.ObservationFilterChainDecorator$VirtualFilterChain.doFilter(ObservationFilterChainDecorator.java:128)
	at org.springframework.security.web.access.intercept.AuthorizationFilter.doFilter(AuthorizationFilter.java:101)
	at org.springframework.security.web.ObservationFilterChainDecorator$ObservationFilter.wrapFilter(ObservationFilterChainDecorator.java:240)
	at org.springframework.security.web.ObservationFilterChainDecorator$ObservationFilter.doFilter(ObservationFilterChainDecorator.java:227)
	at org.springframework.security.web.ObservationFilterChainDecorator$VirtualFilterChain.doFilter(ObservationFilterChainDecorator.java:137)
	at org.springframework.security.web.access.ExceptionTranslationFilter.doFilter(ExceptionTranslationFilter.java:126)
	at org.springframework.security.web.access.ExceptionTranslationFilter.doFilter(ExceptionTranslationFilter.java:120)
	at org.springframework.security.web.ObservationFilterChainDecorator$ObservationFilter.wrapFilter(ObservationFilterChainDecorator.java:240)
	at org.springframework.security.web.ObservationFilterChainDecorator$ObservationFilter.doFilter(ObservationFilterChainDecorator.java:227)
	at org.springframework.security.web.ObservationFilterChainDecorator$VirtualFilterChain.doFilter(ObservationFilterChainDecorator.java:137)
	at org.springframework.security.web.authentication.AnonymousAuthenticationFilter.doFilter(AnonymousAuthenticationFilter.java:100)
	at org.springframework.security.web.ObservationFilterChainDecorator$ObservationFilter.wrapFilter(ObservationFilterChainDecorator.java:240)
	at org.springframework.security.web.ObservationFilterChainDecorator$ObservationFilter.doFilter(ObservationFilterChainDecorator.java:227)
	at org.springframework.security.web.ObservationFilterChainDecorator$VirtualFilterChain.doFilter(ObservationFilterChainDecorator.java:137)
	at org.springframework.security.web.servletapi.SecurityContextHolderAwareRequestFilter.doFilter(SecurityContextHolderAwareRequestFilter.java:179)
	at org.springframework.security.web.ObservationFilterChainDecorator$ObservationFilter.wrapFilter(ObservationFilterChainDecorator.java:240)
	at org.springframework.security.web.ObservationFilterChainDecorator$ObservationFilter.doFilter(ObservationFilterChainDecorator.java:227)
	at org.springframework.security.web.ObservationFilterChainDecorator$VirtualFilterChain.doFilter(ObservationFilterChainDecorator.java:137)
	at org.springframework.security.web.savedrequest.RequestCacheAwareFilter.doFilter(RequestCacheAwareFilter.java:63)
	at org.springframework.security.web.ObservationFilterChainDecorator$ObservationFilter.wrapFilter(ObservationFilterChainDecorator.java:240)
	at org.springframework.security.web.ObservationFilterChainDecorator$ObservationFilter.doFilter(ObservationFilterChainDecorator.java:227)
	at org.springframework.security.web.ObservationFilterChainDecorator$VirtualFilterChain.doFilter(ObservationFilterChainDecorator.java:137)
	at org.springframework.security.web.authentication.logout.LogoutFilter.doFilter(LogoutFilter.java:107)
	at org.springframework.security.web.authentication.logout.LogoutFilter.doFilter(LogoutFilter.java:93)
	at org.springframework.security.web.ObservationFilterChainDecorator$ObservationFilter.wrapFilter(ObservationFilterChainDecorator.java:240)
	at org.springframework.security.web.ObservationFilterChainDecorator$ObservationFilter.doFilter(ObservationFilterChainDecorator.java:227)
	at org.springframework.security.web.ObservationFilterChainDecorator$VirtualFilterChain.doFilter(ObservationFilterChainDecorator.java:137)
	at org.springframework.security.web.header.HeaderWriterFilter.doHeadersAfter(HeaderWriterFilter.java:90)
	at org.springframework.security.web.header.HeaderWriterFilter.doFilterInternal(HeaderWriterFilter.java:75)
	at org.springframework.web.filter.OncePerRequestFilter.doFilter(OncePerRequestFilter.java:116)
	at org.springframework.security.web.ObservationFilterChainDecorator$ObservationFilter.wrapFilter(ObservationFilterChainDecorator.java:240)
	at org.springframework.security.web.ObservationFilterChainDecorator$ObservationFilter.doFilter(ObservationFilterChainDecorator.java:227)
	at org.springframework.security.web.ObservationFilterChainDecorator$VirtualFilterChain.doFilter(ObservationFilterChainDecorator.java:137)
	at org.springframework.security.web.context.SecurityContextHolderFilter.doFilter(SecurityContextHolderFilter.java:82)
	at org.springframework.security.web.context.SecurityContextHolderFilter.doFilter(SecurityContextHolderFilter.java:69)
	at org.springframework.security.web.ObservationFilterChainDecorator$ObservationFilter.wrapFilter(ObservationFilterChainDecorator.java:240)
	at org.springframework.security.web.ObservationFilterChainDecorator$ObservationFilter.doFilter(ObservationFilterChainDecorator.java:227)
	at org.springframework.security.web.ObservationFilterChainDecorator$VirtualFilterChain.doFilter(ObservationFilterChainDecorator.java:137)
	at org.springframework.security.web.context.request.async.WebAsyncManagerIntegrationFilter.doFilterInternal(WebAsyncManagerIntegrationFilter.java:62)
	at org.springframework.web.filter.OncePerRequestFilter.doFilter(OncePerRequestFilter.java:116)
	at org.springframework.security.web.ObservationFilterChainDecorator$ObservationFilter.wrapFilter(ObservationFilterChainDecorator.java:240)
	at org.springframework.security.web.ObservationFilterChainDecorator$ObservationFilter.doFilter(ObservationFilterChainDecorator.java:227)
	at org.springframework.security.web.ObservationFilterChainDecorator$VirtualFilterChain.doFilter(ObservationFilterChainDecorator.java:137)
	at org.springframework.security.web.session.DisableEncodeUrlFilter.doFilterInternal(DisableEncodeUrlFilter.java:42)
	at org.springframework.web.filter.OncePerRequestFilter.doFilter(OncePerRequestFilter.java:116)
	at org.springframework.security.web.ObservationFilterChainDecorator$ObservationFilter.wrapFilter(ObservationFilterChainDecorator.java:240)
	at org.springframework.security.web.ObservationFilterChainDecorator$AroundFilterObservation$SimpleAroundFilterObservation.lambda$wrap$0(ObservationFilterChainDecorator.java:323)
	at org.springframework.security.web.ObservationFilterChainDecorator$ObservationFilter.doFilter(ObservationFilterChainDecorator.java:224)
	at org.springframework.security.web.ObservationFilterChainDecorator$VirtualFilterChain.doFilter(ObservationFilterChainDecorator.java:137)
	at org.springframework.security.web.FilterChainProxy.doFilterInternal(FilterChainProxy.java:233)
	at org.springframework.security.web.FilterChainProxy.doFilter(FilterChainProxy.java:191)
	at org.springframework.web.filter.CompositeFilter$VirtualFilterChain.doFilter(CompositeFilter.java:113)
	at org.springframework.web.servlet.handler.HandlerMappingIntrospector.lambda$createCacheFilter$3(HandlerMappingIntrospector.java:243)
	at org.springframework.web.filter.CompositeFilter$VirtualFilterChain.doFilter(CompositeFilter.java:113)
	at org.springframework.web.filter.CompositeFilter.doFilter(CompositeFilter.java:74)
	at org.springframework.security.config.annotation.web.configuration.WebMvcSecurityConfiguration$CompositeFilterChainProxy.doFilter(WebMvcSecurityConfiguration.java:238)
	at org.springframework.web.filter.DelegatingFilterProxy.invokeDelegate(DelegatingFilterProxy.java:362)
	at org.springframework.web.filter.DelegatingFilterProxy.doFilter(DelegatingFilterProxy.java:278)
	at org.apache.catalina.core.ApplicationFilterChain.internalDoFilter(ApplicationFilterChain.java:164)
	at org.apache.catalina.core.ApplicationFilterChain.doFilter(ApplicationFilterChain.java:140)
	at org.springframework.web.filter.RequestContextFilter.doFilterInternal(RequestContextFilter.java:100)
	at org.springframework.web.filter.OncePerRequestFilter.doFilter(OncePerRequestFilter.java:116)
	at org.apache.catalina.core.ApplicationFilterChain.internalDoFilter(ApplicationFilterChain.java:164)
	at org.apache.catalina.core.ApplicationFilterChain.doFilter(ApplicationFilterChain.java:140)
	at org.springframework.web.filter.FormContentFilter.doFilterInternal(FormContentFilter.java:93)
	at org.springframework.web.filter.OncePerRequestFilter.doFilter(OncePerRequestFilter.java:116)
	at org.apache.catalina.core.ApplicationFilterChain.internalDoFilter(ApplicationFilterChain.java:164)
	at org.apache.catalina.core.ApplicationFilterChain.doFilter(ApplicationFilterChain.java:140)
	at org.springframework.web.filter.ServerHttpObservationFilter.doFilterInternal(ServerHttpObservationFilter.java:114)
	at org.springframework.web.filter.OncePerRequestFilter.doFilter(OncePerRequestFilter.java:116)
	at org.apache.catalina.core.ApplicationFilterChain.internalDoFilter(ApplicationFilterChain.java:164)
	at org.apache.catalina.core.ApplicationFilterChain.doFilter(ApplicationFilterChain.java:140)
	at org.springframework.web.filter.CharacterEncodingFilter.doFilterInternal(CharacterEncodingFilter.java:201)
	at org.springframework.web.filter.OncePerRequestFilter.doFilter(OncePerRequestFilter.java:116)
	at org.apache.catalina.core.ApplicationFilterChain.internalDoFilter(ApplicationFilterChain.java:164)
	at org.apache.catalina.core.ApplicationFilterChain.doFilter(ApplicationFilterChain.java:140)
	at org.apache.catalina.core.StandardWrapperValve.invoke(StandardWrapperValve.java:167)
	at org.apache.catalina.core.StandardContextValve.invoke(StandardContextValve.java:90)
	at org.apache.catalina.authenticator.AuthenticatorBase.invoke(AuthenticatorBase.java:483)
	at org.apache.catalina.core.StandardHostValve.invoke(StandardHostValve.java:115)
	at org.apache.catalina.valves.ErrorReportValve.invoke(ErrorReportValve.java:93)
	at org.apache.catalina.core.StandardEngineValve.invoke(StandardEngineValve.java:74)
	at org.apache.catalina.connector.CoyoteAdapter.service(CoyoteAdapter.java:344)
	at org.apache.coyote.http11.Http11Processor.service(Http11Processor.java:397)
	at org.apache.coyote.AbstractProcessorLight.process(AbstractProcessorLight.java:63)
	at org.apache.coyote.AbstractProtocol$ConnectionHandler.process(AbstractProtocol.java:905)
	at org.apache.tomcat.util.net.NioEndpoint$SocketProcessor.doRun(NioEndpoint.java:1741)
	at org.apache.tomcat.util.net.SocketProcessorBase.run(SocketProcessorBase.java:52)
	at org.apache.tomcat.util.threads.ThreadPoolExecutor.runWorker(ThreadPoolExecutor.java:1190)
	at org.apache.tomcat.util.threads.ThreadPoolExecutor$Worker.run(ThreadPoolExecutor.java:659)
	at org.apache.tomcat.util.threads.TaskThread$WrappingRunnable.run(TaskThread.java:63)
	at java.base/java.lang.Thread.run(Thread.java:840)
Caused by: org.hibernate.NonUniqueResultException: Query did not return a unique result: 2 results were returned
	at org.hibernate.query.spi.AbstractSelectionQuery.uniqueElement(AbstractSelectionQuery.java:298)
	at org.hibernate.query.spi.AbstractSelectionQuery.getSingleResult(AbstractSelectionQuery.java:281)
	at org.springframework.data.jpa.repository.query.JpaQueryExecution$SingleEntityExecution.doExecute(JpaQueryExecution.java:224)
	at org.springframework.data.jpa.repository.query.JpaQueryExecution.execute(JpaQueryExecution.java:93)
	at org.springframework.data.jpa.repository.query.AbstractJpaQuery.doExecute(AbstractJpaQuery.java:152)
	at org.springframework.data.jpa.repository.query.AbstractJpaQuery.execute(AbstractJpaQuery.java:140)
	at org.springframework.data.repository.core.support.RepositoryMethodInvoker.doInvoke(RepositoryMethodInvoker.java:170)
	at org.springframework.data.repository.core.support.RepositoryMethodInvoker.invoke(RepositoryMethodInvoker.java:158)
	at org.springframework.data.repository.core.support.QueryExecutorMethodInterceptor.doInvoke(QueryExecutorMethodInterceptor.java:170)
	at org.springframework.data.repository.core.support.QueryExecutorMethodInterceptor.invoke(QueryExecutorMethodInterceptor.java:149)
	at org.springframework.aop.framework.ReflectiveMethodInvocation.proceed(ReflectiveMethodInvocation.java:184)
	at org.springframework.data.projection.DefaultMethodInvokingMethodInterceptor.invoke(DefaultMethodInvokingMethodInterceptor.java:69)
	at org.springframework.aop.framework.ReflectiveMethodInvocation.proceed(ReflectiveMethodInvocation.java:184)
	at org.springframework.transaction.interceptor.TransactionAspectSupport.invokeWithinTransaction(TransactionAspectSupport.java:380)
	at org.springframework.transaction.interceptor.TransactionInterceptor.invoke(TransactionInterceptor.java:119)
	at org.springframework.aop.framework.ReflectiveMethodInvocation.proceed(ReflectiveMethodInvocation.java:184)
	at org.springframework.dao.support.PersistenceExceptionTranslationInterceptor.invoke(PersistenceExceptionTranslationInterceptor.java:138)
	... 146 common frames omitted
2026-03-31 00:28:38.229 [http-nio-8080-exec-6] DEBUG [3cad6f7e] c.s.m.d.controller.MessageController -
        Fetching messages for channel: e054663f-79db-41a6-8385-68e22f93f0dc, cursor: null, size: 50
2026-03-31 00:28:39.137 [http-nio-8080-exec-5] DEBUG [7185abc9] c.s.m.d.s.basic.BasicChannelService  -
        Finding all channels for user: 1e2f6353-d975-4eb4-9c11-d8e8674fb0a6
2026-03-31 00:28:39.152 [http-nio-8080-exec-9] DEBUG [d75786b4] c.s.m.d.c.ReadStatusController       -
        Fetching read statuses for user: 1e2f6353-d975-4eb4-9c11-d8e8674fb0a6
2026-03-31 00:28:39.152 [http-nio-8080-exec-9] DEBUG [d75786b4] c.s.m.d.s.b.BasicReadStatusService   -
        Fetching/Allocating read statuses for user: 1e2f6353-d975-4eb4-9c11-d8e8674fb0a6
2026-03-31 00:28:39.159 [http-nio-8080-exec-9] ERROR [d75786b4] c.s.m.d.c.GlobalExceptionHandler     -
        Internal Server Error: 
org.springframework.dao.IncorrectResultSizeDataAccessException: Query did not return a unique result: 2 results were returned
	at org.springframework.orm.jpa.vendor.HibernateJpaDialect.convertHibernateAccessException(HibernateJpaDialect.java:301)
	at org.springframework.orm.jpa.vendor.HibernateJpaDialect.translateExceptionIfPossible(HibernateJpaDialect.java:244)
	at org.springframework.orm.jpa.AbstractEntityManagerFactoryBean.translateExceptionIfPossible(AbstractEntityManagerFactoryBean.java:560)
	at org.springframework.dao.support.ChainedPersistenceExceptionTranslator.translateExceptionIfPossible(ChainedPersistenceExceptionTranslator.java:61)
	at org.springframework.dao.support.DataAccessUtils.translateIfNecessary(DataAccessUtils.java:343)
	at org.springframework.dao.support.PersistenceExceptionTranslationInterceptor.invoke(PersistenceExceptionTranslationInterceptor.java:160)
	at org.springframework.aop.framework.ReflectiveMethodInvocation.proceed(ReflectiveMethodInvocation.java:184)
	at org.springframework.data.jpa.repository.support.CrudMethodMetadataPostProcessor$CrudMethodMetadataPopulatingMethodInterceptor.invoke(CrudMethodMetadataPostProcessor.java:136)
	at org.springframework.aop.framework.ReflectiveMethodInvocation.proceed(ReflectiveMethodInvocation.java:184)
	at org.springframework.aop.framework.JdkDynamicAopProxy.invoke(JdkDynamicAopProxy.java:223)
	at jdk.proxy2/jdk.proxy2.$Proxy185.findByUserIdAndChannelId(Unknown Source)
	at com.sprint.mission.discodeit.service.basic.BasicReadStatusService.lambda$findAllByUserId$2(BasicReadStatusService.java:48)
	at java.base/java.util.stream.ReferencePipeline$3$1.accept(ReferencePipeline.java:197)
	at java.base/java.util.ArrayList$ArrayListSpliterator.forEachRemaining(ArrayList.java:1625)
	at java.base/java.util.stream.AbstractPipeline.copyInto(AbstractPipeline.java:509)
	at java.base/java.util.stream.AbstractPipeline.wrapAndCopyInto(AbstractPipeline.java:499)
	at java.base/java.util.stream.AbstractPipeline.evaluate(AbstractPipeline.java:575)
	at java.base/java.util.stream.AbstractPipeline.evaluateToArrayNode(AbstractPipeline.java:260)
	at java.base/java.util.stream.ReferencePipeline.toArray(ReferencePipeline.java:616)
	at java.base/java.util.stream.ReferencePipeline.toArray(ReferencePipeline.java:622)
	at java.base/java.util.stream.ReferencePipeline.toList(ReferencePipeline.java:627)
	at com.sprint.mission.discodeit.service.basic.BasicReadStatusService.findAllByUserId(BasicReadStatusService.java:60)
	at jdk.internal.reflect.GeneratedMethodAccessor88.invoke(Unknown Source)
	at java.base/jdk.internal.reflect.DelegatingMethodAccessorImpl.invoke(DelegatingMethodAccessorImpl.java:43)
	at java.base/java.lang.reflect.Method.invoke(Method.java:569)
	at org.springframework.aop.support.AopUtils.invokeJoinpointUsingReflection(AopUtils.java:359)
	at org.springframework.aop.framework.ReflectiveMethodInvocation.invokeJoinpoint(ReflectiveMethodInvocation.java:196)
	at org.springframework.aop.framework.ReflectiveMethodInvocation.proceed(ReflectiveMethodInvocation.java:163)
	at org.springframework.transaction.interceptor.TransactionAspectSupport.invokeWithinTransaction(TransactionAspectSupport.java:380)
	at org.springframework.transaction.interceptor.TransactionInterceptor.invoke(TransactionInterceptor.java:119)
	at org.springframework.aop.framework.ReflectiveMethodInvocation.proceed(ReflectiveMethodInvocation.java:184)
	at org.springframework.aop.framework.CglibAopProxy$DynamicAdvisedInterceptor.intercept(CglibAopProxy.java:727)
	at com.sprint.mission.discodeit.service.basic.BasicReadStatusService$$SpringCGLIB$$0.findAllByUserId(<generated>)
	at com.sprint.mission.discodeit.controller.ReadStatusController.findAllByUserId(ReadStatusController.java:28)
	at jdk.internal.reflect.GeneratedMethodAccessor87.invoke(Unknown Source)
	at java.base/jdk.internal.reflect.DelegatingMethodAccessorImpl.invoke(DelegatingMethodAccessorImpl.java:43)
	at java.base/java.lang.reflect.Method.invoke(Method.java:569)
	at org.springframework.web.method.support.InvocableHandlerMethod.doInvoke(InvocableHandlerMethod.java:255)
	at org.springframework.web.method.support.InvocableHandlerMethod.invokeForRequest(InvocableHandlerMethod.java:188)
	at org.springframework.web.servlet.mvc.method.annotation.ServletInvocableHandlerMethod.invokeAndHandle(ServletInvocableHandlerMethod.java:118)
	at org.springframework.web.servlet.mvc.method.annotation.RequestMappingHandlerAdapter.invokeHandlerMethod(RequestMappingHandlerAdapter.java:986)
	at org.springframework.web.servlet.mvc.method.annotation.RequestMappingHandlerAdapter.handleInternal(RequestMappingHandlerAdapter.java:891)
	at org.springframework.web.servlet.mvc.method.AbstractHandlerMethodAdapter.handle(AbstractHandlerMethodAdapter.java:87)
	at org.springframework.web.servlet.DispatcherServlet.doDispatch(DispatcherServlet.java:1088)
	at org.springframework.web.servlet.DispatcherServlet.doService(DispatcherServlet.java:978)
	at org.springframework.web.servlet.FrameworkServlet.processRequest(FrameworkServlet.java:1014)
	at org.springframework.web.servlet.FrameworkServlet.doGet(FrameworkServlet.java:903)
	at jakarta.servlet.http.HttpServlet.service(HttpServlet.java:564)
	at org.springframework.web.servlet.FrameworkServlet.service(FrameworkServlet.java:885)
	at jakarta.servlet.http.HttpServlet.service(HttpServlet.java:658)
	at org.apache.catalina.core.ApplicationFilterChain.internalDoFilter(ApplicationFilterChain.java:195)
	at org.apache.catalina.core.ApplicationFilterChain.doFilter(ApplicationFilterChain.java:140)
	at org.apache.tomcat.websocket.server.WsFilter.doFilter(WsFilter.java:51)
	at org.apache.catalina.core.ApplicationFilterChain.internalDoFilter(ApplicationFilterChain.java:164)
	at org.apache.catalina.core.ApplicationFilterChain.doFilter(ApplicationFilterChain.java:140)
	at org.springframework.web.filter.CompositeFilter$VirtualFilterChain.doFilter(CompositeFilter.java:108)
	at org.springframework.security.web.FilterChainProxy.lambda$doFilterInternal$3(FilterChainProxy.java:231)
	at org.springframework.security.web.ObservationFilterChainDecorator$FilterObservation$SimpleFilterObservation.lambda$wrap$1(ObservationFilterChainDecorator.java:479)
	at org.springframework.security.web.ObservationFilterChainDecorator$AroundFilterObservation$SimpleAroundFilterObservation.lambda$wrap$1(ObservationFilterChainDecorator.java:340)
	at org.springframework.security.web.ObservationFilterChainDecorator.lambda$wrapSecured$0(ObservationFilterChainDecorator.java:82)
	at org.springframework.security.web.ObservationFilterChainDecorator$VirtualFilterChain.doFilter(ObservationFilterChainDecorator.java:128)
	at org.springframework.security.web.access.intercept.AuthorizationFilter.doFilter(AuthorizationFilter.java:101)
	at org.springframework.security.web.ObservationFilterChainDecorator$ObservationFilter.wrapFilter(ObservationFilterChainDecorator.java:240)
	at org.springframework.security.web.ObservationFilterChainDecorator$ObservationFilter.doFilter(ObservationFilterChainDecorator.java:227)
	at org.springframework.security.web.ObservationFilterChainDecorator$VirtualFilterChain.doFilter(ObservationFilterChainDecorator.java:137)
	at org.springframework.security.web.access.ExceptionTranslationFilter.doFilter(ExceptionTranslationFilter.java:126)
	at org.springframework.security.web.access.ExceptionTranslationFilter.doFilter(ExceptionTranslationFilter.java:120)
	at org.springframework.security.web.ObservationFilterChainDecorator$ObservationFilter.wrapFilter(ObservationFilterChainDecorator.java:240)
	at org.springframework.security.web.ObservationFilterChainDecorator$ObservationFilter.doFilter(ObservationFilterChainDecorator.java:227)
	at org.springframework.security.web.ObservationFilterChainDecorator$VirtualFilterChain.doFilter(ObservationFilterChainDecorator.java:137)
	at org.springframework.security.web.authentication.AnonymousAuthenticationFilter.doFilter(AnonymousAuthenticationFilter.java:100)
	at org.springframework.security.web.ObservationFilterChainDecorator$ObservationFilter.wrapFilter(ObservationFilterChainDecorator.java:240)
	at org.springframework.security.web.ObservationFilterChainDecorator$ObservationFilter.doFilter(ObservationFilterChainDecorator.java:227)
	at org.springframework.security.web.ObservationFilterChainDecorator$VirtualFilterChain.doFilter(ObservationFilterChainDecorator.java:137)
	at org.springframework.security.web.servletapi.SecurityContextHolderAwareRequestFilter.doFilter(SecurityContextHolderAwareRequestFilter.java:179)
	at org.springframework.security.web.ObservationFilterChainDecorator$ObservationFilter.wrapFilter(ObservationFilterChainDecorator.java:240)
	at org.springframework.security.web.ObservationFilterChainDecorator$ObservationFilter.doFilter(ObservationFilterChainDecorator.java:227)
	at org.springframework.security.web.ObservationFilterChainDecorator$VirtualFilterChain.doFilter(ObservationFilterChainDecorator.java:137)
	at org.springframework.security.web.savedrequest.RequestCacheAwareFilter.doFilter(RequestCacheAwareFilter.java:63)
	at org.springframework.security.web.ObservationFilterChainDecorator$ObservationFilter.wrapFilter(ObservationFilterChainDecorator.java:240)
	at org.springframework.security.web.ObservationFilterChainDecorator$ObservationFilter.doFilter(ObservationFilterChainDecorator.java:227)
	at org.springframework.security.web.ObservationFilterChainDecorator$VirtualFilterChain.doFilter(ObservationFilterChainDecorator.java:137)
	at org.springframework.security.web.authentication.logout.LogoutFilter.doFilter(LogoutFilter.java:107)
	at org.springframework.security.web.authentication.logout.LogoutFilter.doFilter(LogoutFilter.java:93)
	at org.springframework.security.web.ObservationFilterChainDecorator$ObservationFilter.wrapFilter(ObservationFilterChainDecorator.java:240)
	at org.springframework.security.web.ObservationFilterChainDecorator$ObservationFilter.doFilter(ObservationFilterChainDecorator.java:227)
	at org.springframework.security.web.ObservationFilterChainDecorator$VirtualFilterChain.doFilter(ObservationFilterChainDecorator.java:137)
	at org.springframework.security.web.header.HeaderWriterFilter.doHeadersAfter(HeaderWriterFilter.java:90)
	at org.springframework.security.web.header.HeaderWriterFilter.doFilterInternal(HeaderWriterFilter.java:75)
	at org.springframework.web.filter.OncePerRequestFilter.doFilter(OncePerRequestFilter.java:116)
	at org.springframework.security.web.ObservationFilterChainDecorator$ObservationFilter.wrapFilter(ObservationFilterChainDecorator.java:240)
	at org.springframework.security.web.ObservationFilterChainDecorator$ObservationFilter.doFilter(ObservationFilterChainDecorator.java:227)
	at org.springframework.security.web.ObservationFilterChainDecorator$VirtualFilterChain.doFilter(ObservationFilterChainDecorator.java:137)
	at org.springframework.security.web.context.SecurityContextHolderFilter.doFilter(SecurityContextHolderFilter.java:82)
	at org.springframework.security.web.context.SecurityContextHolderFilter.doFilter(SecurityContextHolderFilter.java:69)
	at org.springframework.security.web.ObservationFilterChainDecorator$ObservationFilter.wrapFilter(ObservationFilterChainDecorator.java:240)
	at org.springframework.security.web.ObservationFilterChainDecorator$ObservationFilter.doFilter(ObservationFilterChainDecorator.java:227)
	at org.springframework.security.web.ObservationFilterChainDecorator$VirtualFilterChain.doFilter(ObservationFilterChainDecorator.java:137)
	at org.springframework.security.web.context.request.async.WebAsyncManagerIntegrationFilter.doFilterInternal(WebAsyncManagerIntegrationFilter.java:62)
	at org.springframework.web.filter.OncePerRequestFilter.doFilter(OncePerRequestFilter.java:116)
	at org.springframework.security.web.ObservationFilterChainDecorator$ObservationFilter.wrapFilter(ObservationFilterChainDecorator.java:240)
	at org.springframework.security.web.ObservationFilterChainDecorator$ObservationFilter.doFilter(ObservationFilterChainDecorator.java:227)
	at org.springframework.security.web.ObservationFilterChainDecorator$VirtualFilterChain.doFilter(ObservationFilterChainDecorator.java:137)
	at org.springframework.security.web.session.DisableEncodeUrlFilter.doFilterInternal(DisableEncodeUrlFilter.java:42)
	at org.springframework.web.filter.OncePerRequestFilter.doFilter(OncePerRequestFilter.java:116)
	at org.springframework.security.web.ObservationFilterChainDecorator$ObservationFilter.wrapFilter(ObservationFilterChainDecorator.java:240)
	at org.springframework.security.web.ObservationFilterChainDecorator$AroundFilterObservation$SimpleAroundFilterObservation.lambda$wrap$0(ObservationFilterChainDecorator.java:323)
	at org.springframework.security.web.ObservationFilterChainDecorator$ObservationFilter.doFilter(ObservationFilterChainDecorator.java:224)
	at org.springframework.security.web.ObservationFilterChainDecorator$VirtualFilterChain.doFilter(ObservationFilterChainDecorator.java:137)
	at org.springframework.security.web.FilterChainProxy.doFilterInternal(FilterChainProxy.java:233)
	at org.springframework.security.web.FilterChainProxy.doFilter(FilterChainProxy.java:191)
	at org.springframework.web.filter.CompositeFilter$VirtualFilterChain.doFilter(CompositeFilter.java:113)
	at org.springframework.web.servlet.handler.HandlerMappingIntrospector.lambda$createCacheFilter$3(HandlerMappingIntrospector.java:243)
	at org.springframework.web.filter.CompositeFilter$VirtualFilterChain.doFilter(CompositeFilter.java:113)
	at org.springframework.web.filter.CompositeFilter.doFilter(CompositeFilter.java:74)
	at org.springframework.security.config.annotation.web.configuration.WebMvcSecurityConfiguration$CompositeFilterChainProxy.doFilter(WebMvcSecurityConfiguration.java:238)
	at org.springframework.web.filter.DelegatingFilterProxy.invokeDelegate(DelegatingFilterProxy.java:362)
	at org.springframework.web.filter.DelegatingFilterProxy.doFilter(DelegatingFilterProxy.java:278)
	at org.apache.catalina.core.ApplicationFilterChain.internalDoFilter(ApplicationFilterChain.java:164)
	at org.apache.catalina.core.ApplicationFilterChain.doFilter(ApplicationFilterChain.java:140)
	at org.springframework.web.filter.RequestContextFilter.doFilterInternal(RequestContextFilter.java:100)
	at org.springframework.web.filter.OncePerRequestFilter.doFilter(OncePerRequestFilter.java:116)
	at org.apache.catalina.core.ApplicationFilterChain.internalDoFilter(ApplicationFilterChain.java:164)
	at org.apache.catalina.core.ApplicationFilterChain.doFilter(ApplicationFilterChain.java:140)
	at org.springframework.web.filter.FormContentFilter.doFilterInternal(FormContentFilter.java:93)
	at org.springframework.web.filter.OncePerRequestFilter.doFilter(OncePerRequestFilter.java:116)
	at org.apache.catalina.core.ApplicationFilterChain.internalDoFilter(ApplicationFilterChain.java:164)
	at org.apache.catalina.core.ApplicationFilterChain.doFilter(ApplicationFilterChain.java:140)
	at org.springframework.web.filter.ServerHttpObservationFilter.doFilterInternal(ServerHttpObservationFilter.java:114)
	at org.springframework.web.filter.OncePerRequestFilter.doFilter(OncePerRequestFilter.java:116)
	at org.apache.catalina.core.ApplicationFilterChain.internalDoFilter(ApplicationFilterChain.java:164)
	at org.apache.catalina.core.ApplicationFilterChain.doFilter(ApplicationFilterChain.java:140)
	at org.springframework.web.filter.CharacterEncodingFilter.doFilterInternal(CharacterEncodingFilter.java:201)
	at org.springframework.web.filter.OncePerRequestFilter.doFilter(OncePerRequestFilter.java:116)
	at org.apache.catalina.core.ApplicationFilterChain.internalDoFilter(ApplicationFilterChain.java:164)
	at org.apache.catalina.core.ApplicationFilterChain.doFilter(ApplicationFilterChain.java:140)
	at org.apache.catalina.core.StandardWrapperValve.invoke(StandardWrapperValve.java:167)
	at org.apache.catalina.core.StandardContextValve.invoke(StandardContextValve.java:90)
	at org.apache.catalina.authenticator.AuthenticatorBase.invoke(AuthenticatorBase.java:483)
	at org.apache.catalina.core.StandardHostValve.invoke(StandardHostValve.java:115)
	at org.apache.catalina.valves.ErrorReportValve.invoke(ErrorReportValve.java:93)
	at org.apache.catalina.core.StandardEngineValve.invoke(StandardEngineValve.java:74)
	at org.apache.catalina.connector.CoyoteAdapter.service(CoyoteAdapter.java:344)
	at org.apache.coyote.http11.Http11Processor.service(Http11Processor.java:397)
	at org.apache.coyote.AbstractProcessorLight.process(AbstractProcessorLight.java:63)
	at org.apache.coyote.AbstractProtocol$ConnectionHandler.process(AbstractProtocol.java:905)
	at org.apache.tomcat.util.net.NioEndpoint$SocketProcessor.doRun(NioEndpoint.java:1741)
	at org.apache.tomcat.util.net.SocketProcessorBase.run(SocketProcessorBase.java:52)
	at org.apache.tomcat.util.threads.ThreadPoolExecutor.runWorker(ThreadPoolExecutor.java:1190)
	at org.apache.tomcat.util.threads.ThreadPoolExecutor$Worker.run(ThreadPoolExecutor.java:659)
	at org.apache.tomcat.util.threads.TaskThread$WrappingRunnable.run(TaskThread.java:63)
	at java.base/java.lang.Thread.run(Thread.java:840)
Caused by: org.hibernate.NonUniqueResultException: Query did not return a unique result: 2 results were returned
	at org.hibernate.query.spi.AbstractSelectionQuery.uniqueElement(AbstractSelectionQuery.java:298)
	at org.hibernate.query.spi.AbstractSelectionQuery.getSingleResult(AbstractSelectionQuery.java:281)
	at org.springframework.data.jpa.repository.query.JpaQueryExecution$SingleEntityExecution.doExecute(JpaQueryExecution.java:224)
	at org.springframework.data.jpa.repository.query.JpaQueryExecution.execute(JpaQueryExecution.java:93)
	at org.springframework.data.jpa.repository.query.AbstractJpaQuery.doExecute(AbstractJpaQuery.java:152)
	at org.springframework.data.jpa.repository.query.AbstractJpaQuery.execute(AbstractJpaQuery.java:140)
	at org.springframework.data.repository.core.support.RepositoryMethodInvoker.doInvoke(RepositoryMethodInvoker.java:170)
	at org.springframework.data.repository.core.support.RepositoryMethodInvoker.invoke(RepositoryMethodInvoker.java:158)
	at org.springframework.data.repository.core.support.QueryExecutorMethodInterceptor.doInvoke(QueryExecutorMethodInterceptor.java:170)
	at org.springframework.data.repository.core.support.QueryExecutorMethodInterceptor.invoke(QueryExecutorMethodInterceptor.java:149)
	at org.springframework.aop.framework.ReflectiveMethodInvocation.proceed(ReflectiveMethodInvocation.java:184)
	at org.springframework.data.projection.DefaultMethodInvokingMethodInterceptor.invoke(DefaultMethodInvokingMethodInterceptor.java:69)
	at org.springframework.aop.framework.ReflectiveMethodInvocation.proceed(ReflectiveMethodInvocation.java:184)
	at org.springframework.transaction.interceptor.TransactionAspectSupport.invokeWithinTransaction(TransactionAspectSupport.java:380)
	at org.springframework.transaction.interceptor.TransactionInterceptor.invoke(TransactionInterceptor.java:119)
	at org.springframework.aop.framework.ReflectiveMethodInvocation.proceed(ReflectiveMethodInvocation.java:184)
	at org.springframework.dao.support.PersistenceExceptionTranslationInterceptor.invoke(PersistenceExceptionTranslationInterceptor.java:138)
	... 146 common frames omitted
2026-03-31 00:28:41.265 [http-nio-8080-exec-8] DEBUG [0cb46be5] c.s.m.d.controller.MessageController -
        Fetching messages for channel: e054663f-79db-41a6-8385-68e22f93f0dc, cursor: null, size: 50
2026-03-31 00:28:42.131 [http-nio-8080-exec-7] DEBUG [b527f2ce] c.s.m.d.s.basic.BasicChannelService  -
        Finding all channels for user: 1e2f6353-d975-4eb4-9c11-d8e8674fb0a6
2026-03-31 00:28:42.147 [http-nio-8080-exec-10] DEBUG [9b1833ef] c.s.m.d.c.ReadStatusController       -
        Fetching read statuses for user: 1e2f6353-d975-4eb4-9c11-d8e8674fb0a6
2026-03-31 00:28:42.147 [http-nio-8080-exec-10] DEBUG [9b1833ef] c.s.m.d.s.b.BasicReadStatusService   -
        Fetching/Allocating read statuses for user: 1e2f6353-d975-4eb4-9c11-d8e8674fb0a6
2026-03-31 00:28:42.162 [http-nio-8080-exec-10] ERROR [9b1833ef] c.s.m.d.c.GlobalExceptionHandler     -
        Internal Server Error: 
org.springframework.dao.IncorrectResultSizeDataAccessException: Query did not return a unique result: 2 results were returned
	at org.springframework.orm.jpa.vendor.HibernateJpaDialect.convertHibernateAccessException(HibernateJpaDialect.java:301)
	at org.springframework.orm.jpa.vendor.HibernateJpaDialect.translateExceptionIfPossible(HibernateJpaDialect.java:244)
	at org.springframework.orm.jpa.AbstractEntityManagerFactoryBean.translateExceptionIfPossible(AbstractEntityManagerFactoryBean.java:560)
	at org.springframework.dao.support.ChainedPersistenceExceptionTranslator.translateExceptionIfPossible(ChainedPersistenceExceptionTranslator.java:61)
	at org.springframework.dao.support.DataAccessUtils.translateIfNecessary(DataAccessUtils.java:343)
	at org.springframework.dao.support.PersistenceExceptionTranslationInterceptor.invoke(PersistenceExceptionTranslationInterceptor.java:160)
	at org.springframework.aop.framework.ReflectiveMethodInvocation.proceed(ReflectiveMethodInvocation.java:184)
	at org.springframework.data.jpa.repository.support.CrudMethodMetadataPostProcessor$CrudMethodMetadataPopulatingMethodInterceptor.invoke(CrudMethodMetadataPostProcessor.java:136)
	at org.springframework.aop.framework.ReflectiveMethodInvocation.proceed(ReflectiveMethodInvocation.java:184)
	at org.springframework.aop.framework.JdkDynamicAopProxy.invoke(JdkDynamicAopProxy.java:223)
	at jdk.proxy2/jdk.proxy2.$Proxy185.findByUserIdAndChannelId(Unknown Source)
	at com.sprint.mission.discodeit.service.basic.BasicReadStatusService.lambda$findAllByUserId$2(BasicReadStatusService.java:48)
	at java.base/java.util.stream.ReferencePipeline$3$1.accept(ReferencePipeline.java:197)
	at java.base/java.util.ArrayList$ArrayListSpliterator.forEachRemaining(ArrayList.java:1625)
	at java.base/java.util.stream.AbstractPipeline.copyInto(AbstractPipeline.java:509)
	at java.base/java.util.stream.AbstractPipeline.wrapAndCopyInto(AbstractPipeline.java:499)
	at java.base/java.util.stream.AbstractPipeline.evaluate(AbstractPipeline.java:575)
	at java.base/java.util.stream.AbstractPipeline.evaluateToArrayNode(AbstractPipeline.java:260)
	at java.base/java.util.stream.ReferencePipeline.toArray(ReferencePipeline.java:616)
	at java.base/java.util.stream.ReferencePipeline.toArray(ReferencePipeline.java:622)
	at java.base/java.util.stream.ReferencePipeline.toList(ReferencePipeline.java:627)
	at com.sprint.mission.discodeit.service.basic.BasicReadStatusService.findAllByUserId(BasicReadStatusService.java:60)
	at jdk.internal.reflect.GeneratedMethodAccessor88.invoke(Unknown Source)
	at java.base/jdk.internal.reflect.DelegatingMethodAccessorImpl.invoke(DelegatingMethodAccessorImpl.java:43)
	at java.base/java.lang.reflect.Method.invoke(Method.java:569)
	at org.springframework.aop.support.AopUtils.invokeJoinpointUsingReflection(AopUtils.java:359)
	at org.springframework.aop.framework.ReflectiveMethodInvocation.invokeJoinpoint(ReflectiveMethodInvocation.java:196)
	at org.springframework.aop.framework.ReflectiveMethodInvocation.proceed(ReflectiveMethodInvocation.java:163)
	at org.springframework.transaction.interceptor.TransactionAspectSupport.invokeWithinTransaction(TransactionAspectSupport.java:380)
	at org.springframework.transaction.interceptor.TransactionInterceptor.invoke(TransactionInterceptor.java:119)
	at org.springframework.aop.framework.ReflectiveMethodInvocation.proceed(ReflectiveMethodInvocation.java:184)
	at org.springframework.aop.framework.CglibAopProxy$DynamicAdvisedInterceptor.intercept(CglibAopProxy.java:727)
	at com.sprint.mission.discodeit.service.basic.BasicReadStatusService$$SpringCGLIB$$0.findAllByUserId(<generated>)
	at com.sprint.mission.discodeit.controller.ReadStatusController.findAllByUserId(ReadStatusController.java:28)
	at jdk.internal.reflect.GeneratedMethodAccessor87.invoke(Unknown Source)
	at java.base/jdk.internal.reflect.DelegatingMethodAccessorImpl.invoke(DelegatingMethodAccessorImpl.java:43)
	at java.base/java.lang.reflect.Method.invoke(Method.java:569)
	at org.springframework.web.method.support.InvocableHandlerMethod.doInvoke(InvocableHandlerMethod.java:255)
	at org.springframework.web.method.support.InvocableHandlerMethod.invokeForRequest(InvocableHandlerMethod.java:188)
	at org.springframework.web.servlet.mvc.method.annotation.ServletInvocableHandlerMethod.invokeAndHandle(ServletInvocableHandlerMethod.java:118)
	at org.springframework.web.servlet.mvc.method.annotation.RequestMappingHandlerAdapter.invokeHandlerMethod(RequestMappingHandlerAdapter.java:986)
	at org.springframework.web.servlet.mvc.method.annotation.RequestMappingHandlerAdapter.handleInternal(RequestMappingHandlerAdapter.java:891)
	at org.springframework.web.servlet.mvc.method.AbstractHandlerMethodAdapter.handle(AbstractHandlerMethodAdapter.java:87)
	at org.springframework.web.servlet.DispatcherServlet.doDispatch(DispatcherServlet.java:1088)
	at org.springframework.web.servlet.DispatcherServlet.doService(DispatcherServlet.java:978)
	at org.springframework.web.servlet.FrameworkServlet.processRequest(FrameworkServlet.java:1014)
	at org.springframework.web.servlet.FrameworkServlet.doGet(FrameworkServlet.java:903)
	at jakarta.servlet.http.HttpServlet.service(HttpServlet.java:564)
	at org.springframework.web.servlet.FrameworkServlet.service(FrameworkServlet.java:885)
	at jakarta.servlet.http.HttpServlet.service(HttpServlet.java:658)
	at org.apache.catalina.core.ApplicationFilterChain.internalDoFilter(ApplicationFilterChain.java:195)
	at org.apache.catalina.core.ApplicationFilterChain.doFilter(ApplicationFilterChain.java:140)
	at org.apache.tomcat.websocket.server.WsFilter.doFilter(WsFilter.java:51)
	at org.apache.catalina.core.ApplicationFilterChain.internalDoFilter(ApplicationFilterChain.java:164)
	at org.apache.catalina.core.ApplicationFilterChain.doFilter(ApplicationFilterChain.java:140)
	at org.springframework.web.filter.CompositeFilter$VirtualFilterChain.doFilter(CompositeFilter.java:108)
	at org.springframework.security.web.FilterChainProxy.lambda$doFilterInternal$3(FilterChainProxy.java:231)
	at org.springframework.security.web.ObservationFilterChainDecorator$FilterObservation$SimpleFilterObservation.lambda$wrap$1(ObservationFilterChainDecorator.java:479)
	at org.springframework.security.web.ObservationFilterChainDecorator$AroundFilterObservation$SimpleAroundFilterObservation.lambda$wrap$1(ObservationFilterChainDecorator.java:340)
	at org.springframework.security.web.ObservationFilterChainDecorator.lambda$wrapSecured$0(ObservationFilterChainDecorator.java:82)
	at org.springframework.security.web.ObservationFilterChainDecorator$VirtualFilterChain.doFilter(ObservationFilterChainDecorator.java:128)
	at org.springframework.security.web.access.intercept.AuthorizationFilter.doFilter(AuthorizationFilter.java:101)
	at org.springframework.security.web.ObservationFilterChainDecorator$ObservationFilter.wrapFilter(ObservationFilterChainDecorator.java:240)
	at org.springframework.security.web.ObservationFilterChainDecorator$ObservationFilter.doFilter(ObservationFilterChainDecorator.java:227)
	at org.springframework.security.web.ObservationFilterChainDecorator$VirtualFilterChain.doFilter(ObservationFilterChainDecorator.java:137)
	at org.springframework.security.web.access.ExceptionTranslationFilter.doFilter(ExceptionTranslationFilter.java:126)
	at org.springframework.security.web.access.ExceptionTranslationFilter.doFilter(ExceptionTranslationFilter.java:120)
	at org.springframework.security.web.ObservationFilterChainDecorator$ObservationFilter.wrapFilter(ObservationFilterChainDecorator.java:240)
	at org.springframework.security.web.ObservationFilterChainDecorator$ObservationFilter.doFilter(ObservationFilterChainDecorator.java:227)
	at org.springframework.security.web.ObservationFilterChainDecorator$VirtualFilterChain.doFilter(ObservationFilterChainDecorator.java:137)
	at org.springframework.security.web.authentication.AnonymousAuthenticationFilter.doFilter(AnonymousAuthenticationFilter.java:100)
	at org.springframework.security.web.ObservationFilterChainDecorator$ObservationFilter.wrapFilter(ObservationFilterChainDecorator.java:240)
	at org.springframework.security.web.ObservationFilterChainDecorator$ObservationFilter.doFilter(ObservationFilterChainDecorator.java:227)
	at org.springframework.security.web.ObservationFilterChainDecorator$VirtualFilterChain.doFilter(ObservationFilterChainDecorator.java:137)
	at org.springframework.security.web.servletapi.SecurityContextHolderAwareRequestFilter.doFilter(SecurityContextHolderAwareRequestFilter.java:179)
	at org.springframework.security.web.ObservationFilterChainDecorator$ObservationFilter.wrapFilter(ObservationFilterChainDecorator.java:240)
	at org.springframework.security.web.ObservationFilterChainDecorator$ObservationFilter.doFilter(ObservationFilterChainDecorator.java:227)
	at org.springframework.security.web.ObservationFilterChainDecorator$VirtualFilterChain.doFilter(ObservationFilterChainDecorator.java:137)
	at org.springframework.security.web.savedrequest.RequestCacheAwareFilter.doFilter(RequestCacheAwareFilter.java:63)
	at org.springframework.security.web.ObservationFilterChainDecorator$ObservationFilter.wrapFilter(ObservationFilterChainDecorator.java:240)
	at org.springframework.security.web.ObservationFilterChainDecorator$ObservationFilter.doFilter(ObservationFilterChainDecorator.java:227)
	at org.springframework.security.web.ObservationFilterChainDecorator$VirtualFilterChain.doFilter(ObservationFilterChainDecorator.java:137)
	at org.springframework.security.web.authentication.logout.LogoutFilter.doFilter(LogoutFilter.java:107)
	at org.springframework.security.web.authentication.logout.LogoutFilter.doFilter(LogoutFilter.java:93)
	at org.springframework.security.web.ObservationFilterChainDecorator$ObservationFilter.wrapFilter(ObservationFilterChainDecorator.java:240)
	at org.springframework.security.web.ObservationFilterChainDecorator$ObservationFilter.doFilter(ObservationFilterChainDecorator.java:227)
	at org.springframework.security.web.ObservationFilterChainDecorator$VirtualFilterChain.doFilter(ObservationFilterChainDecorator.java:137)
	at org.springframework.security.web.header.HeaderWriterFilter.doHeadersAfter(HeaderWriterFilter.java:90)
	at org.springframework.security.web.header.HeaderWriterFilter.doFilterInternal(HeaderWriterFilter.java:75)
	at org.springframework.web.filter.OncePerRequestFilter.doFilter(OncePerRequestFilter.java:116)
	at org.springframework.security.web.ObservationFilterChainDecorator$ObservationFilter.wrapFilter(ObservationFilterChainDecorator.java:240)
	at org.springframework.security.web.ObservationFilterChainDecorator$ObservationFilter.doFilter(ObservationFilterChainDecorator.java:227)
	at org.springframework.security.web.ObservationFilterChainDecorator$VirtualFilterChain.doFilter(ObservationFilterChainDecorator.java:137)
	at org.springframework.security.web.context.SecurityContextHolderFilter.doFilter(SecurityContextHolderFilter.java:82)
	at org.springframework.security.web.context.SecurityContextHolderFilter.doFilter(SecurityContextHolderFilter.java:69)
	at org.springframework.security.web.ObservationFilterChainDecorator$ObservationFilter.wrapFilter(ObservationFilterChainDecorator.java:240)
	at org.springframework.security.web.ObservationFilterChainDecorator$ObservationFilter.doFilter(ObservationFilterChainDecorator.java:227)
	at org.springframework.security.web.ObservationFilterChainDecorator$VirtualFilterChain.doFilter(ObservationFilterChainDecorator.java:137)
	at org.springframework.security.web.context.request.async.WebAsyncManagerIntegrationFilter.doFilterInternal(WebAsyncManagerIntegrationFilter.java:62)
	at org.springframework.web.filter.OncePerRequestFilter.doFilter(OncePerRequestFilter.java:116)
	at org.springframework.security.web.ObservationFilterChainDecorator$ObservationFilter.wrapFilter(ObservationFilterChainDecorator.java:240)
	at org.springframework.security.web.ObservationFilterChainDecorator$ObservationFilter.doFilter(ObservationFilterChainDecorator.java:227)
	at org.springframework.security.web.ObservationFilterChainDecorator$VirtualFilterChain.doFilter(ObservationFilterChainDecorator.java:137)
	at org.springframework.security.web.session.DisableEncodeUrlFilter.doFilterInternal(DisableEncodeUrlFilter.java:42)
	at org.springframework.web.filter.OncePerRequestFilter.doFilter(OncePerRequestFilter.java:116)
	at org.springframework.security.web.ObservationFilterChainDecorator$ObservationFilter.wrapFilter(ObservationFilterChainDecorator.java:240)
	at org.springframework.security.web.ObservationFilterChainDecorator$AroundFilterObservation$SimpleAroundFilterObservation.lambda$wrap$0(ObservationFilterChainDecorator.java:323)
	at org.springframework.security.web.ObservationFilterChainDecorator$ObservationFilter.doFilter(ObservationFilterChainDecorator.java:224)
	at org.springframework.security.web.ObservationFilterChainDecorator$VirtualFilterChain.doFilter(ObservationFilterChainDecorator.java:137)
	at org.springframework.security.web.FilterChainProxy.doFilterInternal(FilterChainProxy.java:233)
	at org.springframework.security.web.FilterChainProxy.doFilter(FilterChainProxy.java:191)
	at org.springframework.web.filter.CompositeFilter$VirtualFilterChain.doFilter(CompositeFilter.java:113)
	at org.springframework.web.servlet.handler.HandlerMappingIntrospector.lambda$createCacheFilter$3(HandlerMappingIntrospector.java:243)
	at org.springframework.web.filter.CompositeFilter$VirtualFilterChain.doFilter(CompositeFilter.java:113)
	at org.springframework.web.filter.CompositeFilter.doFilter(CompositeFilter.java:74)
	at org.springframework.security.config.annotation.web.configuration.WebMvcSecurityConfiguration$CompositeFilterChainProxy.doFilter(WebMvcSecurityConfiguration.java:238)
	at org.springframework.web.filter.DelegatingFilterProxy.invokeDelegate(DelegatingFilterProxy.java:362)
	at org.springframework.web.filter.DelegatingFilterProxy.doFilter(DelegatingFilterProxy.java:278)
	at org.apache.catalina.core.ApplicationFilterChain.internalDoFilter(ApplicationFilterChain.java:164)
	at org.apache.catalina.core.ApplicationFilterChain.doFilter(ApplicationFilterChain.java:140)
	at org.springframework.web.filter.RequestContextFilter.doFilterInternal(RequestContextFilter.java:100)
	at org.springframework.web.filter.OncePerRequestFilter.doFilter(OncePerRequestFilter.java:116)
	at org.apache.catalina.core.ApplicationFilterChain.internalDoFilter(ApplicationFilterChain.java:164)
	at org.apache.catalina.core.ApplicationFilterChain.doFilter(ApplicationFilterChain.java:140)
	at org.springframework.web.filter.FormContentFilter.doFilterInternal(FormContentFilter.java:93)
	at org.springframework.web.filter.OncePerRequestFilter.doFilter(OncePerRequestFilter.java:116)
	at org.apache.catalina.core.ApplicationFilterChain.internalDoFilter(ApplicationFilterChain.java:164)
	at org.apache.catalina.core.ApplicationFilterChain.doFilter(ApplicationFilterChain.java:140)
	at org.springframework.web.filter.ServerHttpObservationFilter.doFilterInternal(ServerHttpObservationFilter.java:114)
	at org.springframework.web.filter.OncePerRequestFilter.doFilter(OncePerRequestFilter.java:116)
	at org.apache.catalina.core.ApplicationFilterChain.internalDoFilter(ApplicationFilterChain.java:164)
	at org.apache.catalina.core.ApplicationFilterChain.doFilter(ApplicationFilterChain.java:140)
	at org.springframework.web.filter.CharacterEncodingFilter.doFilterInternal(CharacterEncodingFilter.java:201)
	at org.springframework.web.filter.OncePerRequestFilter.doFilter(OncePerRequestFilter.java:116)
	at org.apache.catalina.core.ApplicationFilterChain.internalDoFilter(ApplicationFilterChain.java:164)
	at org.apache.catalina.core.ApplicationFilterChain.doFilter(ApplicationFilterChain.java:140)
	at org.apache.catalina.core.StandardWrapperValve.invoke(StandardWrapperValve.java:167)
	at org.apache.catalina.core.StandardContextValve.invoke(StandardContextValve.java:90)
	at org.apache.catalina.authenticator.AuthenticatorBase.invoke(AuthenticatorBase.java:483)
	at org.apache.catalina.core.StandardHostValve.invoke(StandardHostValve.java:115)
	at org.apache.catalina.valves.ErrorReportValve.invoke(ErrorReportValve.java:93)
	at org.apache.catalina.core.StandardEngineValve.invoke(StandardEngineValve.java:74)
	at org.apache.catalina.connector.CoyoteAdapter.service(CoyoteAdapter.java:344)
	at org.apache.coyote.http11.Http11Processor.service(Http11Processor.java:397)
	at org.apache.coyote.AbstractProcessorLight.process(AbstractProcessorLight.java:63)
	at org.apache.coyote.AbstractProtocol$ConnectionHandler.process(AbstractProtocol.java:905)
	at org.apache.tomcat.util.net.NioEndpoint$SocketProcessor.doRun(NioEndpoint.java:1741)
	at org.apache.tomcat.util.net.SocketProcessorBase.run(SocketProcessorBase.java:52)
	at org.apache.tomcat.util.threads.ThreadPoolExecutor.runWorker(ThreadPoolExecutor.java:1190)
	at org.apache.tomcat.util.threads.ThreadPoolExecutor$Worker.run(ThreadPoolExecutor.java:659)
	at org.apache.tomcat.util.threads.TaskThread$WrappingRunnable.run(TaskThread.java:63)
	at java.base/java.lang.Thread.run(Thread.java:840)
Caused by: org.hibernate.NonUniqueResultException: Query did not return a unique result: 2 results were returned
	at org.hibernate.query.spi.AbstractSelectionQuery.uniqueElement(AbstractSelectionQuery.java:298)
	at org.hibernate.query.spi.AbstractSelectionQuery.getSingleResult(AbstractSelectionQuery.java:281)
	at org.springframework.data.jpa.repository.query.JpaQueryExecution$SingleEntityExecution.doExecute(JpaQueryExecution.java:224)
	at org.springframework.data.jpa.repository.query.JpaQueryExecution.execute(JpaQueryExecution.java:93)
	at org.springframework.data.jpa.repository.query.AbstractJpaQuery.doExecute(AbstractJpaQuery.java:152)
	at org.springframework.data.jpa.repository.query.AbstractJpaQuery.execute(AbstractJpaQuery.java:140)
	at org.springframework.data.repository.core.support.RepositoryMethodInvoker.doInvoke(RepositoryMethodInvoker.java:170)
	at org.springframework.data.repository.core.support.RepositoryMethodInvoker.invoke(RepositoryMethodInvoker.java:158)
	at org.springframework.data.repository.core.support.QueryExecutorMethodInterceptor.doInvoke(QueryExecutorMethodInterceptor.java:170)
	at org.springframework.data.repository.core.support.QueryExecutorMethodInterceptor.invoke(QueryExecutorMethodInterceptor.java:149)
	at org.springframework.aop.framework.ReflectiveMethodInvocation.proceed(ReflectiveMethodInvocation.java:184)
	at org.springframework.data.projection.DefaultMethodInvokingMethodInterceptor.invoke(DefaultMethodInvokingMethodInterceptor.java:69)
	at org.springframework.aop.framework.ReflectiveMethodInvocation.proceed(ReflectiveMethodInvocation.java:184)
	at org.springframework.transaction.interceptor.TransactionAspectSupport.invokeWithinTransaction(TransactionAspectSupport.java:380)
	at org.springframework.transaction.interceptor.TransactionInterceptor.invoke(TransactionInterceptor.java:119)
	at org.springframework.aop.framework.ReflectiveMethodInvocation.proceed(ReflectiveMethodInvocation.java:184)
	at org.springframework.dao.support.PersistenceExceptionTranslationInterceptor.invoke(PersistenceExceptionTranslationInterceptor.java:138)
	... 146 common frames omitted
2026-03-31 00:28:44.502 [http-nio-8080-exec-1] DEBUG [0cf802ad] c.s.m.d.controller.MessageController -
        Fetching messages for channel: e054663f-79db-41a6-8385-68e22f93f0dc, cursor: null, size: 50
2026-03-31 00:28:45.491 [http-nio-8080-exec-2] DEBUG [226b3ce0] c.s.m.d.s.basic.BasicChannelService  -
        Finding all channels for user: 1e2f6353-d975-4eb4-9c11-d8e8674fb0a6
2026-03-31 00:28:45.491 [http-nio-8080-exec-3] DEBUG [bef18f4b] c.s.m.d.controller.UserController    -
        Updating status for user: 1e2f6353-d975-4eb4-9c11-d8e8674fb0a6, last active: 2026-03-30T15:28:45.486Z
2026-03-31 00:28:45.491 [http-nio-8080-exec-3] INFO  [bef18f4b] c.s.m.d.s.b.BasicUserStatusService   -
        Updating status for user: 1e2f6353-d975-4eb4-9c11-d8e8674fb0a6
2026-03-31 00:28:45.505 [http-nio-8080-exec-6] DEBUG [0a7cdf9a] c.s.m.d.c.ReadStatusController       -
        Fetching read statuses for user: 1e2f6353-d975-4eb4-9c11-d8e8674fb0a6
2026-03-31 00:28:45.505 [http-nio-8080-exec-6] DEBUG [0a7cdf9a] c.s.m.d.s.b.BasicReadStatusService   -
        Fetching/Allocating read statuses for user: 1e2f6353-d975-4eb4-9c11-d8e8674fb0a6
2026-03-31 00:28:45.505 [http-nio-8080-exec-6] ERROR [0a7cdf9a] c.s.m.d.c.GlobalExceptionHandler     -
        Internal Server Error: 
org.springframework.dao.IncorrectResultSizeDataAccessException: Query did not return a unique result: 2 results were returned
	at org.springframework.orm.jpa.vendor.HibernateJpaDialect.convertHibernateAccessException(HibernateJpaDialect.java:301)
	at org.springframework.orm.jpa.vendor.HibernateJpaDialect.translateExceptionIfPossible(HibernateJpaDialect.java:244)
	at org.springframework.orm.jpa.AbstractEntityManagerFactoryBean.translateExceptionIfPossible(AbstractEntityManagerFactoryBean.java:560)
	at org.springframework.dao.support.ChainedPersistenceExceptionTranslator.translateExceptionIfPossible(ChainedPersistenceExceptionTranslator.java:61)
	at org.springframework.dao.support.DataAccessUtils.translateIfNecessary(DataAccessUtils.java:343)
	at org.springframework.dao.support.PersistenceExceptionTranslationInterceptor.invoke(PersistenceExceptionTranslationInterceptor.java:160)
	at org.springframework.aop.framework.ReflectiveMethodInvocation.proceed(ReflectiveMethodInvocation.java:184)
	at org.springframework.data.jpa.repository.support.CrudMethodMetadataPostProcessor$CrudMethodMetadataPopulatingMethodInterceptor.invoke(CrudMethodMetadataPostProcessor.java:136)
	at org.springframework.aop.framework.ReflectiveMethodInvocation.proceed(ReflectiveMethodInvocation.java:184)
	at org.springframework.aop.framework.JdkDynamicAopProxy.invoke(JdkDynamicAopProxy.java:223)
	at jdk.proxy2/jdk.proxy2.$Proxy185.findByUserIdAndChannelId(Unknown Source)
	at com.sprint.mission.discodeit.service.basic.BasicReadStatusService.lambda$findAllByUserId$2(BasicReadStatusService.java:48)
	at java.base/java.util.stream.ReferencePipeline$3$1.accept(ReferencePipeline.java:197)
	at java.base/java.util.ArrayList$ArrayListSpliterator.forEachRemaining(ArrayList.java:1625)
	at java.base/java.util.stream.AbstractPipeline.copyInto(AbstractPipeline.java:509)
	at java.base/java.util.stream.AbstractPipeline.wrapAndCopyInto(AbstractPipeline.java:499)
	at java.base/java.util.stream.AbstractPipeline.evaluate(AbstractPipeline.java:575)
	at java.base/java.util.stream.AbstractPipeline.evaluateToArrayNode(AbstractPipeline.java:260)
	at java.base/java.util.stream.ReferencePipeline.toArray(ReferencePipeline.java:616)
	at java.base/java.util.stream.ReferencePipeline.toArray(ReferencePipeline.java:622)
	at java.base/java.util.stream.ReferencePipeline.toList(ReferencePipeline.java:627)
	at com.sprint.mission.discodeit.service.basic.BasicReadStatusService.findAllByUserId(BasicReadStatusService.java:60)
	at jdk.internal.reflect.GeneratedMethodAccessor88.invoke(Unknown Source)
	at java.base/jdk.internal.reflect.DelegatingMethodAccessorImpl.invoke(DelegatingMethodAccessorImpl.java:43)
	at java.base/java.lang.reflect.Method.invoke(Method.java:569)
	at org.springframework.aop.support.AopUtils.invokeJoinpointUsingReflection(AopUtils.java:359)
	at org.springframework.aop.framework.ReflectiveMethodInvocation.invokeJoinpoint(ReflectiveMethodInvocation.java:196)
	at org.springframework.aop.framework.ReflectiveMethodInvocation.proceed(ReflectiveMethodInvocation.java:163)
	at org.springframework.transaction.interceptor.TransactionAspectSupport.invokeWithinTransaction(TransactionAspectSupport.java:380)
	at org.springframework.transaction.interceptor.TransactionInterceptor.invoke(TransactionInterceptor.java:119)
	at org.springframework.aop.framework.ReflectiveMethodInvocation.proceed(ReflectiveMethodInvocation.java:184)
	at org.springframework.aop.framework.CglibAopProxy$DynamicAdvisedInterceptor.intercept(CglibAopProxy.java:727)
	at com.sprint.mission.discodeit.service.basic.BasicReadStatusService$$SpringCGLIB$$0.findAllByUserId(<generated>)
	at com.sprint.mission.discodeit.controller.ReadStatusController.findAllByUserId(ReadStatusController.java:28)
	at jdk.internal.reflect.GeneratedMethodAccessor87.invoke(Unknown Source)
	at java.base/jdk.internal.reflect.DelegatingMethodAccessorImpl.invoke(DelegatingMethodAccessorImpl.java:43)
	at java.base/java.lang.reflect.Method.invoke(Method.java:569)
	at org.springframework.web.method.support.InvocableHandlerMethod.doInvoke(InvocableHandlerMethod.java:255)
	at org.springframework.web.method.support.InvocableHandlerMethod.invokeForRequest(InvocableHandlerMethod.java:188)
	at org.springframework.web.servlet.mvc.method.annotation.ServletInvocableHandlerMethod.invokeAndHandle(ServletInvocableHandlerMethod.java:118)
	at org.springframework.web.servlet.mvc.method.annotation.RequestMappingHandlerAdapter.invokeHandlerMethod(RequestMappingHandlerAdapter.java:986)
	at org.springframework.web.servlet.mvc.method.annotation.RequestMappingHandlerAdapter.handleInternal(RequestMappingHandlerAdapter.java:891)
	at org.springframework.web.servlet.mvc.method.AbstractHandlerMethodAdapter.handle(AbstractHandlerMethodAdapter.java:87)
	at org.springframework.web.servlet.DispatcherServlet.doDispatch(DispatcherServlet.java:1088)
	at org.springframework.web.servlet.DispatcherServlet.doService(DispatcherServlet.java:978)
	at org.springframework.web.servlet.FrameworkServlet.processRequest(FrameworkServlet.java:1014)
	at org.springframework.web.servlet.FrameworkServlet.doGet(FrameworkServlet.java:903)
	at jakarta.servlet.http.HttpServlet.service(HttpServlet.java:564)
	at org.springframework.web.servlet.FrameworkServlet.service(FrameworkServlet.java:885)
	at jakarta.servlet.http.HttpServlet.service(HttpServlet.java:658)
	at org.apache.catalina.core.ApplicationFilterChain.internalDoFilter(ApplicationFilterChain.java:195)
	at org.apache.catalina.core.ApplicationFilterChain.doFilter(ApplicationFilterChain.java:140)
	at org.apache.tomcat.websocket.server.WsFilter.doFilter(WsFilter.java:51)
	at org.apache.catalina.core.ApplicationFilterChain.internalDoFilter(ApplicationFilterChain.java:164)
	at org.apache.catalina.core.ApplicationFilterChain.doFilter(ApplicationFilterChain.java:140)
	at org.springframework.web.filter.CompositeFilter$VirtualFilterChain.doFilter(CompositeFilter.java:108)
	at org.springframework.security.web.FilterChainProxy.lambda$doFilterInternal$3(FilterChainProxy.java:231)
	at org.springframework.security.web.ObservationFilterChainDecorator$FilterObservation$SimpleFilterObservation.lambda$wrap$1(ObservationFilterChainDecorator.java:479)
	at org.springframework.security.web.ObservationFilterChainDecorator$AroundFilterObservation$SimpleAroundFilterObservation.lambda$wrap$1(ObservationFilterChainDecorator.java:340)
	at org.springframework.security.web.ObservationFilterChainDecorator.lambda$wrapSecured$0(ObservationFilterChainDecorator.java:82)
	at org.springframework.security.web.ObservationFilterChainDecorator$VirtualFilterChain.doFilter(ObservationFilterChainDecorator.java:128)
	at org.springframework.security.web.access.intercept.AuthorizationFilter.doFilter(AuthorizationFilter.java:101)
	at org.springframework.security.web.ObservationFilterChainDecorator$ObservationFilter.wrapFilter(ObservationFilterChainDecorator.java:240)
	at org.springframework.security.web.ObservationFilterChainDecorator$ObservationFilter.doFilter(ObservationFilterChainDecorator.java:227)
	at org.springframework.security.web.ObservationFilterChainDecorator$VirtualFilterChain.doFilter(ObservationFilterChainDecorator.java:137)
	at org.springframework.security.web.access.ExceptionTranslationFilter.doFilter(ExceptionTranslationFilter.java:126)
	at org.springframework.security.web.access.ExceptionTranslationFilter.doFilter(ExceptionTranslationFilter.java:120)
	at org.springframework.security.web.ObservationFilterChainDecorator$ObservationFilter.wrapFilter(ObservationFilterChainDecorator.java:240)
	at org.springframework.security.web.ObservationFilterChainDecorator$ObservationFilter.doFilter(ObservationFilterChainDecorator.java:227)
	at org.springframework.security.web.ObservationFilterChainDecorator$VirtualFilterChain.doFilter(ObservationFilterChainDecorator.java:137)
	at org.springframework.security.web.authentication.AnonymousAuthenticationFilter.doFilter(AnonymousAuthenticationFilter.java:100)
	at org.springframework.security.web.ObservationFilterChainDecorator$ObservationFilter.wrapFilter(ObservationFilterChainDecorator.java:240)
	at org.springframework.security.web.ObservationFilterChainDecorator$ObservationFilter.doFilter(ObservationFilterChainDecorator.java:227)
	at org.springframework.security.web.ObservationFilterChainDecorator$VirtualFilterChain.doFilter(ObservationFilterChainDecorator.java:137)
	at org.springframework.security.web.servletapi.SecurityContextHolderAwareRequestFilter.doFilter(SecurityContextHolderAwareRequestFilter.java:179)
	at org.springframework.security.web.ObservationFilterChainDecorator$ObservationFilter.wrapFilter(ObservationFilterChainDecorator.java:240)
	at org.springframework.security.web.ObservationFilterChainDecorator$ObservationFilter.doFilter(ObservationFilterChainDecorator.java:227)
	at org.springframework.security.web.ObservationFilterChainDecorator$VirtualFilterChain.doFilter(ObservationFilterChainDecorator.java:137)
	at org.springframework.security.web.savedrequest.RequestCacheAwareFilter.doFilter(RequestCacheAwareFilter.java:63)
	at org.springframework.security.web.ObservationFilterChainDecorator$ObservationFilter.wrapFilter(ObservationFilterChainDecorator.java:240)
	at org.springframework.security.web.ObservationFilterChainDecorator$ObservationFilter.doFilter(ObservationFilterChainDecorator.java:227)
	at org.springframework.security.web.ObservationFilterChainDecorator$VirtualFilterChain.doFilter(ObservationFilterChainDecorator.java:137)
	at org.springframework.security.web.authentication.logout.LogoutFilter.doFilter(LogoutFilter.java:107)
	at org.springframework.security.web.authentication.logout.LogoutFilter.doFilter(LogoutFilter.java:93)
	at org.springframework.security.web.ObservationFilterChainDecorator$ObservationFilter.wrapFilter(ObservationFilterChainDecorator.java:240)
	at org.springframework.security.web.ObservationFilterChainDecorator$ObservationFilter.doFilter(ObservationFilterChainDecorator.java:227)
	at org.springframework.security.web.ObservationFilterChainDecorator$VirtualFilterChain.doFilter(ObservationFilterChainDecorator.java:137)
	at org.springframework.security.web.header.HeaderWriterFilter.doHeadersAfter(HeaderWriterFilter.java:90)
	at org.springframework.security.web.header.HeaderWriterFilter.doFilterInternal(HeaderWriterFilter.java:75)
	at org.springframework.web.filter.OncePerRequestFilter.doFilter(OncePerRequestFilter.java:116)
	at org.springframework.security.web.ObservationFilterChainDecorator$ObservationFilter.wrapFilter(ObservationFilterChainDecorator.java:240)
	at org.springframework.security.web.ObservationFilterChainDecorator$ObservationFilter.doFilter(ObservationFilterChainDecorator.java:227)
	at org.springframework.security.web.ObservationFilterChainDecorator$VirtualFilterChain.doFilter(ObservationFilterChainDecorator.java:137)
	at org.springframework.security.web.context.SecurityContextHolderFilter.doFilter(SecurityContextHolderFilter.java:82)
	at org.springframework.security.web.context.SecurityContextHolderFilter.doFilter(SecurityContextHolderFilter.java:69)
	at org.springframework.security.web.ObservationFilterChainDecorator$ObservationFilter.wrapFilter(ObservationFilterChainDecorator.java:240)
	at org.springframework.security.web.ObservationFilterChainDecorator$ObservationFilter.doFilter(ObservationFilterChainDecorator.java:227)
	at org.springframework.security.web.ObservationFilterChainDecorator$VirtualFilterChain.doFilter(ObservationFilterChainDecorator.java:137)
	at org.springframework.security.web.context.request.async.WebAsyncManagerIntegrationFilter.doFilterInternal(WebAsyncManagerIntegrationFilter.java:62)
	at org.springframework.web.filter.OncePerRequestFilter.doFilter(OncePerRequestFilter.java:116)
	at org.springframework.security.web.ObservationFilterChainDecorator$ObservationFilter.wrapFilter(ObservationFilterChainDecorator.java:240)
	at org.springframework.security.web.ObservationFilterChainDecorator$ObservationFilter.doFilter(ObservationFilterChainDecorator.java:227)
	at org.springframework.security.web.ObservationFilterChainDecorator$VirtualFilterChain.doFilter(ObservationFilterChainDecorator.java:137)
	at org.springframework.security.web.session.DisableEncodeUrlFilter.doFilterInternal(DisableEncodeUrlFilter.java:42)
	at org.springframework.web.filter.OncePerRequestFilter.doFilter(OncePerRequestFilter.java:116)
	at org.springframework.security.web.ObservationFilterChainDecorator$ObservationFilter.wrapFilter(ObservationFilterChainDecorator.java:240)
	at org.springframework.security.web.ObservationFilterChainDecorator$AroundFilterObservation$SimpleAroundFilterObservation.lambda$wrap$0(ObservationFilterChainDecorator.java:323)
	at org.springframework.security.web.ObservationFilterChainDecorator$ObservationFilter.doFilter(ObservationFilterChainDecorator.java:224)
	at org.springframework.security.web.ObservationFilterChainDecorator$VirtualFilterChain.doFilter(ObservationFilterChainDecorator.java:137)
	at org.springframework.security.web.FilterChainProxy.doFilterInternal(FilterChainProxy.java:233)
	at org.springframework.security.web.FilterChainProxy.doFilter(FilterChainProxy.java:191)
	at org.springframework.web.filter.CompositeFilter$VirtualFilterChain.doFilter(CompositeFilter.java:113)
	at org.springframework.web.servlet.handler.HandlerMappingIntrospector.lambda$createCacheFilter$3(HandlerMappingIntrospector.java:243)
	at org.springframework.web.filter.CompositeFilter$VirtualFilterChain.doFilter(CompositeFilter.java:113)
	at org.springframework.web.filter.CompositeFilter.doFilter(CompositeFilter.java:74)
	at org.springframework.security.config.annotation.web.configuration.WebMvcSecurityConfiguration$CompositeFilterChainProxy.doFilter(WebMvcSecurityConfiguration.java:238)
	at org.springframework.web.filter.DelegatingFilterProxy.invokeDelegate(DelegatingFilterProxy.java:362)
	at org.springframework.web.filter.DelegatingFilterProxy.doFilter(DelegatingFilterProxy.java:278)
	at org.apache.catalina.core.ApplicationFilterChain.internalDoFilter(ApplicationFilterChain.java:164)
	at org.apache.catalina.core.ApplicationFilterChain.doFilter(ApplicationFilterChain.java:140)
	at org.springframework.web.filter.RequestContextFilter.doFilterInternal(RequestContextFilter.java:100)
	at org.springframework.web.filter.OncePerRequestFilter.doFilter(OncePerRequestFilter.java:116)
	at org.apache.catalina.core.ApplicationFilterChain.internalDoFilter(ApplicationFilterChain.java:164)
	at org.apache.catalina.core.ApplicationFilterChain.doFilter(ApplicationFilterChain.java:140)
	at org.springframework.web.filter.FormContentFilter.doFilterInternal(FormContentFilter.java:93)
	at org.springframework.web.filter.OncePerRequestFilter.doFilter(OncePerRequestFilter.java:116)
	at org.apache.catalina.core.ApplicationFilterChain.internalDoFilter(ApplicationFilterChain.java:164)
	at org.apache.catalina.core.ApplicationFilterChain.doFilter(ApplicationFilterChain.java:140)
	at org.springframework.web.filter.ServerHttpObservationFilter.doFilterInternal(ServerHttpObservationFilter.java:114)
	at org.springframework.web.filter.OncePerRequestFilter.doFilter(OncePerRequestFilter.java:116)
	at org.apache.catalina.core.ApplicationFilterChain.internalDoFilter(ApplicationFilterChain.java:164)
	at org.apache.catalina.core.ApplicationFilterChain.doFilter(ApplicationFilterChain.java:140)
	at org.springframework.web.filter.CharacterEncodingFilter.doFilterInternal(CharacterEncodingFilter.java:201)
	at org.springframework.web.filter.OncePerRequestFilter.doFilter(OncePerRequestFilter.java:116)
	at org.apache.catalina.core.ApplicationFilterChain.internalDoFilter(ApplicationFilterChain.java:164)
	at org.apache.catalina.core.ApplicationFilterChain.doFilter(ApplicationFilterChain.java:140)
	at org.apache.catalina.core.StandardWrapperValve.invoke(StandardWrapperValve.java:167)
	at org.apache.catalina.core.StandardContextValve.invoke(StandardContextValve.java:90)
	at org.apache.catalina.authenticator.AuthenticatorBase.invoke(AuthenticatorBase.java:483)
	at org.apache.catalina.core.StandardHostValve.invoke(StandardHostValve.java:115)
	at org.apache.catalina.valves.ErrorReportValve.invoke(ErrorReportValve.java:93)
	at org.apache.catalina.core.StandardEngineValve.invoke(StandardEngineValve.java:74)
	at org.apache.catalina.connector.CoyoteAdapter.service(CoyoteAdapter.java:344)
	at org.apache.coyote.http11.Http11Processor.service(Http11Processor.java:397)
	at org.apache.coyote.AbstractProcessorLight.process(AbstractProcessorLight.java:63)
	at org.apache.coyote.AbstractProtocol$ConnectionHandler.process(AbstractProtocol.java:905)
	at org.apache.tomcat.util.net.NioEndpoint$SocketProcessor.doRun(NioEndpoint.java:1741)
	at org.apache.tomcat.util.net.SocketProcessorBase.run(SocketProcessorBase.java:52)
	at org.apache.tomcat.util.threads.ThreadPoolExecutor.runWorker(ThreadPoolExecutor.java:1190)
	at org.apache.tomcat.util.threads.ThreadPoolExecutor$Worker.run(ThreadPoolExecutor.java:659)
	at org.apache.tomcat.util.threads.TaskThread$WrappingRunnable.run(TaskThread.java:63)
	at java.base/java.lang.Thread.run(Thread.java:840)
Caused by: org.hibernate.NonUniqueResultException: Query did not return a unique result: 2 results were returned
	at org.hibernate.query.spi.AbstractSelectionQuery.uniqueElement(AbstractSelectionQuery.java:298)
	at org.hibernate.query.spi.AbstractSelectionQuery.getSingleResult(AbstractSelectionQuery.java:281)
	at org.springframework.data.jpa.repository.query.JpaQueryExecution$SingleEntityExecution.doExecute(JpaQueryExecution.java:224)
	at org.springframework.data.jpa.repository.query.JpaQueryExecution.execute(JpaQueryExecution.java:93)
	at org.springframework.data.jpa.repository.query.AbstractJpaQuery.doExecute(AbstractJpaQuery.java:152)
	at org.springframework.data.jpa.repository.query.AbstractJpaQuery.execute(AbstractJpaQuery.java:140)
	at org.springframework.data.repository.core.support.RepositoryMethodInvoker.doInvoke(RepositoryMethodInvoker.java:170)
	at org.springframework.data.repository.core.support.RepositoryMethodInvoker.invoke(RepositoryMethodInvoker.java:158)
	at org.springframework.data.repository.core.support.QueryExecutorMethodInterceptor.doInvoke(QueryExecutorMethodInterceptor.java:170)
	at org.springframework.data.repository.core.support.QueryExecutorMethodInterceptor.invoke(QueryExecutorMethodInterceptor.java:149)
	at org.springframework.aop.framework.ReflectiveMethodInvocation.proceed(ReflectiveMethodInvocation.java:184)
	at org.springframework.data.projection.DefaultMethodInvokingMethodInterceptor.invoke(DefaultMethodInvokingMethodInterceptor.java:69)
	at org.springframework.aop.framework.ReflectiveMethodInvocation.proceed(ReflectiveMethodInvocation.java:184)
	at org.springframework.transaction.interceptor.TransactionAspectSupport.invokeWithinTransaction(TransactionAspectSupport.java:380)
	at org.springframework.transaction.interceptor.TransactionInterceptor.invoke(TransactionInterceptor.java:119)
	at org.springframework.aop.framework.ReflectiveMethodInvocation.proceed(ReflectiveMethodInvocation.java:184)
	at org.springframework.dao.support.PersistenceExceptionTranslationInterceptor.invoke(PersistenceExceptionTranslationInterceptor.java:138)
	... 146 common frames omitted
2026-03-31 00:28:48.492 [http-nio-8080-exec-4] DEBUG [211a319e] c.s.m.d.controller.MessageController -
        Fetching messages for channel: e054663f-79db-41a6-8385-68e22f93f0dc, cursor: null, size: 50
2026-03-31 00:28:48.493 [http-nio-8080-exec-5] DEBUG [5808480f] c.s.m.d.s.basic.BasicChannelService  -
        Finding all channels for user: 1e2f6353-d975-4eb4-9c11-d8e8674fb0a6
2026-03-31 00:28:48.501 [http-nio-8080-exec-9] DEBUG [d85e410e] c.s.m.d.c.ReadStatusController       -
        Fetching read statuses for user: 1e2f6353-d975-4eb4-9c11-d8e8674fb0a6
2026-03-31 00:28:48.501 [http-nio-8080-exec-9] DEBUG [d85e410e] c.s.m.d.s.b.BasicReadStatusService   -
        Fetching/Allocating read statuses for user: 1e2f6353-d975-4eb4-9c11-d8e8674fb0a6
2026-03-31 00:28:48.510 [http-nio-8080-exec-9] ERROR [d85e410e] c.s.m.d.c.GlobalExceptionHandler     -
        Internal Server Error: 
org.springframework.dao.IncorrectResultSizeDataAccessException: Query did not return a unique result: 2 results were returned
	at org.springframework.orm.jpa.vendor.HibernateJpaDialect.convertHibernateAccessException(HibernateJpaDialect.java:301)
	at org.springframework.orm.jpa.vendor.HibernateJpaDialect.translateExceptionIfPossible(HibernateJpaDialect.java:244)
	at org.springframework.orm.jpa.AbstractEntityManagerFactoryBean.translateExceptionIfPossible(AbstractEntityManagerFactoryBean.java:560)
	at org.springframework.dao.support.ChainedPersistenceExceptionTranslator.translateExceptionIfPossible(ChainedPersistenceExceptionTranslator.java:61)
	at org.springframework.dao.support.DataAccessUtils.translateIfNecessary(DataAccessUtils.java:343)
	at org.springframework.dao.support.PersistenceExceptionTranslationInterceptor.invoke(PersistenceExceptionTranslationInterceptor.java:160)
	at org.springframework.aop.framework.ReflectiveMethodInvocation.proceed(ReflectiveMethodInvocation.java:184)
	at org.springframework.data.jpa.repository.support.CrudMethodMetadataPostProcessor$CrudMethodMetadataPopulatingMethodInterceptor.invoke(CrudMethodMetadataPostProcessor.java:136)
	at org.springframework.aop.framework.ReflectiveMethodInvocation.proceed(ReflectiveMethodInvocation.java:184)
	at org.springframework.aop.framework.JdkDynamicAopProxy.invoke(JdkDynamicAopProxy.java:223)
	at jdk.proxy2/jdk.proxy2.$Proxy185.findByUserIdAndChannelId(Unknown Source)
	at com.sprint.mission.discodeit.service.basic.BasicReadStatusService.lambda$findAllByUserId$2(BasicReadStatusService.java:48)
	at java.base/java.util.stream.ReferencePipeline$3$1.accept(ReferencePipeline.java:197)
	at java.base/java.util.ArrayList$ArrayListSpliterator.forEachRemaining(ArrayList.java:1625)
	at java.base/java.util.stream.AbstractPipeline.copyInto(AbstractPipeline.java:509)
	at java.base/java.util.stream.AbstractPipeline.wrapAndCopyInto(AbstractPipeline.java:499)
	at java.base/java.util.stream.AbstractPipeline.evaluate(AbstractPipeline.java:575)
	at java.base/java.util.stream.AbstractPipeline.evaluateToArrayNode(AbstractPipeline.java:260)
	at java.base/java.util.stream.ReferencePipeline.toArray(ReferencePipeline.java:616)
	at java.base/java.util.stream.ReferencePipeline.toArray(ReferencePipeline.java:622)
	at java.base/java.util.stream.ReferencePipeline.toList(ReferencePipeline.java:627)
	at com.sprint.mission.discodeit.service.basic.BasicReadStatusService.findAllByUserId(BasicReadStatusService.java:60)
	at jdk.internal.reflect.GeneratedMethodAccessor88.invoke(Unknown Source)
	at java.base/jdk.internal.reflect.DelegatingMethodAccessorImpl.invoke(DelegatingMethodAccessorImpl.java:43)
	at java.base/java.lang.reflect.Method.invoke(Method.java:569)
	at org.springframework.aop.support.AopUtils.invokeJoinpointUsingReflection(AopUtils.java:359)
	at org.springframework.aop.framework.ReflectiveMethodInvocation.invokeJoinpoint(ReflectiveMethodInvocation.java:196)
	at org.springframework.aop.framework.ReflectiveMethodInvocation.proceed(ReflectiveMethodInvocation.java:163)
	at org.springframework.transaction.interceptor.TransactionAspectSupport.invokeWithinTransaction(TransactionAspectSupport.java:380)
	at org.springframework.transaction.interceptor.TransactionInterceptor.invoke(TransactionInterceptor.java:119)
	at org.springframework.aop.framework.ReflectiveMethodInvocation.proceed(ReflectiveMethodInvocation.java:184)
	at org.springframework.aop.framework.CglibAopProxy$DynamicAdvisedInterceptor.intercept(CglibAopProxy.java:727)
	at com.sprint.mission.discodeit.service.basic.BasicReadStatusService$$SpringCGLIB$$0.findAllByUserId(<generated>)
	at com.sprint.mission.discodeit.controller.ReadStatusController.findAllByUserId(ReadStatusController.java:28)
	at jdk.internal.reflect.GeneratedMethodAccessor87.invoke(Unknown Source)
	at java.base/jdk.internal.reflect.DelegatingMethodAccessorImpl.invoke(DelegatingMethodAccessorImpl.java:43)
	at java.base/java.lang.reflect.Method.invoke(Method.java:569)
	at org.springframework.web.method.support.InvocableHandlerMethod.doInvoke(InvocableHandlerMethod.java:255)
	at org.springframework.web.method.support.InvocableHandlerMethod.invokeForRequest(InvocableHandlerMethod.java:188)
	at org.springframework.web.servlet.mvc.method.annotation.ServletInvocableHandlerMethod.invokeAndHandle(ServletInvocableHandlerMethod.java:118)
	at org.springframework.web.servlet.mvc.method.annotation.RequestMappingHandlerAdapter.invokeHandlerMethod(RequestMappingHandlerAdapter.java:986)
	at org.springframework.web.servlet.mvc.method.annotation.RequestMappingHandlerAdapter.handleInternal(RequestMappingHandlerAdapter.java:891)
	at org.springframework.web.servlet.mvc.method.AbstractHandlerMethodAdapter.handle(AbstractHandlerMethodAdapter.java:87)
	at org.springframework.web.servlet.DispatcherServlet.doDispatch(DispatcherServlet.java:1088)
	at org.springframework.web.servlet.DispatcherServlet.doService(DispatcherServlet.java:978)
	at org.springframework.web.servlet.FrameworkServlet.processRequest(FrameworkServlet.java:1014)
	at org.springframework.web.servlet.FrameworkServlet.doGet(FrameworkServlet.java:903)
	at jakarta.servlet.http.HttpServlet.service(HttpServlet.java:564)
	at org.springframework.web.servlet.FrameworkServlet.service(FrameworkServlet.java:885)
	at jakarta.servlet.http.HttpServlet.service(HttpServlet.java:658)
	at org.apache.catalina.core.ApplicationFilterChain.internalDoFilter(ApplicationFilterChain.java:195)
	at org.apache.catalina.core.ApplicationFilterChain.doFilter(ApplicationFilterChain.java:140)
	at org.apache.tomcat.websocket.server.WsFilter.doFilter(WsFilter.java:51)
	at org.apache.catalina.core.ApplicationFilterChain.internalDoFilter(ApplicationFilterChain.java:164)
	at org.apache.catalina.core.ApplicationFilterChain.doFilter(ApplicationFilterChain.java:140)
	at org.springframework.web.filter.CompositeFilter$VirtualFilterChain.doFilter(CompositeFilter.java:108)
	at org.springframework.security.web.FilterChainProxy.lambda$doFilterInternal$3(FilterChainProxy.java:231)
	at org.springframework.security.web.ObservationFilterChainDecorator$FilterObservation$SimpleFilterObservation.lambda$wrap$1(ObservationFilterChainDecorator.java:479)
	at org.springframework.security.web.ObservationFilterChainDecorator$AroundFilterObservation$SimpleAroundFilterObservation.lambda$wrap$1(ObservationFilterChainDecorator.java:340)
	at org.springframework.security.web.ObservationFilterChainDecorator.lambda$wrapSecured$0(ObservationFilterChainDecorator.java:82)
	at org.springframework.security.web.ObservationFilterChainDecorator$VirtualFilterChain.doFilter(ObservationFilterChainDecorator.java:128)
	at org.springframework.security.web.access.intercept.AuthorizationFilter.doFilter(AuthorizationFilter.java:101)
	at org.springframework.security.web.ObservationFilterChainDecorator$ObservationFilter.wrapFilter(ObservationFilterChainDecorator.java:240)
	at org.springframework.security.web.ObservationFilterChainDecorator$ObservationFilter.doFilter(ObservationFilterChainDecorator.java:227)
	at org.springframework.security.web.ObservationFilterChainDecorator$VirtualFilterChain.doFilter(ObservationFilterChainDecorator.java:137)
	at org.springframework.security.web.access.ExceptionTranslationFilter.doFilter(ExceptionTranslationFilter.java:126)
	at org.springframework.security.web.access.ExceptionTranslationFilter.doFilter(ExceptionTranslationFilter.java:120)
	at org.springframework.security.web.ObservationFilterChainDecorator$ObservationFilter.wrapFilter(ObservationFilterChainDecorator.java:240)
	at org.springframework.security.web.ObservationFilterChainDecorator$ObservationFilter.doFilter(ObservationFilterChainDecorator.java:227)
	at org.springframework.security.web.ObservationFilterChainDecorator$VirtualFilterChain.doFilter(ObservationFilterChainDecorator.java:137)
	at org.springframework.security.web.authentication.AnonymousAuthenticationFilter.doFilter(AnonymousAuthenticationFilter.java:100)
	at org.springframework.security.web.ObservationFilterChainDecorator$ObservationFilter.wrapFilter(ObservationFilterChainDecorator.java:240)
	at org.springframework.security.web.ObservationFilterChainDecorator$ObservationFilter.doFilter(ObservationFilterChainDecorator.java:227)
	at org.springframework.security.web.ObservationFilterChainDecorator$VirtualFilterChain.doFilter(ObservationFilterChainDecorator.java:137)
	at org.springframework.security.web.servletapi.SecurityContextHolderAwareRequestFilter.doFilter(SecurityContextHolderAwareRequestFilter.java:179)
	at org.springframework.security.web.ObservationFilterChainDecorator$ObservationFilter.wrapFilter(ObservationFilterChainDecorator.java:240)
	at org.springframework.security.web.ObservationFilterChainDecorator$ObservationFilter.doFilter(ObservationFilterChainDecorator.java:227)
	at org.springframework.security.web.ObservationFilterChainDecorator$VirtualFilterChain.doFilter(ObservationFilterChainDecorator.java:137)
	at org.springframework.security.web.savedrequest.RequestCacheAwareFilter.doFilter(RequestCacheAwareFilter.java:63)
	at org.springframework.security.web.ObservationFilterChainDecorator$ObservationFilter.wrapFilter(ObservationFilterChainDecorator.java:240)
	at org.springframework.security.web.ObservationFilterChainDecorator$ObservationFilter.doFilter(ObservationFilterChainDecorator.java:227)
	at org.springframework.security.web.ObservationFilterChainDecorator$VirtualFilterChain.doFilter(ObservationFilterChainDecorator.java:137)
	at org.springframework.security.web.authentication.logout.LogoutFilter.doFilter(LogoutFilter.java:107)
	at org.springframework.security.web.authentication.logout.LogoutFilter.doFilter(LogoutFilter.java:93)
	at org.springframework.security.web.ObservationFilterChainDecorator$ObservationFilter.wrapFilter(ObservationFilterChainDecorator.java:240)
	at org.springframework.security.web.ObservationFilterChainDecorator$ObservationFilter.doFilter(ObservationFilterChainDecorator.java:227)
	at org.springframework.security.web.ObservationFilterChainDecorator$VirtualFilterChain.doFilter(ObservationFilterChainDecorator.java:137)
	at org.springframework.security.web.header.HeaderWriterFilter.doHeadersAfter(HeaderWriterFilter.java:90)
	at org.springframework.security.web.header.HeaderWriterFilter.doFilterInternal(HeaderWriterFilter.java:75)
	at org.springframework.web.filter.OncePerRequestFilter.doFilter(OncePerRequestFilter.java:116)
	at org.springframework.security.web.ObservationFilterChainDecorator$ObservationFilter.wrapFilter(ObservationFilterChainDecorator.java:240)
	at org.springframework.security.web.ObservationFilterChainDecorator$ObservationFilter.doFilter(ObservationFilterChainDecorator.java:227)
	at org.springframework.security.web.ObservationFilterChainDecorator$VirtualFilterChain.doFilter(ObservationFilterChainDecorator.java:137)
	at org.springframework.security.web.context.SecurityContextHolderFilter.doFilter(SecurityContextHolderFilter.java:82)
	at org.springframework.security.web.context.SecurityContextHolderFilter.doFilter(SecurityContextHolderFilter.java:69)
	at org.springframework.security.web.ObservationFilterChainDecorator$ObservationFilter.wrapFilter(ObservationFilterChainDecorator.java:240)
	at org.springframework.security.web.ObservationFilterChainDecorator$ObservationFilter.doFilter(ObservationFilterChainDecorator.java:227)
	at org.springframework.security.web.ObservationFilterChainDecorator$VirtualFilterChain.doFilter(ObservationFilterChainDecorator.java:137)
	at org.springframework.security.web.context.request.async.WebAsyncManagerIntegrationFilter.doFilterInternal(WebAsyncManagerIntegrationFilter.java:62)
	at org.springframework.web.filter.OncePerRequestFilter.doFilter(OncePerRequestFilter.java:116)
	at org.springframework.security.web.ObservationFilterChainDecorator$ObservationFilter.wrapFilter(ObservationFilterChainDecorator.java:240)
	at org.springframework.security.web.ObservationFilterChainDecorator$ObservationFilter.doFilter(ObservationFilterChainDecorator.java:227)
	at org.springframework.security.web.ObservationFilterChainDecorator$VirtualFilterChain.doFilter(ObservationFilterChainDecorator.java:137)
	at org.springframework.security.web.session.DisableEncodeUrlFilter.doFilterInternal(DisableEncodeUrlFilter.java:42)
	at org.springframework.web.filter.OncePerRequestFilter.doFilter(OncePerRequestFilter.java:116)
	at org.springframework.security.web.ObservationFilterChainDecorator$ObservationFilter.wrapFilter(ObservationFilterChainDecorator.java:240)
	at org.springframework.security.web.ObservationFilterChainDecorator$AroundFilterObservation$SimpleAroundFilterObservation.lambda$wrap$0(ObservationFilterChainDecorator.java:323)
	at org.springframework.security.web.ObservationFilterChainDecorator$ObservationFilter.doFilter(ObservationFilterChainDecorator.java:224)
	at org.springframework.security.web.ObservationFilterChainDecorator$VirtualFilterChain.doFilter(ObservationFilterChainDecorator.java:137)
	at org.springframework.security.web.FilterChainProxy.doFilterInternal(FilterChainProxy.java:233)
	at org.springframework.security.web.FilterChainProxy.doFilter(FilterChainProxy.java:191)
	at org.springframework.web.filter.CompositeFilter$VirtualFilterChain.doFilter(CompositeFilter.java:113)
	at org.springframework.web.servlet.handler.HandlerMappingIntrospector.lambda$createCacheFilter$3(HandlerMappingIntrospector.java:243)
	at org.springframework.web.filter.CompositeFilter$VirtualFilterChain.doFilter(CompositeFilter.java:113)
	at org.springframework.web.filter.CompositeFilter.doFilter(CompositeFilter.java:74)
	at org.springframework.security.config.annotation.web.configuration.WebMvcSecurityConfiguration$CompositeFilterChainProxy.doFilter(WebMvcSecurityConfiguration.java:238)
	at org.springframework.web.filter.DelegatingFilterProxy.invokeDelegate(DelegatingFilterProxy.java:362)
	at org.springframework.web.filter.DelegatingFilterProxy.doFilter(DelegatingFilterProxy.java:278)
	at org.apache.catalina.core.ApplicationFilterChain.internalDoFilter(ApplicationFilterChain.java:164)
	at org.apache.catalina.core.ApplicationFilterChain.doFilter(ApplicationFilterChain.java:140)
	at org.springframework.web.filter.RequestContextFilter.doFilterInternal(RequestContextFilter.java:100)
	at org.springframework.web.filter.OncePerRequestFilter.doFilter(OncePerRequestFilter.java:116)
	at org.apache.catalina.core.ApplicationFilterChain.internalDoFilter(ApplicationFilterChain.java:164)
	at org.apache.catalina.core.ApplicationFilterChain.doFilter(ApplicationFilterChain.java:140)
	at org.springframework.web.filter.FormContentFilter.doFilterInternal(FormContentFilter.java:93)
	at org.springframework.web.filter.OncePerRequestFilter.doFilter(OncePerRequestFilter.java:116)
	at org.apache.catalina.core.ApplicationFilterChain.internalDoFilter(ApplicationFilterChain.java:164)
	at org.apache.catalina.core.ApplicationFilterChain.doFilter(ApplicationFilterChain.java:140)
	at org.springframework.web.filter.ServerHttpObservationFilter.doFilterInternal(ServerHttpObservationFilter.java:114)
	at org.springframework.web.filter.OncePerRequestFilter.doFilter(OncePerRequestFilter.java:116)
	at org.apache.catalina.core.ApplicationFilterChain.internalDoFilter(ApplicationFilterChain.java:164)
	at org.apache.catalina.core.ApplicationFilterChain.doFilter(ApplicationFilterChain.java:140)
	at org.springframework.web.filter.CharacterEncodingFilter.doFilterInternal(CharacterEncodingFilter.java:201)
	at org.springframework.web.filter.OncePerRequestFilter.doFilter(OncePerRequestFilter.java:116)
	at org.apache.catalina.core.ApplicationFilterChain.internalDoFilter(ApplicationFilterChain.java:164)
	at org.apache.catalina.core.ApplicationFilterChain.doFilter(ApplicationFilterChain.java:140)
	at org.apache.catalina.core.StandardWrapperValve.invoke(StandardWrapperValve.java:167)
	at org.apache.catalina.core.StandardContextValve.invoke(StandardContextValve.java:90)
	at org.apache.catalina.authenticator.AuthenticatorBase.invoke(AuthenticatorBase.java:483)
	at org.apache.catalina.core.StandardHostValve.invoke(StandardHostValve.java:115)
	at org.apache.catalina.valves.ErrorReportValve.invoke(ErrorReportValve.java:93)
	at org.apache.catalina.core.StandardEngineValve.invoke(StandardEngineValve.java:74)
	at org.apache.catalina.connector.CoyoteAdapter.service(CoyoteAdapter.java:344)
	at org.apache.coyote.http11.Http11Processor.service(Http11Processor.java:397)
	at org.apache.coyote.AbstractProcessorLight.process(AbstractProcessorLight.java:63)
	at org.apache.coyote.AbstractProtocol$ConnectionHandler.process(AbstractProtocol.java:905)
	at org.apache.tomcat.util.net.NioEndpoint$SocketProcessor.doRun(NioEndpoint.java:1741)
	at org.apache.tomcat.util.net.SocketProcessorBase.run(SocketProcessorBase.java:52)
	at org.apache.tomcat.util.threads.ThreadPoolExecutor.runWorker(ThreadPoolExecutor.java:1190)
	at org.apache.tomcat.util.threads.ThreadPoolExecutor$Worker.run(ThreadPoolExecutor.java:659)
	at org.apache.tomcat.util.threads.TaskThread$WrappingRunnable.run(TaskThread.java:63)
	at java.base/java.lang.Thread.run(Thread.java:840)
Caused by: org.hibernate.NonUniqueResultException: Query did not return a unique result: 2 results were returned
	at org.hibernate.query.spi.AbstractSelectionQuery.uniqueElement(AbstractSelectionQuery.java:298)
	at org.hibernate.query.spi.AbstractSelectionQuery.getSingleResult(AbstractSelectionQuery.java:281)
	at org.springframework.data.jpa.repository.query.JpaQueryExecution$SingleEntityExecution.doExecute(JpaQueryExecution.java:224)
	at org.springframework.data.jpa.repository.query.JpaQueryExecution.execute(JpaQueryExecution.java:93)
	at org.springframework.data.jpa.repository.query.AbstractJpaQuery.doExecute(AbstractJpaQuery.java:152)
	at org.springframework.data.jpa.repository.query.AbstractJpaQuery.execute(AbstractJpaQuery.java:140)
	at org.springframework.data.repository.core.support.RepositoryMethodInvoker.doInvoke(RepositoryMethodInvoker.java:170)
	at org.springframework.data.repository.core.support.RepositoryMethodInvoker.invoke(RepositoryMethodInvoker.java:158)
	at org.springframework.data.repository.core.support.QueryExecutorMethodInterceptor.doInvoke(QueryExecutorMethodInterceptor.java:170)
	at org.springframework.data.repository.core.support.QueryExecutorMethodInterceptor.invoke(QueryExecutorMethodInterceptor.java:149)
	at org.springframework.aop.framework.ReflectiveMethodInvocation.proceed(ReflectiveMethodInvocation.java:184)
	at org.springframework.data.projection.DefaultMethodInvokingMethodInterceptor.invoke(DefaultMethodInvokingMethodInterceptor.java:69)
	at org.springframework.aop.framework.ReflectiveMethodInvocation.proceed(ReflectiveMethodInvocation.java:184)
	at org.springframework.transaction.interceptor.TransactionAspectSupport.invokeWithinTransaction(TransactionAspectSupport.java:380)
	at org.springframework.transaction.interceptor.TransactionInterceptor.invoke(TransactionInterceptor.java:119)
	at org.springframework.aop.framework.ReflectiveMethodInvocation.proceed(ReflectiveMethodInvocation.java:184)
	at org.springframework.dao.support.PersistenceExceptionTranslationInterceptor.invoke(PersistenceExceptionTranslationInterceptor.java:138)
	... 146 common frames omitted
2026-03-31 00:28:51.487 [http-nio-8080-exec-8] DEBUG [73ead10c] c.s.m.d.s.basic.BasicChannelService  -
        Finding all channels for user: 1e2f6353-d975-4eb4-9c11-d8e8674fb0a6
2026-03-31 00:28:51.502 [http-nio-8080-exec-7] DEBUG [6aabd3e5] c.s.m.d.c.ReadStatusController       -
        Fetching read statuses for user: 1e2f6353-d975-4eb4-9c11-d8e8674fb0a6
2026-03-31 00:28:51.502 [http-nio-8080-exec-7] DEBUG [6aabd3e5] c.s.m.d.s.b.BasicReadStatusService   -
        Fetching/Allocating read statuses for user: 1e2f6353-d975-4eb4-9c11-d8e8674fb0a6
2026-03-31 00:28:51.516 [http-nio-8080-exec-7] ERROR [6aabd3e5] c.s.m.d.c.GlobalExceptionHandler     -
        Internal Server Error: 
org.springframework.dao.IncorrectResultSizeDataAccessException: Query did not return a unique result: 2 results were returned
	at org.springframework.orm.jpa.vendor.HibernateJpaDialect.convertHibernateAccessException(HibernateJpaDialect.java:301)
	at org.springframework.orm.jpa.vendor.HibernateJpaDialect.translateExceptionIfPossible(HibernateJpaDialect.java:244)
	at org.springframework.orm.jpa.AbstractEntityManagerFactoryBean.translateExceptionIfPossible(AbstractEntityManagerFactoryBean.java:560)
	at org.springframework.dao.support.ChainedPersistenceExceptionTranslator.translateExceptionIfPossible(ChainedPersistenceExceptionTranslator.java:61)
	at org.springframework.dao.support.DataAccessUtils.translateIfNecessary(DataAccessUtils.java:343)
	at org.springframework.dao.support.PersistenceExceptionTranslationInterceptor.invoke(PersistenceExceptionTranslationInterceptor.java:160)
	at org.springframework.aop.framework.ReflectiveMethodInvocation.proceed(ReflectiveMethodInvocation.java:184)
	at org.springframework.data.jpa.repository.support.CrudMethodMetadataPostProcessor$CrudMethodMetadataPopulatingMethodInterceptor.invoke(CrudMethodMetadataPostProcessor.java:136)
	at org.springframework.aop.framework.ReflectiveMethodInvocation.proceed(ReflectiveMethodInvocation.java:184)
	at org.springframework.aop.framework.JdkDynamicAopProxy.invoke(JdkDynamicAopProxy.java:223)
	at jdk.proxy2/jdk.proxy2.$Proxy185.findByUserIdAndChannelId(Unknown Source)
	at com.sprint.mission.discodeit.service.basic.BasicReadStatusService.lambda$findAllByUserId$2(BasicReadStatusService.java:48)
	at java.base/java.util.stream.ReferencePipeline$3$1.accept(ReferencePipeline.java:197)
	at java.base/java.util.ArrayList$ArrayListSpliterator.forEachRemaining(ArrayList.java:1625)
	at java.base/java.util.stream.AbstractPipeline.copyInto(AbstractPipeline.java:509)
	at java.base/java.util.stream.AbstractPipeline.wrapAndCopyInto(AbstractPipeline.java:499)
	at java.base/java.util.stream.AbstractPipeline.evaluate(AbstractPipeline.java:575)
	at java.base/java.util.stream.AbstractPipeline.evaluateToArrayNode(AbstractPipeline.java:260)
	at java.base/java.util.stream.ReferencePipeline.toArray(ReferencePipeline.java:616)
	at java.base/java.util.stream.ReferencePipeline.toArray(ReferencePipeline.java:622)
	at java.base/java.util.stream.ReferencePipeline.toList(ReferencePipeline.java:627)
	at com.sprint.mission.discodeit.service.basic.BasicReadStatusService.findAllByUserId(BasicReadStatusService.java:60)
	at jdk.internal.reflect.GeneratedMethodAccessor88.invoke(Unknown Source)
	at java.base/jdk.internal.reflect.DelegatingMethodAccessorImpl.invoke(DelegatingMethodAccessorImpl.java:43)
	at java.base/java.lang.reflect.Method.invoke(Method.java:569)
	at org.springframework.aop.support.AopUtils.invokeJoinpointUsingReflection(AopUtils.java:359)
	at org.springframework.aop.framework.ReflectiveMethodInvocation.invokeJoinpoint(ReflectiveMethodInvocation.java:196)
	at org.springframework.aop.framework.ReflectiveMethodInvocation.proceed(ReflectiveMethodInvocation.java:163)
	at org.springframework.transaction.interceptor.TransactionAspectSupport.invokeWithinTransaction(TransactionAspectSupport.java:380)
	at org.springframework.transaction.interceptor.TransactionInterceptor.invoke(TransactionInterceptor.java:119)
	at org.springframework.aop.framework.ReflectiveMethodInvocation.proceed(ReflectiveMethodInvocation.java:184)
	at org.springframework.aop.framework.CglibAopProxy$DynamicAdvisedInterceptor.intercept(CglibAopProxy.java:727)
	at com.sprint.mission.discodeit.service.basic.BasicReadStatusService$$SpringCGLIB$$0.findAllByUserId(<generated>)
	at com.sprint.mission.discodeit.controller.ReadStatusController.findAllByUserId(ReadStatusController.java:28)
	at jdk.internal.reflect.GeneratedMethodAccessor87.invoke(Unknown Source)
	at java.base/jdk.internal.reflect.DelegatingMethodAccessorImpl.invoke(DelegatingMethodAccessorImpl.java:43)
	at java.base/java.lang.reflect.Method.invoke(Method.java:569)
	at org.springframework.web.method.support.InvocableHandlerMethod.doInvoke(InvocableHandlerMethod.java:255)
	at org.springframework.web.method.support.InvocableHandlerMethod.invokeForRequest(InvocableHandlerMethod.java:188)
	at org.springframework.web.servlet.mvc.method.annotation.ServletInvocableHandlerMethod.invokeAndHandle(ServletInvocableHandlerMethod.java:118)
	at org.springframework.web.servlet.mvc.method.annotation.RequestMappingHandlerAdapter.invokeHandlerMethod(RequestMappingHandlerAdapter.java:986)
	at org.springframework.web.servlet.mvc.method.annotation.RequestMappingHandlerAdapter.handleInternal(RequestMappingHandlerAdapter.java:891)
	at org.springframework.web.servlet.mvc.method.AbstractHandlerMethodAdapter.handle(AbstractHandlerMethodAdapter.java:87)
	at org.springframework.web.servlet.DispatcherServlet.doDispatch(DispatcherServlet.java:1088)
	at org.springframework.web.servlet.DispatcherServlet.doService(DispatcherServlet.java:978)
	at org.springframework.web.servlet.FrameworkServlet.processRequest(FrameworkServlet.java:1014)
	at org.springframework.web.servlet.FrameworkServlet.doGet(FrameworkServlet.java:903)
	at jakarta.servlet.http.HttpServlet.service(HttpServlet.java:564)
	at org.springframework.web.servlet.FrameworkServlet.service(FrameworkServlet.java:885)
	at jakarta.servlet.http.HttpServlet.service(HttpServlet.java:658)
	at org.apache.catalina.core.ApplicationFilterChain.internalDoFilter(ApplicationFilterChain.java:195)
	at org.apache.catalina.core.ApplicationFilterChain.doFilter(ApplicationFilterChain.java:140)
	at org.apache.tomcat.websocket.server.WsFilter.doFilter(WsFilter.java:51)
	at org.apache.catalina.core.ApplicationFilterChain.internalDoFilter(ApplicationFilterChain.java:164)
	at org.apache.catalina.core.ApplicationFilterChain.doFilter(ApplicationFilterChain.java:140)
	at org.springframework.web.filter.CompositeFilter$VirtualFilterChain.doFilter(CompositeFilter.java:108)
	at org.springframework.security.web.FilterChainProxy.lambda$doFilterInternal$3(FilterChainProxy.java:231)
	at org.springframework.security.web.ObservationFilterChainDecorator$FilterObservation$SimpleFilterObservation.lambda$wrap$1(ObservationFilterChainDecorator.java:479)
	at org.springframework.security.web.ObservationFilterChainDecorator$AroundFilterObservation$SimpleAroundFilterObservation.lambda$wrap$1(ObservationFilterChainDecorator.java:340)
	at org.springframework.security.web.ObservationFilterChainDecorator.lambda$wrapSecured$0(ObservationFilterChainDecorator.java:82)
	at org.springframework.security.web.ObservationFilterChainDecorator$VirtualFilterChain.doFilter(ObservationFilterChainDecorator.java:128)
	at org.springframework.security.web.access.intercept.AuthorizationFilter.doFilter(AuthorizationFilter.java:101)
	at org.springframework.security.web.ObservationFilterChainDecorator$ObservationFilter.wrapFilter(ObservationFilterChainDecorator.java:240)
	at org.springframework.security.web.ObservationFilterChainDecorator$ObservationFilter.doFilter(ObservationFilterChainDecorator.java:227)
	at org.springframework.security.web.ObservationFilterChainDecorator$VirtualFilterChain.doFilter(ObservationFilterChainDecorator.java:137)
	at org.springframework.security.web.access.ExceptionTranslationFilter.doFilter(ExceptionTranslationFilter.java:126)
	at org.springframework.security.web.access.ExceptionTranslationFilter.doFilter(ExceptionTranslationFilter.java:120)
	at org.springframework.security.web.ObservationFilterChainDecorator$ObservationFilter.wrapFilter(ObservationFilterChainDecorator.java:240)
	at org.springframework.security.web.ObservationFilterChainDecorator$ObservationFilter.doFilter(ObservationFilterChainDecorator.java:227)
	at org.springframework.security.web.ObservationFilterChainDecorator$VirtualFilterChain.doFilter(ObservationFilterChainDecorator.java:137)
	at org.springframework.security.web.authentication.AnonymousAuthenticationFilter.doFilter(AnonymousAuthenticationFilter.java:100)
	at org.springframework.security.web.ObservationFilterChainDecorator$ObservationFilter.wrapFilter(ObservationFilterChainDecorator.java:240)
	at org.springframework.security.web.ObservationFilterChainDecorator$ObservationFilter.doFilter(ObservationFilterChainDecorator.java:227)
	at org.springframework.security.web.ObservationFilterChainDecorator$VirtualFilterChain.doFilter(ObservationFilterChainDecorator.java:137)
	at org.springframework.security.web.servletapi.SecurityContextHolderAwareRequestFilter.doFilter(SecurityContextHolderAwareRequestFilter.java:179)
	at org.springframework.security.web.ObservationFilterChainDecorator$ObservationFilter.wrapFilter(ObservationFilterChainDecorator.java:240)
	at org.springframework.security.web.ObservationFilterChainDecorator$ObservationFilter.doFilter(ObservationFilterChainDecorator.java:227)
	at org.springframework.security.web.ObservationFilterChainDecorator$VirtualFilterChain.doFilter(ObservationFilterChainDecorator.java:137)
	at org.springframework.security.web.savedrequest.RequestCacheAwareFilter.doFilter(RequestCacheAwareFilter.java:63)
	at org.springframework.security.web.ObservationFilterChainDecorator$ObservationFilter.wrapFilter(ObservationFilterChainDecorator.java:240)
	at org.springframework.security.web.ObservationFilterChainDecorator$ObservationFilter.doFilter(ObservationFilterChainDecorator.java:227)
	at org.springframework.security.web.ObservationFilterChainDecorator$VirtualFilterChain.doFilter(ObservationFilterChainDecorator.java:137)
	at org.springframework.security.web.authentication.logout.LogoutFilter.doFilter(LogoutFilter.java:107)
	at org.springframework.security.web.authentication.logout.LogoutFilter.doFilter(LogoutFilter.java:93)
	at org.springframework.security.web.ObservationFilterChainDecorator$ObservationFilter.wrapFilter(ObservationFilterChainDecorator.java:240)
	at org.springframework.security.web.ObservationFilterChainDecorator$ObservationFilter.doFilter(ObservationFilterChainDecorator.java:227)
	at org.springframework.security.web.ObservationFilterChainDecorator$VirtualFilterChain.doFilter(ObservationFilterChainDecorator.java:137)
	at org.springframework.security.web.header.HeaderWriterFilter.doHeadersAfter(HeaderWriterFilter.java:90)
	at org.springframework.security.web.header.HeaderWriterFilter.doFilterInternal(HeaderWriterFilter.java:75)
	at org.springframework.web.filter.OncePerRequestFilter.doFilter(OncePerRequestFilter.java:116)
	at org.springframework.security.web.ObservationFilterChainDecorator$ObservationFilter.wrapFilter(ObservationFilterChainDecorator.java:240)
	at org.springframework.security.web.ObservationFilterChainDecorator$ObservationFilter.doFilter(ObservationFilterChainDecorator.java:227)
	at org.springframework.security.web.ObservationFilterChainDecorator$VirtualFilterChain.doFilter(ObservationFilterChainDecorator.java:137)
	at org.springframework.security.web.context.SecurityContextHolderFilter.doFilter(SecurityContextHolderFilter.java:82)
	at org.springframework.security.web.context.SecurityContextHolderFilter.doFilter(SecurityContextHolderFilter.java:69)
	at org.springframework.security.web.ObservationFilterChainDecorator$ObservationFilter.wrapFilter(ObservationFilterChainDecorator.java:240)
	at org.springframework.security.web.ObservationFilterChainDecorator$ObservationFilter.doFilter(ObservationFilterChainDecorator.java:227)
	at org.springframework.security.web.ObservationFilterChainDecorator$VirtualFilterChain.doFilter(ObservationFilterChainDecorator.java:137)
	at org.springframework.security.web.context.request.async.WebAsyncManagerIntegrationFilter.doFilterInternal(WebAsyncManagerIntegrationFilter.java:62)
	at org.springframework.web.filter.OncePerRequestFilter.doFilter(OncePerRequestFilter.java:116)
	at org.springframework.security.web.ObservationFilterChainDecorator$ObservationFilter.wrapFilter(ObservationFilterChainDecorator.java:240)
	at org.springframework.security.web.ObservationFilterChainDecorator$ObservationFilter.doFilter(ObservationFilterChainDecorator.java:227)
	at org.springframework.security.web.ObservationFilterChainDecorator$VirtualFilterChain.doFilter(ObservationFilterChainDecorator.java:137)
	at org.springframework.security.web.session.DisableEncodeUrlFilter.doFilterInternal(DisableEncodeUrlFilter.java:42)
	at org.springframework.web.filter.OncePerRequestFilter.doFilter(OncePerRequestFilter.java:116)
	at org.springframework.security.web.ObservationFilterChainDecorator$ObservationFilter.wrapFilter(ObservationFilterChainDecorator.java:240)
	at org.springframework.security.web.ObservationFilterChainDecorator$AroundFilterObservation$SimpleAroundFilterObservation.lambda$wrap$0(ObservationFilterChainDecorator.java:323)
	at org.springframework.security.web.ObservationFilterChainDecorator$ObservationFilter.doFilter(ObservationFilterChainDecorator.java:224)
	at org.springframework.security.web.ObservationFilterChainDecorator$VirtualFilterChain.doFilter(ObservationFilterChainDecorator.java:137)
	at org.springframework.security.web.FilterChainProxy.doFilterInternal(FilterChainProxy.java:233)
	at org.springframework.security.web.FilterChainProxy.doFilter(FilterChainProxy.java:191)
	at org.springframework.web.filter.CompositeFilter$VirtualFilterChain.doFilter(CompositeFilter.java:113)
	at org.springframework.web.servlet.handler.HandlerMappingIntrospector.lambda$createCacheFilter$3(HandlerMappingIntrospector.java:243)
	at org.springframework.web.filter.CompositeFilter$VirtualFilterChain.doFilter(CompositeFilter.java:113)
	at org.springframework.web.filter.CompositeFilter.doFilter(CompositeFilter.java:74)
	at org.springframework.security.config.annotation.web.configuration.WebMvcSecurityConfiguration$CompositeFilterChainProxy.doFilter(WebMvcSecurityConfiguration.java:238)
	at org.springframework.web.filter.DelegatingFilterProxy.invokeDelegate(DelegatingFilterProxy.java:362)
	at org.springframework.web.filter.DelegatingFilterProxy.doFilter(DelegatingFilterProxy.java:278)
	at org.apache.catalina.core.ApplicationFilterChain.internalDoFilter(ApplicationFilterChain.java:164)
	at org.apache.catalina.core.ApplicationFilterChain.doFilter(ApplicationFilterChain.java:140)
	at org.springframework.web.filter.RequestContextFilter.doFilterInternal(RequestContextFilter.java:100)
	at org.springframework.web.filter.OncePerRequestFilter.doFilter(OncePerRequestFilter.java:116)
	at org.apache.catalina.core.ApplicationFilterChain.internalDoFilter(ApplicationFilterChain.java:164)
	at org.apache.catalina.core.ApplicationFilterChain.doFilter(ApplicationFilterChain.java:140)
	at org.springframework.web.filter.FormContentFilter.doFilterInternal(FormContentFilter.java:93)
	at org.springframework.web.filter.OncePerRequestFilter.doFilter(OncePerRequestFilter.java:116)
	at org.apache.catalina.core.ApplicationFilterChain.internalDoFilter(ApplicationFilterChain.java:164)
	at org.apache.catalina.core.ApplicationFilterChain.doFilter(ApplicationFilterChain.java:140)
	at org.springframework.web.filter.ServerHttpObservationFilter.doFilterInternal(ServerHttpObservationFilter.java:114)
	at org.springframework.web.filter.OncePerRequestFilter.doFilter(OncePerRequestFilter.java:116)
	at org.apache.catalina.core.ApplicationFilterChain.internalDoFilter(ApplicationFilterChain.java:164)
	at org.apache.catalina.core.ApplicationFilterChain.doFilter(ApplicationFilterChain.java:140)
	at org.springframework.web.filter.CharacterEncodingFilter.doFilterInternal(CharacterEncodingFilter.java:201)
	at org.springframework.web.filter.OncePerRequestFilter.doFilter(OncePerRequestFilter.java:116)
	at org.apache.catalina.core.ApplicationFilterChain.internalDoFilter(ApplicationFilterChain.java:164)
	at org.apache.catalina.core.ApplicationFilterChain.doFilter(ApplicationFilterChain.java:140)
	at org.apache.catalina.core.StandardWrapperValve.invoke(StandardWrapperValve.java:167)
	at org.apache.catalina.core.StandardContextValve.invoke(StandardContextValve.java:90)
	at org.apache.catalina.authenticator.AuthenticatorBase.invoke(AuthenticatorBase.java:483)
	at org.apache.catalina.core.StandardHostValve.invoke(StandardHostValve.java:115)
	at org.apache.catalina.valves.ErrorReportValve.invoke(ErrorReportValve.java:93)
	at org.apache.catalina.core.StandardEngineValve.invoke(StandardEngineValve.java:74)
	at org.apache.catalina.connector.CoyoteAdapter.service(CoyoteAdapter.java:344)
	at org.apache.coyote.http11.Http11Processor.service(Http11Processor.java:397)
	at org.apache.coyote.AbstractProcessorLight.process(AbstractProcessorLight.java:63)
	at org.apache.coyote.AbstractProtocol$ConnectionHandler.process(AbstractProtocol.java:905)
	at org.apache.tomcat.util.net.NioEndpoint$SocketProcessor.doRun(NioEndpoint.java:1741)
	at org.apache.tomcat.util.net.SocketProcessorBase.run(SocketProcessorBase.java:52)
	at org.apache.tomcat.util.threads.ThreadPoolExecutor.runWorker(ThreadPoolExecutor.java:1190)
	at org.apache.tomcat.util.threads.ThreadPoolExecutor$Worker.run(ThreadPoolExecutor.java:659)
	at org.apache.tomcat.util.threads.TaskThread$WrappingRunnable.run(TaskThread.java:63)
	at java.base/java.lang.Thread.run(Thread.java:840)
Caused by: org.hibernate.NonUniqueResultException: Query did not return a unique result: 2 results were returned
	at org.hibernate.query.spi.AbstractSelectionQuery.uniqueElement(AbstractSelectionQuery.java:298)
	at org.hibernate.query.spi.AbstractSelectionQuery.getSingleResult(AbstractSelectionQuery.java:281)
	at org.springframework.data.jpa.repository.query.JpaQueryExecution$SingleEntityExecution.doExecute(JpaQueryExecution.java:224)
	at org.springframework.data.jpa.repository.query.JpaQueryExecution.execute(JpaQueryExecution.java:93)
	at org.springframework.data.jpa.repository.query.AbstractJpaQuery.doExecute(AbstractJpaQuery.java:152)
	at org.springframework.data.jpa.repository.query.AbstractJpaQuery.execute(AbstractJpaQuery.java:140)
	at org.springframework.data.repository.core.support.RepositoryMethodInvoker.doInvoke(RepositoryMethodInvoker.java:170)
	at org.springframework.data.repository.core.support.RepositoryMethodInvoker.invoke(RepositoryMethodInvoker.java:158)
	at org.springframework.data.repository.core.support.QueryExecutorMethodInterceptor.doInvoke(QueryExecutorMethodInterceptor.java:170)
	at org.springframework.data.repository.core.support.QueryExecutorMethodInterceptor.invoke(QueryExecutorMethodInterceptor.java:149)
	at org.springframework.aop.framework.ReflectiveMethodInvocation.proceed(ReflectiveMethodInvocation.java:184)
	at org.springframework.data.projection.DefaultMethodInvokingMethodInterceptor.invoke(DefaultMethodInvokingMethodInterceptor.java:69)
	at org.springframework.aop.framework.ReflectiveMethodInvocation.proceed(ReflectiveMethodInvocation.java:184)
	at org.springframework.transaction.interceptor.TransactionAspectSupport.invokeWithinTransaction(TransactionAspectSupport.java:380)
	at org.springframework.transaction.interceptor.TransactionInterceptor.invoke(TransactionInterceptor.java:119)
	at org.springframework.aop.framework.ReflectiveMethodInvocation.proceed(ReflectiveMethodInvocation.java:184)
	at org.springframework.dao.support.PersistenceExceptionTranslationInterceptor.invoke(PersistenceExceptionTranslationInterceptor.java:138)
	... 146 common frames omitted
2026-03-31 00:28:52.487 [http-nio-8080-exec-10] DEBUG [d0df6b68] c.s.m.d.controller.MessageController -
        Fetching messages for channel: e054663f-79db-41a6-8385-68e22f93f0dc, cursor: null, size: 50
2026-03-31 00:28:54.486 [http-nio-8080-exec-1] DEBUG [4d716ea2] c.s.m.d.s.basic.BasicChannelService  -
        Finding all channels for user: 1e2f6353-d975-4eb4-9c11-d8e8674fb0a6
2026-03-31 00:28:54.501 [http-nio-8080-exec-3] DEBUG [fcbff80a] c.s.m.d.c.ReadStatusController       -
        Fetching read statuses for user: 1e2f6353-d975-4eb4-9c11-d8e8674fb0a6
2026-03-31 00:28:54.504 [http-nio-8080-exec-3] DEBUG [fcbff80a] c.s.m.d.s.b.BasicReadStatusService   -
        Fetching/Allocating read statuses for user: 1e2f6353-d975-4eb4-9c11-d8e8674fb0a6
2026-03-31 00:28:54.514 [http-nio-8080-exec-3] ERROR [fcbff80a] c.s.m.d.c.GlobalExceptionHandler     -
        Internal Server Error: 
org.springframework.dao.IncorrectResultSizeDataAccessException: Query did not return a unique result: 2 results were returned
	at org.springframework.orm.jpa.vendor.HibernateJpaDialect.convertHibernateAccessException(HibernateJpaDialect.java:301)
	at org.springframework.orm.jpa.vendor.HibernateJpaDialect.translateExceptionIfPossible(HibernateJpaDialect.java:244)
	at org.springframework.orm.jpa.AbstractEntityManagerFactoryBean.translateExceptionIfPossible(AbstractEntityManagerFactoryBean.java:560)
	at org.springframework.dao.support.ChainedPersistenceExceptionTranslator.translateExceptionIfPossible(ChainedPersistenceExceptionTranslator.java:61)
	at org.springframework.dao.support.DataAccessUtils.translateIfNecessary(DataAccessUtils.java:343)
	at org.springframework.dao.support.PersistenceExceptionTranslationInterceptor.invoke(PersistenceExceptionTranslationInterceptor.java:160)
	at org.springframework.aop.framework.ReflectiveMethodInvocation.proceed(ReflectiveMethodInvocation.java:184)
	at org.springframework.data.jpa.repository.support.CrudMethodMetadataPostProcessor$CrudMethodMetadataPopulatingMethodInterceptor.invoke(CrudMethodMetadataPostProcessor.java:136)
	at org.springframework.aop.framework.ReflectiveMethodInvocation.proceed(ReflectiveMethodInvocation.java:184)
	at org.springframework.aop.framework.JdkDynamicAopProxy.invoke(JdkDynamicAopProxy.java:223)
	at jdk.proxy2/jdk.proxy2.$Proxy185.findByUserIdAndChannelId(Unknown Source)
	at com.sprint.mission.discodeit.service.basic.BasicReadStatusService.lambda$findAllByUserId$2(BasicReadStatusService.java:48)
	at java.base/java.util.stream.ReferencePipeline$3$1.accept(ReferencePipeline.java:197)
	at java.base/java.util.ArrayList$ArrayListSpliterator.forEachRemaining(ArrayList.java:1625)
	at java.base/java.util.stream.AbstractPipeline.copyInto(AbstractPipeline.java:509)
	at java.base/java.util.stream.AbstractPipeline.wrapAndCopyInto(AbstractPipeline.java:499)
	at java.base/java.util.stream.AbstractPipeline.evaluate(AbstractPipeline.java:575)
	at java.base/java.util.stream.AbstractPipeline.evaluateToArrayNode(AbstractPipeline.java:260)
	at java.base/java.util.stream.ReferencePipeline.toArray(ReferencePipeline.java:616)
	at java.base/java.util.stream.ReferencePipeline.toArray(ReferencePipeline.java:622)
	at java.base/java.util.stream.ReferencePipeline.toList(ReferencePipeline.java:627)
	at com.sprint.mission.discodeit.service.basic.BasicReadStatusService.findAllByUserId(BasicReadStatusService.java:60)
	at jdk.internal.reflect.GeneratedMethodAccessor88.invoke(Unknown Source)
	at java.base/jdk.internal.reflect.DelegatingMethodAccessorImpl.invoke(DelegatingMethodAccessorImpl.java:43)
	at java.base/java.lang.reflect.Method.invoke(Method.java:569)
	at org.springframework.aop.support.AopUtils.invokeJoinpointUsingReflection(AopUtils.java:359)
	at org.springframework.aop.framework.ReflectiveMethodInvocation.invokeJoinpoint(ReflectiveMethodInvocation.java:196)
	at org.springframework.aop.framework.ReflectiveMethodInvocation.proceed(ReflectiveMethodInvocation.java:163)
	at org.springframework.transaction.interceptor.TransactionAspectSupport.invokeWithinTransaction(TransactionAspectSupport.java:380)
	at org.springframework.transaction.interceptor.TransactionInterceptor.invoke(TransactionInterceptor.java:119)
	at org.springframework.aop.framework.ReflectiveMethodInvocation.proceed(ReflectiveMethodInvocation.java:184)
	at org.springframework.aop.framework.CglibAopProxy$DynamicAdvisedInterceptor.intercept(CglibAopProxy.java:727)
	at com.sprint.mission.discodeit.service.basic.BasicReadStatusService$$SpringCGLIB$$0.findAllByUserId(<generated>)
	at com.sprint.mission.discodeit.controller.ReadStatusController.findAllByUserId(ReadStatusController.java:28)
	at jdk.internal.reflect.GeneratedMethodAccessor87.invoke(Unknown Source)
	at java.base/jdk.internal.reflect.DelegatingMethodAccessorImpl.invoke(DelegatingMethodAccessorImpl.java:43)
	at java.base/java.lang.reflect.Method.invoke(Method.java:569)
	at org.springframework.web.method.support.InvocableHandlerMethod.doInvoke(InvocableHandlerMethod.java:255)
	at org.springframework.web.method.support.InvocableHandlerMethod.invokeForRequest(InvocableHandlerMethod.java:188)
	at org.springframework.web.servlet.mvc.method.annotation.ServletInvocableHandlerMethod.invokeAndHandle(ServletInvocableHandlerMethod.java:118)
	at org.springframework.web.servlet.mvc.method.annotation.RequestMappingHandlerAdapter.invokeHandlerMethod(RequestMappingHandlerAdapter.java:986)
	at org.springframework.web.servlet.mvc.method.annotation.RequestMappingHandlerAdapter.handleInternal(RequestMappingHandlerAdapter.java:891)
	at org.springframework.web.servlet.mvc.method.AbstractHandlerMethodAdapter.handle(AbstractHandlerMethodAdapter.java:87)
	at org.springframework.web.servlet.DispatcherServlet.doDispatch(DispatcherServlet.java:1088)
	at org.springframework.web.servlet.DispatcherServlet.doService(DispatcherServlet.java:978)
	at org.springframework.web.servlet.FrameworkServlet.processRequest(FrameworkServlet.java:1014)
	at org.springframework.web.servlet.FrameworkServlet.doGet(FrameworkServlet.java:903)
	at jakarta.servlet.http.HttpServlet.service(HttpServlet.java:564)
	at org.springframework.web.servlet.FrameworkServlet.service(FrameworkServlet.java:885)
	at jakarta.servlet.http.HttpServlet.service(HttpServlet.java:658)
	at org.apache.catalina.core.ApplicationFilterChain.internalDoFilter(ApplicationFilterChain.java:195)
	at org.apache.catalina.core.ApplicationFilterChain.doFilter(ApplicationFilterChain.java:140)
	at org.apache.tomcat.websocket.server.WsFilter.doFilter(WsFilter.java:51)
	at org.apache.catalina.core.ApplicationFilterChain.internalDoFilter(ApplicationFilterChain.java:164)
	at org.apache.catalina.core.ApplicationFilterChain.doFilter(ApplicationFilterChain.java:140)
	at org.springframework.web.filter.CompositeFilter$VirtualFilterChain.doFilter(CompositeFilter.java:108)
	at org.springframework.security.web.FilterChainProxy.lambda$doFilterInternal$3(FilterChainProxy.java:231)
	at org.springframework.security.web.ObservationFilterChainDecorator$FilterObservation$SimpleFilterObservation.lambda$wrap$1(ObservationFilterChainDecorator.java:479)
	at org.springframework.security.web.ObservationFilterChainDecorator$AroundFilterObservation$SimpleAroundFilterObservation.lambda$wrap$1(ObservationFilterChainDecorator.java:340)
	at org.springframework.security.web.ObservationFilterChainDecorator.lambda$wrapSecured$0(ObservationFilterChainDecorator.java:82)
	at org.springframework.security.web.ObservationFilterChainDecorator$VirtualFilterChain.doFilter(ObservationFilterChainDecorator.java:128)
	at org.springframework.security.web.access.intercept.AuthorizationFilter.doFilter(AuthorizationFilter.java:101)
	at org.springframework.security.web.ObservationFilterChainDecorator$ObservationFilter.wrapFilter(ObservationFilterChainDecorator.java:240)
	at org.springframework.security.web.ObservationFilterChainDecorator$ObservationFilter.doFilter(ObservationFilterChainDecorator.java:227)
	at org.springframework.security.web.ObservationFilterChainDecorator$VirtualFilterChain.doFilter(ObservationFilterChainDecorator.java:137)
	at org.springframework.security.web.access.ExceptionTranslationFilter.doFilter(ExceptionTranslationFilter.java:126)
	at org.springframework.security.web.access.ExceptionTranslationFilter.doFilter(ExceptionTranslationFilter.java:120)
	at org.springframework.security.web.ObservationFilterChainDecorator$ObservationFilter.wrapFilter(ObservationFilterChainDecorator.java:240)
	at org.springframework.security.web.ObservationFilterChainDecorator$ObservationFilter.doFilter(ObservationFilterChainDecorator.java:227)
	at org.springframework.security.web.ObservationFilterChainDecorator$VirtualFilterChain.doFilter(ObservationFilterChainDecorator.java:137)
	at org.springframework.security.web.authentication.AnonymousAuthenticationFilter.doFilter(AnonymousAuthenticationFilter.java:100)
	at org.springframework.security.web.ObservationFilterChainDecorator$ObservationFilter.wrapFilter(ObservationFilterChainDecorator.java:240)
	at org.springframework.security.web.ObservationFilterChainDecorator$ObservationFilter.doFilter(ObservationFilterChainDecorator.java:227)
	at org.springframework.security.web.ObservationFilterChainDecorator$VirtualFilterChain.doFilter(ObservationFilterChainDecorator.java:137)
	at org.springframework.security.web.servletapi.SecurityContextHolderAwareRequestFilter.doFilter(SecurityContextHolderAwareRequestFilter.java:179)
	at org.springframework.security.web.ObservationFilterChainDecorator$ObservationFilter.wrapFilter(ObservationFilterChainDecorator.java:240)
	at org.springframework.security.web.ObservationFilterChainDecorator$ObservationFilter.doFilter(ObservationFilterChainDecorator.java:227)
	at org.springframework.security.web.ObservationFilterChainDecorator$VirtualFilterChain.doFilter(ObservationFilterChainDecorator.java:137)
	at org.springframework.security.web.savedrequest.RequestCacheAwareFilter.doFilter(RequestCacheAwareFilter.java:63)
	at org.springframework.security.web.ObservationFilterChainDecorator$ObservationFilter.wrapFilter(ObservationFilterChainDecorator.java:240)
	at org.springframework.security.web.ObservationFilterChainDecorator$ObservationFilter.doFilter(ObservationFilterChainDecorator.java:227)
	at org.springframework.security.web.ObservationFilterChainDecorator$VirtualFilterChain.doFilter(ObservationFilterChainDecorator.java:137)
	at org.springframework.security.web.authentication.logout.LogoutFilter.doFilter(LogoutFilter.java:107)
	at org.springframework.security.web.authentication.logout.LogoutFilter.doFilter(LogoutFilter.java:93)
	at org.springframework.security.web.ObservationFilterChainDecorator$ObservationFilter.wrapFilter(ObservationFilterChainDecorator.java:240)
	at org.springframework.security.web.ObservationFilterChainDecorator$ObservationFilter.doFilter(ObservationFilterChainDecorator.java:227)
	at org.springframework.security.web.ObservationFilterChainDecorator$VirtualFilterChain.doFilter(ObservationFilterChainDecorator.java:137)
	at org.springframework.security.web.header.HeaderWriterFilter.doHeadersAfter(HeaderWriterFilter.java:90)
	at org.springframework.security.web.header.HeaderWriterFilter.doFilterInternal(HeaderWriterFilter.java:75)
	at org.springframework.web.filter.OncePerRequestFilter.doFilter(OncePerRequestFilter.java:116)
	at org.springframework.security.web.ObservationFilterChainDecorator$ObservationFilter.wrapFilter(ObservationFilterChainDecorator.java:240)
	at org.springframework.security.web.ObservationFilterChainDecorator$ObservationFilter.doFilter(ObservationFilterChainDecorator.java:227)
	at org.springframework.security.web.ObservationFilterChainDecorator$VirtualFilterChain.doFilter(ObservationFilterChainDecorator.java:137)
	at org.springframework.security.web.context.SecurityContextHolderFilter.doFilter(SecurityContextHolderFilter.java:82)
	at org.springframework.security.web.context.SecurityContextHolderFilter.doFilter(SecurityContextHolderFilter.java:69)
	at org.springframework.security.web.ObservationFilterChainDecorator$ObservationFilter.wrapFilter(ObservationFilterChainDecorator.java:240)
	at org.springframework.security.web.ObservationFilterChainDecorator$ObservationFilter.doFilter(ObservationFilterChainDecorator.java:227)
	at org.springframework.security.web.ObservationFilterChainDecorator$VirtualFilterChain.doFilter(ObservationFilterChainDecorator.java:137)
	at org.springframework.security.web.context.request.async.WebAsyncManagerIntegrationFilter.doFilterInternal(WebAsyncManagerIntegrationFilter.java:62)
	at org.springframework.web.filter.OncePerRequestFilter.doFilter(OncePerRequestFilter.java:116)
	at org.springframework.security.web.ObservationFilterChainDecorator$ObservationFilter.wrapFilter(ObservationFilterChainDecorator.java:240)
	at org.springframework.security.web.ObservationFilterChainDecorator$ObservationFilter.doFilter(ObservationFilterChainDecorator.java:227)
	at org.springframework.security.web.ObservationFilterChainDecorator$VirtualFilterChain.doFilter(ObservationFilterChainDecorator.java:137)
	at org.springframework.security.web.session.DisableEncodeUrlFilter.doFilterInternal(DisableEncodeUrlFilter.java:42)
	at org.springframework.web.filter.OncePerRequestFilter.doFilter(OncePerRequestFilter.java:116)
	at org.springframework.security.web.ObservationFilterChainDecorator$ObservationFilter.wrapFilter(ObservationFilterChainDecorator.java:240)
	at org.springframework.security.web.ObservationFilterChainDecorator$AroundFilterObservation$SimpleAroundFilterObservation.lambda$wrap$0(ObservationFilterChainDecorator.java:323)
	at org.springframework.security.web.ObservationFilterChainDecorator$ObservationFilter.doFilter(ObservationFilterChainDecorator.java:224)
	at org.springframework.security.web.ObservationFilterChainDecorator$VirtualFilterChain.doFilter(ObservationFilterChainDecorator.java:137)
	at org.springframework.security.web.FilterChainProxy.doFilterInternal(FilterChainProxy.java:233)
	at org.springframework.security.web.FilterChainProxy.doFilter(FilterChainProxy.java:191)
	at org.springframework.web.filter.CompositeFilter$VirtualFilterChain.doFilter(CompositeFilter.java:113)
	at org.springframework.web.servlet.handler.HandlerMappingIntrospector.lambda$createCacheFilter$3(HandlerMappingIntrospector.java:243)
	at org.springframework.web.filter.CompositeFilter$VirtualFilterChain.doFilter(CompositeFilter.java:113)
	at org.springframework.web.filter.CompositeFilter.doFilter(CompositeFilter.java:74)
	at org.springframework.security.config.annotation.web.configuration.WebMvcSecurityConfiguration$CompositeFilterChainProxy.doFilter(WebMvcSecurityConfiguration.java:238)
	at org.springframework.web.filter.DelegatingFilterProxy.invokeDelegate(DelegatingFilterProxy.java:362)
	at org.springframework.web.filter.DelegatingFilterProxy.doFilter(DelegatingFilterProxy.java:278)
	at org.apache.catalina.core.ApplicationFilterChain.internalDoFilter(ApplicationFilterChain.java:164)
	at org.apache.catalina.core.ApplicationFilterChain.doFilter(ApplicationFilterChain.java:140)
	at org.springframework.web.filter.RequestContextFilter.doFilterInternal(RequestContextFilter.java:100)
	at org.springframework.web.filter.OncePerRequestFilter.doFilter(OncePerRequestFilter.java:116)
	at org.apache.catalina.core.ApplicationFilterChain.internalDoFilter(ApplicationFilterChain.java:164)
	at org.apache.catalina.core.ApplicationFilterChain.doFilter(ApplicationFilterChain.java:140)
	at org.springframework.web.filter.FormContentFilter.doFilterInternal(FormContentFilter.java:93)
	at org.springframework.web.filter.OncePerRequestFilter.doFilter(OncePerRequestFilter.java:116)
	at org.apache.catalina.core.ApplicationFilterChain.internalDoFilter(ApplicationFilterChain.java:164)
	at org.apache.catalina.core.ApplicationFilterChain.doFilter(ApplicationFilterChain.java:140)
	at org.springframework.web.filter.ServerHttpObservationFilter.doFilterInternal(ServerHttpObservationFilter.java:114)
	at org.springframework.web.filter.OncePerRequestFilter.doFilter(OncePerRequestFilter.java:116)
	at org.apache.catalina.core.ApplicationFilterChain.internalDoFilter(ApplicationFilterChain.java:164)
	at org.apache.catalina.core.ApplicationFilterChain.doFilter(ApplicationFilterChain.java:140)
	at org.springframework.web.filter.CharacterEncodingFilter.doFilterInternal(CharacterEncodingFilter.java:201)
	at org.springframework.web.filter.OncePerRequestFilter.doFilter(OncePerRequestFilter.java:116)
	at org.apache.catalina.core.ApplicationFilterChain.internalDoFilter(ApplicationFilterChain.java:164)
	at org.apache.catalina.core.ApplicationFilterChain.doFilter(ApplicationFilterChain.java:140)
	at org.apache.catalina.core.StandardWrapperValve.invoke(StandardWrapperValve.java:167)
	at org.apache.catalina.core.StandardContextValve.invoke(StandardContextValve.java:90)
	at org.apache.catalina.authenticator.AuthenticatorBase.invoke(AuthenticatorBase.java:483)
	at org.apache.catalina.core.StandardHostValve.invoke(StandardHostValve.java:115)
	at org.apache.catalina.valves.ErrorReportValve.invoke(ErrorReportValve.java:93)
	at org.apache.catalina.core.StandardEngineValve.invoke(StandardEngineValve.java:74)
	at org.apache.catalina.connector.CoyoteAdapter.service(CoyoteAdapter.java:344)
	at org.apache.coyote.http11.Http11Processor.service(Http11Processor.java:397)
	at org.apache.coyote.AbstractProcessorLight.process(AbstractProcessorLight.java:63)
	at org.apache.coyote.AbstractProtocol$ConnectionHandler.process(AbstractProtocol.java:905)
	at org.apache.tomcat.util.net.NioEndpoint$SocketProcessor.doRun(NioEndpoint.java:1741)
	at org.apache.tomcat.util.net.SocketProcessorBase.run(SocketProcessorBase.java:52)
	at org.apache.tomcat.util.threads.ThreadPoolExecutor.runWorker(ThreadPoolExecutor.java:1190)
	at org.apache.tomcat.util.threads.ThreadPoolExecutor$Worker.run(ThreadPoolExecutor.java:659)
	at org.apache.tomcat.util.threads.TaskThread$WrappingRunnable.run(TaskThread.java:63)
	at java.base/java.lang.Thread.run(Thread.java:840)
Caused by: org.hibernate.NonUniqueResultException: Query did not return a unique result: 2 results were returned
	at org.hibernate.query.spi.AbstractSelectionQuery.uniqueElement(AbstractSelectionQuery.java:298)
	at org.hibernate.query.spi.AbstractSelectionQuery.getSingleResult(AbstractSelectionQuery.java:281)
	at org.springframework.data.jpa.repository.query.JpaQueryExecution$SingleEntityExecution.doExecute(JpaQueryExecution.java:224)
	at org.springframework.data.jpa.repository.query.JpaQueryExecution.execute(JpaQueryExecution.java:93)
	at org.springframework.data.jpa.repository.query.AbstractJpaQuery.doExecute(AbstractJpaQuery.java:152)
	at org.springframework.data.jpa.repository.query.AbstractJpaQuery.execute(AbstractJpaQuery.java:140)
	at org.springframework.data.repository.core.support.RepositoryMethodInvoker.doInvoke(RepositoryMethodInvoker.java:170)
	at org.springframework.data.repository.core.support.RepositoryMethodInvoker.invoke(RepositoryMethodInvoker.java:158)
	at org.springframework.data.repository.core.support.QueryExecutorMethodInterceptor.doInvoke(QueryExecutorMethodInterceptor.java:170)
	at org.springframework.data.repository.core.support.QueryExecutorMethodInterceptor.invoke(QueryExecutorMethodInterceptor.java:149)
	at org.springframework.aop.framework.ReflectiveMethodInvocation.proceed(ReflectiveMethodInvocation.java:184)
	at org.springframework.data.projection.DefaultMethodInvokingMethodInterceptor.invoke(DefaultMethodInvokingMethodInterceptor.java:69)
	at org.springframework.aop.framework.ReflectiveMethodInvocation.proceed(ReflectiveMethodInvocation.java:184)
	at org.springframework.transaction.interceptor.TransactionAspectSupport.invokeWithinTransaction(TransactionAspectSupport.java:380)
	at org.springframework.transaction.interceptor.TransactionInterceptor.invoke(TransactionInterceptor.java:119)
	at org.springframework.aop.framework.ReflectiveMethodInvocation.proceed(ReflectiveMethodInvocation.java:184)
	at org.springframework.dao.support.PersistenceExceptionTranslationInterceptor.invoke(PersistenceExceptionTranslationInterceptor.java:138)
	... 146 common frames omitted
2026-03-31 00:28:56.486 [http-nio-8080-exec-2] DEBUG [3520bfb5] c.s.m.d.controller.MessageController -
        Fetching messages for channel: e054663f-79db-41a6-8385-68e22f93f0dc, cursor: null, size: 50
2026-03-31 00:28:57.496 [http-nio-8080-exec-6] DEBUG [2da0a3c5] c.s.m.d.s.basic.BasicChannelService  -
        Finding all channels for user: 1e2f6353-d975-4eb4-9c11-d8e8674fb0a6
2026-03-31 00:28:57.506 [http-nio-8080-exec-4] DEBUG [078163a5] c.s.m.d.c.ReadStatusController       -
        Fetching read statuses for user: 1e2f6353-d975-4eb4-9c11-d8e8674fb0a6
2026-03-31 00:28:57.506 [http-nio-8080-exec-4] DEBUG [078163a5] c.s.m.d.s.b.BasicReadStatusService   -
        Fetching/Allocating read statuses for user: 1e2f6353-d975-4eb4-9c11-d8e8674fb0a6
2026-03-31 00:28:57.514 [http-nio-8080-exec-4] ERROR [078163a5] c.s.m.d.c.GlobalExceptionHandler     -
        Internal Server Error: 
org.springframework.dao.IncorrectResultSizeDataAccessException: Query did not return a unique result: 2 results were returned
	at org.springframework.orm.jpa.vendor.HibernateJpaDialect.convertHibernateAccessException(HibernateJpaDialect.java:301)
	at org.springframework.orm.jpa.vendor.HibernateJpaDialect.translateExceptionIfPossible(HibernateJpaDialect.java:244)
	at org.springframework.orm.jpa.AbstractEntityManagerFactoryBean.translateExceptionIfPossible(AbstractEntityManagerFactoryBean.java:560)
	at org.springframework.dao.support.ChainedPersistenceExceptionTranslator.translateExceptionIfPossible(ChainedPersistenceExceptionTranslator.java:61)
	at org.springframework.dao.support.DataAccessUtils.translateIfNecessary(DataAccessUtils.java:343)
	at org.springframework.dao.support.PersistenceExceptionTranslationInterceptor.invoke(PersistenceExceptionTranslationInterceptor.java:160)
	at org.springframework.aop.framework.ReflectiveMethodInvocation.proceed(ReflectiveMethodInvocation.java:184)
	at org.springframework.data.jpa.repository.support.CrudMethodMetadataPostProcessor$CrudMethodMetadataPopulatingMethodInterceptor.invoke(CrudMethodMetadataPostProcessor.java:136)
	at org.springframework.aop.framework.ReflectiveMethodInvocation.proceed(ReflectiveMethodInvocation.java:184)
	at org.springframework.aop.framework.JdkDynamicAopProxy.invoke(JdkDynamicAopProxy.java:223)
	at jdk.proxy2/jdk.proxy2.$Proxy185.findByUserIdAndChannelId(Unknown Source)
	at com.sprint.mission.discodeit.service.basic.BasicReadStatusService.lambda$findAllByUserId$2(BasicReadStatusService.java:48)
	at java.base/java.util.stream.ReferencePipeline$3$1.accept(ReferencePipeline.java:197)
	at java.base/java.util.ArrayList$ArrayListSpliterator.forEachRemaining(ArrayList.java:1625)
	at java.base/java.util.stream.AbstractPipeline.copyInto(AbstractPipeline.java:509)
	at java.base/java.util.stream.AbstractPipeline.wrapAndCopyInto(AbstractPipeline.java:499)
	at java.base/java.util.stream.AbstractPipeline.evaluate(AbstractPipeline.java:575)
	at java.base/java.util.stream.AbstractPipeline.evaluateToArrayNode(AbstractPipeline.java:260)
	at java.base/java.util.stream.ReferencePipeline.toArray(ReferencePipeline.java:616)
	at java.base/java.util.stream.ReferencePipeline.toArray(ReferencePipeline.java:622)
	at java.base/java.util.stream.ReferencePipeline.toList(ReferencePipeline.java:627)
	at com.sprint.mission.discodeit.service.basic.BasicReadStatusService.findAllByUserId(BasicReadStatusService.java:60)
	at jdk.internal.reflect.GeneratedMethodAccessor88.invoke(Unknown Source)
	at java.base/jdk.internal.reflect.DelegatingMethodAccessorImpl.invoke(DelegatingMethodAccessorImpl.java:43)
	at java.base/java.lang.reflect.Method.invoke(Method.java:569)
	at org.springframework.aop.support.AopUtils.invokeJoinpointUsingReflection(AopUtils.java:359)
	at org.springframework.aop.framework.ReflectiveMethodInvocation.invokeJoinpoint(ReflectiveMethodInvocation.java:196)
	at org.springframework.aop.framework.ReflectiveMethodInvocation.proceed(ReflectiveMethodInvocation.java:163)
	at org.springframework.transaction.interceptor.TransactionAspectSupport.invokeWithinTransaction(TransactionAspectSupport.java:380)
	at org.springframework.transaction.interceptor.TransactionInterceptor.invoke(TransactionInterceptor.java:119)
	at org.springframework.aop.framework.ReflectiveMethodInvocation.proceed(ReflectiveMethodInvocation.java:184)
	at org.springframework.aop.framework.CglibAopProxy$DynamicAdvisedInterceptor.intercept(CglibAopProxy.java:727)
	at com.sprint.mission.discodeit.service.basic.BasicReadStatusService$$SpringCGLIB$$0.findAllByUserId(<generated>)
	at com.sprint.mission.discodeit.controller.ReadStatusController.findAllByUserId(ReadStatusController.java:28)
	at jdk.internal.reflect.GeneratedMethodAccessor87.invoke(Unknown Source)
	at java.base/jdk.internal.reflect.DelegatingMethodAccessorImpl.invoke(DelegatingMethodAccessorImpl.java:43)
	at java.base/java.lang.reflect.Method.invoke(Method.java:569)
	at org.springframework.web.method.support.InvocableHandlerMethod.doInvoke(InvocableHandlerMethod.java:255)
	at org.springframework.web.method.support.InvocableHandlerMethod.invokeForRequest(InvocableHandlerMethod.java:188)
	at org.springframework.web.servlet.mvc.method.annotation.ServletInvocableHandlerMethod.invokeAndHandle(ServletInvocableHandlerMethod.java:118)
	at org.springframework.web.servlet.mvc.method.annotation.RequestMappingHandlerAdapter.invokeHandlerMethod(RequestMappingHandlerAdapter.java:986)
	at org.springframework.web.servlet.mvc.method.annotation.RequestMappingHandlerAdapter.handleInternal(RequestMappingHandlerAdapter.java:891)
	at org.springframework.web.servlet.mvc.method.AbstractHandlerMethodAdapter.handle(AbstractHandlerMethodAdapter.java:87)
	at org.springframework.web.servlet.DispatcherServlet.doDispatch(DispatcherServlet.java:1088)
	at org.springframework.web.servlet.DispatcherServlet.doService(DispatcherServlet.java:978)
	at org.springframework.web.servlet.FrameworkServlet.processRequest(FrameworkServlet.java:1014)
	at org.springframework.web.servlet.FrameworkServlet.doGet(FrameworkServlet.java:903)
	at jakarta.servlet.http.HttpServlet.service(HttpServlet.java:564)
	at org.springframework.web.servlet.FrameworkServlet.service(FrameworkServlet.java:885)
	at jakarta.servlet.http.HttpServlet.service(HttpServlet.java:658)
	at org.apache.catalina.core.ApplicationFilterChain.internalDoFilter(ApplicationFilterChain.java:195)
	at org.apache.catalina.core.ApplicationFilterChain.doFilter(ApplicationFilterChain.java:140)
	at org.apache.tomcat.websocket.server.WsFilter.doFilter(WsFilter.java:51)
	at org.apache.catalina.core.ApplicationFilterChain.internalDoFilter(ApplicationFilterChain.java:164)
	at org.apache.catalina.core.ApplicationFilterChain.doFilter(ApplicationFilterChain.java:140)
	at org.springframework.web.filter.CompositeFilter$VirtualFilterChain.doFilter(CompositeFilter.java:108)
	at org.springframework.security.web.FilterChainProxy.lambda$doFilterInternal$3(FilterChainProxy.java:231)
	at org.springframework.security.web.ObservationFilterChainDecorator$FilterObservation$SimpleFilterObservation.lambda$wrap$1(ObservationFilterChainDecorator.java:479)
	at org.springframework.security.web.ObservationFilterChainDecorator$AroundFilterObservation$SimpleAroundFilterObservation.lambda$wrap$1(ObservationFilterChainDecorator.java:340)
	at org.springframework.security.web.ObservationFilterChainDecorator.lambda$wrapSecured$0(ObservationFilterChainDecorator.java:82)
	at org.springframework.security.web.ObservationFilterChainDecorator$VirtualFilterChain.doFilter(ObservationFilterChainDecorator.java:128)
	at org.springframework.security.web.access.intercept.AuthorizationFilter.doFilter(AuthorizationFilter.java:101)
	at org.springframework.security.web.ObservationFilterChainDecorator$ObservationFilter.wrapFilter(ObservationFilterChainDecorator.java:240)
	at org.springframework.security.web.ObservationFilterChainDecorator$ObservationFilter.doFilter(ObservationFilterChainDecorator.java:227)
	at org.springframework.security.web.ObservationFilterChainDecorator$VirtualFilterChain.doFilter(ObservationFilterChainDecorator.java:137)
	at org.springframework.security.web.access.ExceptionTranslationFilter.doFilter(ExceptionTranslationFilter.java:126)
	at org.springframework.security.web.access.ExceptionTranslationFilter.doFilter(ExceptionTranslationFilter.java:120)
	at org.springframework.security.web.ObservationFilterChainDecorator$ObservationFilter.wrapFilter(ObservationFilterChainDecorator.java:240)
	at org.springframework.security.web.ObservationFilterChainDecorator$ObservationFilter.doFilter(ObservationFilterChainDecorator.java:227)
	at org.springframework.security.web.ObservationFilterChainDecorator$VirtualFilterChain.doFilter(ObservationFilterChainDecorator.java:137)
	at org.springframework.security.web.authentication.AnonymousAuthenticationFilter.doFilter(AnonymousAuthenticationFilter.java:100)
	at org.springframework.security.web.ObservationFilterChainDecorator$ObservationFilter.wrapFilter(ObservationFilterChainDecorator.java:240)
	at org.springframework.security.web.ObservationFilterChainDecorator$ObservationFilter.doFilter(ObservationFilterChainDecorator.java:227)
	at org.springframework.security.web.ObservationFilterChainDecorator$VirtualFilterChain.doFilter(ObservationFilterChainDecorator.java:137)
	at org.springframework.security.web.servletapi.SecurityContextHolderAwareRequestFilter.doFilter(SecurityContextHolderAwareRequestFilter.java:179)
	at org.springframework.security.web.ObservationFilterChainDecorator$ObservationFilter.wrapFilter(ObservationFilterChainDecorator.java:240)
	at org.springframework.security.web.ObservationFilterChainDecorator$ObservationFilter.doFilter(ObservationFilterChainDecorator.java:227)
	at org.springframework.security.web.ObservationFilterChainDecorator$VirtualFilterChain.doFilter(ObservationFilterChainDecorator.java:137)
	at org.springframework.security.web.savedrequest.RequestCacheAwareFilter.doFilter(RequestCacheAwareFilter.java:63)
	at org.springframework.security.web.ObservationFilterChainDecorator$ObservationFilter.wrapFilter(ObservationFilterChainDecorator.java:240)
	at org.springframework.security.web.ObservationFilterChainDecorator$ObservationFilter.doFilter(ObservationFilterChainDecorator.java:227)
	at org.springframework.security.web.ObservationFilterChainDecorator$VirtualFilterChain.doFilter(ObservationFilterChainDecorator.java:137)
	at org.springframework.security.web.authentication.logout.LogoutFilter.doFilter(LogoutFilter.java:107)
	at org.springframework.security.web.authentication.logout.LogoutFilter.doFilter(LogoutFilter.java:93)
	at org.springframework.security.web.ObservationFilterChainDecorator$ObservationFilter.wrapFilter(ObservationFilterChainDecorator.java:240)
	at org.springframework.security.web.ObservationFilterChainDecorator$ObservationFilter.doFilter(ObservationFilterChainDecorator.java:227)
	at org.springframework.security.web.ObservationFilterChainDecorator$VirtualFilterChain.doFilter(ObservationFilterChainDecorator.java:137)
	at org.springframework.security.web.header.HeaderWriterFilter.doHeadersAfter(HeaderWriterFilter.java:90)
	at org.springframework.security.web.header.HeaderWriterFilter.doFilterInternal(HeaderWriterFilter.java:75)
	at org.springframework.web.filter.OncePerRequestFilter.doFilter(OncePerRequestFilter.java:116)
	at org.springframework.security.web.ObservationFilterChainDecorator$ObservationFilter.wrapFilter(ObservationFilterChainDecorator.java:240)
	at org.springframework.security.web.ObservationFilterChainDecorator$ObservationFilter.doFilter(ObservationFilterChainDecorator.java:227)
	at org.springframework.security.web.ObservationFilterChainDecorator$VirtualFilterChain.doFilter(ObservationFilterChainDecorator.java:137)
	at org.springframework.security.web.context.SecurityContextHolderFilter.doFilter(SecurityContextHolderFilter.java:82)
	at org.springframework.security.web.context.SecurityContextHolderFilter.doFilter(SecurityContextHolderFilter.java:69)
	at org.springframework.security.web.ObservationFilterChainDecorator$ObservationFilter.wrapFilter(ObservationFilterChainDecorator.java:240)
	at org.springframework.security.web.ObservationFilterChainDecorator$ObservationFilter.doFilter(ObservationFilterChainDecorator.java:227)
	at org.springframework.security.web.ObservationFilterChainDecorator$VirtualFilterChain.doFilter(ObservationFilterChainDecorator.java:137)
	at org.springframework.security.web.context.request.async.WebAsyncManagerIntegrationFilter.doFilterInternal(WebAsyncManagerIntegrationFilter.java:62)
	at org.springframework.web.filter.OncePerRequestFilter.doFilter(OncePerRequestFilter.java:116)
	at org.springframework.security.web.ObservationFilterChainDecorator$ObservationFilter.wrapFilter(ObservationFilterChainDecorator.java:240)
	at org.springframework.security.web.ObservationFilterChainDecorator$ObservationFilter.doFilter(ObservationFilterChainDecorator.java:227)
	at org.springframework.security.web.ObservationFilterChainDecorator$VirtualFilterChain.doFilter(ObservationFilterChainDecorator.java:137)
	at org.springframework.security.web.session.DisableEncodeUrlFilter.doFilterInternal(DisableEncodeUrlFilter.java:42)
	at org.springframework.web.filter.OncePerRequestFilter.doFilter(OncePerRequestFilter.java:116)
	at org.springframework.security.web.ObservationFilterChainDecorator$ObservationFilter.wrapFilter(ObservationFilterChainDecorator.java:240)
	at org.springframework.security.web.ObservationFilterChainDecorator$AroundFilterObservation$SimpleAroundFilterObservation.lambda$wrap$0(ObservationFilterChainDecorator.java:323)
	at org.springframework.security.web.ObservationFilterChainDecorator$ObservationFilter.doFilter(ObservationFilterChainDecorator.java:224)
	at org.springframework.security.web.ObservationFilterChainDecorator$VirtualFilterChain.doFilter(ObservationFilterChainDecorator.java:137)
	at org.springframework.security.web.FilterChainProxy.doFilterInternal(FilterChainProxy.java:233)
	at org.springframework.security.web.FilterChainProxy.doFilter(FilterChainProxy.java:191)
	at org.springframework.web.filter.CompositeFilter$VirtualFilterChain.doFilter(CompositeFilter.java:113)
	at org.springframework.web.servlet.handler.HandlerMappingIntrospector.lambda$createCacheFilter$3(HandlerMappingIntrospector.java:243)
	at org.springframework.web.filter.CompositeFilter$VirtualFilterChain.doFilter(CompositeFilter.java:113)
	at org.springframework.web.filter.CompositeFilter.doFilter(CompositeFilter.java:74)
	at org.springframework.security.config.annotation.web.configuration.WebMvcSecurityConfiguration$CompositeFilterChainProxy.doFilter(WebMvcSecurityConfiguration.java:238)
	at org.springframework.web.filter.DelegatingFilterProxy.invokeDelegate(DelegatingFilterProxy.java:362)
	at org.springframework.web.filter.DelegatingFilterProxy.doFilter(DelegatingFilterProxy.java:278)
	at org.apache.catalina.core.ApplicationFilterChain.internalDoFilter(ApplicationFilterChain.java:164)
	at org.apache.catalina.core.ApplicationFilterChain.doFilter(ApplicationFilterChain.java:140)
	at org.springframework.web.filter.RequestContextFilter.doFilterInternal(RequestContextFilter.java:100)
	at org.springframework.web.filter.OncePerRequestFilter.doFilter(OncePerRequestFilter.java:116)
	at org.apache.catalina.core.ApplicationFilterChain.internalDoFilter(ApplicationFilterChain.java:164)
	at org.apache.catalina.core.ApplicationFilterChain.doFilter(ApplicationFilterChain.java:140)
	at org.springframework.web.filter.FormContentFilter.doFilterInternal(FormContentFilter.java:93)
	at org.springframework.web.filter.OncePerRequestFilter.doFilter(OncePerRequestFilter.java:116)
	at org.apache.catalina.core.ApplicationFilterChain.internalDoFilter(ApplicationFilterChain.java:164)
	at org.apache.catalina.core.ApplicationFilterChain.doFilter(ApplicationFilterChain.java:140)
	at org.springframework.web.filter.ServerHttpObservationFilter.doFilterInternal(ServerHttpObservationFilter.java:114)
	at org.springframework.web.filter.OncePerRequestFilter.doFilter(OncePerRequestFilter.java:116)
	at org.apache.catalina.core.ApplicationFilterChain.internalDoFilter(ApplicationFilterChain.java:164)
	at org.apache.catalina.core.ApplicationFilterChain.doFilter(ApplicationFilterChain.java:140)
	at org.springframework.web.filter.CharacterEncodingFilter.doFilterInternal(CharacterEncodingFilter.java:201)
	at org.springframework.web.filter.OncePerRequestFilter.doFilter(OncePerRequestFilter.java:116)
	at org.apache.catalina.core.ApplicationFilterChain.internalDoFilter(ApplicationFilterChain.java:164)
	at org.apache.catalina.core.ApplicationFilterChain.doFilter(ApplicationFilterChain.java:140)
	at org.apache.catalina.core.StandardWrapperValve.invoke(StandardWrapperValve.java:167)
	at org.apache.catalina.core.StandardContextValve.invoke(StandardContextValve.java:90)
	at org.apache.catalina.authenticator.AuthenticatorBase.invoke(AuthenticatorBase.java:483)
	at org.apache.catalina.core.StandardHostValve.invoke(StandardHostValve.java:115)
	at org.apache.catalina.valves.ErrorReportValve.invoke(ErrorReportValve.java:93)
	at org.apache.catalina.core.StandardEngineValve.invoke(StandardEngineValve.java:74)
	at org.apache.catalina.connector.CoyoteAdapter.service(CoyoteAdapter.java:344)
	at org.apache.coyote.http11.Http11Processor.service(Http11Processor.java:397)
	at org.apache.coyote.AbstractProcessorLight.process(AbstractProcessorLight.java:63)
	at org.apache.coyote.AbstractProtocol$ConnectionHandler.process(AbstractProtocol.java:905)
	at org.apache.tomcat.util.net.NioEndpoint$SocketProcessor.doRun(NioEndpoint.java:1741)
	at org.apache.tomcat.util.net.SocketProcessorBase.run(SocketProcessorBase.java:52)
	at org.apache.tomcat.util.threads.ThreadPoolExecutor.runWorker(ThreadPoolExecutor.java:1190)
	at org.apache.tomcat.util.threads.ThreadPoolExecutor$Worker.run(ThreadPoolExecutor.java:659)
	at org.apache.tomcat.util.threads.TaskThread$WrappingRunnable.run(TaskThread.java:63)
	at java.base/java.lang.Thread.run(Thread.java:840)
Caused by: org.hibernate.NonUniqueResultException: Query did not return a unique result: 2 results were returned
	at org.hibernate.query.spi.AbstractSelectionQuery.uniqueElement(AbstractSelectionQuery.java:298)
	at org.hibernate.query.spi.AbstractSelectionQuery.getSingleResult(AbstractSelectionQuery.java:281)
	at org.springframework.data.jpa.repository.query.JpaQueryExecution$SingleEntityExecution.doExecute(JpaQueryExecution.java:224)
	at org.springframework.data.jpa.repository.query.JpaQueryExecution.execute(JpaQueryExecution.java:93)
	at org.springframework.data.jpa.repository.query.AbstractJpaQuery.doExecute(AbstractJpaQuery.java:152)
	at org.springframework.data.jpa.repository.query.AbstractJpaQuery.execute(AbstractJpaQuery.java:140)
	at org.springframework.data.repository.core.support.RepositoryMethodInvoker.doInvoke(RepositoryMethodInvoker.java:170)
	at org.springframework.data.repository.core.support.RepositoryMethodInvoker.invoke(RepositoryMethodInvoker.java:158)
	at org.springframework.data.repository.core.support.QueryExecutorMethodInterceptor.doInvoke(QueryExecutorMethodInterceptor.java:170)
	at org.springframework.data.repository.core.support.QueryExecutorMethodInterceptor.invoke(QueryExecutorMethodInterceptor.java:149)
	at org.springframework.aop.framework.ReflectiveMethodInvocation.proceed(ReflectiveMethodInvocation.java:184)
	at org.springframework.data.projection.DefaultMethodInvokingMethodInterceptor.invoke(DefaultMethodInvokingMethodInterceptor.java:69)
	at org.springframework.aop.framework.ReflectiveMethodInvocation.proceed(ReflectiveMethodInvocation.java:184)
	at org.springframework.transaction.interceptor.TransactionAspectSupport.invokeWithinTransaction(TransactionAspectSupport.java:380)
	at org.springframework.transaction.interceptor.TransactionInterceptor.invoke(TransactionInterceptor.java:119)
	at org.springframework.aop.framework.ReflectiveMethodInvocation.proceed(ReflectiveMethodInvocation.java:184)
	at org.springframework.dao.support.PersistenceExceptionTranslationInterceptor.invoke(PersistenceExceptionTranslationInterceptor.java:138)
	... 146 common frames omitted
2026-03-31 00:29:00.494 [http-nio-8080-exec-9] DEBUG [5dbbc4ef] c.s.m.d.controller.MessageController -
        Fetching messages for channel: e054663f-79db-41a6-8385-68e22f93f0dc, cursor: null, size: 50
2026-03-31 00:29:00.494 [http-nio-8080-exec-8] DEBUG [4eff5def] c.s.m.d.s.basic.BasicChannelService  -
        Finding all channels for user: 1e2f6353-d975-4eb4-9c11-d8e8674fb0a6
2026-03-31 00:29:00.502 [http-nio-8080-exec-7] DEBUG [e38113da] c.s.m.d.c.ReadStatusController       -
        Fetching read statuses for user: 1e2f6353-d975-4eb4-9c11-d8e8674fb0a6
2026-03-31 00:29:00.502 [http-nio-8080-exec-7] DEBUG [e38113da] c.s.m.d.s.b.BasicReadStatusService   -
        Fetching/Allocating read statuses for user: 1e2f6353-d975-4eb4-9c11-d8e8674fb0a6
2026-03-31 00:29:00.518 [http-nio-8080-exec-7] ERROR [e38113da] c.s.m.d.c.GlobalExceptionHandler     -
        Internal Server Error: 
org.springframework.dao.IncorrectResultSizeDataAccessException: Query did not return a unique result: 2 results were returned
	at org.springframework.orm.jpa.vendor.HibernateJpaDialect.convertHibernateAccessException(HibernateJpaDialect.java:301)
	at org.springframework.orm.jpa.vendor.HibernateJpaDialect.translateExceptionIfPossible(HibernateJpaDialect.java:244)
	at org.springframework.orm.jpa.AbstractEntityManagerFactoryBean.translateExceptionIfPossible(AbstractEntityManagerFactoryBean.java:560)
	at org.springframework.dao.support.ChainedPersistenceExceptionTranslator.translateExceptionIfPossible(ChainedPersistenceExceptionTranslator.java:61)
	at org.springframework.dao.support.DataAccessUtils.translateIfNecessary(DataAccessUtils.java:343)
	at org.springframework.dao.support.PersistenceExceptionTranslationInterceptor.invoke(PersistenceExceptionTranslationInterceptor.java:160)
	at org.springframework.aop.framework.ReflectiveMethodInvocation.proceed(ReflectiveMethodInvocation.java:184)
	at org.springframework.data.jpa.repository.support.CrudMethodMetadataPostProcessor$CrudMethodMetadataPopulatingMethodInterceptor.invoke(CrudMethodMetadataPostProcessor.java:136)
	at org.springframework.aop.framework.ReflectiveMethodInvocation.proceed(ReflectiveMethodInvocation.java:184)
	at org.springframework.aop.framework.JdkDynamicAopProxy.invoke(JdkDynamicAopProxy.java:223)
	at jdk.proxy2/jdk.proxy2.$Proxy185.findByUserIdAndChannelId(Unknown Source)
	at com.sprint.mission.discodeit.service.basic.BasicReadStatusService.lambda$findAllByUserId$2(BasicReadStatusService.java:48)
	at java.base/java.util.stream.ReferencePipeline$3$1.accept(ReferencePipeline.java:197)
	at java.base/java.util.ArrayList$ArrayListSpliterator.forEachRemaining(ArrayList.java:1625)
	at java.base/java.util.stream.AbstractPipeline.copyInto(AbstractPipeline.java:509)
	at java.base/java.util.stream.AbstractPipeline.wrapAndCopyInto(AbstractPipeline.java:499)
	at java.base/java.util.stream.AbstractPipeline.evaluate(AbstractPipeline.java:575)
	at java.base/java.util.stream.AbstractPipeline.evaluateToArrayNode(AbstractPipeline.java:260)
	at java.base/java.util.stream.ReferencePipeline.toArray(ReferencePipeline.java:616)
	at java.base/java.util.stream.ReferencePipeline.toArray(ReferencePipeline.java:622)
	at java.base/java.util.stream.ReferencePipeline.toList(ReferencePipeline.java:627)
	at com.sprint.mission.discodeit.service.basic.BasicReadStatusService.findAllByUserId(BasicReadStatusService.java:60)
	at jdk.internal.reflect.GeneratedMethodAccessor88.invoke(Unknown Source)
	at java.base/jdk.internal.reflect.DelegatingMethodAccessorImpl.invoke(DelegatingMethodAccessorImpl.java:43)
	at java.base/java.lang.reflect.Method.invoke(Method.java:569)
	at org.springframework.aop.support.AopUtils.invokeJoinpointUsingReflection(AopUtils.java:359)
	at org.springframework.aop.framework.ReflectiveMethodInvocation.invokeJoinpoint(ReflectiveMethodInvocation.java:196)
	at org.springframework.aop.framework.ReflectiveMethodInvocation.proceed(ReflectiveMethodInvocation.java:163)
	at org.springframework.transaction.interceptor.TransactionAspectSupport.invokeWithinTransaction(TransactionAspectSupport.java:380)
	at org.springframework.transaction.interceptor.TransactionInterceptor.invoke(TransactionInterceptor.java:119)
	at org.springframework.aop.framework.ReflectiveMethodInvocation.proceed(ReflectiveMethodInvocation.java:184)
	at org.springframework.aop.framework.CglibAopProxy$DynamicAdvisedInterceptor.intercept(CglibAopProxy.java:727)
	at com.sprint.mission.discodeit.service.basic.BasicReadStatusService$$SpringCGLIB$$0.findAllByUserId(<generated>)
	at com.sprint.mission.discodeit.controller.ReadStatusController.findAllByUserId(ReadStatusController.java:28)
	at jdk.internal.reflect.GeneratedMethodAccessor87.invoke(Unknown Source)
	at java.base/jdk.internal.reflect.DelegatingMethodAccessorImpl.invoke(DelegatingMethodAccessorImpl.java:43)
	at java.base/java.lang.reflect.Method.invoke(Method.java:569)
	at org.springframework.web.method.support.InvocableHandlerMethod.doInvoke(InvocableHandlerMethod.java:255)
	at org.springframework.web.method.support.InvocableHandlerMethod.invokeForRequest(InvocableHandlerMethod.java:188)
	at org.springframework.web.servlet.mvc.method.annotation.ServletInvocableHandlerMethod.invokeAndHandle(ServletInvocableHandlerMethod.java:118)
	at org.springframework.web.servlet.mvc.method.annotation.RequestMappingHandlerAdapter.invokeHandlerMethod(RequestMappingHandlerAdapter.java:986)
	at org.springframework.web.servlet.mvc.method.annotation.RequestMappingHandlerAdapter.handleInternal(RequestMappingHandlerAdapter.java:891)
	at org.springframework.web.servlet.mvc.method.AbstractHandlerMethodAdapter.handle(AbstractHandlerMethodAdapter.java:87)
	at org.springframework.web.servlet.DispatcherServlet.doDispatch(DispatcherServlet.java:1088)
	at org.springframework.web.servlet.DispatcherServlet.doService(DispatcherServlet.java:978)
	at org.springframework.web.servlet.FrameworkServlet.processRequest(FrameworkServlet.java:1014)
	at org.springframework.web.servlet.FrameworkServlet.doGet(FrameworkServlet.java:903)
	at jakarta.servlet.http.HttpServlet.service(HttpServlet.java:564)
	at org.springframework.web.servlet.FrameworkServlet.service(FrameworkServlet.java:885)
	at jakarta.servlet.http.HttpServlet.service(HttpServlet.java:658)
	at org.apache.catalina.core.ApplicationFilterChain.internalDoFilter(ApplicationFilterChain.java:195)
	at org.apache.catalina.core.ApplicationFilterChain.doFilter(ApplicationFilterChain.java:140)
	at org.apache.tomcat.websocket.server.WsFilter.doFilter(WsFilter.java:51)
	at org.apache.catalina.core.ApplicationFilterChain.internalDoFilter(ApplicationFilterChain.java:164)
	at org.apache.catalina.core.ApplicationFilterChain.doFilter(ApplicationFilterChain.java:140)
	at org.springframework.web.filter.CompositeFilter$VirtualFilterChain.doFilter(CompositeFilter.java:108)
	at org.springframework.security.web.FilterChainProxy.lambda$doFilterInternal$3(FilterChainProxy.java:231)
	at org.springframework.security.web.ObservationFilterChainDecorator$FilterObservation$SimpleFilterObservation.lambda$wrap$1(ObservationFilterChainDecorator.java:479)
	at org.springframework.security.web.ObservationFilterChainDecorator$AroundFilterObservation$SimpleAroundFilterObservation.lambda$wrap$1(ObservationFilterChainDecorator.java:340)
	at org.springframework.security.web.ObservationFilterChainDecorator.lambda$wrapSecured$0(ObservationFilterChainDecorator.java:82)
	at org.springframework.security.web.ObservationFilterChainDecorator$VirtualFilterChain.doFilter(ObservationFilterChainDecorator.java:128)
	at org.springframework.security.web.access.intercept.AuthorizationFilter.doFilter(AuthorizationFilter.java:101)
	at org.springframework.security.web.ObservationFilterChainDecorator$ObservationFilter.wrapFilter(ObservationFilterChainDecorator.java:240)
	at org.springframework.security.web.ObservationFilterChainDecorator$ObservationFilter.doFilter(ObservationFilterChainDecorator.java:227)
	at org.springframework.security.web.ObservationFilterChainDecorator$VirtualFilterChain.doFilter(ObservationFilterChainDecorator.java:137)
	at org.springframework.security.web.access.ExceptionTranslationFilter.doFilter(ExceptionTranslationFilter.java:126)
	at org.springframework.security.web.access.ExceptionTranslationFilter.doFilter(ExceptionTranslationFilter.java:120)
	at org.springframework.security.web.ObservationFilterChainDecorator$ObservationFilter.wrapFilter(ObservationFilterChainDecorator.java:240)
	at org.springframework.security.web.ObservationFilterChainDecorator$ObservationFilter.doFilter(ObservationFilterChainDecorator.java:227)
	at org.springframework.security.web.ObservationFilterChainDecorator$VirtualFilterChain.doFilter(ObservationFilterChainDecorator.java:137)
	at org.springframework.security.web.authentication.AnonymousAuthenticationFilter.doFilter(AnonymousAuthenticationFilter.java:100)
	at org.springframework.security.web.ObservationFilterChainDecorator$ObservationFilter.wrapFilter(ObservationFilterChainDecorator.java:240)
	at org.springframework.security.web.ObservationFilterChainDecorator$ObservationFilter.doFilter(ObservationFilterChainDecorator.java:227)
	at org.springframework.security.web.ObservationFilterChainDecorator$VirtualFilterChain.doFilter(ObservationFilterChainDecorator.java:137)
	at org.springframework.security.web.servletapi.SecurityContextHolderAwareRequestFilter.doFilter(SecurityContextHolderAwareRequestFilter.java:179)
	at org.springframework.security.web.ObservationFilterChainDecorator$ObservationFilter.wrapFilter(ObservationFilterChainDecorator.java:240)
	at org.springframework.security.web.ObservationFilterChainDecorator$ObservationFilter.doFilter(ObservationFilterChainDecorator.java:227)
	at org.springframework.security.web.ObservationFilterChainDecorator$VirtualFilterChain.doFilter(ObservationFilterChainDecorator.java:137)
	at org.springframework.security.web.savedrequest.RequestCacheAwareFilter.doFilter(RequestCacheAwareFilter.java:63)
	at org.springframework.security.web.ObservationFilterChainDecorator$ObservationFilter.wrapFilter(ObservationFilterChainDecorator.java:240)
	at org.springframework.security.web.ObservationFilterChainDecorator$ObservationFilter.doFilter(ObservationFilterChainDecorator.java:227)
	at org.springframework.security.web.ObservationFilterChainDecorator$VirtualFilterChain.doFilter(ObservationFilterChainDecorator.java:137)
	at org.springframework.security.web.authentication.logout.LogoutFilter.doFilter(LogoutFilter.java:107)
	at org.springframework.security.web.authentication.logout.LogoutFilter.doFilter(LogoutFilter.java:93)
	at org.springframework.security.web.ObservationFilterChainDecorator$ObservationFilter.wrapFilter(ObservationFilterChainDecorator.java:240)
	at org.springframework.security.web.ObservationFilterChainDecorator$ObservationFilter.doFilter(ObservationFilterChainDecorator.java:227)
	at org.springframework.security.web.ObservationFilterChainDecorator$VirtualFilterChain.doFilter(ObservationFilterChainDecorator.java:137)
	at org.springframework.security.web.header.HeaderWriterFilter.doHeadersAfter(HeaderWriterFilter.java:90)
	at org.springframework.security.web.header.HeaderWriterFilter.doFilterInternal(HeaderWriterFilter.java:75)
	at org.springframework.web.filter.OncePerRequestFilter.doFilter(OncePerRequestFilter.java:116)
	at org.springframework.security.web.ObservationFilterChainDecorator$ObservationFilter.wrapFilter(ObservationFilterChainDecorator.java:240)
	at org.springframework.security.web.ObservationFilterChainDecorator$ObservationFilter.doFilter(ObservationFilterChainDecorator.java:227)
	at org.springframework.security.web.ObservationFilterChainDecorator$VirtualFilterChain.doFilter(ObservationFilterChainDecorator.java:137)
	at org.springframework.security.web.context.SecurityContextHolderFilter.doFilter(SecurityContextHolderFilter.java:82)
	at org.springframework.security.web.context.SecurityContextHolderFilter.doFilter(SecurityContextHolderFilter.java:69)
	at org.springframework.security.web.ObservationFilterChainDecorator$ObservationFilter.wrapFilter(ObservationFilterChainDecorator.java:240)
	at org.springframework.security.web.ObservationFilterChainDecorator$ObservationFilter.doFilter(ObservationFilterChainDecorator.java:227)
	at org.springframework.security.web.ObservationFilterChainDecorator$VirtualFilterChain.doFilter(ObservationFilterChainDecorator.java:137)
	at org.springframework.security.web.context.request.async.WebAsyncManagerIntegrationFilter.doFilterInternal(WebAsyncManagerIntegrationFilter.java:62)
	at org.springframework.web.filter.OncePerRequestFilter.doFilter(OncePerRequestFilter.java:116)
	at org.springframework.security.web.ObservationFilterChainDecorator$ObservationFilter.wrapFilter(ObservationFilterChainDecorator.java:240)
	at org.springframework.security.web.ObservationFilterChainDecorator$ObservationFilter.doFilter(ObservationFilterChainDecorator.java:227)
	at org.springframework.security.web.ObservationFilterChainDecorator$VirtualFilterChain.doFilter(ObservationFilterChainDecorator.java:137)
	at org.springframework.security.web.session.DisableEncodeUrlFilter.doFilterInternal(DisableEncodeUrlFilter.java:42)
	at org.springframework.web.filter.OncePerRequestFilter.doFilter(OncePerRequestFilter.java:116)
	at org.springframework.security.web.ObservationFilterChainDecorator$ObservationFilter.wrapFilter(ObservationFilterChainDecorator.java:240)
	at org.springframework.security.web.ObservationFilterChainDecorator$AroundFilterObservation$SimpleAroundFilterObservation.lambda$wrap$0(ObservationFilterChainDecorator.java:323)
	at org.springframework.security.web.ObservationFilterChainDecorator$ObservationFilter.doFilter(ObservationFilterChainDecorator.java:224)
	at org.springframework.security.web.ObservationFilterChainDecorator$VirtualFilterChain.doFilter(ObservationFilterChainDecorator.java:137)
	at org.springframework.security.web.FilterChainProxy.doFilterInternal(FilterChainProxy.java:233)
	at org.springframework.security.web.FilterChainProxy.doFilter(FilterChainProxy.java:191)
	at org.springframework.web.filter.CompositeFilter$VirtualFilterChain.doFilter(CompositeFilter.java:113)
	at org.springframework.web.servlet.handler.HandlerMappingIntrospector.lambda$createCacheFilter$3(HandlerMappingIntrospector.java:243)
	at org.springframework.web.filter.CompositeFilter$VirtualFilterChain.doFilter(CompositeFilter.java:113)
	at org.springframework.web.filter.CompositeFilter.doFilter(CompositeFilter.java:74)
	at org.springframework.security.config.annotation.web.configuration.WebMvcSecurityConfiguration$CompositeFilterChainProxy.doFilter(WebMvcSecurityConfiguration.java:238)
	at org.springframework.web.filter.DelegatingFilterProxy.invokeDelegate(DelegatingFilterProxy.java:362)
	at org.springframework.web.filter.DelegatingFilterProxy.doFilter(DelegatingFilterProxy.java:278)
	at org.apache.catalina.core.ApplicationFilterChain.internalDoFilter(ApplicationFilterChain.java:164)
	at org.apache.catalina.core.ApplicationFilterChain.doFilter(ApplicationFilterChain.java:140)
	at org.springframework.web.filter.RequestContextFilter.doFilterInternal(RequestContextFilter.java:100)
	at org.springframework.web.filter.OncePerRequestFilter.doFilter(OncePerRequestFilter.java:116)
	at org.apache.catalina.core.ApplicationFilterChain.internalDoFilter(ApplicationFilterChain.java:164)
	at org.apache.catalina.core.ApplicationFilterChain.doFilter(ApplicationFilterChain.java:140)
	at org.springframework.web.filter.FormContentFilter.doFilterInternal(FormContentFilter.java:93)
	at org.springframework.web.filter.OncePerRequestFilter.doFilter(OncePerRequestFilter.java:116)
	at org.apache.catalina.core.ApplicationFilterChain.internalDoFilter(ApplicationFilterChain.java:164)
	at org.apache.catalina.core.ApplicationFilterChain.doFilter(ApplicationFilterChain.java:140)
	at org.springframework.web.filter.ServerHttpObservationFilter.doFilterInternal(ServerHttpObservationFilter.java:114)
	at org.springframework.web.filter.OncePerRequestFilter.doFilter(OncePerRequestFilter.java:116)
	at org.apache.catalina.core.ApplicationFilterChain.internalDoFilter(ApplicationFilterChain.java:164)
	at org.apache.catalina.core.ApplicationFilterChain.doFilter(ApplicationFilterChain.java:140)
	at org.springframework.web.filter.CharacterEncodingFilter.doFilterInternal(CharacterEncodingFilter.java:201)
	at org.springframework.web.filter.OncePerRequestFilter.doFilter(OncePerRequestFilter.java:116)
	at org.apache.catalina.core.ApplicationFilterChain.internalDoFilter(ApplicationFilterChain.java:164)
	at org.apache.catalina.core.ApplicationFilterChain.doFilter(ApplicationFilterChain.java:140)
	at org.apache.catalina.core.StandardWrapperValve.invoke(StandardWrapperValve.java:167)
	at org.apache.catalina.core.StandardContextValve.invoke(StandardContextValve.java:90)
	at org.apache.catalina.authenticator.AuthenticatorBase.invoke(AuthenticatorBase.java:483)
	at org.apache.catalina.core.StandardHostValve.invoke(StandardHostValve.java:115)
	at org.apache.catalina.valves.ErrorReportValve.invoke(ErrorReportValve.java:93)
	at org.apache.catalina.core.StandardEngineValve.invoke(StandardEngineValve.java:74)
	at org.apache.catalina.connector.CoyoteAdapter.service(CoyoteAdapter.java:344)
	at org.apache.coyote.http11.Http11Processor.service(Http11Processor.java:397)
	at org.apache.coyote.AbstractProcessorLight.process(AbstractProcessorLight.java:63)
	at org.apache.coyote.AbstractProtocol$ConnectionHandler.process(AbstractProtocol.java:905)
	at org.apache.tomcat.util.net.NioEndpoint$SocketProcessor.doRun(NioEndpoint.java:1741)
	at org.apache.tomcat.util.net.SocketProcessorBase.run(SocketProcessorBase.java:52)
	at org.apache.tomcat.util.threads.ThreadPoolExecutor.runWorker(ThreadPoolExecutor.java:1190)
	at org.apache.tomcat.util.threads.ThreadPoolExecutor$Worker.run(ThreadPoolExecutor.java:659)
	at org.apache.tomcat.util.threads.TaskThread$WrappingRunnable.run(TaskThread.java:63)
	at java.base/java.lang.Thread.run(Thread.java:840)
Caused by: org.hibernate.NonUniqueResultException: Query did not return a unique result: 2 results were returned
	at org.hibernate.query.spi.AbstractSelectionQuery.uniqueElement(AbstractSelectionQuery.java:298)
	at org.hibernate.query.spi.AbstractSelectionQuery.getSingleResult(AbstractSelectionQuery.java:281)
	at org.springframework.data.jpa.repository.query.JpaQueryExecution$SingleEntityExecution.doExecute(JpaQueryExecution.java:224)
	at org.springframework.data.jpa.repository.query.JpaQueryExecution.execute(JpaQueryExecution.java:93)
	at org.springframework.data.jpa.repository.query.AbstractJpaQuery.doExecute(AbstractJpaQuery.java:152)
	at org.springframework.data.jpa.repository.query.AbstractJpaQuery.execute(AbstractJpaQuery.java:140)
	at org.springframework.data.repository.core.support.RepositoryMethodInvoker.doInvoke(RepositoryMethodInvoker.java:170)
	at org.springframework.data.repository.core.support.RepositoryMethodInvoker.invoke(RepositoryMethodInvoker.java:158)
	at org.springframework.data.repository.core.support.QueryExecutorMethodInterceptor.doInvoke(QueryExecutorMethodInterceptor.java:170)
	at org.springframework.data.repository.core.support.QueryExecutorMethodInterceptor.invoke(QueryExecutorMethodInterceptor.java:149)
	at org.springframework.aop.framework.ReflectiveMethodInvocation.proceed(ReflectiveMethodInvocation.java:184)
	at org.springframework.data.projection.DefaultMethodInvokingMethodInterceptor.invoke(DefaultMethodInvokingMethodInterceptor.java:69)
	at org.springframework.aop.framework.ReflectiveMethodInvocation.proceed(ReflectiveMethodInvocation.java:184)
	at org.springframework.transaction.interceptor.TransactionAspectSupport.invokeWithinTransaction(TransactionAspectSupport.java:380)
	at org.springframework.transaction.interceptor.TransactionInterceptor.invoke(TransactionInterceptor.java:119)
	at org.springframework.aop.framework.ReflectiveMethodInvocation.proceed(ReflectiveMethodInvocation.java:184)
	at org.springframework.dao.support.PersistenceExceptionTranslationInterceptor.invoke(PersistenceExceptionTranslationInterceptor.java:138)
	... 146 common frames omitted
2026-03-31 00:29:03.490 [http-nio-8080-exec-10] DEBUG [08f315c6] c.s.m.d.s.basic.BasicChannelService  -
        Finding all channels for user: 1e2f6353-d975-4eb4-9c11-d8e8674fb0a6
2026-03-31 00:29:03.505 [http-nio-8080-exec-1] DEBUG [c812c725] c.s.m.d.c.ReadStatusController       -
        Fetching read statuses for user: 1e2f6353-d975-4eb4-9c11-d8e8674fb0a6
2026-03-31 00:29:03.507 [http-nio-8080-exec-1] DEBUG [c812c725] c.s.m.d.s.b.BasicReadStatusService   -
        Fetching/Allocating read statuses for user: 1e2f6353-d975-4eb4-9c11-d8e8674fb0a6
2026-03-31 00:29:03.518 [http-nio-8080-exec-1] ERROR [c812c725] c.s.m.d.c.GlobalExceptionHandler     -
        Internal Server Error: 
org.springframework.dao.IncorrectResultSizeDataAccessException: Query did not return a unique result: 2 results were returned
	at org.springframework.orm.jpa.vendor.HibernateJpaDialect.convertHibernateAccessException(HibernateJpaDialect.java:301)
	at org.springframework.orm.jpa.vendor.HibernateJpaDialect.translateExceptionIfPossible(HibernateJpaDialect.java:244)
	at org.springframework.orm.jpa.AbstractEntityManagerFactoryBean.translateExceptionIfPossible(AbstractEntityManagerFactoryBean.java:560)
	at org.springframework.dao.support.ChainedPersistenceExceptionTranslator.translateExceptionIfPossible(ChainedPersistenceExceptionTranslator.java:61)
	at org.springframework.dao.support.DataAccessUtils.translateIfNecessary(DataAccessUtils.java:343)
	at org.springframework.dao.support.PersistenceExceptionTranslationInterceptor.invoke(PersistenceExceptionTranslationInterceptor.java:160)
	at org.springframework.aop.framework.ReflectiveMethodInvocation.proceed(ReflectiveMethodInvocation.java:184)
	at org.springframework.data.jpa.repository.support.CrudMethodMetadataPostProcessor$CrudMethodMetadataPopulatingMethodInterceptor.invoke(CrudMethodMetadataPostProcessor.java:136)
	at org.springframework.aop.framework.ReflectiveMethodInvocation.proceed(ReflectiveMethodInvocation.java:184)
	at org.springframework.aop.framework.JdkDynamicAopProxy.invoke(JdkDynamicAopProxy.java:223)
	at jdk.proxy2/jdk.proxy2.$Proxy185.findByUserIdAndChannelId(Unknown Source)
	at com.sprint.mission.discodeit.service.basic.BasicReadStatusService.lambda$findAllByUserId$2(BasicReadStatusService.java:48)
	at java.base/java.util.stream.ReferencePipeline$3$1.accept(ReferencePipeline.java:197)
	at java.base/java.util.ArrayList$ArrayListSpliterator.forEachRemaining(ArrayList.java:1625)
	at java.base/java.util.stream.AbstractPipeline.copyInto(AbstractPipeline.java:509)
	at java.base/java.util.stream.AbstractPipeline.wrapAndCopyInto(AbstractPipeline.java:499)
	at java.base/java.util.stream.AbstractPipeline.evaluate(AbstractPipeline.java:575)
	at java.base/java.util.stream.AbstractPipeline.evaluateToArrayNode(AbstractPipeline.java:260)
	at java.base/java.util.stream.ReferencePipeline.toArray(ReferencePipeline.java:616)
	at java.base/java.util.stream.ReferencePipeline.toArray(ReferencePipeline.java:622)
	at java.base/java.util.stream.ReferencePipeline.toList(ReferencePipeline.java:627)
	at com.sprint.mission.discodeit.service.basic.BasicReadStatusService.findAllByUserId(BasicReadStatusService.java:60)
	at jdk.internal.reflect.GeneratedMethodAccessor88.invoke(Unknown Source)
	at java.base/jdk.internal.reflect.DelegatingMethodAccessorImpl.invoke(DelegatingMethodAccessorImpl.java:43)
	at java.base/java.lang.reflect.Method.invoke(Method.java:569)
	at org.springframework.aop.support.AopUtils.invokeJoinpointUsingReflection(AopUtils.java:359)
	at org.springframework.aop.framework.ReflectiveMethodInvocation.invokeJoinpoint(ReflectiveMethodInvocation.java:196)
	at org.springframework.aop.framework.ReflectiveMethodInvocation.proceed(ReflectiveMethodInvocation.java:163)
	at org.springframework.transaction.interceptor.TransactionAspectSupport.invokeWithinTransaction(TransactionAspectSupport.java:380)
	at org.springframework.transaction.interceptor.TransactionInterceptor.invoke(TransactionInterceptor.java:119)
	at org.springframework.aop.framework.ReflectiveMethodInvocation.proceed(ReflectiveMethodInvocation.java:184)
	at org.springframework.aop.framework.CglibAopProxy$DynamicAdvisedInterceptor.intercept(CglibAopProxy.java:727)
	at com.sprint.mission.discodeit.service.basic.BasicReadStatusService$$SpringCGLIB$$0.findAllByUserId(<generated>)
	at com.sprint.mission.discodeit.controller.ReadStatusController.findAllByUserId(ReadStatusController.java:28)
	at jdk.internal.reflect.GeneratedMethodAccessor87.invoke(Unknown Source)
	at java.base/jdk.internal.reflect.DelegatingMethodAccessorImpl.invoke(DelegatingMethodAccessorImpl.java:43)
	at java.base/java.lang.reflect.Method.invoke(Method.java:569)
	at org.springframework.web.method.support.InvocableHandlerMethod.doInvoke(InvocableHandlerMethod.java:255)
	at org.springframework.web.method.support.InvocableHandlerMethod.invokeForRequest(InvocableHandlerMethod.java:188)
	at org.springframework.web.servlet.mvc.method.annotation.ServletInvocableHandlerMethod.invokeAndHandle(ServletInvocableHandlerMethod.java:118)
	at org.springframework.web.servlet.mvc.method.annotation.RequestMappingHandlerAdapter.invokeHandlerMethod(RequestMappingHandlerAdapter.java:986)
	at org.springframework.web.servlet.mvc.method.annotation.RequestMappingHandlerAdapter.handleInternal(RequestMappingHandlerAdapter.java:891)
	at org.springframework.web.servlet.mvc.method.AbstractHandlerMethodAdapter.handle(AbstractHandlerMethodAdapter.java:87)
	at org.springframework.web.servlet.DispatcherServlet.doDispatch(DispatcherServlet.java:1088)
	at org.springframework.web.servlet.DispatcherServlet.doService(DispatcherServlet.java:978)
	at org.springframework.web.servlet.FrameworkServlet.processRequest(FrameworkServlet.java:1014)
	at org.springframework.web.servlet.FrameworkServlet.doGet(FrameworkServlet.java:903)
	at jakarta.servlet.http.HttpServlet.service(HttpServlet.java:564)
	at org.springframework.web.servlet.FrameworkServlet.service(FrameworkServlet.java:885)
	at jakarta.servlet.http.HttpServlet.service(HttpServlet.java:658)
	at org.apache.catalina.core.ApplicationFilterChain.internalDoFilter(ApplicationFilterChain.java:195)
	at org.apache.catalina.core.ApplicationFilterChain.doFilter(ApplicationFilterChain.java:140)
	at org.apache.tomcat.websocket.server.WsFilter.doFilter(WsFilter.java:51)
	at org.apache.catalina.core.ApplicationFilterChain.internalDoFilter(ApplicationFilterChain.java:164)
	at org.apache.catalina.core.ApplicationFilterChain.doFilter(ApplicationFilterChain.java:140)
	at org.springframework.web.filter.CompositeFilter$VirtualFilterChain.doFilter(CompositeFilter.java:108)
	at org.springframework.security.web.FilterChainProxy.lambda$doFilterInternal$3(FilterChainProxy.java:231)
	at org.springframework.security.web.ObservationFilterChainDecorator$FilterObservation$SimpleFilterObservation.lambda$wrap$1(ObservationFilterChainDecorator.java:479)
	at org.springframework.security.web.ObservationFilterChainDecorator$AroundFilterObservation$SimpleAroundFilterObservation.lambda$wrap$1(ObservationFilterChainDecorator.java:340)
	at org.springframework.security.web.ObservationFilterChainDecorator.lambda$wrapSecured$0(ObservationFilterChainDecorator.java:82)
	at org.springframework.security.web.ObservationFilterChainDecorator$VirtualFilterChain.doFilter(ObservationFilterChainDecorator.java:128)
	at org.springframework.security.web.access.intercept.AuthorizationFilter.doFilter(AuthorizationFilter.java:101)
	at org.springframework.security.web.ObservationFilterChainDecorator$ObservationFilter.wrapFilter(ObservationFilterChainDecorator.java:240)
	at org.springframework.security.web.ObservationFilterChainDecorator$ObservationFilter.doFilter(ObservationFilterChainDecorator.java:227)
	at org.springframework.security.web.ObservationFilterChainDecorator$VirtualFilterChain.doFilter(ObservationFilterChainDecorator.java:137)
	at org.springframework.security.web.access.ExceptionTranslationFilter.doFilter(ExceptionTranslationFilter.java:126)
	at org.springframework.security.web.access.ExceptionTranslationFilter.doFilter(ExceptionTranslationFilter.java:120)
	at org.springframework.security.web.ObservationFilterChainDecorator$ObservationFilter.wrapFilter(ObservationFilterChainDecorator.java:240)
	at org.springframework.security.web.ObservationFilterChainDecorator$ObservationFilter.doFilter(ObservationFilterChainDecorator.java:227)
	at org.springframework.security.web.ObservationFilterChainDecorator$VirtualFilterChain.doFilter(ObservationFilterChainDecorator.java:137)
	at org.springframework.security.web.authentication.AnonymousAuthenticationFilter.doFilter(AnonymousAuthenticationFilter.java:100)
	at org.springframework.security.web.ObservationFilterChainDecorator$ObservationFilter.wrapFilter(ObservationFilterChainDecorator.java:240)
	at org.springframework.security.web.ObservationFilterChainDecorator$ObservationFilter.doFilter(ObservationFilterChainDecorator.java:227)
	at org.springframework.security.web.ObservationFilterChainDecorator$VirtualFilterChain.doFilter(ObservationFilterChainDecorator.java:137)
	at org.springframework.security.web.servletapi.SecurityContextHolderAwareRequestFilter.doFilter(SecurityContextHolderAwareRequestFilter.java:179)
	at org.springframework.security.web.ObservationFilterChainDecorator$ObservationFilter.wrapFilter(ObservationFilterChainDecorator.java:240)
	at org.springframework.security.web.ObservationFilterChainDecorator$ObservationFilter.doFilter(ObservationFilterChainDecorator.java:227)
	at org.springframework.security.web.ObservationFilterChainDecorator$VirtualFilterChain.doFilter(ObservationFilterChainDecorator.java:137)
	at org.springframework.security.web.savedrequest.RequestCacheAwareFilter.doFilter(RequestCacheAwareFilter.java:63)
	at org.springframework.security.web.ObservationFilterChainDecorator$ObservationFilter.wrapFilter(ObservationFilterChainDecorator.java:240)
	at org.springframework.security.web.ObservationFilterChainDecorator$ObservationFilter.doFilter(ObservationFilterChainDecorator.java:227)
	at org.springframework.security.web.ObservationFilterChainDecorator$VirtualFilterChain.doFilter(ObservationFilterChainDecorator.java:137)
	at org.springframework.security.web.authentication.logout.LogoutFilter.doFilter(LogoutFilter.java:107)
	at org.springframework.security.web.authentication.logout.LogoutFilter.doFilter(LogoutFilter.java:93)
	at org.springframework.security.web.ObservationFilterChainDecorator$ObservationFilter.wrapFilter(ObservationFilterChainDecorator.java:240)
	at org.springframework.security.web.ObservationFilterChainDecorator$ObservationFilter.doFilter(ObservationFilterChainDecorator.java:227)
	at org.springframework.security.web.ObservationFilterChainDecorator$VirtualFilterChain.doFilter(ObservationFilterChainDecorator.java:137)
	at org.springframework.security.web.header.HeaderWriterFilter.doHeadersAfter(HeaderWriterFilter.java:90)
	at org.springframework.security.web.header.HeaderWriterFilter.doFilterInternal(HeaderWriterFilter.java:75)
	at org.springframework.web.filter.OncePerRequestFilter.doFilter(OncePerRequestFilter.java:116)
	at org.springframework.security.web.ObservationFilterChainDecorator$ObservationFilter.wrapFilter(ObservationFilterChainDecorator.java:240)
	at org.springframework.security.web.ObservationFilterChainDecorator$ObservationFilter.doFilter(ObservationFilterChainDecorator.java:227)
	at org.springframework.security.web.ObservationFilterChainDecorator$VirtualFilterChain.doFilter(ObservationFilterChainDecorator.java:137)
	at org.springframework.security.web.context.SecurityContextHolderFilter.doFilter(SecurityContextHolderFilter.java:82)
	at org.springframework.security.web.context.SecurityContextHolderFilter.doFilter(SecurityContextHolderFilter.java:69)
	at org.springframework.security.web.ObservationFilterChainDecorator$ObservationFilter.wrapFilter(ObservationFilterChainDecorator.java:240)
	at org.springframework.security.web.ObservationFilterChainDecorator$ObservationFilter.doFilter(ObservationFilterChainDecorator.java:227)
	at org.springframework.security.web.ObservationFilterChainDecorator$VirtualFilterChain.doFilter(ObservationFilterChainDecorator.java:137)
	at org.springframework.security.web.context.request.async.WebAsyncManagerIntegrationFilter.doFilterInternal(WebAsyncManagerIntegrationFilter.java:62)
	at org.springframework.web.filter.OncePerRequestFilter.doFilter(OncePerRequestFilter.java:116)
	at org.springframework.security.web.ObservationFilterChainDecorator$ObservationFilter.wrapFilter(ObservationFilterChainDecorator.java:240)
	at org.springframework.security.web.ObservationFilterChainDecorator$ObservationFilter.doFilter(ObservationFilterChainDecorator.java:227)
	at org.springframework.security.web.ObservationFilterChainDecorator$VirtualFilterChain.doFilter(ObservationFilterChainDecorator.java:137)
	at org.springframework.security.web.session.DisableEncodeUrlFilter.doFilterInternal(DisableEncodeUrlFilter.java:42)
	at org.springframework.web.filter.OncePerRequestFilter.doFilter(OncePerRequestFilter.java:116)
	at org.springframework.security.web.ObservationFilterChainDecorator$ObservationFilter.wrapFilter(ObservationFilterChainDecorator.java:240)
	at org.springframework.security.web.ObservationFilterChainDecorator$AroundFilterObservation$SimpleAroundFilterObservation.lambda$wrap$0(ObservationFilterChainDecorator.java:323)
	at org.springframework.security.web.ObservationFilterChainDecorator$ObservationFilter.doFilter(ObservationFilterChainDecorator.java:224)
	at org.springframework.security.web.ObservationFilterChainDecorator$VirtualFilterChain.doFilter(ObservationFilterChainDecorator.java:137)
	at org.springframework.security.web.FilterChainProxy.doFilterInternal(FilterChainProxy.java:233)
	at org.springframework.security.web.FilterChainProxy.doFilter(FilterChainProxy.java:191)
	at org.springframework.web.filter.CompositeFilter$VirtualFilterChain.doFilter(CompositeFilter.java:113)
	at org.springframework.web.servlet.handler.HandlerMappingIntrospector.lambda$createCacheFilter$3(HandlerMappingIntrospector.java:243)
	at org.springframework.web.filter.CompositeFilter$VirtualFilterChain.doFilter(CompositeFilter.java:113)
	at org.springframework.web.filter.CompositeFilter.doFilter(CompositeFilter.java:74)
	at org.springframework.security.config.annotation.web.configuration.WebMvcSecurityConfiguration$CompositeFilterChainProxy.doFilter(WebMvcSecurityConfiguration.java:238)
	at org.springframework.web.filter.DelegatingFilterProxy.invokeDelegate(DelegatingFilterProxy.java:362)
	at org.springframework.web.filter.DelegatingFilterProxy.doFilter(DelegatingFilterProxy.java:278)
	at org.apache.catalina.core.ApplicationFilterChain.internalDoFilter(ApplicationFilterChain.java:164)
	at org.apache.catalina.core.ApplicationFilterChain.doFilter(ApplicationFilterChain.java:140)
	at org.springframework.web.filter.RequestContextFilter.doFilterInternal(RequestContextFilter.java:100)
	at org.springframework.web.filter.OncePerRequestFilter.doFilter(OncePerRequestFilter.java:116)
	at org.apache.catalina.core.ApplicationFilterChain.internalDoFilter(ApplicationFilterChain.java:164)
	at org.apache.catalina.core.ApplicationFilterChain.doFilter(ApplicationFilterChain.java:140)
	at org.springframework.web.filter.FormContentFilter.doFilterInternal(FormContentFilter.java:93)
	at org.springframework.web.filter.OncePerRequestFilter.doFilter(OncePerRequestFilter.java:116)
	at org.apache.catalina.core.ApplicationFilterChain.internalDoFilter(ApplicationFilterChain.java:164)
	at org.apache.catalina.core.ApplicationFilterChain.doFilter(ApplicationFilterChain.java:140)
	at org.springframework.web.filter.ServerHttpObservationFilter.doFilterInternal(ServerHttpObservationFilter.java:114)
	at org.springframework.web.filter.OncePerRequestFilter.doFilter(OncePerRequestFilter.java:116)
	at org.apache.catalina.core.ApplicationFilterChain.internalDoFilter(ApplicationFilterChain.java:164)
	at org.apache.catalina.core.ApplicationFilterChain.doFilter(ApplicationFilterChain.java:140)
	at org.springframework.web.filter.CharacterEncodingFilter.doFilterInternal(CharacterEncodingFilter.java:201)
	at org.springframework.web.filter.OncePerRequestFilter.doFilter(OncePerRequestFilter.java:116)
	at org.apache.catalina.core.ApplicationFilterChain.internalDoFilter(ApplicationFilterChain.java:164)
	at org.apache.catalina.core.ApplicationFilterChain.doFilter(ApplicationFilterChain.java:140)
	at org.apache.catalina.core.StandardWrapperValve.invoke(StandardWrapperValve.java:167)
	at org.apache.catalina.core.StandardContextValve.invoke(StandardContextValve.java:90)
	at org.apache.catalina.authenticator.AuthenticatorBase.invoke(AuthenticatorBase.java:483)
	at org.apache.catalina.core.StandardHostValve.invoke(StandardHostValve.java:115)
	at org.apache.catalina.valves.ErrorReportValve.invoke(ErrorReportValve.java:93)
	at org.apache.catalina.core.StandardEngineValve.invoke(StandardEngineValve.java:74)
	at org.apache.catalina.connector.CoyoteAdapter.service(CoyoteAdapter.java:344)
	at org.apache.coyote.http11.Http11Processor.service(Http11Processor.java:397)
	at org.apache.coyote.AbstractProcessorLight.process(AbstractProcessorLight.java:63)
	at org.apache.coyote.AbstractProtocol$ConnectionHandler.process(AbstractProtocol.java:905)
	at org.apache.tomcat.util.net.NioEndpoint$SocketProcessor.doRun(NioEndpoint.java:1741)
	at org.apache.tomcat.util.net.SocketProcessorBase.run(SocketProcessorBase.java:52)
	at org.apache.tomcat.util.threads.ThreadPoolExecutor.runWorker(ThreadPoolExecutor.java:1190)
	at org.apache.tomcat.util.threads.ThreadPoolExecutor$Worker.run(ThreadPoolExecutor.java:659)
	at org.apache.tomcat.util.threads.TaskThread$WrappingRunnable.run(TaskThread.java:63)
	at java.base/java.lang.Thread.run(Thread.java:840)
Caused by: org.hibernate.NonUniqueResultException: Query did not return a unique result: 2 results were returned
	at org.hibernate.query.spi.AbstractSelectionQuery.uniqueElement(AbstractSelectionQuery.java:298)
	at org.hibernate.query.spi.AbstractSelectionQuery.getSingleResult(AbstractSelectionQuery.java:281)
	at org.springframework.data.jpa.repository.query.JpaQueryExecution$SingleEntityExecution.doExecute(JpaQueryExecution.java:224)
	at org.springframework.data.jpa.repository.query.JpaQueryExecution.execute(JpaQueryExecution.java:93)
	at org.springframework.data.jpa.repository.query.AbstractJpaQuery.doExecute(AbstractJpaQuery.java:152)
	at org.springframework.data.jpa.repository.query.AbstractJpaQuery.execute(AbstractJpaQuery.java:140)
	at org.springframework.data.repository.core.support.RepositoryMethodInvoker.doInvoke(RepositoryMethodInvoker.java:170)
	at org.springframework.data.repository.core.support.RepositoryMethodInvoker.invoke(RepositoryMethodInvoker.java:158)
	at org.springframework.data.repository.core.support.QueryExecutorMethodInterceptor.doInvoke(QueryExecutorMethodInterceptor.java:170)
	at org.springframework.data.repository.core.support.QueryExecutorMethodInterceptor.invoke(QueryExecutorMethodInterceptor.java:149)
	at org.springframework.aop.framework.ReflectiveMethodInvocation.proceed(ReflectiveMethodInvocation.java:184)
	at org.springframework.data.projection.DefaultMethodInvokingMethodInterceptor.invoke(DefaultMethodInvokingMethodInterceptor.java:69)
	at org.springframework.aop.framework.ReflectiveMethodInvocation.proceed(ReflectiveMethodInvocation.java:184)
	at org.springframework.transaction.interceptor.TransactionAspectSupport.invokeWithinTransaction(TransactionAspectSupport.java:380)
	at org.springframework.transaction.interceptor.TransactionInterceptor.invoke(TransactionInterceptor.java:119)
	at org.springframework.aop.framework.ReflectiveMethodInvocation.proceed(ReflectiveMethodInvocation.java:184)
	at org.springframework.dao.support.PersistenceExceptionTranslationInterceptor.invoke(PersistenceExceptionTranslationInterceptor.java:138)
	... 146 common frames omitted
2026-03-31 00:29:04.493 [http-nio-8080-exec-3] DEBUG [00c88f83] c.s.m.d.controller.MessageController -
        Fetching messages for channel: e054663f-79db-41a6-8385-68e22f93f0dc, cursor: null, size: 50
2026-03-31 00:29:06.489 [http-nio-8080-exec-2] DEBUG [c5950726] c.s.m.d.s.basic.BasicChannelService  -
        Finding all channels for user: 1e2f6353-d975-4eb4-9c11-d8e8674fb0a6
2026-03-31 00:29:06.503 [http-nio-8080-exec-6] DEBUG [c2e180c6] c.s.m.d.c.ReadStatusController       -
        Fetching read statuses for user: 1e2f6353-d975-4eb4-9c11-d8e8674fb0a6
2026-03-31 00:29:06.503 [http-nio-8080-exec-6] DEBUG [c2e180c6] c.s.m.d.s.b.BasicReadStatusService   -
        Fetching/Allocating read statuses for user: 1e2f6353-d975-4eb4-9c11-d8e8674fb0a6
2026-03-31 00:29:06.514 [http-nio-8080-exec-6] ERROR [c2e180c6] c.s.m.d.c.GlobalExceptionHandler     -
        Internal Server Error: 
org.springframework.dao.IncorrectResultSizeDataAccessException: Query did not return a unique result: 2 results were returned
	at org.springframework.orm.jpa.vendor.HibernateJpaDialect.convertHibernateAccessException(HibernateJpaDialect.java:301)
	at org.springframework.orm.jpa.vendor.HibernateJpaDialect.translateExceptionIfPossible(HibernateJpaDialect.java:244)
	at org.springframework.orm.jpa.AbstractEntityManagerFactoryBean.translateExceptionIfPossible(AbstractEntityManagerFactoryBean.java:560)
	at org.springframework.dao.support.ChainedPersistenceExceptionTranslator.translateExceptionIfPossible(ChainedPersistenceExceptionTranslator.java:61)
	at org.springframework.dao.support.DataAccessUtils.translateIfNecessary(DataAccessUtils.java:343)
	at org.springframework.dao.support.PersistenceExceptionTranslationInterceptor.invoke(PersistenceExceptionTranslationInterceptor.java:160)
	at org.springframework.aop.framework.ReflectiveMethodInvocation.proceed(ReflectiveMethodInvocation.java:184)
	at org.springframework.data.jpa.repository.support.CrudMethodMetadataPostProcessor$CrudMethodMetadataPopulatingMethodInterceptor.invoke(CrudMethodMetadataPostProcessor.java:136)
	at org.springframework.aop.framework.ReflectiveMethodInvocation.proceed(ReflectiveMethodInvocation.java:184)
	at org.springframework.aop.framework.JdkDynamicAopProxy.invoke(JdkDynamicAopProxy.java:223)
	at jdk.proxy2/jdk.proxy2.$Proxy185.findByUserIdAndChannelId(Unknown Source)
	at com.sprint.mission.discodeit.service.basic.BasicReadStatusService.lambda$findAllByUserId$2(BasicReadStatusService.java:48)
	at java.base/java.util.stream.ReferencePipeline$3$1.accept(ReferencePipeline.java:197)
	at java.base/java.util.ArrayList$ArrayListSpliterator.forEachRemaining(ArrayList.java:1625)
	at java.base/java.util.stream.AbstractPipeline.copyInto(AbstractPipeline.java:509)
	at java.base/java.util.stream.AbstractPipeline.wrapAndCopyInto(AbstractPipeline.java:499)
	at java.base/java.util.stream.AbstractPipeline.evaluate(AbstractPipeline.java:575)
	at java.base/java.util.stream.AbstractPipeline.evaluateToArrayNode(AbstractPipeline.java:260)
	at java.base/java.util.stream.ReferencePipeline.toArray(ReferencePipeline.java:616)
	at java.base/java.util.stream.ReferencePipeline.toArray(ReferencePipeline.java:622)
	at java.base/java.util.stream.ReferencePipeline.toList(ReferencePipeline.java:627)
	at com.sprint.mission.discodeit.service.basic.BasicReadStatusService.findAllByUserId(BasicReadStatusService.java:60)
	at jdk.internal.reflect.GeneratedMethodAccessor88.invoke(Unknown Source)
	at java.base/jdk.internal.reflect.DelegatingMethodAccessorImpl.invoke(DelegatingMethodAccessorImpl.java:43)
	at java.base/java.lang.reflect.Method.invoke(Method.java:569)
	at org.springframework.aop.support.AopUtils.invokeJoinpointUsingReflection(AopUtils.java:359)
	at org.springframework.aop.framework.ReflectiveMethodInvocation.invokeJoinpoint(ReflectiveMethodInvocation.java:196)
	at org.springframework.aop.framework.ReflectiveMethodInvocation.proceed(ReflectiveMethodInvocation.java:163)
	at org.springframework.transaction.interceptor.TransactionAspectSupport.invokeWithinTransaction(TransactionAspectSupport.java:380)
	at org.springframework.transaction.interceptor.TransactionInterceptor.invoke(TransactionInterceptor.java:119)
	at org.springframework.aop.framework.ReflectiveMethodInvocation.proceed(ReflectiveMethodInvocation.java:184)
	at org.springframework.aop.framework.CglibAopProxy$DynamicAdvisedInterceptor.intercept(CglibAopProxy.java:727)
	at com.sprint.mission.discodeit.service.basic.BasicReadStatusService$$SpringCGLIB$$0.findAllByUserId(<generated>)
	at com.sprint.mission.discodeit.controller.ReadStatusController.findAllByUserId(ReadStatusController.java:28)
	at jdk.internal.reflect.GeneratedMethodAccessor87.invoke(Unknown Source)
	at java.base/jdk.internal.reflect.DelegatingMethodAccessorImpl.invoke(DelegatingMethodAccessorImpl.java:43)
	at java.base/java.lang.reflect.Method.invoke(Method.java:569)
	at org.springframework.web.method.support.InvocableHandlerMethod.doInvoke(InvocableHandlerMethod.java:255)
	at org.springframework.web.method.support.InvocableHandlerMethod.invokeForRequest(InvocableHandlerMethod.java:188)
	at org.springframework.web.servlet.mvc.method.annotation.ServletInvocableHandlerMethod.invokeAndHandle(ServletInvocableHandlerMethod.java:118)
	at org.springframework.web.servlet.mvc.method.annotation.RequestMappingHandlerAdapter.invokeHandlerMethod(RequestMappingHandlerAdapter.java:986)
	at org.springframework.web.servlet.mvc.method.annotation.RequestMappingHandlerAdapter.handleInternal(RequestMappingHandlerAdapter.java:891)
	at org.springframework.web.servlet.mvc.method.AbstractHandlerMethodAdapter.handle(AbstractHandlerMethodAdapter.java:87)
	at org.springframework.web.servlet.DispatcherServlet.doDispatch(DispatcherServlet.java:1088)
	at org.springframework.web.servlet.DispatcherServlet.doService(DispatcherServlet.java:978)
	at org.springframework.web.servlet.FrameworkServlet.processRequest(FrameworkServlet.java:1014)
	at org.springframework.web.servlet.FrameworkServlet.doGet(FrameworkServlet.java:903)
	at jakarta.servlet.http.HttpServlet.service(HttpServlet.java:564)
	at org.springframework.web.servlet.FrameworkServlet.service(FrameworkServlet.java:885)
	at jakarta.servlet.http.HttpServlet.service(HttpServlet.java:658)
	at org.apache.catalina.core.ApplicationFilterChain.internalDoFilter(ApplicationFilterChain.java:195)
	at org.apache.catalina.core.ApplicationFilterChain.doFilter(ApplicationFilterChain.java:140)
	at org.apache.tomcat.websocket.server.WsFilter.doFilter(WsFilter.java:51)
	at org.apache.catalina.core.ApplicationFilterChain.internalDoFilter(ApplicationFilterChain.java:164)
	at org.apache.catalina.core.ApplicationFilterChain.doFilter(ApplicationFilterChain.java:140)
	at org.springframework.web.filter.CompositeFilter$VirtualFilterChain.doFilter(CompositeFilter.java:108)
	at org.springframework.security.web.FilterChainProxy.lambda$doFilterInternal$3(FilterChainProxy.java:231)
	at org.springframework.security.web.ObservationFilterChainDecorator$FilterObservation$SimpleFilterObservation.lambda$wrap$1(ObservationFilterChainDecorator.java:479)
	at org.springframework.security.web.ObservationFilterChainDecorator$AroundFilterObservation$SimpleAroundFilterObservation.lambda$wrap$1(ObservationFilterChainDecorator.java:340)
	at org.springframework.security.web.ObservationFilterChainDecorator.lambda$wrapSecured$0(ObservationFilterChainDecorator.java:82)
	at org.springframework.security.web.ObservationFilterChainDecorator$VirtualFilterChain.doFilter(ObservationFilterChainDecorator.java:128)
	at org.springframework.security.web.access.intercept.AuthorizationFilter.doFilter(AuthorizationFilter.java:101)
	at org.springframework.security.web.ObservationFilterChainDecorator$ObservationFilter.wrapFilter(ObservationFilterChainDecorator.java:240)
	at org.springframework.security.web.ObservationFilterChainDecorator$ObservationFilter.doFilter(ObservationFilterChainDecorator.java:227)
	at org.springframework.security.web.ObservationFilterChainDecorator$VirtualFilterChain.doFilter(ObservationFilterChainDecorator.java:137)
	at org.springframework.security.web.access.ExceptionTranslationFilter.doFilter(ExceptionTranslationFilter.java:126)
	at org.springframework.security.web.access.ExceptionTranslationFilter.doFilter(ExceptionTranslationFilter.java:120)
	at org.springframework.security.web.ObservationFilterChainDecorator$ObservationFilter.wrapFilter(ObservationFilterChainDecorator.java:240)
	at org.springframework.security.web.ObservationFilterChainDecorator$ObservationFilter.doFilter(ObservationFilterChainDecorator.java:227)
	at org.springframework.security.web.ObservationFilterChainDecorator$VirtualFilterChain.doFilter(ObservationFilterChainDecorator.java:137)
	at org.springframework.security.web.authentication.AnonymousAuthenticationFilter.doFilter(AnonymousAuthenticationFilter.java:100)
	at org.springframework.security.web.ObservationFilterChainDecorator$ObservationFilter.wrapFilter(ObservationFilterChainDecorator.java:240)
	at org.springframework.security.web.ObservationFilterChainDecorator$ObservationFilter.doFilter(ObservationFilterChainDecorator.java:227)
	at org.springframework.security.web.ObservationFilterChainDecorator$VirtualFilterChain.doFilter(ObservationFilterChainDecorator.java:137)
	at org.springframework.security.web.servletapi.SecurityContextHolderAwareRequestFilter.doFilter(SecurityContextHolderAwareRequestFilter.java:179)
	at org.springframework.security.web.ObservationFilterChainDecorator$ObservationFilter.wrapFilter(ObservationFilterChainDecorator.java:240)
	at org.springframework.security.web.ObservationFilterChainDecorator$ObservationFilter.doFilter(ObservationFilterChainDecorator.java:227)
	at org.springframework.security.web.ObservationFilterChainDecorator$VirtualFilterChain.doFilter(ObservationFilterChainDecorator.java:137)
	at org.springframework.security.web.savedrequest.RequestCacheAwareFilter.doFilter(RequestCacheAwareFilter.java:63)
	at org.springframework.security.web.ObservationFilterChainDecorator$ObservationFilter.wrapFilter(ObservationFilterChainDecorator.java:240)
	at org.springframework.security.web.ObservationFilterChainDecorator$ObservationFilter.doFilter(ObservationFilterChainDecorator.java:227)
	at org.springframework.security.web.ObservationFilterChainDecorator$VirtualFilterChain.doFilter(ObservationFilterChainDecorator.java:137)
	at org.springframework.security.web.authentication.logout.LogoutFilter.doFilter(LogoutFilter.java:107)
	at org.springframework.security.web.authentication.logout.LogoutFilter.doFilter(LogoutFilter.java:93)
	at org.springframework.security.web.ObservationFilterChainDecorator$ObservationFilter.wrapFilter(ObservationFilterChainDecorator.java:240)
	at org.springframework.security.web.ObservationFilterChainDecorator$ObservationFilter.doFilter(ObservationFilterChainDecorator.java:227)
	at org.springframework.security.web.ObservationFilterChainDecorator$VirtualFilterChain.doFilter(ObservationFilterChainDecorator.java:137)
	at org.springframework.security.web.header.HeaderWriterFilter.doHeadersAfter(HeaderWriterFilter.java:90)
	at org.springframework.security.web.header.HeaderWriterFilter.doFilterInternal(HeaderWriterFilter.java:75)
	at org.springframework.web.filter.OncePerRequestFilter.doFilter(OncePerRequestFilter.java:116)
	at org.springframework.security.web.ObservationFilterChainDecorator$ObservationFilter.wrapFilter(ObservationFilterChainDecorator.java:240)
	at org.springframework.security.web.ObservationFilterChainDecorator$ObservationFilter.doFilter(ObservationFilterChainDecorator.java:227)
	at org.springframework.security.web.ObservationFilterChainDecorator$VirtualFilterChain.doFilter(ObservationFilterChainDecorator.java:137)
	at org.springframework.security.web.context.SecurityContextHolderFilter.doFilter(SecurityContextHolderFilter.java:82)
	at org.springframework.security.web.context.SecurityContextHolderFilter.doFilter(SecurityContextHolderFilter.java:69)
	at org.springframework.security.web.ObservationFilterChainDecorator$ObservationFilter.wrapFilter(ObservationFilterChainDecorator.java:240)
	at org.springframework.security.web.ObservationFilterChainDecorator$ObservationFilter.doFilter(ObservationFilterChainDecorator.java:227)
	at org.springframework.security.web.ObservationFilterChainDecorator$VirtualFilterChain.doFilter(ObservationFilterChainDecorator.java:137)
	at org.springframework.security.web.context.request.async.WebAsyncManagerIntegrationFilter.doFilterInternal(WebAsyncManagerIntegrationFilter.java:62)
	at org.springframework.web.filter.OncePerRequestFilter.doFilter(OncePerRequestFilter.java:116)
	at org.springframework.security.web.ObservationFilterChainDecorator$ObservationFilter.wrapFilter(ObservationFilterChainDecorator.java:240)
	at org.springframework.security.web.ObservationFilterChainDecorator$ObservationFilter.doFilter(ObservationFilterChainDecorator.java:227)
	at org.springframework.security.web.ObservationFilterChainDecorator$VirtualFilterChain.doFilter(ObservationFilterChainDecorator.java:137)
	at org.springframework.security.web.session.DisableEncodeUrlFilter.doFilterInternal(DisableEncodeUrlFilter.java:42)
	at org.springframework.web.filter.OncePerRequestFilter.doFilter(OncePerRequestFilter.java:116)
	at org.springframework.security.web.ObservationFilterChainDecorator$ObservationFilter.wrapFilter(ObservationFilterChainDecorator.java:240)
	at org.springframework.security.web.ObservationFilterChainDecorator$AroundFilterObservation$SimpleAroundFilterObservation.lambda$wrap$0(ObservationFilterChainDecorator.java:323)
	at org.springframework.security.web.ObservationFilterChainDecorator$ObservationFilter.doFilter(ObservationFilterChainDecorator.java:224)
	at org.springframework.security.web.ObservationFilterChainDecorator$VirtualFilterChain.doFilter(ObservationFilterChainDecorator.java:137)
	at org.springframework.security.web.FilterChainProxy.doFilterInternal(FilterChainProxy.java:233)
	at org.springframework.security.web.FilterChainProxy.doFilter(FilterChainProxy.java:191)
	at org.springframework.web.filter.CompositeFilter$VirtualFilterChain.doFilter(CompositeFilter.java:113)
	at org.springframework.web.servlet.handler.HandlerMappingIntrospector.lambda$createCacheFilter$3(HandlerMappingIntrospector.java:243)
	at org.springframework.web.filter.CompositeFilter$VirtualFilterChain.doFilter(CompositeFilter.java:113)
	at org.springframework.web.filter.CompositeFilter.doFilter(CompositeFilter.java:74)
	at org.springframework.security.config.annotation.web.configuration.WebMvcSecurityConfiguration$CompositeFilterChainProxy.doFilter(WebMvcSecurityConfiguration.java:238)
	at org.springframework.web.filter.DelegatingFilterProxy.invokeDelegate(DelegatingFilterProxy.java:362)
	at org.springframework.web.filter.DelegatingFilterProxy.doFilter(DelegatingFilterProxy.java:278)
	at org.apache.catalina.core.ApplicationFilterChain.internalDoFilter(ApplicationFilterChain.java:164)
	at org.apache.catalina.core.ApplicationFilterChain.doFilter(ApplicationFilterChain.java:140)
	at org.springframework.web.filter.RequestContextFilter.doFilterInternal(RequestContextFilter.java:100)
	at org.springframework.web.filter.OncePerRequestFilter.doFilter(OncePerRequestFilter.java:116)
	at org.apache.catalina.core.ApplicationFilterChain.internalDoFilter(ApplicationFilterChain.java:164)
	at org.apache.catalina.core.ApplicationFilterChain.doFilter(ApplicationFilterChain.java:140)
	at org.springframework.web.filter.FormContentFilter.doFilterInternal(FormContentFilter.java:93)
	at org.springframework.web.filter.OncePerRequestFilter.doFilter(OncePerRequestFilter.java:116)
	at org.apache.catalina.core.ApplicationFilterChain.internalDoFilter(ApplicationFilterChain.java:164)
	at org.apache.catalina.core.ApplicationFilterChain.doFilter(ApplicationFilterChain.java:140)
	at org.springframework.web.filter.ServerHttpObservationFilter.doFilterInternal(ServerHttpObservationFilter.java:114)
	at org.springframework.web.filter.OncePerRequestFilter.doFilter(OncePerRequestFilter.java:116)
	at org.apache.catalina.core.ApplicationFilterChain.internalDoFilter(ApplicationFilterChain.java:164)
	at org.apache.catalina.core.ApplicationFilterChain.doFilter(ApplicationFilterChain.java:140)
	at org.springframework.web.filter.CharacterEncodingFilter.doFilterInternal(CharacterEncodingFilter.java:201)
	at org.springframework.web.filter.OncePerRequestFilter.doFilter(OncePerRequestFilter.java:116)
	at org.apache.catalina.core.ApplicationFilterChain.internalDoFilter(ApplicationFilterChain.java:164)
	at org.apache.catalina.core.ApplicationFilterChain.doFilter(ApplicationFilterChain.java:140)
	at org.apache.catalina.core.StandardWrapperValve.invoke(StandardWrapperValve.java:167)
	at org.apache.catalina.core.StandardContextValve.invoke(StandardContextValve.java:90)
	at org.apache.catalina.authenticator.AuthenticatorBase.invoke(AuthenticatorBase.java:483)
	at org.apache.catalina.core.StandardHostValve.invoke(StandardHostValve.java:115)
	at org.apache.catalina.valves.ErrorReportValve.invoke(ErrorReportValve.java:93)
	at org.apache.catalina.core.StandardEngineValve.invoke(StandardEngineValve.java:74)
	at org.apache.catalina.connector.CoyoteAdapter.service(CoyoteAdapter.java:344)
	at org.apache.coyote.http11.Http11Processor.service(Http11Processor.java:397)
	at org.apache.coyote.AbstractProcessorLight.process(AbstractProcessorLight.java:63)
	at org.apache.coyote.AbstractProtocol$ConnectionHandler.process(AbstractProtocol.java:905)
	at org.apache.tomcat.util.net.NioEndpoint$SocketProcessor.doRun(NioEndpoint.java:1741)
	at org.apache.tomcat.util.net.SocketProcessorBase.run(SocketProcessorBase.java:52)
	at org.apache.tomcat.util.threads.ThreadPoolExecutor.runWorker(ThreadPoolExecutor.java:1190)
	at org.apache.tomcat.util.threads.ThreadPoolExecutor$Worker.run(ThreadPoolExecutor.java:659)
	at org.apache.tomcat.util.threads.TaskThread$WrappingRunnable.run(TaskThread.java:63)
	at java.base/java.lang.Thread.run(Thread.java:840)
Caused by: org.hibernate.NonUniqueResultException: Query did not return a unique result: 2 results were returned
	at org.hibernate.query.spi.AbstractSelectionQuery.uniqueElement(AbstractSelectionQuery.java:298)
	at org.hibernate.query.spi.AbstractSelectionQuery.getSingleResult(AbstractSelectionQuery.java:281)
	at org.springframework.data.jpa.repository.query.JpaQueryExecution$SingleEntityExecution.doExecute(JpaQueryExecution.java:224)
	at org.springframework.data.jpa.repository.query.JpaQueryExecution.execute(JpaQueryExecution.java:93)
	at org.springframework.data.jpa.repository.query.AbstractJpaQuery.doExecute(AbstractJpaQuery.java:152)
	at org.springframework.data.jpa.repository.query.AbstractJpaQuery.execute(AbstractJpaQuery.java:140)
	at org.springframework.data.repository.core.support.RepositoryMethodInvoker.doInvoke(RepositoryMethodInvoker.java:170)
	at org.springframework.data.repository.core.support.RepositoryMethodInvoker.invoke(RepositoryMethodInvoker.java:158)
	at org.springframework.data.repository.core.support.QueryExecutorMethodInterceptor.doInvoke(QueryExecutorMethodInterceptor.java:170)
	at org.springframework.data.repository.core.support.QueryExecutorMethodInterceptor.invoke(QueryExecutorMethodInterceptor.java:149)
	at org.springframework.aop.framework.ReflectiveMethodInvocation.proceed(ReflectiveMethodInvocation.java:184)
	at org.springframework.data.projection.DefaultMethodInvokingMethodInterceptor.invoke(DefaultMethodInvokingMethodInterceptor.java:69)
	at org.springframework.aop.framework.ReflectiveMethodInvocation.proceed(ReflectiveMethodInvocation.java:184)
	at org.springframework.transaction.interceptor.TransactionAspectSupport.invokeWithinTransaction(TransactionAspectSupport.java:380)
	at org.springframework.transaction.interceptor.TransactionInterceptor.invoke(TransactionInterceptor.java:119)
	at org.springframework.aop.framework.ReflectiveMethodInvocation.proceed(ReflectiveMethodInvocation.java:184)
	at org.springframework.dao.support.PersistenceExceptionTranslationInterceptor.invoke(PersistenceExceptionTranslationInterceptor.java:138)
	... 146 common frames omitted
2026-03-31 00:29:08.479 [http-nio-8080-exec-4] DEBUG [e3c89e71] c.s.m.d.controller.MessageController -
        Fetching messages for channel: e054663f-79db-41a6-8385-68e22f93f0dc, cursor: null, size: 50
2026-03-31 00:29:09.486 [http-nio-8080-exec-5] DEBUG [60b7a280] c.s.m.d.s.basic.BasicChannelService  -
        Finding all channels for user: 1e2f6353-d975-4eb4-9c11-d8e8674fb0a6
2026-03-31 00:29:09.500 [http-nio-8080-exec-8] DEBUG [f86b41b8] c.s.m.d.c.ReadStatusController       -
        Fetching read statuses for user: 1e2f6353-d975-4eb4-9c11-d8e8674fb0a6
2026-03-31 00:29:09.500 [http-nio-8080-exec-8] DEBUG [f86b41b8] c.s.m.d.s.b.BasicReadStatusService   -
        Fetching/Allocating read statuses for user: 1e2f6353-d975-4eb4-9c11-d8e8674fb0a6
2026-03-31 00:29:09.514 [http-nio-8080-exec-8] ERROR [f86b41b8] c.s.m.d.c.GlobalExceptionHandler     -
        Internal Server Error: 
org.springframework.dao.IncorrectResultSizeDataAccessException: Query did not return a unique result: 2 results were returned
	at org.springframework.orm.jpa.vendor.HibernateJpaDialect.convertHibernateAccessException(HibernateJpaDialect.java:301)
	at org.springframework.orm.jpa.vendor.HibernateJpaDialect.translateExceptionIfPossible(HibernateJpaDialect.java:244)
	at org.springframework.orm.jpa.AbstractEntityManagerFactoryBean.translateExceptionIfPossible(AbstractEntityManagerFactoryBean.java:560)
	at org.springframework.dao.support.ChainedPersistenceExceptionTranslator.translateExceptionIfPossible(ChainedPersistenceExceptionTranslator.java:61)
	at org.springframework.dao.support.DataAccessUtils.translateIfNecessary(DataAccessUtils.java:343)
	at org.springframework.dao.support.PersistenceExceptionTranslationInterceptor.invoke(PersistenceExceptionTranslationInterceptor.java:160)
	at org.springframework.aop.framework.ReflectiveMethodInvocation.proceed(ReflectiveMethodInvocation.java:184)
	at org.springframework.data.jpa.repository.support.CrudMethodMetadataPostProcessor$CrudMethodMetadataPopulatingMethodInterceptor.invoke(CrudMethodMetadataPostProcessor.java:136)
	at org.springframework.aop.framework.ReflectiveMethodInvocation.proceed(ReflectiveMethodInvocation.java:184)
	at org.springframework.aop.framework.JdkDynamicAopProxy.invoke(JdkDynamicAopProxy.java:223)
	at jdk.proxy2/jdk.proxy2.$Proxy185.findByUserIdAndChannelId(Unknown Source)
	at com.sprint.mission.discodeit.service.basic.BasicReadStatusService.lambda$findAllByUserId$2(BasicReadStatusService.java:48)
	at java.base/java.util.stream.ReferencePipeline$3$1.accept(ReferencePipeline.java:197)
	at java.base/java.util.ArrayList$ArrayListSpliterator.forEachRemaining(ArrayList.java:1625)
	at java.base/java.util.stream.AbstractPipeline.copyInto(AbstractPipeline.java:509)
	at java.base/java.util.stream.AbstractPipeline.wrapAndCopyInto(AbstractPipeline.java:499)
	at java.base/java.util.stream.AbstractPipeline.evaluate(AbstractPipeline.java:575)
	at java.base/java.util.stream.AbstractPipeline.evaluateToArrayNode(AbstractPipeline.java:260)
	at java.base/java.util.stream.ReferencePipeline.toArray(ReferencePipeline.java:616)
	at java.base/java.util.stream.ReferencePipeline.toArray(ReferencePipeline.java:622)
	at java.base/java.util.stream.ReferencePipeline.toList(ReferencePipeline.java:627)
	at com.sprint.mission.discodeit.service.basic.BasicReadStatusService.findAllByUserId(BasicReadStatusService.java:60)
	at jdk.internal.reflect.GeneratedMethodAccessor88.invoke(Unknown Source)
	at java.base/jdk.internal.reflect.DelegatingMethodAccessorImpl.invoke(DelegatingMethodAccessorImpl.java:43)
	at java.base/java.lang.reflect.Method.invoke(Method.java:569)
	at org.springframework.aop.support.AopUtils.invokeJoinpointUsingReflection(AopUtils.java:359)
	at org.springframework.aop.framework.ReflectiveMethodInvocation.invokeJoinpoint(ReflectiveMethodInvocation.java:196)
	at org.springframework.aop.framework.ReflectiveMethodInvocation.proceed(ReflectiveMethodInvocation.java:163)
	at org.springframework.transaction.interceptor.TransactionAspectSupport.invokeWithinTransaction(TransactionAspectSupport.java:380)
	at org.springframework.transaction.interceptor.TransactionInterceptor.invoke(TransactionInterceptor.java:119)
	at org.springframework.aop.framework.ReflectiveMethodInvocation.proceed(ReflectiveMethodInvocation.java:184)
	at org.springframework.aop.framework.CglibAopProxy$DynamicAdvisedInterceptor.intercept(CglibAopProxy.java:727)
	at com.sprint.mission.discodeit.service.basic.BasicReadStatusService$$SpringCGLIB$$0.findAllByUserId(<generated>)
	at com.sprint.mission.discodeit.controller.ReadStatusController.findAllByUserId(ReadStatusController.java:28)
	at jdk.internal.reflect.GeneratedMethodAccessor87.invoke(Unknown Source)
	at java.base/jdk.internal.reflect.DelegatingMethodAccessorImpl.invoke(DelegatingMethodAccessorImpl.java:43)
	at java.base/java.lang.reflect.Method.invoke(Method.java:569)
	at org.springframework.web.method.support.InvocableHandlerMethod.doInvoke(InvocableHandlerMethod.java:255)
	at org.springframework.web.method.support.InvocableHandlerMethod.invokeForRequest(InvocableHandlerMethod.java:188)
	at org.springframework.web.servlet.mvc.method.annotation.ServletInvocableHandlerMethod.invokeAndHandle(ServletInvocableHandlerMethod.java:118)
	at org.springframework.web.servlet.mvc.method.annotation.RequestMappingHandlerAdapter.invokeHandlerMethod(RequestMappingHandlerAdapter.java:986)
	at org.springframework.web.servlet.mvc.method.annotation.RequestMappingHandlerAdapter.handleInternal(RequestMappingHandlerAdapter.java:891)
	at org.springframework.web.servlet.mvc.method.AbstractHandlerMethodAdapter.handle(AbstractHandlerMethodAdapter.java:87)
	at org.springframework.web.servlet.DispatcherServlet.doDispatch(DispatcherServlet.java:1088)
	at org.springframework.web.servlet.DispatcherServlet.doService(DispatcherServlet.java:978)
	at org.springframework.web.servlet.FrameworkServlet.processRequest(FrameworkServlet.java:1014)
	at org.springframework.web.servlet.FrameworkServlet.doGet(FrameworkServlet.java:903)
	at jakarta.servlet.http.HttpServlet.service(HttpServlet.java:564)
	at org.springframework.web.servlet.FrameworkServlet.service(FrameworkServlet.java:885)
	at jakarta.servlet.http.HttpServlet.service(HttpServlet.java:658)
	at org.apache.catalina.core.ApplicationFilterChain.internalDoFilter(ApplicationFilterChain.java:195)
	at org.apache.catalina.core.ApplicationFilterChain.doFilter(ApplicationFilterChain.java:140)
	at org.apache.tomcat.websocket.server.WsFilter.doFilter(WsFilter.java:51)
	at org.apache.catalina.core.ApplicationFilterChain.internalDoFilter(ApplicationFilterChain.java:164)
	at org.apache.catalina.core.ApplicationFilterChain.doFilter(ApplicationFilterChain.java:140)
	at org.springframework.web.filter.CompositeFilter$VirtualFilterChain.doFilter(CompositeFilter.java:108)
	at org.springframework.security.web.FilterChainProxy.lambda$doFilterInternal$3(FilterChainProxy.java:231)
	at org.springframework.security.web.ObservationFilterChainDecorator$FilterObservation$SimpleFilterObservation.lambda$wrap$1(ObservationFilterChainDecorator.java:479)
	at org.springframework.security.web.ObservationFilterChainDecorator$AroundFilterObservation$SimpleAroundFilterObservation.lambda$wrap$1(ObservationFilterChainDecorator.java:340)
	at org.springframework.security.web.ObservationFilterChainDecorator.lambda$wrapSecured$0(ObservationFilterChainDecorator.java:82)
	at org.springframework.security.web.ObservationFilterChainDecorator$VirtualFilterChain.doFilter(ObservationFilterChainDecorator.java:128)
	at org.springframework.security.web.access.intercept.AuthorizationFilter.doFilter(AuthorizationFilter.java:101)
	at org.springframework.security.web.ObservationFilterChainDecorator$ObservationFilter.wrapFilter(ObservationFilterChainDecorator.java:240)
	at org.springframework.security.web.ObservationFilterChainDecorator$ObservationFilter.doFilter(ObservationFilterChainDecorator.java:227)
	at org.springframework.security.web.ObservationFilterChainDecorator$VirtualFilterChain.doFilter(ObservationFilterChainDecorator.java:137)
	at org.springframework.security.web.access.ExceptionTranslationFilter.doFilter(ExceptionTranslationFilter.java:126)
	at org.springframework.security.web.access.ExceptionTranslationFilter.doFilter(ExceptionTranslationFilter.java:120)
	at org.springframework.security.web.ObservationFilterChainDecorator$ObservationFilter.wrapFilter(ObservationFilterChainDecorator.java:240)
	at org.springframework.security.web.ObservationFilterChainDecorator$ObservationFilter.doFilter(ObservationFilterChainDecorator.java:227)
	at org.springframework.security.web.ObservationFilterChainDecorator$VirtualFilterChain.doFilter(ObservationFilterChainDecorator.java:137)
	at org.springframework.security.web.authentication.AnonymousAuthenticationFilter.doFilter(AnonymousAuthenticationFilter.java:100)
	at org.springframework.security.web.ObservationFilterChainDecorator$ObservationFilter.wrapFilter(ObservationFilterChainDecorator.java:240)
	at org.springframework.security.web.ObservationFilterChainDecorator$ObservationFilter.doFilter(ObservationFilterChainDecorator.java:227)
	at org.springframework.security.web.ObservationFilterChainDecorator$VirtualFilterChain.doFilter(ObservationFilterChainDecorator.java:137)
	at org.springframework.security.web.servletapi.SecurityContextHolderAwareRequestFilter.doFilter(SecurityContextHolderAwareRequestFilter.java:179)
	at org.springframework.security.web.ObservationFilterChainDecorator$ObservationFilter.wrapFilter(ObservationFilterChainDecorator.java:240)
	at org.springframework.security.web.ObservationFilterChainDecorator$ObservationFilter.doFilter(ObservationFilterChainDecorator.java:227)
	at org.springframework.security.web.ObservationFilterChainDecorator$VirtualFilterChain.doFilter(ObservationFilterChainDecorator.java:137)
	at org.springframework.security.web.savedrequest.RequestCacheAwareFilter.doFilter(RequestCacheAwareFilter.java:63)
	at org.springframework.security.web.ObservationFilterChainDecorator$ObservationFilter.wrapFilter(ObservationFilterChainDecorator.java:240)
	at org.springframework.security.web.ObservationFilterChainDecorator$ObservationFilter.doFilter(ObservationFilterChainDecorator.java:227)
	at org.springframework.security.web.ObservationFilterChainDecorator$VirtualFilterChain.doFilter(ObservationFilterChainDecorator.java:137)
	at org.springframework.security.web.authentication.logout.LogoutFilter.doFilter(LogoutFilter.java:107)
	at org.springframework.security.web.authentication.logout.LogoutFilter.doFilter(LogoutFilter.java:93)
	at org.springframework.security.web.ObservationFilterChainDecorator$ObservationFilter.wrapFilter(ObservationFilterChainDecorator.java:240)
	at org.springframework.security.web.ObservationFilterChainDecorator$ObservationFilter.doFilter(ObservationFilterChainDecorator.java:227)
	at org.springframework.security.web.ObservationFilterChainDecorator$VirtualFilterChain.doFilter(ObservationFilterChainDecorator.java:137)
	at org.springframework.security.web.header.HeaderWriterFilter.doHeadersAfter(HeaderWriterFilter.java:90)
	at org.springframework.security.web.header.HeaderWriterFilter.doFilterInternal(HeaderWriterFilter.java:75)
	at org.springframework.web.filter.OncePerRequestFilter.doFilter(OncePerRequestFilter.java:116)
	at org.springframework.security.web.ObservationFilterChainDecorator$ObservationFilter.wrapFilter(ObservationFilterChainDecorator.java:240)
	at org.springframework.security.web.ObservationFilterChainDecorator$ObservationFilter.doFilter(ObservationFilterChainDecorator.java:227)
	at org.springframework.security.web.ObservationFilterChainDecorator$VirtualFilterChain.doFilter(ObservationFilterChainDecorator.java:137)
	at org.springframework.security.web.context.SecurityContextHolderFilter.doFilter(SecurityContextHolderFilter.java:82)
	at org.springframework.security.web.context.SecurityContextHolderFilter.doFilter(SecurityContextHolderFilter.java:69)
	at org.springframework.security.web.ObservationFilterChainDecorator$ObservationFilter.wrapFilter(ObservationFilterChainDecorator.java:240)
	at org.springframework.security.web.ObservationFilterChainDecorator$ObservationFilter.doFilter(ObservationFilterChainDecorator.java:227)
	at org.springframework.security.web.ObservationFilterChainDecorator$VirtualFilterChain.doFilter(ObservationFilterChainDecorator.java:137)
	at org.springframework.security.web.context.request.async.WebAsyncManagerIntegrationFilter.doFilterInternal(WebAsyncManagerIntegrationFilter.java:62)
	at org.springframework.web.filter.OncePerRequestFilter.doFilter(OncePerRequestFilter.java:116)
	at org.springframework.security.web.ObservationFilterChainDecorator$ObservationFilter.wrapFilter(ObservationFilterChainDecorator.java:240)
	at org.springframework.security.web.ObservationFilterChainDecorator$ObservationFilter.doFilter(ObservationFilterChainDecorator.java:227)
	at org.springframework.security.web.ObservationFilterChainDecorator$VirtualFilterChain.doFilter(ObservationFilterChainDecorator.java:137)
	at org.springframework.security.web.session.DisableEncodeUrlFilter.doFilterInternal(DisableEncodeUrlFilter.java:42)
	at org.springframework.web.filter.OncePerRequestFilter.doFilter(OncePerRequestFilter.java:116)
	at org.springframework.security.web.ObservationFilterChainDecorator$ObservationFilter.wrapFilter(ObservationFilterChainDecorator.java:240)
	at org.springframework.security.web.ObservationFilterChainDecorator$AroundFilterObservation$SimpleAroundFilterObservation.lambda$wrap$0(ObservationFilterChainDecorator.java:323)
	at org.springframework.security.web.ObservationFilterChainDecorator$ObservationFilter.doFilter(ObservationFilterChainDecorator.java:224)
	at org.springframework.security.web.ObservationFilterChainDecorator$VirtualFilterChain.doFilter(ObservationFilterChainDecorator.java:137)
	at org.springframework.security.web.FilterChainProxy.doFilterInternal(FilterChainProxy.java:233)
	at org.springframework.security.web.FilterChainProxy.doFilter(FilterChainProxy.java:191)
	at org.springframework.web.filter.CompositeFilter$VirtualFilterChain.doFilter(CompositeFilter.java:113)
	at org.springframework.web.servlet.handler.HandlerMappingIntrospector.lambda$createCacheFilter$3(HandlerMappingIntrospector.java:243)
	at org.springframework.web.filter.CompositeFilter$VirtualFilterChain.doFilter(CompositeFilter.java:113)
	at org.springframework.web.filter.CompositeFilter.doFilter(CompositeFilter.java:74)
	at org.springframework.security.config.annotation.web.configuration.WebMvcSecurityConfiguration$CompositeFilterChainProxy.doFilter(WebMvcSecurityConfiguration.java:238)
	at org.springframework.web.filter.DelegatingFilterProxy.invokeDelegate(DelegatingFilterProxy.java:362)
	at org.springframework.web.filter.DelegatingFilterProxy.doFilter(DelegatingFilterProxy.java:278)
	at org.apache.catalina.core.ApplicationFilterChain.internalDoFilter(ApplicationFilterChain.java:164)
	at org.apache.catalina.core.ApplicationFilterChain.doFilter(ApplicationFilterChain.java:140)
	at org.springframework.web.filter.RequestContextFilter.doFilterInternal(RequestContextFilter.java:100)
	at org.springframework.web.filter.OncePerRequestFilter.doFilter(OncePerRequestFilter.java:116)
	at org.apache.catalina.core.ApplicationFilterChain.internalDoFilter(ApplicationFilterChain.java:164)
	at org.apache.catalina.core.ApplicationFilterChain.doFilter(ApplicationFilterChain.java:140)
	at org.springframework.web.filter.FormContentFilter.doFilterInternal(FormContentFilter.java:93)
	at org.springframework.web.filter.OncePerRequestFilter.doFilter(OncePerRequestFilter.java:116)
	at org.apache.catalina.core.ApplicationFilterChain.internalDoFilter(ApplicationFilterChain.java:164)
	at org.apache.catalina.core.ApplicationFilterChain.doFilter(ApplicationFilterChain.java:140)
	at org.springframework.web.filter.ServerHttpObservationFilter.doFilterInternal(ServerHttpObservationFilter.java:114)
	at org.springframework.web.filter.OncePerRequestFilter.doFilter(OncePerRequestFilter.java:116)
	at org.apache.catalina.core.ApplicationFilterChain.internalDoFilter(ApplicationFilterChain.java:164)
	at org.apache.catalina.core.ApplicationFilterChain.doFilter(ApplicationFilterChain.java:140)
	at org.springframework.web.filter.CharacterEncodingFilter.doFilterInternal(CharacterEncodingFilter.java:201)
	at org.springframework.web.filter.OncePerRequestFilter.doFilter(OncePerRequestFilter.java:116)
	at org.apache.catalina.core.ApplicationFilterChain.internalDoFilter(ApplicationFilterChain.java:164)
	at org.apache.catalina.core.ApplicationFilterChain.doFilter(ApplicationFilterChain.java:140)
	at org.apache.catalina.core.StandardWrapperValve.invoke(StandardWrapperValve.java:167)
	at org.apache.catalina.core.StandardContextValve.invoke(StandardContextValve.java:90)
	at org.apache.catalina.authenticator.AuthenticatorBase.invoke(AuthenticatorBase.java:483)
	at org.apache.catalina.core.StandardHostValve.invoke(StandardHostValve.java:115)
	at org.apache.catalina.valves.ErrorReportValve.invoke(ErrorReportValve.java:93)
	at org.apache.catalina.core.StandardEngineValve.invoke(StandardEngineValve.java:74)
	at org.apache.catalina.connector.CoyoteAdapter.service(CoyoteAdapter.java:344)
	at org.apache.coyote.http11.Http11Processor.service(Http11Processor.java:397)
	at org.apache.coyote.AbstractProcessorLight.process(AbstractProcessorLight.java:63)
	at org.apache.coyote.AbstractProtocol$ConnectionHandler.process(AbstractProtocol.java:905)
	at org.apache.tomcat.util.net.NioEndpoint$SocketProcessor.doRun(NioEndpoint.java:1741)
	at org.apache.tomcat.util.net.SocketProcessorBase.run(SocketProcessorBase.java:52)
	at org.apache.tomcat.util.threads.ThreadPoolExecutor.runWorker(ThreadPoolExecutor.java:1190)
	at org.apache.tomcat.util.threads.ThreadPoolExecutor$Worker.run(ThreadPoolExecutor.java:659)
	at org.apache.tomcat.util.threads.TaskThread$WrappingRunnable.run(TaskThread.java:63)
	at java.base/java.lang.Thread.run(Thread.java:840)
Caused by: org.hibernate.NonUniqueResultException: Query did not return a unique result: 2 results were returned
	at org.hibernate.query.spi.AbstractSelectionQuery.uniqueElement(AbstractSelectionQuery.java:298)
	at org.hibernate.query.spi.AbstractSelectionQuery.getSingleResult(AbstractSelectionQuery.java:281)
	at org.springframework.data.jpa.repository.query.JpaQueryExecution$SingleEntityExecution.doExecute(JpaQueryExecution.java:224)
	at org.springframework.data.jpa.repository.query.JpaQueryExecution.execute(JpaQueryExecution.java:93)
	at org.springframework.data.jpa.repository.query.AbstractJpaQuery.doExecute(AbstractJpaQuery.java:152)
	at org.springframework.data.jpa.repository.query.AbstractJpaQuery.execute(AbstractJpaQuery.java:140)
	at org.springframework.data.repository.core.support.RepositoryMethodInvoker.doInvoke(RepositoryMethodInvoker.java:170)
	at org.springframework.data.repository.core.support.RepositoryMethodInvoker.invoke(RepositoryMethodInvoker.java:158)
	at org.springframework.data.repository.core.support.QueryExecutorMethodInterceptor.doInvoke(QueryExecutorMethodInterceptor.java:170)
	at org.springframework.data.repository.core.support.QueryExecutorMethodInterceptor.invoke(QueryExecutorMethodInterceptor.java:149)
	at org.springframework.aop.framework.ReflectiveMethodInvocation.proceed(ReflectiveMethodInvocation.java:184)
	at org.springframework.data.projection.DefaultMethodInvokingMethodInterceptor.invoke(DefaultMethodInvokingMethodInterceptor.java:69)
	at org.springframework.aop.framework.ReflectiveMethodInvocation.proceed(ReflectiveMethodInvocation.java:184)
	at org.springframework.transaction.interceptor.TransactionAspectSupport.invokeWithinTransaction(TransactionAspectSupport.java:380)
	at org.springframework.transaction.interceptor.TransactionInterceptor.invoke(TransactionInterceptor.java:119)
	at org.springframework.aop.framework.ReflectiveMethodInvocation.proceed(ReflectiveMethodInvocation.java:184)
	at org.springframework.dao.support.PersistenceExceptionTranslationInterceptor.invoke(PersistenceExceptionTranslationInterceptor.java:138)
	... 146 common frames omitted
2026-03-31 00:29:12.496 [http-nio-8080-exec-9] DEBUG [3b1301e4] c.s.m.d.controller.MessageController -
        Fetching messages for channel: e054663f-79db-41a6-8385-68e22f93f0dc, cursor: null, size: 50
2026-03-31 00:29:12.496 [http-nio-8080-exec-7] DEBUG [9ea0364c] c.s.m.d.s.basic.BasicChannelService  -
        Finding all channels for user: 1e2f6353-d975-4eb4-9c11-d8e8674fb0a6
2026-03-31 00:29:12.510 [http-nio-8080-exec-10] DEBUG [5c2feb5f] c.s.m.d.c.ReadStatusController       -
        Fetching read statuses for user: 1e2f6353-d975-4eb4-9c11-d8e8674fb0a6
2026-03-31 00:29:12.513 [http-nio-8080-exec-10] DEBUG [5c2feb5f] c.s.m.d.s.b.BasicReadStatusService   -
        Fetching/Allocating read statuses for user: 1e2f6353-d975-4eb4-9c11-d8e8674fb0a6
2026-03-31 00:29:12.523 [http-nio-8080-exec-10] ERROR [5c2feb5f] c.s.m.d.c.GlobalExceptionHandler     -
        Internal Server Error: 
org.springframework.dao.IncorrectResultSizeDataAccessException: Query did not return a unique result: 2 results were returned
	at org.springframework.orm.jpa.vendor.HibernateJpaDialect.convertHibernateAccessException(HibernateJpaDialect.java:301)
	at org.springframework.orm.jpa.vendor.HibernateJpaDialect.translateExceptionIfPossible(HibernateJpaDialect.java:244)
	at org.springframework.orm.jpa.AbstractEntityManagerFactoryBean.translateExceptionIfPossible(AbstractEntityManagerFactoryBean.java:560)
	at org.springframework.dao.support.ChainedPersistenceExceptionTranslator.translateExceptionIfPossible(ChainedPersistenceExceptionTranslator.java:61)
	at org.springframework.dao.support.DataAccessUtils.translateIfNecessary(DataAccessUtils.java:343)
	at org.springframework.dao.support.PersistenceExceptionTranslationInterceptor.invoke(PersistenceExceptionTranslationInterceptor.java:160)
	at org.springframework.aop.framework.ReflectiveMethodInvocation.proceed(ReflectiveMethodInvocation.java:184)
	at org.springframework.data.jpa.repository.support.CrudMethodMetadataPostProcessor$CrudMethodMetadataPopulatingMethodInterceptor.invoke(CrudMethodMetadataPostProcessor.java:136)
	at org.springframework.aop.framework.ReflectiveMethodInvocation.proceed(ReflectiveMethodInvocation.java:184)
	at org.springframework.aop.framework.JdkDynamicAopProxy.invoke(JdkDynamicAopProxy.java:223)
	at jdk.proxy2/jdk.proxy2.$Proxy185.findByUserIdAndChannelId(Unknown Source)
	at com.sprint.mission.discodeit.service.basic.BasicReadStatusService.lambda$findAllByUserId$2(BasicReadStatusService.java:48)
	at java.base/java.util.stream.ReferencePipeline$3$1.accept(ReferencePipeline.java:197)
	at java.base/java.util.ArrayList$ArrayListSpliterator.forEachRemaining(ArrayList.java:1625)
	at java.base/java.util.stream.AbstractPipeline.copyInto(AbstractPipeline.java:509)
	at java.base/java.util.stream.AbstractPipeline.wrapAndCopyInto(AbstractPipeline.java:499)
	at java.base/java.util.stream.AbstractPipeline.evaluate(AbstractPipeline.java:575)
	at java.base/java.util.stream.AbstractPipeline.evaluateToArrayNode(AbstractPipeline.java:260)
	at java.base/java.util.stream.ReferencePipeline.toArray(ReferencePipeline.java:616)
	at java.base/java.util.stream.ReferencePipeline.toArray(ReferencePipeline.java:622)
	at java.base/java.util.stream.ReferencePipeline.toList(ReferencePipeline.java:627)
	at com.sprint.mission.discodeit.service.basic.BasicReadStatusService.findAllByUserId(BasicReadStatusService.java:60)
	at jdk.internal.reflect.GeneratedMethodAccessor88.invoke(Unknown Source)
	at java.base/jdk.internal.reflect.DelegatingMethodAccessorImpl.invoke(DelegatingMethodAccessorImpl.java:43)
	at java.base/java.lang.reflect.Method.invoke(Method.java:569)
	at org.springframework.aop.support.AopUtils.invokeJoinpointUsingReflection(AopUtils.java:359)
	at org.springframework.aop.framework.ReflectiveMethodInvocation.invokeJoinpoint(ReflectiveMethodInvocation.java:196)
	at org.springframework.aop.framework.ReflectiveMethodInvocation.proceed(ReflectiveMethodInvocation.java:163)
	at org.springframework.transaction.interceptor.TransactionAspectSupport.invokeWithinTransaction(TransactionAspectSupport.java:380)
	at org.springframework.transaction.interceptor.TransactionInterceptor.invoke(TransactionInterceptor.java:119)
	at org.springframework.aop.framework.ReflectiveMethodInvocation.proceed(ReflectiveMethodInvocation.java:184)
	at org.springframework.aop.framework.CglibAopProxy$DynamicAdvisedInterceptor.intercept(CglibAopProxy.java:727)
	at com.sprint.mission.discodeit.service.basic.BasicReadStatusService$$SpringCGLIB$$0.findAllByUserId(<generated>)
	at com.sprint.mission.discodeit.controller.ReadStatusController.findAllByUserId(ReadStatusController.java:28)
	at jdk.internal.reflect.GeneratedMethodAccessor87.invoke(Unknown Source)
	at java.base/jdk.internal.reflect.DelegatingMethodAccessorImpl.invoke(DelegatingMethodAccessorImpl.java:43)
	at java.base/java.lang.reflect.Method.invoke(Method.java:569)
	at org.springframework.web.method.support.InvocableHandlerMethod.doInvoke(InvocableHandlerMethod.java:255)
	at org.springframework.web.method.support.InvocableHandlerMethod.invokeForRequest(InvocableHandlerMethod.java:188)
	at org.springframework.web.servlet.mvc.method.annotation.ServletInvocableHandlerMethod.invokeAndHandle(ServletInvocableHandlerMethod.java:118)
	at org.springframework.web.servlet.mvc.method.annotation.RequestMappingHandlerAdapter.invokeHandlerMethod(RequestMappingHandlerAdapter.java:986)
	at org.springframework.web.servlet.mvc.method.annotation.RequestMappingHandlerAdapter.handleInternal(RequestMappingHandlerAdapter.java:891)
	at org.springframework.web.servlet.mvc.method.AbstractHandlerMethodAdapter.handle(AbstractHandlerMethodAdapter.java:87)
	at org.springframework.web.servlet.DispatcherServlet.doDispatch(DispatcherServlet.java:1088)
	at org.springframework.web.servlet.DispatcherServlet.doService(DispatcherServlet.java:978)
	at org.springframework.web.servlet.FrameworkServlet.processRequest(FrameworkServlet.java:1014)
	at org.springframework.web.servlet.FrameworkServlet.doGet(FrameworkServlet.java:903)
	at jakarta.servlet.http.HttpServlet.service(HttpServlet.java:564)
	at org.springframework.web.servlet.FrameworkServlet.service(FrameworkServlet.java:885)
	at jakarta.servlet.http.HttpServlet.service(HttpServlet.java:658)
	at org.apache.catalina.core.ApplicationFilterChain.internalDoFilter(ApplicationFilterChain.java:195)
	at org.apache.catalina.core.ApplicationFilterChain.doFilter(ApplicationFilterChain.java:140)
	at org.apache.tomcat.websocket.server.WsFilter.doFilter(WsFilter.java:51)
	at org.apache.catalina.core.ApplicationFilterChain.internalDoFilter(ApplicationFilterChain.java:164)
	at org.apache.catalina.core.ApplicationFilterChain.doFilter(ApplicationFilterChain.java:140)
	at org.springframework.web.filter.CompositeFilter$VirtualFilterChain.doFilter(CompositeFilter.java:108)
	at org.springframework.security.web.FilterChainProxy.lambda$doFilterInternal$3(FilterChainProxy.java:231)
	at org.springframework.security.web.ObservationFilterChainDecorator$FilterObservation$SimpleFilterObservation.lambda$wrap$1(ObservationFilterChainDecorator.java:479)
	at org.springframework.security.web.ObservationFilterChainDecorator$AroundFilterObservation$SimpleAroundFilterObservation.lambda$wrap$1(ObservationFilterChainDecorator.java:340)
	at org.springframework.security.web.ObservationFilterChainDecorator.lambda$wrapSecured$0(ObservationFilterChainDecorator.java:82)
	at org.springframework.security.web.ObservationFilterChainDecorator$VirtualFilterChain.doFilter(ObservationFilterChainDecorator.java:128)
	at org.springframework.security.web.access.intercept.AuthorizationFilter.doFilter(AuthorizationFilter.java:101)
	at org.springframework.security.web.ObservationFilterChainDecorator$ObservationFilter.wrapFilter(ObservationFilterChainDecorator.java:240)
	at org.springframework.security.web.ObservationFilterChainDecorator$ObservationFilter.doFilter(ObservationFilterChainDecorator.java:227)
	at org.springframework.security.web.ObservationFilterChainDecorator$VirtualFilterChain.doFilter(ObservationFilterChainDecorator.java:137)
	at org.springframework.security.web.access.ExceptionTranslationFilter.doFilter(ExceptionTranslationFilter.java:126)
	at org.springframework.security.web.access.ExceptionTranslationFilter.doFilter(ExceptionTranslationFilter.java:120)
	at org.springframework.security.web.ObservationFilterChainDecorator$ObservationFilter.wrapFilter(ObservationFilterChainDecorator.java:240)
	at org.springframework.security.web.ObservationFilterChainDecorator$ObservationFilter.doFilter(ObservationFilterChainDecorator.java:227)
	at org.springframework.security.web.ObservationFilterChainDecorator$VirtualFilterChain.doFilter(ObservationFilterChainDecorator.java:137)
	at org.springframework.security.web.authentication.AnonymousAuthenticationFilter.doFilter(AnonymousAuthenticationFilter.java:100)
	at org.springframework.security.web.ObservationFilterChainDecorator$ObservationFilter.wrapFilter(ObservationFilterChainDecorator.java:240)
	at org.springframework.security.web.ObservationFilterChainDecorator$ObservationFilter.doFilter(ObservationFilterChainDecorator.java:227)
	at org.springframework.security.web.ObservationFilterChainDecorator$VirtualFilterChain.doFilter(ObservationFilterChainDecorator.java:137)
	at org.springframework.security.web.servletapi.SecurityContextHolderAwareRequestFilter.doFilter(SecurityContextHolderAwareRequestFilter.java:179)
	at org.springframework.security.web.ObservationFilterChainDecorator$ObservationFilter.wrapFilter(ObservationFilterChainDecorator.java:240)
	at org.springframework.security.web.ObservationFilterChainDecorator$ObservationFilter.doFilter(ObservationFilterChainDecorator.java:227)
	at org.springframework.security.web.ObservationFilterChainDecorator$VirtualFilterChain.doFilter(ObservationFilterChainDecorator.java:137)
	at org.springframework.security.web.savedrequest.RequestCacheAwareFilter.doFilter(RequestCacheAwareFilter.java:63)
	at org.springframework.security.web.ObservationFilterChainDecorator$ObservationFilter.wrapFilter(ObservationFilterChainDecorator.java:240)
	at org.springframework.security.web.ObservationFilterChainDecorator$ObservationFilter.doFilter(ObservationFilterChainDecorator.java:227)
	at org.springframework.security.web.ObservationFilterChainDecorator$VirtualFilterChain.doFilter(ObservationFilterChainDecorator.java:137)
	at org.springframework.security.web.authentication.logout.LogoutFilter.doFilter(LogoutFilter.java:107)
	at org.springframework.security.web.authentication.logout.LogoutFilter.doFilter(LogoutFilter.java:93)
	at org.springframework.security.web.ObservationFilterChainDecorator$ObservationFilter.wrapFilter(ObservationFilterChainDecorator.java:240)
	at org.springframework.security.web.ObservationFilterChainDecorator$ObservationFilter.doFilter(ObservationFilterChainDecorator.java:227)
	at org.springframework.security.web.ObservationFilterChainDecorator$VirtualFilterChain.doFilter(ObservationFilterChainDecorator.java:137)
	at org.springframework.security.web.header.HeaderWriterFilter.doHeadersAfter(HeaderWriterFilter.java:90)
	at org.springframework.security.web.header.HeaderWriterFilter.doFilterInternal(HeaderWriterFilter.java:75)
	at org.springframework.web.filter.OncePerRequestFilter.doFilter(OncePerRequestFilter.java:116)
	at org.springframework.security.web.ObservationFilterChainDecorator$ObservationFilter.wrapFilter(ObservationFilterChainDecorator.java:240)
	at org.springframework.security.web.ObservationFilterChainDecorator$ObservationFilter.doFilter(ObservationFilterChainDecorator.java:227)
	at org.springframework.security.web.ObservationFilterChainDecorator$VirtualFilterChain.doFilter(ObservationFilterChainDecorator.java:137)
	at org.springframework.security.web.context.SecurityContextHolderFilter.doFilter(SecurityContextHolderFilter.java:82)
	at org.springframework.security.web.context.SecurityContextHolderFilter.doFilter(SecurityContextHolderFilter.java:69)
	at org.springframework.security.web.ObservationFilterChainDecorator$ObservationFilter.wrapFilter(ObservationFilterChainDecorator.java:240)
	at org.springframework.security.web.ObservationFilterChainDecorator$ObservationFilter.doFilter(ObservationFilterChainDecorator.java:227)
	at org.springframework.security.web.ObservationFilterChainDecorator$VirtualFilterChain.doFilter(ObservationFilterChainDecorator.java:137)
	at org.springframework.security.web.context.request.async.WebAsyncManagerIntegrationFilter.doFilterInternal(WebAsyncManagerIntegrationFilter.java:62)
	at org.springframework.web.filter.OncePerRequestFilter.doFilter(OncePerRequestFilter.java:116)
	at org.springframework.security.web.ObservationFilterChainDecorator$ObservationFilter.wrapFilter(ObservationFilterChainDecorator.java:240)
	at org.springframework.security.web.ObservationFilterChainDecorator$ObservationFilter.doFilter(ObservationFilterChainDecorator.java:227)
	at org.springframework.security.web.ObservationFilterChainDecorator$VirtualFilterChain.doFilter(ObservationFilterChainDecorator.java:137)
	at org.springframework.security.web.session.DisableEncodeUrlFilter.doFilterInternal(DisableEncodeUrlFilter.java:42)
	at org.springframework.web.filter.OncePerRequestFilter.doFilter(OncePerRequestFilter.java:116)
	at org.springframework.security.web.ObservationFilterChainDecorator$ObservationFilter.wrapFilter(ObservationFilterChainDecorator.java:240)
	at org.springframework.security.web.ObservationFilterChainDecorator$AroundFilterObservation$SimpleAroundFilterObservation.lambda$wrap$0(ObservationFilterChainDecorator.java:323)
	at org.springframework.security.web.ObservationFilterChainDecorator$ObservationFilter.doFilter(ObservationFilterChainDecorator.java:224)
	at org.springframework.security.web.ObservationFilterChainDecorator$VirtualFilterChain.doFilter(ObservationFilterChainDecorator.java:137)
	at org.springframework.security.web.FilterChainProxy.doFilterInternal(FilterChainProxy.java:233)
	at org.springframework.security.web.FilterChainProxy.doFilter(FilterChainProxy.java:191)
	at org.springframework.web.filter.CompositeFilter$VirtualFilterChain.doFilter(CompositeFilter.java:113)
	at org.springframework.web.servlet.handler.HandlerMappingIntrospector.lambda$createCacheFilter$3(HandlerMappingIntrospector.java:243)
	at org.springframework.web.filter.CompositeFilter$VirtualFilterChain.doFilter(CompositeFilter.java:113)
	at org.springframework.web.filter.CompositeFilter.doFilter(CompositeFilter.java:74)
	at org.springframework.security.config.annotation.web.configuration.WebMvcSecurityConfiguration$CompositeFilterChainProxy.doFilter(WebMvcSecurityConfiguration.java:238)
	at org.springframework.web.filter.DelegatingFilterProxy.invokeDelegate(DelegatingFilterProxy.java:362)
	at org.springframework.web.filter.DelegatingFilterProxy.doFilter(DelegatingFilterProxy.java:278)
	at org.apache.catalina.core.ApplicationFilterChain.internalDoFilter(ApplicationFilterChain.java:164)
	at org.apache.catalina.core.ApplicationFilterChain.doFilter(ApplicationFilterChain.java:140)
	at org.springframework.web.filter.RequestContextFilter.doFilterInternal(RequestContextFilter.java:100)
	at org.springframework.web.filter.OncePerRequestFilter.doFilter(OncePerRequestFilter.java:116)
	at org.apache.catalina.core.ApplicationFilterChain.internalDoFilter(ApplicationFilterChain.java:164)
	at org.apache.catalina.core.ApplicationFilterChain.doFilter(ApplicationFilterChain.java:140)
	at org.springframework.web.filter.FormContentFilter.doFilterInternal(FormContentFilter.java:93)
	at org.springframework.web.filter.OncePerRequestFilter.doFilter(OncePerRequestFilter.java:116)
	at org.apache.catalina.core.ApplicationFilterChain.internalDoFilter(ApplicationFilterChain.java:164)
	at org.apache.catalina.core.ApplicationFilterChain.doFilter(ApplicationFilterChain.java:140)
	at org.springframework.web.filter.ServerHttpObservationFilter.doFilterInternal(ServerHttpObservationFilter.java:114)
	at org.springframework.web.filter.OncePerRequestFilter.doFilter(OncePerRequestFilter.java:116)
	at org.apache.catalina.core.ApplicationFilterChain.internalDoFilter(ApplicationFilterChain.java:164)
	at org.apache.catalina.core.ApplicationFilterChain.doFilter(ApplicationFilterChain.java:140)
	at org.springframework.web.filter.CharacterEncodingFilter.doFilterInternal(CharacterEncodingFilter.java:201)
	at org.springframework.web.filter.OncePerRequestFilter.doFilter(OncePerRequestFilter.java:116)
	at org.apache.catalina.core.ApplicationFilterChain.internalDoFilter(ApplicationFilterChain.java:164)
	at org.apache.catalina.core.ApplicationFilterChain.doFilter(ApplicationFilterChain.java:140)
	at org.apache.catalina.core.StandardWrapperValve.invoke(StandardWrapperValve.java:167)
	at org.apache.catalina.core.StandardContextValve.invoke(StandardContextValve.java:90)
	at org.apache.catalina.authenticator.AuthenticatorBase.invoke(AuthenticatorBase.java:483)
	at org.apache.catalina.core.StandardHostValve.invoke(StandardHostValve.java:115)
	at org.apache.catalina.valves.ErrorReportValve.invoke(ErrorReportValve.java:93)
	at org.apache.catalina.core.StandardEngineValve.invoke(StandardEngineValve.java:74)
	at org.apache.catalina.connector.CoyoteAdapter.service(CoyoteAdapter.java:344)
	at org.apache.coyote.http11.Http11Processor.service(Http11Processor.java:397)
	at org.apache.coyote.AbstractProcessorLight.process(AbstractProcessorLight.java:63)
	at org.apache.coyote.AbstractProtocol$ConnectionHandler.process(AbstractProtocol.java:905)
	at org.apache.tomcat.util.net.NioEndpoint$SocketProcessor.doRun(NioEndpoint.java:1741)
	at org.apache.tomcat.util.net.SocketProcessorBase.run(SocketProcessorBase.java:52)
	at org.apache.tomcat.util.threads.ThreadPoolExecutor.runWorker(ThreadPoolExecutor.java:1190)
	at org.apache.tomcat.util.threads.ThreadPoolExecutor$Worker.run(ThreadPoolExecutor.java:659)
	at org.apache.tomcat.util.threads.TaskThread$WrappingRunnable.run(TaskThread.java:63)
	at java.base/java.lang.Thread.run(Thread.java:840)
Caused by: org.hibernate.NonUniqueResultException: Query did not return a unique result: 2 results were returned
	at org.hibernate.query.spi.AbstractSelectionQuery.uniqueElement(AbstractSelectionQuery.java:298)
	at org.hibernate.query.spi.AbstractSelectionQuery.getSingleResult(AbstractSelectionQuery.java:281)
	at org.springframework.data.jpa.repository.query.JpaQueryExecution$SingleEntityExecution.doExecute(JpaQueryExecution.java:224)
	at org.springframework.data.jpa.repository.query.JpaQueryExecution.execute(JpaQueryExecution.java:93)
	at org.springframework.data.jpa.repository.query.AbstractJpaQuery.doExecute(AbstractJpaQuery.java:152)
	at org.springframework.data.jpa.repository.query.AbstractJpaQuery.execute(AbstractJpaQuery.java:140)
	at org.springframework.data.repository.core.support.RepositoryMethodInvoker.doInvoke(RepositoryMethodInvoker.java:170)
	at org.springframework.data.repository.core.support.RepositoryMethodInvoker.invoke(RepositoryMethodInvoker.java:158)
	at org.springframework.data.repository.core.support.QueryExecutorMethodInterceptor.doInvoke(QueryExecutorMethodInterceptor.java:170)
	at org.springframework.data.repository.core.support.QueryExecutorMethodInterceptor.invoke(QueryExecutorMethodInterceptor.java:149)
	at org.springframework.aop.framework.ReflectiveMethodInvocation.proceed(ReflectiveMethodInvocation.java:184)
	at org.springframework.data.projection.DefaultMethodInvokingMethodInterceptor.invoke(DefaultMethodInvokingMethodInterceptor.java:69)
	at org.springframework.aop.framework.ReflectiveMethodInvocation.proceed(ReflectiveMethodInvocation.java:184)
	at org.springframework.transaction.interceptor.TransactionAspectSupport.invokeWithinTransaction(TransactionAspectSupport.java:380)
	at org.springframework.transaction.interceptor.TransactionInterceptor.invoke(TransactionInterceptor.java:119)
	at org.springframework.aop.framework.ReflectiveMethodInvocation.proceed(ReflectiveMethodInvocation.java:184)
	at org.springframework.dao.support.PersistenceExceptionTranslationInterceptor.invoke(PersistenceExceptionTranslationInterceptor.java:138)
	... 146 common frames omitted
2026-03-31 00:29:15.487 [http-nio-8080-exec-1] DEBUG [981d07e8] c.s.m.d.controller.UserController    -
        Updating status for user: 1e2f6353-d975-4eb4-9c11-d8e8674fb0a6, last active: 2026-03-30T15:29:15.481Z
2026-03-31 00:29:15.487 [http-nio-8080-exec-1] INFO  [981d07e8] c.s.m.d.s.b.BasicUserStatusService   -
        Updating status for user: 1e2f6353-d975-4eb4-9c11-d8e8674fb0a6
2026-03-31 00:29:15.489 [http-nio-8080-exec-3] DEBUG [9abaf8bd] c.s.m.d.controller.UserController    -
        Fetching all users list
2026-03-31 00:29:15.489 [http-nio-8080-exec-3] DEBUG [9abaf8bd] c.s.m.d.s.basic.BasicUserService     -
        Listing all users
2026-03-31 00:29:15.491 [http-nio-8080-exec-2] DEBUG [7ee1525a] c.s.m.d.s.basic.BasicChannelService  -
        Finding all channels for user: 1e2f6353-d975-4eb4-9c11-d8e8674fb0a6
2026-03-31 00:29:15.491 [http-nio-8080-exec-3] DEBUG [9abaf8bd] c.s.m.d.s.b.BasicUserStatusService   -
        Checking online status for user: 1e2f6353-d975-4eb4-9c11-d8e8674fb0a6
2026-03-31 00:29:15.492 [http-nio-8080-exec-3] DEBUG [9abaf8bd] c.s.m.d.s.b.BasicUserStatusService   -
        Checking online status for user: adf49bb6-c84a-4043-b115-06e158f3b0e0
2026-03-31 00:29:15.495 [http-nio-8080-exec-3] DEBUG [9abaf8bd] c.s.m.d.s.b.BasicUserStatusService   -
        Checking online status for user: ff49a36f-f747-4e0d-8bd9-2ca7c79775b9
2026-03-31 00:29:15.503 [http-nio-8080-exec-6] DEBUG [5195ab53] c.s.m.d.c.ReadStatusController       -
        Fetching read statuses for user: 1e2f6353-d975-4eb4-9c11-d8e8674fb0a6
2026-03-31 00:29:15.503 [http-nio-8080-exec-6] DEBUG [5195ab53] c.s.m.d.s.b.BasicReadStatusService   -
        Fetching/Allocating read statuses for user: 1e2f6353-d975-4eb4-9c11-d8e8674fb0a6
2026-03-31 00:29:15.510 [http-nio-8080-exec-6] ERROR [5195ab53] c.s.m.d.c.GlobalExceptionHandler     -
        Internal Server Error: 
org.springframework.dao.IncorrectResultSizeDataAccessException: Query did not return a unique result: 2 results were returned
	at org.springframework.orm.jpa.vendor.HibernateJpaDialect.convertHibernateAccessException(HibernateJpaDialect.java:301)
	at org.springframework.orm.jpa.vendor.HibernateJpaDialect.translateExceptionIfPossible(HibernateJpaDialect.java:244)
	at org.springframework.orm.jpa.AbstractEntityManagerFactoryBean.translateExceptionIfPossible(AbstractEntityManagerFactoryBean.java:560)
	at org.springframework.dao.support.ChainedPersistenceExceptionTranslator.translateExceptionIfPossible(ChainedPersistenceExceptionTranslator.java:61)
	at org.springframework.dao.support.DataAccessUtils.translateIfNecessary(DataAccessUtils.java:343)
	at org.springframework.dao.support.PersistenceExceptionTranslationInterceptor.invoke(PersistenceExceptionTranslationInterceptor.java:160)
	at org.springframework.aop.framework.ReflectiveMethodInvocation.proceed(ReflectiveMethodInvocation.java:184)
	at org.springframework.data.jpa.repository.support.CrudMethodMetadataPostProcessor$CrudMethodMetadataPopulatingMethodInterceptor.invoke(CrudMethodMetadataPostProcessor.java:136)
	at org.springframework.aop.framework.ReflectiveMethodInvocation.proceed(ReflectiveMethodInvocation.java:184)
	at org.springframework.aop.framework.JdkDynamicAopProxy.invoke(JdkDynamicAopProxy.java:223)
	at jdk.proxy2/jdk.proxy2.$Proxy185.findByUserIdAndChannelId(Unknown Source)
	at com.sprint.mission.discodeit.service.basic.BasicReadStatusService.lambda$findAllByUserId$2(BasicReadStatusService.java:48)
	at java.base/java.util.stream.ReferencePipeline$3$1.accept(ReferencePipeline.java:197)
	at java.base/java.util.ArrayList$ArrayListSpliterator.forEachRemaining(ArrayList.java:1625)
	at java.base/java.util.stream.AbstractPipeline.copyInto(AbstractPipeline.java:509)
	at java.base/java.util.stream.AbstractPipeline.wrapAndCopyInto(AbstractPipeline.java:499)
	at java.base/java.util.stream.AbstractPipeline.evaluate(AbstractPipeline.java:575)
	at java.base/java.util.stream.AbstractPipeline.evaluateToArrayNode(AbstractPipeline.java:260)
	at java.base/java.util.stream.ReferencePipeline.toArray(ReferencePipeline.java:616)
	at java.base/java.util.stream.ReferencePipeline.toArray(ReferencePipeline.java:622)
	at java.base/java.util.stream.ReferencePipeline.toList(ReferencePipeline.java:627)
	at com.sprint.mission.discodeit.service.basic.BasicReadStatusService.findAllByUserId(BasicReadStatusService.java:60)
	at jdk.internal.reflect.GeneratedMethodAccessor88.invoke(Unknown Source)
	at java.base/jdk.internal.reflect.DelegatingMethodAccessorImpl.invoke(DelegatingMethodAccessorImpl.java:43)
	at java.base/java.lang.reflect.Method.invoke(Method.java:569)
	at org.springframework.aop.support.AopUtils.invokeJoinpointUsingReflection(AopUtils.java:359)
	at org.springframework.aop.framework.ReflectiveMethodInvocation.invokeJoinpoint(ReflectiveMethodInvocation.java:196)
	at org.springframework.aop.framework.ReflectiveMethodInvocation.proceed(ReflectiveMethodInvocation.java:163)
	at org.springframework.transaction.interceptor.TransactionAspectSupport.invokeWithinTransaction(TransactionAspectSupport.java:380)
	at org.springframework.transaction.interceptor.TransactionInterceptor.invoke(TransactionInterceptor.java:119)
	at org.springframework.aop.framework.ReflectiveMethodInvocation.proceed(ReflectiveMethodInvocation.java:184)
	at org.springframework.aop.framework.CglibAopProxy$DynamicAdvisedInterceptor.intercept(CglibAopProxy.java:727)
	at com.sprint.mission.discodeit.service.basic.BasicReadStatusService$$SpringCGLIB$$0.findAllByUserId(<generated>)
	at com.sprint.mission.discodeit.controller.ReadStatusController.findAllByUserId(ReadStatusController.java:28)
	at jdk.internal.reflect.GeneratedMethodAccessor87.invoke(Unknown Source)
	at java.base/jdk.internal.reflect.DelegatingMethodAccessorImpl.invoke(DelegatingMethodAccessorImpl.java:43)
	at java.base/java.lang.reflect.Method.invoke(Method.java:569)
	at org.springframework.web.method.support.InvocableHandlerMethod.doInvoke(InvocableHandlerMethod.java:255)
	at org.springframework.web.method.support.InvocableHandlerMethod.invokeForRequest(InvocableHandlerMethod.java:188)
	at org.springframework.web.servlet.mvc.method.annotation.ServletInvocableHandlerMethod.invokeAndHandle(ServletInvocableHandlerMethod.java:118)
	at org.springframework.web.servlet.mvc.method.annotation.RequestMappingHandlerAdapter.invokeHandlerMethod(RequestMappingHandlerAdapter.java:986)
	at org.springframework.web.servlet.mvc.method.annotation.RequestMappingHandlerAdapter.handleInternal(RequestMappingHandlerAdapter.java:891)
	at org.springframework.web.servlet.mvc.method.AbstractHandlerMethodAdapter.handle(AbstractHandlerMethodAdapter.java:87)
	at org.springframework.web.servlet.DispatcherServlet.doDispatch(DispatcherServlet.java:1088)
	at org.springframework.web.servlet.DispatcherServlet.doService(DispatcherServlet.java:978)
	at org.springframework.web.servlet.FrameworkServlet.processRequest(FrameworkServlet.java:1014)
	at org.springframework.web.servlet.FrameworkServlet.doGet(FrameworkServlet.java:903)
	at jakarta.servlet.http.HttpServlet.service(HttpServlet.java:564)
	at org.springframework.web.servlet.FrameworkServlet.service(FrameworkServlet.java:885)
	at jakarta.servlet.http.HttpServlet.service(HttpServlet.java:658)
	at org.apache.catalina.core.ApplicationFilterChain.internalDoFilter(ApplicationFilterChain.java:195)
	at org.apache.catalina.core.ApplicationFilterChain.doFilter(ApplicationFilterChain.java:140)
	at org.apache.tomcat.websocket.server.WsFilter.doFilter(WsFilter.java:51)
	at org.apache.catalina.core.ApplicationFilterChain.internalDoFilter(ApplicationFilterChain.java:164)
	at org.apache.catalina.core.ApplicationFilterChain.doFilter(ApplicationFilterChain.java:140)
	at org.springframework.web.filter.CompositeFilter$VirtualFilterChain.doFilter(CompositeFilter.java:108)
	at org.springframework.security.web.FilterChainProxy.lambda$doFilterInternal$3(FilterChainProxy.java:231)
	at org.springframework.security.web.ObservationFilterChainDecorator$FilterObservation$SimpleFilterObservation.lambda$wrap$1(ObservationFilterChainDecorator.java:479)
	at org.springframework.security.web.ObservationFilterChainDecorator$AroundFilterObservation$SimpleAroundFilterObservation.lambda$wrap$1(ObservationFilterChainDecorator.java:340)
	at org.springframework.security.web.ObservationFilterChainDecorator.lambda$wrapSecured$0(ObservationFilterChainDecorator.java:82)
	at org.springframework.security.web.ObservationFilterChainDecorator$VirtualFilterChain.doFilter(ObservationFilterChainDecorator.java:128)
	at org.springframework.security.web.access.intercept.AuthorizationFilter.doFilter(AuthorizationFilter.java:101)
	at org.springframework.security.web.ObservationFilterChainDecorator$ObservationFilter.wrapFilter(ObservationFilterChainDecorator.java:240)
	at org.springframework.security.web.ObservationFilterChainDecorator$ObservationFilter.doFilter(ObservationFilterChainDecorator.java:227)
	at org.springframework.security.web.ObservationFilterChainDecorator$VirtualFilterChain.doFilter(ObservationFilterChainDecorator.java:137)
	at org.springframework.security.web.access.ExceptionTranslationFilter.doFilter(ExceptionTranslationFilter.java:126)
	at org.springframework.security.web.access.ExceptionTranslationFilter.doFilter(ExceptionTranslationFilter.java:120)
	at org.springframework.security.web.ObservationFilterChainDecorator$ObservationFilter.wrapFilter(ObservationFilterChainDecorator.java:240)
	at org.springframework.security.web.ObservationFilterChainDecorator$ObservationFilter.doFilter(ObservationFilterChainDecorator.java:227)
	at org.springframework.security.web.ObservationFilterChainDecorator$VirtualFilterChain.doFilter(ObservationFilterChainDecorator.java:137)
	at org.springframework.security.web.authentication.AnonymousAuthenticationFilter.doFilter(AnonymousAuthenticationFilter.java:100)
	at org.springframework.security.web.ObservationFilterChainDecorator$ObservationFilter.wrapFilter(ObservationFilterChainDecorator.java:240)
	at org.springframework.security.web.ObservationFilterChainDecorator$ObservationFilter.doFilter(ObservationFilterChainDecorator.java:227)
	at org.springframework.security.web.ObservationFilterChainDecorator$VirtualFilterChain.doFilter(ObservationFilterChainDecorator.java:137)
	at org.springframework.security.web.servletapi.SecurityContextHolderAwareRequestFilter.doFilter(SecurityContextHolderAwareRequestFilter.java:179)
	at org.springframework.security.web.ObservationFilterChainDecorator$ObservationFilter.wrapFilter(ObservationFilterChainDecorator.java:240)
	at org.springframework.security.web.ObservationFilterChainDecorator$ObservationFilter.doFilter(ObservationFilterChainDecorator.java:227)
	at org.springframework.security.web.ObservationFilterChainDecorator$VirtualFilterChain.doFilter(ObservationFilterChainDecorator.java:137)
	at org.springframework.security.web.savedrequest.RequestCacheAwareFilter.doFilter(RequestCacheAwareFilter.java:63)
	at org.springframework.security.web.ObservationFilterChainDecorator$ObservationFilter.wrapFilter(ObservationFilterChainDecorator.java:240)
	at org.springframework.security.web.ObservationFilterChainDecorator$ObservationFilter.doFilter(ObservationFilterChainDecorator.java:227)
	at org.springframework.security.web.ObservationFilterChainDecorator$VirtualFilterChain.doFilter(ObservationFilterChainDecorator.java:137)
	at org.springframework.security.web.authentication.logout.LogoutFilter.doFilter(LogoutFilter.java:107)
	at org.springframework.security.web.authentication.logout.LogoutFilter.doFilter(LogoutFilter.java:93)
	at org.springframework.security.web.ObservationFilterChainDecorator$ObservationFilter.wrapFilter(ObservationFilterChainDecorator.java:240)
	at org.springframework.security.web.ObservationFilterChainDecorator$ObservationFilter.doFilter(ObservationFilterChainDecorator.java:227)
	at org.springframework.security.web.ObservationFilterChainDecorator$VirtualFilterChain.doFilter(ObservationFilterChainDecorator.java:137)
	at org.springframework.security.web.header.HeaderWriterFilter.doHeadersAfter(HeaderWriterFilter.java:90)
	at org.springframework.security.web.header.HeaderWriterFilter.doFilterInternal(HeaderWriterFilter.java:75)
	at org.springframework.web.filter.OncePerRequestFilter.doFilter(OncePerRequestFilter.java:116)
	at org.springframework.security.web.ObservationFilterChainDecorator$ObservationFilter.wrapFilter(ObservationFilterChainDecorator.java:240)
	at org.springframework.security.web.ObservationFilterChainDecorator$ObservationFilter.doFilter(ObservationFilterChainDecorator.java:227)
	at org.springframework.security.web.ObservationFilterChainDecorator$VirtualFilterChain.doFilter(ObservationFilterChainDecorator.java:137)
	at org.springframework.security.web.context.SecurityContextHolderFilter.doFilter(SecurityContextHolderFilter.java:82)
	at org.springframework.security.web.context.SecurityContextHolderFilter.doFilter(SecurityContextHolderFilter.java:69)
	at org.springframework.security.web.ObservationFilterChainDecorator$ObservationFilter.wrapFilter(ObservationFilterChainDecorator.java:240)
	at org.springframework.security.web.ObservationFilterChainDecorator$ObservationFilter.doFilter(ObservationFilterChainDecorator.java:227)
	at org.springframework.security.web.ObservationFilterChainDecorator$VirtualFilterChain.doFilter(ObservationFilterChainDecorator.java:137)
	at org.springframework.security.web.context.request.async.WebAsyncManagerIntegrationFilter.doFilterInternal(WebAsyncManagerIntegrationFilter.java:62)
	at org.springframework.web.filter.OncePerRequestFilter.doFilter(OncePerRequestFilter.java:116)
	at org.springframework.security.web.ObservationFilterChainDecorator$ObservationFilter.wrapFilter(ObservationFilterChainDecorator.java:240)
	at org.springframework.security.web.ObservationFilterChainDecorator$ObservationFilter.doFilter(ObservationFilterChainDecorator.java:227)
	at org.springframework.security.web.ObservationFilterChainDecorator$VirtualFilterChain.doFilter(ObservationFilterChainDecorator.java:137)
	at org.springframework.security.web.session.DisableEncodeUrlFilter.doFilterInternal(DisableEncodeUrlFilter.java:42)
	at org.springframework.web.filter.OncePerRequestFilter.doFilter(OncePerRequestFilter.java:116)
	at org.springframework.security.web.ObservationFilterChainDecorator$ObservationFilter.wrapFilter(ObservationFilterChainDecorator.java:240)
	at org.springframework.security.web.ObservationFilterChainDecorator$AroundFilterObservation$SimpleAroundFilterObservation.lambda$wrap$0(ObservationFilterChainDecorator.java:323)
	at org.springframework.security.web.ObservationFilterChainDecorator$ObservationFilter.doFilter(ObservationFilterChainDecorator.java:224)
	at org.springframework.security.web.ObservationFilterChainDecorator$VirtualFilterChain.doFilter(ObservationFilterChainDecorator.java:137)
	at org.springframework.security.web.FilterChainProxy.doFilterInternal(FilterChainProxy.java:233)
	at org.springframework.security.web.FilterChainProxy.doFilter(FilterChainProxy.java:191)
	at org.springframework.web.filter.CompositeFilter$VirtualFilterChain.doFilter(CompositeFilter.java:113)
	at org.springframework.web.servlet.handler.HandlerMappingIntrospector.lambda$createCacheFilter$3(HandlerMappingIntrospector.java:243)
	at org.springframework.web.filter.CompositeFilter$VirtualFilterChain.doFilter(CompositeFilter.java:113)
	at org.springframework.web.filter.CompositeFilter.doFilter(CompositeFilter.java:74)
	at org.springframework.security.config.annotation.web.configuration.WebMvcSecurityConfiguration$CompositeFilterChainProxy.doFilter(WebMvcSecurityConfiguration.java:238)
	at org.springframework.web.filter.DelegatingFilterProxy.invokeDelegate(DelegatingFilterProxy.java:362)
	at org.springframework.web.filter.DelegatingFilterProxy.doFilter(DelegatingFilterProxy.java:278)
	at org.apache.catalina.core.ApplicationFilterChain.internalDoFilter(ApplicationFilterChain.java:164)
	at org.apache.catalina.core.ApplicationFilterChain.doFilter(ApplicationFilterChain.java:140)
	at org.springframework.web.filter.RequestContextFilter.doFilterInternal(RequestContextFilter.java:100)
	at org.springframework.web.filter.OncePerRequestFilter.doFilter(OncePerRequestFilter.java:116)
	at org.apache.catalina.core.ApplicationFilterChain.internalDoFilter(ApplicationFilterChain.java:164)
	at org.apache.catalina.core.ApplicationFilterChain.doFilter(ApplicationFilterChain.java:140)
	at org.springframework.web.filter.FormContentFilter.doFilterInternal(FormContentFilter.java:93)
	at org.springframework.web.filter.OncePerRequestFilter.doFilter(OncePerRequestFilter.java:116)
	at org.apache.catalina.core.ApplicationFilterChain.internalDoFilter(ApplicationFilterChain.java:164)
	at org.apache.catalina.core.ApplicationFilterChain.doFilter(ApplicationFilterChain.java:140)
	at org.springframework.web.filter.ServerHttpObservationFilter.doFilterInternal(ServerHttpObservationFilter.java:114)
	at org.springframework.web.filter.OncePerRequestFilter.doFilter(OncePerRequestFilter.java:116)
	at org.apache.catalina.core.ApplicationFilterChain.internalDoFilter(ApplicationFilterChain.java:164)
	at org.apache.catalina.core.ApplicationFilterChain.doFilter(ApplicationFilterChain.java:140)
	at org.springframework.web.filter.CharacterEncodingFilter.doFilterInternal(CharacterEncodingFilter.java:201)
	at org.springframework.web.filter.OncePerRequestFilter.doFilter(OncePerRequestFilter.java:116)
	at org.apache.catalina.core.ApplicationFilterChain.internalDoFilter(ApplicationFilterChain.java:164)
	at org.apache.catalina.core.ApplicationFilterChain.doFilter(ApplicationFilterChain.java:140)
	at org.apache.catalina.core.StandardWrapperValve.invoke(StandardWrapperValve.java:167)
	at org.apache.catalina.core.StandardContextValve.invoke(StandardContextValve.java:90)
	at org.apache.catalina.authenticator.AuthenticatorBase.invoke(AuthenticatorBase.java:483)
	at org.apache.catalina.core.StandardHostValve.invoke(StandardHostValve.java:115)
	at org.apache.catalina.valves.ErrorReportValve.invoke(ErrorReportValve.java:93)
	at org.apache.catalina.core.StandardEngineValve.invoke(StandardEngineValve.java:74)
	at org.apache.catalina.connector.CoyoteAdapter.service(CoyoteAdapter.java:344)
	at org.apache.coyote.http11.Http11Processor.service(Http11Processor.java:397)
	at org.apache.coyote.AbstractProcessorLight.process(AbstractProcessorLight.java:63)
	at org.apache.coyote.AbstractProtocol$ConnectionHandler.process(AbstractProtocol.java:905)
	at org.apache.tomcat.util.net.NioEndpoint$SocketProcessor.doRun(NioEndpoint.java:1741)
	at org.apache.tomcat.util.net.SocketProcessorBase.run(SocketProcessorBase.java:52)
	at org.apache.tomcat.util.threads.ThreadPoolExecutor.runWorker(ThreadPoolExecutor.java:1190)
	at org.apache.tomcat.util.threads.ThreadPoolExecutor$Worker.run(ThreadPoolExecutor.java:659)
	at org.apache.tomcat.util.threads.TaskThread$WrappingRunnable.run(TaskThread.java:63)
	at java.base/java.lang.Thread.run(Thread.java:840)
Caused by: org.hibernate.NonUniqueResultException: Query did not return a unique result: 2 results were returned
	at org.hibernate.query.spi.AbstractSelectionQuery.uniqueElement(AbstractSelectionQuery.java:298)
	at org.hibernate.query.spi.AbstractSelectionQuery.getSingleResult(AbstractSelectionQuery.java:281)
	at org.springframework.data.jpa.repository.query.JpaQueryExecution$SingleEntityExecution.doExecute(JpaQueryExecution.java:224)
	at org.springframework.data.jpa.repository.query.JpaQueryExecution.execute(JpaQueryExecution.java:93)
	at org.springframework.data.jpa.repository.query.AbstractJpaQuery.doExecute(AbstractJpaQuery.java:152)
	at org.springframework.data.jpa.repository.query.AbstractJpaQuery.execute(AbstractJpaQuery.java:140)
	at org.springframework.data.repository.core.support.RepositoryMethodInvoker.doInvoke(RepositoryMethodInvoker.java:170)
	at org.springframework.data.repository.core.support.RepositoryMethodInvoker.invoke(RepositoryMethodInvoker.java:158)
	at org.springframework.data.repository.core.support.QueryExecutorMethodInterceptor.doInvoke(QueryExecutorMethodInterceptor.java:170)
	at org.springframework.data.repository.core.support.QueryExecutorMethodInterceptor.invoke(QueryExecutorMethodInterceptor.java:149)
	at org.springframework.aop.framework.ReflectiveMethodInvocation.proceed(ReflectiveMethodInvocation.java:184)
	at org.springframework.data.projection.DefaultMethodInvokingMethodInterceptor.invoke(DefaultMethodInvokingMethodInterceptor.java:69)
	at org.springframework.aop.framework.ReflectiveMethodInvocation.proceed(ReflectiveMethodInvocation.java:184)
	at org.springframework.transaction.interceptor.TransactionAspectSupport.invokeWithinTransaction(TransactionAspectSupport.java:380)
	at org.springframework.transaction.interceptor.TransactionInterceptor.invoke(TransactionInterceptor.java:119)
	at org.springframework.aop.framework.ReflectiveMethodInvocation.proceed(ReflectiveMethodInvocation.java:184)
	at org.springframework.dao.support.PersistenceExceptionTranslationInterceptor.invoke(PersistenceExceptionTranslationInterceptor.java:138)
	... 146 common frames omitted
2026-03-31 00:29:15.517 [http-nio-8080-exec-5] DEBUG [e4eef3ae] c.s.m.d.c.ReadStatusController       -
        Fetching read statuses for user: 1e2f6353-d975-4eb4-9c11-d8e8674fb0a6
2026-03-31 00:29:15.518 [http-nio-8080-exec-5] DEBUG [e4eef3ae] c.s.m.d.s.b.BasicReadStatusService   -
        Fetching/Allocating read statuses for user: 1e2f6353-d975-4eb4-9c11-d8e8674fb0a6
2026-03-31 00:29:15.518 [http-nio-8080-exec-4] DEBUG [18d07a84] c.s.m.d.s.basic.BasicChannelService  -
        Finding all channels for user: 1e2f6353-d975-4eb4-9c11-d8e8674fb0a6
2026-03-31 00:29:15.526 [http-nio-8080-exec-5] ERROR [e4eef3ae] c.s.m.d.c.GlobalExceptionHandler     -
        Internal Server Error: 
org.springframework.dao.IncorrectResultSizeDataAccessException: Query did not return a unique result: 2 results were returned
	at org.springframework.orm.jpa.vendor.HibernateJpaDialect.convertHibernateAccessException(HibernateJpaDialect.java:301)
	at org.springframework.orm.jpa.vendor.HibernateJpaDialect.translateExceptionIfPossible(HibernateJpaDialect.java:244)
	at org.springframework.orm.jpa.AbstractEntityManagerFactoryBean.translateExceptionIfPossible(AbstractEntityManagerFactoryBean.java:560)
	at org.springframework.dao.support.ChainedPersistenceExceptionTranslator.translateExceptionIfPossible(ChainedPersistenceExceptionTranslator.java:61)
	at org.springframework.dao.support.DataAccessUtils.translateIfNecessary(DataAccessUtils.java:343)
	at org.springframework.dao.support.PersistenceExceptionTranslationInterceptor.invoke(PersistenceExceptionTranslationInterceptor.java:160)
	at org.springframework.aop.framework.ReflectiveMethodInvocation.proceed(ReflectiveMethodInvocation.java:184)
	at org.springframework.data.jpa.repository.support.CrudMethodMetadataPostProcessor$CrudMethodMetadataPopulatingMethodInterceptor.invoke(CrudMethodMetadataPostProcessor.java:136)
	at org.springframework.aop.framework.ReflectiveMethodInvocation.proceed(ReflectiveMethodInvocation.java:184)
	at org.springframework.aop.framework.JdkDynamicAopProxy.invoke(JdkDynamicAopProxy.java:223)
	at jdk.proxy2/jdk.proxy2.$Proxy185.findByUserIdAndChannelId(Unknown Source)
	at com.sprint.mission.discodeit.service.basic.BasicReadStatusService.lambda$findAllByUserId$2(BasicReadStatusService.java:48)
	at java.base/java.util.stream.ReferencePipeline$3$1.accept(ReferencePipeline.java:197)
	at java.base/java.util.ArrayList$ArrayListSpliterator.forEachRemaining(ArrayList.java:1625)
	at java.base/java.util.stream.AbstractPipeline.copyInto(AbstractPipeline.java:509)
	at java.base/java.util.stream.AbstractPipeline.wrapAndCopyInto(AbstractPipeline.java:499)
	at java.base/java.util.stream.AbstractPipeline.evaluate(AbstractPipeline.java:575)
	at java.base/java.util.stream.AbstractPipeline.evaluateToArrayNode(AbstractPipeline.java:260)
	at java.base/java.util.stream.ReferencePipeline.toArray(ReferencePipeline.java:616)
	at java.base/java.util.stream.ReferencePipeline.toArray(ReferencePipeline.java:622)
	at java.base/java.util.stream.ReferencePipeline.toList(ReferencePipeline.java:627)
	at com.sprint.mission.discodeit.service.basic.BasicReadStatusService.findAllByUserId(BasicReadStatusService.java:60)
	at jdk.internal.reflect.GeneratedMethodAccessor88.invoke(Unknown Source)
	at java.base/jdk.internal.reflect.DelegatingMethodAccessorImpl.invoke(DelegatingMethodAccessorImpl.java:43)
	at java.base/java.lang.reflect.Method.invoke(Method.java:569)
	at org.springframework.aop.support.AopUtils.invokeJoinpointUsingReflection(AopUtils.java:359)
	at org.springframework.aop.framework.ReflectiveMethodInvocation.invokeJoinpoint(ReflectiveMethodInvocation.java:196)
	at org.springframework.aop.framework.ReflectiveMethodInvocation.proceed(ReflectiveMethodInvocation.java:163)
	at org.springframework.transaction.interceptor.TransactionAspectSupport.invokeWithinTransaction(TransactionAspectSupport.java:380)
	at org.springframework.transaction.interceptor.TransactionInterceptor.invoke(TransactionInterceptor.java:119)
	at org.springframework.aop.framework.ReflectiveMethodInvocation.proceed(ReflectiveMethodInvocation.java:184)
	at org.springframework.aop.framework.CglibAopProxy$DynamicAdvisedInterceptor.intercept(CglibAopProxy.java:727)
	at com.sprint.mission.discodeit.service.basic.BasicReadStatusService$$SpringCGLIB$$0.findAllByUserId(<generated>)
	at com.sprint.mission.discodeit.controller.ReadStatusController.findAllByUserId(ReadStatusController.java:28)
	at jdk.internal.reflect.GeneratedMethodAccessor87.invoke(Unknown Source)
	at java.base/jdk.internal.reflect.DelegatingMethodAccessorImpl.invoke(DelegatingMethodAccessorImpl.java:43)
	at java.base/java.lang.reflect.Method.invoke(Method.java:569)
	at org.springframework.web.method.support.InvocableHandlerMethod.doInvoke(InvocableHandlerMethod.java:255)
	at org.springframework.web.method.support.InvocableHandlerMethod.invokeForRequest(InvocableHandlerMethod.java:188)
	at org.springframework.web.servlet.mvc.method.annotation.ServletInvocableHandlerMethod.invokeAndHandle(ServletInvocableHandlerMethod.java:118)
	at org.springframework.web.servlet.mvc.method.annotation.RequestMappingHandlerAdapter.invokeHandlerMethod(RequestMappingHandlerAdapter.java:986)
	at org.springframework.web.servlet.mvc.method.annotation.RequestMappingHandlerAdapter.handleInternal(RequestMappingHandlerAdapter.java:891)
	at org.springframework.web.servlet.mvc.method.AbstractHandlerMethodAdapter.handle(AbstractHandlerMethodAdapter.java:87)
	at org.springframework.web.servlet.DispatcherServlet.doDispatch(DispatcherServlet.java:1088)
	at org.springframework.web.servlet.DispatcherServlet.doService(DispatcherServlet.java:978)
	at org.springframework.web.servlet.FrameworkServlet.processRequest(FrameworkServlet.java:1014)
	at org.springframework.web.servlet.FrameworkServlet.doGet(FrameworkServlet.java:903)
	at jakarta.servlet.http.HttpServlet.service(HttpServlet.java:564)
	at org.springframework.web.servlet.FrameworkServlet.service(FrameworkServlet.java:885)
	at jakarta.servlet.http.HttpServlet.service(HttpServlet.java:658)
	at org.apache.catalina.core.ApplicationFilterChain.internalDoFilter(ApplicationFilterChain.java:195)
	at org.apache.catalina.core.ApplicationFilterChain.doFilter(ApplicationFilterChain.java:140)
	at org.apache.tomcat.websocket.server.WsFilter.doFilter(WsFilter.java:51)
	at org.apache.catalina.core.ApplicationFilterChain.internalDoFilter(ApplicationFilterChain.java:164)
	at org.apache.catalina.core.ApplicationFilterChain.doFilter(ApplicationFilterChain.java:140)
	at org.springframework.web.filter.CompositeFilter$VirtualFilterChain.doFilter(CompositeFilter.java:108)
	at org.springframework.security.web.FilterChainProxy.lambda$doFilterInternal$3(FilterChainProxy.java:231)
	at org.springframework.security.web.ObservationFilterChainDecorator$FilterObservation$SimpleFilterObservation.lambda$wrap$1(ObservationFilterChainDecorator.java:479)
	at org.springframework.security.web.ObservationFilterChainDecorator$AroundFilterObservation$SimpleAroundFilterObservation.lambda$wrap$1(ObservationFilterChainDecorator.java:340)
	at org.springframework.security.web.ObservationFilterChainDecorator.lambda$wrapSecured$0(ObservationFilterChainDecorator.java:82)
	at org.springframework.security.web.ObservationFilterChainDecorator$VirtualFilterChain.doFilter(ObservationFilterChainDecorator.java:128)
	at org.springframework.security.web.access.intercept.AuthorizationFilter.doFilter(AuthorizationFilter.java:101)
	at org.springframework.security.web.ObservationFilterChainDecorator$ObservationFilter.wrapFilter(ObservationFilterChainDecorator.java:240)
	at org.springframework.security.web.ObservationFilterChainDecorator$ObservationFilter.doFilter(ObservationFilterChainDecorator.java:227)
	at org.springframework.security.web.ObservationFilterChainDecorator$VirtualFilterChain.doFilter(ObservationFilterChainDecorator.java:137)
	at org.springframework.security.web.access.ExceptionTranslationFilter.doFilter(ExceptionTranslationFilter.java:126)
	at org.springframework.security.web.access.ExceptionTranslationFilter.doFilter(ExceptionTranslationFilter.java:120)
	at org.springframework.security.web.ObservationFilterChainDecorator$ObservationFilter.wrapFilter(ObservationFilterChainDecorator.java:240)
	at org.springframework.security.web.ObservationFilterChainDecorator$ObservationFilter.doFilter(ObservationFilterChainDecorator.java:227)
	at org.springframework.security.web.ObservationFilterChainDecorator$VirtualFilterChain.doFilter(ObservationFilterChainDecorator.java:137)
	at org.springframework.security.web.authentication.AnonymousAuthenticationFilter.doFilter(AnonymousAuthenticationFilter.java:100)
	at org.springframework.security.web.ObservationFilterChainDecorator$ObservationFilter.wrapFilter(ObservationFilterChainDecorator.java:240)
	at org.springframework.security.web.ObservationFilterChainDecorator$ObservationFilter.doFilter(ObservationFilterChainDecorator.java:227)
	at org.springframework.security.web.ObservationFilterChainDecorator$VirtualFilterChain.doFilter(ObservationFilterChainDecorator.java:137)
	at org.springframework.security.web.servletapi.SecurityContextHolderAwareRequestFilter.doFilter(SecurityContextHolderAwareRequestFilter.java:179)
	at org.springframework.security.web.ObservationFilterChainDecorator$ObservationFilter.wrapFilter(ObservationFilterChainDecorator.java:240)
	at org.springframework.security.web.ObservationFilterChainDecorator$ObservationFilter.doFilter(ObservationFilterChainDecorator.java:227)
	at org.springframework.security.web.ObservationFilterChainDecorator$VirtualFilterChain.doFilter(ObservationFilterChainDecorator.java:137)
	at org.springframework.security.web.savedrequest.RequestCacheAwareFilter.doFilter(RequestCacheAwareFilter.java:63)
	at org.springframework.security.web.ObservationFilterChainDecorator$ObservationFilter.wrapFilter(ObservationFilterChainDecorator.java:240)
	at org.springframework.security.web.ObservationFilterChainDecorator$ObservationFilter.doFilter(ObservationFilterChainDecorator.java:227)
	at org.springframework.security.web.ObservationFilterChainDecorator$VirtualFilterChain.doFilter(ObservationFilterChainDecorator.java:137)
	at org.springframework.security.web.authentication.logout.LogoutFilter.doFilter(LogoutFilter.java:107)
	at org.springframework.security.web.authentication.logout.LogoutFilter.doFilter(LogoutFilter.java:93)
	at org.springframework.security.web.ObservationFilterChainDecorator$ObservationFilter.wrapFilter(ObservationFilterChainDecorator.java:240)
	at org.springframework.security.web.ObservationFilterChainDecorator$ObservationFilter.doFilter(ObservationFilterChainDecorator.java:227)
	at org.springframework.security.web.ObservationFilterChainDecorator$VirtualFilterChain.doFilter(ObservationFilterChainDecorator.java:137)
	at org.springframework.security.web.header.HeaderWriterFilter.doHeadersAfter(HeaderWriterFilter.java:90)
	at org.springframework.security.web.header.HeaderWriterFilter.doFilterInternal(HeaderWriterFilter.java:75)
	at org.springframework.web.filter.OncePerRequestFilter.doFilter(OncePerRequestFilter.java:116)
	at org.springframework.security.web.ObservationFilterChainDecorator$ObservationFilter.wrapFilter(ObservationFilterChainDecorator.java:240)
	at org.springframework.security.web.ObservationFilterChainDecorator$ObservationFilter.doFilter(ObservationFilterChainDecorator.java:227)
	at org.springframework.security.web.ObservationFilterChainDecorator$VirtualFilterChain.doFilter(ObservationFilterChainDecorator.java:137)
	at org.springframework.security.web.context.SecurityContextHolderFilter.doFilter(SecurityContextHolderFilter.java:82)
	at org.springframework.security.web.context.SecurityContextHolderFilter.doFilter(SecurityContextHolderFilter.java:69)
	at org.springframework.security.web.ObservationFilterChainDecorator$ObservationFilter.wrapFilter(ObservationFilterChainDecorator.java:240)
	at org.springframework.security.web.ObservationFilterChainDecorator$ObservationFilter.doFilter(ObservationFilterChainDecorator.java:227)
	at org.springframework.security.web.ObservationFilterChainDecorator$VirtualFilterChain.doFilter(ObservationFilterChainDecorator.java:137)
	at org.springframework.security.web.context.request.async.WebAsyncManagerIntegrationFilter.doFilterInternal(WebAsyncManagerIntegrationFilter.java:62)
	at org.springframework.web.filter.OncePerRequestFilter.doFilter(OncePerRequestFilter.java:116)
	at org.springframework.security.web.ObservationFilterChainDecorator$ObservationFilter.wrapFilter(ObservationFilterChainDecorator.java:240)
	at org.springframework.security.web.ObservationFilterChainDecorator$ObservationFilter.doFilter(ObservationFilterChainDecorator.java:227)
	at org.springframework.security.web.ObservationFilterChainDecorator$VirtualFilterChain.doFilter(ObservationFilterChainDecorator.java:137)
	at org.springframework.security.web.session.DisableEncodeUrlFilter.doFilterInternal(DisableEncodeUrlFilter.java:42)
	at org.springframework.web.filter.OncePerRequestFilter.doFilter(OncePerRequestFilter.java:116)
	at org.springframework.security.web.ObservationFilterChainDecorator$ObservationFilter.wrapFilter(ObservationFilterChainDecorator.java:240)
	at org.springframework.security.web.ObservationFilterChainDecorator$AroundFilterObservation$SimpleAroundFilterObservation.lambda$wrap$0(ObservationFilterChainDecorator.java:323)
	at org.springframework.security.web.ObservationFilterChainDecorator$ObservationFilter.doFilter(ObservationFilterChainDecorator.java:224)
	at org.springframework.security.web.ObservationFilterChainDecorator$VirtualFilterChain.doFilter(ObservationFilterChainDecorator.java:137)
	at org.springframework.security.web.FilterChainProxy.doFilterInternal(FilterChainProxy.java:233)
	at org.springframework.security.web.FilterChainProxy.doFilter(FilterChainProxy.java:191)
	at org.springframework.web.filter.CompositeFilter$VirtualFilterChain.doFilter(CompositeFilter.java:113)
	at org.springframework.web.servlet.handler.HandlerMappingIntrospector.lambda$createCacheFilter$3(HandlerMappingIntrospector.java:243)
	at org.springframework.web.filter.CompositeFilter$VirtualFilterChain.doFilter(CompositeFilter.java:113)
	at org.springframework.web.filter.CompositeFilter.doFilter(CompositeFilter.java:74)
	at org.springframework.security.config.annotation.web.configuration.WebMvcSecurityConfiguration$CompositeFilterChainProxy.doFilter(WebMvcSecurityConfiguration.java:238)
	at org.springframework.web.filter.DelegatingFilterProxy.invokeDelegate(DelegatingFilterProxy.java:362)
	at org.springframework.web.filter.DelegatingFilterProxy.doFilter(DelegatingFilterProxy.java:278)
	at org.apache.catalina.core.ApplicationFilterChain.internalDoFilter(ApplicationFilterChain.java:164)
	at org.apache.catalina.core.ApplicationFilterChain.doFilter(ApplicationFilterChain.java:140)
	at org.springframework.web.filter.RequestContextFilter.doFilterInternal(RequestContextFilter.java:100)
	at org.springframework.web.filter.OncePerRequestFilter.doFilter(OncePerRequestFilter.java:116)
	at org.apache.catalina.core.ApplicationFilterChain.internalDoFilter(ApplicationFilterChain.java:164)
	at org.apache.catalina.core.ApplicationFilterChain.doFilter(ApplicationFilterChain.java:140)
	at org.springframework.web.filter.FormContentFilter.doFilterInternal(FormContentFilter.java:93)
	at org.springframework.web.filter.OncePerRequestFilter.doFilter(OncePerRequestFilter.java:116)
	at org.apache.catalina.core.ApplicationFilterChain.internalDoFilter(ApplicationFilterChain.java:164)
	at org.apache.catalina.core.ApplicationFilterChain.doFilter(ApplicationFilterChain.java:140)
	at org.springframework.web.filter.ServerHttpObservationFilter.doFilterInternal(ServerHttpObservationFilter.java:114)
	at org.springframework.web.filter.OncePerRequestFilter.doFilter(OncePerRequestFilter.java:116)
	at org.apache.catalina.core.ApplicationFilterChain.internalDoFilter(ApplicationFilterChain.java:164)
	at org.apache.catalina.core.ApplicationFilterChain.doFilter(ApplicationFilterChain.java:140)
	at org.springframework.web.filter.CharacterEncodingFilter.doFilterInternal(CharacterEncodingFilter.java:201)
	at org.springframework.web.filter.OncePerRequestFilter.doFilter(OncePerRequestFilter.java:116)
	at org.apache.catalina.core.ApplicationFilterChain.internalDoFilter(ApplicationFilterChain.java:164)
	at org.apache.catalina.core.ApplicationFilterChain.doFilter(ApplicationFilterChain.java:140)
	at org.apache.catalina.core.StandardWrapperValve.invoke(StandardWrapperValve.java:167)
	at org.apache.catalina.core.StandardContextValve.invoke(StandardContextValve.java:90)
	at org.apache.catalina.authenticator.AuthenticatorBase.invoke(AuthenticatorBase.java:483)
	at org.apache.catalina.core.StandardHostValve.invoke(StandardHostValve.java:115)
	at org.apache.catalina.valves.ErrorReportValve.invoke(ErrorReportValve.java:93)
	at org.apache.catalina.core.StandardEngineValve.invoke(StandardEngineValve.java:74)
	at org.apache.catalina.connector.CoyoteAdapter.service(CoyoteAdapter.java:344)
	at org.apache.coyote.http11.Http11Processor.service(Http11Processor.java:397)
	at org.apache.coyote.AbstractProcessorLight.process(AbstractProcessorLight.java:63)
	at org.apache.coyote.AbstractProtocol$ConnectionHandler.process(AbstractProtocol.java:905)
	at org.apache.tomcat.util.net.NioEndpoint$SocketProcessor.doRun(NioEndpoint.java:1741)
	at org.apache.tomcat.util.net.SocketProcessorBase.run(SocketProcessorBase.java:52)
	at org.apache.tomcat.util.threads.ThreadPoolExecutor.runWorker(ThreadPoolExecutor.java:1190)
	at org.apache.tomcat.util.threads.ThreadPoolExecutor$Worker.run(ThreadPoolExecutor.java:659)
	at org.apache.tomcat.util.threads.TaskThread$WrappingRunnable.run(TaskThread.java:63)
	at java.base/java.lang.Thread.run(Thread.java:840)
Caused by: org.hibernate.NonUniqueResultException: Query did not return a unique result: 2 results were returned
	at org.hibernate.query.spi.AbstractSelectionQuery.uniqueElement(AbstractSelectionQuery.java:298)
	at org.hibernate.query.spi.AbstractSelectionQuery.getSingleResult(AbstractSelectionQuery.java:281)
	at org.springframework.data.jpa.repository.query.JpaQueryExecution$SingleEntityExecution.doExecute(JpaQueryExecution.java:224)
	at org.springframework.data.jpa.repository.query.JpaQueryExecution.execute(JpaQueryExecution.java:93)
	at org.springframework.data.jpa.repository.query.AbstractJpaQuery.doExecute(AbstractJpaQuery.java:152)
	at org.springframework.data.jpa.repository.query.AbstractJpaQuery.execute(AbstractJpaQuery.java:140)
	at org.springframework.data.repository.core.support.RepositoryMethodInvoker.doInvoke(RepositoryMethodInvoker.java:170)
	at org.springframework.data.repository.core.support.RepositoryMethodInvoker.invoke(RepositoryMethodInvoker.java:158)
	at org.springframework.data.repository.core.support.QueryExecutorMethodInterceptor.doInvoke(QueryExecutorMethodInterceptor.java:170)
	at org.springframework.data.repository.core.support.QueryExecutorMethodInterceptor.invoke(QueryExecutorMethodInterceptor.java:149)
	at org.springframework.aop.framework.ReflectiveMethodInvocation.proceed(ReflectiveMethodInvocation.java:184)
	at org.springframework.data.projection.DefaultMethodInvokingMethodInterceptor.invoke(DefaultMethodInvokingMethodInterceptor.java:69)
	at org.springframework.aop.framework.ReflectiveMethodInvocation.proceed(ReflectiveMethodInvocation.java:184)
	at org.springframework.transaction.interceptor.TransactionAspectSupport.invokeWithinTransaction(TransactionAspectSupport.java:380)
	at org.springframework.transaction.interceptor.TransactionInterceptor.invoke(TransactionInterceptor.java:119)
	at org.springframework.aop.framework.ReflectiveMethodInvocation.proceed(ReflectiveMethodInvocation.java:184)
	at org.springframework.dao.support.PersistenceExceptionTranslationInterceptor.invoke(PersistenceExceptionTranslationInterceptor.java:138)
	... 146 common frames omitted
2026-03-31 00:29:15.529 [http-nio-8080-exec-8] DEBUG [faf85f87] c.s.m.d.c.ReadStatusController       -
        Fetching read statuses for user: 1e2f6353-d975-4eb4-9c11-d8e8674fb0a6
2026-03-31 00:29:15.529 [http-nio-8080-exec-8] DEBUG [faf85f87] c.s.m.d.s.b.BasicReadStatusService   -
        Fetching/Allocating read statuses for user: 1e2f6353-d975-4eb4-9c11-d8e8674fb0a6
2026-03-31 00:29:15.537 [http-nio-8080-exec-8] ERROR [faf85f87] c.s.m.d.c.GlobalExceptionHandler     -
        Internal Server Error: 
org.springframework.dao.IncorrectResultSizeDataAccessException: Query did not return a unique result: 2 results were returned
	at org.springframework.orm.jpa.vendor.HibernateJpaDialect.convertHibernateAccessException(HibernateJpaDialect.java:301)
	at org.springframework.orm.jpa.vendor.HibernateJpaDialect.translateExceptionIfPossible(HibernateJpaDialect.java:244)
	at org.springframework.orm.jpa.AbstractEntityManagerFactoryBean.translateExceptionIfPossible(AbstractEntityManagerFactoryBean.java:560)
	at org.springframework.dao.support.ChainedPersistenceExceptionTranslator.translateExceptionIfPossible(ChainedPersistenceExceptionTranslator.java:61)
	at org.springframework.dao.support.DataAccessUtils.translateIfNecessary(DataAccessUtils.java:343)
	at org.springframework.dao.support.PersistenceExceptionTranslationInterceptor.invoke(PersistenceExceptionTranslationInterceptor.java:160)
	at org.springframework.aop.framework.ReflectiveMethodInvocation.proceed(ReflectiveMethodInvocation.java:184)
	at org.springframework.data.jpa.repository.support.CrudMethodMetadataPostProcessor$CrudMethodMetadataPopulatingMethodInterceptor.invoke(CrudMethodMetadataPostProcessor.java:136)
	at org.springframework.aop.framework.ReflectiveMethodInvocation.proceed(ReflectiveMethodInvocation.java:184)
	at org.springframework.aop.framework.JdkDynamicAopProxy.invoke(JdkDynamicAopProxy.java:223)
	at jdk.proxy2/jdk.proxy2.$Proxy185.findByUserIdAndChannelId(Unknown Source)
	at com.sprint.mission.discodeit.service.basic.BasicReadStatusService.lambda$findAllByUserId$2(BasicReadStatusService.java:48)
	at java.base/java.util.stream.ReferencePipeline$3$1.accept(ReferencePipeline.java:197)
	at java.base/java.util.ArrayList$ArrayListSpliterator.forEachRemaining(ArrayList.java:1625)
	at java.base/java.util.stream.AbstractPipeline.copyInto(AbstractPipeline.java:509)
	at java.base/java.util.stream.AbstractPipeline.wrapAndCopyInto(AbstractPipeline.java:499)
	at java.base/java.util.stream.AbstractPipeline.evaluate(AbstractPipeline.java:575)
	at java.base/java.util.stream.AbstractPipeline.evaluateToArrayNode(AbstractPipeline.java:260)
	at java.base/java.util.stream.ReferencePipeline.toArray(ReferencePipeline.java:616)
	at java.base/java.util.stream.ReferencePipeline.toArray(ReferencePipeline.java:622)
	at java.base/java.util.stream.ReferencePipeline.toList(ReferencePipeline.java:627)
	at com.sprint.mission.discodeit.service.basic.BasicReadStatusService.findAllByUserId(BasicReadStatusService.java:60)
	at jdk.internal.reflect.GeneratedMethodAccessor88.invoke(Unknown Source)
	at java.base/jdk.internal.reflect.DelegatingMethodAccessorImpl.invoke(DelegatingMethodAccessorImpl.java:43)
	at java.base/java.lang.reflect.Method.invoke(Method.java:569)
	at org.springframework.aop.support.AopUtils.invokeJoinpointUsingReflection(AopUtils.java:359)
	at org.springframework.aop.framework.ReflectiveMethodInvocation.invokeJoinpoint(ReflectiveMethodInvocation.java:196)
	at org.springframework.aop.framework.ReflectiveMethodInvocation.proceed(ReflectiveMethodInvocation.java:163)
	at org.springframework.transaction.interceptor.TransactionAspectSupport.invokeWithinTransaction(TransactionAspectSupport.java:380)
	at org.springframework.transaction.interceptor.TransactionInterceptor.invoke(TransactionInterceptor.java:119)
	at org.springframework.aop.framework.ReflectiveMethodInvocation.proceed(ReflectiveMethodInvocation.java:184)
	at org.springframework.aop.framework.CglibAopProxy$DynamicAdvisedInterceptor.intercept(CglibAopProxy.java:727)
	at com.sprint.mission.discodeit.service.basic.BasicReadStatusService$$SpringCGLIB$$0.findAllByUserId(<generated>)
	at com.sprint.mission.discodeit.controller.ReadStatusController.findAllByUserId(ReadStatusController.java:28)
	at jdk.internal.reflect.GeneratedMethodAccessor87.invoke(Unknown Source)
	at java.base/jdk.internal.reflect.DelegatingMethodAccessorImpl.invoke(DelegatingMethodAccessorImpl.java:43)
	at java.base/java.lang.reflect.Method.invoke(Method.java:569)
	at org.springframework.web.method.support.InvocableHandlerMethod.doInvoke(InvocableHandlerMethod.java:255)
	at org.springframework.web.method.support.InvocableHandlerMethod.invokeForRequest(InvocableHandlerMethod.java:188)
	at org.springframework.web.servlet.mvc.method.annotation.ServletInvocableHandlerMethod.invokeAndHandle(ServletInvocableHandlerMethod.java:118)
	at org.springframework.web.servlet.mvc.method.annotation.RequestMappingHandlerAdapter.invokeHandlerMethod(RequestMappingHandlerAdapter.java:986)
	at org.springframework.web.servlet.mvc.method.annotation.RequestMappingHandlerAdapter.handleInternal(RequestMappingHandlerAdapter.java:891)
	at org.springframework.web.servlet.mvc.method.AbstractHandlerMethodAdapter.handle(AbstractHandlerMethodAdapter.java:87)
	at org.springframework.web.servlet.DispatcherServlet.doDispatch(DispatcherServlet.java:1088)
	at org.springframework.web.servlet.DispatcherServlet.doService(DispatcherServlet.java:978)
	at org.springframework.web.servlet.FrameworkServlet.processRequest(FrameworkServlet.java:1014)
	at org.springframework.web.servlet.FrameworkServlet.doGet(FrameworkServlet.java:903)
	at jakarta.servlet.http.HttpServlet.service(HttpServlet.java:564)
	at org.springframework.web.servlet.FrameworkServlet.service(FrameworkServlet.java:885)
	at jakarta.servlet.http.HttpServlet.service(HttpServlet.java:658)
	at org.apache.catalina.core.ApplicationFilterChain.internalDoFilter(ApplicationFilterChain.java:195)
	at org.apache.catalina.core.ApplicationFilterChain.doFilter(ApplicationFilterChain.java:140)
	at org.apache.tomcat.websocket.server.WsFilter.doFilter(WsFilter.java:51)
	at org.apache.catalina.core.ApplicationFilterChain.internalDoFilter(ApplicationFilterChain.java:164)
	at org.apache.catalina.core.ApplicationFilterChain.doFilter(ApplicationFilterChain.java:140)
	at org.springframework.web.filter.CompositeFilter$VirtualFilterChain.doFilter(CompositeFilter.java:108)
	at org.springframework.security.web.FilterChainProxy.lambda$doFilterInternal$3(FilterChainProxy.java:231)
	at org.springframework.security.web.ObservationFilterChainDecorator$FilterObservation$SimpleFilterObservation.lambda$wrap$1(ObservationFilterChainDecorator.java:479)
	at org.springframework.security.web.ObservationFilterChainDecorator$AroundFilterObservation$SimpleAroundFilterObservation.lambda$wrap$1(ObservationFilterChainDecorator.java:340)
	at org.springframework.security.web.ObservationFilterChainDecorator.lambda$wrapSecured$0(ObservationFilterChainDecorator.java:82)
	at org.springframework.security.web.ObservationFilterChainDecorator$VirtualFilterChain.doFilter(ObservationFilterChainDecorator.java:128)
	at org.springframework.security.web.access.intercept.AuthorizationFilter.doFilter(AuthorizationFilter.java:101)
	at org.springframework.security.web.ObservationFilterChainDecorator$ObservationFilter.wrapFilter(ObservationFilterChainDecorator.java:240)
	at org.springframework.security.web.ObservationFilterChainDecorator$ObservationFilter.doFilter(ObservationFilterChainDecorator.java:227)
	at org.springframework.security.web.ObservationFilterChainDecorator$VirtualFilterChain.doFilter(ObservationFilterChainDecorator.java:137)
	at org.springframework.security.web.access.ExceptionTranslationFilter.doFilter(ExceptionTranslationFilter.java:126)
	at org.springframework.security.web.access.ExceptionTranslationFilter.doFilter(ExceptionTranslationFilter.java:120)
	at org.springframework.security.web.ObservationFilterChainDecorator$ObservationFilter.wrapFilter(ObservationFilterChainDecorator.java:240)
	at org.springframework.security.web.ObservationFilterChainDecorator$ObservationFilter.doFilter(ObservationFilterChainDecorator.java:227)
	at org.springframework.security.web.ObservationFilterChainDecorator$VirtualFilterChain.doFilter(ObservationFilterChainDecorator.java:137)
	at org.springframework.security.web.authentication.AnonymousAuthenticationFilter.doFilter(AnonymousAuthenticationFilter.java:100)
	at org.springframework.security.web.ObservationFilterChainDecorator$ObservationFilter.wrapFilter(ObservationFilterChainDecorator.java:240)
	at org.springframework.security.web.ObservationFilterChainDecorator$ObservationFilter.doFilter(ObservationFilterChainDecorator.java:227)
	at org.springframework.security.web.ObservationFilterChainDecorator$VirtualFilterChain.doFilter(ObservationFilterChainDecorator.java:137)
	at org.springframework.security.web.servletapi.SecurityContextHolderAwareRequestFilter.doFilter(SecurityContextHolderAwareRequestFilter.java:179)
	at org.springframework.security.web.ObservationFilterChainDecorator$ObservationFilter.wrapFilter(ObservationFilterChainDecorator.java:240)
	at org.springframework.security.web.ObservationFilterChainDecorator$ObservationFilter.doFilter(ObservationFilterChainDecorator.java:227)
	at org.springframework.security.web.ObservationFilterChainDecorator$VirtualFilterChain.doFilter(ObservationFilterChainDecorator.java:137)
	at org.springframework.security.web.savedrequest.RequestCacheAwareFilter.doFilter(RequestCacheAwareFilter.java:63)
	at org.springframework.security.web.ObservationFilterChainDecorator$ObservationFilter.wrapFilter(ObservationFilterChainDecorator.java:240)
	at org.springframework.security.web.ObservationFilterChainDecorator$ObservationFilter.doFilter(ObservationFilterChainDecorator.java:227)
	at org.springframework.security.web.ObservationFilterChainDecorator$VirtualFilterChain.doFilter(ObservationFilterChainDecorator.java:137)
	at org.springframework.security.web.authentication.logout.LogoutFilter.doFilter(LogoutFilter.java:107)
	at org.springframework.security.web.authentication.logout.LogoutFilter.doFilter(LogoutFilter.java:93)
	at org.springframework.security.web.ObservationFilterChainDecorator$ObservationFilter.wrapFilter(ObservationFilterChainDecorator.java:240)
	at org.springframework.security.web.ObservationFilterChainDecorator$ObservationFilter.doFilter(ObservationFilterChainDecorator.java:227)
	at org.springframework.security.web.ObservationFilterChainDecorator$VirtualFilterChain.doFilter(ObservationFilterChainDecorator.java:137)
	at org.springframework.security.web.header.HeaderWriterFilter.doHeadersAfter(HeaderWriterFilter.java:90)
	at org.springframework.security.web.header.HeaderWriterFilter.doFilterInternal(HeaderWriterFilter.java:75)
	at org.springframework.web.filter.OncePerRequestFilter.doFilter(OncePerRequestFilter.java:116)
	at org.springframework.security.web.ObservationFilterChainDecorator$ObservationFilter.wrapFilter(ObservationFilterChainDecorator.java:240)
	at org.springframework.security.web.ObservationFilterChainDecorator$ObservationFilter.doFilter(ObservationFilterChainDecorator.java:227)
	at org.springframework.security.web.ObservationFilterChainDecorator$VirtualFilterChain.doFilter(ObservationFilterChainDecorator.java:137)
	at org.springframework.security.web.context.SecurityContextHolderFilter.doFilter(SecurityContextHolderFilter.java:82)
	at org.springframework.security.web.context.SecurityContextHolderFilter.doFilter(SecurityContextHolderFilter.java:69)
	at org.springframework.security.web.ObservationFilterChainDecorator$ObservationFilter.wrapFilter(ObservationFilterChainDecorator.java:240)
	at org.springframework.security.web.ObservationFilterChainDecorator$ObservationFilter.doFilter(ObservationFilterChainDecorator.java:227)
	at org.springframework.security.web.ObservationFilterChainDecorator$VirtualFilterChain.doFilter(ObservationFilterChainDecorator.java:137)
	at org.springframework.security.web.context.request.async.WebAsyncManagerIntegrationFilter.doFilterInternal(WebAsyncManagerIntegrationFilter.java:62)
	at org.springframework.web.filter.OncePerRequestFilter.doFilter(OncePerRequestFilter.java:116)
	at org.springframework.security.web.ObservationFilterChainDecorator$ObservationFilter.wrapFilter(ObservationFilterChainDecorator.java:240)
	at org.springframework.security.web.ObservationFilterChainDecorator$ObservationFilter.doFilter(ObservationFilterChainDecorator.java:227)
	at org.springframework.security.web.ObservationFilterChainDecorator$VirtualFilterChain.doFilter(ObservationFilterChainDecorator.java:137)
	at org.springframework.security.web.session.DisableEncodeUrlFilter.doFilterInternal(DisableEncodeUrlFilter.java:42)
	at org.springframework.web.filter.OncePerRequestFilter.doFilter(OncePerRequestFilter.java:116)
	at org.springframework.security.web.ObservationFilterChainDecorator$ObservationFilter.wrapFilter(ObservationFilterChainDecorator.java:240)
	at org.springframework.security.web.ObservationFilterChainDecorator$AroundFilterObservation$SimpleAroundFilterObservation.lambda$wrap$0(ObservationFilterChainDecorator.java:323)
	at org.springframework.security.web.ObservationFilterChainDecorator$ObservationFilter.doFilter(ObservationFilterChainDecorator.java:224)
	at org.springframework.security.web.ObservationFilterChainDecorator$VirtualFilterChain.doFilter(ObservationFilterChainDecorator.java:137)
	at org.springframework.security.web.FilterChainProxy.doFilterInternal(FilterChainProxy.java:233)
	at org.springframework.security.web.FilterChainProxy.doFilter(FilterChainProxy.java:191)
	at org.springframework.web.filter.CompositeFilter$VirtualFilterChain.doFilter(CompositeFilter.java:113)
	at org.springframework.web.servlet.handler.HandlerMappingIntrospector.lambda$createCacheFilter$3(HandlerMappingIntrospector.java:243)
	at org.springframework.web.filter.CompositeFilter$VirtualFilterChain.doFilter(CompositeFilter.java:113)
	at org.springframework.web.filter.CompositeFilter.doFilter(CompositeFilter.java:74)
	at org.springframework.security.config.annotation.web.configuration.WebMvcSecurityConfiguration$CompositeFilterChainProxy.doFilter(WebMvcSecurityConfiguration.java:238)
	at org.springframework.web.filter.DelegatingFilterProxy.invokeDelegate(DelegatingFilterProxy.java:362)
	at org.springframework.web.filter.DelegatingFilterProxy.doFilter(DelegatingFilterProxy.java:278)
	at org.apache.catalina.core.ApplicationFilterChain.internalDoFilter(ApplicationFilterChain.java:164)
	at org.apache.catalina.core.ApplicationFilterChain.doFilter(ApplicationFilterChain.java:140)
	at org.springframework.web.filter.RequestContextFilter.doFilterInternal(RequestContextFilter.java:100)
	at org.springframework.web.filter.OncePerRequestFilter.doFilter(OncePerRequestFilter.java:116)
	at org.apache.catalina.core.ApplicationFilterChain.internalDoFilter(ApplicationFilterChain.java:164)
	at org.apache.catalina.core.ApplicationFilterChain.doFilter(ApplicationFilterChain.java:140)
	at org.springframework.web.filter.FormContentFilter.doFilterInternal(FormContentFilter.java:93)
	at org.springframework.web.filter.OncePerRequestFilter.doFilter(OncePerRequestFilter.java:116)
	at org.apache.catalina.core.ApplicationFilterChain.internalDoFilter(ApplicationFilterChain.java:164)
	at org.apache.catalina.core.ApplicationFilterChain.doFilter(ApplicationFilterChain.java:140)
	at org.springframework.web.filter.ServerHttpObservationFilter.doFilterInternal(ServerHttpObservationFilter.java:114)
	at org.springframework.web.filter.OncePerRequestFilter.doFilter(OncePerRequestFilter.java:116)
	at org.apache.catalina.core.ApplicationFilterChain.internalDoFilter(ApplicationFilterChain.java:164)
	at org.apache.catalina.core.ApplicationFilterChain.doFilter(ApplicationFilterChain.java:140)
	at org.springframework.web.filter.CharacterEncodingFilter.doFilterInternal(CharacterEncodingFilter.java:201)
	at org.springframework.web.filter.OncePerRequestFilter.doFilter(OncePerRequestFilter.java:116)
	at org.apache.catalina.core.ApplicationFilterChain.internalDoFilter(ApplicationFilterChain.java:164)
	at org.apache.catalina.core.ApplicationFilterChain.doFilter(ApplicationFilterChain.java:140)
	at org.apache.catalina.core.StandardWrapperValve.invoke(StandardWrapperValve.java:167)
	at org.apache.catalina.core.StandardContextValve.invoke(StandardContextValve.java:90)
	at org.apache.catalina.authenticator.AuthenticatorBase.invoke(AuthenticatorBase.java:483)
	at org.apache.catalina.core.StandardHostValve.invoke(StandardHostValve.java:115)
	at org.apache.catalina.valves.ErrorReportValve.invoke(ErrorReportValve.java:93)
	at org.apache.catalina.core.StandardEngineValve.invoke(StandardEngineValve.java:74)
	at org.apache.catalina.connector.CoyoteAdapter.service(CoyoteAdapter.java:344)
	at org.apache.coyote.http11.Http11Processor.service(Http11Processor.java:397)
	at org.apache.coyote.AbstractProcessorLight.process(AbstractProcessorLight.java:63)
	at org.apache.coyote.AbstractProtocol$ConnectionHandler.process(AbstractProtocol.java:905)
	at org.apache.tomcat.util.net.NioEndpoint$SocketProcessor.doRun(NioEndpoint.java:1741)
	at org.apache.tomcat.util.net.SocketProcessorBase.run(SocketProcessorBase.java:52)
	at org.apache.tomcat.util.threads.ThreadPoolExecutor.runWorker(ThreadPoolExecutor.java:1190)
	at org.apache.tomcat.util.threads.ThreadPoolExecutor$Worker.run(ThreadPoolExecutor.java:659)
	at org.apache.tomcat.util.threads.TaskThread$WrappingRunnable.run(TaskThread.java:63)
	at java.base/java.lang.Thread.run(Thread.java:840)
Caused by: org.hibernate.NonUniqueResultException: Query did not return a unique result: 2 results were returned
	at org.hibernate.query.spi.AbstractSelectionQuery.uniqueElement(AbstractSelectionQuery.java:298)
	at org.hibernate.query.spi.AbstractSelectionQuery.getSingleResult(AbstractSelectionQuery.java:281)
	at org.springframework.data.jpa.repository.query.JpaQueryExecution$SingleEntityExecution.doExecute(JpaQueryExecution.java:224)
	at org.springframework.data.jpa.repository.query.JpaQueryExecution.execute(JpaQueryExecution.java:93)
	at org.springframework.data.jpa.repository.query.AbstractJpaQuery.doExecute(AbstractJpaQuery.java:152)
	at org.springframework.data.jpa.repository.query.AbstractJpaQuery.execute(AbstractJpaQuery.java:140)
	at org.springframework.data.repository.core.support.RepositoryMethodInvoker.doInvoke(RepositoryMethodInvoker.java:170)
	at org.springframework.data.repository.core.support.RepositoryMethodInvoker.invoke(RepositoryMethodInvoker.java:158)
	at org.springframework.data.repository.core.support.QueryExecutorMethodInterceptor.doInvoke(QueryExecutorMethodInterceptor.java:170)
	at org.springframework.data.repository.core.support.QueryExecutorMethodInterceptor.invoke(QueryExecutorMethodInterceptor.java:149)
	at org.springframework.aop.framework.ReflectiveMethodInvocation.proceed(ReflectiveMethodInvocation.java:184)
	at org.springframework.data.projection.DefaultMethodInvokingMethodInterceptor.invoke(DefaultMethodInvokingMethodInterceptor.java:69)
	at org.springframework.aop.framework.ReflectiveMethodInvocation.proceed(ReflectiveMethodInvocation.java:184)
	at org.springframework.transaction.interceptor.TransactionAspectSupport.invokeWithinTransaction(TransactionAspectSupport.java:380)
	at org.springframework.transaction.interceptor.TransactionInterceptor.invoke(TransactionInterceptor.java:119)
	at org.springframework.aop.framework.ReflectiveMethodInvocation.proceed(ReflectiveMethodInvocation.java:184)
	at org.springframework.dao.support.PersistenceExceptionTranslationInterceptor.invoke(PersistenceExceptionTranslationInterceptor.java:138)
	... 146 common frames omitted
2026-03-31 00:29:16.488 [http-nio-8080-exec-9] DEBUG [fc65116c] c.s.m.d.controller.MessageController -
        Fetching messages for channel: e054663f-79db-41a6-8385-68e22f93f0dc, cursor: null, size: 50
2026-03-31 00:29:19.489 [http-nio-8080-exec-2] DEBUG [53dc4207] c.s.m.d.s.basic.BasicChannelService  -
        Finding all channels for user: 1e2f6353-d975-4eb4-9c11-d8e8674fb0a6
2026-03-31 00:29:19.504 [http-nio-8080-exec-3] DEBUG [5ba046df] c.s.m.d.c.ReadStatusController       -
        Fetching read statuses for user: 1e2f6353-d975-4eb4-9c11-d8e8674fb0a6
2026-03-31 00:29:19.504 [http-nio-8080-exec-3] DEBUG [5ba046df] c.s.m.d.s.b.BasicReadStatusService   -
        Fetching/Allocating read statuses for user: 1e2f6353-d975-4eb4-9c11-d8e8674fb0a6
2026-03-31 00:29:19.511 [http-nio-8080-exec-3] ERROR [5ba046df] c.s.m.d.c.GlobalExceptionHandler     -
        Internal Server Error: 
org.springframework.dao.IncorrectResultSizeDataAccessException: Query did not return a unique result: 2 results were returned
	at org.springframework.orm.jpa.vendor.HibernateJpaDialect.convertHibernateAccessException(HibernateJpaDialect.java:301)
	at org.springframework.orm.jpa.vendor.HibernateJpaDialect.translateExceptionIfPossible(HibernateJpaDialect.java:244)
	at org.springframework.orm.jpa.AbstractEntityManagerFactoryBean.translateExceptionIfPossible(AbstractEntityManagerFactoryBean.java:560)
	at org.springframework.dao.support.ChainedPersistenceExceptionTranslator.translateExceptionIfPossible(ChainedPersistenceExceptionTranslator.java:61)
	at org.springframework.dao.support.DataAccessUtils.translateIfNecessary(DataAccessUtils.java:343)
	at org.springframework.dao.support.PersistenceExceptionTranslationInterceptor.invoke(PersistenceExceptionTranslationInterceptor.java:160)
	at org.springframework.aop.framework.ReflectiveMethodInvocation.proceed(ReflectiveMethodInvocation.java:184)
	at org.springframework.data.jpa.repository.support.CrudMethodMetadataPostProcessor$CrudMethodMetadataPopulatingMethodInterceptor.invoke(CrudMethodMetadataPostProcessor.java:136)
	at org.springframework.aop.framework.ReflectiveMethodInvocation.proceed(ReflectiveMethodInvocation.java:184)
	at org.springframework.aop.framework.JdkDynamicAopProxy.invoke(JdkDynamicAopProxy.java:223)
	at jdk.proxy2/jdk.proxy2.$Proxy185.findByUserIdAndChannelId(Unknown Source)
	at com.sprint.mission.discodeit.service.basic.BasicReadStatusService.lambda$findAllByUserId$2(BasicReadStatusService.java:48)
	at java.base/java.util.stream.ReferencePipeline$3$1.accept(ReferencePipeline.java:197)
	at java.base/java.util.ArrayList$ArrayListSpliterator.forEachRemaining(ArrayList.java:1625)
	at java.base/java.util.stream.AbstractPipeline.copyInto(AbstractPipeline.java:509)
	at java.base/java.util.stream.AbstractPipeline.wrapAndCopyInto(AbstractPipeline.java:499)
	at java.base/java.util.stream.AbstractPipeline.evaluate(AbstractPipeline.java:575)
	at java.base/java.util.stream.AbstractPipeline.evaluateToArrayNode(AbstractPipeline.java:260)
	at java.base/java.util.stream.ReferencePipeline.toArray(ReferencePipeline.java:616)
	at java.base/java.util.stream.ReferencePipeline.toArray(ReferencePipeline.java:622)
	at java.base/java.util.stream.ReferencePipeline.toList(ReferencePipeline.java:627)
	at com.sprint.mission.discodeit.service.basic.BasicReadStatusService.findAllByUserId(BasicReadStatusService.java:60)
	at jdk.internal.reflect.GeneratedMethodAccessor88.invoke(Unknown Source)
	at java.base/jdk.internal.reflect.DelegatingMethodAccessorImpl.invoke(DelegatingMethodAccessorImpl.java:43)
	at java.base/java.lang.reflect.Method.invoke(Method.java:569)
	at org.springframework.aop.support.AopUtils.invokeJoinpointUsingReflection(AopUtils.java:359)
	at org.springframework.aop.framework.ReflectiveMethodInvocation.invokeJoinpoint(ReflectiveMethodInvocation.java:196)
	at org.springframework.aop.framework.ReflectiveMethodInvocation.proceed(ReflectiveMethodInvocation.java:163)
	at org.springframework.transaction.interceptor.TransactionAspectSupport.invokeWithinTransaction(TransactionAspectSupport.java:380)
	at org.springframework.transaction.interceptor.TransactionInterceptor.invoke(TransactionInterceptor.java:119)
	at org.springframework.aop.framework.ReflectiveMethodInvocation.proceed(ReflectiveMethodInvocation.java:184)
	at org.springframework.aop.framework.CglibAopProxy$DynamicAdvisedInterceptor.intercept(CglibAopProxy.java:727)
	at com.sprint.mission.discodeit.service.basic.BasicReadStatusService$$SpringCGLIB$$0.findAllByUserId(<generated>)
	at com.sprint.mission.discodeit.controller.ReadStatusController.findAllByUserId(ReadStatusController.java:28)
	at jdk.internal.reflect.GeneratedMethodAccessor87.invoke(Unknown Source)
	at java.base/jdk.internal.reflect.DelegatingMethodAccessorImpl.invoke(DelegatingMethodAccessorImpl.java:43)
	at java.base/java.lang.reflect.Method.invoke(Method.java:569)
	at org.springframework.web.method.support.InvocableHandlerMethod.doInvoke(InvocableHandlerMethod.java:255)
	at org.springframework.web.method.support.InvocableHandlerMethod.invokeForRequest(InvocableHandlerMethod.java:188)
	at org.springframework.web.servlet.mvc.method.annotation.ServletInvocableHandlerMethod.invokeAndHandle(ServletInvocableHandlerMethod.java:118)
	at org.springframework.web.servlet.mvc.method.annotation.RequestMappingHandlerAdapter.invokeHandlerMethod(RequestMappingHandlerAdapter.java:986)
	at org.springframework.web.servlet.mvc.method.annotation.RequestMappingHandlerAdapter.handleInternal(RequestMappingHandlerAdapter.java:891)
	at org.springframework.web.servlet.mvc.method.AbstractHandlerMethodAdapter.handle(AbstractHandlerMethodAdapter.java:87)
	at org.springframework.web.servlet.DispatcherServlet.doDispatch(DispatcherServlet.java:1088)
	at org.springframework.web.servlet.DispatcherServlet.doService(DispatcherServlet.java:978)
	at org.springframework.web.servlet.FrameworkServlet.processRequest(FrameworkServlet.java:1014)
	at org.springframework.web.servlet.FrameworkServlet.doGet(FrameworkServlet.java:903)
	at jakarta.servlet.http.HttpServlet.service(HttpServlet.java:564)
	at org.springframework.web.servlet.FrameworkServlet.service(FrameworkServlet.java:885)
	at jakarta.servlet.http.HttpServlet.service(HttpServlet.java:658)
	at org.apache.catalina.core.ApplicationFilterChain.internalDoFilter(ApplicationFilterChain.java:195)
	at org.apache.catalina.core.ApplicationFilterChain.doFilter(ApplicationFilterChain.java:140)
	at org.apache.tomcat.websocket.server.WsFilter.doFilter(WsFilter.java:51)
	at org.apache.catalina.core.ApplicationFilterChain.internalDoFilter(ApplicationFilterChain.java:164)
	at org.apache.catalina.core.ApplicationFilterChain.doFilter(ApplicationFilterChain.java:140)
	at org.springframework.web.filter.CompositeFilter$VirtualFilterChain.doFilter(CompositeFilter.java:108)
	at org.springframework.security.web.FilterChainProxy.lambda$doFilterInternal$3(FilterChainProxy.java:231)
	at org.springframework.security.web.ObservationFilterChainDecorator$FilterObservation$SimpleFilterObservation.lambda$wrap$1(ObservationFilterChainDecorator.java:479)
	at org.springframework.security.web.ObservationFilterChainDecorator$AroundFilterObservation$SimpleAroundFilterObservation.lambda$wrap$1(ObservationFilterChainDecorator.java:340)
	at org.springframework.security.web.ObservationFilterChainDecorator.lambda$wrapSecured$0(ObservationFilterChainDecorator.java:82)
	at org.springframework.security.web.ObservationFilterChainDecorator$VirtualFilterChain.doFilter(ObservationFilterChainDecorator.java:128)
	at org.springframework.security.web.access.intercept.AuthorizationFilter.doFilter(AuthorizationFilter.java:101)
	at org.springframework.security.web.ObservationFilterChainDecorator$ObservationFilter.wrapFilter(ObservationFilterChainDecorator.java:240)
	at org.springframework.security.web.ObservationFilterChainDecorator$ObservationFilter.doFilter(ObservationFilterChainDecorator.java:227)
	at org.springframework.security.web.ObservationFilterChainDecorator$VirtualFilterChain.doFilter(ObservationFilterChainDecorator.java:137)
	at org.springframework.security.web.access.ExceptionTranslationFilter.doFilter(ExceptionTranslationFilter.java:126)
	at org.springframework.security.web.access.ExceptionTranslationFilter.doFilter(ExceptionTranslationFilter.java:120)
	at org.springframework.security.web.ObservationFilterChainDecorator$ObservationFilter.wrapFilter(ObservationFilterChainDecorator.java:240)
	at org.springframework.security.web.ObservationFilterChainDecorator$ObservationFilter.doFilter(ObservationFilterChainDecorator.java:227)
	at org.springframework.security.web.ObservationFilterChainDecorator$VirtualFilterChain.doFilter(ObservationFilterChainDecorator.java:137)
	at org.springframework.security.web.authentication.AnonymousAuthenticationFilter.doFilter(AnonymousAuthenticationFilter.java:100)
	at org.springframework.security.web.ObservationFilterChainDecorator$ObservationFilter.wrapFilter(ObservationFilterChainDecorator.java:240)
	at org.springframework.security.web.ObservationFilterChainDecorator$ObservationFilter.doFilter(ObservationFilterChainDecorator.java:227)
	at org.springframework.security.web.ObservationFilterChainDecorator$VirtualFilterChain.doFilter(ObservationFilterChainDecorator.java:137)
	at org.springframework.security.web.servletapi.SecurityContextHolderAwareRequestFilter.doFilter(SecurityContextHolderAwareRequestFilter.java:179)
	at org.springframework.security.web.ObservationFilterChainDecorator$ObservationFilter.wrapFilter(ObservationFilterChainDecorator.java:240)
	at org.springframework.security.web.ObservationFilterChainDecorator$ObservationFilter.doFilter(ObservationFilterChainDecorator.java:227)
	at org.springframework.security.web.ObservationFilterChainDecorator$VirtualFilterChain.doFilter(ObservationFilterChainDecorator.java:137)
	at org.springframework.security.web.savedrequest.RequestCacheAwareFilter.doFilter(RequestCacheAwareFilter.java:63)
	at org.springframework.security.web.ObservationFilterChainDecorator$ObservationFilter.wrapFilter(ObservationFilterChainDecorator.java:240)
	at org.springframework.security.web.ObservationFilterChainDecorator$ObservationFilter.doFilter(ObservationFilterChainDecorator.java:227)
	at org.springframework.security.web.ObservationFilterChainDecorator$VirtualFilterChain.doFilter(ObservationFilterChainDecorator.java:137)
	at org.springframework.security.web.authentication.logout.LogoutFilter.doFilter(LogoutFilter.java:107)
	at org.springframework.security.web.authentication.logout.LogoutFilter.doFilter(LogoutFilter.java:93)
	at org.springframework.security.web.ObservationFilterChainDecorator$ObservationFilter.wrapFilter(ObservationFilterChainDecorator.java:240)
	at org.springframework.security.web.ObservationFilterChainDecorator$ObservationFilter.doFilter(ObservationFilterChainDecorator.java:227)
	at org.springframework.security.web.ObservationFilterChainDecorator$VirtualFilterChain.doFilter(ObservationFilterChainDecorator.java:137)
	at org.springframework.security.web.header.HeaderWriterFilter.doHeadersAfter(HeaderWriterFilter.java:90)
	at org.springframework.security.web.header.HeaderWriterFilter.doFilterInternal(HeaderWriterFilter.java:75)
	at org.springframework.web.filter.OncePerRequestFilter.doFilter(OncePerRequestFilter.java:116)
	at org.springframework.security.web.ObservationFilterChainDecorator$ObservationFilter.wrapFilter(ObservationFilterChainDecorator.java:240)
	at org.springframework.security.web.ObservationFilterChainDecorator$ObservationFilter.doFilter(ObservationFilterChainDecorator.java:227)
	at org.springframework.security.web.ObservationFilterChainDecorator$VirtualFilterChain.doFilter(ObservationFilterChainDecorator.java:137)
	at org.springframework.security.web.context.SecurityContextHolderFilter.doFilter(SecurityContextHolderFilter.java:82)
	at org.springframework.security.web.context.SecurityContextHolderFilter.doFilter(SecurityContextHolderFilter.java:69)
	at org.springframework.security.web.ObservationFilterChainDecorator$ObservationFilter.wrapFilter(ObservationFilterChainDecorator.java:240)
	at org.springframework.security.web.ObservationFilterChainDecorator$ObservationFilter.doFilter(ObservationFilterChainDecorator.java:227)
	at org.springframework.security.web.ObservationFilterChainDecorator$VirtualFilterChain.doFilter(ObservationFilterChainDecorator.java:137)
	at org.springframework.security.web.context.request.async.WebAsyncManagerIntegrationFilter.doFilterInternal(WebAsyncManagerIntegrationFilter.java:62)
	at org.springframework.web.filter.OncePerRequestFilter.doFilter(OncePerRequestFilter.java:116)
	at org.springframework.security.web.ObservationFilterChainDecorator$ObservationFilter.wrapFilter(ObservationFilterChainDecorator.java:240)
	at org.springframework.security.web.ObservationFilterChainDecorator$ObservationFilter.doFilter(ObservationFilterChainDecorator.java:227)
	at org.springframework.security.web.ObservationFilterChainDecorator$VirtualFilterChain.doFilter(ObservationFilterChainDecorator.java:137)
	at org.springframework.security.web.session.DisableEncodeUrlFilter.doFilterInternal(DisableEncodeUrlFilter.java:42)
	at org.springframework.web.filter.OncePerRequestFilter.doFilter(OncePerRequestFilter.java:116)
	at org.springframework.security.web.ObservationFilterChainDecorator$ObservationFilter.wrapFilter(ObservationFilterChainDecorator.java:240)
	at org.springframework.security.web.ObservationFilterChainDecorator$AroundFilterObservation$SimpleAroundFilterObservation.lambda$wrap$0(ObservationFilterChainDecorator.java:323)
	at org.springframework.security.web.ObservationFilterChainDecorator$ObservationFilter.doFilter(ObservationFilterChainDecorator.java:224)
	at org.springframework.security.web.ObservationFilterChainDecorator$VirtualFilterChain.doFilter(ObservationFilterChainDecorator.java:137)
	at org.springframework.security.web.FilterChainProxy.doFilterInternal(FilterChainProxy.java:233)
	at org.springframework.security.web.FilterChainProxy.doFilter(FilterChainProxy.java:191)
	at org.springframework.web.filter.CompositeFilter$VirtualFilterChain.doFilter(CompositeFilter.java:113)
	at org.springframework.web.servlet.handler.HandlerMappingIntrospector.lambda$createCacheFilter$3(HandlerMappingIntrospector.java:243)
	at org.springframework.web.filter.CompositeFilter$VirtualFilterChain.doFilter(CompositeFilter.java:113)
	at org.springframework.web.filter.CompositeFilter.doFilter(CompositeFilter.java:74)
	at org.springframework.security.config.annotation.web.configuration.WebMvcSecurityConfiguration$CompositeFilterChainProxy.doFilter(WebMvcSecurityConfiguration.java:238)
	at org.springframework.web.filter.DelegatingFilterProxy.invokeDelegate(DelegatingFilterProxy.java:362)
	at org.springframework.web.filter.DelegatingFilterProxy.doFilter(DelegatingFilterProxy.java:278)
	at org.apache.catalina.core.ApplicationFilterChain.internalDoFilter(ApplicationFilterChain.java:164)
	at org.apache.catalina.core.ApplicationFilterChain.doFilter(ApplicationFilterChain.java:140)
	at org.springframework.web.filter.RequestContextFilter.doFilterInternal(RequestContextFilter.java:100)
	at org.springframework.web.filter.OncePerRequestFilter.doFilter(OncePerRequestFilter.java:116)
	at org.apache.catalina.core.ApplicationFilterChain.internalDoFilter(ApplicationFilterChain.java:164)
	at org.apache.catalina.core.ApplicationFilterChain.doFilter(ApplicationFilterChain.java:140)
	at org.springframework.web.filter.FormContentFilter.doFilterInternal(FormContentFilter.java:93)
	at org.springframework.web.filter.OncePerRequestFilter.doFilter(OncePerRequestFilter.java:116)
	at org.apache.catalina.core.ApplicationFilterChain.internalDoFilter(ApplicationFilterChain.java:164)
	at org.apache.catalina.core.ApplicationFilterChain.doFilter(ApplicationFilterChain.java:140)
	at org.springframework.web.filter.ServerHttpObservationFilter.doFilterInternal(ServerHttpObservationFilter.java:114)
	at org.springframework.web.filter.OncePerRequestFilter.doFilter(OncePerRequestFilter.java:116)
	at org.apache.catalina.core.ApplicationFilterChain.internalDoFilter(ApplicationFilterChain.java:164)
	at org.apache.catalina.core.ApplicationFilterChain.doFilter(ApplicationFilterChain.java:140)
	at org.springframework.web.filter.CharacterEncodingFilter.doFilterInternal(CharacterEncodingFilter.java:201)
	at org.springframework.web.filter.OncePerRequestFilter.doFilter(OncePerRequestFilter.java:116)
	at org.apache.catalina.core.ApplicationFilterChain.internalDoFilter(ApplicationFilterChain.java:164)
	at org.apache.catalina.core.ApplicationFilterChain.doFilter(ApplicationFilterChain.java:140)
	at org.apache.catalina.core.StandardWrapperValve.invoke(StandardWrapperValve.java:167)
	at org.apache.catalina.core.StandardContextValve.invoke(StandardContextValve.java:90)
	at org.apache.catalina.authenticator.AuthenticatorBase.invoke(AuthenticatorBase.java:483)
	at org.apache.catalina.core.StandardHostValve.invoke(StandardHostValve.java:115)
	at org.apache.catalina.valves.ErrorReportValve.invoke(ErrorReportValve.java:93)
	at org.apache.catalina.core.StandardEngineValve.invoke(StandardEngineValve.java:74)
	at org.apache.catalina.connector.CoyoteAdapter.service(CoyoteAdapter.java:344)
	at org.apache.coyote.http11.Http11Processor.service(Http11Processor.java:397)
	at org.apache.coyote.AbstractProcessorLight.process(AbstractProcessorLight.java:63)
	at org.apache.coyote.AbstractProtocol$ConnectionHandler.process(AbstractProtocol.java:905)
	at org.apache.tomcat.util.net.NioEndpoint$SocketProcessor.doRun(NioEndpoint.java:1741)
	at org.apache.tomcat.util.net.SocketProcessorBase.run(SocketProcessorBase.java:52)
	at org.apache.tomcat.util.threads.ThreadPoolExecutor.runWorker(ThreadPoolExecutor.java:1190)
	at org.apache.tomcat.util.threads.ThreadPoolExecutor$Worker.run(ThreadPoolExecutor.java:659)
	at org.apache.tomcat.util.threads.TaskThread$WrappingRunnable.run(TaskThread.java:63)
	at java.base/java.lang.Thread.run(Thread.java:840)
Caused by: org.hibernate.NonUniqueResultException: Query did not return a unique result: 2 results were returned
	at org.hibernate.query.spi.AbstractSelectionQuery.uniqueElement(AbstractSelectionQuery.java:298)
	at org.hibernate.query.spi.AbstractSelectionQuery.getSingleResult(AbstractSelectionQuery.java:281)
	at org.springframework.data.jpa.repository.query.JpaQueryExecution$SingleEntityExecution.doExecute(JpaQueryExecution.java:224)
	at org.springframework.data.jpa.repository.query.JpaQueryExecution.execute(JpaQueryExecution.java:93)
	at org.springframework.data.jpa.repository.query.AbstractJpaQuery.doExecute(AbstractJpaQuery.java:152)
	at org.springframework.data.jpa.repository.query.AbstractJpaQuery.execute(AbstractJpaQuery.java:140)
	at org.springframework.data.repository.core.support.RepositoryMethodInvoker.doInvoke(RepositoryMethodInvoker.java:170)
	at org.springframework.data.repository.core.support.RepositoryMethodInvoker.invoke(RepositoryMethodInvoker.java:158)
	at org.springframework.data.repository.core.support.QueryExecutorMethodInterceptor.doInvoke(QueryExecutorMethodInterceptor.java:170)
	at org.springframework.data.repository.core.support.QueryExecutorMethodInterceptor.invoke(QueryExecutorMethodInterceptor.java:149)
	at org.springframework.aop.framework.ReflectiveMethodInvocation.proceed(ReflectiveMethodInvocation.java:184)
	at org.springframework.data.projection.DefaultMethodInvokingMethodInterceptor.invoke(DefaultMethodInvokingMethodInterceptor.java:69)
	at org.springframework.aop.framework.ReflectiveMethodInvocation.proceed(ReflectiveMethodInvocation.java:184)
	at org.springframework.transaction.interceptor.TransactionAspectSupport.invokeWithinTransaction(TransactionAspectSupport.java:380)
	at org.springframework.transaction.interceptor.TransactionInterceptor.invoke(TransactionInterceptor.java:119)
	at org.springframework.aop.framework.ReflectiveMethodInvocation.proceed(ReflectiveMethodInvocation.java:184)
	at org.springframework.dao.support.PersistenceExceptionTranslationInterceptor.invoke(PersistenceExceptionTranslationInterceptor.java:138)
	... 146 common frames omitted
2026-03-31 00:29:20.488 [http-nio-8080-exec-6] DEBUG [13836e0c] c.s.m.d.controller.MessageController -
        Fetching messages for channel: e054663f-79db-41a6-8385-68e22f93f0dc, cursor: null, size: 50
2026-03-31 00:29:22.494 [http-nio-8080-exec-4] DEBUG [6a56d426] c.s.m.d.s.basic.BasicChannelService  -
        Finding all channels for user: 1e2f6353-d975-4eb4-9c11-d8e8674fb0a6
2026-03-31 00:29:22.505 [http-nio-8080-exec-5] DEBUG [8ebacdc8] c.s.m.d.c.ReadStatusController       -
        Fetching read statuses for user: 1e2f6353-d975-4eb4-9c11-d8e8674fb0a6
2026-03-31 00:29:22.505 [http-nio-8080-exec-5] DEBUG [8ebacdc8] c.s.m.d.s.b.BasicReadStatusService   -
        Fetching/Allocating read statuses for user: 1e2f6353-d975-4eb4-9c11-d8e8674fb0a6
2026-03-31 00:29:22.505 [http-nio-8080-exec-5] ERROR [8ebacdc8] c.s.m.d.c.GlobalExceptionHandler     -
        Internal Server Error: 
org.springframework.dao.IncorrectResultSizeDataAccessException: Query did not return a unique result: 2 results were returned
	at org.springframework.orm.jpa.vendor.HibernateJpaDialect.convertHibernateAccessException(HibernateJpaDialect.java:301)
	at org.springframework.orm.jpa.vendor.HibernateJpaDialect.translateExceptionIfPossible(HibernateJpaDialect.java:244)
	at org.springframework.orm.jpa.AbstractEntityManagerFactoryBean.translateExceptionIfPossible(AbstractEntityManagerFactoryBean.java:560)
	at org.springframework.dao.support.ChainedPersistenceExceptionTranslator.translateExceptionIfPossible(ChainedPersistenceExceptionTranslator.java:61)
	at org.springframework.dao.support.DataAccessUtils.translateIfNecessary(DataAccessUtils.java:343)
	at org.springframework.dao.support.PersistenceExceptionTranslationInterceptor.invoke(PersistenceExceptionTranslationInterceptor.java:160)
	at org.springframework.aop.framework.ReflectiveMethodInvocation.proceed(ReflectiveMethodInvocation.java:184)
	at org.springframework.data.jpa.repository.support.CrudMethodMetadataPostProcessor$CrudMethodMetadataPopulatingMethodInterceptor.invoke(CrudMethodMetadataPostProcessor.java:136)
	at org.springframework.aop.framework.ReflectiveMethodInvocation.proceed(ReflectiveMethodInvocation.java:184)
	at org.springframework.aop.framework.JdkDynamicAopProxy.invoke(JdkDynamicAopProxy.java:223)
	at jdk.proxy2/jdk.proxy2.$Proxy185.findByUserIdAndChannelId(Unknown Source)
	at com.sprint.mission.discodeit.service.basic.BasicReadStatusService.lambda$findAllByUserId$2(BasicReadStatusService.java:48)
	at java.base/java.util.stream.ReferencePipeline$3$1.accept(ReferencePipeline.java:197)
	at java.base/java.util.ArrayList$ArrayListSpliterator.forEachRemaining(ArrayList.java:1625)
	at java.base/java.util.stream.AbstractPipeline.copyInto(AbstractPipeline.java:509)
	at java.base/java.util.stream.AbstractPipeline.wrapAndCopyInto(AbstractPipeline.java:499)
	at java.base/java.util.stream.AbstractPipeline.evaluate(AbstractPipeline.java:575)
	at java.base/java.util.stream.AbstractPipeline.evaluateToArrayNode(AbstractPipeline.java:260)
	at java.base/java.util.stream.ReferencePipeline.toArray(ReferencePipeline.java:616)
	at java.base/java.util.stream.ReferencePipeline.toArray(ReferencePipeline.java:622)
	at java.base/java.util.stream.ReferencePipeline.toList(ReferencePipeline.java:627)
	at com.sprint.mission.discodeit.service.basic.BasicReadStatusService.findAllByUserId(BasicReadStatusService.java:60)
	at jdk.internal.reflect.GeneratedMethodAccessor88.invoke(Unknown Source)
	at java.base/jdk.internal.reflect.DelegatingMethodAccessorImpl.invoke(DelegatingMethodAccessorImpl.java:43)
	at java.base/java.lang.reflect.Method.invoke(Method.java:569)
	at org.springframework.aop.support.AopUtils.invokeJoinpointUsingReflection(AopUtils.java:359)
	at org.springframework.aop.framework.ReflectiveMethodInvocation.invokeJoinpoint(ReflectiveMethodInvocation.java:196)
	at org.springframework.aop.framework.ReflectiveMethodInvocation.proceed(ReflectiveMethodInvocation.java:163)
	at org.springframework.transaction.interceptor.TransactionAspectSupport.invokeWithinTransaction(TransactionAspectSupport.java:380)
	at org.springframework.transaction.interceptor.TransactionInterceptor.invoke(TransactionInterceptor.java:119)
	at org.springframework.aop.framework.ReflectiveMethodInvocation.proceed(ReflectiveMethodInvocation.java:184)
	at org.springframework.aop.framework.CglibAopProxy$DynamicAdvisedInterceptor.intercept(CglibAopProxy.java:727)
	at com.sprint.mission.discodeit.service.basic.BasicReadStatusService$$SpringCGLIB$$0.findAllByUserId(<generated>)
	at com.sprint.mission.discodeit.controller.ReadStatusController.findAllByUserId(ReadStatusController.java:28)
	at jdk.internal.reflect.GeneratedMethodAccessor87.invoke(Unknown Source)
	at java.base/jdk.internal.reflect.DelegatingMethodAccessorImpl.invoke(DelegatingMethodAccessorImpl.java:43)
	at java.base/java.lang.reflect.Method.invoke(Method.java:569)
	at org.springframework.web.method.support.InvocableHandlerMethod.doInvoke(InvocableHandlerMethod.java:255)
	at org.springframework.web.method.support.InvocableHandlerMethod.invokeForRequest(InvocableHandlerMethod.java:188)
	at org.springframework.web.servlet.mvc.method.annotation.ServletInvocableHandlerMethod.invokeAndHandle(ServletInvocableHandlerMethod.java:118)
	at org.springframework.web.servlet.mvc.method.annotation.RequestMappingHandlerAdapter.invokeHandlerMethod(RequestMappingHandlerAdapter.java:986)
	at org.springframework.web.servlet.mvc.method.annotation.RequestMappingHandlerAdapter.handleInternal(RequestMappingHandlerAdapter.java:891)
	at org.springframework.web.servlet.mvc.method.AbstractHandlerMethodAdapter.handle(AbstractHandlerMethodAdapter.java:87)
	at org.springframework.web.servlet.DispatcherServlet.doDispatch(DispatcherServlet.java:1088)
	at org.springframework.web.servlet.DispatcherServlet.doService(DispatcherServlet.java:978)
	at org.springframework.web.servlet.FrameworkServlet.processRequest(FrameworkServlet.java:1014)
	at org.springframework.web.servlet.FrameworkServlet.doGet(FrameworkServlet.java:903)
	at jakarta.servlet.http.HttpServlet.service(HttpServlet.java:564)
	at org.springframework.web.servlet.FrameworkServlet.service(FrameworkServlet.java:885)
	at jakarta.servlet.http.HttpServlet.service(HttpServlet.java:658)
	at org.apache.catalina.core.ApplicationFilterChain.internalDoFilter(ApplicationFilterChain.java:195)
	at org.apache.catalina.core.ApplicationFilterChain.doFilter(ApplicationFilterChain.java:140)
	at org.apache.tomcat.websocket.server.WsFilter.doFilter(WsFilter.java:51)
	at org.apache.catalina.core.ApplicationFilterChain.internalDoFilter(ApplicationFilterChain.java:164)
	at org.apache.catalina.core.ApplicationFilterChain.doFilter(ApplicationFilterChain.java:140)
	at org.springframework.web.filter.CompositeFilter$VirtualFilterChain.doFilter(CompositeFilter.java:108)
	at org.springframework.security.web.FilterChainProxy.lambda$doFilterInternal$3(FilterChainProxy.java:231)
	at org.springframework.security.web.ObservationFilterChainDecorator$FilterObservation$SimpleFilterObservation.lambda$wrap$1(ObservationFilterChainDecorator.java:479)
	at org.springframework.security.web.ObservationFilterChainDecorator$AroundFilterObservation$SimpleAroundFilterObservation.lambda$wrap$1(ObservationFilterChainDecorator.java:340)
	at org.springframework.security.web.ObservationFilterChainDecorator.lambda$wrapSecured$0(ObservationFilterChainDecorator.java:82)
	at org.springframework.security.web.ObservationFilterChainDecorator$VirtualFilterChain.doFilter(ObservationFilterChainDecorator.java:128)
	at org.springframework.security.web.access.intercept.AuthorizationFilter.doFilter(AuthorizationFilter.java:101)
	at org.springframework.security.web.ObservationFilterChainDecorator$ObservationFilter.wrapFilter(ObservationFilterChainDecorator.java:240)
	at org.springframework.security.web.ObservationFilterChainDecorator$ObservationFilter.doFilter(ObservationFilterChainDecorator.java:227)
	at org.springframework.security.web.ObservationFilterChainDecorator$VirtualFilterChain.doFilter(ObservationFilterChainDecorator.java:137)
	at org.springframework.security.web.access.ExceptionTranslationFilter.doFilter(ExceptionTranslationFilter.java:126)
	at org.springframework.security.web.access.ExceptionTranslationFilter.doFilter(ExceptionTranslationFilter.java:120)
	at org.springframework.security.web.ObservationFilterChainDecorator$ObservationFilter.wrapFilter(ObservationFilterChainDecorator.java:240)
	at org.springframework.security.web.ObservationFilterChainDecorator$ObservationFilter.doFilter(ObservationFilterChainDecorator.java:227)
	at org.springframework.security.web.ObservationFilterChainDecorator$VirtualFilterChain.doFilter(ObservationFilterChainDecorator.java:137)
	at org.springframework.security.web.authentication.AnonymousAuthenticationFilter.doFilter(AnonymousAuthenticationFilter.java:100)
	at org.springframework.security.web.ObservationFilterChainDecorator$ObservationFilter.wrapFilter(ObservationFilterChainDecorator.java:240)
	at org.springframework.security.web.ObservationFilterChainDecorator$ObservationFilter.doFilter(ObservationFilterChainDecorator.java:227)
	at org.springframework.security.web.ObservationFilterChainDecorator$VirtualFilterChain.doFilter(ObservationFilterChainDecorator.java:137)
	at org.springframework.security.web.servletapi.SecurityContextHolderAwareRequestFilter.doFilter(SecurityContextHolderAwareRequestFilter.java:179)
	at org.springframework.security.web.ObservationFilterChainDecorator$ObservationFilter.wrapFilter(ObservationFilterChainDecorator.java:240)
	at org.springframework.security.web.ObservationFilterChainDecorator$ObservationFilter.doFilter(ObservationFilterChainDecorator.java:227)
	at org.springframework.security.web.ObservationFilterChainDecorator$VirtualFilterChain.doFilter(ObservationFilterChainDecorator.java:137)
	at org.springframework.security.web.savedrequest.RequestCacheAwareFilter.doFilter(RequestCacheAwareFilter.java:63)
	at org.springframework.security.web.ObservationFilterChainDecorator$ObservationFilter.wrapFilter(ObservationFilterChainDecorator.java:240)
	at org.springframework.security.web.ObservationFilterChainDecorator$ObservationFilter.doFilter(ObservationFilterChainDecorator.java:227)
	at org.springframework.security.web.ObservationFilterChainDecorator$VirtualFilterChain.doFilter(ObservationFilterChainDecorator.java:137)
	at org.springframework.security.web.authentication.logout.LogoutFilter.doFilter(LogoutFilter.java:107)
	at org.springframework.security.web.authentication.logout.LogoutFilter.doFilter(LogoutFilter.java:93)
	at org.springframework.security.web.ObservationFilterChainDecorator$ObservationFilter.wrapFilter(ObservationFilterChainDecorator.java:240)
	at org.springframework.security.web.ObservationFilterChainDecorator$ObservationFilter.doFilter(ObservationFilterChainDecorator.java:227)
	at org.springframework.security.web.ObservationFilterChainDecorator$VirtualFilterChain.doFilter(ObservationFilterChainDecorator.java:137)
	at org.springframework.security.web.header.HeaderWriterFilter.doHeadersAfter(HeaderWriterFilter.java:90)
	at org.springframework.security.web.header.HeaderWriterFilter.doFilterInternal(HeaderWriterFilter.java:75)
	at org.springframework.web.filter.OncePerRequestFilter.doFilter(OncePerRequestFilter.java:116)
	at org.springframework.security.web.ObservationFilterChainDecorator$ObservationFilter.wrapFilter(ObservationFilterChainDecorator.java:240)
	at org.springframework.security.web.ObservationFilterChainDecorator$ObservationFilter.doFilter(ObservationFilterChainDecorator.java:227)
	at org.springframework.security.web.ObservationFilterChainDecorator$VirtualFilterChain.doFilter(ObservationFilterChainDecorator.java:137)
	at org.springframework.security.web.context.SecurityContextHolderFilter.doFilter(SecurityContextHolderFilter.java:82)
	at org.springframework.security.web.context.SecurityContextHolderFilter.doFilter(SecurityContextHolderFilter.java:69)
	at org.springframework.security.web.ObservationFilterChainDecorator$ObservationFilter.wrapFilter(ObservationFilterChainDecorator.java:240)
	at org.springframework.security.web.ObservationFilterChainDecorator$ObservationFilter.doFilter(ObservationFilterChainDecorator.java:227)
	at org.springframework.security.web.ObservationFilterChainDecorator$VirtualFilterChain.doFilter(ObservationFilterChainDecorator.java:137)
	at org.springframework.security.web.context.request.async.WebAsyncManagerIntegrationFilter.doFilterInternal(WebAsyncManagerIntegrationFilter.java:62)
	at org.springframework.web.filter.OncePerRequestFilter.doFilter(OncePerRequestFilter.java:116)
	at org.springframework.security.web.ObservationFilterChainDecorator$ObservationFilter.wrapFilter(ObservationFilterChainDecorator.java:240)
	at org.springframework.security.web.ObservationFilterChainDecorator$ObservationFilter.doFilter(ObservationFilterChainDecorator.java:227)
	at org.springframework.security.web.ObservationFilterChainDecorator$VirtualFilterChain.doFilter(ObservationFilterChainDecorator.java:137)
	at org.springframework.security.web.session.DisableEncodeUrlFilter.doFilterInternal(DisableEncodeUrlFilter.java:42)
	at org.springframework.web.filter.OncePerRequestFilter.doFilter(OncePerRequestFilter.java:116)
	at org.springframework.security.web.ObservationFilterChainDecorator$ObservationFilter.wrapFilter(ObservationFilterChainDecorator.java:240)
	at org.springframework.security.web.ObservationFilterChainDecorator$AroundFilterObservation$SimpleAroundFilterObservation.lambda$wrap$0(ObservationFilterChainDecorator.java:323)
	at org.springframework.security.web.ObservationFilterChainDecorator$ObservationFilter.doFilter(ObservationFilterChainDecorator.java:224)
	at org.springframework.security.web.ObservationFilterChainDecorator$VirtualFilterChain.doFilter(ObservationFilterChainDecorator.java:137)
	at org.springframework.security.web.FilterChainProxy.doFilterInternal(FilterChainProxy.java:233)
	at org.springframework.security.web.FilterChainProxy.doFilter(FilterChainProxy.java:191)
	at org.springframework.web.filter.CompositeFilter$VirtualFilterChain.doFilter(CompositeFilter.java:113)
	at org.springframework.web.servlet.handler.HandlerMappingIntrospector.lambda$createCacheFilter$3(HandlerMappingIntrospector.java:243)
	at org.springframework.web.filter.CompositeFilter$VirtualFilterChain.doFilter(CompositeFilter.java:113)
	at org.springframework.web.filter.CompositeFilter.doFilter(CompositeFilter.java:74)
	at org.springframework.security.config.annotation.web.configuration.WebMvcSecurityConfiguration$CompositeFilterChainProxy.doFilter(WebMvcSecurityConfiguration.java:238)
	at org.springframework.web.filter.DelegatingFilterProxy.invokeDelegate(DelegatingFilterProxy.java:362)
	at org.springframework.web.filter.DelegatingFilterProxy.doFilter(DelegatingFilterProxy.java:278)
	at org.apache.catalina.core.ApplicationFilterChain.internalDoFilter(ApplicationFilterChain.java:164)
	at org.apache.catalina.core.ApplicationFilterChain.doFilter(ApplicationFilterChain.java:140)
	at org.springframework.web.filter.RequestContextFilter.doFilterInternal(RequestContextFilter.java:100)
	at org.springframework.web.filter.OncePerRequestFilter.doFilter(OncePerRequestFilter.java:116)
	at org.apache.catalina.core.ApplicationFilterChain.internalDoFilter(ApplicationFilterChain.java:164)
	at org.apache.catalina.core.ApplicationFilterChain.doFilter(ApplicationFilterChain.java:140)
	at org.springframework.web.filter.FormContentFilter.doFilterInternal(FormContentFilter.java:93)
	at org.springframework.web.filter.OncePerRequestFilter.doFilter(OncePerRequestFilter.java:116)
	at org.apache.catalina.core.ApplicationFilterChain.internalDoFilter(ApplicationFilterChain.java:164)
	at org.apache.catalina.core.ApplicationFilterChain.doFilter(ApplicationFilterChain.java:140)
	at org.springframework.web.filter.ServerHttpObservationFilter.doFilterInternal(ServerHttpObservationFilter.java:114)
	at org.springframework.web.filter.OncePerRequestFilter.doFilter(OncePerRequestFilter.java:116)
	at org.apache.catalina.core.ApplicationFilterChain.internalDoFilter(ApplicationFilterChain.java:164)
	at org.apache.catalina.core.ApplicationFilterChain.doFilter(ApplicationFilterChain.java:140)
	at org.springframework.web.filter.CharacterEncodingFilter.doFilterInternal(CharacterEncodingFilter.java:201)
	at org.springframework.web.filter.OncePerRequestFilter.doFilter(OncePerRequestFilter.java:116)
	at org.apache.catalina.core.ApplicationFilterChain.internalDoFilter(ApplicationFilterChain.java:164)
	at org.apache.catalina.core.ApplicationFilterChain.doFilter(ApplicationFilterChain.java:140)
	at org.apache.catalina.core.StandardWrapperValve.invoke(StandardWrapperValve.java:167)
	at org.apache.catalina.core.StandardContextValve.invoke(StandardContextValve.java:90)
	at org.apache.catalina.authenticator.AuthenticatorBase.invoke(AuthenticatorBase.java:483)
	at org.apache.catalina.core.StandardHostValve.invoke(StandardHostValve.java:115)
	at org.apache.catalina.valves.ErrorReportValve.invoke(ErrorReportValve.java:93)
	at org.apache.catalina.core.StandardEngineValve.invoke(StandardEngineValve.java:74)
	at org.apache.catalina.connector.CoyoteAdapter.service(CoyoteAdapter.java:344)
	at org.apache.coyote.http11.Http11Processor.service(Http11Processor.java:397)
	at org.apache.coyote.AbstractProcessorLight.process(AbstractProcessorLight.java:63)
	at org.apache.coyote.AbstractProtocol$ConnectionHandler.process(AbstractProtocol.java:905)
	at org.apache.tomcat.util.net.NioEndpoint$SocketProcessor.doRun(NioEndpoint.java:1741)
	at org.apache.tomcat.util.net.SocketProcessorBase.run(SocketProcessorBase.java:52)
	at org.apache.tomcat.util.threads.ThreadPoolExecutor.runWorker(ThreadPoolExecutor.java:1190)
	at org.apache.tomcat.util.threads.ThreadPoolExecutor$Worker.run(ThreadPoolExecutor.java:659)
	at org.apache.tomcat.util.threads.TaskThread$WrappingRunnable.run(TaskThread.java:63)
	at java.base/java.lang.Thread.run(Thread.java:840)
Caused by: org.hibernate.NonUniqueResultException: Query did not return a unique result: 2 results were returned
	at org.hibernate.query.spi.AbstractSelectionQuery.uniqueElement(AbstractSelectionQuery.java:298)
	at org.hibernate.query.spi.AbstractSelectionQuery.getSingleResult(AbstractSelectionQuery.java:281)
	at org.springframework.data.jpa.repository.query.JpaQueryExecution$SingleEntityExecution.doExecute(JpaQueryExecution.java:224)
	at org.springframework.data.jpa.repository.query.JpaQueryExecution.execute(JpaQueryExecution.java:93)
	at org.springframework.data.jpa.repository.query.AbstractJpaQuery.doExecute(AbstractJpaQuery.java:152)
	at org.springframework.data.jpa.repository.query.AbstractJpaQuery.execute(AbstractJpaQuery.java:140)
	at org.springframework.data.repository.core.support.RepositoryMethodInvoker.doInvoke(RepositoryMethodInvoker.java:170)
	at org.springframework.data.repository.core.support.RepositoryMethodInvoker.invoke(RepositoryMethodInvoker.java:158)
	at org.springframework.data.repository.core.support.QueryExecutorMethodInterceptor.doInvoke(QueryExecutorMethodInterceptor.java:170)
	at org.springframework.data.repository.core.support.QueryExecutorMethodInterceptor.invoke(QueryExecutorMethodInterceptor.java:149)
	at org.springframework.aop.framework.ReflectiveMethodInvocation.proceed(ReflectiveMethodInvocation.java:184)
	at org.springframework.data.projection.DefaultMethodInvokingMethodInterceptor.invoke(DefaultMethodInvokingMethodInterceptor.java:69)
	at org.springframework.aop.framework.ReflectiveMethodInvocation.proceed(ReflectiveMethodInvocation.java:184)
	at org.springframework.transaction.interceptor.TransactionAspectSupport.invokeWithinTransaction(TransactionAspectSupport.java:380)
	at org.springframework.transaction.interceptor.TransactionInterceptor.invoke(TransactionInterceptor.java:119)
	at org.springframework.aop.framework.ReflectiveMethodInvocation.proceed(ReflectiveMethodInvocation.java:184)
	at org.springframework.dao.support.PersistenceExceptionTranslationInterceptor.invoke(PersistenceExceptionTranslationInterceptor.java:138)
	... 146 common frames omitted
2026-03-31 00:29:24.491 [http-nio-8080-exec-8] DEBUG [b005a9a5] c.s.m.d.controller.MessageController -
        Fetching messages for channel: e054663f-79db-41a6-8385-68e22f93f0dc, cursor: null, size: 50
2026-03-31 00:29:25.494 [http-nio-8080-exec-9] DEBUG [3d64fcfa] c.s.m.d.s.basic.BasicChannelService  -
        Finding all channels for user: 1e2f6353-d975-4eb4-9c11-d8e8674fb0a6
2026-03-31 00:29:25.505 [http-nio-8080-exec-7] DEBUG [fcab7ce3] c.s.m.d.c.ReadStatusController       -
        Fetching read statuses for user: 1e2f6353-d975-4eb4-9c11-d8e8674fb0a6
2026-03-31 00:29:25.505 [http-nio-8080-exec-7] DEBUG [fcab7ce3] c.s.m.d.s.b.BasicReadStatusService   -
        Fetching/Allocating read statuses for user: 1e2f6353-d975-4eb4-9c11-d8e8674fb0a6
2026-03-31 00:29:25.505 [http-nio-8080-exec-7] ERROR [fcab7ce3] c.s.m.d.c.GlobalExceptionHandler     -
        Internal Server Error: 
org.springframework.dao.IncorrectResultSizeDataAccessException: Query did not return a unique result: 2 results were returned
	at org.springframework.orm.jpa.vendor.HibernateJpaDialect.convertHibernateAccessException(HibernateJpaDialect.java:301)
	at org.springframework.orm.jpa.vendor.HibernateJpaDialect.translateExceptionIfPossible(HibernateJpaDialect.java:244)
	at org.springframework.orm.jpa.AbstractEntityManagerFactoryBean.translateExceptionIfPossible(AbstractEntityManagerFactoryBean.java:560)
	at org.springframework.dao.support.ChainedPersistenceExceptionTranslator.translateExceptionIfPossible(ChainedPersistenceExceptionTranslator.java:61)
	at org.springframework.dao.support.DataAccessUtils.translateIfNecessary(DataAccessUtils.java:343)
	at org.springframework.dao.support.PersistenceExceptionTranslationInterceptor.invoke(PersistenceExceptionTranslationInterceptor.java:160)
	at org.springframework.aop.framework.ReflectiveMethodInvocation.proceed(ReflectiveMethodInvocation.java:184)
	at org.springframework.data.jpa.repository.support.CrudMethodMetadataPostProcessor$CrudMethodMetadataPopulatingMethodInterceptor.invoke(CrudMethodMetadataPostProcessor.java:136)
	at org.springframework.aop.framework.ReflectiveMethodInvocation.proceed(ReflectiveMethodInvocation.java:184)
	at org.springframework.aop.framework.JdkDynamicAopProxy.invoke(JdkDynamicAopProxy.java:223)
	at jdk.proxy2/jdk.proxy2.$Proxy185.findByUserIdAndChannelId(Unknown Source)
	at com.sprint.mission.discodeit.service.basic.BasicReadStatusService.lambda$findAllByUserId$2(BasicReadStatusService.java:48)
	at java.base/java.util.stream.ReferencePipeline$3$1.accept(ReferencePipeline.java:197)
	at java.base/java.util.ArrayList$ArrayListSpliterator.forEachRemaining(ArrayList.java:1625)
	at java.base/java.util.stream.AbstractPipeline.copyInto(AbstractPipeline.java:509)
	at java.base/java.util.stream.AbstractPipeline.wrapAndCopyInto(AbstractPipeline.java:499)
	at java.base/java.util.stream.AbstractPipeline.evaluate(AbstractPipeline.java:575)
	at java.base/java.util.stream.AbstractPipeline.evaluateToArrayNode(AbstractPipeline.java:260)
	at java.base/java.util.stream.ReferencePipeline.toArray(ReferencePipeline.java:616)
	at java.base/java.util.stream.ReferencePipeline.toArray(ReferencePipeline.java:622)
	at java.base/java.util.stream.ReferencePipeline.toList(ReferencePipeline.java:627)
	at com.sprint.mission.discodeit.service.basic.BasicReadStatusService.findAllByUserId(BasicReadStatusService.java:60)
	at jdk.internal.reflect.GeneratedMethodAccessor88.invoke(Unknown Source)
	at java.base/jdk.internal.reflect.DelegatingMethodAccessorImpl.invoke(DelegatingMethodAccessorImpl.java:43)
	at java.base/java.lang.reflect.Method.invoke(Method.java:569)
	at org.springframework.aop.support.AopUtils.invokeJoinpointUsingReflection(AopUtils.java:359)
	at org.springframework.aop.framework.ReflectiveMethodInvocation.invokeJoinpoint(ReflectiveMethodInvocation.java:196)
	at org.springframework.aop.framework.ReflectiveMethodInvocation.proceed(ReflectiveMethodInvocation.java:163)
	at org.springframework.transaction.interceptor.TransactionAspectSupport.invokeWithinTransaction(TransactionAspectSupport.java:380)
	at org.springframework.transaction.interceptor.TransactionInterceptor.invoke(TransactionInterceptor.java:119)
	at org.springframework.aop.framework.ReflectiveMethodInvocation.proceed(ReflectiveMethodInvocation.java:184)
	at org.springframework.aop.framework.CglibAopProxy$DynamicAdvisedInterceptor.intercept(CglibAopProxy.java:727)
	at com.sprint.mission.discodeit.service.basic.BasicReadStatusService$$SpringCGLIB$$0.findAllByUserId(<generated>)
	at com.sprint.mission.discodeit.controller.ReadStatusController.findAllByUserId(ReadStatusController.java:28)
	at jdk.internal.reflect.GeneratedMethodAccessor87.invoke(Unknown Source)
	at java.base/jdk.internal.reflect.DelegatingMethodAccessorImpl.invoke(DelegatingMethodAccessorImpl.java:43)
	at java.base/java.lang.reflect.Method.invoke(Method.java:569)
	at org.springframework.web.method.support.InvocableHandlerMethod.doInvoke(InvocableHandlerMethod.java:255)
	at org.springframework.web.method.support.InvocableHandlerMethod.invokeForRequest(InvocableHandlerMethod.java:188)
	at org.springframework.web.servlet.mvc.method.annotation.ServletInvocableHandlerMethod.invokeAndHandle(ServletInvocableHandlerMethod.java:118)
	at org.springframework.web.servlet.mvc.method.annotation.RequestMappingHandlerAdapter.invokeHandlerMethod(RequestMappingHandlerAdapter.java:986)
	at org.springframework.web.servlet.mvc.method.annotation.RequestMappingHandlerAdapter.handleInternal(RequestMappingHandlerAdapter.java:891)
	at org.springframework.web.servlet.mvc.method.AbstractHandlerMethodAdapter.handle(AbstractHandlerMethodAdapter.java:87)
	at org.springframework.web.servlet.DispatcherServlet.doDispatch(DispatcherServlet.java:1088)
	at org.springframework.web.servlet.DispatcherServlet.doService(DispatcherServlet.java:978)
	at org.springframework.web.servlet.FrameworkServlet.processRequest(FrameworkServlet.java:1014)
	at org.springframework.web.servlet.FrameworkServlet.doGet(FrameworkServlet.java:903)
	at jakarta.servlet.http.HttpServlet.service(HttpServlet.java:564)
	at org.springframework.web.servlet.FrameworkServlet.service(FrameworkServlet.java:885)
	at jakarta.servlet.http.HttpServlet.service(HttpServlet.java:658)
	at org.apache.catalina.core.ApplicationFilterChain.internalDoFilter(ApplicationFilterChain.java:195)
	at org.apache.catalina.core.ApplicationFilterChain.doFilter(ApplicationFilterChain.java:140)
	at org.apache.tomcat.websocket.server.WsFilter.doFilter(WsFilter.java:51)
	at org.apache.catalina.core.ApplicationFilterChain.internalDoFilter(ApplicationFilterChain.java:164)
	at org.apache.catalina.core.ApplicationFilterChain.doFilter(ApplicationFilterChain.java:140)
	at org.springframework.web.filter.CompositeFilter$VirtualFilterChain.doFilter(CompositeFilter.java:108)
	at org.springframework.security.web.FilterChainProxy.lambda$doFilterInternal$3(FilterChainProxy.java:231)
	at org.springframework.security.web.ObservationFilterChainDecorator$FilterObservation$SimpleFilterObservation.lambda$wrap$1(ObservationFilterChainDecorator.java:479)
	at org.springframework.security.web.ObservationFilterChainDecorator$AroundFilterObservation$SimpleAroundFilterObservation.lambda$wrap$1(ObservationFilterChainDecorator.java:340)
	at org.springframework.security.web.ObservationFilterChainDecorator.lambda$wrapSecured$0(ObservationFilterChainDecorator.java:82)
	at org.springframework.security.web.ObservationFilterChainDecorator$VirtualFilterChain.doFilter(ObservationFilterChainDecorator.java:128)
	at org.springframework.security.web.access.intercept.AuthorizationFilter.doFilter(AuthorizationFilter.java:101)
	at org.springframework.security.web.ObservationFilterChainDecorator$ObservationFilter.wrapFilter(ObservationFilterChainDecorator.java:240)
	at org.springframework.security.web.ObservationFilterChainDecorator$ObservationFilter.doFilter(ObservationFilterChainDecorator.java:227)
	at org.springframework.security.web.ObservationFilterChainDecorator$VirtualFilterChain.doFilter(ObservationFilterChainDecorator.java:137)
	at org.springframework.security.web.access.ExceptionTranslationFilter.doFilter(ExceptionTranslationFilter.java:126)
	at org.springframework.security.web.access.ExceptionTranslationFilter.doFilter(ExceptionTranslationFilter.java:120)
	at org.springframework.security.web.ObservationFilterChainDecorator$ObservationFilter.wrapFilter(ObservationFilterChainDecorator.java:240)
	at org.springframework.security.web.ObservationFilterChainDecorator$ObservationFilter.doFilter(ObservationFilterChainDecorator.java:227)
	at org.springframework.security.web.ObservationFilterChainDecorator$VirtualFilterChain.doFilter(ObservationFilterChainDecorator.java:137)
	at org.springframework.security.web.authentication.AnonymousAuthenticationFilter.doFilter(AnonymousAuthenticationFilter.java:100)
	at org.springframework.security.web.ObservationFilterChainDecorator$ObservationFilter.wrapFilter(ObservationFilterChainDecorator.java:240)
	at org.springframework.security.web.ObservationFilterChainDecorator$ObservationFilter.doFilter(ObservationFilterChainDecorator.java:227)
	at org.springframework.security.web.ObservationFilterChainDecorator$VirtualFilterChain.doFilter(ObservationFilterChainDecorator.java:137)
	at org.springframework.security.web.servletapi.SecurityContextHolderAwareRequestFilter.doFilter(SecurityContextHolderAwareRequestFilter.java:179)
	at org.springframework.security.web.ObservationFilterChainDecorator$ObservationFilter.wrapFilter(ObservationFilterChainDecorator.java:240)
	at org.springframework.security.web.ObservationFilterChainDecorator$ObservationFilter.doFilter(ObservationFilterChainDecorator.java:227)
	at org.springframework.security.web.ObservationFilterChainDecorator$VirtualFilterChain.doFilter(ObservationFilterChainDecorator.java:137)
	at org.springframework.security.web.savedrequest.RequestCacheAwareFilter.doFilter(RequestCacheAwareFilter.java:63)
	at org.springframework.security.web.ObservationFilterChainDecorator$ObservationFilter.wrapFilter(ObservationFilterChainDecorator.java:240)
	at org.springframework.security.web.ObservationFilterChainDecorator$ObservationFilter.doFilter(ObservationFilterChainDecorator.java:227)
	at org.springframework.security.web.ObservationFilterChainDecorator$VirtualFilterChain.doFilter(ObservationFilterChainDecorator.java:137)
	at org.springframework.security.web.authentication.logout.LogoutFilter.doFilter(LogoutFilter.java:107)
	at org.springframework.security.web.authentication.logout.LogoutFilter.doFilter(LogoutFilter.java:93)
	at org.springframework.security.web.ObservationFilterChainDecorator$ObservationFilter.wrapFilter(ObservationFilterChainDecorator.java:240)
	at org.springframework.security.web.ObservationFilterChainDecorator$ObservationFilter.doFilter(ObservationFilterChainDecorator.java:227)
	at org.springframework.security.web.ObservationFilterChainDecorator$VirtualFilterChain.doFilter(ObservationFilterChainDecorator.java:137)
	at org.springframework.security.web.header.HeaderWriterFilter.doHeadersAfter(HeaderWriterFilter.java:90)
	at org.springframework.security.web.header.HeaderWriterFilter.doFilterInternal(HeaderWriterFilter.java:75)
	at org.springframework.web.filter.OncePerRequestFilter.doFilter(OncePerRequestFilter.java:116)
	at org.springframework.security.web.ObservationFilterChainDecorator$ObservationFilter.wrapFilter(ObservationFilterChainDecorator.java:240)
	at org.springframework.security.web.ObservationFilterChainDecorator$ObservationFilter.doFilter(ObservationFilterChainDecorator.java:227)
	at org.springframework.security.web.ObservationFilterChainDecorator$VirtualFilterChain.doFilter(ObservationFilterChainDecorator.java:137)
	at org.springframework.security.web.context.SecurityContextHolderFilter.doFilter(SecurityContextHolderFilter.java:82)
	at org.springframework.security.web.context.SecurityContextHolderFilter.doFilter(SecurityContextHolderFilter.java:69)
	at org.springframework.security.web.ObservationFilterChainDecorator$ObservationFilter.wrapFilter(ObservationFilterChainDecorator.java:240)
	at org.springframework.security.web.ObservationFilterChainDecorator$ObservationFilter.doFilter(ObservationFilterChainDecorator.java:227)
	at org.springframework.security.web.ObservationFilterChainDecorator$VirtualFilterChain.doFilter(ObservationFilterChainDecorator.java:137)
	at org.springframework.security.web.context.request.async.WebAsyncManagerIntegrationFilter.doFilterInternal(WebAsyncManagerIntegrationFilter.java:62)
	at org.springframework.web.filter.OncePerRequestFilter.doFilter(OncePerRequestFilter.java:116)
	at org.springframework.security.web.ObservationFilterChainDecorator$ObservationFilter.wrapFilter(ObservationFilterChainDecorator.java:240)
	at org.springframework.security.web.ObservationFilterChainDecorator$ObservationFilter.doFilter(ObservationFilterChainDecorator.java:227)
	at org.springframework.security.web.ObservationFilterChainDecorator$VirtualFilterChain.doFilter(ObservationFilterChainDecorator.java:137)
	at org.springframework.security.web.session.DisableEncodeUrlFilter.doFilterInternal(DisableEncodeUrlFilter.java:42)
	at org.springframework.web.filter.OncePerRequestFilter.doFilter(OncePerRequestFilter.java:116)
	at org.springframework.security.web.ObservationFilterChainDecorator$ObservationFilter.wrapFilter(ObservationFilterChainDecorator.java:240)
	at org.springframework.security.web.ObservationFilterChainDecorator$AroundFilterObservation$SimpleAroundFilterObservation.lambda$wrap$0(ObservationFilterChainDecorator.java:323)
	at org.springframework.security.web.ObservationFilterChainDecorator$ObservationFilter.doFilter(ObservationFilterChainDecorator.java:224)
	at org.springframework.security.web.ObservationFilterChainDecorator$VirtualFilterChain.doFilter(ObservationFilterChainDecorator.java:137)
	at org.springframework.security.web.FilterChainProxy.doFilterInternal(FilterChainProxy.java:233)
	at org.springframework.security.web.FilterChainProxy.doFilter(FilterChainProxy.java:191)
	at org.springframework.web.filter.CompositeFilter$VirtualFilterChain.doFilter(CompositeFilter.java:113)
	at org.springframework.web.servlet.handler.HandlerMappingIntrospector.lambda$createCacheFilter$3(HandlerMappingIntrospector.java:243)
	at org.springframework.web.filter.CompositeFilter$VirtualFilterChain.doFilter(CompositeFilter.java:113)
	at org.springframework.web.filter.CompositeFilter.doFilter(CompositeFilter.java:74)
	at org.springframework.security.config.annotation.web.configuration.WebMvcSecurityConfiguration$CompositeFilterChainProxy.doFilter(WebMvcSecurityConfiguration.java:238)
	at org.springframework.web.filter.DelegatingFilterProxy.invokeDelegate(DelegatingFilterProxy.java:362)
	at org.springframework.web.filter.DelegatingFilterProxy.doFilter(DelegatingFilterProxy.java:278)
	at org.apache.catalina.core.ApplicationFilterChain.internalDoFilter(ApplicationFilterChain.java:164)
	at org.apache.catalina.core.ApplicationFilterChain.doFilter(ApplicationFilterChain.java:140)
	at org.springframework.web.filter.RequestContextFilter.doFilterInternal(RequestContextFilter.java:100)
	at org.springframework.web.filter.OncePerRequestFilter.doFilter(OncePerRequestFilter.java:116)
	at org.apache.catalina.core.ApplicationFilterChain.internalDoFilter(ApplicationFilterChain.java:164)
	at org.apache.catalina.core.ApplicationFilterChain.doFilter(ApplicationFilterChain.java:140)
	at org.springframework.web.filter.FormContentFilter.doFilterInternal(FormContentFilter.java:93)
	at org.springframework.web.filter.OncePerRequestFilter.doFilter(OncePerRequestFilter.java:116)
	at org.apache.catalina.core.ApplicationFilterChain.internalDoFilter(ApplicationFilterChain.java:164)
	at org.apache.catalina.core.ApplicationFilterChain.doFilter(ApplicationFilterChain.java:140)
	at org.springframework.web.filter.ServerHttpObservationFilter.doFilterInternal(ServerHttpObservationFilter.java:114)
	at org.springframework.web.filter.OncePerRequestFilter.doFilter(OncePerRequestFilter.java:116)
	at org.apache.catalina.core.ApplicationFilterChain.internalDoFilter(ApplicationFilterChain.java:164)
	at org.apache.catalina.core.ApplicationFilterChain.doFilter(ApplicationFilterChain.java:140)
	at org.springframework.web.filter.CharacterEncodingFilter.doFilterInternal(CharacterEncodingFilter.java:201)
	at org.springframework.web.filter.OncePerRequestFilter.doFilter(OncePerRequestFilter.java:116)
	at org.apache.catalina.core.ApplicationFilterChain.internalDoFilter(ApplicationFilterChain.java:164)
	at org.apache.catalina.core.ApplicationFilterChain.doFilter(ApplicationFilterChain.java:140)
	at org.apache.catalina.core.StandardWrapperValve.invoke(StandardWrapperValve.java:167)
	at org.apache.catalina.core.StandardContextValve.invoke(StandardContextValve.java:90)
	at org.apache.catalina.authenticator.AuthenticatorBase.invoke(AuthenticatorBase.java:483)
	at org.apache.catalina.core.StandardHostValve.invoke(StandardHostValve.java:115)
	at org.apache.catalina.valves.ErrorReportValve.invoke(ErrorReportValve.java:93)
	at org.apache.catalina.core.StandardEngineValve.invoke(StandardEngineValve.java:74)
	at org.apache.catalina.connector.CoyoteAdapter.service(CoyoteAdapter.java:344)
	at org.apache.coyote.http11.Http11Processor.service(Http11Processor.java:397)
	at org.apache.coyote.AbstractProcessorLight.process(AbstractProcessorLight.java:63)
	at org.apache.coyote.AbstractProtocol$ConnectionHandler.process(AbstractProtocol.java:905)
	at org.apache.tomcat.util.net.NioEndpoint$SocketProcessor.doRun(NioEndpoint.java:1741)
	at org.apache.tomcat.util.net.SocketProcessorBase.run(SocketProcessorBase.java:52)
	at org.apache.tomcat.util.threads.ThreadPoolExecutor.runWorker(ThreadPoolExecutor.java:1190)
	at org.apache.tomcat.util.threads.ThreadPoolExecutor$Worker.run(ThreadPoolExecutor.java:659)
	at org.apache.tomcat.util.threads.TaskThread$WrappingRunnable.run(TaskThread.java:63)
	at java.base/java.lang.Thread.run(Thread.java:840)
Caused by: org.hibernate.NonUniqueResultException: Query did not return a unique result: 2 results were returned
	at org.hibernate.query.spi.AbstractSelectionQuery.uniqueElement(AbstractSelectionQuery.java:298)
	at org.hibernate.query.spi.AbstractSelectionQuery.getSingleResult(AbstractSelectionQuery.java:281)
	at org.springframework.data.jpa.repository.query.JpaQueryExecution$SingleEntityExecution.doExecute(JpaQueryExecution.java:224)
	at org.springframework.data.jpa.repository.query.JpaQueryExecution.execute(JpaQueryExecution.java:93)
	at org.springframework.data.jpa.repository.query.AbstractJpaQuery.doExecute(AbstractJpaQuery.java:152)
	at org.springframework.data.jpa.repository.query.AbstractJpaQuery.execute(AbstractJpaQuery.java:140)
	at org.springframework.data.repository.core.support.RepositoryMethodInvoker.doInvoke(RepositoryMethodInvoker.java:170)
	at org.springframework.data.repository.core.support.RepositoryMethodInvoker.invoke(RepositoryMethodInvoker.java:158)
	at org.springframework.data.repository.core.support.QueryExecutorMethodInterceptor.doInvoke(QueryExecutorMethodInterceptor.java:170)
	at org.springframework.data.repository.core.support.QueryExecutorMethodInterceptor.invoke(QueryExecutorMethodInterceptor.java:149)
	at org.springframework.aop.framework.ReflectiveMethodInvocation.proceed(ReflectiveMethodInvocation.java:184)
	at org.springframework.data.projection.DefaultMethodInvokingMethodInterceptor.invoke(DefaultMethodInvokingMethodInterceptor.java:69)
	at org.springframework.aop.framework.ReflectiveMethodInvocation.proceed(ReflectiveMethodInvocation.java:184)
	at org.springframework.transaction.interceptor.TransactionAspectSupport.invokeWithinTransaction(TransactionAspectSupport.java:380)
	at org.springframework.transaction.interceptor.TransactionInterceptor.invoke(TransactionInterceptor.java:119)
	at org.springframework.aop.framework.ReflectiveMethodInvocation.proceed(ReflectiveMethodInvocation.java:184)
	at org.springframework.dao.support.PersistenceExceptionTranslationInterceptor.invoke(PersistenceExceptionTranslationInterceptor.java:138)
	... 146 common frames omitted
2026-03-31 00:29:28.506 [http-nio-8080-exec-1] DEBUG [a4574eab] c.s.m.d.controller.MessageController -
        Fetching messages for channel: e054663f-79db-41a6-8385-68e22f93f0dc, cursor: null, size: 50
2026-03-31 00:29:28.506 [http-nio-8080-exec-2] DEBUG [2106f65c] c.s.m.d.s.basic.BasicChannelService  -
        Finding all channels for user: 1e2f6353-d975-4eb4-9c11-d8e8674fb0a6
2026-03-31 00:29:28.516 [http-nio-8080-exec-3] DEBUG [95d10ecb] c.s.m.d.c.ReadStatusController       -
        Fetching read statuses for user: 1e2f6353-d975-4eb4-9c11-d8e8674fb0a6
2026-03-31 00:29:28.516 [http-nio-8080-exec-3] DEBUG [95d10ecb] c.s.m.d.s.b.BasicReadStatusService   -
        Fetching/Allocating read statuses for user: 1e2f6353-d975-4eb4-9c11-d8e8674fb0a6
2026-03-31 00:29:28.527 [http-nio-8080-exec-3] ERROR [95d10ecb] c.s.m.d.c.GlobalExceptionHandler     -
        Internal Server Error: 
org.springframework.dao.IncorrectResultSizeDataAccessException: Query did not return a unique result: 2 results were returned
	at org.springframework.orm.jpa.vendor.HibernateJpaDialect.convertHibernateAccessException(HibernateJpaDialect.java:301)
	at org.springframework.orm.jpa.vendor.HibernateJpaDialect.translateExceptionIfPossible(HibernateJpaDialect.java:244)
	at org.springframework.orm.jpa.AbstractEntityManagerFactoryBean.translateExceptionIfPossible(AbstractEntityManagerFactoryBean.java:560)
	at org.springframework.dao.support.ChainedPersistenceExceptionTranslator.translateExceptionIfPossible(ChainedPersistenceExceptionTranslator.java:61)
	at org.springframework.dao.support.DataAccessUtils.translateIfNecessary(DataAccessUtils.java:343)
	at org.springframework.dao.support.PersistenceExceptionTranslationInterceptor.invoke(PersistenceExceptionTranslationInterceptor.java:160)
	at org.springframework.aop.framework.ReflectiveMethodInvocation.proceed(ReflectiveMethodInvocation.java:184)
	at org.springframework.data.jpa.repository.support.CrudMethodMetadataPostProcessor$CrudMethodMetadataPopulatingMethodInterceptor.invoke(CrudMethodMetadataPostProcessor.java:136)
	at org.springframework.aop.framework.ReflectiveMethodInvocation.proceed(ReflectiveMethodInvocation.java:184)
	at org.springframework.aop.framework.JdkDynamicAopProxy.invoke(JdkDynamicAopProxy.java:223)
	at jdk.proxy2/jdk.proxy2.$Proxy185.findByUserIdAndChannelId(Unknown Source)
	at com.sprint.mission.discodeit.service.basic.BasicReadStatusService.lambda$findAllByUserId$2(BasicReadStatusService.java:48)
	at java.base/java.util.stream.ReferencePipeline$3$1.accept(ReferencePipeline.java:197)
	at java.base/java.util.ArrayList$ArrayListSpliterator.forEachRemaining(ArrayList.java:1625)
	at java.base/java.util.stream.AbstractPipeline.copyInto(AbstractPipeline.java:509)
	at java.base/java.util.stream.AbstractPipeline.wrapAndCopyInto(AbstractPipeline.java:499)
	at java.base/java.util.stream.AbstractPipeline.evaluate(AbstractPipeline.java:575)
	at java.base/java.util.stream.AbstractPipeline.evaluateToArrayNode(AbstractPipeline.java:260)
	at java.base/java.util.stream.ReferencePipeline.toArray(ReferencePipeline.java:616)
	at java.base/java.util.stream.ReferencePipeline.toArray(ReferencePipeline.java:622)
	at java.base/java.util.stream.ReferencePipeline.toList(ReferencePipeline.java:627)
	at com.sprint.mission.discodeit.service.basic.BasicReadStatusService.findAllByUserId(BasicReadStatusService.java:60)
	at jdk.internal.reflect.GeneratedMethodAccessor88.invoke(Unknown Source)
	at java.base/jdk.internal.reflect.DelegatingMethodAccessorImpl.invoke(DelegatingMethodAccessorImpl.java:43)
	at java.base/java.lang.reflect.Method.invoke(Method.java:569)
	at org.springframework.aop.support.AopUtils.invokeJoinpointUsingReflection(AopUtils.java:359)
	at org.springframework.aop.framework.ReflectiveMethodInvocation.invokeJoinpoint(ReflectiveMethodInvocation.java:196)
	at org.springframework.aop.framework.ReflectiveMethodInvocation.proceed(ReflectiveMethodInvocation.java:163)
	at org.springframework.transaction.interceptor.TransactionAspectSupport.invokeWithinTransaction(TransactionAspectSupport.java:380)
	at org.springframework.transaction.interceptor.TransactionInterceptor.invoke(TransactionInterceptor.java:119)
	at org.springframework.aop.framework.ReflectiveMethodInvocation.proceed(ReflectiveMethodInvocation.java:184)
	at org.springframework.aop.framework.CglibAopProxy$DynamicAdvisedInterceptor.intercept(CglibAopProxy.java:727)
	at com.sprint.mission.discodeit.service.basic.BasicReadStatusService$$SpringCGLIB$$0.findAllByUserId(<generated>)
	at com.sprint.mission.discodeit.controller.ReadStatusController.findAllByUserId(ReadStatusController.java:28)
	at jdk.internal.reflect.GeneratedMethodAccessor87.invoke(Unknown Source)
	at java.base/jdk.internal.reflect.DelegatingMethodAccessorImpl.invoke(DelegatingMethodAccessorImpl.java:43)
	at java.base/java.lang.reflect.Method.invoke(Method.java:569)
	at org.springframework.web.method.support.InvocableHandlerMethod.doInvoke(InvocableHandlerMethod.java:255)
	at org.springframework.web.method.support.InvocableHandlerMethod.invokeForRequest(InvocableHandlerMethod.java:188)
	at org.springframework.web.servlet.mvc.method.annotation.ServletInvocableHandlerMethod.invokeAndHandle(ServletInvocableHandlerMethod.java:118)
	at org.springframework.web.servlet.mvc.method.annotation.RequestMappingHandlerAdapter.invokeHandlerMethod(RequestMappingHandlerAdapter.java:986)
	at org.springframework.web.servlet.mvc.method.annotation.RequestMappingHandlerAdapter.handleInternal(RequestMappingHandlerAdapter.java:891)
	at org.springframework.web.servlet.mvc.method.AbstractHandlerMethodAdapter.handle(AbstractHandlerMethodAdapter.java:87)
	at org.springframework.web.servlet.DispatcherServlet.doDispatch(DispatcherServlet.java:1088)
	at org.springframework.web.servlet.DispatcherServlet.doService(DispatcherServlet.java:978)
	at org.springframework.web.servlet.FrameworkServlet.processRequest(FrameworkServlet.java:1014)
	at org.springframework.web.servlet.FrameworkServlet.doGet(FrameworkServlet.java:903)
	at jakarta.servlet.http.HttpServlet.service(HttpServlet.java:564)
	at org.springframework.web.servlet.FrameworkServlet.service(FrameworkServlet.java:885)
	at jakarta.servlet.http.HttpServlet.service(HttpServlet.java:658)
	at org.apache.catalina.core.ApplicationFilterChain.internalDoFilter(ApplicationFilterChain.java:195)
	at org.apache.catalina.core.ApplicationFilterChain.doFilter(ApplicationFilterChain.java:140)
	at org.apache.tomcat.websocket.server.WsFilter.doFilter(WsFilter.java:51)
	at org.apache.catalina.core.ApplicationFilterChain.internalDoFilter(ApplicationFilterChain.java:164)
	at org.apache.catalina.core.ApplicationFilterChain.doFilter(ApplicationFilterChain.java:140)
	at org.springframework.web.filter.CompositeFilter$VirtualFilterChain.doFilter(CompositeFilter.java:108)
	at org.springframework.security.web.FilterChainProxy.lambda$doFilterInternal$3(FilterChainProxy.java:231)
	at org.springframework.security.web.ObservationFilterChainDecorator$FilterObservation$SimpleFilterObservation.lambda$wrap$1(ObservationFilterChainDecorator.java:479)
	at org.springframework.security.web.ObservationFilterChainDecorator$AroundFilterObservation$SimpleAroundFilterObservation.lambda$wrap$1(ObservationFilterChainDecorator.java:340)
	at org.springframework.security.web.ObservationFilterChainDecorator.lambda$wrapSecured$0(ObservationFilterChainDecorator.java:82)
	at org.springframework.security.web.ObservationFilterChainDecorator$VirtualFilterChain.doFilter(ObservationFilterChainDecorator.java:128)
	at org.springframework.security.web.access.intercept.AuthorizationFilter.doFilter(AuthorizationFilter.java:101)
	at org.springframework.security.web.ObservationFilterChainDecorator$ObservationFilter.wrapFilter(ObservationFilterChainDecorator.java:240)
	at org.springframework.security.web.ObservationFilterChainDecorator$ObservationFilter.doFilter(ObservationFilterChainDecorator.java:227)
	at org.springframework.security.web.ObservationFilterChainDecorator$VirtualFilterChain.doFilter(ObservationFilterChainDecorator.java:137)
	at org.springframework.security.web.access.ExceptionTranslationFilter.doFilter(ExceptionTranslationFilter.java:126)
	at org.springframework.security.web.access.ExceptionTranslationFilter.doFilter(ExceptionTranslationFilter.java:120)
	at org.springframework.security.web.ObservationFilterChainDecorator$ObservationFilter.wrapFilter(ObservationFilterChainDecorator.java:240)
	at org.springframework.security.web.ObservationFilterChainDecorator$ObservationFilter.doFilter(ObservationFilterChainDecorator.java:227)
	at org.springframework.security.web.ObservationFilterChainDecorator$VirtualFilterChain.doFilter(ObservationFilterChainDecorator.java:137)
	at org.springframework.security.web.authentication.AnonymousAuthenticationFilter.doFilter(AnonymousAuthenticationFilter.java:100)
	at org.springframework.security.web.ObservationFilterChainDecorator$ObservationFilter.wrapFilter(ObservationFilterChainDecorator.java:240)
	at org.springframework.security.web.ObservationFilterChainDecorator$ObservationFilter.doFilter(ObservationFilterChainDecorator.java:227)
	at org.springframework.security.web.ObservationFilterChainDecorator$VirtualFilterChain.doFilter(ObservationFilterChainDecorator.java:137)
	at org.springframework.security.web.servletapi.SecurityContextHolderAwareRequestFilter.doFilter(SecurityContextHolderAwareRequestFilter.java:179)
	at org.springframework.security.web.ObservationFilterChainDecorator$ObservationFilter.wrapFilter(ObservationFilterChainDecorator.java:240)
	at org.springframework.security.web.ObservationFilterChainDecorator$ObservationFilter.doFilter(ObservationFilterChainDecorator.java:227)
	at org.springframework.security.web.ObservationFilterChainDecorator$VirtualFilterChain.doFilter(ObservationFilterChainDecorator.java:137)
	at org.springframework.security.web.savedrequest.RequestCacheAwareFilter.doFilter(RequestCacheAwareFilter.java:63)
	at org.springframework.security.web.ObservationFilterChainDecorator$ObservationFilter.wrapFilter(ObservationFilterChainDecorator.java:240)
	at org.springframework.security.web.ObservationFilterChainDecorator$ObservationFilter.doFilter(ObservationFilterChainDecorator.java:227)
	at org.springframework.security.web.ObservationFilterChainDecorator$VirtualFilterChain.doFilter(ObservationFilterChainDecorator.java:137)
	at org.springframework.security.web.authentication.logout.LogoutFilter.doFilter(LogoutFilter.java:107)
	at org.springframework.security.web.authentication.logout.LogoutFilter.doFilter(LogoutFilter.java:93)
	at org.springframework.security.web.ObservationFilterChainDecorator$ObservationFilter.wrapFilter(ObservationFilterChainDecorator.java:240)
	at org.springframework.security.web.ObservationFilterChainDecorator$ObservationFilter.doFilter(ObservationFilterChainDecorator.java:227)
	at org.springframework.security.web.ObservationFilterChainDecorator$VirtualFilterChain.doFilter(ObservationFilterChainDecorator.java:137)
	at org.springframework.security.web.header.HeaderWriterFilter.doHeadersAfter(HeaderWriterFilter.java:90)
	at org.springframework.security.web.header.HeaderWriterFilter.doFilterInternal(HeaderWriterFilter.java:75)
	at org.springframework.web.filter.OncePerRequestFilter.doFilter(OncePerRequestFilter.java:116)
	at org.springframework.security.web.ObservationFilterChainDecorator$ObservationFilter.wrapFilter(ObservationFilterChainDecorator.java:240)
	at org.springframework.security.web.ObservationFilterChainDecorator$ObservationFilter.doFilter(ObservationFilterChainDecorator.java:227)
	at org.springframework.security.web.ObservationFilterChainDecorator$VirtualFilterChain.doFilter(ObservationFilterChainDecorator.java:137)
	at org.springframework.security.web.context.SecurityContextHolderFilter.doFilter(SecurityContextHolderFilter.java:82)
	at org.springframework.security.web.context.SecurityContextHolderFilter.doFilter(SecurityContextHolderFilter.java:69)
	at org.springframework.security.web.ObservationFilterChainDecorator$ObservationFilter.wrapFilter(ObservationFilterChainDecorator.java:240)
	at org.springframework.security.web.ObservationFilterChainDecorator$ObservationFilter.doFilter(ObservationFilterChainDecorator.java:227)
	at org.springframework.security.web.ObservationFilterChainDecorator$VirtualFilterChain.doFilter(ObservationFilterChainDecorator.java:137)
	at org.springframework.security.web.context.request.async.WebAsyncManagerIntegrationFilter.doFilterInternal(WebAsyncManagerIntegrationFilter.java:62)
	at org.springframework.web.filter.OncePerRequestFilter.doFilter(OncePerRequestFilter.java:116)
	at org.springframework.security.web.ObservationFilterChainDecorator$ObservationFilter.wrapFilter(ObservationFilterChainDecorator.java:240)
	at org.springframework.security.web.ObservationFilterChainDecorator$ObservationFilter.doFilter(ObservationFilterChainDecorator.java:227)
	at org.springframework.security.web.ObservationFilterChainDecorator$VirtualFilterChain.doFilter(ObservationFilterChainDecorator.java:137)
	at org.springframework.security.web.session.DisableEncodeUrlFilter.doFilterInternal(DisableEncodeUrlFilter.java:42)
	at org.springframework.web.filter.OncePerRequestFilter.doFilter(OncePerRequestFilter.java:116)
	at org.springframework.security.web.ObservationFilterChainDecorator$ObservationFilter.wrapFilter(ObservationFilterChainDecorator.java:240)
	at org.springframework.security.web.ObservationFilterChainDecorator$AroundFilterObservation$SimpleAroundFilterObservation.lambda$wrap$0(ObservationFilterChainDecorator.java:323)
	at org.springframework.security.web.ObservationFilterChainDecorator$ObservationFilter.doFilter(ObservationFilterChainDecorator.java:224)
	at org.springframework.security.web.ObservationFilterChainDecorator$VirtualFilterChain.doFilter(ObservationFilterChainDecorator.java:137)
	at org.springframework.security.web.FilterChainProxy.doFilterInternal(FilterChainProxy.java:233)
	at org.springframework.security.web.FilterChainProxy.doFilter(FilterChainProxy.java:191)
	at org.springframework.web.filter.CompositeFilter$VirtualFilterChain.doFilter(CompositeFilter.java:113)
	at org.springframework.web.servlet.handler.HandlerMappingIntrospector.lambda$createCacheFilter$3(HandlerMappingIntrospector.java:243)
	at org.springframework.web.filter.CompositeFilter$VirtualFilterChain.doFilter(CompositeFilter.java:113)
	at org.springframework.web.filter.CompositeFilter.doFilter(CompositeFilter.java:74)
	at org.springframework.security.config.annotation.web.configuration.WebMvcSecurityConfiguration$CompositeFilterChainProxy.doFilter(WebMvcSecurityConfiguration.java:238)
	at org.springframework.web.filter.DelegatingFilterProxy.invokeDelegate(DelegatingFilterProxy.java:362)
	at org.springframework.web.filter.DelegatingFilterProxy.doFilter(DelegatingFilterProxy.java:278)
	at org.apache.catalina.core.ApplicationFilterChain.internalDoFilter(ApplicationFilterChain.java:164)
	at org.apache.catalina.core.ApplicationFilterChain.doFilter(ApplicationFilterChain.java:140)
	at org.springframework.web.filter.RequestContextFilter.doFilterInternal(RequestContextFilter.java:100)
	at org.springframework.web.filter.OncePerRequestFilter.doFilter(OncePerRequestFilter.java:116)
	at org.apache.catalina.core.ApplicationFilterChain.internalDoFilter(ApplicationFilterChain.java:164)
	at org.apache.catalina.core.ApplicationFilterChain.doFilter(ApplicationFilterChain.java:140)
	at org.springframework.web.filter.FormContentFilter.doFilterInternal(FormContentFilter.java:93)
	at org.springframework.web.filter.OncePerRequestFilter.doFilter(OncePerRequestFilter.java:116)
	at org.apache.catalina.core.ApplicationFilterChain.internalDoFilter(ApplicationFilterChain.java:164)
	at org.apache.catalina.core.ApplicationFilterChain.doFilter(ApplicationFilterChain.java:140)
	at org.springframework.web.filter.ServerHttpObservationFilter.doFilterInternal(ServerHttpObservationFilter.java:114)
	at org.springframework.web.filter.OncePerRequestFilter.doFilter(OncePerRequestFilter.java:116)
	at org.apache.catalina.core.ApplicationFilterChain.internalDoFilter(ApplicationFilterChain.java:164)
	at org.apache.catalina.core.ApplicationFilterChain.doFilter(ApplicationFilterChain.java:140)
	at org.springframework.web.filter.CharacterEncodingFilter.doFilterInternal(CharacterEncodingFilter.java:201)
	at org.springframework.web.filter.OncePerRequestFilter.doFilter(OncePerRequestFilter.java:116)
	at org.apache.catalina.core.ApplicationFilterChain.internalDoFilter(ApplicationFilterChain.java:164)
	at org.apache.catalina.core.ApplicationFilterChain.doFilter(ApplicationFilterChain.java:140)
	at org.apache.catalina.core.StandardWrapperValve.invoke(StandardWrapperValve.java:167)
	at org.apache.catalina.core.StandardContextValve.invoke(StandardContextValve.java:90)
	at org.apache.catalina.authenticator.AuthenticatorBase.invoke(AuthenticatorBase.java:483)
	at org.apache.catalina.core.StandardHostValve.invoke(StandardHostValve.java:115)
	at org.apache.catalina.valves.ErrorReportValve.invoke(ErrorReportValve.java:93)
	at org.apache.catalina.core.StandardEngineValve.invoke(StandardEngineValve.java:74)
	at org.apache.catalina.connector.CoyoteAdapter.service(CoyoteAdapter.java:344)
	at org.apache.coyote.http11.Http11Processor.service(Http11Processor.java:397)
	at org.apache.coyote.AbstractProcessorLight.process(AbstractProcessorLight.java:63)
	at org.apache.coyote.AbstractProtocol$ConnectionHandler.process(AbstractProtocol.java:905)
	at org.apache.tomcat.util.net.NioEndpoint$SocketProcessor.doRun(NioEndpoint.java:1741)
	at org.apache.tomcat.util.net.SocketProcessorBase.run(SocketProcessorBase.java:52)
	at org.apache.tomcat.util.threads.ThreadPoolExecutor.runWorker(ThreadPoolExecutor.java:1190)
	at org.apache.tomcat.util.threads.ThreadPoolExecutor$Worker.run(ThreadPoolExecutor.java:659)
	at org.apache.tomcat.util.threads.TaskThread$WrappingRunnable.run(TaskThread.java:63)
	at java.base/java.lang.Thread.run(Thread.java:840)
Caused by: org.hibernate.NonUniqueResultException: Query did not return a unique result: 2 results were returned
	at org.hibernate.query.spi.AbstractSelectionQuery.uniqueElement(AbstractSelectionQuery.java:298)
	at org.hibernate.query.spi.AbstractSelectionQuery.getSingleResult(AbstractSelectionQuery.java:281)
	at org.springframework.data.jpa.repository.query.JpaQueryExecution$SingleEntityExecution.doExecute(JpaQueryExecution.java:224)
	at org.springframework.data.jpa.repository.query.JpaQueryExecution.execute(JpaQueryExecution.java:93)
	at org.springframework.data.jpa.repository.query.AbstractJpaQuery.doExecute(AbstractJpaQuery.java:152)
	at org.springframework.data.jpa.repository.query.AbstractJpaQuery.execute(AbstractJpaQuery.java:140)
	at org.springframework.data.repository.core.support.RepositoryMethodInvoker.doInvoke(RepositoryMethodInvoker.java:170)
	at org.springframework.data.repository.core.support.RepositoryMethodInvoker.invoke(RepositoryMethodInvoker.java:158)
	at org.springframework.data.repository.core.support.QueryExecutorMethodInterceptor.doInvoke(QueryExecutorMethodInterceptor.java:170)
	at org.springframework.data.repository.core.support.QueryExecutorMethodInterceptor.invoke(QueryExecutorMethodInterceptor.java:149)
	at org.springframework.aop.framework.ReflectiveMethodInvocation.proceed(ReflectiveMethodInvocation.java:184)
	at org.springframework.data.projection.DefaultMethodInvokingMethodInterceptor.invoke(DefaultMethodInvokingMethodInterceptor.java:69)
	at org.springframework.aop.framework.ReflectiveMethodInvocation.proceed(ReflectiveMethodInvocation.java:184)
	at org.springframework.transaction.interceptor.TransactionAspectSupport.invokeWithinTransaction(TransactionAspectSupport.java:380)
	at org.springframework.transaction.interceptor.TransactionInterceptor.invoke(TransactionInterceptor.java:119)
	at org.springframework.aop.framework.ReflectiveMethodInvocation.proceed(ReflectiveMethodInvocation.java:184)
	at org.springframework.dao.support.PersistenceExceptionTranslationInterceptor.invoke(PersistenceExceptionTranslationInterceptor.java:138)
	... 146 common frames omitted
2026-03-31 00:29:31.490 [http-nio-8080-exec-6] DEBUG [a75cd058] c.s.m.d.s.basic.BasicChannelService  -
        Finding all channels for user: 1e2f6353-d975-4eb4-9c11-d8e8674fb0a6
2026-03-31 00:29:31.505 [http-nio-8080-exec-4] DEBUG [f239a5b7] c.s.m.d.c.ReadStatusController       -
        Fetching read statuses for user: 1e2f6353-d975-4eb4-9c11-d8e8674fb0a6
2026-03-31 00:29:31.507 [http-nio-8080-exec-4] DEBUG [f239a5b7] c.s.m.d.s.b.BasicReadStatusService   -
        Fetching/Allocating read statuses for user: 1e2f6353-d975-4eb4-9c11-d8e8674fb0a6
2026-03-31 00:29:31.516 [http-nio-8080-exec-4] ERROR [f239a5b7] c.s.m.d.c.GlobalExceptionHandler     -
        Internal Server Error: 
org.springframework.dao.IncorrectResultSizeDataAccessException: Query did not return a unique result: 2 results were returned
	at org.springframework.orm.jpa.vendor.HibernateJpaDialect.convertHibernateAccessException(HibernateJpaDialect.java:301)
	at org.springframework.orm.jpa.vendor.HibernateJpaDialect.translateExceptionIfPossible(HibernateJpaDialect.java:244)
	at org.springframework.orm.jpa.AbstractEntityManagerFactoryBean.translateExceptionIfPossible(AbstractEntityManagerFactoryBean.java:560)
	at org.springframework.dao.support.ChainedPersistenceExceptionTranslator.translateExceptionIfPossible(ChainedPersistenceExceptionTranslator.java:61)
	at org.springframework.dao.support.DataAccessUtils.translateIfNecessary(DataAccessUtils.java:343)
	at org.springframework.dao.support.PersistenceExceptionTranslationInterceptor.invoke(PersistenceExceptionTranslationInterceptor.java:160)
	at org.springframework.aop.framework.ReflectiveMethodInvocation.proceed(ReflectiveMethodInvocation.java:184)
	at org.springframework.data.jpa.repository.support.CrudMethodMetadataPostProcessor$CrudMethodMetadataPopulatingMethodInterceptor.invoke(CrudMethodMetadataPostProcessor.java:136)
	at org.springframework.aop.framework.ReflectiveMethodInvocation.proceed(ReflectiveMethodInvocation.java:184)
	at org.springframework.aop.framework.JdkDynamicAopProxy.invoke(JdkDynamicAopProxy.java:223)
	at jdk.proxy2/jdk.proxy2.$Proxy185.findByUserIdAndChannelId(Unknown Source)
	at com.sprint.mission.discodeit.service.basic.BasicReadStatusService.lambda$findAllByUserId$2(BasicReadStatusService.java:48)
	at java.base/java.util.stream.ReferencePipeline$3$1.accept(ReferencePipeline.java:197)
	at java.base/java.util.ArrayList$ArrayListSpliterator.forEachRemaining(ArrayList.java:1625)
	at java.base/java.util.stream.AbstractPipeline.copyInto(AbstractPipeline.java:509)
	at java.base/java.util.stream.AbstractPipeline.wrapAndCopyInto(AbstractPipeline.java:499)
	at java.base/java.util.stream.AbstractPipeline.evaluate(AbstractPipeline.java:575)
	at java.base/java.util.stream.AbstractPipeline.evaluateToArrayNode(AbstractPipeline.java:260)
	at java.base/java.util.stream.ReferencePipeline.toArray(ReferencePipeline.java:616)
	at java.base/java.util.stream.ReferencePipeline.toArray(ReferencePipeline.java:622)
	at java.base/java.util.stream.ReferencePipeline.toList(ReferencePipeline.java:627)
	at com.sprint.mission.discodeit.service.basic.BasicReadStatusService.findAllByUserId(BasicReadStatusService.java:60)
	at jdk.internal.reflect.GeneratedMethodAccessor88.invoke(Unknown Source)
	at java.base/jdk.internal.reflect.DelegatingMethodAccessorImpl.invoke(DelegatingMethodAccessorImpl.java:43)
	at java.base/java.lang.reflect.Method.invoke(Method.java:569)
	at org.springframework.aop.support.AopUtils.invokeJoinpointUsingReflection(AopUtils.java:359)
	at org.springframework.aop.framework.ReflectiveMethodInvocation.invokeJoinpoint(ReflectiveMethodInvocation.java:196)
	at org.springframework.aop.framework.ReflectiveMethodInvocation.proceed(ReflectiveMethodInvocation.java:163)
	at org.springframework.transaction.interceptor.TransactionAspectSupport.invokeWithinTransaction(TransactionAspectSupport.java:380)
	at org.springframework.transaction.interceptor.TransactionInterceptor.invoke(TransactionInterceptor.java:119)
	at org.springframework.aop.framework.ReflectiveMethodInvocation.proceed(ReflectiveMethodInvocation.java:184)
	at org.springframework.aop.framework.CglibAopProxy$DynamicAdvisedInterceptor.intercept(CglibAopProxy.java:727)
	at com.sprint.mission.discodeit.service.basic.BasicReadStatusService$$SpringCGLIB$$0.findAllByUserId(<generated>)
	at com.sprint.mission.discodeit.controller.ReadStatusController.findAllByUserId(ReadStatusController.java:28)
	at jdk.internal.reflect.GeneratedMethodAccessor87.invoke(Unknown Source)
	at java.base/jdk.internal.reflect.DelegatingMethodAccessorImpl.invoke(DelegatingMethodAccessorImpl.java:43)
	at java.base/java.lang.reflect.Method.invoke(Method.java:569)
	at org.springframework.web.method.support.InvocableHandlerMethod.doInvoke(InvocableHandlerMethod.java:255)
	at org.springframework.web.method.support.InvocableHandlerMethod.invokeForRequest(InvocableHandlerMethod.java:188)
	at org.springframework.web.servlet.mvc.method.annotation.ServletInvocableHandlerMethod.invokeAndHandle(ServletInvocableHandlerMethod.java:118)
	at org.springframework.web.servlet.mvc.method.annotation.RequestMappingHandlerAdapter.invokeHandlerMethod(RequestMappingHandlerAdapter.java:986)
	at org.springframework.web.servlet.mvc.method.annotation.RequestMappingHandlerAdapter.handleInternal(RequestMappingHandlerAdapter.java:891)
	at org.springframework.web.servlet.mvc.method.AbstractHandlerMethodAdapter.handle(AbstractHandlerMethodAdapter.java:87)
	at org.springframework.web.servlet.DispatcherServlet.doDispatch(DispatcherServlet.java:1088)
	at org.springframework.web.servlet.DispatcherServlet.doService(DispatcherServlet.java:978)
	at org.springframework.web.servlet.FrameworkServlet.processRequest(FrameworkServlet.java:1014)
	at org.springframework.web.servlet.FrameworkServlet.doGet(FrameworkServlet.java:903)
	at jakarta.servlet.http.HttpServlet.service(HttpServlet.java:564)
	at org.springframework.web.servlet.FrameworkServlet.service(FrameworkServlet.java:885)
	at jakarta.servlet.http.HttpServlet.service(HttpServlet.java:658)
	at org.apache.catalina.core.ApplicationFilterChain.internalDoFilter(ApplicationFilterChain.java:195)
	at org.apache.catalina.core.ApplicationFilterChain.doFilter(ApplicationFilterChain.java:140)
	at org.apache.tomcat.websocket.server.WsFilter.doFilter(WsFilter.java:51)
	at org.apache.catalina.core.ApplicationFilterChain.internalDoFilter(ApplicationFilterChain.java:164)
	at org.apache.catalina.core.ApplicationFilterChain.doFilter(ApplicationFilterChain.java:140)
	at org.springframework.web.filter.CompositeFilter$VirtualFilterChain.doFilter(CompositeFilter.java:108)
	at org.springframework.security.web.FilterChainProxy.lambda$doFilterInternal$3(FilterChainProxy.java:231)
	at org.springframework.security.web.ObservationFilterChainDecorator$FilterObservation$SimpleFilterObservation.lambda$wrap$1(ObservationFilterChainDecorator.java:479)
	at org.springframework.security.web.ObservationFilterChainDecorator$AroundFilterObservation$SimpleAroundFilterObservation.lambda$wrap$1(ObservationFilterChainDecorator.java:340)
	at org.springframework.security.web.ObservationFilterChainDecorator.lambda$wrapSecured$0(ObservationFilterChainDecorator.java:82)
	at org.springframework.security.web.ObservationFilterChainDecorator$VirtualFilterChain.doFilter(ObservationFilterChainDecorator.java:128)
	at org.springframework.security.web.access.intercept.AuthorizationFilter.doFilter(AuthorizationFilter.java:101)
	at org.springframework.security.web.ObservationFilterChainDecorator$ObservationFilter.wrapFilter(ObservationFilterChainDecorator.java:240)
	at org.springframework.security.web.ObservationFilterChainDecorator$ObservationFilter.doFilter(ObservationFilterChainDecorator.java:227)
	at org.springframework.security.web.ObservationFilterChainDecorator$VirtualFilterChain.doFilter(ObservationFilterChainDecorator.java:137)
	at org.springframework.security.web.access.ExceptionTranslationFilter.doFilter(ExceptionTranslationFilter.java:126)
	at org.springframework.security.web.access.ExceptionTranslationFilter.doFilter(ExceptionTranslationFilter.java:120)
	at org.springframework.security.web.ObservationFilterChainDecorator$ObservationFilter.wrapFilter(ObservationFilterChainDecorator.java:240)
	at org.springframework.security.web.ObservationFilterChainDecorator$ObservationFilter.doFilter(ObservationFilterChainDecorator.java:227)
	at org.springframework.security.web.ObservationFilterChainDecorator$VirtualFilterChain.doFilter(ObservationFilterChainDecorator.java:137)
	at org.springframework.security.web.authentication.AnonymousAuthenticationFilter.doFilter(AnonymousAuthenticationFilter.java:100)
	at org.springframework.security.web.ObservationFilterChainDecorator$ObservationFilter.wrapFilter(ObservationFilterChainDecorator.java:240)
	at org.springframework.security.web.ObservationFilterChainDecorator$ObservationFilter.doFilter(ObservationFilterChainDecorator.java:227)
	at org.springframework.security.web.ObservationFilterChainDecorator$VirtualFilterChain.doFilter(ObservationFilterChainDecorator.java:137)
	at org.springframework.security.web.servletapi.SecurityContextHolderAwareRequestFilter.doFilter(SecurityContextHolderAwareRequestFilter.java:179)
	at org.springframework.security.web.ObservationFilterChainDecorator$ObservationFilter.wrapFilter(ObservationFilterChainDecorator.java:240)
	at org.springframework.security.web.ObservationFilterChainDecorator$ObservationFilter.doFilter(ObservationFilterChainDecorator.java:227)
	at org.springframework.security.web.ObservationFilterChainDecorator$VirtualFilterChain.doFilter(ObservationFilterChainDecorator.java:137)
	at org.springframework.security.web.savedrequest.RequestCacheAwareFilter.doFilter(RequestCacheAwareFilter.java:63)
	at org.springframework.security.web.ObservationFilterChainDecorator$ObservationFilter.wrapFilter(ObservationFilterChainDecorator.java:240)
	at org.springframework.security.web.ObservationFilterChainDecorator$ObservationFilter.doFilter(ObservationFilterChainDecorator.java:227)
	at org.springframework.security.web.ObservationFilterChainDecorator$VirtualFilterChain.doFilter(ObservationFilterChainDecorator.java:137)
	at org.springframework.security.web.authentication.logout.LogoutFilter.doFilter(LogoutFilter.java:107)
	at org.springframework.security.web.authentication.logout.LogoutFilter.doFilter(LogoutFilter.java:93)
	at org.springframework.security.web.ObservationFilterChainDecorator$ObservationFilter.wrapFilter(ObservationFilterChainDecorator.java:240)
	at org.springframework.security.web.ObservationFilterChainDecorator$ObservationFilter.doFilter(ObservationFilterChainDecorator.java:227)
	at org.springframework.security.web.ObservationFilterChainDecorator$VirtualFilterChain.doFilter(ObservationFilterChainDecorator.java:137)
	at org.springframework.security.web.header.HeaderWriterFilter.doHeadersAfter(HeaderWriterFilter.java:90)
	at org.springframework.security.web.header.HeaderWriterFilter.doFilterInternal(HeaderWriterFilter.java:75)
	at org.springframework.web.filter.OncePerRequestFilter.doFilter(OncePerRequestFilter.java:116)
	at org.springframework.security.web.ObservationFilterChainDecorator$ObservationFilter.wrapFilter(ObservationFilterChainDecorator.java:240)
	at org.springframework.security.web.ObservationFilterChainDecorator$ObservationFilter.doFilter(ObservationFilterChainDecorator.java:227)
	at org.springframework.security.web.ObservationFilterChainDecorator$VirtualFilterChain.doFilter(ObservationFilterChainDecorator.java:137)
	at org.springframework.security.web.context.SecurityContextHolderFilter.doFilter(SecurityContextHolderFilter.java:82)
	at org.springframework.security.web.context.SecurityContextHolderFilter.doFilter(SecurityContextHolderFilter.java:69)
	at org.springframework.security.web.ObservationFilterChainDecorator$ObservationFilter.wrapFilter(ObservationFilterChainDecorator.java:240)
	at org.springframework.security.web.ObservationFilterChainDecorator$ObservationFilter.doFilter(ObservationFilterChainDecorator.java:227)
	at org.springframework.security.web.ObservationFilterChainDecorator$VirtualFilterChain.doFilter(ObservationFilterChainDecorator.java:137)
	at org.springframework.security.web.context.request.async.WebAsyncManagerIntegrationFilter.doFilterInternal(WebAsyncManagerIntegrationFilter.java:62)
	at org.springframework.web.filter.OncePerRequestFilter.doFilter(OncePerRequestFilter.java:116)
	at org.springframework.security.web.ObservationFilterChainDecorator$ObservationFilter.wrapFilter(ObservationFilterChainDecorator.java:240)
	at org.springframework.security.web.ObservationFilterChainDecorator$ObservationFilter.doFilter(ObservationFilterChainDecorator.java:227)
	at org.springframework.security.web.ObservationFilterChainDecorator$VirtualFilterChain.doFilter(ObservationFilterChainDecorator.java:137)
	at org.springframework.security.web.session.DisableEncodeUrlFilter.doFilterInternal(DisableEncodeUrlFilter.java:42)
	at org.springframework.web.filter.OncePerRequestFilter.doFilter(OncePerRequestFilter.java:116)
	at org.springframework.security.web.ObservationFilterChainDecorator$ObservationFilter.wrapFilter(ObservationFilterChainDecorator.java:240)
	at org.springframework.security.web.ObservationFilterChainDecorator$AroundFilterObservation$SimpleAroundFilterObservation.lambda$wrap$0(ObservationFilterChainDecorator.java:323)
	at org.springframework.security.web.ObservationFilterChainDecorator$ObservationFilter.doFilter(ObservationFilterChainDecorator.java:224)
	at org.springframework.security.web.ObservationFilterChainDecorator$VirtualFilterChain.doFilter(ObservationFilterChainDecorator.java:137)
	at org.springframework.security.web.FilterChainProxy.doFilterInternal(FilterChainProxy.java:233)
	at org.springframework.security.web.FilterChainProxy.doFilter(FilterChainProxy.java:191)
	at org.springframework.web.filter.CompositeFilter$VirtualFilterChain.doFilter(CompositeFilter.java:113)
	at org.springframework.web.servlet.handler.HandlerMappingIntrospector.lambda$createCacheFilter$3(HandlerMappingIntrospector.java:243)
	at org.springframework.web.filter.CompositeFilter$VirtualFilterChain.doFilter(CompositeFilter.java:113)
	at org.springframework.web.filter.CompositeFilter.doFilter(CompositeFilter.java:74)
	at org.springframework.security.config.annotation.web.configuration.WebMvcSecurityConfiguration$CompositeFilterChainProxy.doFilter(WebMvcSecurityConfiguration.java:238)
	at org.springframework.web.filter.DelegatingFilterProxy.invokeDelegate(DelegatingFilterProxy.java:362)
	at org.springframework.web.filter.DelegatingFilterProxy.doFilter(DelegatingFilterProxy.java:278)
	at org.apache.catalina.core.ApplicationFilterChain.internalDoFilter(ApplicationFilterChain.java:164)
	at org.apache.catalina.core.ApplicationFilterChain.doFilter(ApplicationFilterChain.java:140)
	at org.springframework.web.filter.RequestContextFilter.doFilterInternal(RequestContextFilter.java:100)
	at org.springframework.web.filter.OncePerRequestFilter.doFilter(OncePerRequestFilter.java:116)
	at org.apache.catalina.core.ApplicationFilterChain.internalDoFilter(ApplicationFilterChain.java:164)
	at org.apache.catalina.core.ApplicationFilterChain.doFilter(ApplicationFilterChain.java:140)
	at org.springframework.web.filter.FormContentFilter.doFilterInternal(FormContentFilter.java:93)
	at org.springframework.web.filter.OncePerRequestFilter.doFilter(OncePerRequestFilter.java:116)
	at org.apache.catalina.core.ApplicationFilterChain.internalDoFilter(ApplicationFilterChain.java:164)
	at org.apache.catalina.core.ApplicationFilterChain.doFilter(ApplicationFilterChain.java:140)
	at org.springframework.web.filter.ServerHttpObservationFilter.doFilterInternal(ServerHttpObservationFilter.java:114)
	at org.springframework.web.filter.OncePerRequestFilter.doFilter(OncePerRequestFilter.java:116)
	at org.apache.catalina.core.ApplicationFilterChain.internalDoFilter(ApplicationFilterChain.java:164)
	at org.apache.catalina.core.ApplicationFilterChain.doFilter(ApplicationFilterChain.java:140)
	at org.springframework.web.filter.CharacterEncodingFilter.doFilterInternal(CharacterEncodingFilter.java:201)
	at org.springframework.web.filter.OncePerRequestFilter.doFilter(OncePerRequestFilter.java:116)
	at org.apache.catalina.core.ApplicationFilterChain.internalDoFilter(ApplicationFilterChain.java:164)
	at org.apache.catalina.core.ApplicationFilterChain.doFilter(ApplicationFilterChain.java:140)
	at org.apache.catalina.core.StandardWrapperValve.invoke(StandardWrapperValve.java:167)
	at org.apache.catalina.core.StandardContextValve.invoke(StandardContextValve.java:90)
	at org.apache.catalina.authenticator.AuthenticatorBase.invoke(AuthenticatorBase.java:483)
	at org.apache.catalina.core.StandardHostValve.invoke(StandardHostValve.java:115)
	at org.apache.catalina.valves.ErrorReportValve.invoke(ErrorReportValve.java:93)
	at org.apache.catalina.core.StandardEngineValve.invoke(StandardEngineValve.java:74)
	at org.apache.catalina.connector.CoyoteAdapter.service(CoyoteAdapter.java:344)
	at org.apache.coyote.http11.Http11Processor.service(Http11Processor.java:397)
	at org.apache.coyote.AbstractProcessorLight.process(AbstractProcessorLight.java:63)
	at org.apache.coyote.AbstractProtocol$ConnectionHandler.process(AbstractProtocol.java:905)
	at org.apache.tomcat.util.net.NioEndpoint$SocketProcessor.doRun(NioEndpoint.java:1741)
	at org.apache.tomcat.util.net.SocketProcessorBase.run(SocketProcessorBase.java:52)
	at org.apache.tomcat.util.threads.ThreadPoolExecutor.runWorker(ThreadPoolExecutor.java:1190)
	at org.apache.tomcat.util.threads.ThreadPoolExecutor$Worker.run(ThreadPoolExecutor.java:659)
	at org.apache.tomcat.util.threads.TaskThread$WrappingRunnable.run(TaskThread.java:63)
	at java.base/java.lang.Thread.run(Thread.java:840)
Caused by: org.hibernate.NonUniqueResultException: Query did not return a unique result: 2 results were returned
	at org.hibernate.query.spi.AbstractSelectionQuery.uniqueElement(AbstractSelectionQuery.java:298)
	at org.hibernate.query.spi.AbstractSelectionQuery.getSingleResult(AbstractSelectionQuery.java:281)
	at org.springframework.data.jpa.repository.query.JpaQueryExecution$SingleEntityExecution.doExecute(JpaQueryExecution.java:224)
	at org.springframework.data.jpa.repository.query.JpaQueryExecution.execute(JpaQueryExecution.java:93)
	at org.springframework.data.jpa.repository.query.AbstractJpaQuery.doExecute(AbstractJpaQuery.java:152)
	at org.springframework.data.jpa.repository.query.AbstractJpaQuery.execute(AbstractJpaQuery.java:140)
	at org.springframework.data.repository.core.support.RepositoryMethodInvoker.doInvoke(RepositoryMethodInvoker.java:170)
	at org.springframework.data.repository.core.support.RepositoryMethodInvoker.invoke(RepositoryMethodInvoker.java:158)
	at org.springframework.data.repository.core.support.QueryExecutorMethodInterceptor.doInvoke(QueryExecutorMethodInterceptor.java:170)
	at org.springframework.data.repository.core.support.QueryExecutorMethodInterceptor.invoke(QueryExecutorMethodInterceptor.java:149)
	at org.springframework.aop.framework.ReflectiveMethodInvocation.proceed(ReflectiveMethodInvocation.java:184)
	at org.springframework.data.projection.DefaultMethodInvokingMethodInterceptor.invoke(DefaultMethodInvokingMethodInterceptor.java:69)
	at org.springframework.aop.framework.ReflectiveMethodInvocation.proceed(ReflectiveMethodInvocation.java:184)
	at org.springframework.transaction.interceptor.TransactionAspectSupport.invokeWithinTransaction(TransactionAspectSupport.java:380)
	at org.springframework.transaction.interceptor.TransactionInterceptor.invoke(TransactionInterceptor.java:119)
	at org.springframework.aop.framework.ReflectiveMethodInvocation.proceed(ReflectiveMethodInvocation.java:184)
	at org.springframework.dao.support.PersistenceExceptionTranslationInterceptor.invoke(PersistenceExceptionTranslationInterceptor.java:138)
	... 146 common frames omitted
2026-03-31 00:29:32.489 [http-nio-8080-exec-5] DEBUG [d77ecf0e] c.s.m.d.controller.MessageController -
        Fetching messages for channel: e054663f-79db-41a6-8385-68e22f93f0dc, cursor: null, size: 50
2026-03-31 00:29:34.486 [http-nio-8080-exec-8] DEBUG [482cd377] c.s.m.d.s.basic.BasicChannelService  -
        Finding all channels for user: 1e2f6353-d975-4eb4-9c11-d8e8674fb0a6
2026-03-31 00:29:34.498 [http-nio-8080-exec-9] DEBUG [602c3a55] c.s.m.d.c.ReadStatusController       -
        Fetching read statuses for user: 1e2f6353-d975-4eb4-9c11-d8e8674fb0a6
2026-03-31 00:29:34.498 [http-nio-8080-exec-9] DEBUG [602c3a55] c.s.m.d.s.b.BasicReadStatusService   -
        Fetching/Allocating read statuses for user: 1e2f6353-d975-4eb4-9c11-d8e8674fb0a6
2026-03-31 00:29:34.507 [http-nio-8080-exec-9] ERROR [602c3a55] c.s.m.d.c.GlobalExceptionHandler     -
        Internal Server Error: 
org.springframework.dao.IncorrectResultSizeDataAccessException: Query did not return a unique result: 2 results were returned
	at org.springframework.orm.jpa.vendor.HibernateJpaDialect.convertHibernateAccessException(HibernateJpaDialect.java:301)
	at org.springframework.orm.jpa.vendor.HibernateJpaDialect.translateExceptionIfPossible(HibernateJpaDialect.java:244)
	at org.springframework.orm.jpa.AbstractEntityManagerFactoryBean.translateExceptionIfPossible(AbstractEntityManagerFactoryBean.java:560)
	at org.springframework.dao.support.ChainedPersistenceExceptionTranslator.translateExceptionIfPossible(ChainedPersistenceExceptionTranslator.java:61)
	at org.springframework.dao.support.DataAccessUtils.translateIfNecessary(DataAccessUtils.java:343)
	at org.springframework.dao.support.PersistenceExceptionTranslationInterceptor.invoke(PersistenceExceptionTranslationInterceptor.java:160)
	at org.springframework.aop.framework.ReflectiveMethodInvocation.proceed(ReflectiveMethodInvocation.java:184)
	at org.springframework.data.jpa.repository.support.CrudMethodMetadataPostProcessor$CrudMethodMetadataPopulatingMethodInterceptor.invoke(CrudMethodMetadataPostProcessor.java:136)
	at org.springframework.aop.framework.ReflectiveMethodInvocation.proceed(ReflectiveMethodInvocation.java:184)
	at org.springframework.aop.framework.JdkDynamicAopProxy.invoke(JdkDynamicAopProxy.java:223)
	at jdk.proxy2/jdk.proxy2.$Proxy185.findByUserIdAndChannelId(Unknown Source)
	at com.sprint.mission.discodeit.service.basic.BasicReadStatusService.lambda$findAllByUserId$2(BasicReadStatusService.java:48)
	at java.base/java.util.stream.ReferencePipeline$3$1.accept(ReferencePipeline.java:197)
	at java.base/java.util.ArrayList$ArrayListSpliterator.forEachRemaining(ArrayList.java:1625)
	at java.base/java.util.stream.AbstractPipeline.copyInto(AbstractPipeline.java:509)
	at java.base/java.util.stream.AbstractPipeline.wrapAndCopyInto(AbstractPipeline.java:499)
	at java.base/java.util.stream.AbstractPipeline.evaluate(AbstractPipeline.java:575)
	at java.base/java.util.stream.AbstractPipeline.evaluateToArrayNode(AbstractPipeline.java:260)
	at java.base/java.util.stream.ReferencePipeline.toArray(ReferencePipeline.java:616)
	at java.base/java.util.stream.ReferencePipeline.toArray(ReferencePipeline.java:622)
	at java.base/java.util.stream.ReferencePipeline.toList(ReferencePipeline.java:627)
	at com.sprint.mission.discodeit.service.basic.BasicReadStatusService.findAllByUserId(BasicReadStatusService.java:60)
	at jdk.internal.reflect.GeneratedMethodAccessor88.invoke(Unknown Source)
	at java.base/jdk.internal.reflect.DelegatingMethodAccessorImpl.invoke(DelegatingMethodAccessorImpl.java:43)
	at java.base/java.lang.reflect.Method.invoke(Method.java:569)
	at org.springframework.aop.support.AopUtils.invokeJoinpointUsingReflection(AopUtils.java:359)
	at org.springframework.aop.framework.ReflectiveMethodInvocation.invokeJoinpoint(ReflectiveMethodInvocation.java:196)
	at org.springframework.aop.framework.ReflectiveMethodInvocation.proceed(ReflectiveMethodInvocation.java:163)
	at org.springframework.transaction.interceptor.TransactionAspectSupport.invokeWithinTransaction(TransactionAspectSupport.java:380)
	at org.springframework.transaction.interceptor.TransactionInterceptor.invoke(TransactionInterceptor.java:119)
	at org.springframework.aop.framework.ReflectiveMethodInvocation.proceed(ReflectiveMethodInvocation.java:184)
	at org.springframework.aop.framework.CglibAopProxy$DynamicAdvisedInterceptor.intercept(CglibAopProxy.java:727)
	at com.sprint.mission.discodeit.service.basic.BasicReadStatusService$$SpringCGLIB$$0.findAllByUserId(<generated>)
	at com.sprint.mission.discodeit.controller.ReadStatusController.findAllByUserId(ReadStatusController.java:28)
	at jdk.internal.reflect.GeneratedMethodAccessor87.invoke(Unknown Source)
	at java.base/jdk.internal.reflect.DelegatingMethodAccessorImpl.invoke(DelegatingMethodAccessorImpl.java:43)
	at java.base/java.lang.reflect.Method.invoke(Method.java:569)
	at org.springframework.web.method.support.InvocableHandlerMethod.doInvoke(InvocableHandlerMethod.java:255)
	at org.springframework.web.method.support.InvocableHandlerMethod.invokeForRequest(InvocableHandlerMethod.java:188)
	at org.springframework.web.servlet.mvc.method.annotation.ServletInvocableHandlerMethod.invokeAndHandle(ServletInvocableHandlerMethod.java:118)
	at org.springframework.web.servlet.mvc.method.annotation.RequestMappingHandlerAdapter.invokeHandlerMethod(RequestMappingHandlerAdapter.java:986)
	at org.springframework.web.servlet.mvc.method.annotation.RequestMappingHandlerAdapter.handleInternal(RequestMappingHandlerAdapter.java:891)
	at org.springframework.web.servlet.mvc.method.AbstractHandlerMethodAdapter.handle(AbstractHandlerMethodAdapter.java:87)
	at org.springframework.web.servlet.DispatcherServlet.doDispatch(DispatcherServlet.java:1088)
	at org.springframework.web.servlet.DispatcherServlet.doService(DispatcherServlet.java:978)
	at org.springframework.web.servlet.FrameworkServlet.processRequest(FrameworkServlet.java:1014)
	at org.springframework.web.servlet.FrameworkServlet.doGet(FrameworkServlet.java:903)
	at jakarta.servlet.http.HttpServlet.service(HttpServlet.java:564)
	at org.springframework.web.servlet.FrameworkServlet.service(FrameworkServlet.java:885)
	at jakarta.servlet.http.HttpServlet.service(HttpServlet.java:658)
	at org.apache.catalina.core.ApplicationFilterChain.internalDoFilter(ApplicationFilterChain.java:195)
	at org.apache.catalina.core.ApplicationFilterChain.doFilter(ApplicationFilterChain.java:140)
	at org.apache.tomcat.websocket.server.WsFilter.doFilter(WsFilter.java:51)
	at org.apache.catalina.core.ApplicationFilterChain.internalDoFilter(ApplicationFilterChain.java:164)
	at org.apache.catalina.core.ApplicationFilterChain.doFilter(ApplicationFilterChain.java:140)
	at org.springframework.web.filter.CompositeFilter$VirtualFilterChain.doFilter(CompositeFilter.java:108)
	at org.springframework.security.web.FilterChainProxy.lambda$doFilterInternal$3(FilterChainProxy.java:231)
	at org.springframework.security.web.ObservationFilterChainDecorator$FilterObservation$SimpleFilterObservation.lambda$wrap$1(ObservationFilterChainDecorator.java:479)
	at org.springframework.security.web.ObservationFilterChainDecorator$AroundFilterObservation$SimpleAroundFilterObservation.lambda$wrap$1(ObservationFilterChainDecorator.java:340)
	at org.springframework.security.web.ObservationFilterChainDecorator.lambda$wrapSecured$0(ObservationFilterChainDecorator.java:82)
	at org.springframework.security.web.ObservationFilterChainDecorator$VirtualFilterChain.doFilter(ObservationFilterChainDecorator.java:128)
	at org.springframework.security.web.access.intercept.AuthorizationFilter.doFilter(AuthorizationFilter.java:101)
	at org.springframework.security.web.ObservationFilterChainDecorator$ObservationFilter.wrapFilter(ObservationFilterChainDecorator.java:240)
	at org.springframework.security.web.ObservationFilterChainDecorator$ObservationFilter.doFilter(ObservationFilterChainDecorator.java:227)
	at org.springframework.security.web.ObservationFilterChainDecorator$VirtualFilterChain.doFilter(ObservationFilterChainDecorator.java:137)
	at org.springframework.security.web.access.ExceptionTranslationFilter.doFilter(ExceptionTranslationFilter.java:126)
	at org.springframework.security.web.access.ExceptionTranslationFilter.doFilter(ExceptionTranslationFilter.java:120)
	at org.springframework.security.web.ObservationFilterChainDecorator$ObservationFilter.wrapFilter(ObservationFilterChainDecorator.java:240)
	at org.springframework.security.web.ObservationFilterChainDecorator$ObservationFilter.doFilter(ObservationFilterChainDecorator.java:227)
	at org.springframework.security.web.ObservationFilterChainDecorator$VirtualFilterChain.doFilter(ObservationFilterChainDecorator.java:137)
	at org.springframework.security.web.authentication.AnonymousAuthenticationFilter.doFilter(AnonymousAuthenticationFilter.java:100)
	at org.springframework.security.web.ObservationFilterChainDecorator$ObservationFilter.wrapFilter(ObservationFilterChainDecorator.java:240)
	at org.springframework.security.web.ObservationFilterChainDecorator$ObservationFilter.doFilter(ObservationFilterChainDecorator.java:227)
	at org.springframework.security.web.ObservationFilterChainDecorator$VirtualFilterChain.doFilter(ObservationFilterChainDecorator.java:137)
	at org.springframework.security.web.servletapi.SecurityContextHolderAwareRequestFilter.doFilter(SecurityContextHolderAwareRequestFilter.java:179)
	at org.springframework.security.web.ObservationFilterChainDecorator$ObservationFilter.wrapFilter(ObservationFilterChainDecorator.java:240)
	at org.springframework.security.web.ObservationFilterChainDecorator$ObservationFilter.doFilter(ObservationFilterChainDecorator.java:227)
	at org.springframework.security.web.ObservationFilterChainDecorator$VirtualFilterChain.doFilter(ObservationFilterChainDecorator.java:137)
	at org.springframework.security.web.savedrequest.RequestCacheAwareFilter.doFilter(RequestCacheAwareFilter.java:63)
	at org.springframework.security.web.ObservationFilterChainDecorator$ObservationFilter.wrapFilter(ObservationFilterChainDecorator.java:240)
	at org.springframework.security.web.ObservationFilterChainDecorator$ObservationFilter.doFilter(ObservationFilterChainDecorator.java:227)
	at org.springframework.security.web.ObservationFilterChainDecorator$VirtualFilterChain.doFilter(ObservationFilterChainDecorator.java:137)
	at org.springframework.security.web.authentication.logout.LogoutFilter.doFilter(LogoutFilter.java:107)
	at org.springframework.security.web.authentication.logout.LogoutFilter.doFilter(LogoutFilter.java:93)
	at org.springframework.security.web.ObservationFilterChainDecorator$ObservationFilter.wrapFilter(ObservationFilterChainDecorator.java:240)
	at org.springframework.security.web.ObservationFilterChainDecorator$ObservationFilter.doFilter(ObservationFilterChainDecorator.java:227)
	at org.springframework.security.web.ObservationFilterChainDecorator$VirtualFilterChain.doFilter(ObservationFilterChainDecorator.java:137)
	at org.springframework.security.web.header.HeaderWriterFilter.doHeadersAfter(HeaderWriterFilter.java:90)
	at org.springframework.security.web.header.HeaderWriterFilter.doFilterInternal(HeaderWriterFilter.java:75)
	at org.springframework.web.filter.OncePerRequestFilter.doFilter(OncePerRequestFilter.java:116)
	at org.springframework.security.web.ObservationFilterChainDecorator$ObservationFilter.wrapFilter(ObservationFilterChainDecorator.java:240)
	at org.springframework.security.web.ObservationFilterChainDecorator$ObservationFilter.doFilter(ObservationFilterChainDecorator.java:227)
	at org.springframework.security.web.ObservationFilterChainDecorator$VirtualFilterChain.doFilter(ObservationFilterChainDecorator.java:137)
	at org.springframework.security.web.context.SecurityContextHolderFilter.doFilter(SecurityContextHolderFilter.java:82)
	at org.springframework.security.web.context.SecurityContextHolderFilter.doFilter(SecurityContextHolderFilter.java:69)
	at org.springframework.security.web.ObservationFilterChainDecorator$ObservationFilter.wrapFilter(ObservationFilterChainDecorator.java:240)
	at org.springframework.security.web.ObservationFilterChainDecorator$ObservationFilter.doFilter(ObservationFilterChainDecorator.java:227)
	at org.springframework.security.web.ObservationFilterChainDecorator$VirtualFilterChain.doFilter(ObservationFilterChainDecorator.java:137)
	at org.springframework.security.web.context.request.async.WebAsyncManagerIntegrationFilter.doFilterInternal(WebAsyncManagerIntegrationFilter.java:62)
	at org.springframework.web.filter.OncePerRequestFilter.doFilter(OncePerRequestFilter.java:116)
	at org.springframework.security.web.ObservationFilterChainDecorator$ObservationFilter.wrapFilter(ObservationFilterChainDecorator.java:240)
	at org.springframework.security.web.ObservationFilterChainDecorator$ObservationFilter.doFilter(ObservationFilterChainDecorator.java:227)
	at org.springframework.security.web.ObservationFilterChainDecorator$VirtualFilterChain.doFilter(ObservationFilterChainDecorator.java:137)
	at org.springframework.security.web.session.DisableEncodeUrlFilter.doFilterInternal(DisableEncodeUrlFilter.java:42)
	at org.springframework.web.filter.OncePerRequestFilter.doFilter(OncePerRequestFilter.java:116)
	at org.springframework.security.web.ObservationFilterChainDecorator$ObservationFilter.wrapFilter(ObservationFilterChainDecorator.java:240)
	at org.springframework.security.web.ObservationFilterChainDecorator$AroundFilterObservation$SimpleAroundFilterObservation.lambda$wrap$0(ObservationFilterChainDecorator.java:323)
	at org.springframework.security.web.ObservationFilterChainDecorator$ObservationFilter.doFilter(ObservationFilterChainDecorator.java:224)
	at org.springframework.security.web.ObservationFilterChainDecorator$VirtualFilterChain.doFilter(ObservationFilterChainDecorator.java:137)
	at org.springframework.security.web.FilterChainProxy.doFilterInternal(FilterChainProxy.java:233)
	at org.springframework.security.web.FilterChainProxy.doFilter(FilterChainProxy.java:191)
	at org.springframework.web.filter.CompositeFilter$VirtualFilterChain.doFilter(CompositeFilter.java:113)
	at org.springframework.web.servlet.handler.HandlerMappingIntrospector.lambda$createCacheFilter$3(HandlerMappingIntrospector.java:243)
	at org.springframework.web.filter.CompositeFilter$VirtualFilterChain.doFilter(CompositeFilter.java:113)
	at org.springframework.web.filter.CompositeFilter.doFilter(CompositeFilter.java:74)
	at org.springframework.security.config.annotation.web.configuration.WebMvcSecurityConfiguration$CompositeFilterChainProxy.doFilter(WebMvcSecurityConfiguration.java:238)
	at org.springframework.web.filter.DelegatingFilterProxy.invokeDelegate(DelegatingFilterProxy.java:362)
	at org.springframework.web.filter.DelegatingFilterProxy.doFilter(DelegatingFilterProxy.java:278)
	at org.apache.catalina.core.ApplicationFilterChain.internalDoFilter(ApplicationFilterChain.java:164)
	at org.apache.catalina.core.ApplicationFilterChain.doFilter(ApplicationFilterChain.java:140)
	at org.springframework.web.filter.RequestContextFilter.doFilterInternal(RequestContextFilter.java:100)
	at org.springframework.web.filter.OncePerRequestFilter.doFilter(OncePerRequestFilter.java:116)
	at org.apache.catalina.core.ApplicationFilterChain.internalDoFilter(ApplicationFilterChain.java:164)
	at org.apache.catalina.core.ApplicationFilterChain.doFilter(ApplicationFilterChain.java:140)
	at org.springframework.web.filter.FormContentFilter.doFilterInternal(FormContentFilter.java:93)
	at org.springframework.web.filter.OncePerRequestFilter.doFilter(OncePerRequestFilter.java:116)
	at org.apache.catalina.core.ApplicationFilterChain.internalDoFilter(ApplicationFilterChain.java:164)
	at org.apache.catalina.core.ApplicationFilterChain.doFilter(ApplicationFilterChain.java:140)
	at org.springframework.web.filter.ServerHttpObservationFilter.doFilterInternal(ServerHttpObservationFilter.java:114)
	at org.springframework.web.filter.OncePerRequestFilter.doFilter(OncePerRequestFilter.java:116)
	at org.apache.catalina.core.ApplicationFilterChain.internalDoFilter(ApplicationFilterChain.java:164)
	at org.apache.catalina.core.ApplicationFilterChain.doFilter(ApplicationFilterChain.java:140)
	at org.springframework.web.filter.CharacterEncodingFilter.doFilterInternal(CharacterEncodingFilter.java:201)
	at org.springframework.web.filter.OncePerRequestFilter.doFilter(OncePerRequestFilter.java:116)
	at org.apache.catalina.core.ApplicationFilterChain.internalDoFilter(ApplicationFilterChain.java:164)
	at org.apache.catalina.core.ApplicationFilterChain.doFilter(ApplicationFilterChain.java:140)
	at org.apache.catalina.core.StandardWrapperValve.invoke(StandardWrapperValve.java:167)
	at org.apache.catalina.core.StandardContextValve.invoke(StandardContextValve.java:90)
	at org.apache.catalina.authenticator.AuthenticatorBase.invoke(AuthenticatorBase.java:483)
	at org.apache.catalina.core.StandardHostValve.invoke(StandardHostValve.java:115)
	at org.apache.catalina.valves.ErrorReportValve.invoke(ErrorReportValve.java:93)
	at org.apache.catalina.core.StandardEngineValve.invoke(StandardEngineValve.java:74)
	at org.apache.catalina.connector.CoyoteAdapter.service(CoyoteAdapter.java:344)
	at org.apache.coyote.http11.Http11Processor.service(Http11Processor.java:397)
	at org.apache.coyote.AbstractProcessorLight.process(AbstractProcessorLight.java:63)
	at org.apache.coyote.AbstractProtocol$ConnectionHandler.process(AbstractProtocol.java:905)
	at org.apache.tomcat.util.net.NioEndpoint$SocketProcessor.doRun(NioEndpoint.java:1741)
	at org.apache.tomcat.util.net.SocketProcessorBase.run(SocketProcessorBase.java:52)
	at org.apache.tomcat.util.threads.ThreadPoolExecutor.runWorker(ThreadPoolExecutor.java:1190)
	at org.apache.tomcat.util.threads.ThreadPoolExecutor$Worker.run(ThreadPoolExecutor.java:659)
	at org.apache.tomcat.util.threads.TaskThread$WrappingRunnable.run(TaskThread.java:63)
	at java.base/java.lang.Thread.run(Thread.java:840)
Caused by: org.hibernate.NonUniqueResultException: Query did not return a unique result: 2 results were returned
	at org.hibernate.query.spi.AbstractSelectionQuery.uniqueElement(AbstractSelectionQuery.java:298)
	at org.hibernate.query.spi.AbstractSelectionQuery.getSingleResult(AbstractSelectionQuery.java:281)
	at org.springframework.data.jpa.repository.query.JpaQueryExecution$SingleEntityExecution.doExecute(JpaQueryExecution.java:224)
	at org.springframework.data.jpa.repository.query.JpaQueryExecution.execute(JpaQueryExecution.java:93)
	at org.springframework.data.jpa.repository.query.AbstractJpaQuery.doExecute(AbstractJpaQuery.java:152)
	at org.springframework.data.jpa.repository.query.AbstractJpaQuery.execute(AbstractJpaQuery.java:140)
	at org.springframework.data.repository.core.support.RepositoryMethodInvoker.doInvoke(RepositoryMethodInvoker.java:170)
	at org.springframework.data.repository.core.support.RepositoryMethodInvoker.invoke(RepositoryMethodInvoker.java:158)
	at org.springframework.data.repository.core.support.QueryExecutorMethodInterceptor.doInvoke(QueryExecutorMethodInterceptor.java:170)
	at org.springframework.data.repository.core.support.QueryExecutorMethodInterceptor.invoke(QueryExecutorMethodInterceptor.java:149)
	at org.springframework.aop.framework.ReflectiveMethodInvocation.proceed(ReflectiveMethodInvocation.java:184)
	at org.springframework.data.projection.DefaultMethodInvokingMethodInterceptor.invoke(DefaultMethodInvokingMethodInterceptor.java:69)
	at org.springframework.aop.framework.ReflectiveMethodInvocation.proceed(ReflectiveMethodInvocation.java:184)
	at org.springframework.transaction.interceptor.TransactionAspectSupport.invokeWithinTransaction(TransactionAspectSupport.java:380)
	at org.springframework.transaction.interceptor.TransactionInterceptor.invoke(TransactionInterceptor.java:119)
	at org.springframework.aop.framework.ReflectiveMethodInvocation.proceed(ReflectiveMethodInvocation.java:184)
	at org.springframework.dao.support.PersistenceExceptionTranslationInterceptor.invoke(PersistenceExceptionTranslationInterceptor.java:138)
	... 146 common frames omitted
2026-03-31 00:29:36.505 [http-nio-8080-exec-7] DEBUG [f0a3824d] c.s.m.d.controller.MessageController -
        Fetching messages for channel: e054663f-79db-41a6-8385-68e22f93f0dc, cursor: null, size: 50
2026-03-31 00:29:37.489 [http-nio-8080-exec-10] DEBUG [841983c5] c.s.m.d.s.basic.BasicChannelService  -
        Finding all channels for user: 1e2f6353-d975-4eb4-9c11-d8e8674fb0a6
2026-03-31 00:29:37.499 [http-nio-8080-exec-1] DEBUG [3d9bc1da] c.s.m.d.c.ReadStatusController       -
        Fetching read statuses for user: 1e2f6353-d975-4eb4-9c11-d8e8674fb0a6
2026-03-31 00:29:37.499 [http-nio-8080-exec-1] DEBUG [3d9bc1da] c.s.m.d.s.b.BasicReadStatusService   -
        Fetching/Allocating read statuses for user: 1e2f6353-d975-4eb4-9c11-d8e8674fb0a6
2026-03-31 00:29:37.506 [http-nio-8080-exec-1] ERROR [3d9bc1da] c.s.m.d.c.GlobalExceptionHandler     -
        Internal Server Error: 
org.springframework.dao.IncorrectResultSizeDataAccessException: Query did not return a unique result: 2 results were returned
	at org.springframework.orm.jpa.vendor.HibernateJpaDialect.convertHibernateAccessException(HibernateJpaDialect.java:301)
	at org.springframework.orm.jpa.vendor.HibernateJpaDialect.translateExceptionIfPossible(HibernateJpaDialect.java:244)
	at org.springframework.orm.jpa.AbstractEntityManagerFactoryBean.translateExceptionIfPossible(AbstractEntityManagerFactoryBean.java:560)
	at org.springframework.dao.support.ChainedPersistenceExceptionTranslator.translateExceptionIfPossible(ChainedPersistenceExceptionTranslator.java:61)
	at org.springframework.dao.support.DataAccessUtils.translateIfNecessary(DataAccessUtils.java:343)
	at org.springframework.dao.support.PersistenceExceptionTranslationInterceptor.invoke(PersistenceExceptionTranslationInterceptor.java:160)
	at org.springframework.aop.framework.ReflectiveMethodInvocation.proceed(ReflectiveMethodInvocation.java:184)
	at org.springframework.data.jpa.repository.support.CrudMethodMetadataPostProcessor$CrudMethodMetadataPopulatingMethodInterceptor.invoke(CrudMethodMetadataPostProcessor.java:136)
	at org.springframework.aop.framework.ReflectiveMethodInvocation.proceed(ReflectiveMethodInvocation.java:184)
	at org.springframework.aop.framework.JdkDynamicAopProxy.invoke(JdkDynamicAopProxy.java:223)
	at jdk.proxy2/jdk.proxy2.$Proxy185.findByUserIdAndChannelId(Unknown Source)
	at com.sprint.mission.discodeit.service.basic.BasicReadStatusService.lambda$findAllByUserId$2(BasicReadStatusService.java:48)
	at java.base/java.util.stream.ReferencePipeline$3$1.accept(ReferencePipeline.java:197)
	at java.base/java.util.ArrayList$ArrayListSpliterator.forEachRemaining(ArrayList.java:1625)
	at java.base/java.util.stream.AbstractPipeline.copyInto(AbstractPipeline.java:509)
	at java.base/java.util.stream.AbstractPipeline.wrapAndCopyInto(AbstractPipeline.java:499)
	at java.base/java.util.stream.AbstractPipeline.evaluate(AbstractPipeline.java:575)
	at java.base/java.util.stream.AbstractPipeline.evaluateToArrayNode(AbstractPipeline.java:260)
	at java.base/java.util.stream.ReferencePipeline.toArray(ReferencePipeline.java:616)
	at java.base/java.util.stream.ReferencePipeline.toArray(ReferencePipeline.java:622)
	at java.base/java.util.stream.ReferencePipeline.toList(ReferencePipeline.java:627)
	at com.sprint.mission.discodeit.service.basic.BasicReadStatusService.findAllByUserId(BasicReadStatusService.java:60)
	at jdk.internal.reflect.GeneratedMethodAccessor88.invoke(Unknown Source)
	at java.base/jdk.internal.reflect.DelegatingMethodAccessorImpl.invoke(DelegatingMethodAccessorImpl.java:43)
	at java.base/java.lang.reflect.Method.invoke(Method.java:569)
	at org.springframework.aop.support.AopUtils.invokeJoinpointUsingReflection(AopUtils.java:359)
	at org.springframework.aop.framework.ReflectiveMethodInvocation.invokeJoinpoint(ReflectiveMethodInvocation.java:196)
	at org.springframework.aop.framework.ReflectiveMethodInvocation.proceed(ReflectiveMethodInvocation.java:163)
	at org.springframework.transaction.interceptor.TransactionAspectSupport.invokeWithinTransaction(TransactionAspectSupport.java:380)
	at org.springframework.transaction.interceptor.TransactionInterceptor.invoke(TransactionInterceptor.java:119)
	at org.springframework.aop.framework.ReflectiveMethodInvocation.proceed(ReflectiveMethodInvocation.java:184)
	at org.springframework.aop.framework.CglibAopProxy$DynamicAdvisedInterceptor.intercept(CglibAopProxy.java:727)
	at com.sprint.mission.discodeit.service.basic.BasicReadStatusService$$SpringCGLIB$$0.findAllByUserId(<generated>)
	at com.sprint.mission.discodeit.controller.ReadStatusController.findAllByUserId(ReadStatusController.java:28)
	at jdk.internal.reflect.GeneratedMethodAccessor87.invoke(Unknown Source)
	at java.base/jdk.internal.reflect.DelegatingMethodAccessorImpl.invoke(DelegatingMethodAccessorImpl.java:43)
	at java.base/java.lang.reflect.Method.invoke(Method.java:569)
	at org.springframework.web.method.support.InvocableHandlerMethod.doInvoke(InvocableHandlerMethod.java:255)
	at org.springframework.web.method.support.InvocableHandlerMethod.invokeForRequest(InvocableHandlerMethod.java:188)
	at org.springframework.web.servlet.mvc.method.annotation.ServletInvocableHandlerMethod.invokeAndHandle(ServletInvocableHandlerMethod.java:118)
	at org.springframework.web.servlet.mvc.method.annotation.RequestMappingHandlerAdapter.invokeHandlerMethod(RequestMappingHandlerAdapter.java:986)
	at org.springframework.web.servlet.mvc.method.annotation.RequestMappingHandlerAdapter.handleInternal(RequestMappingHandlerAdapter.java:891)
	at org.springframework.web.servlet.mvc.method.AbstractHandlerMethodAdapter.handle(AbstractHandlerMethodAdapter.java:87)
	at org.springframework.web.servlet.DispatcherServlet.doDispatch(DispatcherServlet.java:1088)
	at org.springframework.web.servlet.DispatcherServlet.doService(DispatcherServlet.java:978)
	at org.springframework.web.servlet.FrameworkServlet.processRequest(FrameworkServlet.java:1014)
	at org.springframework.web.servlet.FrameworkServlet.doGet(FrameworkServlet.java:903)
	at jakarta.servlet.http.HttpServlet.service(HttpServlet.java:564)
	at org.springframework.web.servlet.FrameworkServlet.service(FrameworkServlet.java:885)
	at jakarta.servlet.http.HttpServlet.service(HttpServlet.java:658)
	at org.apache.catalina.core.ApplicationFilterChain.internalDoFilter(ApplicationFilterChain.java:195)
	at org.apache.catalina.core.ApplicationFilterChain.doFilter(ApplicationFilterChain.java:140)
	at org.apache.tomcat.websocket.server.WsFilter.doFilter(WsFilter.java:51)
	at org.apache.catalina.core.ApplicationFilterChain.internalDoFilter(ApplicationFilterChain.java:164)
	at org.apache.catalina.core.ApplicationFilterChain.doFilter(ApplicationFilterChain.java:140)
	at org.springframework.web.filter.CompositeFilter$VirtualFilterChain.doFilter(CompositeFilter.java:108)
	at org.springframework.security.web.FilterChainProxy.lambda$doFilterInternal$3(FilterChainProxy.java:231)
	at org.springframework.security.web.ObservationFilterChainDecorator$FilterObservation$SimpleFilterObservation.lambda$wrap$1(ObservationFilterChainDecorator.java:479)
	at org.springframework.security.web.ObservationFilterChainDecorator$AroundFilterObservation$SimpleAroundFilterObservation.lambda$wrap$1(ObservationFilterChainDecorator.java:340)
	at org.springframework.security.web.ObservationFilterChainDecorator.lambda$wrapSecured$0(ObservationFilterChainDecorator.java:82)
	at org.springframework.security.web.ObservationFilterChainDecorator$VirtualFilterChain.doFilter(ObservationFilterChainDecorator.java:128)
	at org.springframework.security.web.access.intercept.AuthorizationFilter.doFilter(AuthorizationFilter.java:101)
	at org.springframework.security.web.ObservationFilterChainDecorator$ObservationFilter.wrapFilter(ObservationFilterChainDecorator.java:240)
	at org.springframework.security.web.ObservationFilterChainDecorator$ObservationFilter.doFilter(ObservationFilterChainDecorator.java:227)
	at org.springframework.security.web.ObservationFilterChainDecorator$VirtualFilterChain.doFilter(ObservationFilterChainDecorator.java:137)
	at org.springframework.security.web.access.ExceptionTranslationFilter.doFilter(ExceptionTranslationFilter.java:126)
	at org.springframework.security.web.access.ExceptionTranslationFilter.doFilter(ExceptionTranslationFilter.java:120)
	at org.springframework.security.web.ObservationFilterChainDecorator$ObservationFilter.wrapFilter(ObservationFilterChainDecorator.java:240)
	at org.springframework.security.web.ObservationFilterChainDecorator$ObservationFilter.doFilter(ObservationFilterChainDecorator.java:227)
	at org.springframework.security.web.ObservationFilterChainDecorator$VirtualFilterChain.doFilter(ObservationFilterChainDecorator.java:137)
	at org.springframework.security.web.authentication.AnonymousAuthenticationFilter.doFilter(AnonymousAuthenticationFilter.java:100)
	at org.springframework.security.web.ObservationFilterChainDecorator$ObservationFilter.wrapFilter(ObservationFilterChainDecorator.java:240)
	at org.springframework.security.web.ObservationFilterChainDecorator$ObservationFilter.doFilter(ObservationFilterChainDecorator.java:227)
	at org.springframework.security.web.ObservationFilterChainDecorator$VirtualFilterChain.doFilter(ObservationFilterChainDecorator.java:137)
	at org.springframework.security.web.servletapi.SecurityContextHolderAwareRequestFilter.doFilter(SecurityContextHolderAwareRequestFilter.java:179)
	at org.springframework.security.web.ObservationFilterChainDecorator$ObservationFilter.wrapFilter(ObservationFilterChainDecorator.java:240)
	at org.springframework.security.web.ObservationFilterChainDecorator$ObservationFilter.doFilter(ObservationFilterChainDecorator.java:227)
	at org.springframework.security.web.ObservationFilterChainDecorator$VirtualFilterChain.doFilter(ObservationFilterChainDecorator.java:137)
	at org.springframework.security.web.savedrequest.RequestCacheAwareFilter.doFilter(RequestCacheAwareFilter.java:63)
	at org.springframework.security.web.ObservationFilterChainDecorator$ObservationFilter.wrapFilter(ObservationFilterChainDecorator.java:240)
	at org.springframework.security.web.ObservationFilterChainDecorator$ObservationFilter.doFilter(ObservationFilterChainDecorator.java:227)
	at org.springframework.security.web.ObservationFilterChainDecorator$VirtualFilterChain.doFilter(ObservationFilterChainDecorator.java:137)
	at org.springframework.security.web.authentication.logout.LogoutFilter.doFilter(LogoutFilter.java:107)
	at org.springframework.security.web.authentication.logout.LogoutFilter.doFilter(LogoutFilter.java:93)
	at org.springframework.security.web.ObservationFilterChainDecorator$ObservationFilter.wrapFilter(ObservationFilterChainDecorator.java:240)
	at org.springframework.security.web.ObservationFilterChainDecorator$ObservationFilter.doFilter(ObservationFilterChainDecorator.java:227)
	at org.springframework.security.web.ObservationFilterChainDecorator$VirtualFilterChain.doFilter(ObservationFilterChainDecorator.java:137)
	at org.springframework.security.web.header.HeaderWriterFilter.doHeadersAfter(HeaderWriterFilter.java:90)
	at org.springframework.security.web.header.HeaderWriterFilter.doFilterInternal(HeaderWriterFilter.java:75)
	at org.springframework.web.filter.OncePerRequestFilter.doFilter(OncePerRequestFilter.java:116)
	at org.springframework.security.web.ObservationFilterChainDecorator$ObservationFilter.wrapFilter(ObservationFilterChainDecorator.java:240)
	at org.springframework.security.web.ObservationFilterChainDecorator$ObservationFilter.doFilter(ObservationFilterChainDecorator.java:227)
	at org.springframework.security.web.ObservationFilterChainDecorator$VirtualFilterChain.doFilter(ObservationFilterChainDecorator.java:137)
	at org.springframework.security.web.context.SecurityContextHolderFilter.doFilter(SecurityContextHolderFilter.java:82)
	at org.springframework.security.web.context.SecurityContextHolderFilter.doFilter(SecurityContextHolderFilter.java:69)
	at org.springframework.security.web.ObservationFilterChainDecorator$ObservationFilter.wrapFilter(ObservationFilterChainDecorator.java:240)
	at org.springframework.security.web.ObservationFilterChainDecorator$ObservationFilter.doFilter(ObservationFilterChainDecorator.java:227)
	at org.springframework.security.web.ObservationFilterChainDecorator$VirtualFilterChain.doFilter(ObservationFilterChainDecorator.java:137)
	at org.springframework.security.web.context.request.async.WebAsyncManagerIntegrationFilter.doFilterInternal(WebAsyncManagerIntegrationFilter.java:62)
	at org.springframework.web.filter.OncePerRequestFilter.doFilter(OncePerRequestFilter.java:116)
	at org.springframework.security.web.ObservationFilterChainDecorator$ObservationFilter.wrapFilter(ObservationFilterChainDecorator.java:240)
	at org.springframework.security.web.ObservationFilterChainDecorator$ObservationFilter.doFilter(ObservationFilterChainDecorator.java:227)
	at org.springframework.security.web.ObservationFilterChainDecorator$VirtualFilterChain.doFilter(ObservationFilterChainDecorator.java:137)
	at org.springframework.security.web.session.DisableEncodeUrlFilter.doFilterInternal(DisableEncodeUrlFilter.java:42)
	at org.springframework.web.filter.OncePerRequestFilter.doFilter(OncePerRequestFilter.java:116)
	at org.springframework.security.web.ObservationFilterChainDecorator$ObservationFilter.wrapFilter(ObservationFilterChainDecorator.java:240)
	at org.springframework.security.web.ObservationFilterChainDecorator$AroundFilterObservation$SimpleAroundFilterObservation.lambda$wrap$0(ObservationFilterChainDecorator.java:323)
	at org.springframework.security.web.ObservationFilterChainDecorator$ObservationFilter.doFilter(ObservationFilterChainDecorator.java:224)
	at org.springframework.security.web.ObservationFilterChainDecorator$VirtualFilterChain.doFilter(ObservationFilterChainDecorator.java:137)
	at org.springframework.security.web.FilterChainProxy.doFilterInternal(FilterChainProxy.java:233)
	at org.springframework.security.web.FilterChainProxy.doFilter(FilterChainProxy.java:191)
	at org.springframework.web.filter.CompositeFilter$VirtualFilterChain.doFilter(CompositeFilter.java:113)
	at org.springframework.web.servlet.handler.HandlerMappingIntrospector.lambda$createCacheFilter$3(HandlerMappingIntrospector.java:243)
	at org.springframework.web.filter.CompositeFilter$VirtualFilterChain.doFilter(CompositeFilter.java:113)
	at org.springframework.web.filter.CompositeFilter.doFilter(CompositeFilter.java:74)
	at org.springframework.security.config.annotation.web.configuration.WebMvcSecurityConfiguration$CompositeFilterChainProxy.doFilter(WebMvcSecurityConfiguration.java:238)
	at org.springframework.web.filter.DelegatingFilterProxy.invokeDelegate(DelegatingFilterProxy.java:362)
	at org.springframework.web.filter.DelegatingFilterProxy.doFilter(DelegatingFilterProxy.java:278)
	at org.apache.catalina.core.ApplicationFilterChain.internalDoFilter(ApplicationFilterChain.java:164)
	at org.apache.catalina.core.ApplicationFilterChain.doFilter(ApplicationFilterChain.java:140)
	at org.springframework.web.filter.RequestContextFilter.doFilterInternal(RequestContextFilter.java:100)
	at org.springframework.web.filter.OncePerRequestFilter.doFilter(OncePerRequestFilter.java:116)
	at org.apache.catalina.core.ApplicationFilterChain.internalDoFilter(ApplicationFilterChain.java:164)
	at org.apache.catalina.core.ApplicationFilterChain.doFilter(ApplicationFilterChain.java:140)
	at org.springframework.web.filter.FormContentFilter.doFilterInternal(FormContentFilter.java:93)
	at org.springframework.web.filter.OncePerRequestFilter.doFilter(OncePerRequestFilter.java:116)
	at org.apache.catalina.core.ApplicationFilterChain.internalDoFilter(ApplicationFilterChain.java:164)
	at org.apache.catalina.core.ApplicationFilterChain.doFilter(ApplicationFilterChain.java:140)
	at org.springframework.web.filter.ServerHttpObservationFilter.doFilterInternal(ServerHttpObservationFilter.java:114)
	at org.springframework.web.filter.OncePerRequestFilter.doFilter(OncePerRequestFilter.java:116)
	at org.apache.catalina.core.ApplicationFilterChain.internalDoFilter(ApplicationFilterChain.java:164)
	at org.apache.catalina.core.ApplicationFilterChain.doFilter(ApplicationFilterChain.java:140)
	at org.springframework.web.filter.CharacterEncodingFilter.doFilterInternal(CharacterEncodingFilter.java:201)
	at org.springframework.web.filter.OncePerRequestFilter.doFilter(OncePerRequestFilter.java:116)
	at org.apache.catalina.core.ApplicationFilterChain.internalDoFilter(ApplicationFilterChain.java:164)
	at org.apache.catalina.core.ApplicationFilterChain.doFilter(ApplicationFilterChain.java:140)
	at org.apache.catalina.core.StandardWrapperValve.invoke(StandardWrapperValve.java:167)
	at org.apache.catalina.core.StandardContextValve.invoke(StandardContextValve.java:90)
	at org.apache.catalina.authenticator.AuthenticatorBase.invoke(AuthenticatorBase.java:483)
	at org.apache.catalina.core.StandardHostValve.invoke(StandardHostValve.java:115)
	at org.apache.catalina.valves.ErrorReportValve.invoke(ErrorReportValve.java:93)
	at org.apache.catalina.core.StandardEngineValve.invoke(StandardEngineValve.java:74)
	at org.apache.catalina.connector.CoyoteAdapter.service(CoyoteAdapter.java:344)
	at org.apache.coyote.http11.Http11Processor.service(Http11Processor.java:397)
	at org.apache.coyote.AbstractProcessorLight.process(AbstractProcessorLight.java:63)
	at org.apache.coyote.AbstractProtocol$ConnectionHandler.process(AbstractProtocol.java:905)
	at org.apache.tomcat.util.net.NioEndpoint$SocketProcessor.doRun(NioEndpoint.java:1741)
	at org.apache.tomcat.util.net.SocketProcessorBase.run(SocketProcessorBase.java:52)
	at org.apache.tomcat.util.threads.ThreadPoolExecutor.runWorker(ThreadPoolExecutor.java:1190)
	at org.apache.tomcat.util.threads.ThreadPoolExecutor$Worker.run(ThreadPoolExecutor.java:659)
	at org.apache.tomcat.util.threads.TaskThread$WrappingRunnable.run(TaskThread.java:63)
	at java.base/java.lang.Thread.run(Thread.java:840)
Caused by: org.hibernate.NonUniqueResultException: Query did not return a unique result: 2 results were returned
	at org.hibernate.query.spi.AbstractSelectionQuery.uniqueElement(AbstractSelectionQuery.java:298)
	at org.hibernate.query.spi.AbstractSelectionQuery.getSingleResult(AbstractSelectionQuery.java:281)
	at org.springframework.data.jpa.repository.query.JpaQueryExecution$SingleEntityExecution.doExecute(JpaQueryExecution.java:224)
	at org.springframework.data.jpa.repository.query.JpaQueryExecution.execute(JpaQueryExecution.java:93)
	at org.springframework.data.jpa.repository.query.AbstractJpaQuery.doExecute(AbstractJpaQuery.java:152)
	at org.springframework.data.jpa.repository.query.AbstractJpaQuery.execute(AbstractJpaQuery.java:140)
	at org.springframework.data.repository.core.support.RepositoryMethodInvoker.doInvoke(RepositoryMethodInvoker.java:170)
	at org.springframework.data.repository.core.support.RepositoryMethodInvoker.invoke(RepositoryMethodInvoker.java:158)
	at org.springframework.data.repository.core.support.QueryExecutorMethodInterceptor.doInvoke(QueryExecutorMethodInterceptor.java:170)
	at org.springframework.data.repository.core.support.QueryExecutorMethodInterceptor.invoke(QueryExecutorMethodInterceptor.java:149)
	at org.springframework.aop.framework.ReflectiveMethodInvocation.proceed(ReflectiveMethodInvocation.java:184)
	at org.springframework.data.projection.DefaultMethodInvokingMethodInterceptor.invoke(DefaultMethodInvokingMethodInterceptor.java:69)
	at org.springframework.aop.framework.ReflectiveMethodInvocation.proceed(ReflectiveMethodInvocation.java:184)
	at org.springframework.transaction.interceptor.TransactionAspectSupport.invokeWithinTransaction(TransactionAspectSupport.java:380)
	at org.springframework.transaction.interceptor.TransactionInterceptor.invoke(TransactionInterceptor.java:119)
	at org.springframework.aop.framework.ReflectiveMethodInvocation.proceed(ReflectiveMethodInvocation.java:184)
	at org.springframework.dao.support.PersistenceExceptionTranslationInterceptor.invoke(PersistenceExceptionTranslationInterceptor.java:138)
	... 146 common frames omitted
2026-03-31 00:29:40.509 [http-nio-8080-exec-3] DEBUG [d35e5d66] c.s.m.d.controller.MessageController -
        Fetching messages for channel: e054663f-79db-41a6-8385-68e22f93f0dc, cursor: null, size: 50
2026-03-31 00:29:40.509 [http-nio-8080-exec-2] DEBUG [93a97626] c.s.m.d.s.basic.BasicChannelService  -
        Finding all channels for user: 1e2f6353-d975-4eb4-9c11-d8e8674fb0a6
2026-03-31 00:29:40.525 [http-nio-8080-exec-6] DEBUG [b0710119] c.s.m.d.c.ReadStatusController       -
        Fetching read statuses for user: 1e2f6353-d975-4eb4-9c11-d8e8674fb0a6
2026-03-31 00:29:40.525 [http-nio-8080-exec-6] DEBUG [b0710119] c.s.m.d.s.b.BasicReadStatusService   -
        Fetching/Allocating read statuses for user: 1e2f6353-d975-4eb4-9c11-d8e8674fb0a6
2026-03-31 00:29:40.533 [http-nio-8080-exec-6] ERROR [b0710119] c.s.m.d.c.GlobalExceptionHandler     -
        Internal Server Error: 
org.springframework.dao.IncorrectResultSizeDataAccessException: Query did not return a unique result: 2 results were returned
	at org.springframework.orm.jpa.vendor.HibernateJpaDialect.convertHibernateAccessException(HibernateJpaDialect.java:301)
	at org.springframework.orm.jpa.vendor.HibernateJpaDialect.translateExceptionIfPossible(HibernateJpaDialect.java:244)
	at org.springframework.orm.jpa.AbstractEntityManagerFactoryBean.translateExceptionIfPossible(AbstractEntityManagerFactoryBean.java:560)
	at org.springframework.dao.support.ChainedPersistenceExceptionTranslator.translateExceptionIfPossible(ChainedPersistenceExceptionTranslator.java:61)
	at org.springframework.dao.support.DataAccessUtils.translateIfNecessary(DataAccessUtils.java:343)
	at org.springframework.dao.support.PersistenceExceptionTranslationInterceptor.invoke(PersistenceExceptionTranslationInterceptor.java:160)
	at org.springframework.aop.framework.ReflectiveMethodInvocation.proceed(ReflectiveMethodInvocation.java:184)
	at org.springframework.data.jpa.repository.support.CrudMethodMetadataPostProcessor$CrudMethodMetadataPopulatingMethodInterceptor.invoke(CrudMethodMetadataPostProcessor.java:136)
	at org.springframework.aop.framework.ReflectiveMethodInvocation.proceed(ReflectiveMethodInvocation.java:184)
	at org.springframework.aop.framework.JdkDynamicAopProxy.invoke(JdkDynamicAopProxy.java:223)
	at jdk.proxy2/jdk.proxy2.$Proxy185.findByUserIdAndChannelId(Unknown Source)
	at com.sprint.mission.discodeit.service.basic.BasicReadStatusService.lambda$findAllByUserId$2(BasicReadStatusService.java:48)
	at java.base/java.util.stream.ReferencePipeline$3$1.accept(ReferencePipeline.java:197)
	at java.base/java.util.ArrayList$ArrayListSpliterator.forEachRemaining(ArrayList.java:1625)
	at java.base/java.util.stream.AbstractPipeline.copyInto(AbstractPipeline.java:509)
	at java.base/java.util.stream.AbstractPipeline.wrapAndCopyInto(AbstractPipeline.java:499)
	at java.base/java.util.stream.AbstractPipeline.evaluate(AbstractPipeline.java:575)
	at java.base/java.util.stream.AbstractPipeline.evaluateToArrayNode(AbstractPipeline.java:260)
	at java.base/java.util.stream.ReferencePipeline.toArray(ReferencePipeline.java:616)
	at java.base/java.util.stream.ReferencePipeline.toArray(ReferencePipeline.java:622)
	at java.base/java.util.stream.ReferencePipeline.toList(ReferencePipeline.java:627)
	at com.sprint.mission.discodeit.service.basic.BasicReadStatusService.findAllByUserId(BasicReadStatusService.java:60)
	at jdk.internal.reflect.GeneratedMethodAccessor88.invoke(Unknown Source)
	at java.base/jdk.internal.reflect.DelegatingMethodAccessorImpl.invoke(DelegatingMethodAccessorImpl.java:43)
	at java.base/java.lang.reflect.Method.invoke(Method.java:569)
	at org.springframework.aop.support.AopUtils.invokeJoinpointUsingReflection(AopUtils.java:359)
	at org.springframework.aop.framework.ReflectiveMethodInvocation.invokeJoinpoint(ReflectiveMethodInvocation.java:196)
	at org.springframework.aop.framework.ReflectiveMethodInvocation.proceed(ReflectiveMethodInvocation.java:163)
	at org.springframework.transaction.interceptor.TransactionAspectSupport.invokeWithinTransaction(TransactionAspectSupport.java:380)
	at org.springframework.transaction.interceptor.TransactionInterceptor.invoke(TransactionInterceptor.java:119)
	at org.springframework.aop.framework.ReflectiveMethodInvocation.proceed(ReflectiveMethodInvocation.java:184)
	at org.springframework.aop.framework.CglibAopProxy$DynamicAdvisedInterceptor.intercept(CglibAopProxy.java:727)
	at com.sprint.mission.discodeit.service.basic.BasicReadStatusService$$SpringCGLIB$$0.findAllByUserId(<generated>)
	at com.sprint.mission.discodeit.controller.ReadStatusController.findAllByUserId(ReadStatusController.java:28)
	at jdk.internal.reflect.GeneratedMethodAccessor87.invoke(Unknown Source)
	at java.base/jdk.internal.reflect.DelegatingMethodAccessorImpl.invoke(DelegatingMethodAccessorImpl.java:43)
	at java.base/java.lang.reflect.Method.invoke(Method.java:569)
	at org.springframework.web.method.support.InvocableHandlerMethod.doInvoke(InvocableHandlerMethod.java:255)
	at org.springframework.web.method.support.InvocableHandlerMethod.invokeForRequest(InvocableHandlerMethod.java:188)
	at org.springframework.web.servlet.mvc.method.annotation.ServletInvocableHandlerMethod.invokeAndHandle(ServletInvocableHandlerMethod.java:118)
	at org.springframework.web.servlet.mvc.method.annotation.RequestMappingHandlerAdapter.invokeHandlerMethod(RequestMappingHandlerAdapter.java:986)
	at org.springframework.web.servlet.mvc.method.annotation.RequestMappingHandlerAdapter.handleInternal(RequestMappingHandlerAdapter.java:891)
	at org.springframework.web.servlet.mvc.method.AbstractHandlerMethodAdapter.handle(AbstractHandlerMethodAdapter.java:87)
	at org.springframework.web.servlet.DispatcherServlet.doDispatch(DispatcherServlet.java:1088)
	at org.springframework.web.servlet.DispatcherServlet.doService(DispatcherServlet.java:978)
	at org.springframework.web.servlet.FrameworkServlet.processRequest(FrameworkServlet.java:1014)
	at org.springframework.web.servlet.FrameworkServlet.doGet(FrameworkServlet.java:903)
	at jakarta.servlet.http.HttpServlet.service(HttpServlet.java:564)
	at org.springframework.web.servlet.FrameworkServlet.service(FrameworkServlet.java:885)
	at jakarta.servlet.http.HttpServlet.service(HttpServlet.java:658)
	at org.apache.catalina.core.ApplicationFilterChain.internalDoFilter(ApplicationFilterChain.java:195)
	at org.apache.catalina.core.ApplicationFilterChain.doFilter(ApplicationFilterChain.java:140)
	at org.apache.tomcat.websocket.server.WsFilter.doFilter(WsFilter.java:51)
	at org.apache.catalina.core.ApplicationFilterChain.internalDoFilter(ApplicationFilterChain.java:164)
	at org.apache.catalina.core.ApplicationFilterChain.doFilter(ApplicationFilterChain.java:140)
	at org.springframework.web.filter.CompositeFilter$VirtualFilterChain.doFilter(CompositeFilter.java:108)
	at org.springframework.security.web.FilterChainProxy.lambda$doFilterInternal$3(FilterChainProxy.java:231)
	at org.springframework.security.web.ObservationFilterChainDecorator$FilterObservation$SimpleFilterObservation.lambda$wrap$1(ObservationFilterChainDecorator.java:479)
	at org.springframework.security.web.ObservationFilterChainDecorator$AroundFilterObservation$SimpleAroundFilterObservation.lambda$wrap$1(ObservationFilterChainDecorator.java:340)
	at org.springframework.security.web.ObservationFilterChainDecorator.lambda$wrapSecured$0(ObservationFilterChainDecorator.java:82)
	at org.springframework.security.web.ObservationFilterChainDecorator$VirtualFilterChain.doFilter(ObservationFilterChainDecorator.java:128)
	at org.springframework.security.web.access.intercept.AuthorizationFilter.doFilter(AuthorizationFilter.java:101)
	at org.springframework.security.web.ObservationFilterChainDecorator$ObservationFilter.wrapFilter(ObservationFilterChainDecorator.java:240)
	at org.springframework.security.web.ObservationFilterChainDecorator$ObservationFilter.doFilter(ObservationFilterChainDecorator.java:227)
	at org.springframework.security.web.ObservationFilterChainDecorator$VirtualFilterChain.doFilter(ObservationFilterChainDecorator.java:137)
	at org.springframework.security.web.access.ExceptionTranslationFilter.doFilter(ExceptionTranslationFilter.java:126)
	at org.springframework.security.web.access.ExceptionTranslationFilter.doFilter(ExceptionTranslationFilter.java:120)
	at org.springframework.security.web.ObservationFilterChainDecorator$ObservationFilter.wrapFilter(ObservationFilterChainDecorator.java:240)
	at org.springframework.security.web.ObservationFilterChainDecorator$ObservationFilter.doFilter(ObservationFilterChainDecorator.java:227)
	at org.springframework.security.web.ObservationFilterChainDecorator$VirtualFilterChain.doFilter(ObservationFilterChainDecorator.java:137)
	at org.springframework.security.web.authentication.AnonymousAuthenticationFilter.doFilter(AnonymousAuthenticationFilter.java:100)
	at org.springframework.security.web.ObservationFilterChainDecorator$ObservationFilter.wrapFilter(ObservationFilterChainDecorator.java:240)
	at org.springframework.security.web.ObservationFilterChainDecorator$ObservationFilter.doFilter(ObservationFilterChainDecorator.java:227)
	at org.springframework.security.web.ObservationFilterChainDecorator$VirtualFilterChain.doFilter(ObservationFilterChainDecorator.java:137)
	at org.springframework.security.web.servletapi.SecurityContextHolderAwareRequestFilter.doFilter(SecurityContextHolderAwareRequestFilter.java:179)
	at org.springframework.security.web.ObservationFilterChainDecorator$ObservationFilter.wrapFilter(ObservationFilterChainDecorator.java:240)
	at org.springframework.security.web.ObservationFilterChainDecorator$ObservationFilter.doFilter(ObservationFilterChainDecorator.java:227)
	at org.springframework.security.web.ObservationFilterChainDecorator$VirtualFilterChain.doFilter(ObservationFilterChainDecorator.java:137)
	at org.springframework.security.web.savedrequest.RequestCacheAwareFilter.doFilter(RequestCacheAwareFilter.java:63)
	at org.springframework.security.web.ObservationFilterChainDecorator$ObservationFilter.wrapFilter(ObservationFilterChainDecorator.java:240)
	at org.springframework.security.web.ObservationFilterChainDecorator$ObservationFilter.doFilter(ObservationFilterChainDecorator.java:227)
	at org.springframework.security.web.ObservationFilterChainDecorator$VirtualFilterChain.doFilter(ObservationFilterChainDecorator.java:137)
	at org.springframework.security.web.authentication.logout.LogoutFilter.doFilter(LogoutFilter.java:107)
	at org.springframework.security.web.authentication.logout.LogoutFilter.doFilter(LogoutFilter.java:93)
	at org.springframework.security.web.ObservationFilterChainDecorator$ObservationFilter.wrapFilter(ObservationFilterChainDecorator.java:240)
	at org.springframework.security.web.ObservationFilterChainDecorator$ObservationFilter.doFilter(ObservationFilterChainDecorator.java:227)
	at org.springframework.security.web.ObservationFilterChainDecorator$VirtualFilterChain.doFilter(ObservationFilterChainDecorator.java:137)
	at org.springframework.security.web.header.HeaderWriterFilter.doHeadersAfter(HeaderWriterFilter.java:90)
	at org.springframework.security.web.header.HeaderWriterFilter.doFilterInternal(HeaderWriterFilter.java:75)
	at org.springframework.web.filter.OncePerRequestFilter.doFilter(OncePerRequestFilter.java:116)
	at org.springframework.security.web.ObservationFilterChainDecorator$ObservationFilter.wrapFilter(ObservationFilterChainDecorator.java:240)
	at org.springframework.security.web.ObservationFilterChainDecorator$ObservationFilter.doFilter(ObservationFilterChainDecorator.java:227)
	at org.springframework.security.web.ObservationFilterChainDecorator$VirtualFilterChain.doFilter(ObservationFilterChainDecorator.java:137)
	at org.springframework.security.web.context.SecurityContextHolderFilter.doFilter(SecurityContextHolderFilter.java:82)
	at org.springframework.security.web.context.SecurityContextHolderFilter.doFilter(SecurityContextHolderFilter.java:69)
	at org.springframework.security.web.ObservationFilterChainDecorator$ObservationFilter.wrapFilter(ObservationFilterChainDecorator.java:240)
	at org.springframework.security.web.ObservationFilterChainDecorator$ObservationFilter.doFilter(ObservationFilterChainDecorator.java:227)
	at org.springframework.security.web.ObservationFilterChainDecorator$VirtualFilterChain.doFilter(ObservationFilterChainDecorator.java:137)
	at org.springframework.security.web.context.request.async.WebAsyncManagerIntegrationFilter.doFilterInternal(WebAsyncManagerIntegrationFilter.java:62)
	at org.springframework.web.filter.OncePerRequestFilter.doFilter(OncePerRequestFilter.java:116)
	at org.springframework.security.web.ObservationFilterChainDecorator$ObservationFilter.wrapFilter(ObservationFilterChainDecorator.java:240)
	at org.springframework.security.web.ObservationFilterChainDecorator$ObservationFilter.doFilter(ObservationFilterChainDecorator.java:227)
	at org.springframework.security.web.ObservationFilterChainDecorator$VirtualFilterChain.doFilter(ObservationFilterChainDecorator.java:137)
	at org.springframework.security.web.session.DisableEncodeUrlFilter.doFilterInternal(DisableEncodeUrlFilter.java:42)
	at org.springframework.web.filter.OncePerRequestFilter.doFilter(OncePerRequestFilter.java:116)
	at org.springframework.security.web.ObservationFilterChainDecorator$ObservationFilter.wrapFilter(ObservationFilterChainDecorator.java:240)
	at org.springframework.security.web.ObservationFilterChainDecorator$AroundFilterObservation$SimpleAroundFilterObservation.lambda$wrap$0(ObservationFilterChainDecorator.java:323)
	at org.springframework.security.web.ObservationFilterChainDecorator$ObservationFilter.doFilter(ObservationFilterChainDecorator.java:224)
	at org.springframework.security.web.ObservationFilterChainDecorator$VirtualFilterChain.doFilter(ObservationFilterChainDecorator.java:137)
	at org.springframework.security.web.FilterChainProxy.doFilterInternal(FilterChainProxy.java:233)
	at org.springframework.security.web.FilterChainProxy.doFilter(FilterChainProxy.java:191)
	at org.springframework.web.filter.CompositeFilter$VirtualFilterChain.doFilter(CompositeFilter.java:113)
	at org.springframework.web.servlet.handler.HandlerMappingIntrospector.lambda$createCacheFilter$3(HandlerMappingIntrospector.java:243)
	at org.springframework.web.filter.CompositeFilter$VirtualFilterChain.doFilter(CompositeFilter.java:113)
	at org.springframework.web.filter.CompositeFilter.doFilter(CompositeFilter.java:74)
	at org.springframework.security.config.annotation.web.configuration.WebMvcSecurityConfiguration$CompositeFilterChainProxy.doFilter(WebMvcSecurityConfiguration.java:238)
	at org.springframework.web.filter.DelegatingFilterProxy.invokeDelegate(DelegatingFilterProxy.java:362)
	at org.springframework.web.filter.DelegatingFilterProxy.doFilter(DelegatingFilterProxy.java:278)
	at org.apache.catalina.core.ApplicationFilterChain.internalDoFilter(ApplicationFilterChain.java:164)
	at org.apache.catalina.core.ApplicationFilterChain.doFilter(ApplicationFilterChain.java:140)
	at org.springframework.web.filter.RequestContextFilter.doFilterInternal(RequestContextFilter.java:100)
	at org.springframework.web.filter.OncePerRequestFilter.doFilter(OncePerRequestFilter.java:116)
	at org.apache.catalina.core.ApplicationFilterChain.internalDoFilter(ApplicationFilterChain.java:164)
	at org.apache.catalina.core.ApplicationFilterChain.doFilter(ApplicationFilterChain.java:140)
	at org.springframework.web.filter.FormContentFilter.doFilterInternal(FormContentFilter.java:93)
	at org.springframework.web.filter.OncePerRequestFilter.doFilter(OncePerRequestFilter.java:116)
	at org.apache.catalina.core.ApplicationFilterChain.internalDoFilter(ApplicationFilterChain.java:164)
	at org.apache.catalina.core.ApplicationFilterChain.doFilter(ApplicationFilterChain.java:140)
	at org.springframework.web.filter.ServerHttpObservationFilter.doFilterInternal(ServerHttpObservationFilter.java:114)
	at org.springframework.web.filter.OncePerRequestFilter.doFilter(OncePerRequestFilter.java:116)
	at org.apache.catalina.core.ApplicationFilterChain.internalDoFilter(ApplicationFilterChain.java:164)
	at org.apache.catalina.core.ApplicationFilterChain.doFilter(ApplicationFilterChain.java:140)
	at org.springframework.web.filter.CharacterEncodingFilter.doFilterInternal(CharacterEncodingFilter.java:201)
	at org.springframework.web.filter.OncePerRequestFilter.doFilter(OncePerRequestFilter.java:116)
	at org.apache.catalina.core.ApplicationFilterChain.internalDoFilter(ApplicationFilterChain.java:164)
	at org.apache.catalina.core.ApplicationFilterChain.doFilter(ApplicationFilterChain.java:140)
	at org.apache.catalina.core.StandardWrapperValve.invoke(StandardWrapperValve.java:167)
	at org.apache.catalina.core.StandardContextValve.invoke(StandardContextValve.java:90)
	at org.apache.catalina.authenticator.AuthenticatorBase.invoke(AuthenticatorBase.java:483)
	at org.apache.catalina.core.StandardHostValve.invoke(StandardHostValve.java:115)
	at org.apache.catalina.valves.ErrorReportValve.invoke(ErrorReportValve.java:93)
	at org.apache.catalina.core.StandardEngineValve.invoke(StandardEngineValve.java:74)
	at org.apache.catalina.connector.CoyoteAdapter.service(CoyoteAdapter.java:344)
	at org.apache.coyote.http11.Http11Processor.service(Http11Processor.java:397)
	at org.apache.coyote.AbstractProcessorLight.process(AbstractProcessorLight.java:63)
	at org.apache.coyote.AbstractProtocol$ConnectionHandler.process(AbstractProtocol.java:905)
	at org.apache.tomcat.util.net.NioEndpoint$SocketProcessor.doRun(NioEndpoint.java:1741)
	at org.apache.tomcat.util.net.SocketProcessorBase.run(SocketProcessorBase.java:52)
	at org.apache.tomcat.util.threads.ThreadPoolExecutor.runWorker(ThreadPoolExecutor.java:1190)
	at org.apache.tomcat.util.threads.ThreadPoolExecutor$Worker.run(ThreadPoolExecutor.java:659)
	at org.apache.tomcat.util.threads.TaskThread$WrappingRunnable.run(TaskThread.java:63)
	at java.base/java.lang.Thread.run(Thread.java:840)
Caused by: org.hibernate.NonUniqueResultException: Query did not return a unique result: 2 results were returned
	at org.hibernate.query.spi.AbstractSelectionQuery.uniqueElement(AbstractSelectionQuery.java:298)
	at org.hibernate.query.spi.AbstractSelectionQuery.getSingleResult(AbstractSelectionQuery.java:281)
	at org.springframework.data.jpa.repository.query.JpaQueryExecution$SingleEntityExecution.doExecute(JpaQueryExecution.java:224)
	at org.springframework.data.jpa.repository.query.JpaQueryExecution.execute(JpaQueryExecution.java:93)
	at org.springframework.data.jpa.repository.query.AbstractJpaQuery.doExecute(AbstractJpaQuery.java:152)
	at org.springframework.data.jpa.repository.query.AbstractJpaQuery.execute(AbstractJpaQuery.java:140)
	at org.springframework.data.repository.core.support.RepositoryMethodInvoker.doInvoke(RepositoryMethodInvoker.java:170)
	at org.springframework.data.repository.core.support.RepositoryMethodInvoker.invoke(RepositoryMethodInvoker.java:158)
	at org.springframework.data.repository.core.support.QueryExecutorMethodInterceptor.doInvoke(QueryExecutorMethodInterceptor.java:170)
	at org.springframework.data.repository.core.support.QueryExecutorMethodInterceptor.invoke(QueryExecutorMethodInterceptor.java:149)
	at org.springframework.aop.framework.ReflectiveMethodInvocation.proceed(ReflectiveMethodInvocation.java:184)
	at org.springframework.data.projection.DefaultMethodInvokingMethodInterceptor.invoke(DefaultMethodInvokingMethodInterceptor.java:69)
	at org.springframework.aop.framework.ReflectiveMethodInvocation.proceed(ReflectiveMethodInvocation.java:184)
	at org.springframework.transaction.interceptor.TransactionAspectSupport.invokeWithinTransaction(TransactionAspectSupport.java:380)
	at org.springframework.transaction.interceptor.TransactionInterceptor.invoke(TransactionInterceptor.java:119)
	at org.springframework.aop.framework.ReflectiveMethodInvocation.proceed(ReflectiveMethodInvocation.java:184)
	at org.springframework.dao.support.PersistenceExceptionTranslationInterceptor.invoke(PersistenceExceptionTranslationInterceptor.java:138)
	... 146 common frames omitted
2026-03-31 00:29:43.489 [http-nio-8080-exec-4] DEBUG [5f00a26f] c.s.m.d.s.basic.BasicChannelService  -
        Finding all channels for user: 1e2f6353-d975-4eb4-9c11-d8e8674fb0a6
2026-03-31 00:29:43.508 [http-nio-8080-exec-5] DEBUG [3c3fcb3c] c.s.m.d.c.ReadStatusController       -
        Fetching read statuses for user: 1e2f6353-d975-4eb4-9c11-d8e8674fb0a6
2026-03-31 00:29:43.508 [http-nio-8080-exec-5] DEBUG [3c3fcb3c] c.s.m.d.s.b.BasicReadStatusService   -
        Fetching/Allocating read statuses for user: 1e2f6353-d975-4eb4-9c11-d8e8674fb0a6
2026-03-31 00:29:43.521 [http-nio-8080-exec-5] ERROR [3c3fcb3c] c.s.m.d.c.GlobalExceptionHandler     -
        Internal Server Error: 
org.springframework.dao.IncorrectResultSizeDataAccessException: Query did not return a unique result: 2 results were returned
	at org.springframework.orm.jpa.vendor.HibernateJpaDialect.convertHibernateAccessException(HibernateJpaDialect.java:301)
	at org.springframework.orm.jpa.vendor.HibernateJpaDialect.translateExceptionIfPossible(HibernateJpaDialect.java:244)
	at org.springframework.orm.jpa.AbstractEntityManagerFactoryBean.translateExceptionIfPossible(AbstractEntityManagerFactoryBean.java:560)
	at org.springframework.dao.support.ChainedPersistenceExceptionTranslator.translateExceptionIfPossible(ChainedPersistenceExceptionTranslator.java:61)
	at org.springframework.dao.support.DataAccessUtils.translateIfNecessary(DataAccessUtils.java:343)
	at org.springframework.dao.support.PersistenceExceptionTranslationInterceptor.invoke(PersistenceExceptionTranslationInterceptor.java:160)
	at org.springframework.aop.framework.ReflectiveMethodInvocation.proceed(ReflectiveMethodInvocation.java:184)
	at org.springframework.data.jpa.repository.support.CrudMethodMetadataPostProcessor$CrudMethodMetadataPopulatingMethodInterceptor.invoke(CrudMethodMetadataPostProcessor.java:136)
	at org.springframework.aop.framework.ReflectiveMethodInvocation.proceed(ReflectiveMethodInvocation.java:184)
	at org.springframework.aop.framework.JdkDynamicAopProxy.invoke(JdkDynamicAopProxy.java:223)
	at jdk.proxy2/jdk.proxy2.$Proxy185.findByUserIdAndChannelId(Unknown Source)
	at com.sprint.mission.discodeit.service.basic.BasicReadStatusService.lambda$findAllByUserId$2(BasicReadStatusService.java:48)
	at java.base/java.util.stream.ReferencePipeline$3$1.accept(ReferencePipeline.java:197)
	at java.base/java.util.ArrayList$ArrayListSpliterator.forEachRemaining(ArrayList.java:1625)
	at java.base/java.util.stream.AbstractPipeline.copyInto(AbstractPipeline.java:509)
	at java.base/java.util.stream.AbstractPipeline.wrapAndCopyInto(AbstractPipeline.java:499)
	at java.base/java.util.stream.AbstractPipeline.evaluate(AbstractPipeline.java:575)
	at java.base/java.util.stream.AbstractPipeline.evaluateToArrayNode(AbstractPipeline.java:260)
	at java.base/java.util.stream.ReferencePipeline.toArray(ReferencePipeline.java:616)
	at java.base/java.util.stream.ReferencePipeline.toArray(ReferencePipeline.java:622)
	at java.base/java.util.stream.ReferencePipeline.toList(ReferencePipeline.java:627)
	at com.sprint.mission.discodeit.service.basic.BasicReadStatusService.findAllByUserId(BasicReadStatusService.java:60)
	at jdk.internal.reflect.GeneratedMethodAccessor88.invoke(Unknown Source)
	at java.base/jdk.internal.reflect.DelegatingMethodAccessorImpl.invoke(DelegatingMethodAccessorImpl.java:43)
	at java.base/java.lang.reflect.Method.invoke(Method.java:569)
	at org.springframework.aop.support.AopUtils.invokeJoinpointUsingReflection(AopUtils.java:359)
	at org.springframework.aop.framework.ReflectiveMethodInvocation.invokeJoinpoint(ReflectiveMethodInvocation.java:196)
	at org.springframework.aop.framework.ReflectiveMethodInvocation.proceed(ReflectiveMethodInvocation.java:163)
	at org.springframework.transaction.interceptor.TransactionAspectSupport.invokeWithinTransaction(TransactionAspectSupport.java:380)
	at org.springframework.transaction.interceptor.TransactionInterceptor.invoke(TransactionInterceptor.java:119)
	at org.springframework.aop.framework.ReflectiveMethodInvocation.proceed(ReflectiveMethodInvocation.java:184)
	at org.springframework.aop.framework.CglibAopProxy$DynamicAdvisedInterceptor.intercept(CglibAopProxy.java:727)
	at com.sprint.mission.discodeit.service.basic.BasicReadStatusService$$SpringCGLIB$$0.findAllByUserId(<generated>)
	at com.sprint.mission.discodeit.controller.ReadStatusController.findAllByUserId(ReadStatusController.java:28)
	at jdk.internal.reflect.GeneratedMethodAccessor87.invoke(Unknown Source)
	at java.base/jdk.internal.reflect.DelegatingMethodAccessorImpl.invoke(DelegatingMethodAccessorImpl.java:43)
	at java.base/java.lang.reflect.Method.invoke(Method.java:569)
	at org.springframework.web.method.support.InvocableHandlerMethod.doInvoke(InvocableHandlerMethod.java:255)
	at org.springframework.web.method.support.InvocableHandlerMethod.invokeForRequest(InvocableHandlerMethod.java:188)
	at org.springframework.web.servlet.mvc.method.annotation.ServletInvocableHandlerMethod.invokeAndHandle(ServletInvocableHandlerMethod.java:118)
	at org.springframework.web.servlet.mvc.method.annotation.RequestMappingHandlerAdapter.invokeHandlerMethod(RequestMappingHandlerAdapter.java:986)
	at org.springframework.web.servlet.mvc.method.annotation.RequestMappingHandlerAdapter.handleInternal(RequestMappingHandlerAdapter.java:891)
	at org.springframework.web.servlet.mvc.method.AbstractHandlerMethodAdapter.handle(AbstractHandlerMethodAdapter.java:87)
	at org.springframework.web.servlet.DispatcherServlet.doDispatch(DispatcherServlet.java:1088)
	at org.springframework.web.servlet.DispatcherServlet.doService(DispatcherServlet.java:978)
	at org.springframework.web.servlet.FrameworkServlet.processRequest(FrameworkServlet.java:1014)
	at org.springframework.web.servlet.FrameworkServlet.doGet(FrameworkServlet.java:903)
	at jakarta.servlet.http.HttpServlet.service(HttpServlet.java:564)
	at org.springframework.web.servlet.FrameworkServlet.service(FrameworkServlet.java:885)
	at jakarta.servlet.http.HttpServlet.service(HttpServlet.java:658)
	at org.apache.catalina.core.ApplicationFilterChain.internalDoFilter(ApplicationFilterChain.java:195)
	at org.apache.catalina.core.ApplicationFilterChain.doFilter(ApplicationFilterChain.java:140)
	at org.apache.tomcat.websocket.server.WsFilter.doFilter(WsFilter.java:51)
	at org.apache.catalina.core.ApplicationFilterChain.internalDoFilter(ApplicationFilterChain.java:164)
	at org.apache.catalina.core.ApplicationFilterChain.doFilter(ApplicationFilterChain.java:140)
	at org.springframework.web.filter.CompositeFilter$VirtualFilterChain.doFilter(CompositeFilter.java:108)
	at org.springframework.security.web.FilterChainProxy.lambda$doFilterInternal$3(FilterChainProxy.java:231)
	at org.springframework.security.web.ObservationFilterChainDecorator$FilterObservation$SimpleFilterObservation.lambda$wrap$1(ObservationFilterChainDecorator.java:479)
	at org.springframework.security.web.ObservationFilterChainDecorator$AroundFilterObservation$SimpleAroundFilterObservation.lambda$wrap$1(ObservationFilterChainDecorator.java:340)
	at org.springframework.security.web.ObservationFilterChainDecorator.lambda$wrapSecured$0(ObservationFilterChainDecorator.java:82)
	at org.springframework.security.web.ObservationFilterChainDecorator$VirtualFilterChain.doFilter(ObservationFilterChainDecorator.java:128)
	at org.springframework.security.web.access.intercept.AuthorizationFilter.doFilter(AuthorizationFilter.java:101)
	at org.springframework.security.web.ObservationFilterChainDecorator$ObservationFilter.wrapFilter(ObservationFilterChainDecorator.java:240)
	at org.springframework.security.web.ObservationFilterChainDecorator$ObservationFilter.doFilter(ObservationFilterChainDecorator.java:227)
	at org.springframework.security.web.ObservationFilterChainDecorator$VirtualFilterChain.doFilter(ObservationFilterChainDecorator.java:137)
	at org.springframework.security.web.access.ExceptionTranslationFilter.doFilter(ExceptionTranslationFilter.java:126)
	at org.springframework.security.web.access.ExceptionTranslationFilter.doFilter(ExceptionTranslationFilter.java:120)
	at org.springframework.security.web.ObservationFilterChainDecorator$ObservationFilter.wrapFilter(ObservationFilterChainDecorator.java:240)
	at org.springframework.security.web.ObservationFilterChainDecorator$ObservationFilter.doFilter(ObservationFilterChainDecorator.java:227)
	at org.springframework.security.web.ObservationFilterChainDecorator$VirtualFilterChain.doFilter(ObservationFilterChainDecorator.java:137)
	at org.springframework.security.web.authentication.AnonymousAuthenticationFilter.doFilter(AnonymousAuthenticationFilter.java:100)
	at org.springframework.security.web.ObservationFilterChainDecorator$ObservationFilter.wrapFilter(ObservationFilterChainDecorator.java:240)
	at org.springframework.security.web.ObservationFilterChainDecorator$ObservationFilter.doFilter(ObservationFilterChainDecorator.java:227)
	at org.springframework.security.web.ObservationFilterChainDecorator$VirtualFilterChain.doFilter(ObservationFilterChainDecorator.java:137)
	at org.springframework.security.web.servletapi.SecurityContextHolderAwareRequestFilter.doFilter(SecurityContextHolderAwareRequestFilter.java:179)
	at org.springframework.security.web.ObservationFilterChainDecorator$ObservationFilter.wrapFilter(ObservationFilterChainDecorator.java:240)
	at org.springframework.security.web.ObservationFilterChainDecorator$ObservationFilter.doFilter(ObservationFilterChainDecorator.java:227)
	at org.springframework.security.web.ObservationFilterChainDecorator$VirtualFilterChain.doFilter(ObservationFilterChainDecorator.java:137)
	at org.springframework.security.web.savedrequest.RequestCacheAwareFilter.doFilter(RequestCacheAwareFilter.java:63)
	at org.springframework.security.web.ObservationFilterChainDecorator$ObservationFilter.wrapFilter(ObservationFilterChainDecorator.java:240)
	at org.springframework.security.web.ObservationFilterChainDecorator$ObservationFilter.doFilter(ObservationFilterChainDecorator.java:227)
	at org.springframework.security.web.ObservationFilterChainDecorator$VirtualFilterChain.doFilter(ObservationFilterChainDecorator.java:137)
	at org.springframework.security.web.authentication.logout.LogoutFilter.doFilter(LogoutFilter.java:107)
	at org.springframework.security.web.authentication.logout.LogoutFilter.doFilter(LogoutFilter.java:93)
	at org.springframework.security.web.ObservationFilterChainDecorator$ObservationFilter.wrapFilter(ObservationFilterChainDecorator.java:240)
	at org.springframework.security.web.ObservationFilterChainDecorator$ObservationFilter.doFilter(ObservationFilterChainDecorator.java:227)
	at org.springframework.security.web.ObservationFilterChainDecorator$VirtualFilterChain.doFilter(ObservationFilterChainDecorator.java:137)
	at org.springframework.security.web.header.HeaderWriterFilter.doHeadersAfter(HeaderWriterFilter.java:90)
	at org.springframework.security.web.header.HeaderWriterFilter.doFilterInternal(HeaderWriterFilter.java:75)
	at org.springframework.web.filter.OncePerRequestFilter.doFilter(OncePerRequestFilter.java:116)
	at org.springframework.security.web.ObservationFilterChainDecorator$ObservationFilter.wrapFilter(ObservationFilterChainDecorator.java:240)
	at org.springframework.security.web.ObservationFilterChainDecorator$ObservationFilter.doFilter(ObservationFilterChainDecorator.java:227)
	at org.springframework.security.web.ObservationFilterChainDecorator$VirtualFilterChain.doFilter(ObservationFilterChainDecorator.java:137)
	at org.springframework.security.web.context.SecurityContextHolderFilter.doFilter(SecurityContextHolderFilter.java:82)
	at org.springframework.security.web.context.SecurityContextHolderFilter.doFilter(SecurityContextHolderFilter.java:69)
	at org.springframework.security.web.ObservationFilterChainDecorator$ObservationFilter.wrapFilter(ObservationFilterChainDecorator.java:240)
	at org.springframework.security.web.ObservationFilterChainDecorator$ObservationFilter.doFilter(ObservationFilterChainDecorator.java:227)
	at org.springframework.security.web.ObservationFilterChainDecorator$VirtualFilterChain.doFilter(ObservationFilterChainDecorator.java:137)
	at org.springframework.security.web.context.request.async.WebAsyncManagerIntegrationFilter.doFilterInternal(WebAsyncManagerIntegrationFilter.java:62)
	at org.springframework.web.filter.OncePerRequestFilter.doFilter(OncePerRequestFilter.java:116)
	at org.springframework.security.web.ObservationFilterChainDecorator$ObservationFilter.wrapFilter(ObservationFilterChainDecorator.java:240)
	at org.springframework.security.web.ObservationFilterChainDecorator$ObservationFilter.doFilter(ObservationFilterChainDecorator.java:227)
	at org.springframework.security.web.ObservationFilterChainDecorator$VirtualFilterChain.doFilter(ObservationFilterChainDecorator.java:137)
	at org.springframework.security.web.session.DisableEncodeUrlFilter.doFilterInternal(DisableEncodeUrlFilter.java:42)
	at org.springframework.web.filter.OncePerRequestFilter.doFilter(OncePerRequestFilter.java:116)
	at org.springframework.security.web.ObservationFilterChainDecorator$ObservationFilter.wrapFilter(ObservationFilterChainDecorator.java:240)
	at org.springframework.security.web.ObservationFilterChainDecorator$AroundFilterObservation$SimpleAroundFilterObservation.lambda$wrap$0(ObservationFilterChainDecorator.java:323)
	at org.springframework.security.web.ObservationFilterChainDecorator$ObservationFilter.doFilter(ObservationFilterChainDecorator.java:224)
	at org.springframework.security.web.ObservationFilterChainDecorator$VirtualFilterChain.doFilter(ObservationFilterChainDecorator.java:137)
	at org.springframework.security.web.FilterChainProxy.doFilterInternal(FilterChainProxy.java:233)
	at org.springframework.security.web.FilterChainProxy.doFilter(FilterChainProxy.java:191)
	at org.springframework.web.filter.CompositeFilter$VirtualFilterChain.doFilter(CompositeFilter.java:113)
	at org.springframework.web.servlet.handler.HandlerMappingIntrospector.lambda$createCacheFilter$3(HandlerMappingIntrospector.java:243)
	at org.springframework.web.filter.CompositeFilter$VirtualFilterChain.doFilter(CompositeFilter.java:113)
	at org.springframework.web.filter.CompositeFilter.doFilter(CompositeFilter.java:74)
	at org.springframework.security.config.annotation.web.configuration.WebMvcSecurityConfiguration$CompositeFilterChainProxy.doFilter(WebMvcSecurityConfiguration.java:238)
	at org.springframework.web.filter.DelegatingFilterProxy.invokeDelegate(DelegatingFilterProxy.java:362)
	at org.springframework.web.filter.DelegatingFilterProxy.doFilter(DelegatingFilterProxy.java:278)
	at org.apache.catalina.core.ApplicationFilterChain.internalDoFilter(ApplicationFilterChain.java:164)
	at org.apache.catalina.core.ApplicationFilterChain.doFilter(ApplicationFilterChain.java:140)
	at org.springframework.web.filter.RequestContextFilter.doFilterInternal(RequestContextFilter.java:100)
	at org.springframework.web.filter.OncePerRequestFilter.doFilter(OncePerRequestFilter.java:116)
	at org.apache.catalina.core.ApplicationFilterChain.internalDoFilter(ApplicationFilterChain.java:164)
	at org.apache.catalina.core.ApplicationFilterChain.doFilter(ApplicationFilterChain.java:140)
	at org.springframework.web.filter.FormContentFilter.doFilterInternal(FormContentFilter.java:93)
	at org.springframework.web.filter.OncePerRequestFilter.doFilter(OncePerRequestFilter.java:116)
	at org.apache.catalina.core.ApplicationFilterChain.internalDoFilter(ApplicationFilterChain.java:164)
	at org.apache.catalina.core.ApplicationFilterChain.doFilter(ApplicationFilterChain.java:140)
	at org.springframework.web.filter.ServerHttpObservationFilter.doFilterInternal(ServerHttpObservationFilter.java:114)
	at org.springframework.web.filter.OncePerRequestFilter.doFilter(OncePerRequestFilter.java:116)
	at org.apache.catalina.core.ApplicationFilterChain.internalDoFilter(ApplicationFilterChain.java:164)
	at org.apache.catalina.core.ApplicationFilterChain.doFilter(ApplicationFilterChain.java:140)
	at org.springframework.web.filter.CharacterEncodingFilter.doFilterInternal(CharacterEncodingFilter.java:201)
	at org.springframework.web.filter.OncePerRequestFilter.doFilter(OncePerRequestFilter.java:116)
	at org.apache.catalina.core.ApplicationFilterChain.internalDoFilter(ApplicationFilterChain.java:164)
	at org.apache.catalina.core.ApplicationFilterChain.doFilter(ApplicationFilterChain.java:140)
	at org.apache.catalina.core.StandardWrapperValve.invoke(StandardWrapperValve.java:167)
	at org.apache.catalina.core.StandardContextValve.invoke(StandardContextValve.java:90)
	at org.apache.catalina.authenticator.AuthenticatorBase.invoke(AuthenticatorBase.java:483)
	at org.apache.catalina.core.StandardHostValve.invoke(StandardHostValve.java:115)
	at org.apache.catalina.valves.ErrorReportValve.invoke(ErrorReportValve.java:93)
	at org.apache.catalina.core.StandardEngineValve.invoke(StandardEngineValve.java:74)
	at org.apache.catalina.connector.CoyoteAdapter.service(CoyoteAdapter.java:344)
	at org.apache.coyote.http11.Http11Processor.service(Http11Processor.java:397)
	at org.apache.coyote.AbstractProcessorLight.process(AbstractProcessorLight.java:63)
	at org.apache.coyote.AbstractProtocol$ConnectionHandler.process(AbstractProtocol.java:905)
	at org.apache.tomcat.util.net.NioEndpoint$SocketProcessor.doRun(NioEndpoint.java:1741)
	at org.apache.tomcat.util.net.SocketProcessorBase.run(SocketProcessorBase.java:52)
	at org.apache.tomcat.util.threads.ThreadPoolExecutor.runWorker(ThreadPoolExecutor.java:1190)
	at org.apache.tomcat.util.threads.ThreadPoolExecutor$Worker.run(ThreadPoolExecutor.java:659)
	at org.apache.tomcat.util.threads.TaskThread$WrappingRunnable.run(TaskThread.java:63)
	at java.base/java.lang.Thread.run(Thread.java:840)
Caused by: org.hibernate.NonUniqueResultException: Query did not return a unique result: 2 results were returned
	at org.hibernate.query.spi.AbstractSelectionQuery.uniqueElement(AbstractSelectionQuery.java:298)
	at org.hibernate.query.spi.AbstractSelectionQuery.getSingleResult(AbstractSelectionQuery.java:281)
	at org.springframework.data.jpa.repository.query.JpaQueryExecution$SingleEntityExecution.doExecute(JpaQueryExecution.java:224)
	at org.springframework.data.jpa.repository.query.JpaQueryExecution.execute(JpaQueryExecution.java:93)
	at org.springframework.data.jpa.repository.query.AbstractJpaQuery.doExecute(AbstractJpaQuery.java:152)
	at org.springframework.data.jpa.repository.query.AbstractJpaQuery.execute(AbstractJpaQuery.java:140)
	at org.springframework.data.repository.core.support.RepositoryMethodInvoker.doInvoke(RepositoryMethodInvoker.java:170)
	at org.springframework.data.repository.core.support.RepositoryMethodInvoker.invoke(RepositoryMethodInvoker.java:158)
	at org.springframework.data.repository.core.support.QueryExecutorMethodInterceptor.doInvoke(QueryExecutorMethodInterceptor.java:170)
	at org.springframework.data.repository.core.support.QueryExecutorMethodInterceptor.invoke(QueryExecutorMethodInterceptor.java:149)
	at org.springframework.aop.framework.ReflectiveMethodInvocation.proceed(ReflectiveMethodInvocation.java:184)
	at org.springframework.data.projection.DefaultMethodInvokingMethodInterceptor.invoke(DefaultMethodInvokingMethodInterceptor.java:69)
	at org.springframework.aop.framework.ReflectiveMethodInvocation.proceed(ReflectiveMethodInvocation.java:184)
	at org.springframework.transaction.interceptor.TransactionAspectSupport.invokeWithinTransaction(TransactionAspectSupport.java:380)
	at org.springframework.transaction.interceptor.TransactionInterceptor.invoke(TransactionInterceptor.java:119)
	at org.springframework.aop.framework.ReflectiveMethodInvocation.proceed(ReflectiveMethodInvocation.java:184)
	at org.springframework.dao.support.PersistenceExceptionTranslationInterceptor.invoke(PersistenceExceptionTranslationInterceptor.java:138)
	... 146 common frames omitted
2026-03-31 00:29:44.485 [http-nio-8080-exec-8] DEBUG [3c40447c] c.s.m.d.controller.MessageController -
        Fetching messages for channel: e054663f-79db-41a6-8385-68e22f93f0dc, cursor: null, size: 50
2026-03-31 00:29:45.500 [http-nio-8080-exec-9] DEBUG [8586d80e] c.s.m.d.controller.UserController    -
        Updating status for user: 1e2f6353-d975-4eb4-9c11-d8e8674fb0a6, last active: 2026-03-30T15:29:45.492Z
2026-03-31 00:29:45.500 [http-nio-8080-exec-9] INFO  [8586d80e] c.s.m.d.s.b.BasicUserStatusService   -
        Updating status for user: 1e2f6353-d975-4eb4-9c11-d8e8674fb0a6
2026-03-31 00:29:48.490 [http-nio-8080-exec-10] DEBUG [3947ccc9] c.s.m.d.controller.MessageController -
        Fetching messages for channel: e054663f-79db-41a6-8385-68e22f93f0dc, cursor: null, size: 50
2026-03-31 00:29:52.481 [http-nio-8080-exec-1] DEBUG [1abeab74] c.s.m.d.controller.MessageController -
        Fetching messages for channel: e054663f-79db-41a6-8385-68e22f93f0dc, cursor: null, size: 50
2026-03-31 00:29:56.499 [http-nio-8080-exec-3] DEBUG [4b49565a] c.s.m.d.controller.MessageController -
        Fetching messages for channel: e054663f-79db-41a6-8385-68e22f93f0dc, cursor: null, size: 50
2026-03-31 00:29:58.548 [SpringApplicationShutdownHook] INFO  [] o.s.b.w.e.tomcat.GracefulShutdown    -
        Commencing graceful shutdown. Waiting for active requests to complete
2026-03-31 00:29:58.729 [tomcat-shutdown] INFO  [] o.s.b.w.e.tomcat.GracefulShutdown    -
        Graceful shutdown complete
2026-03-31 00:29:58.748 [SpringApplicationShutdownHook] INFO  [] o.s.o.j.LocalContainerEntityManagerFactoryBean -
        Closing JPA EntityManagerFactory for persistence unit 'default'
2026-03-31 00:29:58.751 [SpringApplicationShutdownHook] INFO  [] com.zaxxer.hikari.HikariDataSource   -
        HikariPool-1 - Shutdown initiated...
2026-03-31 00:29:58.755 [SpringApplicationShutdownHook] INFO  [] com.zaxxer.hikari.HikariDataSource   -
        HikariPool-1 - Shutdown completed.
2026-03-31 01:19:56.068 [main] INFO  [] c.s.m.discodeit.DiscodeitApplication -
        Starting DiscodeitApplication using Java 17.0.17 with PID 15928 (C:\Users\mj559\IdeaProjects\9-sprint-mission\discodeit\build\classes\java\main started by mj559 in C:\Users\mj559\IdeaProjects\9-sprint-mission)
2026-03-31 01:19:56.071 [main] DEBUG [] c.s.m.discodeit.DiscodeitApplication -
        Running with Spring Boot v3.4.0, Spring v6.2.0
2026-03-31 01:19:56.072 [main] INFO  [] c.s.m.discodeit.DiscodeitApplication -
        The following 1 profile is active: "dev"
2026-03-31 01:19:57.662 [main] INFO  [] o.s.d.r.c.RepositoryConfigurationDelegate -
        Bootstrapping Spring Data JPA repositories in DEFAULT mode.
2026-03-31 01:19:57.756 [main] INFO  [] o.s.d.r.c.RepositoryConfigurationDelegate -
        Finished Spring Data repository scanning in 83 ms. Found 6 JPA repository interfaces.
2026-03-31 01:19:58.686 [main] INFO  [] o.s.b.w.e.tomcat.TomcatWebServer     -
        Tomcat initialized with port 8080 (http)
2026-03-31 01:19:58.706 [main] INFO  [] o.a.catalina.core.StandardService    -
        Starting service [Tomcat]
2026-03-31 01:19:58.706 [main] INFO  [] o.a.catalina.core.StandardEngine     -
        Starting Servlet engine: [Apache Tomcat/10.1.33]
2026-03-31 01:19:58.786 [main] INFO  [] o.a.c.c.C.[Tomcat].[localhost].[/]   -
        Initializing Spring embedded WebApplicationContext
2026-03-31 01:19:58.787 [main] INFO  [] o.s.b.w.s.c.ServletWebServerApplicationContext -
        Root WebApplicationContext: initialization completed in 2658 ms
2026-03-31 01:19:59.088 [main] INFO  [] com.zaxxer.hikari.HikariDataSource   -
        HikariPool-1 - Starting...
2026-03-31 01:19:59.334 [main] INFO  [] com.zaxxer.hikari.pool.HikariPool    -
        HikariPool-1 - Added connection conn0: url=jdbc:h2:mem:discodeit_db user=SA
2026-03-31 01:19:59.336 [main] INFO  [] com.zaxxer.hikari.HikariDataSource   -
        HikariPool-1 - Start completed.
2026-03-31 01:19:59.503 [main] INFO  [] o.h.jpa.internal.util.LogHelper      -
        HHH000204: Processing PersistenceUnitInfo [name: default]
2026-03-31 01:19:59.603 [main] INFO  [] org.hibernate.Version                -
        HHH000412: Hibernate ORM core version 6.6.2.Final
2026-03-31 01:19:59.647 [main] INFO  [] o.h.c.i.RegionFactoryInitiator       -
        HHH000026: Second-level cache disabled
2026-03-31 01:20:00.023 [main] INFO  [] o.s.o.j.p.SpringPersistenceUnitInfo  -
        No LoadTimeWeaver setup: ignoring JPA class transformer
2026-03-31 01:20:00.120 [main] INFO  [] o.hibernate.orm.connections.pooling  -
        HHH10001005: Database info:
	Database JDBC URL [Connecting through datasource 'HikariDataSource (HikariPool-1)']
	Database driver: undefined/unknown
	Database version: 2.3.232
	Autocommit mode: undefined/unknown
	Isolation level: undefined/unknown
	Minimum pool size: undefined/unknown
	Maximum pool size: undefined/unknown
2026-03-31 01:20:01.342 [main] INFO  [] o.h.e.t.j.p.i.JtaPlatformInitiator   -
        HHH000489: No JTA platform available (set 'hibernate.transaction.jta.platform' to enable JTA platform integration)
2026-03-31 01:20:01.436 [main] INFO  [] o.s.o.j.LocalContainerEntityManagerFactoryBean -
        Initialized JPA EntityManagerFactory for persistence unit 'default'
2026-03-31 01:20:01.868 [main] INFO  [] o.s.d.j.r.query.QueryEnhancerFactory -
        Hibernate is in classpath; If applicable, HQL parser will be used.
2026-03-31 01:20:02.929 [main] WARN  [] o.s.b.a.o.j.JpaBaseConfiguration$JpaWebConfiguration -
        spring.jpa.open-in-view is enabled by default. Therefore, database queries may be performed during view rendering. Explicitly configure spring.jpa.open-in-view to disable this warning
2026-03-31 01:20:02.965 [main] WARN  [] o.s.b.a.s.s.UserDetailsServiceAutoConfiguration -
        

Using generated security password: fe6b4652-ac02-472e-94e8-4f69eacb9e0c

This generated password is for development use only. Your security configuration must be updated before running your application in production.

2026-03-31 01:20:02.979 [main] INFO  [] o.s.s.c.a.a.c.InitializeUserDetailsBeanManagerConfigurer$InitializeUserDetailsManagerConfigurer -
        Global AuthenticationManager configured with UserDetailsService bean with name inMemoryUserDetailsManager
2026-03-31 01:20:03.091 [main] INFO  [] o.s.b.a.w.s.WelcomePageHandlerMapping -
        Adding welcome page: class path resource [static/index.html]
2026-03-31 01:20:03.522 [main] INFO  [] o.s.b.a.e.web.EndpointLinksResolver  -
        Exposing 4 endpoints beneath base path '/actuator'
2026-03-31 01:20:04.538 [main] INFO  [] o.s.b.w.e.tomcat.TomcatWebServer     -
        Tomcat started on port 8080 (http) with context path '/'
2026-03-31 01:20:04.558 [main] INFO  [] c.s.m.discodeit.DiscodeitApplication -
        Started DiscodeitApplication in 9.21 seconds (process running for 10.001)
2026-03-31 01:20:04.692 [registrationTask1] WARN  [] d.c.b.a.c.r.ApplicationRegistrator   -
        Failed to register application as Application(name=discodeit, managementUrl=http:
org.springframework.web.client.ResourceAccessException: I/O error on POST request for "http:
	at org.springframework.web.client.DefaultRestClient$DefaultRequestBodyUriSpec.createResourceAccessException(DefaultRestClient.java:689)
	at org.springframework.web.client.DefaultRestClient$DefaultRequestBodyUriSpec.exchangeInternal(DefaultRestClient.java:574)
	at org.springframework.web.client.DefaultRestClient$DefaultRequestBodyUriSpec.exchange(DefaultRestClient.java:532)
	at org.springframework.web.client.RestClient$RequestHeadersSpec.exchange(RestClient.java:677)
	at org.springframework.web.client.DefaultRestClient$DefaultResponseSpec.executeAndExtract(DefaultRestClient.java:806)
	at org.springframework.web.client.DefaultRestClient$DefaultResponseSpec.body(DefaultRestClient.java:750)
	at de.codecentric.boot.admin.client.registration.RestClientRegistrationClient.register(RestClientRegistrationClient.java:45)
	at de.codecentric.boot.admin.client.registration.DefaultApplicationRegistrator.register(DefaultApplicationRegistrator.java:80)
	at de.codecentric.boot.admin.client.registration.DefaultApplicationRegistrator.register(DefaultApplicationRegistrator.java:61)
	at org.springframework.scheduling.support.DelegatingErrorHandlingRunnable.run(DelegatingErrorHandlingRunnable.java:54)
	at java.base/java.util.concurrent.Executors$RunnableAdapter.call(Executors.java:539)
	at java.base/java.util.concurrent.FutureTask.runAndReset(FutureTask.java:305)
	at java.base/java.util.concurrent.ScheduledThreadPoolExecutor$ScheduledFutureTask.run(ScheduledThreadPoolExecutor.java:305)
	at java.base/java.util.concurrent.ThreadPoolExecutor.runWorker(ThreadPoolExecutor.java:1136)
	at java.base/java.util.concurrent.ThreadPoolExecutor$Worker.run(ThreadPoolExecutor.java:635)
	at java.base/java.lang.Thread.run(Thread.java:840)
Caused by: java.net.ConnectException: null
	at java.net.http/jdk.internal.net.http.common.Utils.toConnectException(Utils.java:1107)
	at java.net.http/jdk.internal.net.http.PlainHttpConnection.connectAsync(PlainHttpConnection.java:203)
	at java.net.http/jdk.internal.net.http.PlainHttpConnection.checkRetryConnect(PlainHttpConnection.java:238)
	at java.net.http/jdk.internal.net.http.PlainHttpConnection.lambda$connectAsync$1(PlainHttpConnection.java:214)
	at java.base/java.util.concurrent.CompletableFuture.uniHandle(CompletableFuture.java:934)
	at java.base/java.util.concurrent.CompletableFuture$UniHandle.tryFire(CompletableFuture.java:911)
	at java.base/java.util.concurrent.CompletableFuture.postComplete(CompletableFuture.java:510)
	at java.base/java.util.concurrent.CompletableFuture$AsyncSupply.run(CompletableFuture.java:1773)
	... 3 common frames omitted
Caused by: java.nio.channels.ClosedChannelException: null
	at java.base/sun.nio.ch.SocketChannelImpl.ensureOpen(SocketChannelImpl.java:195)
	at java.base/sun.nio.ch.SocketChannelImpl.beginConnect(SocketChannelImpl.java:760)
	at java.base/sun.nio.ch.SocketChannelImpl.connect(SocketChannelImpl.java:848)
	at java.net.http/jdk.internal.net.http.PlainHttpConnection.lambda$connectAsync$0(PlainHttpConnection.java:187)
	at java.base/java.security.AccessController.doPrivileged(AccessController.java:569)
	at java.net.http/jdk.internal.net.http.PlainHttpConnection.connectAsync(PlainHttpConnection.java:189)
	... 9 common frames omitted
2026-03-31 01:20:05.174 [RMI TCP Connection(4)-192.168.45.215] INFO  [] o.a.c.c.C.[Tomcat].[localhost].[/]   -
        Initializing Spring DispatcherServlet 'dispatcherServlet'
2026-03-31 01:20:05.175 [RMI TCP Connection(4)-192.168.45.215] INFO  [] o.s.web.servlet.DispatcherServlet    -
        Initializing Servlet 'dispatcherServlet'
2026-03-31 01:20:05.177 [RMI TCP Connection(4)-192.168.45.215] INFO  [] o.s.web.servlet.DispatcherServlet    -
        Completed initialization in 2 ms
2026-03-31 01:20:05.774 [http-nio-8080-exec-2] DEBUG [4dd3dac7] c.s.m.d.controller.MessageController -
        Fetching messages for channel: e054663f-79db-41a6-8385-68e22f93f0dc, cursor: null, size: 50
2026-03-31 01:20:06.495 [http-nio-8080-exec-1] DEBUG [3c676eae] c.s.m.d.controller.MessageController -
        Fetching messages for channel: e054663f-79db-41a6-8385-68e22f93f0dc, cursor: null, size: 50
2026-03-31 01:20:07.497 [http-nio-8080-exec-3] DEBUG [e3703460] c.s.m.d.controller.MessageController -
        Fetching messages for channel: e054663f-79db-41a6-8385-68e22f93f0dc, cursor: null, size: 50
2026-03-31 01:20:08.497 [http-nio-8080-exec-4] DEBUG [721842f8] c.s.m.d.controller.MessageController -
        Fetching messages for channel: e054663f-79db-41a6-8385-68e22f93f0dc, cursor: null, size: 50
2026-03-31 01:20:09.499 [http-nio-8080-exec-5] DEBUG [77ef2934] c.s.m.d.controller.MessageController -
        Fetching messages for channel: e054663f-79db-41a6-8385-68e22f93f0dc, cursor: null, size: 50
2026-03-31 01:20:10.495 [http-nio-8080-exec-6] DEBUG [325def67] c.s.m.d.controller.MessageController -
        Fetching messages for channel: e054663f-79db-41a6-8385-68e22f93f0dc, cursor: null, size: 50
2026-03-31 01:20:11.496 [http-nio-8080-exec-7] DEBUG [ea1fe1d2] c.s.m.d.controller.MessageController -
        Fetching messages for channel: e054663f-79db-41a6-8385-68e22f93f0dc, cursor: null, size: 50
2026-03-31 01:20:12.495 [http-nio-8080-exec-8] DEBUG [2f8df60d] c.s.m.d.controller.MessageController -
        Fetching messages for channel: e054663f-79db-41a6-8385-68e22f93f0dc, cursor: null, size: 50
2026-03-31 01:20:13.515 [http-nio-8080-exec-9] DEBUG [43506147] c.s.m.d.controller.MessageController -
        Fetching messages for channel: e054663f-79db-41a6-8385-68e22f93f0dc, cursor: null, size: 50
2026-03-31 01:20:14.501 [http-nio-8080-exec-10] DEBUG [b40c66c8] c.s.m.d.controller.MessageController -
        Fetching messages for channel: e054663f-79db-41a6-8385-68e22f93f0dc, cursor: null, size: 50
2026-03-31 01:20:15.503 [http-nio-8080-exec-2] DEBUG [002b4eb4] c.s.m.d.controller.MessageController -
        Fetching messages for channel: e054663f-79db-41a6-8385-68e22f93f0dc, cursor: null, size: 50
2026-03-31 01:20:16.491 [http-nio-8080-exec-1] DEBUG [f6f4f913] c.s.m.d.controller.MessageController -
        Fetching messages for channel: e054663f-79db-41a6-8385-68e22f93f0dc, cursor: null, size: 50
2026-03-31 01:20:17.513 [http-nio-8080-exec-3] DEBUG [fb0b6d36] c.s.m.d.controller.MessageController -
        Fetching messages for channel: e054663f-79db-41a6-8385-68e22f93f0dc, cursor: null, size: 50
2026-03-31 01:20:18.510 [http-nio-8080-exec-6] DEBUG [842fe91c] c.s.m.d.controller.UserController    -
        Fetching all users list
2026-03-31 01:20:18.510 [http-nio-8080-exec-6] DEBUG [842fe91c] c.s.m.d.s.basic.BasicUserService     -
        Listing all users
2026-03-31 01:20:18.514 [http-nio-8080-exec-7] DEBUG [6eee62e5] c.s.m.d.controller.MessageController -
        Fetching messages for channel: e054663f-79db-41a6-8385-68e22f93f0dc, cursor: null, size: 50
2026-03-31 01:20:18.603 [http-nio-8080-exec-8] DEBUG [a719f142] c.s.m.d.controller.UserController    -
        Updating status for user: 1e2f6353-d975-4eb4-9c11-d8e8674fb0a6, last active: 2026-03-30T16:20:18.567Z
2026-03-31 01:20:18.603 [http-nio-8080-exec-5] DEBUG [c3c6ffcc] c.s.m.d.controller.UserController    -
        Updating status for user: 1e2f6353-d975-4eb4-9c11-d8e8674fb0a6, last active: 2026-03-30T16:20:18.496Z
2026-03-31 01:20:18.604 [http-nio-8080-exec-5] INFO  [c3c6ffcc] c.s.m.d.s.b.BasicUserStatusService   -
        Updating status for user: 1e2f6353-d975-4eb4-9c11-d8e8674fb0a6
2026-03-31 01:20:18.604 [http-nio-8080-exec-8] INFO  [a719f142] c.s.m.d.s.b.BasicUserStatusService   -
        Updating status for user: 1e2f6353-d975-4eb4-9c11-d8e8674fb0a6
2026-03-31 01:20:18.620 [http-nio-8080-exec-8] ERROR [a719f142] c.s.m.d.s.b.BasicUserStatusService   -
        Update failed: UserStatus not found for user 1e2f6353-d975-4eb4-9c11-d8e8674fb0a6
2026-03-31 01:20:18.621 [http-nio-8080-exec-5] ERROR [c3c6ffcc] c.s.m.d.s.b.BasicUserStatusService   -
        Update failed: UserStatus not found for user 1e2f6353-d975-4eb4-9c11-d8e8674fb0a6
2026-03-31 01:20:18.623 [http-nio-8080-exec-8] WARN  [a719f142] c.s.m.d.c.GlobalExceptionHandler     -
        Business Exception: U003 - UserStatus with userId 1e2f6353-d975-4eb4-9c11-d8e8674fb0a6 not found
2026-03-31 01:20:18.624 [http-nio-8080-exec-5] WARN  [c3c6ffcc] c.s.m.d.c.GlobalExceptionHandler     -
        Business Exception: U003 - UserStatus with userId 1e2f6353-d975-4eb4-9c11-d8e8674fb0a6 not found
2026-03-31 01:20:51.217 [http-nio-8080-exec-3] INFO  [f4a2265c] c.s.m.d.controller.UserController    -
        Registering new user with email: User1@gmail.com
2026-03-31 01:20:51.217 [http-nio-8080-exec-3] INFO  [f4a2265c] c.s.m.d.s.basic.BasicUserService     -
        Creating new user: email=User1@gmail.com
2026-03-31 01:20:51.710 [http-nio-8080-exec-3] INFO  [f4a2265c] c.s.m.d.s.b.BasicUserStatusService   -
        Creating initial status for user: 547eb4ad-6723-4f05-9fa8-ba75b7d31e4a
2026-03-31 01:20:51.758 [http-nio-8080-exec-3] INFO  [f4a2265c] c.s.m.d.s.b.BasicUserStatusService   -
        UserStatus created successfully for user: 547eb4ad-6723-4f05-9fa8-ba75b7d31e4a
2026-03-31 01:20:51.758 [http-nio-8080-exec-3] INFO  [f4a2265c] c.s.m.d.s.basic.BasicUserService     -
        User created successfully: id=547eb4ad-6723-4f05-9fa8-ba75b7d31e4a
2026-03-31 01:20:51.758 [http-nio-8080-exec-3] DEBUG [f4a2265c] c.s.m.d.s.b.BasicUserStatusService   -
        Checking online status for user: 547eb4ad-6723-4f05-9fa8-ba75b7d31e4a
2026-03-31 01:20:51.827 [http-nio-8080-exec-3] INFO  [f4a2265c] c.s.m.d.controller.UserController    -
        User registered successfully. ID: 547eb4ad-6723-4f05-9fa8-ba75b7d31e4a
2026-03-31 01:20:51.856 [http-nio-8080-exec-6] DEBUG [c3e9bd29] c.s.m.d.controller.UserController    -
        Updating status for user: 547eb4ad-6723-4f05-9fa8-ba75b7d31e4a, last active: 2026-03-30T16:20:51.851Z
2026-03-31 01:20:51.856 [http-nio-8080-exec-7] DEBUG [2e6272fb] c.s.m.d.controller.UserController    -
        Updating status for user: 547eb4ad-6723-4f05-9fa8-ba75b7d31e4a, last active: 2026-03-30T16:20:51.851Z
2026-03-31 01:20:51.858 [http-nio-8080-exec-6] INFO  [c3e9bd29] c.s.m.d.s.b.BasicUserStatusService   -
        Updating status for user: 547eb4ad-6723-4f05-9fa8-ba75b7d31e4a
2026-03-31 01:20:51.858 [http-nio-8080-exec-7] INFO  [2e6272fb] c.s.m.d.s.b.BasicUserStatusService   -
        Updating status for user: 547eb4ad-6723-4f05-9fa8-ba75b7d31e4a
2026-03-31 01:20:51.922 [http-nio-8080-exec-4] DEBUG [dcab5b94] c.s.m.d.controller.UserController    -
        Fetching all users list
2026-03-31 01:20:51.922 [http-nio-8080-exec-4] DEBUG [dcab5b94] c.s.m.d.s.basic.BasicUserService     -
        Listing all users
2026-03-31 01:20:51.930 [http-nio-8080-exec-4] DEBUG [dcab5b94] c.s.m.d.s.b.BasicUserStatusService   -
        Checking online status for user: 547eb4ad-6723-4f05-9fa8-ba75b7d31e4a
2026-03-31 01:20:51.953 [http-nio-8080-exec-9] DEBUG [722f3ec0] c.s.m.d.controller.UserController    -
        Fetching all users list
2026-03-31 01:20:51.953 [http-nio-8080-exec-8] DEBUG [47b8c944] c.s.m.d.c.ReadStatusController       -
        Fetching read statuses for user: 547eb4ad-6723-4f05-9fa8-ba75b7d31e4a
2026-03-31 01:20:51.953 [http-nio-8080-exec-9] DEBUG [722f3ec0] c.s.m.d.s.basic.BasicUserService     -
        Listing all users
2026-03-31 01:20:51.953 [http-nio-8080-exec-5] DEBUG [82b04439] c.s.m.d.s.basic.BasicChannelService  -
        Finding all channels for user: 547eb4ad-6723-4f05-9fa8-ba75b7d31e4a
2026-03-31 01:20:51.953 [http-nio-8080-exec-8] DEBUG [47b8c944] c.s.m.d.s.b.BasicReadStatusService   -
        Fetching/Allocating read statuses for user: 547eb4ad-6723-4f05-9fa8-ba75b7d31e4a
2026-03-31 01:20:51.956 [http-nio-8080-exec-9] DEBUG [722f3ec0] c.s.m.d.s.b.BasicUserStatusService   -
        Checking online status for user: 547eb4ad-6723-4f05-9fa8-ba75b7d31e4a
2026-03-31 01:20:52.026 [http-nio-8080-exec-2] DEBUG [43d2eea7] c.s.m.d.c.ReadStatusController       -
        Fetching read statuses for user: 547eb4ad-6723-4f05-9fa8-ba75b7d31e4a
2026-03-31 01:20:52.026 [http-nio-8080-exec-2] DEBUG [43d2eea7] c.s.m.d.s.b.BasicReadStatusService   -
        Fetching/Allocating read statuses for user: 547eb4ad-6723-4f05-9fa8-ba75b7d31e4a
2026-03-31 01:20:52.026 [http-nio-8080-exec-10] DEBUG [a05ff273] c.s.m.d.s.basic.BasicChannelService  -
        Finding all channels for user: 547eb4ad-6723-4f05-9fa8-ba75b7d31e4a
2026-03-31 01:20:52.049 [http-nio-8080-exec-1] DEBUG [610395f7] c.s.m.d.c.ReadStatusController       -
        Fetching read statuses for user: 547eb4ad-6723-4f05-9fa8-ba75b7d31e4a
2026-03-31 01:20:52.049 [http-nio-8080-exec-1] DEBUG [610395f7] c.s.m.d.s.b.BasicReadStatusService   -
        Fetching/Allocating read statuses for user: 547eb4ad-6723-4f05-9fa8-ba75b7d31e4a
2026-03-31 01:20:52.069 [http-nio-8080-exec-3] DEBUG [727bbfc7] c.s.m.d.c.ReadStatusController       -
        Fetching read statuses for user: 547eb4ad-6723-4f05-9fa8-ba75b7d31e4a
2026-03-31 01:20:52.071 [http-nio-8080-exec-3] DEBUG [727bbfc7] c.s.m.d.s.b.BasicReadStatusService   -
        Fetching/Allocating read statuses for user: 547eb4ad-6723-4f05-9fa8-ba75b7d31e4a
2026-03-31 01:20:54.982 [http-nio-8080-exec-6] DEBUG [5441223e] c.s.m.d.s.basic.BasicChannelService  -
        Finding all channels for user: 547eb4ad-6723-4f05-9fa8-ba75b7d31e4a
2026-03-31 01:20:54.998 [http-nio-8080-exec-7] DEBUG [4ee54ce6] c.s.m.d.c.ReadStatusController       -
        Fetching read statuses for user: 547eb4ad-6723-4f05-9fa8-ba75b7d31e4a
2026-03-31 01:20:54.998 [http-nio-8080-exec-7] DEBUG [4ee54ce6] c.s.m.d.s.b.BasicReadStatusService   -
        Fetching/Allocating read statuses for user: 547eb4ad-6723-4f05-9fa8-ba75b7d31e4a
2026-03-31 01:20:57.865 [http-nio-8080-exec-4] DEBUG [9d83fd71] c.s.m.d.controller.UserController    -
        Updating status for user: 547eb4ad-6723-4f05-9fa8-ba75b7d31e4a, last active: 2026-03-30T16:20:57.853Z
2026-03-31 01:20:57.865 [http-nio-8080-exec-4] INFO  [9d83fd71] c.s.m.d.s.b.BasicUserStatusService   -
        Updating status for user: 547eb4ad-6723-4f05-9fa8-ba75b7d31e4a
2026-03-31 01:21:24.077 [http-nio-8080-exec-9] INFO  [ca87992e] c.s.m.d.controller.UserController    -
        Registering new user with email: User2@gmail.com
2026-03-31 01:21:24.079 [http-nio-8080-exec-9] INFO  [ca87992e] c.s.m.d.s.basic.BasicUserService     -
        Creating new user: email=User2@gmail.com
2026-03-31 01:21:24.414 [http-nio-8080-exec-9] INFO  [ca87992e] c.s.m.d.s.b.BasicUserStatusService   -
        Creating initial status for user: 71079135-341e-43e3-b879-dd6818116591
2026-03-31 01:21:24.441 [http-nio-8080-exec-9] INFO  [ca87992e] c.s.m.d.s.b.BasicUserStatusService   -
        UserStatus created successfully for user: 71079135-341e-43e3-b879-dd6818116591
2026-03-31 01:21:24.441 [http-nio-8080-exec-9] INFO  [ca87992e] c.s.m.d.s.basic.BasicUserService     -
        User created successfully: id=71079135-341e-43e3-b879-dd6818116591
2026-03-31 01:21:24.441 [http-nio-8080-exec-9] DEBUG [ca87992e] c.s.m.d.s.b.BasicUserStatusService   -
        Checking online status for user: 71079135-341e-43e3-b879-dd6818116591
2026-03-31 01:21:24.444 [http-nio-8080-exec-9] INFO  [ca87992e] c.s.m.d.controller.UserController    -
        User registered successfully. ID: 71079135-341e-43e3-b879-dd6818116591
2026-03-31 01:21:24.465 [http-nio-8080-exec-5] DEBUG [be5712f3] c.s.m.d.controller.UserController    -
        Updating status for user: 71079135-341e-43e3-b879-dd6818116591, last active: 2026-03-30T16:21:24.459Z
2026-03-31 01:21:24.465 [http-nio-8080-exec-8] DEBUG [ca0275c4] c.s.m.d.controller.UserController    -
        Updating status for user: 71079135-341e-43e3-b879-dd6818116591, last active: 2026-03-30T16:21:24.460Z
2026-03-31 01:21:24.465 [http-nio-8080-exec-5] INFO  [be5712f3] c.s.m.d.s.b.BasicUserStatusService   -
        Updating status for user: 71079135-341e-43e3-b879-dd6818116591
2026-03-31 01:21:24.465 [http-nio-8080-exec-8] INFO  [ca0275c4] c.s.m.d.s.b.BasicUserStatusService   -
        Updating status for user: 71079135-341e-43e3-b879-dd6818116591
2026-03-31 01:21:24.490 [http-nio-8080-exec-10] DEBUG [7004cd37] c.s.m.d.controller.UserController    -
        Fetching all users list
2026-03-31 01:21:24.490 [http-nio-8080-exec-10] DEBUG [7004cd37] c.s.m.d.s.basic.BasicUserService     -
        Listing all users
2026-03-31 01:21:24.499 [http-nio-8080-exec-10] DEBUG [7004cd37] c.s.m.d.s.b.BasicUserStatusService   -
        Checking online status for user: 547eb4ad-6723-4f05-9fa8-ba75b7d31e4a
2026-03-31 01:21:24.503 [http-nio-8080-exec-10] DEBUG [7004cd37] c.s.m.d.s.b.BasicUserStatusService   -
        Checking online status for user: 71079135-341e-43e3-b879-dd6818116591
2026-03-31 01:21:24.520 [http-nio-8080-exec-3] DEBUG [901cc6db] c.s.m.d.controller.UserController    -
        Fetching all users list
2026-03-31 01:21:24.520 [http-nio-8080-exec-2] DEBUG [ebaa148c] c.s.m.d.s.basic.BasicChannelService  -
        Finding all channels for user: 71079135-341e-43e3-b879-dd6818116591
2026-03-31 01:21:24.520 [http-nio-8080-exec-3] DEBUG [901cc6db] c.s.m.d.s.basic.BasicUserService     -
        Listing all users
2026-03-31 01:21:24.520 [http-nio-8080-exec-1] DEBUG [a6e80ca4] c.s.m.d.c.ReadStatusController       -
        Fetching read statuses for user: 71079135-341e-43e3-b879-dd6818116591
2026-03-31 01:21:24.522 [http-nio-8080-exec-1] DEBUG [a6e80ca4] c.s.m.d.s.b.BasicReadStatusService   -
        Fetching/Allocating read statuses for user: 71079135-341e-43e3-b879-dd6818116591
2026-03-31 01:21:24.525 [http-nio-8080-exec-3] DEBUG [901cc6db] c.s.m.d.s.b.BasicUserStatusService   -
        Checking online status for user: 547eb4ad-6723-4f05-9fa8-ba75b7d31e4a
2026-03-31 01:21:24.530 [http-nio-8080-exec-3] DEBUG [901cc6db] c.s.m.d.s.b.BasicUserStatusService   -
        Checking online status for user: 71079135-341e-43e3-b879-dd6818116591
2026-03-31 01:21:24.539 [http-nio-8080-exec-6] DEBUG [6e784673] c.s.m.d.c.ReadStatusController       -
        Fetching read statuses for user: 71079135-341e-43e3-b879-dd6818116591
2026-03-31 01:21:24.539 [http-nio-8080-exec-6] DEBUG [6e784673] c.s.m.d.s.b.BasicReadStatusService   -
        Fetching/Allocating read statuses for user: 71079135-341e-43e3-b879-dd6818116591
2026-03-31 01:21:24.547 [http-nio-8080-exec-7] DEBUG [feddbd4e] c.s.m.d.s.basic.BasicChannelService  -
        Finding all channels for user: 71079135-341e-43e3-b879-dd6818116591
2026-03-31 01:21:24.561 [http-nio-8080-exec-4] DEBUG [c9009289] c.s.m.d.c.ReadStatusController       -
        Fetching read statuses for user: 71079135-341e-43e3-b879-dd6818116591
2026-03-31 01:21:24.561 [http-nio-8080-exec-4] DEBUG [c9009289] c.s.m.d.s.b.BasicReadStatusService   -
        Fetching/Allocating read statuses for user: 71079135-341e-43e3-b879-dd6818116591
2026-03-31 01:21:24.579 [http-nio-8080-exec-9] DEBUG [842d061a] c.s.m.d.c.ReadStatusController       -
        Fetching read statuses for user: 71079135-341e-43e3-b879-dd6818116591
2026-03-31 01:21:24.579 [http-nio-8080-exec-9] DEBUG [842d061a] c.s.m.d.s.b.BasicReadStatusService   -
        Fetching/Allocating read statuses for user: 71079135-341e-43e3-b879-dd6818116591
2026-03-31 01:21:27.557 [http-nio-8080-exec-8] DEBUG [095a8088] c.s.m.d.s.basic.BasicChannelService  -
        Finding all channels for user: 71079135-341e-43e3-b879-dd6818116591
2026-03-31 01:21:27.578 [http-nio-8080-exec-5] DEBUG [e0c27411] c.s.m.d.c.ReadStatusController       -
        Fetching read statuses for user: 71079135-341e-43e3-b879-dd6818116591
2026-03-31 01:21:27.580 [http-nio-8080-exec-5] DEBUG [e0c27411] c.s.m.d.s.b.BasicReadStatusService   -
        Fetching/Allocating read statuses for user: 71079135-341e-43e3-b879-dd6818116591
2026-03-31 01:21:30.554 [http-nio-8080-exec-10] DEBUG [150c677d] c.s.m.d.s.basic.BasicChannelService  -
        Finding all channels for user: 71079135-341e-43e3-b879-dd6818116591
2026-03-31 01:21:30.573 [http-nio-8080-exec-2] DEBUG [7c22d1ce] c.s.m.d.c.ReadStatusController       -
        Fetching read statuses for user: 71079135-341e-43e3-b879-dd6818116591
2026-03-31 01:21:30.573 [http-nio-8080-exec-2] DEBUG [7c22d1ce] c.s.m.d.s.b.BasicReadStatusService   -
        Fetching/Allocating read statuses for user: 71079135-341e-43e3-b879-dd6818116591
2026-03-31 01:21:33.549 [http-nio-8080-exec-1] DEBUG [e6d3bc37] c.s.m.d.s.basic.BasicChannelService  -
        Finding all channels for user: 71079135-341e-43e3-b879-dd6818116591
2026-03-31 01:21:33.570 [http-nio-8080-exec-3] DEBUG [b0cc7735] c.s.m.d.c.ReadStatusController       -
        Fetching read statuses for user: 71079135-341e-43e3-b879-dd6818116591
2026-03-31 01:21:33.570 [http-nio-8080-exec-3] DEBUG [b0cc7735] c.s.m.d.s.b.BasicReadStatusService   -
        Fetching/Allocating read statuses for user: 71079135-341e-43e3-b879-dd6818116591
2026-03-31 01:21:36.550 [http-nio-8080-exec-6] DEBUG [0263ac17] c.s.m.d.s.basic.BasicChannelService  -
        Finding all channels for user: 71079135-341e-43e3-b879-dd6818116591
2026-03-31 01:21:36.572 [http-nio-8080-exec-7] DEBUG [51f62028] c.s.m.d.c.ReadStatusController       -
        Fetching read statuses for user: 71079135-341e-43e3-b879-dd6818116591
2026-03-31 01:21:36.572 [http-nio-8080-exec-7] DEBUG [51f62028] c.s.m.d.s.b.BasicReadStatusService   -
        Fetching/Allocating read statuses for user: 71079135-341e-43e3-b879-dd6818116591
2026-03-31 01:21:39.554 [http-nio-8080-exec-4] DEBUG [da6021d7] c.s.m.d.s.basic.BasicChannelService  -
        Finding all channels for user: 71079135-341e-43e3-b879-dd6818116591
2026-03-31 01:21:39.573 [http-nio-8080-exec-9] DEBUG [0cd18c76] c.s.m.d.c.ReadStatusController       -
        Fetching read statuses for user: 71079135-341e-43e3-b879-dd6818116591
2026-03-31 01:21:39.573 [http-nio-8080-exec-9] DEBUG [0cd18c76] c.s.m.d.s.b.BasicReadStatusService   -
        Fetching/Allocating read statuses for user: 71079135-341e-43e3-b879-dd6818116591
2026-03-31 01:21:42.561 [http-nio-8080-exec-8] DEBUG [fab96793] c.s.m.d.s.basic.BasicChannelService  -
        Finding all channels for user: 71079135-341e-43e3-b879-dd6818116591
2026-03-31 01:21:42.572 [http-nio-8080-exec-5] DEBUG [275acc28] c.s.m.d.c.ReadStatusController       -
        Fetching read statuses for user: 71079135-341e-43e3-b879-dd6818116591
2026-03-31 01:21:42.580 [http-nio-8080-exec-5] DEBUG [275acc28] c.s.m.d.s.b.BasicReadStatusService   -
        Fetching/Allocating read statuses for user: 71079135-341e-43e3-b879-dd6818116591
2026-03-31 01:21:45.343 [http-nio-8080-exec-10] INFO  [96a5b313] c.s.m.d.s.basic.BasicChannelService  -
        Creating public channel: '채널1' by creator: 71079135-341e-43e3-b879-dd6818116591
2026-03-31 01:21:45.440 [http-nio-8080-exec-2] DEBUG [a8730595] c.s.m.d.s.basic.BasicChannelService  -
        Finding all channels for user: 71079135-341e-43e3-b879-dd6818116591
2026-03-31 01:21:45.469 [http-nio-8080-exec-1] DEBUG [36c7502f] c.s.m.d.c.ReadStatusController       -
        Fetching read statuses for user: 71079135-341e-43e3-b879-dd6818116591
2026-03-31 01:21:45.469 [http-nio-8080-exec-1] DEBUG [36c7502f] c.s.m.d.s.b.BasicReadStatusService   -
        Fetching/Allocating read statuses for user: 71079135-341e-43e3-b879-dd6818116591
2026-03-31 01:21:45.483 [http-nio-8080-exec-3] DEBUG [a1fc816e] c.s.m.d.controller.MessageController -
        Fetching messages for channel: c1265582-443f-4a1e-9b2f-af9e86b5d3b9, cursor: null, size: 50
2026-03-31 01:21:45.493 [http-nio-8080-exec-6] DEBUG [54a8162e] c.s.m.d.controller.MessageController -
        Fetching messages for channel: c1265582-443f-4a1e-9b2f-af9e86b5d3b9, cursor: null, size: 50
2026-03-31 01:21:45.558 [http-nio-8080-exec-7] DEBUG [e3301325] c.s.m.d.s.basic.BasicChannelService  -
        Finding all channels for user: 71079135-341e-43e3-b879-dd6818116591
2026-03-31 01:21:45.581 [http-nio-8080-exec-4] DEBUG [5e9fe068] c.s.m.d.c.ReadStatusController       -
        Fetching read statuses for user: 71079135-341e-43e3-b879-dd6818116591
2026-03-31 01:21:45.581 [http-nio-8080-exec-4] DEBUG [5e9fe068] c.s.m.d.s.b.BasicReadStatusService   -
        Fetching/Allocating read statuses for user: 71079135-341e-43e3-b879-dd6818116591
2026-03-31 01:21:45.805 [http-nio-8080-exec-9] DEBUG [cbf266ee] c.s.m.d.controller.MessageController -
        Fetching messages for channel: c1265582-443f-4a1e-9b2f-af9e86b5d3b9, cursor: null, size: 50
2026-03-31 01:21:46.133 [http-nio-8080-exec-8] DEBUG [44f77a8b] c.s.m.d.controller.MessageController -
        Fetching messages for channel: c1265582-443f-4a1e-9b2f-af9e86b5d3b9, cursor: null, size: 50
2026-03-31 01:21:46.453 [http-nio-8080-exec-5] DEBUG [10eedde3] c.s.m.d.controller.MessageController -
        Fetching messages for channel: c1265582-443f-4a1e-9b2f-af9e86b5d3b9, cursor: null, size: 50
2026-03-31 01:21:46.763 [http-nio-8080-exec-10] DEBUG [148ed4f5] c.s.m.d.controller.MessageController -
        Fetching messages for channel: c1265582-443f-4a1e-9b2f-af9e86b5d3b9, cursor: null, size: 50
2026-03-31 01:21:47.088 [http-nio-8080-exec-2] DEBUG [d87494f2] c.s.m.d.controller.MessageController -
        Fetching messages for channel: c1265582-443f-4a1e-9b2f-af9e86b5d3b9, cursor: null, size: 50
2026-03-31 01:21:47.414 [http-nio-8080-exec-3] DEBUG [d1460ba7] c.s.m.d.controller.MessageController -
        Fetching messages for channel: c1265582-443f-4a1e-9b2f-af9e86b5d3b9, cursor: null, size: 50
2026-03-31 01:21:47.738 [http-nio-8080-exec-1] DEBUG [cf87af86] c.s.m.d.controller.MessageController -
        Fetching messages for channel: c1265582-443f-4a1e-9b2f-af9e86b5d3b9, cursor: null, size: 50
2026-03-31 01:21:48.060 [http-nio-8080-exec-6] DEBUG [34f112c8] c.s.m.d.controller.MessageController -
        Fetching messages for channel: c1265582-443f-4a1e-9b2f-af9e86b5d3b9, cursor: null, size: 50
2026-03-31 01:21:48.389 [http-nio-8080-exec-7] DEBUG [62bc6970] c.s.m.d.controller.MessageController -
        Fetching messages for channel: c1265582-443f-4a1e-9b2f-af9e86b5d3b9, cursor: null, size: 50
2026-03-31 01:21:48.548 [http-nio-8080-exec-4] DEBUG [850ac887] c.s.m.d.s.basic.BasicChannelService  -
        Finding all channels for user: 71079135-341e-43e3-b879-dd6818116591
2026-03-31 01:21:48.566 [http-nio-8080-exec-9] DEBUG [6c3ebd76] c.s.m.d.c.ReadStatusController       -
        Fetching read statuses for user: 71079135-341e-43e3-b879-dd6818116591
2026-03-31 01:21:48.566 [http-nio-8080-exec-9] DEBUG [6c3ebd76] c.s.m.d.s.b.BasicReadStatusService   -
        Fetching/Allocating read statuses for user: 71079135-341e-43e3-b879-dd6818116591
2026-03-31 01:21:48.716 [http-nio-8080-exec-8] DEBUG [b0a9c207] c.s.m.d.controller.MessageController -
        Fetching messages for channel: c1265582-443f-4a1e-9b2f-af9e86b5d3b9, cursor: null, size: 50
2026-03-31 01:21:49.036 [http-nio-8080-exec-5] DEBUG [e841774b] c.s.m.d.controller.MessageController -
        Fetching messages for channel: c1265582-443f-4a1e-9b2f-af9e86b5d3b9, cursor: null, size: 50
2026-03-31 01:21:49.351 [http-nio-8080-exec-10] DEBUG [cf0607c0] c.s.m.d.controller.MessageController -
        Fetching messages for channel: c1265582-443f-4a1e-9b2f-af9e86b5d3b9, cursor: null, size: 50
2026-03-31 01:21:49.675 [http-nio-8080-exec-2] DEBUG [266c8e8c] c.s.m.d.controller.MessageController -
        Fetching messages for channel: c1265582-443f-4a1e-9b2f-af9e86b5d3b9, cursor: null, size: 50
2026-03-31 01:21:50.001 [http-nio-8080-exec-3] DEBUG [d17f601a] c.s.m.d.controller.MessageController -
        Fetching messages for channel: c1265582-443f-4a1e-9b2f-af9e86b5d3b9, cursor: null, size: 50
2026-03-31 01:21:50.322 [http-nio-8080-exec-1] DEBUG [e7b9a66d] c.s.m.d.controller.MessageController -
        Fetching messages for channel: c1265582-443f-4a1e-9b2f-af9e86b5d3b9, cursor: null, size: 50
2026-03-31 01:21:50.641 [http-nio-8080-exec-6] DEBUG [d2ac4cbd] c.s.m.d.controller.MessageController -
        Fetching messages for channel: c1265582-443f-4a1e-9b2f-af9e86b5d3b9, cursor: null, size: 50
2026-03-31 01:21:50.967 [http-nio-8080-exec-7] DEBUG [e035a9b2] c.s.m.d.controller.MessageController -
        Fetching messages for channel: c1265582-443f-4a1e-9b2f-af9e86b5d3b9, cursor: null, size: 50
2026-03-31 01:21:51.287 [http-nio-8080-exec-4] DEBUG [c78849e3] c.s.m.d.controller.MessageController -
        Fetching messages for channel: c1265582-443f-4a1e-9b2f-af9e86b5d3b9, cursor: null, size: 50
2026-03-31 01:21:51.553 [http-nio-8080-exec-9] DEBUG [368cf355] c.s.m.d.s.basic.BasicChannelService  -
        Finding all channels for user: 71079135-341e-43e3-b879-dd6818116591
2026-03-31 01:21:51.568 [http-nio-8080-exec-8] DEBUG [6d98f52b] c.s.m.d.c.ReadStatusController       -
        Fetching read statuses for user: 71079135-341e-43e3-b879-dd6818116591
2026-03-31 01:21:51.568 [http-nio-8080-exec-8] DEBUG [6d98f52b] c.s.m.d.s.b.BasicReadStatusService   -
        Fetching/Allocating read statuses for user: 71079135-341e-43e3-b879-dd6818116591
2026-03-31 01:21:51.603 [http-nio-8080-exec-5] DEBUG [0c5a9aa8] c.s.m.d.controller.MessageController -
        Fetching messages for channel: c1265582-443f-4a1e-9b2f-af9e86b5d3b9, cursor: null, size: 50
2026-03-31 01:21:51.931 [http-nio-8080-exec-10] DEBUG [5297d655] c.s.m.d.controller.MessageController -
        Fetching messages for channel: c1265582-443f-4a1e-9b2f-af9e86b5d3b9, cursor: null, size: 50
2026-03-31 01:21:52.251 [http-nio-8080-exec-2] DEBUG [536d9a6e] c.s.m.d.controller.MessageController -
        Fetching messages for channel: c1265582-443f-4a1e-9b2f-af9e86b5d3b9, cursor: null, size: 50
2026-03-31 01:21:52.572 [http-nio-8080-exec-3] DEBUG [536ed3fd] c.s.m.d.controller.MessageController -
        Fetching messages for channel: c1265582-443f-4a1e-9b2f-af9e86b5d3b9, cursor: null, size: 50
2026-03-31 01:21:52.904 [http-nio-8080-exec-1] DEBUG [43895769] c.s.m.d.controller.MessageController -
        Fetching messages for channel: c1265582-443f-4a1e-9b2f-af9e86b5d3b9, cursor: null, size: 50
2026-03-31 01:21:53.218 [http-nio-8080-exec-6] DEBUG [8f66488d] c.s.m.d.controller.MessageController -
        Fetching messages for channel: c1265582-443f-4a1e-9b2f-af9e86b5d3b9, cursor: null, size: 50
2026-03-31 01:21:53.544 [http-nio-8080-exec-4] DEBUG [2157de0b] c.s.m.d.controller.MessageController -
        Fetching messages for channel: c1265582-443f-4a1e-9b2f-af9e86b5d3b9, cursor: null, size: 50
2026-03-31 01:21:53.875 [http-nio-8080-exec-9] DEBUG [0e137038] c.s.m.d.controller.MessageController -
        Fetching messages for channel: c1265582-443f-4a1e-9b2f-af9e86b5d3b9, cursor: null, size: 50
2026-03-31 01:21:54.130 [http-nio-8080-exec-8] INFO  [2b91b507] c.s.m.d.controller.MessageController -
        Sending message to channel: c1265582-443f-4a1e-9b2f-af9e86b5d3b9 by author: 71079135-341e-43e3-b879-dd6818116591
2026-03-31 01:21:54.132 [http-nio-8080-exec-8] DEBUG [2b91b507] c.s.m.d.controller.MessageController -
        Processing attachment: 스크린샷 2025-09-10 141938.png
2026-03-31 01:21:54.164 [http-nio-8080-exec-8] INFO  [2b91b507] c.s.m.d.s.b.BasicBinaryContentService -
        Creating binary content: 스크린샷 2025-09-10 141938.png
2026-03-31 01:21:54.174 [http-nio-8080-exec-8] INFO  [2b91b507] c.s.m.d.s.b.BasicBinaryContentService -
        Binary content created with id: 34e64a1f-d521-4589-a60c-ef8c2ba9c7a3
2026-03-31 01:21:54.190 [http-nio-8080-exec-5] DEBUG [beecc379] c.s.m.d.controller.MessageController -
        Fetching messages for channel: c1265582-443f-4a1e-9b2f-af9e86b5d3b9, cursor: null, size: 50
2026-03-31 01:21:54.221 [http-nio-8080-exec-10] INFO  [fe5e7f17] c.s.m.d.c.ReadStatusController       -
        Updating read status: 011d4cb1-8dbb-4a02-8918-6721312f7707 with time: 2026-03-30T16:21:54.217Z
2026-03-31 01:21:54.221 [http-nio-8080-exec-10] INFO  [fe5e7f17] c.s.m.d.s.b.BasicReadStatusService   -
        Updating lastReadAt for readStatus: 011d4cb1-8dbb-4a02-8918-6721312f7707
2026-03-31 01:21:54.250 [http-nio-8080-exec-2] DEBUG [0e8c7d54] c.s.m.d.c.BinaryContentController    -
        Fetching metadata for binary content: 34e64a1f-d521-4589-a60c-ef8c2ba9c7a3
2026-03-31 01:21:54.268 [http-nio-8080-exec-3] INFO  [0f4badc1] c.s.m.d.c.BinaryContentController    -
        File download request for binary content id: 34e64a1f-d521-4589-a60c-ef8c2ba9c7a3
2026-03-31 01:21:54.268 [http-nio-8080-exec-3] INFO  [0f4badc1] c.s.m.d.s.b.BasicBinaryContentService -
        Downloading file resource: 34e64a1f-d521-4589-a60c-ef8c2ba9c7a3
2026-03-31 01:21:54.281 [http-nio-8080-exec-3] WARN  [0f4badc1] o.a.coyote.http11.Http11Processor    -
        The HTTP response header [Content-Disposition] with value [attachment; filename="스크린샷 2025-09-10 141938.png"] has been removed from the response because it is invalid
java.lang.IllegalArgumentException: The Unicode character [스] at code point [49,828] cannot be encoded as it is outside the permitted range of 0 to 255
	at org.apache.tomcat.util.buf.MessageBytes.toBytesSimple(MessageBytes.java:310)
	at org.apache.tomcat.util.buf.MessageBytes.toBytes(MessageBytes.java:283)
	at org.apache.coyote.http11.Http11OutputBuffer.write(Http11OutputBuffer.java:400)
	at org.apache.coyote.http11.Http11OutputBuffer.sendHeader(Http11OutputBuffer.java:379)
	at org.apache.coyote.http11.Http11Processor.writeHeaders(Http11Processor.java:1070)
	at org.apache.coyote.http11.Http11Processor.prepareResponse(Http11Processor.java:1057)
	at org.apache.coyote.AbstractProcessor.action(AbstractProcessor.java:377)
	at org.apache.coyote.Response.action(Response.java:208)
	at org.apache.coyote.http11.Http11OutputBuffer.doWrite(Http11OutputBuffer.java:187)
	at org.apache.coyote.Response.doWrite(Response.java:633)
	at org.apache.catalina.connector.OutputBuffer.realWriteBytes(OutputBuffer.java:329)
	at org.apache.catalina.connector.OutputBuffer.flushByteBuffer(OutputBuffer.java:776)
	at org.apache.catalina.connector.OutputBuffer.append(OutputBuffer.java:673)
	at org.apache.catalina.connector.OutputBuffer.writeBytes(OutputBuffer.java:376)
	at org.apache.catalina.connector.OutputBuffer.write(OutputBuffer.java:354)
	at org.apache.catalina.connector.CoyoteOutputStream.write(CoyoteOutputStream.java:103)
	at org.springframework.security.web.util.OnCommittedResponseWrapper$SaveContextServletOutputStream.write(OnCommittedResponseWrapper.java:639)
	at org.springframework.web.context.request.async.StandardServletAsyncWebRequest$LifecycleServletOutputStream.write(StandardServletAsyncWebRequest.java:401)
	at java.base/java.io.InputStream.transferTo(InputStream.java:783)
	at org.springframework.http.converter.ResourceHttpMessageConverter.writeContent(ResourceHttpMessageConverter.java:160)
	at org.springframework.http.converter.ResourceHttpMessageConverter.writeInternal(ResourceHttpMessageConverter.java:115)
	at org.springframework.http.converter.ResourceHttpMessageConverter.writeInternal(ResourceHttpMessageConverter.java:46)
	at org.springframework.http.converter.AbstractHttpMessageConverter.write(AbstractHttpMessageConverter.java:235)
	at org.springframework.web.servlet.mvc.method.annotation.AbstractMessageConverterMethodProcessor.writeWithMessageConverters(AbstractMessageConverterMethodProcessor.java:344)
	at org.springframework.web.servlet.mvc.method.annotation.HttpEntityMethodProcessor.handleReturnValue(HttpEntityMethodProcessor.java:261)
	at org.springframework.web.method.support.HandlerMethodReturnValueHandlerComposite.handleReturnValue(HandlerMethodReturnValueHandlerComposite.java:78)
	at org.springframework.web.servlet.mvc.method.annotation.ServletInvocableHandlerMethod.invokeAndHandle(ServletInvocableHandlerMethod.java:136)
	at org.springframework.web.servlet.mvc.method.annotation.RequestMappingHandlerAdapter.invokeHandlerMethod(RequestMappingHandlerAdapter.java:986)
	at org.springframework.web.servlet.mvc.method.annotation.RequestMappingHandlerAdapter.handleInternal(RequestMappingHandlerAdapter.java:891)
	at org.springframework.web.servlet.mvc.method.AbstractHandlerMethodAdapter.handle(AbstractHandlerMethodAdapter.java:87)
	at org.springframework.web.servlet.DispatcherServlet.doDispatch(DispatcherServlet.java:1088)
	at org.springframework.web.servlet.DispatcherServlet.doService(DispatcherServlet.java:978)
	at org.springframework.web.servlet.FrameworkServlet.processRequest(FrameworkServlet.java:1014)
	at org.springframework.web.servlet.FrameworkServlet.doGet(FrameworkServlet.java:903)
	at jakarta.servlet.http.HttpServlet.service(HttpServlet.java:564)
	at org.springframework.web.servlet.FrameworkServlet.service(FrameworkServlet.java:885)
	at jakarta.servlet.http.HttpServlet.service(HttpServlet.java:658)
	at org.apache.catalina.core.ApplicationFilterChain.internalDoFilter(ApplicationFilterChain.java:195)
	at org.apache.catalina.core.ApplicationFilterChain.doFilter(ApplicationFilterChain.java:140)
	at org.apache.tomcat.websocket.server.WsFilter.doFilter(WsFilter.java:51)
	at org.apache.catalina.core.ApplicationFilterChain.internalDoFilter(ApplicationFilterChain.java:164)
	at org.apache.catalina.core.ApplicationFilterChain.doFilter(ApplicationFilterChain.java:140)
	at org.springframework.web.filter.CompositeFilter$VirtualFilterChain.doFilter(CompositeFilter.java:108)
	at org.springframework.security.web.FilterChainProxy.lambda$doFilterInternal$3(FilterChainProxy.java:231)
	at org.springframework.security.web.ObservationFilterChainDecorator$FilterObservation$SimpleFilterObservation.lambda$wrap$1(ObservationFilterChainDecorator.java:479)
	at org.springframework.security.web.ObservationFilterChainDecorator$AroundFilterObservation$SimpleAroundFilterObservation.lambda$wrap$1(ObservationFilterChainDecorator.java:340)
	at org.springframework.security.web.ObservationFilterChainDecorator.lambda$wrapSecured$0(ObservationFilterChainDecorator.java:82)
	at org.springframework.security.web.ObservationFilterChainDecorator$VirtualFilterChain.doFilter(ObservationFilterChainDecorator.java:128)
	at org.springframework.security.web.access.intercept.AuthorizationFilter.doFilter(AuthorizationFilter.java:101)
	at org.springframework.security.web.ObservationFilterChainDecorator$ObservationFilter.wrapFilter(ObservationFilterChainDecorator.java:240)
	at org.springframework.security.web.ObservationFilterChainDecorator$ObservationFilter.doFilter(ObservationFilterChainDecorator.java:227)
	at org.springframework.security.web.ObservationFilterChainDecorator$VirtualFilterChain.doFilter(ObservationFilterChainDecorator.java:137)
	at org.springframework.security.web.access.ExceptionTranslationFilter.doFilter(ExceptionTranslationFilter.java:126)
	at org.springframework.security.web.access.ExceptionTranslationFilter.doFilter(ExceptionTranslationFilter.java:120)
	at org.springframework.security.web.ObservationFilterChainDecorator$ObservationFilter.wrapFilter(ObservationFilterChainDecorator.java:240)
	at org.springframework.security.web.ObservationFilterChainDecorator$ObservationFilter.doFilter(ObservationFilterChainDecorator.java:227)
	at org.springframework.security.web.ObservationFilterChainDecorator$VirtualFilterChain.doFilter(ObservationFilterChainDecorator.java:137)
	at org.springframework.security.web.authentication.AnonymousAuthenticationFilter.doFilter(AnonymousAuthenticationFilter.java:100)
	at org.springframework.security.web.ObservationFilterChainDecorator$ObservationFilter.wrapFilter(ObservationFilterChainDecorator.java:240)
	at org.springframework.security.web.ObservationFilterChainDecorator$ObservationFilter.doFilter(ObservationFilterChainDecorator.java:227)
	at org.springframework.security.web.ObservationFilterChainDecorator$VirtualFilterChain.doFilter(ObservationFilterChainDecorator.java:137)
	at org.springframework.security.web.servletapi.SecurityContextHolderAwareRequestFilter.doFilter(SecurityContextHolderAwareRequestFilter.java:179)
	at org.springframework.security.web.ObservationFilterChainDecorator$ObservationFilter.wrapFilter(ObservationFilterChainDecorator.java:240)
	at org.springframework.security.web.ObservationFilterChainDecorator$ObservationFilter.doFilter(ObservationFilterChainDecorator.java:227)
	at org.springframework.security.web.ObservationFilterChainDecorator$VirtualFilterChain.doFilter(ObservationFilterChainDecorator.java:137)
	at org.springframework.security.web.savedrequest.RequestCacheAwareFilter.doFilter(RequestCacheAwareFilter.java:63)
	at org.springframework.security.web.ObservationFilterChainDecorator$ObservationFilter.wrapFilter(ObservationFilterChainDecorator.java:240)
	at org.springframework.security.web.ObservationFilterChainDecorator$ObservationFilter.doFilter(ObservationFilterChainDecorator.java:227)
	at org.springframework.security.web.ObservationFilterChainDecorator$VirtualFilterChain.doFilter(ObservationFilterChainDecorator.java:137)
	at org.springframework.security.web.authentication.logout.LogoutFilter.doFilter(LogoutFilter.java:107)
	at org.springframework.security.web.authentication.logout.LogoutFilter.doFilter(LogoutFilter.java:93)
	at org.springframework.security.web.ObservationFilterChainDecorator$ObservationFilter.wrapFilter(ObservationFilterChainDecorator.java:240)
	at org.springframework.security.web.ObservationFilterChainDecorator$ObservationFilter.doFilter(ObservationFilterChainDecorator.java:227)
	at org.springframework.security.web.ObservationFilterChainDecorator$VirtualFilterChain.doFilter(ObservationFilterChainDecorator.java:137)
	at org.springframework.security.web.header.HeaderWriterFilter.doHeadersAfter(HeaderWriterFilter.java:90)
	at org.springframework.security.web.header.HeaderWriterFilter.doFilterInternal(HeaderWriterFilter.java:75)
	at org.springframework.web.filter.OncePerRequestFilter.doFilter(OncePerRequestFilter.java:116)
	at org.springframework.security.web.ObservationFilterChainDecorator$ObservationFilter.wrapFilter(ObservationFilterChainDecorator.java:240)
	at org.springframework.security.web.ObservationFilterChainDecorator$ObservationFilter.doFilter(ObservationFilterChainDecorator.java:227)
	at org.springframework.security.web.ObservationFilterChainDecorator$VirtualFilterChain.doFilter(ObservationFilterChainDecorator.java:137)
	at org.springframework.security.web.context.SecurityContextHolderFilter.doFilter(SecurityContextHolderFilter.java:82)
	at org.springframework.security.web.context.SecurityContextHolderFilter.doFilter(SecurityContextHolderFilter.java:69)
	at org.springframework.security.web.ObservationFilterChainDecorator$ObservationFilter.wrapFilter(ObservationFilterChainDecorator.java:240)
	at org.springframework.security.web.ObservationFilterChainDecorator$ObservationFilter.doFilter(ObservationFilterChainDecorator.java:227)
	at org.springframework.security.web.ObservationFilterChainDecorator$VirtualFilterChain.doFilter(ObservationFilterChainDecorator.java:137)
	at org.springframework.security.web.context.request.async.WebAsyncManagerIntegrationFilter.doFilterInternal(WebAsyncManagerIntegrationFilter.java:62)
	at org.springframework.web.filter.OncePerRequestFilter.doFilter(OncePerRequestFilter.java:116)
	at org.springframework.security.web.ObservationFilterChainDecorator$ObservationFilter.wrapFilter(ObservationFilterChainDecorator.java:240)
	at org.springframework.security.web.ObservationFilterChainDecorator$ObservationFilter.doFilter(ObservationFilterChainDecorator.java:227)
	at org.springframework.security.web.ObservationFilterChainDecorator$VirtualFilterChain.doFilter(ObservationFilterChainDecorator.java:137)
	at org.springframework.security.web.session.DisableEncodeUrlFilter.doFilterInternal(DisableEncodeUrlFilter.java:42)
	at org.springframework.web.filter.OncePerRequestFilter.doFilter(OncePerRequestFilter.java:116)
	at org.springframework.security.web.ObservationFilterChainDecorator$ObservationFilter.wrapFilter(ObservationFilterChainDecorator.java:240)
	at org.springframework.security.web.ObservationFilterChainDecorator$AroundFilterObservation$SimpleAroundFilterObservation.lambda$wrap$0(ObservationFilterChainDecorator.java:323)
	at org.springframework.security.web.ObservationFilterChainDecorator$ObservationFilter.doFilter(ObservationFilterChainDecorator.java:224)
	at org.springframework.security.web.ObservationFilterChainDecorator$VirtualFilterChain.doFilter(ObservationFilterChainDecorator.java:137)
	at org.springframework.security.web.FilterChainProxy.doFilterInternal(FilterChainProxy.java:233)
	at org.springframework.security.web.FilterChainProxy.doFilter(FilterChainProxy.java:191)
	at org.springframework.web.filter.CompositeFilter$VirtualFilterChain.doFilter(CompositeFilter.java:113)
	at org.springframework.web.servlet.handler.HandlerMappingIntrospector.lambda$createCacheFilter$3(HandlerMappingIntrospector.java:243)
	at org.springframework.web.filter.CompositeFilter$VirtualFilterChain.doFilter(CompositeFilter.java:113)
	at org.springframework.web.filter.CompositeFilter.doFilter(CompositeFilter.java:74)
	at org.springframework.security.config.annotation.web.configuration.WebMvcSecurityConfiguration$CompositeFilterChainProxy.doFilter(WebMvcSecurityConfiguration.java:238)
	at org.springframework.web.filter.DelegatingFilterProxy.invokeDelegate(DelegatingFilterProxy.java:362)
	at org.springframework.web.filter.DelegatingFilterProxy.doFilter(DelegatingFilterProxy.java:278)
	at org.apache.catalina.core.ApplicationFilterChain.internalDoFilter(ApplicationFilterChain.java:164)
	at org.apache.catalina.core.ApplicationFilterChain.doFilter(ApplicationFilterChain.java:140)
	at org.springframework.web.filter.RequestContextFilter.doFilterInternal(RequestContextFilter.java:100)
	at org.springframework.web.filter.OncePerRequestFilter.doFilter(OncePerRequestFilter.java:116)
	at org.apache.catalina.core.ApplicationFilterChain.internalDoFilter(ApplicationFilterChain.java:164)
	at org.apache.catalina.core.ApplicationFilterChain.doFilter(ApplicationFilterChain.java:140)
	at org.springframework.web.filter.FormContentFilter.doFilterInternal(FormContentFilter.java:93)
	at org.springframework.web.filter.OncePerRequestFilter.doFilter(OncePerRequestFilter.java:116)
	at org.apache.catalina.core.ApplicationFilterChain.internalDoFilter(ApplicationFilterChain.java:164)
	at org.apache.catalina.core.ApplicationFilterChain.doFilter(ApplicationFilterChain.java:140)
	at org.springframework.web.filter.ServerHttpObservationFilter.doFilterInternal(ServerHttpObservationFilter.java:114)
	at org.springframework.web.filter.OncePerRequestFilter.doFilter(OncePerRequestFilter.java:116)
	at org.apache.catalina.core.ApplicationFilterChain.internalDoFilter(ApplicationFilterChain.java:164)
	at org.apache.catalina.core.ApplicationFilterChain.doFilter(ApplicationFilterChain.java:140)
	at org.springframework.web.filter.CharacterEncodingFilter.doFilterInternal(CharacterEncodingFilter.java:201)
	at org.springframework.web.filter.OncePerRequestFilter.doFilter(OncePerRequestFilter.java:116)
	at org.apache.catalina.core.ApplicationFilterChain.internalDoFilter(ApplicationFilterChain.java:164)
	at org.apache.catalina.core.ApplicationFilterChain.doFilter(ApplicationFilterChain.java:140)
	at org.apache.catalina.core.StandardWrapperValve.invoke(StandardWrapperValve.java:167)
	at org.apache.catalina.core.StandardContextValve.invoke(StandardContextValve.java:90)
	at org.apache.catalina.authenticator.AuthenticatorBase.invoke(AuthenticatorBase.java:483)
	at org.apache.catalina.core.StandardHostValve.invoke(StandardHostValve.java:115)
	at org.apache.catalina.valves.ErrorReportValve.invoke(ErrorReportValve.java:93)
	at org.apache.catalina.core.StandardEngineValve.invoke(StandardEngineValve.java:74)
	at org.apache.catalina.connector.CoyoteAdapter.service(CoyoteAdapter.java:344)
	at org.apache.coyote.http11.Http11Processor.service(Http11Processor.java:397)
	at org.apache.coyote.AbstractProcessorLight.process(AbstractProcessorLight.java:63)
	at org.apache.coyote.AbstractProtocol$ConnectionHandler.process(AbstractProtocol.java:905)
	at org.apache.tomcat.util.net.NioEndpoint$SocketProcessor.doRun(NioEndpoint.java:1741)
	at org.apache.tomcat.util.net.SocketProcessorBase.run(SocketProcessorBase.java:52)
	at org.apache.tomcat.util.threads.ThreadPoolExecutor.runWorker(ThreadPoolExecutor.java:1190)
	at org.apache.tomcat.util.threads.ThreadPoolExecutor$Worker.run(ThreadPoolExecutor.java:659)
	at org.apache.tomcat.util.threads.TaskThread$WrappingRunnable.run(TaskThread.java:63)
	at java.base/java.lang.Thread.run(Thread.java:840)
2026-03-31 01:21:54.473 [http-nio-8080-exec-1] DEBUG [6d797722] c.s.m.d.controller.UserController    -
        Updating status for user: 71079135-341e-43e3-b879-dd6818116591, last active: 2026-03-30T16:21:54.469Z
2026-03-31 01:21:54.477 [http-nio-8080-exec-1] INFO  [6d797722] c.s.m.d.s.b.BasicUserStatusService   -
        Updating status for user: 71079135-341e-43e3-b879-dd6818116591
2026-03-31 01:21:54.516 [http-nio-8080-exec-7] DEBUG [4fa8a30d] c.s.m.d.controller.MessageController -
        Fetching messages for channel: c1265582-443f-4a1e-9b2f-af9e86b5d3b9, cursor: null, size: 50
2026-03-31 01:21:54.554 [http-nio-8080-exec-6] DEBUG [6213d894] c.s.m.d.s.basic.BasicChannelService  -
        Finding all channels for user: 71079135-341e-43e3-b879-dd6818116591
2026-03-31 01:21:54.576 [http-nio-8080-exec-4] DEBUG [36ef5ae9] c.s.m.d.c.ReadStatusController       -
        Fetching read statuses for user: 71079135-341e-43e3-b879-dd6818116591
2026-03-31 01:21:54.577 [http-nio-8080-exec-4] DEBUG [36ef5ae9] c.s.m.d.s.b.BasicReadStatusService   -
        Fetching/Allocating read statuses for user: 71079135-341e-43e3-b879-dd6818116591
2026-03-31 01:21:55.001 [http-nio-8080-exec-9] DEBUG [575c822a] c.s.m.d.controller.MessageController -
        Fetching messages for channel: c1265582-443f-4a1e-9b2f-af9e86b5d3b9, cursor: null, size: 50
2026-03-31 01:21:55.693 [http-nio-8080-exec-5] DEBUG [7c78bbdc] c.s.m.d.controller.MessageController -
        Fetching messages for channel: c1265582-443f-4a1e-9b2f-af9e86b5d3b9, cursor: null, size: 50
2026-03-31 01:21:56.734 [http-nio-8080-exec-8] DEBUG [c7dd2c22] c.s.m.d.controller.MessageController -
        Fetching messages for channel: c1265582-443f-4a1e-9b2f-af9e86b5d3b9, cursor: null, size: 50
2026-03-31 01:21:57.552 [http-nio-8080-exec-10] DEBUG [24eee536] c.s.m.d.s.basic.BasicChannelService  -
        Finding all channels for user: 71079135-341e-43e3-b879-dd6818116591
2026-03-31 01:21:57.569 [http-nio-8080-exec-2] DEBUG [9723f15f] c.s.m.d.c.ReadStatusController       -
        Fetching read statuses for user: 71079135-341e-43e3-b879-dd6818116591
2026-03-31 01:21:57.569 [http-nio-8080-exec-2] DEBUG [9723f15f] c.s.m.d.s.b.BasicReadStatusService   -
        Fetching/Allocating read statuses for user: 71079135-341e-43e3-b879-dd6818116591
2026-03-31 01:21:58.274 [http-nio-8080-exec-3] DEBUG [f16807dc] c.s.m.d.controller.MessageController -
        Fetching messages for channel: c1265582-443f-4a1e-9b2f-af9e86b5d3b9, cursor: null, size: 50
2026-03-31 01:22:00.552 [http-nio-8080-exec-1] DEBUG [73065e10] c.s.m.d.s.basic.BasicChannelService  -
        Finding all channels for user: 71079135-341e-43e3-b879-dd6818116591
2026-03-31 01:22:00.571 [http-nio-8080-exec-7] DEBUG [904f4e0d] c.s.m.d.controller.MessageController -
        Fetching messages for channel: c1265582-443f-4a1e-9b2f-af9e86b5d3b9, cursor: null, size: 50
2026-03-31 01:22:00.573 [http-nio-8080-exec-6] DEBUG [dfe06ee7] c.s.m.d.c.ReadStatusController       -
        Fetching read statuses for user: 71079135-341e-43e3-b879-dd6818116591
2026-03-31 01:22:00.573 [http-nio-8080-exec-6] DEBUG [dfe06ee7] c.s.m.d.s.b.BasicReadStatusService   -
        Fetching/Allocating read statuses for user: 71079135-341e-43e3-b879-dd6818116591
2026-03-31 01:22:03.561 [http-nio-8080-exec-4] DEBUG [e85323cd] c.s.m.d.s.basic.BasicChannelService  -
        Finding all channels for user: 71079135-341e-43e3-b879-dd6818116591
2026-03-31 01:22:03.580 [http-nio-8080-exec-9] DEBUG [3b27f382] c.s.m.d.c.ReadStatusController       -
        Fetching read statuses for user: 71079135-341e-43e3-b879-dd6818116591
2026-03-31 01:22:03.583 [http-nio-8080-exec-9] DEBUG [3b27f382] c.s.m.d.s.b.BasicReadStatusService   -
        Fetching/Allocating read statuses for user: 71079135-341e-43e3-b879-dd6818116591
2026-03-31 01:22:03.596 [http-nio-8080-exec-5] DEBUG [a6eb0ad9] c.s.m.d.controller.MessageController -
        Fetching messages for channel: c1265582-443f-4a1e-9b2f-af9e86b5d3b9, cursor: null, size: 50
2026-03-31 01:22:04.574 [http-nio-8080-exec-8] DEBUG [66b3263c] c.s.m.d.controller.UserController    -
        Updating status for user: 71079135-341e-43e3-b879-dd6818116591, last active: 2026-03-30T16:22:04.569Z
2026-03-31 01:22:04.575 [http-nio-8080-exec-8] INFO  [66b3263c] c.s.m.d.s.b.BasicUserStatusService   -
        Updating status for user: 71079135-341e-43e3-b879-dd6818116591
2026-03-31 01:22:20.228 [http-nio-8080-exec-10] INFO  [f9dbc4a7] c.s.m.d.controller.UserController    -
        Registering new user with email: User3@gmail.com
2026-03-31 01:22:20.228 [http-nio-8080-exec-10] INFO  [f9dbc4a7] c.s.m.d.s.basic.BasicUserService     -
        Creating new user: email=User3@gmail.com
2026-03-31 01:22:20.554 [http-nio-8080-exec-10] INFO  [f9dbc4a7] c.s.m.d.s.b.BasicUserStatusService   -
        Creating initial status for user: 3013c4f6-fd36-40e2-bd5f-ac632103d9c9
2026-03-31 01:22:20.554 [http-nio-8080-exec-10] INFO  [f9dbc4a7] c.s.m.d.s.b.BasicUserStatusService   -
        UserStatus created successfully for user: 3013c4f6-fd36-40e2-bd5f-ac632103d9c9
2026-03-31 01:22:20.554 [http-nio-8080-exec-10] INFO  [f9dbc4a7] c.s.m.d.s.basic.BasicUserService     -
        User created successfully: id=3013c4f6-fd36-40e2-bd5f-ac632103d9c9
2026-03-31 01:22:20.554 [http-nio-8080-exec-10] DEBUG [f9dbc4a7] c.s.m.d.s.b.BasicUserStatusService   -
        Checking online status for user: 3013c4f6-fd36-40e2-bd5f-ac632103d9c9
2026-03-31 01:22:20.574 [http-nio-8080-exec-10] INFO  [f9dbc4a7] c.s.m.d.controller.UserController    -
        User registered successfully. ID: 3013c4f6-fd36-40e2-bd5f-ac632103d9c9
2026-03-31 01:22:20.597 [http-nio-8080-exec-3] DEBUG [dba89471] c.s.m.d.controller.UserController    -
        Updating status for user: 3013c4f6-fd36-40e2-bd5f-ac632103d9c9, last active: 2026-03-30T16:22:20.593Z
2026-03-31 01:22:20.597 [http-nio-8080-exec-3] INFO  [dba89471] c.s.m.d.s.b.BasicUserStatusService   -
        Updating status for user: 3013c4f6-fd36-40e2-bd5f-ac632103d9c9
2026-03-31 01:22:20.597 [http-nio-8080-exec-2] DEBUG [97eba076] c.s.m.d.controller.UserController    -
        Updating status for user: 3013c4f6-fd36-40e2-bd5f-ac632103d9c9, last active: 2026-03-30T16:22:20.592Z
2026-03-31 01:22:20.597 [http-nio-8080-exec-2] INFO  [97eba076] c.s.m.d.s.b.BasicUserStatusService   -
        Updating status for user: 3013c4f6-fd36-40e2-bd5f-ac632103d9c9
2026-03-31 01:22:20.607 [http-nio-8080-exec-1] DEBUG [e4900252] c.s.m.d.controller.UserController    -
        Fetching all users list
2026-03-31 01:22:20.607 [http-nio-8080-exec-1] DEBUG [e4900252] c.s.m.d.s.basic.BasicUserService     -
        Listing all users
2026-03-31 01:22:20.615 [http-nio-8080-exec-1] DEBUG [e4900252] c.s.m.d.s.b.BasicUserStatusService   -
        Checking online status for user: 3013c4f6-fd36-40e2-bd5f-ac632103d9c9
2026-03-31 01:22:20.618 [http-nio-8080-exec-1] DEBUG [e4900252] c.s.m.d.s.b.BasicUserStatusService   -
        Checking online status for user: 547eb4ad-6723-4f05-9fa8-ba75b7d31e4a
2026-03-31 01:22:20.618 [http-nio-8080-exec-1] DEBUG [e4900252] c.s.m.d.s.b.BasicUserStatusService   -
        Checking online status for user: 71079135-341e-43e3-b879-dd6818116591
2026-03-31 01:22:20.634 [http-nio-8080-exec-7] INFO  [60a10210] c.s.m.d.c.BinaryContentController    -
        File download request for binary content id: 34e64a1f-d521-4589-a60c-ef8c2ba9c7a3
2026-03-31 01:22:20.635 [http-nio-8080-exec-6] DEBUG [1875fc1c] c.s.m.d.s.basic.BasicChannelService  -
        Finding all channels for user: 3013c4f6-fd36-40e2-bd5f-ac632103d9c9
2026-03-31 01:22:20.636 [http-nio-8080-exec-4] DEBUG [412b8335] c.s.m.d.c.ReadStatusController       -
        Fetching read statuses for user: 3013c4f6-fd36-40e2-bd5f-ac632103d9c9
2026-03-31 01:22:20.636 [http-nio-8080-exec-4] DEBUG [412b8335] c.s.m.d.s.b.BasicReadStatusService   -
        Fetching/Allocating read statuses for user: 3013c4f6-fd36-40e2-bd5f-ac632103d9c9
2026-03-31 01:22:20.638 [http-nio-8080-exec-9] DEBUG [431d9402] c.s.m.d.controller.MessageController -
        Fetching messages for channel: c1265582-443f-4a1e-9b2f-af9e86b5d3b9, cursor: null, size: 50
2026-03-31 01:22:20.638 [http-nio-8080-exec-5] DEBUG [3475a54a] c.s.m.d.controller.UserController    -
        Fetching all users list
2026-03-31 01:22:20.638 [http-nio-8080-exec-7] INFO  [60a10210] c.s.m.d.s.b.BasicBinaryContentService -
        Downloading file resource: 34e64a1f-d521-4589-a60c-ef8c2ba9c7a3
2026-03-31 01:22:20.638 [http-nio-8080-exec-5] DEBUG [3475a54a] c.s.m.d.s.basic.BasicUserService     -
        Listing all users
2026-03-31 01:22:20.642 [http-nio-8080-exec-5] DEBUG [3475a54a] c.s.m.d.s.b.BasicUserStatusService   -
        Checking online status for user: 3013c4f6-fd36-40e2-bd5f-ac632103d9c9
2026-03-31 01:22:20.646 [http-nio-8080-exec-5] DEBUG [3475a54a] c.s.m.d.s.b.BasicUserStatusService   -
        Checking online status for user: 547eb4ad-6723-4f05-9fa8-ba75b7d31e4a
2026-03-31 01:22:20.642 [http-nio-8080-exec-7] WARN  [60a10210] o.a.coyote.http11.Http11Processor    -
        The HTTP response header [Content-Disposition] with value [attachment; filename="스크린샷 2025-09-10 141938.png"] has been removed from the response because it is invalid
java.lang.IllegalArgumentException: The Unicode character [스] at code point [49,828] cannot be encoded as it is outside the permitted range of 0 to 255
	at org.apache.tomcat.util.buf.MessageBytes.toBytesSimple(MessageBytes.java:310)
	at org.apache.tomcat.util.buf.MessageBytes.toBytes(MessageBytes.java:283)
	at org.apache.coyote.http11.Http11OutputBuffer.write(Http11OutputBuffer.java:400)
	at org.apache.coyote.http11.Http11OutputBuffer.sendHeader(Http11OutputBuffer.java:379)
	at org.apache.coyote.http11.Http11Processor.writeHeaders(Http11Processor.java:1070)
	at org.apache.coyote.http11.Http11Processor.prepareResponse(Http11Processor.java:1057)
	at org.apache.coyote.AbstractProcessor.action(AbstractProcessor.java:377)
	at org.apache.coyote.Response.action(Response.java:208)
	at org.apache.coyote.http11.Http11OutputBuffer.doWrite(Http11OutputBuffer.java:187)
	at org.apache.coyote.Response.doWrite(Response.java:633)
	at org.apache.catalina.connector.OutputBuffer.realWriteBytes(OutputBuffer.java:329)
	at org.apache.catalina.connector.OutputBuffer.flushByteBuffer(OutputBuffer.java:776)
	at org.apache.catalina.connector.OutputBuffer.append(OutputBuffer.java:673)
	at org.apache.catalina.connector.OutputBuffer.writeBytes(OutputBuffer.java:376)
	at org.apache.catalina.connector.OutputBuffer.write(OutputBuffer.java:354)
	at org.apache.catalina.connector.CoyoteOutputStream.write(CoyoteOutputStream.java:103)
	at org.springframework.security.web.util.OnCommittedResponseWrapper$SaveContextServletOutputStream.write(OnCommittedResponseWrapper.java:639)
	at org.springframework.web.context.request.async.StandardServletAsyncWebRequest$LifecycleServletOutputStream.write(StandardServletAsyncWebRequest.java:401)
	at java.base/java.io.InputStream.transferTo(InputStream.java:783)
	at org.springframework.http.converter.ResourceHttpMessageConverter.writeContent(ResourceHttpMessageConverter.java:160)
	at org.springframework.http.converter.ResourceHttpMessageConverter.writeInternal(ResourceHttpMessageConverter.java:115)
	at org.springframework.http.converter.ResourceHttpMessageConverter.writeInternal(ResourceHttpMessageConverter.java:46)
	at org.springframework.http.converter.AbstractHttpMessageConverter.write(AbstractHttpMessageConverter.java:235)
	at org.springframework.web.servlet.mvc.method.annotation.AbstractMessageConverterMethodProcessor.writeWithMessageConverters(AbstractMessageConverterMethodProcessor.java:344)
	at org.springframework.web.servlet.mvc.method.annotation.HttpEntityMethodProcessor.handleReturnValue(HttpEntityMethodProcessor.java:261)
	at org.springframework.web.method.support.HandlerMethodReturnValueHandlerComposite.handleReturnValue(HandlerMethodReturnValueHandlerComposite.java:78)
	at org.springframework.web.servlet.mvc.method.annotation.ServletInvocableHandlerMethod.invokeAndHandle(ServletInvocableHandlerMethod.java:136)
	at org.springframework.web.servlet.mvc.method.annotation.RequestMappingHandlerAdapter.invokeHandlerMethod(RequestMappingHandlerAdapter.java:986)
	at org.springframework.web.servlet.mvc.method.annotation.RequestMappingHandlerAdapter.handleInternal(RequestMappingHandlerAdapter.java:891)
	at org.springframework.web.servlet.mvc.method.AbstractHandlerMethodAdapter.handle(AbstractHandlerMethodAdapter.java:87)
	at org.springframework.web.servlet.DispatcherServlet.doDispatch(DispatcherServlet.java:1088)
	at org.springframework.web.servlet.DispatcherServlet.doService(DispatcherServlet.java:978)
	at org.springframework.web.servlet.FrameworkServlet.processRequest(FrameworkServlet.java:1014)
	at org.springframework.web.servlet.FrameworkServlet.doGet(FrameworkServlet.java:903)
	at jakarta.servlet.http.HttpServlet.service(HttpServlet.java:564)
	at org.springframework.web.servlet.FrameworkServlet.service(FrameworkServlet.java:885)
	at jakarta.servlet.http.HttpServlet.service(HttpServlet.java:658)
	at org.apache.catalina.core.ApplicationFilterChain.internalDoFilter(ApplicationFilterChain.java:195)
	at org.apache.catalina.core.ApplicationFilterChain.doFilter(ApplicationFilterChain.java:140)
	at org.apache.tomcat.websocket.server.WsFilter.doFilter(WsFilter.java:51)
	at org.apache.catalina.core.ApplicationFilterChain.internalDoFilter(ApplicationFilterChain.java:164)
	at org.apache.catalina.core.ApplicationFilterChain.doFilter(ApplicationFilterChain.java:140)
	at org.springframework.web.filter.CompositeFilter$VirtualFilterChain.doFilter(CompositeFilter.java:108)
	at org.springframework.security.web.FilterChainProxy.lambda$doFilterInternal$3(FilterChainProxy.java:231)
	at org.springframework.security.web.ObservationFilterChainDecorator$FilterObservation$SimpleFilterObservation.lambda$wrap$1(ObservationFilterChainDecorator.java:479)
	at org.springframework.security.web.ObservationFilterChainDecorator$AroundFilterObservation$SimpleAroundFilterObservation.lambda$wrap$1(ObservationFilterChainDecorator.java:340)
	at org.springframework.security.web.ObservationFilterChainDecorator.lambda$wrapSecured$0(ObservationFilterChainDecorator.java:82)
	at org.springframework.security.web.ObservationFilterChainDecorator$VirtualFilterChain.doFilter(ObservationFilterChainDecorator.java:128)
	at org.springframework.security.web.access.intercept.AuthorizationFilter.doFilter(AuthorizationFilter.java:101)
	at org.springframework.security.web.ObservationFilterChainDecorator$ObservationFilter.wrapFilter(ObservationFilterChainDecorator.java:240)
	at org.springframework.security.web.ObservationFilterChainDecorator$ObservationFilter.doFilter(ObservationFilterChainDecorator.java:227)
	at org.springframework.security.web.ObservationFilterChainDecorator$VirtualFilterChain.doFilter(ObservationFilterChainDecorator.java:137)
	at org.springframework.security.web.access.ExceptionTranslationFilter.doFilter(ExceptionTranslationFilter.java:126)
	at org.springframework.security.web.access.ExceptionTranslationFilter.doFilter(ExceptionTranslationFilter.java:120)
	at org.springframework.security.web.ObservationFilterChainDecorator$ObservationFilter.wrapFilter(ObservationFilterChainDecorator.java:240)
	at org.springframework.security.web.ObservationFilterChainDecorator$ObservationFilter.doFilter(ObservationFilterChainDecorator.java:227)
	at org.springframework.security.web.ObservationFilterChainDecorator$VirtualFilterChain.doFilter(ObservationFilterChainDecorator.java:137)
	at org.springframework.security.web.authentication.AnonymousAuthenticationFilter.doFilter(AnonymousAuthenticationFilter.java:100)
	at org.springframework.security.web.ObservationFilterChainDecorator$ObservationFilter.wrapFilter(ObservationFilterChainDecorator.java:240)
	at org.springframework.security.web.ObservationFilterChainDecorator$ObservationFilter.doFilter(ObservationFilterChainDecorator.java:227)
	at org.springframework.security.web.ObservationFilterChainDecorator$VirtualFilterChain.doFilter(ObservationFilterChainDecorator.java:137)
	at org.springframework.security.web.servletapi.SecurityContextHolderAwareRequestFilter.doFilter(SecurityContextHolderAwareRequestFilter.java:179)
	at org.springframework.security.web.ObservationFilterChainDecorator$ObservationFilter.wrapFilter(ObservationFilterChainDecorator.java:240)
	at org.springframework.security.web.ObservationFilterChainDecorator$ObservationFilter.doFilter(ObservationFilterChainDecorator.java:227)
	at org.springframework.security.web.ObservationFilterChainDecorator$VirtualFilterChain.doFilter(ObservationFilterChainDecorator.java:137)
	at org.springframework.security.web.savedrequest.RequestCacheAwareFilter.doFilter(RequestCacheAwareFilter.java:63)
	at org.springframework.security.web.ObservationFilterChainDecorator$ObservationFilter.wrapFilter(ObservationFilterChainDecorator.java:240)
	at org.springframework.security.web.ObservationFilterChainDecorator$ObservationFilter.doFilter(ObservationFilterChainDecorator.java:227)
	at org.springframework.security.web.ObservationFilterChainDecorator$VirtualFilterChain.doFilter(ObservationFilterChainDecorator.java:137)
	at org.springframework.security.web.authentication.logout.LogoutFilter.doFilter(LogoutFilter.java:107)
	at org.springframework.security.web.authentication.logout.LogoutFilter.doFilter(LogoutFilter.java:93)
	at org.springframework.security.web.ObservationFilterChainDecorator$ObservationFilter.wrapFilter(ObservationFilterChainDecorator.java:240)
	at org.springframework.security.web.ObservationFilterChainDecorator$ObservationFilter.doFilter(ObservationFilterChainDecorator.java:227)
	at org.springframework.security.web.ObservationFilterChainDecorator$VirtualFilterChain.doFilter(ObservationFilterChainDecorator.java:137)
	at org.springframework.security.web.header.HeaderWriterFilter.doHeadersAfter(HeaderWriterFilter.java:90)
	at org.springframework.security.web.header.HeaderWriterFilter.doFilterInternal(HeaderWriterFilter.java:75)
	at org.springframework.web.filter.OncePerRequestFilter.doFilter(OncePerRequestFilter.java:116)
	at org.springframework.security.web.ObservationFilterChainDecorator$ObservationFilter.wrapFilter(ObservationFilterChainDecorator.java:240)
	at org.springframework.security.web.ObservationFilterChainDecorator$ObservationFilter.doFilter(ObservationFilterChainDecorator.java:227)
	at org.springframework.security.web.ObservationFilterChainDecorator$VirtualFilterChain.doFilter(ObservationFilterChainDecorator.java:137)
	at org.springframework.security.web.context.SecurityContextHolderFilter.doFilter(SecurityContextHolderFilter.java:82)
	at org.springframework.security.web.context.SecurityContextHolderFilter.doFilter(SecurityContextHolderFilter.java:69)
	at org.springframework.security.web.ObservationFilterChainDecorator$ObservationFilter.wrapFilter(ObservationFilterChainDecorator.java:240)
	at org.springframework.security.web.ObservationFilterChainDecorator$ObservationFilter.doFilter(ObservationFilterChainDecorator.java:227)
	at org.springframework.security.web.ObservationFilterChainDecorator$VirtualFilterChain.doFilter(ObservationFilterChainDecorator.java:137)
	at org.springframework.security.web.context.request.async.WebAsyncManagerIntegrationFilter.doFilterInternal(WebAsyncManagerIntegrationFilter.java:62)
	at org.springframework.web.filter.OncePerRequestFilter.doFilter(OncePerRequestFilter.java:116)
	at org.springframework.security.web.ObservationFilterChainDecorator$ObservationFilter.wrapFilter(ObservationFilterChainDecorator.java:240)
	at org.springframework.security.web.ObservationFilterChainDecorator$ObservationFilter.doFilter(ObservationFilterChainDecorator.java:227)
	at org.springframework.security.web.ObservationFilterChainDecorator$VirtualFilterChain.doFilter(ObservationFilterChainDecorator.java:137)
	at org.springframework.security.web.session.DisableEncodeUrlFilter.doFilterInternal(DisableEncodeUrlFilter.java:42)
	at org.springframework.web.filter.OncePerRequestFilter.doFilter(OncePerRequestFilter.java:116)
	at org.springframework.security.web.ObservationFilterChainDecorator$ObservationFilter.wrapFilter(ObservationFilterChainDecorator.java:240)
	at org.springframework.security.web.ObservationFilterChainDecorator$AroundFilterObservation$SimpleAroundFilterObservation.lambda$wrap$0(ObservationFilterChainDecorator.java:323)
	at org.springframework.security.web.ObservationFilterChainDecorator$ObservationFilter.doFilter(ObservationFilterChainDecorator.java:224)
	at org.springframework.security.web.ObservationFilterChainDecorator$VirtualFilterChain.doFilter(ObservationFilterChainDecorator.java:137)
	at org.springframework.security.web.FilterChainProxy.doFilterInternal(FilterChainProxy.java:233)
	at org.springframework.security.web.FilterChainProxy.doFilter(FilterChainProxy.java:191)
	at org.springframework.web.filter.CompositeFilter$VirtualFilterChain.doFilter(CompositeFilter.java:113)
	at org.springframework.web.servlet.handler.HandlerMappingIntrospector.lambda$createCacheFilter$3(HandlerMappingIntrospector.java:243)
	at org.springframework.web.filter.CompositeFilter$VirtualFilterChain.doFilter(CompositeFilter.java:113)
	at org.springframework.web.filter.CompositeFilter.doFilter(CompositeFilter.java:74)
	at org.springframework.security.config.annotation.web.configuration.WebMvcSecurityConfiguration$CompositeFilterChainProxy.doFilter(WebMvcSecurityConfiguration.java:238)
	at org.springframework.web.filter.DelegatingFilterProxy.invokeDelegate(DelegatingFilterProxy.java:362)
	at org.springframework.web.filter.DelegatingFilterProxy.doFilter(DelegatingFilterProxy.java:278)
	at org.apache.catalina.core.ApplicationFilterChain.internalDoFilter(ApplicationFilterChain.java:164)
	at org.apache.catalina.core.ApplicationFilterChain.doFilter(ApplicationFilterChain.java:140)
	at org.springframework.web.filter.RequestContextFilter.doFilterInternal(RequestContextFilter.java:100)
	at org.springframework.web.filter.OncePerRequestFilter.doFilter(OncePerRequestFilter.java:116)
	at org.apache.catalina.core.ApplicationFilterChain.internalDoFilter(ApplicationFilterChain.java:164)
	at org.apache.catalina.core.ApplicationFilterChain.doFilter(ApplicationFilterChain.java:140)
	at org.springframework.web.filter.FormContentFilter.doFilterInternal(FormContentFilter.java:93)
	at org.springframework.web.filter.OncePerRequestFilter.doFilter(OncePerRequestFilter.java:116)
	at org.apache.catalina.core.ApplicationFilterChain.internalDoFilter(ApplicationFilterChain.java:164)
	at org.apache.catalina.core.ApplicationFilterChain.doFilter(ApplicationFilterChain.java:140)
	at org.springframework.web.filter.ServerHttpObservationFilter.doFilterInternal(ServerHttpObservationFilter.java:114)
	at org.springframework.web.filter.OncePerRequestFilter.doFilter(OncePerRequestFilter.java:116)
	at org.apache.catalina.core.ApplicationFilterChain.internalDoFilter(ApplicationFilterChain.java:164)
	at org.apache.catalina.core.ApplicationFilterChain.doFilter(ApplicationFilterChain.java:140)
	at org.springframework.web.filter.CharacterEncodingFilter.doFilterInternal(CharacterEncodingFilter.java:201)
	at org.springframework.web.filter.OncePerRequestFilter.doFilter(OncePerRequestFilter.java:116)
	at org.apache.catalina.core.ApplicationFilterChain.internalDoFilter(ApplicationFilterChain.java:164)
	at org.apache.catalina.core.ApplicationFilterChain.doFilter(ApplicationFilterChain.java:140)
	at org.apache.catalina.core.StandardWrapperValve.invoke(StandardWrapperValve.java:167)
	at org.apache.catalina.core.StandardContextValve.invoke(StandardContextValve.java:90)
	at org.apache.catalina.authenticator.AuthenticatorBase.invoke(AuthenticatorBase.java:483)
	at org.apache.catalina.core.StandardHostValve.invoke(StandardHostValve.java:115)
	at org.apache.catalina.valves.ErrorReportValve.invoke(ErrorReportValve.java:93)
	at org.apache.catalina.core.StandardEngineValve.invoke(StandardEngineValve.java:74)
	at org.apache.catalina.connector.CoyoteAdapter.service(CoyoteAdapter.java:344)
	at org.apache.coyote.http11.Http11Processor.service(Http11Processor.java:397)
	at org.apache.coyote.AbstractProcessorLight.process(AbstractProcessorLight.java:63)
	at org.apache.coyote.AbstractProtocol$ConnectionHandler.process(AbstractProtocol.java:905)
	at org.apache.tomcat.util.net.NioEndpoint$SocketProcessor.doRun(NioEndpoint.java:1741)
	at org.apache.tomcat.util.net.SocketProcessorBase.run(SocketProcessorBase.java:52)
	at org.apache.tomcat.util.threads.ThreadPoolExecutor.runWorker(ThreadPoolExecutor.java:1190)
	at org.apache.tomcat.util.threads.ThreadPoolExecutor$Worker.run(ThreadPoolExecutor.java:659)
	at org.apache.tomcat.util.threads.TaskThread$WrappingRunnable.run(TaskThread.java:63)
	at java.base/java.lang.Thread.run(Thread.java:840)
2026-03-31 01:22:20.649 [http-nio-8080-exec-4] DEBUG [412b8335] c.s.m.d.s.b.BasicReadStatusService   -
        Lazy allocating ReadStatus for user: 3013c4f6-fd36-40e2-bd5f-ac632103d9c9 in channel: c1265582-443f-4a1e-9b2f-af9e86b5d3b9
2026-03-31 01:22:20.649 [http-nio-8080-exec-5] DEBUG [3475a54a] c.s.m.d.s.b.BasicUserStatusService   -
        Checking online status for user: 71079135-341e-43e3-b879-dd6818116591
2026-03-31 01:22:20.654 [http-nio-8080-exec-8] DEBUG [85a2f729] c.s.m.d.controller.MessageController -
        Fetching messages for channel: c1265582-443f-4a1e-9b2f-af9e86b5d3b9, cursor: null, size: 50
2026-03-31 01:22:20.664 [http-nio-8080-exec-10] DEBUG [c8cdc8e0] c.s.m.d.s.basic.BasicChannelService  -
        Finding all channels for user: 3013c4f6-fd36-40e2-bd5f-ac632103d9c9
2026-03-31 01:22:20.665 [http-nio-8080-exec-2] DEBUG [d65583dd] c.s.m.d.c.ReadStatusController       -
        Fetching read statuses for user: 3013c4f6-fd36-40e2-bd5f-ac632103d9c9
2026-03-31 01:22:20.668 [http-nio-8080-exec-2] DEBUG [d65583dd] c.s.m.d.s.b.BasicReadStatusService   -
        Fetching/Allocating read statuses for user: 3013c4f6-fd36-40e2-bd5f-ac632103d9c9
2026-03-31 01:22:20.690 [http-nio-8080-exec-3] DEBUG [2ef38f74] c.s.m.d.c.ReadStatusController       -
        Fetching read statuses for user: 3013c4f6-fd36-40e2-bd5f-ac632103d9c9
2026-03-31 01:22:20.690 [http-nio-8080-exec-3] DEBUG [2ef38f74] c.s.m.d.s.b.BasicReadStatusService   -
        Fetching/Allocating read statuses for user: 3013c4f6-fd36-40e2-bd5f-ac632103d9c9
2026-03-31 01:22:20.723 [http-nio-8080-exec-1] DEBUG [79b6c8b3] c.s.m.d.c.ReadStatusController       -
        Fetching read statuses for user: 3013c4f6-fd36-40e2-bd5f-ac632103d9c9
2026-03-31 01:22:20.723 [http-nio-8080-exec-1] DEBUG [79b6c8b3] c.s.m.d.s.b.BasicReadStatusService   -
        Fetching/Allocating read statuses for user: 3013c4f6-fd36-40e2-bd5f-ac632103d9c9
2026-03-31 01:22:21.126 [http-nio-8080-exec-6] DEBUG [1c3b9d69] c.s.m.d.controller.MessageController -
        Fetching messages for channel: c1265582-443f-4a1e-9b2f-af9e86b5d3b9, cursor: null, size: 50
2026-03-31 01:22:21.823 [http-nio-8080-exec-9] DEBUG [6c00e44c] c.s.m.d.controller.MessageController -
        Fetching messages for channel: c1265582-443f-4a1e-9b2f-af9e86b5d3b9, cursor: null, size: 50
2026-03-31 01:22:22.855 [http-nio-8080-exec-7] DEBUG [94b3275c] c.s.m.d.controller.MessageController -
        Fetching messages for channel: c1265582-443f-4a1e-9b2f-af9e86b5d3b9, cursor: null, size: 50
2026-03-31 01:22:23.669 [http-nio-8080-exec-5] DEBUG [24827623] c.s.m.d.s.basic.BasicChannelService  -
        Finding all channels for user: 3013c4f6-fd36-40e2-bd5f-ac632103d9c9
2026-03-31 01:22:23.690 [http-nio-8080-exec-8] DEBUG [5f1d202a] c.s.m.d.c.ReadStatusController       -
        Fetching read statuses for user: 3013c4f6-fd36-40e2-bd5f-ac632103d9c9
2026-03-31 01:22:23.692 [http-nio-8080-exec-8] DEBUG [5f1d202a] c.s.m.d.s.b.BasicReadStatusService   -
        Fetching/Allocating read statuses for user: 3013c4f6-fd36-40e2-bd5f-ac632103d9c9
2026-03-31 01:22:24.406 [http-nio-8080-exec-4] DEBUG [7cab9c0a] c.s.m.d.controller.MessageController -
        Fetching messages for channel: c1265582-443f-4a1e-9b2f-af9e86b5d3b9, cursor: null, size: 50
2026-03-31 01:22:25.880 [http-nio-8080-exec-10] INFO  [5f750eb0] c.s.m.d.s.basic.BasicChannelService  -
        Creating private channel by creator: 3013c4f6-fd36-40e2-bd5f-ac632103d9c9
2026-03-31 01:22:25.934 [http-nio-8080-exec-2] DEBUG [d3ef2d83] c.s.m.d.s.basic.BasicChannelService  -
        Finding all channels for user: 3013c4f6-fd36-40e2-bd5f-ac632103d9c9
2026-03-31 01:22:25.954 [http-nio-8080-exec-3] DEBUG [4a0e5680] c.s.m.d.c.ReadStatusController       -
        Fetching read statuses for user: 3013c4f6-fd36-40e2-bd5f-ac632103d9c9
2026-03-31 01:22:25.954 [http-nio-8080-exec-3] DEBUG [4a0e5680] c.s.m.d.s.b.BasicReadStatusService   -
        Fetching/Allocating read statuses for user: 3013c4f6-fd36-40e2-bd5f-ac632103d9c9
2026-03-31 01:22:25.959 [http-nio-8080-exec-1] DEBUG [d1105e49] c.s.m.d.controller.MessageController -
        Fetching messages for channel: c7dd3d76-5649-46b1-b196-cadf69623660, cursor: null, size: 50
2026-03-31 01:22:25.970 [http-nio-8080-exec-6] DEBUG [3925f728] c.s.m.d.controller.MessageController -
        Fetching messages for channel: c7dd3d76-5649-46b1-b196-cadf69623660, cursor: null, size: 50
2026-03-31 01:22:26.289 [http-nio-8080-exec-9] DEBUG [f9c55e25] c.s.m.d.controller.MessageController -
        Fetching messages for channel: c7dd3d76-5649-46b1-b196-cadf69623660, cursor: null, size: 50
2026-03-31 01:22:26.603 [http-nio-8080-exec-7] DEBUG [83f7a587] c.s.m.d.controller.MessageController -
        Fetching messages for channel: c7dd3d76-5649-46b1-b196-cadf69623660, cursor: null, size: 50
2026-03-31 01:22:26.681 [http-nio-8080-exec-5] DEBUG [978929bc] c.s.m.d.s.basic.BasicChannelService  -
        Finding all channels for user: 3013c4f6-fd36-40e2-bd5f-ac632103d9c9
2026-03-31 01:22:26.701 [http-nio-8080-exec-8] DEBUG [e202f70f] c.s.m.d.c.ReadStatusController       -
        Fetching read statuses for user: 3013c4f6-fd36-40e2-bd5f-ac632103d9c9
2026-03-31 01:22:26.701 [http-nio-8080-exec-8] DEBUG [e202f70f] c.s.m.d.s.b.BasicReadStatusService   -
        Fetching/Allocating read statuses for user: 3013c4f6-fd36-40e2-bd5f-ac632103d9c9
2026-03-31 01:22:26.918 [http-nio-8080-exec-4] DEBUG [42b4e147] c.s.m.d.controller.MessageController -
        Fetching messages for channel: c7dd3d76-5649-46b1-b196-cadf69623660, cursor: null, size: 50
2026-03-31 01:22:27.238 [http-nio-8080-exec-10] DEBUG [c9188527] c.s.m.d.controller.MessageController -
        Fetching messages for channel: c7dd3d76-5649-46b1-b196-cadf69623660, cursor: null, size: 50
2026-03-31 01:22:27.555 [http-nio-8080-exec-2] DEBUG [a8e4950a] c.s.m.d.controller.MessageController -
        Fetching messages for channel: c7dd3d76-5649-46b1-b196-cadf69623660, cursor: null, size: 50
2026-03-31 01:22:27.871 [http-nio-8080-exec-1] DEBUG [23450c29] c.s.m.d.controller.MessageController -
        Fetching messages for channel: c7dd3d76-5649-46b1-b196-cadf69623660, cursor: null, size: 50
2026-03-31 01:22:28.185 [http-nio-8080-exec-6] DEBUG [ea4756bc] c.s.m.d.controller.MessageController -
        Fetching messages for channel: c7dd3d76-5649-46b1-b196-cadf69623660, cursor: null, size: 50
2026-03-31 01:22:28.504 [http-nio-8080-exec-3] DEBUG [729cb20b] c.s.m.d.controller.MessageController -
        Fetching messages for channel: c7dd3d76-5649-46b1-b196-cadf69623660, cursor: null, size: 50
2026-03-31 01:22:28.825 [http-nio-8080-exec-9] DEBUG [49612d83] c.s.m.d.controller.MessageController -
        Fetching messages for channel: c7dd3d76-5649-46b1-b196-cadf69623660, cursor: null, size: 50
2026-03-31 01:22:29.144 [http-nio-8080-exec-7] DEBUG [f4657389] c.s.m.d.controller.MessageController -
        Fetching messages for channel: c7dd3d76-5649-46b1-b196-cadf69623660, cursor: null, size: 50
2026-03-31 01:22:29.432 [http-nio-8080-exec-5] INFO  [3b0c2b29] c.s.m.d.controller.MessageController -
        Sending message to channel: c7dd3d76-5649-46b1-b196-cadf69623660 by author: 3013c4f6-fd36-40e2-bd5f-ac632103d9c9
2026-03-31 01:22:29.445 [http-nio-8080-exec-8] INFO  [535c2104] c.s.m.d.c.ReadStatusController       -
        Updating read status: 7c43b76a-31a9-44d9-bd5c-c34b4b03c4dc with time: 2026-03-30T16:22:29.450Z
2026-03-31 01:22:29.456 [http-nio-8080-exec-8] INFO  [535c2104] c.s.m.d.s.b.BasicReadStatusService   -
        Updating lastReadAt for readStatus: 7c43b76a-31a9-44d9-bd5c-c34b4b03c4dc
2026-03-31 01:22:29.465 [http-nio-8080-exec-4] DEBUG [87313aa6] c.s.m.d.controller.MessageController -
        Fetching messages for channel: c7dd3d76-5649-46b1-b196-cadf69623660, cursor: null, size: 50
2026-03-31 01:22:29.676 [http-nio-8080-exec-10] DEBUG [0a8ce288] c.s.m.d.s.basic.BasicChannelService  -
        Finding all channels for user: 3013c4f6-fd36-40e2-bd5f-ac632103d9c9
2026-03-31 01:22:29.692 [http-nio-8080-exec-2] DEBUG [1c5878f2] c.s.m.d.c.ReadStatusController       -
        Fetching read statuses for user: 3013c4f6-fd36-40e2-bd5f-ac632103d9c9
2026-03-31 01:22:29.693 [http-nio-8080-exec-2] DEBUG [1c5878f2] c.s.m.d.s.b.BasicReadStatusService   -
        Fetching/Allocating read statuses for user: 3013c4f6-fd36-40e2-bd5f-ac632103d9c9
2026-03-31 01:22:29.937 [http-nio-8080-exec-1] DEBUG [f6a7aabe] c.s.m.d.controller.MessageController -
        Fetching messages for channel: c7dd3d76-5649-46b1-b196-cadf69623660, cursor: null, size: 50
2026-03-31 01:22:30.634 [http-nio-8080-exec-6] DEBUG [2902251d] c.s.m.d.controller.MessageController -
        Fetching messages for channel: c7dd3d76-5649-46b1-b196-cadf69623660, cursor: null, size: 50
2026-03-31 01:22:31.672 [http-nio-8080-exec-3] DEBUG [d095dbd6] c.s.m.d.controller.MessageController -
        Fetching messages for channel: c7dd3d76-5649-46b1-b196-cadf69623660, cursor: null, size: 50
2026-03-31 01:22:32.677 [http-nio-8080-exec-9] DEBUG [d3e573b0] c.s.m.d.s.basic.BasicChannelService  -
        Finding all channels for user: 3013c4f6-fd36-40e2-bd5f-ac632103d9c9
2026-03-31 01:22:32.693 [http-nio-8080-exec-7] DEBUG [7301a4d1] c.s.m.d.c.ReadStatusController       -
        Fetching read statuses for user: 3013c4f6-fd36-40e2-bd5f-ac632103d9c9
2026-03-31 01:22:32.695 [http-nio-8080-exec-7] DEBUG [7301a4d1] c.s.m.d.s.b.BasicReadStatusService   -
        Fetching/Allocating read statuses for user: 3013c4f6-fd36-40e2-bd5f-ac632103d9c9
2026-03-31 01:22:33.213 [http-nio-8080-exec-5] DEBUG [752558ab] c.s.m.d.controller.MessageController -
        Fetching messages for channel: c7dd3d76-5649-46b1-b196-cadf69623660, cursor: null, size: 50
2026-03-31 01:22:35.520 [http-nio-8080-exec-8] DEBUG [9d11df3a] c.s.m.d.controller.MessageController -
        Fetching messages for channel: c7dd3d76-5649-46b1-b196-cadf69623660, cursor: null, size: 50
2026-03-31 01:22:35.669 [http-nio-8080-exec-4] DEBUG [3d1bfc04] c.s.m.d.s.basic.BasicChannelService  -
        Finding all channels for user: 3013c4f6-fd36-40e2-bd5f-ac632103d9c9
2026-03-31 01:22:35.688 [http-nio-8080-exec-10] DEBUG [dac24851] c.s.m.d.c.ReadStatusController       -
        Fetching read statuses for user: 3013c4f6-fd36-40e2-bd5f-ac632103d9c9
2026-03-31 01:22:35.688 [http-nio-8080-exec-10] DEBUG [dac24851] c.s.m.d.s.b.BasicReadStatusService   -
        Fetching/Allocating read statuses for user: 3013c4f6-fd36-40e2-bd5f-ac632103d9c9
2026-03-31 01:22:38.544 [http-nio-8080-exec-1] DEBUG [4b95c59a] c.s.m.d.controller.MessageController -
        Fetching messages for channel: c7dd3d76-5649-46b1-b196-cadf69623660, cursor: null, size: 50
2026-03-31 01:22:38.680 [http-nio-8080-exec-6] DEBUG [6d27ec18] c.s.m.d.s.basic.BasicChannelService  -
        Finding all channels for user: 3013c4f6-fd36-40e2-bd5f-ac632103d9c9
2026-03-31 01:22:38.694 [http-nio-8080-exec-3] DEBUG [33f40ef0] c.s.m.d.c.ReadStatusController       -
        Fetching read statuses for user: 3013c4f6-fd36-40e2-bd5f-ac632103d9c9
2026-03-31 01:22:38.694 [http-nio-8080-exec-3] DEBUG [33f40ef0] c.s.m.d.s.b.BasicReadStatusService   -
        Fetching/Allocating read statuses for user: 3013c4f6-fd36-40e2-bd5f-ac632103d9c9
2026-03-31 01:22:41.566 [http-nio-8080-exec-9] DEBUG [abb9ae05] c.s.m.d.controller.MessageController -
        Fetching messages for channel: c7dd3d76-5649-46b1-b196-cadf69623660, cursor: null, size: 50
2026-03-31 01:22:41.668 [http-nio-8080-exec-7] DEBUG [fd769153] c.s.m.d.s.basic.BasicChannelService  -
        Finding all channels for user: 3013c4f6-fd36-40e2-bd5f-ac632103d9c9
2026-03-31 01:22:41.677 [http-nio-8080-exec-5] DEBUG [c6b15150] c.s.m.d.c.ReadStatusController       -
        Fetching read statuses for user: 3013c4f6-fd36-40e2-bd5f-ac632103d9c9
2026-03-31 01:22:41.677 [http-nio-8080-exec-5] DEBUG [c6b15150] c.s.m.d.s.b.BasicReadStatusService   -
        Fetching/Allocating read statuses for user: 3013c4f6-fd36-40e2-bd5f-ac632103d9c9
2026-03-31 01:22:44.595 [http-nio-8080-exec-8] DEBUG [8935a8e7] c.s.m.d.controller.MessageController -
        Fetching messages for channel: c7dd3d76-5649-46b1-b196-cadf69623660, cursor: null, size: 50
2026-03-31 01:22:44.677 [http-nio-8080-exec-4] DEBUG [20e9d94e] c.s.m.d.s.basic.BasicChannelService  -
        Finding all channels for user: 3013c4f6-fd36-40e2-bd5f-ac632103d9c9
2026-03-31 01:22:44.697 [http-nio-8080-exec-10] DEBUG [727a5923] c.s.m.d.c.ReadStatusController       -
        Fetching read statuses for user: 3013c4f6-fd36-40e2-bd5f-ac632103d9c9
2026-03-31 01:22:44.697 [http-nio-8080-exec-10] DEBUG [727a5923] c.s.m.d.s.b.BasicReadStatusService   -
        Fetching/Allocating read statuses for user: 3013c4f6-fd36-40e2-bd5f-ac632103d9c9
2026-03-31 01:22:47.620 [http-nio-8080-exec-2] DEBUG [1fd969dc] c.s.m.d.controller.MessageController -
        Fetching messages for channel: c7dd3d76-5649-46b1-b196-cadf69623660, cursor: null, size: 50
2026-03-31 01:22:47.692 [http-nio-8080-exec-1] DEBUG [b122d87e] c.s.m.d.s.basic.BasicChannelService  -
        Finding all channels for user: 3013c4f6-fd36-40e2-bd5f-ac632103d9c9
2026-03-31 01:22:47.708 [http-nio-8080-exec-6] DEBUG [1e1dfd74] c.s.m.d.c.ReadStatusController       -
        Fetching read statuses for user: 3013c4f6-fd36-40e2-bd5f-ac632103d9c9
2026-03-31 01:22:47.708 [http-nio-8080-exec-6] DEBUG [1e1dfd74] c.s.m.d.s.b.BasicReadStatusService   -
        Fetching/Allocating read statuses for user: 3013c4f6-fd36-40e2-bd5f-ac632103d9c9
2026-03-31 01:22:50.613 [http-nio-8080-exec-3] DEBUG [9131c823] c.s.m.d.controller.UserController    -
        Updating status for user: 3013c4f6-fd36-40e2-bd5f-ac632103d9c9, last active: 2026-03-30T16:22:50.608Z
2026-03-31 01:22:50.613 [http-nio-8080-exec-3] INFO  [9131c823] c.s.m.d.s.b.BasicUserStatusService   -
        Updating status for user: 3013c4f6-fd36-40e2-bd5f-ac632103d9c9
2026-03-31 01:22:50.639 [http-nio-8080-exec-9] DEBUG [5cb83ec8] c.s.m.d.controller.MessageController -
        Fetching messages for channel: c7dd3d76-5649-46b1-b196-cadf69623660, cursor: null, size: 50
2026-03-31 01:22:50.671 [http-nio-8080-exec-7] DEBUG [d4addfef] c.s.m.d.s.basic.BasicChannelService  -
        Finding all channels for user: 3013c4f6-fd36-40e2-bd5f-ac632103d9c9
2026-03-31 01:22:50.687 [http-nio-8080-exec-5] DEBUG [ab66c8b9] c.s.m.d.c.ReadStatusController       -
        Fetching read statuses for user: 3013c4f6-fd36-40e2-bd5f-ac632103d9c9
2026-03-31 01:22:50.687 [http-nio-8080-exec-5] DEBUG [ab66c8b9] c.s.m.d.s.b.BasicReadStatusService   -
        Fetching/Allocating read statuses for user: 3013c4f6-fd36-40e2-bd5f-ac632103d9c9
2026-03-31 01:22:53.659 [http-nio-8080-exec-8] DEBUG [43f7faf6] c.s.m.d.controller.MessageController -
        Fetching messages for channel: c7dd3d76-5649-46b1-b196-cadf69623660, cursor: null, size: 50
2026-03-31 01:22:53.672 [http-nio-8080-exec-4] DEBUG [bf582ce4] c.s.m.d.s.basic.BasicChannelService  -
        Finding all channels for user: 3013c4f6-fd36-40e2-bd5f-ac632103d9c9
2026-03-31 01:22:53.672 [http-nio-8080-exec-10] DEBUG [f2cd3e0e] c.s.m.d.c.ReadStatusController       -
        Fetching read statuses for user: 3013c4f6-fd36-40e2-bd5f-ac632103d9c9
2026-03-31 01:22:53.687 [http-nio-8080-exec-10] DEBUG [f2cd3e0e] c.s.m.d.s.b.BasicReadStatusService   -
        Fetching/Allocating read statuses for user: 3013c4f6-fd36-40e2-bd5f-ac632103d9c9
2026-03-31 01:22:56.661 [http-nio-8080-exec-2] DEBUG [44e55552] c.s.m.d.s.basic.BasicChannelService  -
        Finding all channels for user: 3013c4f6-fd36-40e2-bd5f-ac632103d9c9
2026-03-31 01:22:56.679 [http-nio-8080-exec-1] DEBUG [bd311c61] c.s.m.d.controller.MessageController -
        Fetching messages for channel: c7dd3d76-5649-46b1-b196-cadf69623660, cursor: null, size: 50
2026-03-31 01:22:56.679 [http-nio-8080-exec-6] DEBUG [270fa4ea] c.s.m.d.c.ReadStatusController       -
        Fetching read statuses for user: 3013c4f6-fd36-40e2-bd5f-ac632103d9c9
2026-03-31 01:22:56.686 [http-nio-8080-exec-6] DEBUG [270fa4ea] c.s.m.d.s.b.BasicReadStatusService   -
        Fetching/Allocating read statuses for user: 3013c4f6-fd36-40e2-bd5f-ac632103d9c9
2026-03-31 01:22:59.678 [http-nio-8080-exec-3] DEBUG [f12ddd1e] c.s.m.d.s.basic.BasicChannelService  -
        Finding all channels for user: 3013c4f6-fd36-40e2-bd5f-ac632103d9c9
2026-03-31 01:22:59.695 [http-nio-8080-exec-9] DEBUG [9dc35c4b] c.s.m.d.c.ReadStatusController       -
        Fetching read statuses for user: 3013c4f6-fd36-40e2-bd5f-ac632103d9c9
2026-03-31 01:22:59.695 [http-nio-8080-exec-9] DEBUG [9dc35c4b] c.s.m.d.s.b.BasicReadStatusService   -
        Fetching/Allocating read statuses for user: 3013c4f6-fd36-40e2-bd5f-ac632103d9c9
2026-03-31 01:22:59.697 [http-nio-8080-exec-7] DEBUG [9deeeba7] c.s.m.d.controller.MessageController -
        Fetching messages for channel: c7dd3d76-5649-46b1-b196-cadf69623660, cursor: null, size: 50
2026-03-31 01:23:02.672 [http-nio-8080-exec-5] DEBUG [a36da587] c.s.m.d.s.basic.BasicChannelService  -
        Finding all channels for user: 3013c4f6-fd36-40e2-bd5f-ac632103d9c9
2026-03-31 01:23:02.687 [http-nio-8080-exec-8] DEBUG [690b0e5d] c.s.m.d.c.ReadStatusController       -
        Fetching read statuses for user: 3013c4f6-fd36-40e2-bd5f-ac632103d9c9
2026-03-31 01:23:02.687 [http-nio-8080-exec-8] DEBUG [690b0e5d] c.s.m.d.s.b.BasicReadStatusService   -
        Fetching/Allocating read statuses for user: 3013c4f6-fd36-40e2-bd5f-ac632103d9c9
2026-03-31 01:23:02.715 [http-nio-8080-exec-4] DEBUG [d39d0975] c.s.m.d.controller.MessageController -
        Fetching messages for channel: c7dd3d76-5649-46b1-b196-cadf69623660, cursor: null, size: 50
2026-03-31 01:23:05.665 [http-nio-8080-exec-10] DEBUG [820f5388] c.s.m.d.s.basic.BasicChannelService  -
        Finding all channels for user: 3013c4f6-fd36-40e2-bd5f-ac632103d9c9
2026-03-31 01:23:05.681 [http-nio-8080-exec-2] DEBUG [b6612d6e] c.s.m.d.c.ReadStatusController       -
        Fetching read statuses for user: 3013c4f6-fd36-40e2-bd5f-ac632103d9c9
2026-03-31 01:23:05.681 [http-nio-8080-exec-2] DEBUG [b6612d6e] c.s.m.d.s.b.BasicReadStatusService   -
        Fetching/Allocating read statuses for user: 3013c4f6-fd36-40e2-bd5f-ac632103d9c9
2026-03-31 01:23:05.739 [http-nio-8080-exec-1] DEBUG [a0a5c069] c.s.m.d.controller.MessageController -
        Fetching messages for channel: c7dd3d76-5649-46b1-b196-cadf69623660, cursor: null, size: 50
2026-03-31 01:23:09.517 [http-nio-8080-exec-3] DEBUG [ee904a43] c.s.m.d.controller.MessageController -
        Fetching messages for channel: c7dd3d76-5649-46b1-b196-cadf69623660, cursor: null, size: 50
2026-03-31 01:23:09.517 [http-nio-8080-exec-6] DEBUG [c5dae3af] c.s.m.d.s.basic.BasicChannelService  -
        Finding all channels for user: 3013c4f6-fd36-40e2-bd5f-ac632103d9c9
2026-03-31 01:23:09.533 [http-nio-8080-exec-7] DEBUG [a7e521ad] c.s.m.d.c.ReadStatusController       -
        Fetching read statuses for user: 3013c4f6-fd36-40e2-bd5f-ac632103d9c9
2026-03-31 01:23:09.533 [http-nio-8080-exec-7] DEBUG [a7e521ad] c.s.m.d.s.b.BasicReadStatusService   -
        Fetching/Allocating read statuses for user: 3013c4f6-fd36-40e2-bd5f-ac632103d9c9
2026-03-31 01:23:11.671 [http-nio-8080-exec-9] DEBUG [df39fa52] c.s.m.d.s.basic.BasicChannelService  -
        Finding all channels for user: 3013c4f6-fd36-40e2-bd5f-ac632103d9c9
2026-03-31 01:23:11.686 [http-nio-8080-exec-5] DEBUG [dfe09b06] c.s.m.d.c.ReadStatusController       -
        Fetching read statuses for user: 3013c4f6-fd36-40e2-bd5f-ac632103d9c9
2026-03-31 01:23:11.686 [http-nio-8080-exec-5] DEBUG [dfe09b06] c.s.m.d.s.b.BasicReadStatusService   -
        Fetching/Allocating read statuses for user: 3013c4f6-fd36-40e2-bd5f-ac632103d9c9
2026-03-31 01:23:12.535 [http-nio-8080-exec-8] DEBUG [fa7adaad] c.s.m.d.controller.MessageController -
        Fetching messages for channel: c7dd3d76-5649-46b1-b196-cadf69623660, cursor: null, size: 50
2026-03-31 01:23:13.738 [http-nio-8080-exec-10] ERROR [8aefdfd8] c.s.m.d.c.GlobalExceptionHandler     -
        Internal Server Error: 
org.springframework.web.servlet.resource.NoResourceFoundException: No static resource .well-known/appspecific/com.chrome.devtools.json.
	at org.springframework.web.servlet.resource.ResourceHttpRequestHandler.handleRequest(ResourceHttpRequestHandler.java:585)
	at org.springframework.web.servlet.mvc.HttpRequestHandlerAdapter.handle(HttpRequestHandlerAdapter.java:52)
	at org.springframework.web.servlet.DispatcherServlet.doDispatch(DispatcherServlet.java:1088)
	at org.springframework.web.servlet.DispatcherServlet.doService(DispatcherServlet.java:978)
	at org.springframework.web.servlet.FrameworkServlet.processRequest(FrameworkServlet.java:1014)
	at org.springframework.web.servlet.FrameworkServlet.doGet(FrameworkServlet.java:903)
	at jakarta.servlet.http.HttpServlet.service(HttpServlet.java:564)
	at org.springframework.web.servlet.FrameworkServlet.service(FrameworkServlet.java:885)
	at jakarta.servlet.http.HttpServlet.service(HttpServlet.java:658)
	at org.apache.catalina.core.ApplicationFilterChain.internalDoFilter(ApplicationFilterChain.java:195)
	at org.apache.catalina.core.ApplicationFilterChain.doFilter(ApplicationFilterChain.java:140)
	at org.apache.tomcat.websocket.server.WsFilter.doFilter(WsFilter.java:51)
	at org.apache.catalina.core.ApplicationFilterChain.internalDoFilter(ApplicationFilterChain.java:164)
	at org.apache.catalina.core.ApplicationFilterChain.doFilter(ApplicationFilterChain.java:140)
	at org.springframework.web.filter.CompositeFilter$VirtualFilterChain.doFilter(CompositeFilter.java:108)
	at org.springframework.security.web.FilterChainProxy.lambda$doFilterInternal$3(FilterChainProxy.java:231)
	at org.springframework.security.web.ObservationFilterChainDecorator$FilterObservation$SimpleFilterObservation.lambda$wrap$1(ObservationFilterChainDecorator.java:479)
	at org.springframework.security.web.ObservationFilterChainDecorator$AroundFilterObservation$SimpleAroundFilterObservation.lambda$wrap$1(ObservationFilterChainDecorator.java:340)
	at org.springframework.security.web.ObservationFilterChainDecorator.lambda$wrapSecured$0(ObservationFilterChainDecorator.java:82)
	at org.springframework.security.web.ObservationFilterChainDecorator$VirtualFilterChain.doFilter(ObservationFilterChainDecorator.java:128)
	at org.springframework.security.web.access.intercept.AuthorizationFilter.doFilter(AuthorizationFilter.java:101)
	at org.springframework.security.web.ObservationFilterChainDecorator$ObservationFilter.wrapFilter(ObservationFilterChainDecorator.java:240)
	at org.springframework.security.web.ObservationFilterChainDecorator$ObservationFilter.doFilter(ObservationFilterChainDecorator.java:227)
	at org.springframework.security.web.ObservationFilterChainDecorator$VirtualFilterChain.doFilter(ObservationFilterChainDecorator.java:137)
	at org.springframework.security.web.access.ExceptionTranslationFilter.doFilter(ExceptionTranslationFilter.java:126)
	at org.springframework.security.web.access.ExceptionTranslationFilter.doFilter(ExceptionTranslationFilter.java:120)
	at org.springframework.security.web.ObservationFilterChainDecorator$ObservationFilter.wrapFilter(ObservationFilterChainDecorator.java:240)
	at org.springframework.security.web.ObservationFilterChainDecorator$ObservationFilter.doFilter(ObservationFilterChainDecorator.java:227)
	at org.springframework.security.web.ObservationFilterChainDecorator$VirtualFilterChain.doFilter(ObservationFilterChainDecorator.java:137)
	at org.springframework.security.web.authentication.AnonymousAuthenticationFilter.doFilter(AnonymousAuthenticationFilter.java:100)
	at org.springframework.security.web.ObservationFilterChainDecorator$ObservationFilter.wrapFilter(ObservationFilterChainDecorator.java:240)
	at org.springframework.security.web.ObservationFilterChainDecorator$ObservationFilter.doFilter(ObservationFilterChainDecorator.java:227)
	at org.springframework.security.web.ObservationFilterChainDecorator$VirtualFilterChain.doFilter(ObservationFilterChainDecorator.java:137)
	at org.springframework.security.web.servletapi.SecurityContextHolderAwareRequestFilter.doFilter(SecurityContextHolderAwareRequestFilter.java:179)
	at org.springframework.security.web.ObservationFilterChainDecorator$ObservationFilter.wrapFilter(ObservationFilterChainDecorator.java:240)
	at org.springframework.security.web.ObservationFilterChainDecorator$ObservationFilter.doFilter(ObservationFilterChainDecorator.java:227)
	at org.springframework.security.web.ObservationFilterChainDecorator$VirtualFilterChain.doFilter(ObservationFilterChainDecorator.java:137)
	at org.springframework.security.web.savedrequest.RequestCacheAwareFilter.doFilter(RequestCacheAwareFilter.java:63)
	at org.springframework.security.web.ObservationFilterChainDecorator$ObservationFilter.wrapFilter(ObservationFilterChainDecorator.java:240)
	at org.springframework.security.web.ObservationFilterChainDecorator$ObservationFilter.doFilter(ObservationFilterChainDecorator.java:227)
	at org.springframework.security.web.ObservationFilterChainDecorator$VirtualFilterChain.doFilter(ObservationFilterChainDecorator.java:137)
	at org.springframework.security.web.authentication.logout.LogoutFilter.doFilter(LogoutFilter.java:107)
	at org.springframework.security.web.authentication.logout.LogoutFilter.doFilter(LogoutFilter.java:93)
	at org.springframework.security.web.ObservationFilterChainDecorator$ObservationFilter.wrapFilter(ObservationFilterChainDecorator.java:240)
	at org.springframework.security.web.ObservationFilterChainDecorator$ObservationFilter.doFilter(ObservationFilterChainDecorator.java:227)
	at org.springframework.security.web.ObservationFilterChainDecorator$VirtualFilterChain.doFilter(ObservationFilterChainDecorator.java:137)
	at org.springframework.security.web.header.HeaderWriterFilter.doHeadersAfter(HeaderWriterFilter.java:90)
	at org.springframework.security.web.header.HeaderWriterFilter.doFilterInternal(HeaderWriterFilter.java:75)
	at org.springframework.web.filter.OncePerRequestFilter.doFilter(OncePerRequestFilter.java:116)
	at org.springframework.security.web.ObservationFilterChainDecorator$ObservationFilter.wrapFilter(ObservationFilterChainDecorator.java:240)
	at org.springframework.security.web.ObservationFilterChainDecorator$ObservationFilter.doFilter(ObservationFilterChainDecorator.java:227)
	at org.springframework.security.web.ObservationFilterChainDecorator$VirtualFilterChain.doFilter(ObservationFilterChainDecorator.java:137)
	at org.springframework.security.web.context.SecurityContextHolderFilter.doFilter(SecurityContextHolderFilter.java:82)
	at org.springframework.security.web.context.SecurityContextHolderFilter.doFilter(SecurityContextHolderFilter.java:69)
	at org.springframework.security.web.ObservationFilterChainDecorator$ObservationFilter.wrapFilter(ObservationFilterChainDecorator.java:240)
	at org.springframework.security.web.ObservationFilterChainDecorator$ObservationFilter.doFilter(ObservationFilterChainDecorator.java:227)
	at org.springframework.security.web.ObservationFilterChainDecorator$VirtualFilterChain.doFilter(ObservationFilterChainDecorator.java:137)
	at org.springframework.security.web.context.request.async.WebAsyncManagerIntegrationFilter.doFilterInternal(WebAsyncManagerIntegrationFilter.java:62)
	at org.springframework.web.filter.OncePerRequestFilter.doFilter(OncePerRequestFilter.java:116)
	at org.springframework.security.web.ObservationFilterChainDecorator$ObservationFilter.wrapFilter(ObservationFilterChainDecorator.java:240)
	at org.springframework.security.web.ObservationFilterChainDecorator$ObservationFilter.doFilter(ObservationFilterChainDecorator.java:227)
	at org.springframework.security.web.ObservationFilterChainDecorator$VirtualFilterChain.doFilter(ObservationFilterChainDecorator.java:137)
	at org.springframework.security.web.session.DisableEncodeUrlFilter.doFilterInternal(DisableEncodeUrlFilter.java:42)
	at org.springframework.web.filter.OncePerRequestFilter.doFilter(OncePerRequestFilter.java:116)
	at org.springframework.security.web.ObservationFilterChainDecorator$ObservationFilter.wrapFilter(ObservationFilterChainDecorator.java:240)
	at org.springframework.security.web.ObservationFilterChainDecorator$AroundFilterObservation$SimpleAroundFilterObservation.lambda$wrap$0(ObservationFilterChainDecorator.java:323)
	at org.springframework.security.web.ObservationFilterChainDecorator$ObservationFilter.doFilter(ObservationFilterChainDecorator.java:224)
	at org.springframework.security.web.ObservationFilterChainDecorator$VirtualFilterChain.doFilter(ObservationFilterChainDecorator.java:137)
	at org.springframework.security.web.FilterChainProxy.doFilterInternal(FilterChainProxy.java:233)
	at org.springframework.security.web.FilterChainProxy.doFilter(FilterChainProxy.java:191)
	at org.springframework.web.filter.CompositeFilter$VirtualFilterChain.doFilter(CompositeFilter.java:113)
	at org.springframework.web.servlet.handler.HandlerMappingIntrospector.lambda$createCacheFilter$3(HandlerMappingIntrospector.java:243)
	at org.springframework.web.filter.CompositeFilter$VirtualFilterChain.doFilter(CompositeFilter.java:113)
	at org.springframework.web.filter.CompositeFilter.doFilter(CompositeFilter.java:74)
	at org.springframework.security.config.annotation.web.configuration.WebMvcSecurityConfiguration$CompositeFilterChainProxy.doFilter(WebMvcSecurityConfiguration.java:238)
	at org.springframework.web.filter.DelegatingFilterProxy.invokeDelegate(DelegatingFilterProxy.java:362)
	at org.springframework.web.filter.DelegatingFilterProxy.doFilter(DelegatingFilterProxy.java:278)
	at org.apache.catalina.core.ApplicationFilterChain.internalDoFilter(ApplicationFilterChain.java:164)
	at org.apache.catalina.core.ApplicationFilterChain.doFilter(ApplicationFilterChain.java:140)
	at org.springframework.web.filter.RequestContextFilter.doFilterInternal(RequestContextFilter.java:100)
	at org.springframework.web.filter.OncePerRequestFilter.doFilter(OncePerRequestFilter.java:116)
	at org.apache.catalina.core.ApplicationFilterChain.internalDoFilter(ApplicationFilterChain.java:164)
	at org.apache.catalina.core.ApplicationFilterChain.doFilter(ApplicationFilterChain.java:140)
	at org.springframework.web.filter.FormContentFilter.doFilterInternal(FormContentFilter.java:93)
	at org.springframework.web.filter.OncePerRequestFilter.doFilter(OncePerRequestFilter.java:116)
	at org.apache.catalina.core.ApplicationFilterChain.internalDoFilter(ApplicationFilterChain.java:164)
	at org.apache.catalina.core.ApplicationFilterChain.doFilter(ApplicationFilterChain.java:140)
	at org.springframework.web.filter.ServerHttpObservationFilter.doFilterInternal(ServerHttpObservationFilter.java:114)
	at org.springframework.web.filter.OncePerRequestFilter.doFilter(OncePerRequestFilter.java:116)
	at org.apache.catalina.core.ApplicationFilterChain.internalDoFilter(ApplicationFilterChain.java:164)
	at org.apache.catalina.core.ApplicationFilterChain.doFilter(ApplicationFilterChain.java:140)
	at org.springframework.web.filter.CharacterEncodingFilter.doFilterInternal(CharacterEncodingFilter.java:201)
	at org.springframework.web.filter.OncePerRequestFilter.doFilter(OncePerRequestFilter.java:116)
	at org.apache.catalina.core.ApplicationFilterChain.internalDoFilter(ApplicationFilterChain.java:164)
	at org.apache.catalina.core.ApplicationFilterChain.doFilter(ApplicationFilterChain.java:140)
	at org.apache.catalina.core.StandardWrapperValve.invoke(StandardWrapperValve.java:167)
	at org.apache.catalina.core.StandardContextValve.invoke(StandardContextValve.java:90)
	at org.apache.catalina.authenticator.AuthenticatorBase.invoke(AuthenticatorBase.java:483)
	at org.apache.catalina.core.StandardHostValve.invoke(StandardHostValve.java:115)
	at org.apache.catalina.valves.ErrorReportValve.invoke(ErrorReportValve.java:93)
	at org.apache.catalina.core.StandardEngineValve.invoke(StandardEngineValve.java:74)
	at org.apache.catalina.connector.CoyoteAdapter.service(CoyoteAdapter.java:344)
	at org.apache.coyote.http11.Http11Processor.service(Http11Processor.java:397)
	at org.apache.coyote.AbstractProcessorLight.process(AbstractProcessorLight.java:63)
	at org.apache.coyote.AbstractProtocol$ConnectionHandler.process(AbstractProtocol.java:905)
	at org.apache.tomcat.util.net.NioEndpoint$SocketProcessor.doRun(NioEndpoint.java:1741)
	at org.apache.tomcat.util.net.SocketProcessorBase.run(SocketProcessorBase.java:52)
	at org.apache.tomcat.util.threads.ThreadPoolExecutor.runWorker(ThreadPoolExecutor.java:1190)
	at org.apache.tomcat.util.threads.ThreadPoolExecutor$Worker.run(ThreadPoolExecutor.java:659)
	at org.apache.tomcat.util.threads.TaskThread$WrappingRunnable.run(TaskThread.java:63)
	at java.base/java.lang.Thread.run(Thread.java:840)
2026-03-31 01:23:14.671 [http-nio-8080-exec-2] DEBUG [931c7d53] c.s.m.d.s.basic.BasicChannelService  -
        Finding all channels for user: 3013c4f6-fd36-40e2-bd5f-ac632103d9c9
2026-03-31 01:23:14.682 [http-nio-8080-exec-1] DEBUG [2d70917c] c.s.m.d.c.ReadStatusController       -
        Fetching read statuses for user: 3013c4f6-fd36-40e2-bd5f-ac632103d9c9
2026-03-31 01:23:14.682 [http-nio-8080-exec-1] DEBUG [2d70917c] c.s.m.d.s.b.BasicReadStatusService   -
        Fetching/Allocating read statuses for user: 3013c4f6-fd36-40e2-bd5f-ac632103d9c9
2026-03-31 01:23:15.553 [http-nio-8080-exec-3] DEBUG [70ffac01] c.s.m.d.controller.MessageController -
        Fetching messages for channel: c7dd3d76-5649-46b1-b196-cadf69623660, cursor: null, size: 50
2026-03-31 01:23:17.670 [http-nio-8080-exec-6] DEBUG [6ca28aa4] c.s.m.d.s.basic.BasicChannelService  -
        Finding all channels for user: 3013c4f6-fd36-40e2-bd5f-ac632103d9c9
2026-03-31 01:23:17.689 [http-nio-8080-exec-7] DEBUG [30039a70] c.s.m.d.c.ReadStatusController       -
        Fetching read statuses for user: 3013c4f6-fd36-40e2-bd5f-ac632103d9c9
2026-03-31 01:23:17.690 [http-nio-8080-exec-7] DEBUG [30039a70] c.s.m.d.s.b.BasicReadStatusService   -
        Fetching/Allocating read statuses for user: 3013c4f6-fd36-40e2-bd5f-ac632103d9c9
2026-03-31 01:23:18.571 [http-nio-8080-exec-9] DEBUG [24a71884] c.s.m.d.controller.MessageController -
        Fetching messages for channel: c7dd3d76-5649-46b1-b196-cadf69623660, cursor: null, size: 50
2026-03-31 01:23:20.622 [http-nio-8080-exec-4] DEBUG [29435733] c.s.m.d.controller.UserController    -
        Fetching all users list
2026-03-31 01:23:20.622 [http-nio-8080-exec-8] DEBUG [d4483146] c.s.m.d.controller.UserController    -
        Updating status for user: 3013c4f6-fd36-40e2-bd5f-ac632103d9c9, last active: 2026-03-30T16:23:20.605Z
2026-03-31 01:23:20.623 [http-nio-8080-exec-8] INFO  [d4483146] c.s.m.d.s.b.BasicUserStatusService   -
        Updating status for user: 3013c4f6-fd36-40e2-bd5f-ac632103d9c9
2026-03-31 01:23:20.623 [http-nio-8080-exec-4] DEBUG [29435733] c.s.m.d.s.basic.BasicUserService     -
        Listing all users
2026-03-31 01:23:20.624 [http-nio-8080-exec-4] DEBUG [29435733] c.s.m.d.s.b.BasicUserStatusService   -
        Checking online status for user: 3013c4f6-fd36-40e2-bd5f-ac632103d9c9
2026-03-31 01:23:20.626 [http-nio-8080-exec-4] DEBUG [29435733] c.s.m.d.s.b.BasicUserStatusService   -
        Checking online status for user: 547eb4ad-6723-4f05-9fa8-ba75b7d31e4a
2026-03-31 01:23:20.626 [http-nio-8080-exec-4] DEBUG [29435733] c.s.m.d.s.b.BasicUserStatusService   -
        Checking online status for user: 71079135-341e-43e3-b879-dd6818116591
2026-03-31 01:23:20.639 [http-nio-8080-exec-2] DEBUG [1a4071b6] c.s.m.d.c.ReadStatusController       -
        Fetching read statuses for user: 3013c4f6-fd36-40e2-bd5f-ac632103d9c9
2026-03-31 01:23:20.641 [http-nio-8080-exec-10] DEBUG [abd00bdd] c.s.m.d.s.basic.BasicChannelService  -
        Finding all channels for user: 3013c4f6-fd36-40e2-bd5f-ac632103d9c9
2026-03-31 01:23:20.641 [http-nio-8080-exec-2] DEBUG [1a4071b6] c.s.m.d.s.b.BasicReadStatusService   -
        Fetching/Allocating read statuses for user: 3013c4f6-fd36-40e2-bd5f-ac632103d9c9
2026-03-31 01:23:20.656 [http-nio-8080-exec-1] DEBUG [2dcaaac0] c.s.m.d.c.ReadStatusController       -
        Fetching read statuses for user: 3013c4f6-fd36-40e2-bd5f-ac632103d9c9
2026-03-31 01:23:20.656 [http-nio-8080-exec-1] DEBUG [2dcaaac0] c.s.m.d.s.b.BasicReadStatusService   -
        Fetching/Allocating read statuses for user: 3013c4f6-fd36-40e2-bd5f-ac632103d9c9
2026-03-31 01:23:21.589 [http-nio-8080-exec-3] DEBUG [fa51fca1] c.s.m.d.controller.MessageController -
        Fetching messages for channel: c7dd3d76-5649-46b1-b196-cadf69623660, cursor: null, size: 50
2026-03-31 01:23:23.655 [http-nio-8080-exec-6] DEBUG [5f81228f] c.s.m.d.s.basic.BasicChannelService  -
        Finding all channels for user: 3013c4f6-fd36-40e2-bd5f-ac632103d9c9
2026-03-31 01:23:23.671 [http-nio-8080-exec-7] DEBUG [cf0bd5cb] c.s.m.d.c.ReadStatusController       -
        Fetching read statuses for user: 3013c4f6-fd36-40e2-bd5f-ac632103d9c9
2026-03-31 01:23:23.671 [http-nio-8080-exec-7] DEBUG [cf0bd5cb] c.s.m.d.s.b.BasicReadStatusService   -
        Fetching/Allocating read statuses for user: 3013c4f6-fd36-40e2-bd5f-ac632103d9c9
2026-03-31 01:23:24.609 [http-nio-8080-exec-9] DEBUG [32a5d969] c.s.m.d.controller.MessageController -
        Fetching messages for channel: c7dd3d76-5649-46b1-b196-cadf69623660, cursor: null, size: 50
2026-03-31 01:23:26.641 [http-nio-8080-exec-5] DEBUG [7c62bef6] c.s.m.d.s.basic.BasicChannelService  -
        Finding all channels for user: 3013c4f6-fd36-40e2-bd5f-ac632103d9c9
2026-03-31 01:23:26.658 [http-nio-8080-exec-8] DEBUG [68a49991] c.s.m.d.c.ReadStatusController       -
        Fetching read statuses for user: 3013c4f6-fd36-40e2-bd5f-ac632103d9c9
2026-03-31 01:23:26.658 [http-nio-8080-exec-8] DEBUG [68a49991] c.s.m.d.s.b.BasicReadStatusService   -
        Fetching/Allocating read statuses for user: 3013c4f6-fd36-40e2-bd5f-ac632103d9c9
2026-03-31 01:23:27.642 [http-nio-8080-exec-4] DEBUG [949c31ad] c.s.m.d.controller.MessageController -
        Fetching messages for channel: c7dd3d76-5649-46b1-b196-cadf69623660, cursor: null, size: 50
2026-03-31 01:23:29.659 [http-nio-8080-exec-10] DEBUG [8d71d625] c.s.m.d.s.basic.BasicChannelService  -
        Finding all channels for user: 3013c4f6-fd36-40e2-bd5f-ac632103d9c9
2026-03-31 01:23:29.673 [http-nio-8080-exec-2] DEBUG [ca714db6] c.s.m.d.c.ReadStatusController       -
        Fetching read statuses for user: 3013c4f6-fd36-40e2-bd5f-ac632103d9c9
2026-03-31 01:23:29.673 [http-nio-8080-exec-2] DEBUG [ca714db6] c.s.m.d.s.b.BasicReadStatusService   -
        Fetching/Allocating read statuses for user: 3013c4f6-fd36-40e2-bd5f-ac632103d9c9
2026-03-31 01:23:30.658 [http-nio-8080-exec-1] DEBUG [0d4eb5db] c.s.m.d.controller.MessageController -
        Fetching messages for channel: c7dd3d76-5649-46b1-b196-cadf69623660, cursor: null, size: 50
2026-03-31 01:23:32.658 [http-nio-8080-exec-3] DEBUG [84faf468] c.s.m.d.s.basic.BasicChannelService  -
        Finding all channels for user: 3013c4f6-fd36-40e2-bd5f-ac632103d9c9
2026-03-31 01:23:32.672 [http-nio-8080-exec-6] DEBUG [37070329] c.s.m.d.c.ReadStatusController       -
        Fetching read statuses for user: 3013c4f6-fd36-40e2-bd5f-ac632103d9c9
2026-03-31 01:23:32.672 [http-nio-8080-exec-6] DEBUG [37070329] c.s.m.d.s.b.BasicReadStatusService   -
        Fetching/Allocating read statuses for user: 3013c4f6-fd36-40e2-bd5f-ac632103d9c9
2026-03-31 01:23:33.677 [http-nio-8080-exec-7] DEBUG [d52cc13e] c.s.m.d.controller.MessageController -
        Fetching messages for channel: c7dd3d76-5649-46b1-b196-cadf69623660, cursor: null, size: 50
2026-03-31 01:23:36.491 [http-nio-8080-exec-9] DEBUG [86519956] c.s.m.d.s.basic.BasicChannelService  -
        Finding all channels for user: 3013c4f6-fd36-40e2-bd5f-ac632103d9c9
2026-03-31 01:23:36.507 [http-nio-8080-exec-5] DEBUG [5522b799] c.s.m.d.c.ReadStatusController       -
        Fetching read statuses for user: 3013c4f6-fd36-40e2-bd5f-ac632103d9c9
2026-03-31 01:23:36.507 [http-nio-8080-exec-5] DEBUG [5522b799] c.s.m.d.s.b.BasicReadStatusService   -
        Fetching/Allocating read statuses for user: 3013c4f6-fd36-40e2-bd5f-ac632103d9c9
2026-03-31 01:23:37.497 [http-nio-8080-exec-8] DEBUG [b231c4db] c.s.m.d.controller.MessageController -
        Fetching messages for channel: c7dd3d76-5649-46b1-b196-cadf69623660, cursor: null, size: 50
2026-03-31 01:23:39.491 [http-nio-8080-exec-4] DEBUG [b51d126f] c.s.m.d.s.basic.BasicChannelService  -
        Finding all channels for user: 3013c4f6-fd36-40e2-bd5f-ac632103d9c9
2026-03-31 01:23:39.506 [http-nio-8080-exec-10] DEBUG [12f0bdce] c.s.m.d.c.ReadStatusController       -
        Fetching read statuses for user: 3013c4f6-fd36-40e2-bd5f-ac632103d9c9
2026-03-31 01:23:39.506 [http-nio-8080-exec-10] DEBUG [12f0bdce] c.s.m.d.s.b.BasicReadStatusService   -
        Fetching/Allocating read statuses for user: 3013c4f6-fd36-40e2-bd5f-ac632103d9c9
2026-03-31 01:23:41.489 [http-nio-8080-exec-2] DEBUG [90512a01] c.s.m.d.controller.MessageController -
        Fetching messages for channel: c7dd3d76-5649-46b1-b196-cadf69623660, cursor: null, size: 50
2026-03-31 01:23:42.491 [http-nio-8080-exec-1] DEBUG [055d27e8] c.s.m.d.s.basic.BasicChannelService  -
        Finding all channels for user: 3013c4f6-fd36-40e2-bd5f-ac632103d9c9
2026-03-31 01:23:42.499 [http-nio-8080-exec-3] DEBUG [8affe1e1] c.s.m.d.c.ReadStatusController       -
        Fetching read statuses for user: 3013c4f6-fd36-40e2-bd5f-ac632103d9c9
2026-03-31 01:23:42.499 [http-nio-8080-exec-3] DEBUG [8affe1e1] c.s.m.d.s.b.BasicReadStatusService   -
        Fetching/Allocating read statuses for user: 3013c4f6-fd36-40e2-bd5f-ac632103d9c9
2026-03-31 01:23:45.493 [http-nio-8080-exec-6] DEBUG [0b05422b] c.s.m.d.controller.MessageController -
        Fetching messages for channel: c7dd3d76-5649-46b1-b196-cadf69623660, cursor: null, size: 50
2026-03-31 01:23:45.497 [http-nio-8080-exec-7] DEBUG [58b3f3e9] c.s.m.d.s.basic.BasicChannelService  -
        Finding all channels for user: 3013c4f6-fd36-40e2-bd5f-ac632103d9c9
2026-03-31 01:23:45.522 [http-nio-8080-exec-9] DEBUG [23a5c057] c.s.m.d.c.ReadStatusController       -
        Fetching read statuses for user: 3013c4f6-fd36-40e2-bd5f-ac632103d9c9
2026-03-31 01:23:45.522 [http-nio-8080-exec-9] DEBUG [23a5c057] c.s.m.d.s.b.BasicReadStatusService   -
        Fetching/Allocating read statuses for user: 3013c4f6-fd36-40e2-bd5f-ac632103d9c9
2026-03-31 01:23:48.490 [http-nio-8080-exec-5] DEBUG [3cc504a3] c.s.m.d.s.basic.BasicChannelService  -
        Finding all channels for user: 3013c4f6-fd36-40e2-bd5f-ac632103d9c9
2026-03-31 01:23:48.510 [http-nio-8080-exec-8] DEBUG [47044e07] c.s.m.d.c.ReadStatusController       -
        Fetching read statuses for user: 3013c4f6-fd36-40e2-bd5f-ac632103d9c9
2026-03-31 01:23:48.510 [http-nio-8080-exec-8] DEBUG [47044e07] c.s.m.d.s.b.BasicReadStatusService   -
        Fetching/Allocating read statuses for user: 3013c4f6-fd36-40e2-bd5f-ac632103d9c9
2026-03-31 01:23:49.497 [http-nio-8080-exec-4] DEBUG [b521a7d3] c.s.m.d.controller.MessageController -
        Fetching messages for channel: c7dd3d76-5649-46b1-b196-cadf69623660, cursor: null, size: 50
2026-03-31 01:23:51.496 [http-nio-8080-exec-10] DEBUG [a0ebf9c2] c.s.m.d.controller.UserController    -
        Updating status for user: 3013c4f6-fd36-40e2-bd5f-ac632103d9c9, last active: 2026-03-30T16:23:51.489Z
2026-03-31 01:23:51.496 [http-nio-8080-exec-10] INFO  [a0ebf9c2] c.s.m.d.s.b.BasicUserStatusService   -
        Updating status for user: 3013c4f6-fd36-40e2-bd5f-ac632103d9c9
2026-03-31 01:23:51.496 [http-nio-8080-exec-2] DEBUG [80d16aac] c.s.m.d.s.basic.BasicChannelService  -
        Finding all channels for user: 3013c4f6-fd36-40e2-bd5f-ac632103d9c9
2026-03-31 01:23:51.507 [http-nio-8080-exec-1] DEBUG [0f2c149f] c.s.m.d.c.ReadStatusController       -
        Fetching read statuses for user: 3013c4f6-fd36-40e2-bd5f-ac632103d9c9
2026-03-31 01:23:51.507 [http-nio-8080-exec-1] DEBUG [0f2c149f] c.s.m.d.s.b.BasicReadStatusService   -
        Fetching/Allocating read statuses for user: 3013c4f6-fd36-40e2-bd5f-ac632103d9c9
2026-03-31 01:23:53.501 [http-nio-8080-exec-3] DEBUG [09b6f9a2] c.s.m.d.controller.MessageController -
        Fetching messages for channel: c7dd3d76-5649-46b1-b196-cadf69623660, cursor: null, size: 50
2026-03-31 01:23:54.489 [http-nio-8080-exec-6] DEBUG [2b3a8918] c.s.m.d.s.basic.BasicChannelService  -
        Finding all channels for user: 3013c4f6-fd36-40e2-bd5f-ac632103d9c9
2026-03-31 01:23:54.501 [http-nio-8080-exec-7] DEBUG [58879b25] c.s.m.d.c.ReadStatusController       -
        Fetching read statuses for user: 3013c4f6-fd36-40e2-bd5f-ac632103d9c9
2026-03-31 01:23:54.501 [http-nio-8080-exec-7] DEBUG [58879b25] c.s.m.d.s.b.BasicReadStatusService   -
        Fetching/Allocating read statuses for user: 3013c4f6-fd36-40e2-bd5f-ac632103d9c9
2026-03-31 01:23:57.484 [http-nio-8080-exec-9] DEBUG [849e840a] c.s.m.d.controller.MessageController -
        Fetching messages for channel: c7dd3d76-5649-46b1-b196-cadf69623660, cursor: null, size: 50
2026-03-31 01:23:57.495 [http-nio-8080-exec-5] DEBUG [2b1c2698] c.s.m.d.s.basic.BasicChannelService  -
        Finding all channels for user: 3013c4f6-fd36-40e2-bd5f-ac632103d9c9
2026-03-31 01:23:57.518 [http-nio-8080-exec-8] DEBUG [508a8e56] c.s.m.d.c.ReadStatusController       -
        Fetching read statuses for user: 3013c4f6-fd36-40e2-bd5f-ac632103d9c9
2026-03-31 01:23:57.520 [http-nio-8080-exec-8] DEBUG [508a8e56] c.s.m.d.s.b.BasicReadStatusService   -
        Fetching/Allocating read statuses for user: 3013c4f6-fd36-40e2-bd5f-ac632103d9c9
2026-03-31 01:24:00.506 [http-nio-8080-exec-4] DEBUG [a26a5290] c.s.m.d.s.basic.BasicChannelService  -
        Finding all channels for user: 3013c4f6-fd36-40e2-bd5f-ac632103d9c9
2026-03-31 01:24:00.519 [http-nio-8080-exec-10] DEBUG [78331866] c.s.m.d.c.ReadStatusController       -
        Fetching read statuses for user: 3013c4f6-fd36-40e2-bd5f-ac632103d9c9
2026-03-31 01:24:00.526 [http-nio-8080-exec-10] DEBUG [78331866] c.s.m.d.s.b.BasicReadStatusService   -
        Fetching/Allocating read statuses for user: 3013c4f6-fd36-40e2-bd5f-ac632103d9c9
2026-03-31 01:24:01.495 [http-nio-8080-exec-2] DEBUG [1128228e] c.s.m.d.controller.MessageController -
        Fetching messages for channel: c7dd3d76-5649-46b1-b196-cadf69623660, cursor: null, size: 50
2026-03-31 01:24:03.490 [http-nio-8080-exec-1] DEBUG [3ee1d72b] c.s.m.d.s.basic.BasicChannelService  -
        Finding all channels for user: 3013c4f6-fd36-40e2-bd5f-ac632103d9c9
2026-03-31 01:24:03.500 [http-nio-8080-exec-3] DEBUG [a92d8f00] c.s.m.d.c.ReadStatusController       -
        Fetching read statuses for user: 3013c4f6-fd36-40e2-bd5f-ac632103d9c9
2026-03-31 01:24:03.505 [http-nio-8080-exec-3] DEBUG [a92d8f00] c.s.m.d.s.b.BasicReadStatusService   -
        Fetching/Allocating read statuses for user: 3013c4f6-fd36-40e2-bd5f-ac632103d9c9
2026-03-31 01:24:05.491 [http-nio-8080-exec-6] DEBUG [9581b735] c.s.m.d.controller.MessageController -
        Fetching messages for channel: c7dd3d76-5649-46b1-b196-cadf69623660, cursor: null, size: 50
2026-03-31 01:24:06.491 [http-nio-8080-exec-7] DEBUG [9305f993] c.s.m.d.s.basic.BasicChannelService  -
        Finding all channels for user: 3013c4f6-fd36-40e2-bd5f-ac632103d9c9
2026-03-31 01:24:06.507 [http-nio-8080-exec-9] DEBUG [b796991a] c.s.m.d.c.ReadStatusController       -
        Fetching read statuses for user: 3013c4f6-fd36-40e2-bd5f-ac632103d9c9
2026-03-31 01:24:06.514 [http-nio-8080-exec-9] DEBUG [b796991a] c.s.m.d.s.b.BasicReadStatusService   -
        Fetching/Allocating read statuses for user: 3013c4f6-fd36-40e2-bd5f-ac632103d9c9
2026-03-31 01:24:09.496 [http-nio-8080-exec-5] DEBUG [0ec785f1] c.s.m.d.controller.MessageController -
        Fetching messages for channel: c7dd3d76-5649-46b1-b196-cadf69623660, cursor: null, size: 50
2026-03-31 01:24:09.496 [http-nio-8080-exec-8] DEBUG [f66340cb] c.s.m.d.s.basic.BasicChannelService  -
        Finding all channels for user: 3013c4f6-fd36-40e2-bd5f-ac632103d9c9
2026-03-31 01:24:09.509 [http-nio-8080-exec-4] DEBUG [bb425349] c.s.m.d.c.ReadStatusController       -
        Fetching read statuses for user: 3013c4f6-fd36-40e2-bd5f-ac632103d9c9
2026-03-31 01:24:09.509 [http-nio-8080-exec-4] DEBUG [bb425349] c.s.m.d.s.b.BasicReadStatusService   -
        Fetching/Allocating read statuses for user: 3013c4f6-fd36-40e2-bd5f-ac632103d9c9
2026-03-31 01:24:12.494 [http-nio-8080-exec-10] DEBUG [5f3f6a3f] c.s.m.d.s.basic.BasicChannelService  -
        Finding all channels for user: 3013c4f6-fd36-40e2-bd5f-ac632103d9c9
2026-03-31 01:24:12.518 [http-nio-8080-exec-2] DEBUG [44821b9a] c.s.m.d.c.ReadStatusController       -
        Fetching read statuses for user: 3013c4f6-fd36-40e2-bd5f-ac632103d9c9
2026-03-31 01:24:12.518 [http-nio-8080-exec-2] DEBUG [44821b9a] c.s.m.d.s.b.BasicReadStatusService   -
        Fetching/Allocating read statuses for user: 3013c4f6-fd36-40e2-bd5f-ac632103d9c9
2026-03-31 01:24:13.496 [http-nio-8080-exec-1] DEBUG [aaaaef12] c.s.m.d.controller.MessageController -
        Fetching messages for channel: c7dd3d76-5649-46b1-b196-cadf69623660, cursor: null, size: 50
2026-03-31 01:24:15.491 [http-nio-8080-exec-3] DEBUG [3c39d8fc] c.s.m.d.s.basic.BasicChannelService  -
        Finding all channels for user: 3013c4f6-fd36-40e2-bd5f-ac632103d9c9
2026-03-31 01:24:15.505 [http-nio-8080-exec-6] DEBUG [8fee0153] c.s.m.d.c.ReadStatusController       -
        Fetching read statuses for user: 3013c4f6-fd36-40e2-bd5f-ac632103d9c9
2026-03-31 01:24:15.505 [http-nio-8080-exec-6] DEBUG [8fee0153] c.s.m.d.s.b.BasicReadStatusService   -
        Fetching/Allocating read statuses for user: 3013c4f6-fd36-40e2-bd5f-ac632103d9c9
2026-03-31 01:24:17.494 [http-nio-8080-exec-7] DEBUG [b99f7c60] c.s.m.d.controller.MessageController -
        Fetching messages for channel: c7dd3d76-5649-46b1-b196-cadf69623660, cursor: null, size: 50
2026-03-31 01:24:18.497 [http-nio-8080-exec-9] DEBUG [7cf17b3a] c.s.m.d.s.basic.BasicChannelService  -
        Finding all channels for user: 3013c4f6-fd36-40e2-bd5f-ac632103d9c9
2026-03-31 01:24:18.514 [http-nio-8080-exec-5] DEBUG [fcbbdab9] c.s.m.d.c.ReadStatusController       -
        Fetching read statuses for user: 3013c4f6-fd36-40e2-bd5f-ac632103d9c9
2026-03-31 01:24:18.514 [http-nio-8080-exec-5] DEBUG [fcbbdab9] c.s.m.d.s.b.BasicReadStatusService   -
        Fetching/Allocating read statuses for user: 3013c4f6-fd36-40e2-bd5f-ac632103d9c9
2026-03-31 01:24:21.494 [http-nio-8080-exec-8] DEBUG [5732dd3b] c.s.m.d.controller.MessageController -
        Fetching messages for channel: c7dd3d76-5649-46b1-b196-cadf69623660, cursor: null, size: 50
2026-03-31 01:24:21.494 [http-nio-8080-exec-4] DEBUG [460f9448] c.s.m.d.controller.UserController    -
        Updating status for user: 3013c4f6-fd36-40e2-bd5f-ac632103d9c9, last active: 2026-03-30T16:24:21.491Z
2026-03-31 01:24:21.494 [http-nio-8080-exec-4] INFO  [460f9448] c.s.m.d.s.b.BasicUserStatusService   -
        Updating status for user: 3013c4f6-fd36-40e2-bd5f-ac632103d9c9
2026-03-31 01:24:21.502 [http-nio-8080-exec-10] DEBUG [c6230a76] c.s.m.d.controller.UserController    -
        Fetching all users list
2026-03-31 01:24:21.503 [http-nio-8080-exec-2] DEBUG [05c907ae] c.s.m.d.s.basic.BasicChannelService  -
        Finding all channels for user: 3013c4f6-fd36-40e2-bd5f-ac632103d9c9
2026-03-31 01:24:21.503 [http-nio-8080-exec-10] DEBUG [c6230a76] c.s.m.d.s.basic.BasicUserService     -
        Listing all users
2026-03-31 01:24:21.505 [http-nio-8080-exec-10] DEBUG [c6230a76] c.s.m.d.s.b.BasicUserStatusService   -
        Checking online status for user: 3013c4f6-fd36-40e2-bd5f-ac632103d9c9
2026-03-31 01:24:21.507 [http-nio-8080-exec-10] DEBUG [c6230a76] c.s.m.d.s.b.BasicUserStatusService   -
        Checking online status for user: 547eb4ad-6723-4f05-9fa8-ba75b7d31e4a
2026-03-31 01:24:21.507 [http-nio-8080-exec-10] DEBUG [c6230a76] c.s.m.d.s.b.BasicUserStatusService   -
        Checking online status for user: 71079135-341e-43e3-b879-dd6818116591
2026-03-31 01:24:21.513 [http-nio-8080-exec-1] DEBUG [d5b3400a] c.s.m.d.c.ReadStatusController       -
        Fetching read statuses for user: 3013c4f6-fd36-40e2-bd5f-ac632103d9c9
2026-03-31 01:24:21.513 [http-nio-8080-exec-1] DEBUG [d5b3400a] c.s.m.d.s.b.BasicReadStatusService   -
        Fetching/Allocating read statuses for user: 3013c4f6-fd36-40e2-bd5f-ac632103d9c9
2026-03-31 01:24:21.525 [http-nio-8080-exec-3] DEBUG [6a8fbe1d] c.s.m.d.s.basic.BasicChannelService  -
        Finding all channels for user: 3013c4f6-fd36-40e2-bd5f-ac632103d9c9
2026-03-31 01:24:21.526 [http-nio-8080-exec-6] DEBUG [451bc571] c.s.m.d.c.ReadStatusController       -
        Fetching read statuses for user: 3013c4f6-fd36-40e2-bd5f-ac632103d9c9
2026-03-31 01:24:21.526 [http-nio-8080-exec-6] DEBUG [451bc571] c.s.m.d.s.b.BasicReadStatusService   -
        Fetching/Allocating read statuses for user: 3013c4f6-fd36-40e2-bd5f-ac632103d9c9
2026-03-31 01:24:21.544 [http-nio-8080-exec-7] DEBUG [e2d2f538] c.s.m.d.c.ReadStatusController       -
        Fetching read statuses for user: 3013c4f6-fd36-40e2-bd5f-ac632103d9c9
2026-03-31 01:24:21.544 [http-nio-8080-exec-7] DEBUG [e2d2f538] c.s.m.d.s.b.BasicReadStatusService   -
        Fetching/Allocating read statuses for user: 3013c4f6-fd36-40e2-bd5f-ac632103d9c9
2026-03-31 01:24:24.527 [http-nio-8080-exec-9] DEBUG [3bc5fcea] c.s.m.d.controller.MessageController -
        Fetching messages for channel: c7dd3d76-5649-46b1-b196-cadf69623660, cursor: null, size: 50
2026-03-31 01:24:24.529 [http-nio-8080-exec-5] DEBUG [db9b89cf] c.s.m.d.s.basic.BasicChannelService  -
        Finding all channels for user: 3013c4f6-fd36-40e2-bd5f-ac632103d9c9
2026-03-31 01:24:24.539 [http-nio-8080-exec-8] DEBUG [00fde450] c.s.m.d.c.ReadStatusController       -
        Fetching read statuses for user: 3013c4f6-fd36-40e2-bd5f-ac632103d9c9
2026-03-31 01:24:24.539 [http-nio-8080-exec-8] DEBUG [00fde450] c.s.m.d.s.b.BasicReadStatusService   -
        Fetching/Allocating read statuses for user: 3013c4f6-fd36-40e2-bd5f-ac632103d9c9
2026-03-31 01:24:27.543 [http-nio-8080-exec-2] DEBUG [9334f465] c.s.m.d.controller.MessageController -
        Fetching messages for channel: c7dd3d76-5649-46b1-b196-cadf69623660, cursor: null, size: 50
2026-03-31 01:24:27.544 [http-nio-8080-exec-4] DEBUG [458ccce5] c.s.m.d.s.basic.BasicChannelService  -
        Finding all channels for user: 3013c4f6-fd36-40e2-bd5f-ac632103d9c9
2026-03-31 01:24:27.552 [http-nio-8080-exec-10] DEBUG [c7813dae] c.s.m.d.c.ReadStatusController       -
        Fetching read statuses for user: 3013c4f6-fd36-40e2-bd5f-ac632103d9c9
2026-03-31 01:24:27.552 [http-nio-8080-exec-10] DEBUG [c7813dae] c.s.m.d.s.b.BasicReadStatusService   -
        Fetching/Allocating read statuses for user: 3013c4f6-fd36-40e2-bd5f-ac632103d9c9
2026-03-31 01:24:30.531 [http-nio-8080-exec-1] DEBUG [4bce9be3] c.s.m.d.s.basic.BasicChannelService  -
        Finding all channels for user: 3013c4f6-fd36-40e2-bd5f-ac632103d9c9
2026-03-31 01:24:30.543 [http-nio-8080-exec-3] DEBUG [2dce6cd5] c.s.m.d.c.ReadStatusController       -
        Fetching read statuses for user: 3013c4f6-fd36-40e2-bd5f-ac632103d9c9
2026-03-31 01:24:30.545 [http-nio-8080-exec-3] DEBUG [2dce6cd5] c.s.m.d.s.b.BasicReadStatusService   -
        Fetching/Allocating read statuses for user: 3013c4f6-fd36-40e2-bd5f-ac632103d9c9
2026-03-31 01:24:30.560 [http-nio-8080-exec-6] DEBUG [2f84c510] c.s.m.d.controller.MessageController -
        Fetching messages for channel: c7dd3d76-5649-46b1-b196-cadf69623660, cursor: null, size: 50
2026-03-31 01:24:33.533 [http-nio-8080-exec-7] DEBUG [dac5b1fe] c.s.m.d.s.basic.BasicChannelService  -
        Finding all channels for user: 3013c4f6-fd36-40e2-bd5f-ac632103d9c9
2026-03-31 01:24:33.544 [http-nio-8080-exec-9] DEBUG [aaf2e0ae] c.s.m.d.c.ReadStatusController       -
        Fetching read statuses for user: 3013c4f6-fd36-40e2-bd5f-ac632103d9c9
2026-03-31 01:24:33.544 [http-nio-8080-exec-9] DEBUG [aaf2e0ae] c.s.m.d.s.b.BasicReadStatusService   -
        Fetching/Allocating read statuses for user: 3013c4f6-fd36-40e2-bd5f-ac632103d9c9
2026-03-31 01:24:33.569 [http-nio-8080-exec-5] DEBUG [3f16d9b3] c.s.m.d.controller.MessageController -
        Fetching messages for channel: c7dd3d76-5649-46b1-b196-cadf69623660, cursor: null, size: 50
2026-03-31 01:24:35.065 [http-nio-8080-exec-8] DEBUG [9b2353db] c.s.m.d.controller.UserController    -
        Updating status for user: 3013c4f6-fd36-40e2-bd5f-ac632103d9c9, last active: 2026-03-30T16:24:35.057Z
2026-03-31 01:24:35.065 [http-nio-8080-exec-8] INFO  [9b2353db] c.s.m.d.s.b.BasicUserStatusService   -
        Updating status for user: 3013c4f6-fd36-40e2-bd5f-ac632103d9c9
2026-03-31 01:24:46.238 [http-nio-8080-exec-2] INFO  [c16d5f87] c.s.m.d.controller.AuthController    -
        Login attempt for username: User1
2026-03-31 01:24:46.238 [http-nio-8080-exec-2] INFO  [c16d5f87] c.s.m.d.s.basic.BasicAuthService     -
        Attempting login for username: User1
2026-03-31 01:24:46.571 [http-nio-8080-exec-2] INFO  [c16d5f87] c.s.m.d.s.basic.BasicAuthService     -
        Login successful: user id '547eb4ad-6723-4f05-9fa8-ba75b7d31e4a'
2026-03-31 01:24:46.571 [http-nio-8080-exec-2] INFO  [c16d5f87] c.s.m.d.controller.AuthController    -
        Login successful for user id: 547eb4ad-6723-4f05-9fa8-ba75b7d31e4a
2026-03-31 01:24:46.582 [http-nio-8080-exec-4] DEBUG [fdcaba1f] c.s.m.d.controller.UserController    -
        Fetching all users list
2026-03-31 01:24:46.582 [http-nio-8080-exec-4] DEBUG [fdcaba1f] c.s.m.d.s.basic.BasicUserService     -
        Listing all users
2026-03-31 01:24:46.586 [http-nio-8080-exec-4] DEBUG [fdcaba1f] c.s.m.d.s.b.BasicUserStatusService   -
        Checking online status for user: 3013c4f6-fd36-40e2-bd5f-ac632103d9c9
2026-03-31 01:24:46.588 [http-nio-8080-exec-4] DEBUG [fdcaba1f] c.s.m.d.s.b.BasicUserStatusService   -
        Checking online status for user: 547eb4ad-6723-4f05-9fa8-ba75b7d31e4a
2026-03-31 01:24:46.590 [http-nio-8080-exec-4] DEBUG [fdcaba1f] c.s.m.d.s.b.BasicUserStatusService   -
        Checking online status for user: 71079135-341e-43e3-b879-dd6818116591
2026-03-31 01:24:46.603 [http-nio-8080-exec-1] DEBUG [5a15b197] c.s.m.d.c.ReadStatusController       -
        Fetching read statuses for user: 547eb4ad-6723-4f05-9fa8-ba75b7d31e4a
2026-03-31 01:24:46.603 [http-nio-8080-exec-10] DEBUG [d2368047] c.s.m.d.s.basic.BasicChannelService  -
        Finding all channels for user: 547eb4ad-6723-4f05-9fa8-ba75b7d31e4a
2026-03-31 01:24:46.603 [http-nio-8080-exec-1] DEBUG [5a15b197] c.s.m.d.s.b.BasicReadStatusService   -
        Fetching/Allocating read statuses for user: 547eb4ad-6723-4f05-9fa8-ba75b7d31e4a
2026-03-31 01:24:46.603 [http-nio-8080-exec-3] DEBUG [35dc5a5d] c.s.m.d.controller.MessageController -
        Fetching messages for channel: c7dd3d76-5649-46b1-b196-cadf69623660, cursor: null, size: 50
2026-03-31 01:24:46.605 [http-nio-8080-exec-6] DEBUG [03fcbb1e] c.s.m.d.controller.UserController    -
        Fetching all users list
2026-03-31 01:24:46.605 [http-nio-8080-exec-6] DEBUG [03fcbb1e] c.s.m.d.s.basic.BasicUserService     -
        Listing all users
2026-03-31 01:24:46.605 [http-nio-8080-exec-6] DEBUG [03fcbb1e] c.s.m.d.s.b.BasicUserStatusService   -
        Checking online status for user: 3013c4f6-fd36-40e2-bd5f-ac632103d9c9
2026-03-31 01:24:46.607 [http-nio-8080-exec-6] DEBUG [03fcbb1e] c.s.m.d.s.b.BasicUserStatusService   -
        Checking online status for user: 547eb4ad-6723-4f05-9fa8-ba75b7d31e4a
2026-03-31 01:24:46.607 [http-nio-8080-exec-7] DEBUG [b9564c0a] c.s.m.d.controller.UserController    -
        Updating status for user: 547eb4ad-6723-4f05-9fa8-ba75b7d31e4a, last active: 2026-03-30T16:24:46.601Z
2026-03-31 01:24:46.607 [http-nio-8080-exec-7] INFO  [b9564c0a] c.s.m.d.s.b.BasicUserStatusService   -
        Updating status for user: 547eb4ad-6723-4f05-9fa8-ba75b7d31e4a
2026-03-31 01:24:46.609 [http-nio-8080-exec-6] DEBUG [03fcbb1e] c.s.m.d.s.b.BasicUserStatusService   -
        Checking online status for user: 71079135-341e-43e3-b879-dd6818116591
2026-03-31 01:24:46.611 [http-nio-8080-exec-1] DEBUG [5a15b197] c.s.m.d.s.b.BasicReadStatusService   -
        Lazy allocating ReadStatus for user: 547eb4ad-6723-4f05-9fa8-ba75b7d31e4a in channel: c1265582-443f-4a1e-9b2f-af9e86b5d3b9
2026-03-31 01:24:46.611 [http-nio-8080-exec-9] DEBUG [abb7bd60] c.s.m.d.controller.UserController    -
        Updating status for user: 547eb4ad-6723-4f05-9fa8-ba75b7d31e4a, last active: 2026-03-30T16:24:46.601Z
2026-03-31 01:24:46.611 [http-nio-8080-exec-9] INFO  [abb7bd60] c.s.m.d.s.b.BasicUserStatusService   -
        Updating status for user: 547eb4ad-6723-4f05-9fa8-ba75b7d31e4a
2026-03-31 01:24:46.613 [http-nio-8080-exec-6] DEBUG [23716d34] c.s.m.d.controller.MessageController -
        Fetching messages for channel: c7dd3d76-5649-46b1-b196-cadf69623660, cursor: null, size: 50
2026-03-31 01:24:46.618 [http-nio-8080-exec-8] DEBUG [a61da97d] c.s.m.d.s.basic.BasicChannelService  -
        Finding all channels for user: 547eb4ad-6723-4f05-9fa8-ba75b7d31e4a
2026-03-31 01:24:46.618 [http-nio-8080-exec-2] DEBUG [a37a680f] c.s.m.d.controller.UserController    -
        Fetching all users list
2026-03-31 01:24:46.619 [http-nio-8080-exec-2] DEBUG [a37a680f] c.s.m.d.s.basic.BasicUserService     -
        Listing all users
2026-03-31 01:24:46.619 [http-nio-8080-exec-2] DEBUG [a37a680f] c.s.m.d.s.b.BasicUserStatusService   -
        Checking online status for user: 3013c4f6-fd36-40e2-bd5f-ac632103d9c9
2026-03-31 01:24:46.622 [http-nio-8080-exec-2] DEBUG [a37a680f] c.s.m.d.s.b.BasicUserStatusService   -
        Checking online status for user: 547eb4ad-6723-4f05-9fa8-ba75b7d31e4a
2026-03-31 01:24:46.622 [http-nio-8080-exec-2] DEBUG [a37a680f] c.s.m.d.s.b.BasicUserStatusService   -
        Checking online status for user: 71079135-341e-43e3-b879-dd6818116591
2026-03-31 01:24:46.622 [http-nio-8080-exec-4] DEBUG [c531528e] c.s.m.d.c.ReadStatusController       -
        Fetching read statuses for user: 547eb4ad-6723-4f05-9fa8-ba75b7d31e4a
2026-03-31 01:24:46.622 [http-nio-8080-exec-4] DEBUG [c531528e] c.s.m.d.s.b.BasicReadStatusService   -
        Fetching/Allocating read statuses for user: 547eb4ad-6723-4f05-9fa8-ba75b7d31e4a
2026-03-31 01:24:46.628 [http-nio-8080-exec-10] DEBUG [98ce8db5] c.s.m.d.s.basic.BasicChannelService  -
        Finding all channels for user: 547eb4ad-6723-4f05-9fa8-ba75b7d31e4a
2026-03-31 01:24:46.634 [http-nio-8080-exec-3] DEBUG [a825dc6d] c.s.m.d.c.ReadStatusController       -
        Fetching read statuses for user: 547eb4ad-6723-4f05-9fa8-ba75b7d31e4a
2026-03-31 01:24:46.634 [http-nio-8080-exec-3] DEBUG [a825dc6d] c.s.m.d.s.b.BasicReadStatusService   -
        Fetching/Allocating read statuses for user: 547eb4ad-6723-4f05-9fa8-ba75b7d31e4a
2026-03-31 01:24:46.648 [http-nio-8080-exec-5] DEBUG [da768f48] c.s.m.d.c.ReadStatusController       -
        Fetching read statuses for user: 547eb4ad-6723-4f05-9fa8-ba75b7d31e4a
2026-03-31 01:24:46.648 [http-nio-8080-exec-5] DEBUG [da768f48] c.s.m.d.s.b.BasicReadStatusService   -
        Fetching/Allocating read statuses for user: 547eb4ad-6723-4f05-9fa8-ba75b7d31e4a
2026-03-31 01:24:46.661 [http-nio-8080-exec-7] DEBUG [5d1b52f2] c.s.m.d.c.ReadStatusController       -
        Fetching read statuses for user: 547eb4ad-6723-4f05-9fa8-ba75b7d31e4a
2026-03-31 01:24:46.661 [http-nio-8080-exec-7] DEBUG [5d1b52f2] c.s.m.d.s.b.BasicReadStatusService   -
        Fetching/Allocating read statuses for user: 547eb4ad-6723-4f05-9fa8-ba75b7d31e4a
2026-03-31 01:24:46.676 [http-nio-8080-exec-6] DEBUG [a9cbcf6f] c.s.m.d.c.ReadStatusController       -
        Fetching read statuses for user: 547eb4ad-6723-4f05-9fa8-ba75b7d31e4a
2026-03-31 01:24:46.676 [http-nio-8080-exec-6] DEBUG [a9cbcf6f] c.s.m.d.s.b.BasicReadStatusService   -
        Fetching/Allocating read statuses for user: 547eb4ad-6723-4f05-9fa8-ba75b7d31e4a
2026-03-31 01:24:47.073 [http-nio-8080-exec-9] DEBUG [8c7cf3b2] c.s.m.d.controller.MessageController -
        Fetching messages for channel: c7dd3d76-5649-46b1-b196-cadf69623660, cursor: null, size: 50
2026-03-31 01:24:47.772 [http-nio-8080-exec-1] DEBUG [da04a727] c.s.m.d.controller.MessageController -
        Fetching messages for channel: c7dd3d76-5649-46b1-b196-cadf69623660, cursor: null, size: 50
2026-03-31 01:24:48.802 [http-nio-8080-exec-8] DEBUG [c8e41685] c.s.m.d.controller.MessageController -
        Fetching messages for channel: c7dd3d76-5649-46b1-b196-cadf69623660, cursor: null, size: 50
2026-03-31 01:24:49.390 [http-nio-8080-exec-2] INFO  [d5f4b0d4] c.s.m.d.c.ReadStatusController       -
        Updating read status: bee19dde-6d35-4cd2-9433-a83f3c3a7e01 with time: 2026-03-30T16:24:49.385Z
2026-03-31 01:24:49.390 [http-nio-8080-exec-4] DEBUG [3df21ffc] c.s.m.d.controller.MessageController -
        Fetching messages for channel: c1265582-443f-4a1e-9b2f-af9e86b5d3b9, cursor: null, size: 50
2026-03-31 01:24:49.390 [http-nio-8080-exec-2] INFO  [d5f4b0d4] c.s.m.d.s.b.BasicReadStatusService   -
        Updating lastReadAt for readStatus: bee19dde-6d35-4cd2-9433-a83f3c3a7e01
2026-03-31 01:24:49.396 [http-nio-8080-exec-10] DEBUG [385b114d] c.s.m.d.controller.MessageController -
        Fetching messages for channel: c1265582-443f-4a1e-9b2f-af9e86b5d3b9, cursor: null, size: 50
2026-03-31 01:24:49.402 [http-nio-8080-exec-3] INFO  [0713bebd] c.s.m.d.c.BinaryContentController    -
        File download request for binary content id: 34e64a1f-d521-4589-a60c-ef8c2ba9c7a3
2026-03-31 01:24:49.405 [http-nio-8080-exec-3] INFO  [0713bebd] c.s.m.d.s.b.BasicBinaryContentService -
        Downloading file resource: 34e64a1f-d521-4589-a60c-ef8c2ba9c7a3
2026-03-31 01:24:49.407 [http-nio-8080-exec-3] WARN  [0713bebd] o.a.coyote.http11.Http11Processor    -
        The HTTP response header [Content-Disposition] with value [attachment; filename="스크린샷 2025-09-10 141938.png"] has been removed from the response because it is invalid
java.lang.IllegalArgumentException: The Unicode character [스] at code point [49,828] cannot be encoded as it is outside the permitted range of 0 to 255
	at org.apache.tomcat.util.buf.MessageBytes.toBytesSimple(MessageBytes.java:310)
	at org.apache.tomcat.util.buf.MessageBytes.toBytes(MessageBytes.java:283)
	at org.apache.coyote.http11.Http11OutputBuffer.write(Http11OutputBuffer.java:400)
	at org.apache.coyote.http11.Http11OutputBuffer.sendHeader(Http11OutputBuffer.java:379)
	at org.apache.coyote.http11.Http11Processor.writeHeaders(Http11Processor.java:1070)
	at org.apache.coyote.http11.Http11Processor.prepareResponse(Http11Processor.java:1057)
	at org.apache.coyote.AbstractProcessor.action(AbstractProcessor.java:377)
	at org.apache.coyote.Response.action(Response.java:208)
	at org.apache.coyote.http11.Http11OutputBuffer.doWrite(Http11OutputBuffer.java:187)
	at org.apache.coyote.Response.doWrite(Response.java:633)
	at org.apache.catalina.connector.OutputBuffer.realWriteBytes(OutputBuffer.java:329)
	at org.apache.catalina.connector.OutputBuffer.flushByteBuffer(OutputBuffer.java:776)
	at org.apache.catalina.connector.OutputBuffer.append(OutputBuffer.java:673)
	at org.apache.catalina.connector.OutputBuffer.writeBytes(OutputBuffer.java:376)
	at org.apache.catalina.connector.OutputBuffer.write(OutputBuffer.java:354)
	at org.apache.catalina.connector.CoyoteOutputStream.write(CoyoteOutputStream.java:103)
	at org.springframework.security.web.util.OnCommittedResponseWrapper$SaveContextServletOutputStream.write(OnCommittedResponseWrapper.java:639)
	at org.springframework.web.context.request.async.StandardServletAsyncWebRequest$LifecycleServletOutputStream.write(StandardServletAsyncWebRequest.java:401)
	at java.base/java.io.InputStream.transferTo(InputStream.java:783)
	at org.springframework.http.converter.ResourceHttpMessageConverter.writeContent(ResourceHttpMessageConverter.java:160)
	at org.springframework.http.converter.ResourceHttpMessageConverter.writeInternal(ResourceHttpMessageConverter.java:115)
	at org.springframework.http.converter.ResourceHttpMessageConverter.writeInternal(ResourceHttpMessageConverter.java:46)
	at org.springframework.http.converter.AbstractHttpMessageConverter.write(AbstractHttpMessageConverter.java:235)
	at org.springframework.web.servlet.mvc.method.annotation.AbstractMessageConverterMethodProcessor.writeWithMessageConverters(AbstractMessageConverterMethodProcessor.java:344)
	at org.springframework.web.servlet.mvc.method.annotation.HttpEntityMethodProcessor.handleReturnValue(HttpEntityMethodProcessor.java:261)
	at org.springframework.web.method.support.HandlerMethodReturnValueHandlerComposite.handleReturnValue(HandlerMethodReturnValueHandlerComposite.java:78)
	at org.springframework.web.servlet.mvc.method.annotation.ServletInvocableHandlerMethod.invokeAndHandle(ServletInvocableHandlerMethod.java:136)
	at org.springframework.web.servlet.mvc.method.annotation.RequestMappingHandlerAdapter.invokeHandlerMethod(RequestMappingHandlerAdapter.java:986)
	at org.springframework.web.servlet.mvc.method.annotation.RequestMappingHandlerAdapter.handleInternal(RequestMappingHandlerAdapter.java:891)
	at org.springframework.web.servlet.mvc.method.AbstractHandlerMethodAdapter.handle(AbstractHandlerMethodAdapter.java:87)
	at org.springframework.web.servlet.DispatcherServlet.doDispatch(DispatcherServlet.java:1088)
	at org.springframework.web.servlet.DispatcherServlet.doService(DispatcherServlet.java:978)
	at org.springframework.web.servlet.FrameworkServlet.processRequest(FrameworkServlet.java:1014)
	at org.springframework.web.servlet.FrameworkServlet.doGet(FrameworkServlet.java:903)
	at jakarta.servlet.http.HttpServlet.service(HttpServlet.java:564)
	at org.springframework.web.servlet.FrameworkServlet.service(FrameworkServlet.java:885)
	at jakarta.servlet.http.HttpServlet.service(HttpServlet.java:658)
	at org.apache.catalina.core.ApplicationFilterChain.internalDoFilter(ApplicationFilterChain.java:195)
	at org.apache.catalina.core.ApplicationFilterChain.doFilter(ApplicationFilterChain.java:140)
	at org.apache.tomcat.websocket.server.WsFilter.doFilter(WsFilter.java:51)
	at org.apache.catalina.core.ApplicationFilterChain.internalDoFilter(ApplicationFilterChain.java:164)
	at org.apache.catalina.core.ApplicationFilterChain.doFilter(ApplicationFilterChain.java:140)
	at org.springframework.web.filter.CompositeFilter$VirtualFilterChain.doFilter(CompositeFilter.java:108)
	at org.springframework.security.web.FilterChainProxy.lambda$doFilterInternal$3(FilterChainProxy.java:231)
	at org.springframework.security.web.ObservationFilterChainDecorator$FilterObservation$SimpleFilterObservation.lambda$wrap$1(ObservationFilterChainDecorator.java:479)
	at org.springframework.security.web.ObservationFilterChainDecorator$AroundFilterObservation$SimpleAroundFilterObservation.lambda$wrap$1(ObservationFilterChainDecorator.java:340)
	at org.springframework.security.web.ObservationFilterChainDecorator.lambda$wrapSecured$0(ObservationFilterChainDecorator.java:82)
	at org.springframework.security.web.ObservationFilterChainDecorator$VirtualFilterChain.doFilter(ObservationFilterChainDecorator.java:128)
	at org.springframework.security.web.access.intercept.AuthorizationFilter.doFilter(AuthorizationFilter.java:101)
	at org.springframework.security.web.ObservationFilterChainDecorator$ObservationFilter.wrapFilter(ObservationFilterChainDecorator.java:240)
	at org.springframework.security.web.ObservationFilterChainDecorator$ObservationFilter.doFilter(ObservationFilterChainDecorator.java:227)
	at org.springframework.security.web.ObservationFilterChainDecorator$VirtualFilterChain.doFilter(ObservationFilterChainDecorator.java:137)
	at org.springframework.security.web.access.ExceptionTranslationFilter.doFilter(ExceptionTranslationFilter.java:126)
	at org.springframework.security.web.access.ExceptionTranslationFilter.doFilter(ExceptionTranslationFilter.java:120)
	at org.springframework.security.web.ObservationFilterChainDecorator$ObservationFilter.wrapFilter(ObservationFilterChainDecorator.java:240)
	at org.springframework.security.web.ObservationFilterChainDecorator$ObservationFilter.doFilter(ObservationFilterChainDecorator.java:227)
	at org.springframework.security.web.ObservationFilterChainDecorator$VirtualFilterChain.doFilter(ObservationFilterChainDecorator.java:137)
	at org.springframework.security.web.authentication.AnonymousAuthenticationFilter.doFilter(AnonymousAuthenticationFilter.java:100)
	at org.springframework.security.web.ObservationFilterChainDecorator$ObservationFilter.wrapFilter(ObservationFilterChainDecorator.java:240)
	at org.springframework.security.web.ObservationFilterChainDecorator$ObservationFilter.doFilter(ObservationFilterChainDecorator.java:227)
	at org.springframework.security.web.ObservationFilterChainDecorator$VirtualFilterChain.doFilter(ObservationFilterChainDecorator.java:137)
	at org.springframework.security.web.servletapi.SecurityContextHolderAwareRequestFilter.doFilter(SecurityContextHolderAwareRequestFilter.java:179)
	at org.springframework.security.web.ObservationFilterChainDecorator$ObservationFilter.wrapFilter(ObservationFilterChainDecorator.java:240)
	at org.springframework.security.web.ObservationFilterChainDecorator$ObservationFilter.doFilter(ObservationFilterChainDecorator.java:227)
	at org.springframework.security.web.ObservationFilterChainDecorator$VirtualFilterChain.doFilter(ObservationFilterChainDecorator.java:137)
	at org.springframework.security.web.savedrequest.RequestCacheAwareFilter.doFilter(RequestCacheAwareFilter.java:63)
	at org.springframework.security.web.ObservationFilterChainDecorator$ObservationFilter.wrapFilter(ObservationFilterChainDecorator.java:240)
	at org.springframework.security.web.ObservationFilterChainDecorator$ObservationFilter.doFilter(ObservationFilterChainDecorator.java:227)
	at org.springframework.security.web.ObservationFilterChainDecorator$VirtualFilterChain.doFilter(ObservationFilterChainDecorator.java:137)
	at org.springframework.security.web.authentication.logout.LogoutFilter.doFilter(LogoutFilter.java:107)
	at org.springframework.security.web.authentication.logout.LogoutFilter.doFilter(LogoutFilter.java:93)
	at org.springframework.security.web.ObservationFilterChainDecorator$ObservationFilter.wrapFilter(ObservationFilterChainDecorator.java:240)
	at org.springframework.security.web.ObservationFilterChainDecorator$ObservationFilter.doFilter(ObservationFilterChainDecorator.java:227)
	at org.springframework.security.web.ObservationFilterChainDecorator$VirtualFilterChain.doFilter(ObservationFilterChainDecorator.java:137)
	at org.springframework.security.web.header.HeaderWriterFilter.doHeadersAfter(HeaderWriterFilter.java:90)
	at org.springframework.security.web.header.HeaderWriterFilter.doFilterInternal(HeaderWriterFilter.java:75)
	at org.springframework.web.filter.OncePerRequestFilter.doFilter(OncePerRequestFilter.java:116)
	at org.springframework.security.web.ObservationFilterChainDecorator$ObservationFilter.wrapFilter(ObservationFilterChainDecorator.java:240)
	at org.springframework.security.web.ObservationFilterChainDecorator$ObservationFilter.doFilter(ObservationFilterChainDecorator.java:227)
	at org.springframework.security.web.ObservationFilterChainDecorator$VirtualFilterChain.doFilter(ObservationFilterChainDecorator.java:137)
	at org.springframework.security.web.context.SecurityContextHolderFilter.doFilter(SecurityContextHolderFilter.java:82)
	at org.springframework.security.web.context.SecurityContextHolderFilter.doFilter(SecurityContextHolderFilter.java:69)
	at org.springframework.security.web.ObservationFilterChainDecorator$ObservationFilter.wrapFilter(ObservationFilterChainDecorator.java:240)
	at org.springframework.security.web.ObservationFilterChainDecorator$ObservationFilter.doFilter(ObservationFilterChainDecorator.java:227)
	at org.springframework.security.web.ObservationFilterChainDecorator$VirtualFilterChain.doFilter(ObservationFilterChainDecorator.java:137)
	at org.springframework.security.web.context.request.async.WebAsyncManagerIntegrationFilter.doFilterInternal(WebAsyncManagerIntegrationFilter.java:62)
	at org.springframework.web.filter.OncePerRequestFilter.doFilter(OncePerRequestFilter.java:116)
	at org.springframework.security.web.ObservationFilterChainDecorator$ObservationFilter.wrapFilter(ObservationFilterChainDecorator.java:240)
	at org.springframework.security.web.ObservationFilterChainDecorator$ObservationFilter.doFilter(ObservationFilterChainDecorator.java:227)
	at org.springframework.security.web.ObservationFilterChainDecorator$VirtualFilterChain.doFilter(ObservationFilterChainDecorator.java:137)
	at org.springframework.security.web.session.DisableEncodeUrlFilter.doFilterInternal(DisableEncodeUrlFilter.java:42)
	at org.springframework.web.filter.OncePerRequestFilter.doFilter(OncePerRequestFilter.java:116)
	at org.springframework.security.web.ObservationFilterChainDecorator$ObservationFilter.wrapFilter(ObservationFilterChainDecorator.java:240)
	at org.springframework.security.web.ObservationFilterChainDecorator$AroundFilterObservation$SimpleAroundFilterObservation.lambda$wrap$0(ObservationFilterChainDecorator.java:323)
	at org.springframework.security.web.ObservationFilterChainDecorator$ObservationFilter.doFilter(ObservationFilterChainDecorator.java:224)
	at org.springframework.security.web.ObservationFilterChainDecorator$VirtualFilterChain.doFilter(ObservationFilterChainDecorator.java:137)
	at org.springframework.security.web.FilterChainProxy.doFilterInternal(FilterChainProxy.java:233)
	at org.springframework.security.web.FilterChainProxy.doFilter(FilterChainProxy.java:191)
	at org.springframework.web.filter.CompositeFilter$VirtualFilterChain.doFilter(CompositeFilter.java:113)
	at org.springframework.web.servlet.handler.HandlerMappingIntrospector.lambda$createCacheFilter$3(HandlerMappingIntrospector.java:243)
	at org.springframework.web.filter.CompositeFilter$VirtualFilterChain.doFilter(CompositeFilter.java:113)
	at org.springframework.web.filter.CompositeFilter.doFilter(CompositeFilter.java:74)
	at org.springframework.security.config.annotation.web.configuration.WebMvcSecurityConfiguration$CompositeFilterChainProxy.doFilter(WebMvcSecurityConfiguration.java:238)
	at org.springframework.web.filter.DelegatingFilterProxy.invokeDelegate(DelegatingFilterProxy.java:362)
	at org.springframework.web.filter.DelegatingFilterProxy.doFilter(DelegatingFilterProxy.java:278)
	at org.apache.catalina.core.ApplicationFilterChain.internalDoFilter(ApplicationFilterChain.java:164)
	at org.apache.catalina.core.ApplicationFilterChain.doFilter(ApplicationFilterChain.java:140)
	at org.springframework.web.filter.RequestContextFilter.doFilterInternal(RequestContextFilter.java:100)
	at org.springframework.web.filter.OncePerRequestFilter.doFilter(OncePerRequestFilter.java:116)
	at org.apache.catalina.core.ApplicationFilterChain.internalDoFilter(ApplicationFilterChain.java:164)
	at org.apache.catalina.core.ApplicationFilterChain.doFilter(ApplicationFilterChain.java:140)
	at org.springframework.web.filter.FormContentFilter.doFilterInternal(FormContentFilter.java:93)
	at org.springframework.web.filter.OncePerRequestFilter.doFilter(OncePerRequestFilter.java:116)
	at org.apache.catalina.core.ApplicationFilterChain.internalDoFilter(ApplicationFilterChain.java:164)
	at org.apache.catalina.core.ApplicationFilterChain.doFilter(ApplicationFilterChain.java:140)
	at org.springframework.web.filter.ServerHttpObservationFilter.doFilterInternal(ServerHttpObservationFilter.java:114)
	at org.springframework.web.filter.OncePerRequestFilter.doFilter(OncePerRequestFilter.java:116)
	at org.apache.catalina.core.ApplicationFilterChain.internalDoFilter(ApplicationFilterChain.java:164)
	at org.apache.catalina.core.ApplicationFilterChain.doFilter(ApplicationFilterChain.java:140)
	at org.springframework.web.filter.CharacterEncodingFilter.doFilterInternal(CharacterEncodingFilter.java:201)
	at org.springframework.web.filter.OncePerRequestFilter.doFilter(OncePerRequestFilter.java:116)
	at org.apache.catalina.core.ApplicationFilterChain.internalDoFilter(ApplicationFilterChain.java:164)
	at org.apache.catalina.core.ApplicationFilterChain.doFilter(ApplicationFilterChain.java:140)
	at org.apache.catalina.core.StandardWrapperValve.invoke(StandardWrapperValve.java:167)
	at org.apache.catalina.core.StandardContextValve.invoke(StandardContextValve.java:90)
	at org.apache.catalina.authenticator.AuthenticatorBase.invoke(AuthenticatorBase.java:483)
	at org.apache.catalina.core.StandardHostValve.invoke(StandardHostValve.java:115)
	at org.apache.catalina.valves.ErrorReportValve.invoke(ErrorReportValve.java:93)
	at org.apache.catalina.core.StandardEngineValve.invoke(StandardEngineValve.java:74)
	at org.apache.catalina.connector.CoyoteAdapter.service(CoyoteAdapter.java:344)
	at org.apache.coyote.http11.Http11Processor.service(Http11Processor.java:397)
	at org.apache.coyote.AbstractProcessorLight.process(AbstractProcessorLight.java:63)
	at org.apache.coyote.AbstractProtocol$ConnectionHandler.process(AbstractProtocol.java:905)
	at org.apache.tomcat.util.net.NioEndpoint$SocketProcessor.doRun(NioEndpoint.java:1741)
	at org.apache.tomcat.util.net.SocketProcessorBase.run(SocketProcessorBase.java:52)
	at org.apache.tomcat.util.threads.ThreadPoolExecutor.runWorker(ThreadPoolExecutor.java:1190)
	at org.apache.tomcat.util.threads.ThreadPoolExecutor$Worker.run(ThreadPoolExecutor.java:659)
	at org.apache.tomcat.util.threads.TaskThread$WrappingRunnable.run(TaskThread.java:63)
	at java.base/java.lang.Thread.run(Thread.java:840)
2026-03-31 01:24:49.658 [http-nio-8080-exec-5] DEBUG [4bdf0789] c.s.m.d.s.basic.BasicChannelService  -
        Finding all channels for user: 547eb4ad-6723-4f05-9fa8-ba75b7d31e4a
2026-03-31 01:24:49.715 [http-nio-8080-exec-7] DEBUG [17e5654f] c.s.m.d.c.ReadStatusController       -
        Fetching read statuses for user: 547eb4ad-6723-4f05-9fa8-ba75b7d31e4a
2026-03-31 01:24:49.715 [http-nio-8080-exec-7] DEBUG [17e5654f] c.s.m.d.s.b.BasicReadStatusService   -
        Fetching/Allocating read statuses for user: 547eb4ad-6723-4f05-9fa8-ba75b7d31e4a
2026-03-31 01:24:49.861 [http-nio-8080-exec-6] DEBUG [29ffe864] c.s.m.d.controller.MessageController -
        Fetching messages for channel: c1265582-443f-4a1e-9b2f-af9e86b5d3b9, cursor: null, size: 50
2026-03-31 01:24:50.549 [http-nio-8080-exec-9] DEBUG [09bdb414] c.s.m.d.controller.MessageController -
        Fetching messages for channel: c1265582-443f-4a1e-9b2f-af9e86b5d3b9, cursor: null, size: 50
2026-03-31 01:24:51.585 [http-nio-8080-exec-1] DEBUG [a53790de] c.s.m.d.controller.MessageController -
        Fetching messages for channel: c1265582-443f-4a1e-9b2f-af9e86b5d3b9, cursor: null, size: 50
2026-03-31 01:24:52.641 [http-nio-8080-exec-8] DEBUG [df8cadec] c.s.m.d.s.basic.BasicChannelService  -
        Finding all channels for user: 547eb4ad-6723-4f05-9fa8-ba75b7d31e4a
2026-03-31 01:24:52.657 [http-nio-8080-exec-2] DEBUG [6f54ba61] c.s.m.d.c.ReadStatusController       -
        Fetching read statuses for user: 547eb4ad-6723-4f05-9fa8-ba75b7d31e4a
2026-03-31 01:24:52.662 [http-nio-8080-exec-2] DEBUG [6f54ba61] c.s.m.d.s.b.BasicReadStatusService   -
        Fetching/Allocating read statuses for user: 547eb4ad-6723-4f05-9fa8-ba75b7d31e4a
2026-03-31 01:24:53.116 [http-nio-8080-exec-4] DEBUG [39ac0822] c.s.m.d.controller.MessageController -
        Fetching messages for channel: c1265582-443f-4a1e-9b2f-af9e86b5d3b9, cursor: null, size: 50
2026-03-31 01:24:55.420 [http-nio-8080-exec-10] DEBUG [9b7aa982] c.s.m.d.controller.MessageController -
        Fetching messages for channel: c1265582-443f-4a1e-9b2f-af9e86b5d3b9, cursor: null, size: 50
2026-03-31 01:24:55.635 [http-nio-8080-exec-3] DEBUG [e2a90333] c.s.m.d.s.basic.BasicChannelService  -
        Finding all channels for user: 547eb4ad-6723-4f05-9fa8-ba75b7d31e4a
2026-03-31 01:24:55.653 [http-nio-8080-exec-5] DEBUG [bb07c154] c.s.m.d.c.ReadStatusController       -
        Fetching read statuses for user: 547eb4ad-6723-4f05-9fa8-ba75b7d31e4a
2026-03-31 01:24:55.653 [http-nio-8080-exec-5] DEBUG [bb07c154] c.s.m.d.s.b.BasicReadStatusService   -
        Fetching/Allocating read statuses for user: 547eb4ad-6723-4f05-9fa8-ba75b7d31e4a
2026-03-31 01:24:58.439 [http-nio-8080-exec-7] DEBUG [7a233881] c.s.m.d.controller.MessageController -
        Fetching messages for channel: c1265582-443f-4a1e-9b2f-af9e86b5d3b9, cursor: null, size: 50
2026-03-31 01:24:58.637 [http-nio-8080-exec-6] DEBUG [cbe0c9f8] c.s.m.d.s.basic.BasicChannelService  -
        Finding all channels for user: 547eb4ad-6723-4f05-9fa8-ba75b7d31e4a
2026-03-31 01:24:58.650 [http-nio-8080-exec-9] DEBUG [0a3c5cd0] c.s.m.d.c.ReadStatusController       -
        Fetching read statuses for user: 547eb4ad-6723-4f05-9fa8-ba75b7d31e4a
2026-03-31 01:24:58.650 [http-nio-8080-exec-9] DEBUG [0a3c5cd0] c.s.m.d.s.b.BasicReadStatusService   -
        Fetching/Allocating read statuses for user: 547eb4ad-6723-4f05-9fa8-ba75b7d31e4a
2026-03-31 01:25:01.493 [http-nio-8080-exec-1] DEBUG [6aa2cc1f] c.s.m.d.controller.MessageController -
        Fetching messages for channel: c1265582-443f-4a1e-9b2f-af9e86b5d3b9, cursor: null, size: 50
2026-03-31 01:25:02.494 [http-nio-8080-exec-8] DEBUG [c539aca4] c.s.m.d.s.basic.BasicChannelService  -
        Finding all channels for user: 547eb4ad-6723-4f05-9fa8-ba75b7d31e4a
2026-03-31 01:25:02.510 [http-nio-8080-exec-2] DEBUG [a97a0b69] c.s.m.d.c.ReadStatusController       -
        Fetching read statuses for user: 547eb4ad-6723-4f05-9fa8-ba75b7d31e4a
2026-03-31 01:25:02.514 [http-nio-8080-exec-2] DEBUG [a97a0b69] c.s.m.d.s.b.BasicReadStatusService   -
        Fetching/Allocating read statuses for user: 547eb4ad-6723-4f05-9fa8-ba75b7d31e4a
2026-03-31 01:25:05.494 [http-nio-8080-exec-4] DEBUG [88f346a2] c.s.m.d.controller.MessageController -
        Fetching messages for channel: c1265582-443f-4a1e-9b2f-af9e86b5d3b9, cursor: null, size: 50
2026-03-31 01:25:05.494 [http-nio-8080-exec-10] DEBUG [b9ffc85c] c.s.m.d.s.basic.BasicChannelService  -
        Finding all channels for user: 547eb4ad-6723-4f05-9fa8-ba75b7d31e4a
2026-03-31 01:25:05.507 [http-nio-8080-exec-3] DEBUG [07ff191a] c.s.m.d.c.ReadStatusController       -
        Fetching read statuses for user: 547eb4ad-6723-4f05-9fa8-ba75b7d31e4a
2026-03-31 01:25:05.507 [http-nio-8080-exec-3] DEBUG [07ff191a] c.s.m.d.s.b.BasicReadStatusService   -
        Fetching/Allocating read statuses for user: 547eb4ad-6723-4f05-9fa8-ba75b7d31e4a
2026-03-31 01:25:08.495 [http-nio-8080-exec-5] DEBUG [e9a856a2] c.s.m.d.s.basic.BasicChannelService  -
        Finding all channels for user: 547eb4ad-6723-4f05-9fa8-ba75b7d31e4a
2026-03-31 01:25:08.504 [http-nio-8080-exec-7] DEBUG [18a6dcf2] c.s.m.d.c.ReadStatusController       -
        Fetching read statuses for user: 547eb4ad-6723-4f05-9fa8-ba75b7d31e4a
2026-03-31 01:25:08.504 [http-nio-8080-exec-7] DEBUG [18a6dcf2] c.s.m.d.s.b.BasicReadStatusService   -
        Fetching/Allocating read statuses for user: 547eb4ad-6723-4f05-9fa8-ba75b7d31e4a
2026-03-31 01:25:09.501 [http-nio-8080-exec-6] DEBUG [28432967] c.s.m.d.controller.MessageController -
        Fetching messages for channel: c1265582-443f-4a1e-9b2f-af9e86b5d3b9, cursor: null, size: 50
2026-03-31 01:25:11.495 [http-nio-8080-exec-9] DEBUG [f29e0209] c.s.m.d.s.basic.BasicChannelService  -
        Finding all channels for user: 547eb4ad-6723-4f05-9fa8-ba75b7d31e4a
2026-03-31 01:25:11.511 [http-nio-8080-exec-1] DEBUG [a13dfb67] c.s.m.d.c.ReadStatusController       -
        Fetching read statuses for user: 547eb4ad-6723-4f05-9fa8-ba75b7d31e4a
2026-03-31 01:25:11.511 [http-nio-8080-exec-1] DEBUG [a13dfb67] c.s.m.d.s.b.BasicReadStatusService   -
        Fetching/Allocating read statuses for user: 547eb4ad-6723-4f05-9fa8-ba75b7d31e4a
2026-03-31 01:25:13.495 [http-nio-8080-exec-8] DEBUG [8a01d4e0] c.s.m.d.controller.MessageController -
        Fetching messages for channel: c1265582-443f-4a1e-9b2f-af9e86b5d3b9, cursor: null, size: 50
2026-03-31 01:25:14.500 [http-nio-8080-exec-2] DEBUG [236b80c3] c.s.m.d.s.basic.BasicChannelService  -
        Finding all channels for user: 547eb4ad-6723-4f05-9fa8-ba75b7d31e4a
2026-03-31 01:25:14.515 [http-nio-8080-exec-4] DEBUG [91a7c85a] c.s.m.d.c.ReadStatusController       -
        Fetching read statuses for user: 547eb4ad-6723-4f05-9fa8-ba75b7d31e4a
2026-03-31 01:25:14.517 [http-nio-8080-exec-4] DEBUG [91a7c85a] c.s.m.d.s.b.BasicReadStatusService   -
        Fetching/Allocating read statuses for user: 547eb4ad-6723-4f05-9fa8-ba75b7d31e4a
2026-03-31 01:25:17.502 [http-nio-8080-exec-10] DEBUG [85d22761] c.s.m.d.controller.MessageController -
        Fetching messages for channel: c1265582-443f-4a1e-9b2f-af9e86b5d3b9, cursor: null, size: 50
2026-03-31 01:25:17.502 [http-nio-8080-exec-5] DEBUG [5fc86f4b] c.s.m.d.s.basic.BasicChannelService  -
        Finding all channels for user: 547eb4ad-6723-4f05-9fa8-ba75b7d31e4a
2026-03-31 01:25:17.504 [http-nio-8080-exec-3] DEBUG [52da283d] c.s.m.d.controller.UserController    -
        Updating status for user: 547eb4ad-6723-4f05-9fa8-ba75b7d31e4a, last active: 2026-03-30T16:25:17.496Z
2026-03-31 01:25:17.504 [http-nio-8080-exec-3] INFO  [52da283d] c.s.m.d.s.b.BasicUserStatusService   -
        Updating status for user: 547eb4ad-6723-4f05-9fa8-ba75b7d31e4a
2026-03-31 01:25:17.511 [http-nio-8080-exec-7] DEBUG [57b0a279] c.s.m.d.c.ReadStatusController       -
        Fetching read statuses for user: 547eb4ad-6723-4f05-9fa8-ba75b7d31e4a
2026-03-31 01:25:17.511 [http-nio-8080-exec-7] DEBUG [57b0a279] c.s.m.d.s.b.BasicReadStatusService   -
        Fetching/Allocating read statuses for user: 547eb4ad-6723-4f05-9fa8-ba75b7d31e4a
2026-03-31 01:25:20.495 [http-nio-8080-exec-6] DEBUG [14c2e9cc] c.s.m.d.s.basic.BasicChannelService  -
        Finding all channels for user: 547eb4ad-6723-4f05-9fa8-ba75b7d31e4a
2026-03-31 01:25:20.504 [http-nio-8080-exec-9] DEBUG [b7daefe0] c.s.m.d.c.ReadStatusController       -
        Fetching read statuses for user: 547eb4ad-6723-4f05-9fa8-ba75b7d31e4a
2026-03-31 01:25:20.504 [http-nio-8080-exec-9] DEBUG [b7daefe0] c.s.m.d.s.b.BasicReadStatusService   -
        Fetching/Allocating read statuses for user: 547eb4ad-6723-4f05-9fa8-ba75b7d31e4a
2026-03-31 01:25:21.504 [http-nio-8080-exec-1] DEBUG [c953d3dd] c.s.m.d.controller.MessageController -
        Fetching messages for channel: c1265582-443f-4a1e-9b2f-af9e86b5d3b9, cursor: null, size: 50
2026-03-31 01:25:23.495 [http-nio-8080-exec-8] DEBUG [0a8e64c7] c.s.m.d.s.basic.BasicChannelService  -
        Finding all channels for user: 547eb4ad-6723-4f05-9fa8-ba75b7d31e4a
2026-03-31 01:25:23.506 [http-nio-8080-exec-2] DEBUG [fbd9d1d4] c.s.m.d.c.ReadStatusController       -
        Fetching read statuses for user: 547eb4ad-6723-4f05-9fa8-ba75b7d31e4a
2026-03-31 01:25:23.506 [http-nio-8080-exec-2] DEBUG [fbd9d1d4] c.s.m.d.s.b.BasicReadStatusService   -
        Fetching/Allocating read statuses for user: 547eb4ad-6723-4f05-9fa8-ba75b7d31e4a
2026-03-31 01:25:25.495 [http-nio-8080-exec-4] DEBUG [16eebd71] c.s.m.d.controller.MessageController -
        Fetching messages for channel: c1265582-443f-4a1e-9b2f-af9e86b5d3b9, cursor: null, size: 50
2026-03-31 01:25:26.499 [http-nio-8080-exec-10] DEBUG [aa2673d2] c.s.m.d.s.basic.BasicChannelService  -
        Finding all channels for user: 547eb4ad-6723-4f05-9fa8-ba75b7d31e4a
2026-03-31 01:25:26.512 [http-nio-8080-exec-5] DEBUG [ce40c870] c.s.m.d.c.ReadStatusController       -
        Fetching read statuses for user: 547eb4ad-6723-4f05-9fa8-ba75b7d31e4a
2026-03-31 01:25:26.512 [http-nio-8080-exec-5] DEBUG [ce40c870] c.s.m.d.s.b.BasicReadStatusService   -
        Fetching/Allocating read statuses for user: 547eb4ad-6723-4f05-9fa8-ba75b7d31e4a
2026-03-31 01:25:29.495 [http-nio-8080-exec-3] DEBUG [c1c33326] c.s.m.d.controller.MessageController -
        Fetching messages for channel: c1265582-443f-4a1e-9b2f-af9e86b5d3b9, cursor: null, size: 50
2026-03-31 01:25:29.495 [http-nio-8080-exec-7] DEBUG [5e7d7d2d] c.s.m.d.s.basic.BasicChannelService  -
        Finding all channels for user: 547eb4ad-6723-4f05-9fa8-ba75b7d31e4a
2026-03-31 01:25:29.505 [http-nio-8080-exec-6] DEBUG [331ea910] c.s.m.d.c.ReadStatusController       -
        Fetching read statuses for user: 547eb4ad-6723-4f05-9fa8-ba75b7d31e4a
2026-03-31 01:25:29.505 [http-nio-8080-exec-6] DEBUG [331ea910] c.s.m.d.s.b.BasicReadStatusService   -
        Fetching/Allocating read statuses for user: 547eb4ad-6723-4f05-9fa8-ba75b7d31e4a
2026-03-31 01:25:32.498 [http-nio-8080-exec-9] DEBUG [5f726de3] c.s.m.d.s.basic.BasicChannelService  -
        Finding all channels for user: 547eb4ad-6723-4f05-9fa8-ba75b7d31e4a
2026-03-31 01:25:32.513 [http-nio-8080-exec-1] DEBUG [c0b5f92a] c.s.m.d.c.ReadStatusController       -
        Fetching read statuses for user: 547eb4ad-6723-4f05-9fa8-ba75b7d31e4a
2026-03-31 01:25:32.513 [http-nio-8080-exec-1] DEBUG [c0b5f92a] c.s.m.d.s.b.BasicReadStatusService   -
        Fetching/Allocating read statuses for user: 547eb4ad-6723-4f05-9fa8-ba75b7d31e4a
2026-03-31 01:25:33.528 [http-nio-8080-exec-8] DEBUG [32501772] c.s.m.d.controller.MessageController -
        Fetching messages for channel: c1265582-443f-4a1e-9b2f-af9e86b5d3b9, cursor: null, size: 50
2026-03-31 01:25:35.491 [http-nio-8080-exec-2] DEBUG [038cbf3f] c.s.m.d.s.basic.BasicChannelService  -
        Finding all channels for user: 547eb4ad-6723-4f05-9fa8-ba75b7d31e4a
2026-03-31 01:25:35.502 [http-nio-8080-exec-4] DEBUG [b94ec8aa] c.s.m.d.c.ReadStatusController       -
        Fetching read statuses for user: 547eb4ad-6723-4f05-9fa8-ba75b7d31e4a
2026-03-31 01:25:35.502 [http-nio-8080-exec-4] DEBUG [b94ec8aa] c.s.m.d.s.b.BasicReadStatusService   -
        Fetching/Allocating read statuses for user: 547eb4ad-6723-4f05-9fa8-ba75b7d31e4a
2026-03-31 01:25:37.497 [http-nio-8080-exec-10] DEBUG [0eb5ea73] c.s.m.d.controller.MessageController -
        Fetching messages for channel: c1265582-443f-4a1e-9b2f-af9e86b5d3b9, cursor: null, size: 50
2026-03-31 01:25:38.496 [http-nio-8080-exec-5] DEBUG [5f857756] c.s.m.d.s.basic.BasicChannelService  -
        Finding all channels for user: 547eb4ad-6723-4f05-9fa8-ba75b7d31e4a
2026-03-31 01:25:38.507 [http-nio-8080-exec-3] DEBUG [57f48752] c.s.m.d.c.ReadStatusController       -
        Fetching read statuses for user: 547eb4ad-6723-4f05-9fa8-ba75b7d31e4a
2026-03-31 01:25:38.507 [http-nio-8080-exec-3] DEBUG [57f48752] c.s.m.d.s.b.BasicReadStatusService   -
        Fetching/Allocating read statuses for user: 547eb4ad-6723-4f05-9fa8-ba75b7d31e4a
2026-03-31 01:25:41.500 [http-nio-8080-exec-7] DEBUG [fc070c8d] c.s.m.d.controller.MessageController -
        Fetching messages for channel: c1265582-443f-4a1e-9b2f-af9e86b5d3b9, cursor: null, size: 50
2026-03-31 01:25:41.502 [http-nio-8080-exec-6] DEBUG [eef25df6] c.s.m.d.s.basic.BasicChannelService  -
        Finding all channels for user: 547eb4ad-6723-4f05-9fa8-ba75b7d31e4a
2026-03-31 01:25:41.514 [http-nio-8080-exec-9] DEBUG [e6910cdb] c.s.m.d.c.ReadStatusController       -
        Fetching read statuses for user: 547eb4ad-6723-4f05-9fa8-ba75b7d31e4a
2026-03-31 01:25:41.514 [http-nio-8080-exec-9] DEBUG [e6910cdb] c.s.m.d.s.b.BasicReadStatusService   -
        Fetching/Allocating read statuses for user: 547eb4ad-6723-4f05-9fa8-ba75b7d31e4a
2026-03-31 01:25:44.491 [http-nio-8080-exec-1] DEBUG [0a2f070e] c.s.m.d.s.basic.BasicChannelService  -
        Finding all channels for user: 547eb4ad-6723-4f05-9fa8-ba75b7d31e4a
2026-03-31 01:25:44.508 [http-nio-8080-exec-8] DEBUG [5000eedf] c.s.m.d.c.ReadStatusController       -
        Fetching read statuses for user: 547eb4ad-6723-4f05-9fa8-ba75b7d31e4a
2026-03-31 01:25:44.508 [http-nio-8080-exec-8] DEBUG [5000eedf] c.s.m.d.s.b.BasicReadStatusService   -
        Fetching/Allocating read statuses for user: 547eb4ad-6723-4f05-9fa8-ba75b7d31e4a
2026-03-31 01:25:45.496 [http-nio-8080-exec-2] DEBUG [baec66be] c.s.m.d.controller.MessageController -
        Fetching messages for channel: c1265582-443f-4a1e-9b2f-af9e86b5d3b9, cursor: null, size: 50
2026-03-31 01:25:47.494 [http-nio-8080-exec-10] DEBUG [619c02b3] c.s.m.d.controller.UserController    -
        Fetching all users list
2026-03-31 01:25:47.494 [http-nio-8080-exec-10] DEBUG [619c02b3] c.s.m.d.s.basic.BasicUserService     -
        Listing all users
2026-03-31 01:25:47.496 [http-nio-8080-exec-5] DEBUG [018872bb] c.s.m.d.s.basic.BasicChannelService  -
        Finding all channels for user: 547eb4ad-6723-4f05-9fa8-ba75b7d31e4a
2026-03-31 01:25:47.496 [http-nio-8080-exec-4] DEBUG [697fe370] c.s.m.d.controller.UserController    -
        Updating status for user: 547eb4ad-6723-4f05-9fa8-ba75b7d31e4a, last active: 2026-03-30T16:25:47.489Z
2026-03-31 01:25:47.496 [http-nio-8080-exec-10] DEBUG [619c02b3] c.s.m.d.s.b.BasicUserStatusService   -
        Checking online status for user: 3013c4f6-fd36-40e2-bd5f-ac632103d9c9
2026-03-31 01:25:47.496 [http-nio-8080-exec-4] INFO  [697fe370] c.s.m.d.s.b.BasicUserStatusService   -
        Updating status for user: 547eb4ad-6723-4f05-9fa8-ba75b7d31e4a
2026-03-31 01:25:47.500 [http-nio-8080-exec-10] DEBUG [619c02b3] c.s.m.d.s.b.BasicUserStatusService   -
        Checking online status for user: 547eb4ad-6723-4f05-9fa8-ba75b7d31e4a
2026-03-31 01:25:47.500 [http-nio-8080-exec-10] DEBUG [619c02b3] c.s.m.d.s.b.BasicUserStatusService   -
        Checking online status for user: 71079135-341e-43e3-b879-dd6818116591
2026-03-31 01:25:47.505 [http-nio-8080-exec-3] DEBUG [edcb5582] c.s.m.d.c.ReadStatusController       -
        Fetching read statuses for user: 547eb4ad-6723-4f05-9fa8-ba75b7d31e4a
2026-03-31 01:25:47.505 [http-nio-8080-exec-3] DEBUG [edcb5582] c.s.m.d.s.b.BasicReadStatusService   -
        Fetching/Allocating read statuses for user: 547eb4ad-6723-4f05-9fa8-ba75b7d31e4a
2026-03-31 01:25:47.515 [http-nio-8080-exec-7] DEBUG [ebda71d4] c.s.m.d.s.basic.BasicChannelService  -
        Finding all channels for user: 547eb4ad-6723-4f05-9fa8-ba75b7d31e4a
2026-03-31 01:25:47.524 [http-nio-8080-exec-3] DEBUG [f261703b] c.s.m.d.c.ReadStatusController       -
        Fetching read statuses for user: 547eb4ad-6723-4f05-9fa8-ba75b7d31e4a
2026-03-31 01:25:47.524 [http-nio-8080-exec-3] DEBUG [f261703b] c.s.m.d.s.b.BasicReadStatusService   -
        Fetching/Allocating read statuses for user: 547eb4ad-6723-4f05-9fa8-ba75b7d31e4a
2026-03-31 01:25:47.543 [http-nio-8080-exec-8] DEBUG [3cf8626f] c.s.m.d.c.ReadStatusController       -
        Fetching read statuses for user: 547eb4ad-6723-4f05-9fa8-ba75b7d31e4a
2026-03-31 01:25:47.543 [http-nio-8080-exec-8] DEBUG [3cf8626f] c.s.m.d.s.b.BasicReadStatusService   -
        Fetching/Allocating read statuses for user: 547eb4ad-6723-4f05-9fa8-ba75b7d31e4a
2026-03-31 01:25:49.502 [http-nio-8080-exec-2] DEBUG [ff464608] c.s.m.d.controller.MessageController -
        Fetching messages for channel: c1265582-443f-4a1e-9b2f-af9e86b5d3b9, cursor: null, size: 50
2026-03-31 01:25:51.508 [http-nio-8080-exec-5] DEBUG [7ef6ee9c] c.s.m.d.s.basic.BasicChannelService  -
        Finding all channels for user: 547eb4ad-6723-4f05-9fa8-ba75b7d31e4a
2026-03-31 01:25:51.522 [http-nio-8080-exec-10] DEBUG [ac397c27] c.s.m.d.c.ReadStatusController       -
        Fetching read statuses for user: 547eb4ad-6723-4f05-9fa8-ba75b7d31e4a
2026-03-31 01:25:51.522 [http-nio-8080-exec-10] DEBUG [ac397c27] c.s.m.d.s.b.BasicReadStatusService   -
        Fetching/Allocating read statuses for user: 547eb4ad-6723-4f05-9fa8-ba75b7d31e4a
2026-03-31 01:25:53.493 [http-nio-8080-exec-4] DEBUG [64fbf8cb] c.s.m.d.controller.MessageController -
        Fetching messages for channel: c1265582-443f-4a1e-9b2f-af9e86b5d3b9, cursor: null, size: 50
2026-03-31 01:25:54.496 [http-nio-8080-exec-9] DEBUG [34f9e0d7] c.s.m.d.s.basic.BasicChannelService  -
        Finding all channels for user: 547eb4ad-6723-4f05-9fa8-ba75b7d31e4a
2026-03-31 01:25:54.515 [http-nio-8080-exec-1] DEBUG [fb44b296] c.s.m.d.c.ReadStatusController       -
        Fetching read statuses for user: 547eb4ad-6723-4f05-9fa8-ba75b7d31e4a
2026-03-31 01:25:54.515 [http-nio-8080-exec-1] DEBUG [fb44b296] c.s.m.d.s.b.BasicReadStatusService   -
        Fetching/Allocating read statuses for user: 547eb4ad-6723-4f05-9fa8-ba75b7d31e4a
2026-03-31 01:25:57.504 [http-nio-8080-exec-6] DEBUG [bfa19552] c.s.m.d.controller.MessageController -
        Fetching messages for channel: c1265582-443f-4a1e-9b2f-af9e86b5d3b9, cursor: null, size: 50
2026-03-31 01:25:57.504 [http-nio-8080-exec-7] DEBUG [d979a7a9] c.s.m.d.s.basic.BasicChannelService  -
        Finding all channels for user: 547eb4ad-6723-4f05-9fa8-ba75b7d31e4a
2026-03-31 01:25:57.514 [http-nio-8080-exec-3] DEBUG [9ff45c21] c.s.m.d.c.ReadStatusController       -
        Fetching read statuses for user: 547eb4ad-6723-4f05-9fa8-ba75b7d31e4a
2026-03-31 01:25:57.514 [http-nio-8080-exec-3] DEBUG [9ff45c21] c.s.m.d.s.b.BasicReadStatusService   -
        Fetching/Allocating read statuses for user: 547eb4ad-6723-4f05-9fa8-ba75b7d31e4a
2026-03-31 01:26:00.491 [http-nio-8080-exec-8] DEBUG [60dedd97] c.s.m.d.s.basic.BasicChannelService  -
        Finding all channels for user: 547eb4ad-6723-4f05-9fa8-ba75b7d31e4a
2026-03-31 01:26:00.501 [http-nio-8080-exec-2] DEBUG [a30bd64e] c.s.m.d.c.ReadStatusController       -
        Fetching read statuses for user: 547eb4ad-6723-4f05-9fa8-ba75b7d31e4a
2026-03-31 01:26:00.501 [http-nio-8080-exec-2] DEBUG [a30bd64e] c.s.m.d.s.b.BasicReadStatusService   -
        Fetching/Allocating read statuses for user: 547eb4ad-6723-4f05-9fa8-ba75b7d31e4a
2026-03-31 01:26:01.501 [http-nio-8080-exec-5] DEBUG [e5d18344] c.s.m.d.controller.MessageController -
        Fetching messages for channel: c1265582-443f-4a1e-9b2f-af9e86b5d3b9, cursor: null, size: 50
2026-03-31 01:26:03.498 [http-nio-8080-exec-10] DEBUG [4a163237] c.s.m.d.s.basic.BasicChannelService  -
        Finding all channels for user: 547eb4ad-6723-4f05-9fa8-ba75b7d31e4a
2026-03-31 01:26:03.510 [http-nio-8080-exec-4] DEBUG [cd1ec521] c.s.m.d.c.ReadStatusController       -
        Fetching read statuses for user: 547eb4ad-6723-4f05-9fa8-ba75b7d31e4a
2026-03-31 01:26:03.510 [http-nio-8080-exec-4] DEBUG [cd1ec521] c.s.m.d.s.b.BasicReadStatusService   -
        Fetching/Allocating read statuses for user: 547eb4ad-6723-4f05-9fa8-ba75b7d31e4a
2026-03-31 01:26:05.501 [http-nio-8080-exec-9] DEBUG [765b8b32] c.s.m.d.controller.MessageController -
        Fetching messages for channel: c1265582-443f-4a1e-9b2f-af9e86b5d3b9, cursor: null, size: 50
2026-03-31 01:26:06.494 [http-nio-8080-exec-1] DEBUG [547ff943] c.s.m.d.s.basic.BasicChannelService  -
        Finding all channels for user: 547eb4ad-6723-4f05-9fa8-ba75b7d31e4a
2026-03-31 01:26:06.509 [http-nio-8080-exec-6] DEBUG [a18c12c6] c.s.m.d.c.ReadStatusController       -
        Fetching read statuses for user: 547eb4ad-6723-4f05-9fa8-ba75b7d31e4a
2026-03-31 01:26:06.509 [http-nio-8080-exec-6] DEBUG [a18c12c6] c.s.m.d.s.b.BasicReadStatusService   -
        Fetching/Allocating read statuses for user: 547eb4ad-6723-4f05-9fa8-ba75b7d31e4a
2026-03-31 01:26:09.486 [http-nio-8080-exec-7] DEBUG [89cc0606] c.s.m.d.controller.MessageController -
        Fetching messages for channel: c1265582-443f-4a1e-9b2f-af9e86b5d3b9, cursor: null, size: 50
2026-03-31 01:26:13.485 [http-nio-8080-exec-3] DEBUG [e434f944] c.s.m.d.controller.MessageController -
        Fetching messages for channel: c1265582-443f-4a1e-9b2f-af9e86b5d3b9, cursor: null, size: 50
2026-03-31 01:26:17.501 [http-nio-8080-exec-8] DEBUG [f16f9c9f] c.s.m.d.controller.MessageController -
        Fetching messages for channel: c1265582-443f-4a1e-9b2f-af9e86b5d3b9, cursor: null, size: 50
2026-03-31 01:26:17.501 [http-nio-8080-exec-2] DEBUG [3b4e6bc2] c.s.m.d.controller.UserController    -
        Updating status for user: 547eb4ad-6723-4f05-9fa8-ba75b7d31e4a, last active: 2026-03-30T16:26:17.500Z
2026-03-31 01:26:17.501 [http-nio-8080-exec-2] INFO  [3b4e6bc2] c.s.m.d.s.b.BasicUserStatusService   -
        Updating status for user: 547eb4ad-6723-4f05-9fa8-ba75b7d31e4a
2026-03-31 01:26:18.503 [http-nio-8080-exec-5] DEBUG [66bf1bac] c.s.m.d.s.basic.BasicChannelService  -
        Finding all channels for user: 547eb4ad-6723-4f05-9fa8-ba75b7d31e4a
2026-03-31 01:26:18.514 [http-nio-8080-exec-10] DEBUG [38d35ee3] c.s.m.d.c.ReadStatusController       -
        Fetching read statuses for user: 547eb4ad-6723-4f05-9fa8-ba75b7d31e4a
2026-03-31 01:26:18.514 [http-nio-8080-exec-10] DEBUG [38d35ee3] c.s.m.d.s.b.BasicReadStatusService   -
        Fetching/Allocating read statuses for user: 547eb4ad-6723-4f05-9fa8-ba75b7d31e4a
2026-03-31 01:26:21.507 [http-nio-8080-exec-4] DEBUG [a0c33608] c.s.m.d.controller.MessageController -
        Fetching messages for channel: c1265582-443f-4a1e-9b2f-af9e86b5d3b9, cursor: null, size: 50
2026-03-31 01:26:25.502 [http-nio-8080-exec-9] DEBUG [a4661be1] c.s.m.d.controller.MessageController -
        Fetching messages for channel: c1265582-443f-4a1e-9b2f-af9e86b5d3b9, cursor: null, size: 50
2026-03-31 01:26:29.493 [http-nio-8080-exec-1] DEBUG [f65922fb] c.s.m.d.controller.MessageController -
        Fetching messages for channel: c1265582-443f-4a1e-9b2f-af9e86b5d3b9, cursor: null, size: 50
2026-03-31 01:26:33.498 [http-nio-8080-exec-6] DEBUG [71d06334] c.s.m.d.controller.MessageController -
        Fetching messages for channel: c1265582-443f-4a1e-9b2f-af9e86b5d3b9, cursor: null, size: 50
2026-03-31 01:26:37.500 [http-nio-8080-exec-7] DEBUG [628e9dfe] c.s.m.d.controller.MessageController -
        Fetching messages for channel: c1265582-443f-4a1e-9b2f-af9e86b5d3b9, cursor: null, size: 50
2026-03-31 01:26:40.604 [SpringApplicationShutdownHook] INFO  [] o.s.b.w.e.tomcat.GracefulShutdown    -
        Commencing graceful shutdown. Waiting for active requests to complete
2026-03-31 01:26:40.770 [tomcat-shutdown] INFO  [] o.s.b.w.e.tomcat.GracefulShutdown    -
        Graceful shutdown complete
2026-03-31 01:26:40.788 [SpringApplicationShutdownHook] INFO  [] o.s.o.j.LocalContainerEntityManagerFactoryBean -
        Closing JPA EntityManagerFactory for persistence unit 'default'
2026-03-31 01:26:40.788 [SpringApplicationShutdownHook] INFO  [] com.zaxxer.hikari.HikariDataSource   -
        HikariPool-1 - Shutdown initiated...
2026-03-31 01:26:40.788 [SpringApplicationShutdownHook] INFO  [] com.zaxxer.hikari.HikariDataSource   -
        HikariPool-1 - Shutdown completed.
2026-03-31 01:26:46.026 [main] INFO  [] c.s.m.discodeit.DiscodeitApplication -
        Starting DiscodeitApplication using Java 17.0.17 with PID 18052 (C:\Users\mj559\IdeaProjects\9-sprint-mission\discodeit\build\classes\java\main started by mj559 in C:\Users\mj559\IdeaProjects\9-sprint-mission)
2026-03-31 01:26:46.029 [main] DEBUG [] c.s.m.discodeit.DiscodeitApplication -
        Running with Spring Boot v3.4.0, Spring v6.2.0
2026-03-31 01:26:46.031 [main] INFO  [] c.s.m.discodeit.DiscodeitApplication -
        The following 1 profile is active: "dev"
2026-03-31 01:26:47.424 [main] INFO  [] o.s.d.r.c.RepositoryConfigurationDelegate -
        Bootstrapping Spring Data JPA repositories in DEFAULT mode.
2026-03-31 01:26:47.524 [main] INFO  [] o.s.d.r.c.RepositoryConfigurationDelegate -
        Finished Spring Data repository scanning in 90 ms. Found 6 JPA repository interfaces.
2026-03-31 01:26:48.389 [main] INFO  [] o.s.b.w.e.tomcat.TomcatWebServer     -
        Tomcat initialized with port 8080 (http)
2026-03-31 01:26:48.408 [main] INFO  [] o.a.catalina.core.StandardService    -
        Starting service [Tomcat]
2026-03-31 01:26:48.409 [main] INFO  [] o.a.catalina.core.StandardEngine     -
        Starting Servlet engine: [Apache Tomcat/10.1.33]
2026-03-31 01:26:48.494 [main] INFO  [] o.a.c.c.C.[Tomcat].[localhost].[/]   -
        Initializing Spring embedded WebApplicationContext
2026-03-31 01:26:48.495 [main] INFO  [] o.s.b.w.s.c.ServletWebServerApplicationContext -
        Root WebApplicationContext: initialization completed in 2422 ms
2026-03-31 01:26:48.805 [main] INFO  [] com.zaxxer.hikari.HikariDataSource   -
        HikariPool-1 - Starting...
2026-03-31 01:26:49.088 [main] INFO  [] com.zaxxer.hikari.pool.HikariPool    -
        HikariPool-1 - Added connection conn0: url=jdbc:h2:mem:discodeit_db user=SA
2026-03-31 01:26:49.092 [main] INFO  [] com.zaxxer.hikari.HikariDataSource   -
        HikariPool-1 - Start completed.
2026-03-31 01:26:49.261 [main] INFO  [] o.h.jpa.internal.util.LogHelper      -
        HHH000204: Processing PersistenceUnitInfo [name: default]
2026-03-31 01:26:49.349 [main] INFO  [] org.hibernate.Version                -
        HHH000412: Hibernate ORM core version 6.6.2.Final
2026-03-31 01:26:49.392 [main] INFO  [] o.h.c.i.RegionFactoryInitiator       -
        HHH000026: Second-level cache disabled
2026-03-31 01:26:49.738 [main] INFO  [] o.s.o.j.p.SpringPersistenceUnitInfo  -
        No LoadTimeWeaver setup: ignoring JPA class transformer
2026-03-31 01:26:49.843 [main] INFO  [] o.hibernate.orm.connections.pooling  -
        HHH10001005: Database info:
	Database JDBC URL [Connecting through datasource 'HikariDataSource (HikariPool-1)']
	Database driver: undefined/unknown
	Database version: 2.3.232
	Autocommit mode: undefined/unknown
	Isolation level: undefined/unknown
	Minimum pool size: undefined/unknown
	Maximum pool size: undefined/unknown
2026-03-31 01:26:51.130 [main] INFO  [] o.h.e.t.j.p.i.JtaPlatformInitiator   -
        HHH000489: No JTA platform available (set 'hibernate.transaction.jta.platform' to enable JTA platform integration)
2026-03-31 01:26:51.238 [main] INFO  [] o.s.o.j.LocalContainerEntityManagerFactoryBean -
        Initialized JPA EntityManagerFactory for persistence unit 'default'
2026-03-31 01:26:51.684 [main] INFO  [] o.s.d.j.r.query.QueryEnhancerFactory -
        Hibernate is in classpath; If applicable, HQL parser will be used.
2026-03-31 01:26:52.805 [main] WARN  [] o.s.b.a.o.j.JpaBaseConfiguration$JpaWebConfiguration -
        spring.jpa.open-in-view is enabled by default. Therefore, database queries may be performed during view rendering. Explicitly configure spring.jpa.open-in-view to disable this warning
2026-03-31 01:26:52.838 [main] WARN  [] o.s.b.a.s.s.UserDetailsServiceAutoConfiguration -
        

Using generated security password: 1fec8238-a1ca-4848-b38c-18b90b242489

This generated password is for development use only. Your security configuration must be updated before running your application in production.

2026-03-31 01:26:52.847 [main] INFO  [] o.s.s.c.a.a.c.InitializeUserDetailsBeanManagerConfigurer$InitializeUserDetailsManagerConfigurer -
        Global AuthenticationManager configured with UserDetailsService bean with name inMemoryUserDetailsManager
2026-03-31 01:26:52.968 [main] INFO  [] o.s.b.a.w.s.WelcomePageHandlerMapping -
        Adding welcome page: class path resource [static/index.html]
2026-03-31 01:26:53.352 [main] INFO  [] o.s.b.a.e.web.EndpointLinksResolver  -
        Exposing 4 endpoints beneath base path '/actuator'
2026-03-31 01:26:54.357 [main] INFO  [] o.s.b.w.e.tomcat.TomcatWebServer     -
        Tomcat started on port 8080 (http) with context path '/'
2026-03-31 01:26:54.380 [main] INFO  [] c.s.m.discodeit.DiscodeitApplication -
        Started DiscodeitApplication in 9.061 seconds (process running for 9.71)
2026-03-31 01:26:54.563 [registrationTask1] WARN  [] d.c.b.a.c.r.ApplicationRegistrator   -
        Failed to register application as Application(name=discodeit, managementUrl=http:
org.springframework.web.client.ResourceAccessException: I/O error on POST request for "http:
	at org.springframework.web.client.DefaultRestClient$DefaultRequestBodyUriSpec.createResourceAccessException(DefaultRestClient.java:689)
	at org.springframework.web.client.DefaultRestClient$DefaultRequestBodyUriSpec.exchangeInternal(DefaultRestClient.java:574)
	at org.springframework.web.client.DefaultRestClient$DefaultRequestBodyUriSpec.exchange(DefaultRestClient.java:532)
	at org.springframework.web.client.RestClient$RequestHeadersSpec.exchange(RestClient.java:677)
	at org.springframework.web.client.DefaultRestClient$DefaultResponseSpec.executeAndExtract(DefaultRestClient.java:806)
	at org.springframework.web.client.DefaultRestClient$DefaultResponseSpec.body(DefaultRestClient.java:750)
	at de.codecentric.boot.admin.client.registration.RestClientRegistrationClient.register(RestClientRegistrationClient.java:45)
	at de.codecentric.boot.admin.client.registration.DefaultApplicationRegistrator.register(DefaultApplicationRegistrator.java:80)
	at de.codecentric.boot.admin.client.registration.DefaultApplicationRegistrator.register(DefaultApplicationRegistrator.java:61)
	at org.springframework.scheduling.support.DelegatingErrorHandlingRunnable.run(DelegatingErrorHandlingRunnable.java:54)
	at java.base/java.util.concurrent.Executors$RunnableAdapter.call(Executors.java:539)
	at java.base/java.util.concurrent.FutureTask.runAndReset(FutureTask.java:305)
	at java.base/java.util.concurrent.ScheduledThreadPoolExecutor$ScheduledFutureTask.run(ScheduledThreadPoolExecutor.java:305)
	at java.base/java.util.concurrent.ThreadPoolExecutor.runWorker(ThreadPoolExecutor.java:1136)
	at java.base/java.util.concurrent.ThreadPoolExecutor$Worker.run(ThreadPoolExecutor.java:635)
	at java.base/java.lang.Thread.run(Thread.java:840)
Caused by: java.net.ConnectException: null
	at java.net.http/jdk.internal.net.http.common.Utils.toConnectException(Utils.java:1107)
	at java.net.http/jdk.internal.net.http.PlainHttpConnection.connectAsync(PlainHttpConnection.java:203)
	at java.net.http/jdk.internal.net.http.PlainHttpConnection.checkRetryConnect(PlainHttpConnection.java:238)
	at java.net.http/jdk.internal.net.http.PlainHttpConnection.lambda$connectAsync$1(PlainHttpConnection.java:214)
	at java.base/java.util.concurrent.CompletableFuture.uniHandle(CompletableFuture.java:934)
	at java.base/java.util.concurrent.CompletableFuture$UniHandle.tryFire(CompletableFuture.java:911)
	at java.base/java.util.concurrent.CompletableFuture.postComplete(CompletableFuture.java:510)
	at java.base/java.util.concurrent.CompletableFuture$AsyncSupply.run(CompletableFuture.java:1773)
	... 3 common frames omitted
Caused by: java.nio.channels.ClosedChannelException: null
	at java.base/sun.nio.ch.SocketChannelImpl.ensureOpen(SocketChannelImpl.java:195)
	at java.base/sun.nio.ch.SocketChannelImpl.beginConnect(SocketChannelImpl.java:760)
	at java.base/sun.nio.ch.SocketChannelImpl.connect(SocketChannelImpl.java:848)
	at java.net.http/jdk.internal.net.http.PlainHttpConnection.lambda$connectAsync$0(PlainHttpConnection.java:187)
	at java.base/java.security.AccessController.doPrivileged(AccessController.java:569)
	at java.net.http/jdk.internal.net.http.PlainHttpConnection.connectAsync(PlainHttpConnection.java:189)
	... 9 common frames omitted
2026-03-31 01:26:54.602 [http-nio-8080-exec-1] INFO  [] o.a.c.c.C.[Tomcat].[localhost].[/]   -
        Initializing Spring DispatcherServlet 'dispatcherServlet'
2026-03-31 01:26:54.602 [http-nio-8080-exec-1] INFO  [] o.s.web.servlet.DispatcherServlet    -
        Initializing Servlet 'dispatcherServlet'
2026-03-31 01:26:54.605 [http-nio-8080-exec-1] INFO  [] o.s.web.servlet.DispatcherServlet    -
        Completed initialization in 3 ms
2026-03-31 01:26:54.724 [http-nio-8080-exec-1] DEBUG [ba02ea69] c.s.m.d.controller.MessageController -
        Fetching messages for channel: c1265582-443f-4a1e-9b2f-af9e86b5d3b9, cursor: null, size: 50
2026-03-31 01:26:55.504 [http-nio-8080-exec-7] DEBUG [a716de45] c.s.m.d.controller.MessageController -
        Fetching messages for channel: c1265582-443f-4a1e-9b2f-af9e86b5d3b9, cursor: null, size: 50
2026-03-31 01:26:56.491 [http-nio-8080-exec-2] DEBUG [1d529eaa] c.s.m.d.controller.MessageController -
        Fetching messages for channel: c1265582-443f-4a1e-9b2f-af9e86b5d3b9, cursor: null, size: 50
2026-03-31 01:26:57.495 [http-nio-8080-exec-4] DEBUG [a10bff68] c.s.m.d.controller.MessageController -
        Fetching messages for channel: c1265582-443f-4a1e-9b2f-af9e86b5d3b9, cursor: null, size: 50
2026-03-31 01:26:58.506 [http-nio-8080-exec-5] DEBUG [219004c4] c.s.m.d.controller.MessageController -
        Fetching messages for channel: c1265582-443f-4a1e-9b2f-af9e86b5d3b9, cursor: null, size: 50
2026-03-31 01:26:59.201 [http-nio-8080-exec-3] DEBUG [aec66dce] c.s.m.d.controller.MessageController -
        Fetching messages for channel: c1265582-443f-4a1e-9b2f-af9e86b5d3b9, cursor: null, size: 50
2026-03-31 01:26:59.542 [http-nio-8080-exec-8] DEBUG [d50973db] c.s.m.d.controller.UserController    -
        Updating status for user: 547eb4ad-6723-4f05-9fa8-ba75b7d31e4a, last active: 2026-03-30T16:26:59.322Z
2026-03-31 01:26:59.544 [http-nio-8080-exec-8] INFO  [d50973db] c.s.m.d.s.b.BasicUserStatusService   -
        Updating status for user: 547eb4ad-6723-4f05-9fa8-ba75b7d31e4a
2026-03-31 01:26:59.583 [http-nio-8080-exec-8] ERROR [d50973db] c.s.m.d.s.b.BasicUserStatusService   -
        Update failed: UserStatus not found for user 547eb4ad-6723-4f05-9fa8-ba75b7d31e4a
2026-03-31 01:26:59.590 [http-nio-8080-exec-8] WARN  [d50973db] c.s.m.d.c.GlobalExceptionHandler     -
        Business Exception: U003 - UserStatus with userId 547eb4ad-6723-4f05-9fa8-ba75b7d31e4a not found
2026-03-31 01:27:21.273 [http-nio-8080-exec-2] INFO  [30f1c282] c.s.m.d.controller.UserController    -
        Registering new user with email: User1@gmail.com
2026-03-31 01:27:21.275 [http-nio-8080-exec-2] INFO  [30f1c282] c.s.m.d.s.basic.BasicUserService     -
        Creating new user: email=User1@gmail.com
2026-03-31 01:27:21.748 [http-nio-8080-exec-2] INFO  [30f1c282] c.s.m.d.s.b.BasicUserStatusService   -
        Creating initial status for user: bb14c4dc-4d25-45dc-b7cc-eb18a093a83d
2026-03-31 01:27:21.796 [http-nio-8080-exec-2] INFO  [30f1c282] c.s.m.d.s.b.BasicUserStatusService   -
        UserStatus created successfully for user: bb14c4dc-4d25-45dc-b7cc-eb18a093a83d
2026-03-31 01:27:21.796 [http-nio-8080-exec-2] INFO  [30f1c282] c.s.m.d.s.basic.BasicUserService     -
        User created successfully: id=bb14c4dc-4d25-45dc-b7cc-eb18a093a83d
2026-03-31 01:27:21.797 [http-nio-8080-exec-2] DEBUG [30f1c282] c.s.m.d.s.b.BasicUserStatusService   -
        Checking online status for user: bb14c4dc-4d25-45dc-b7cc-eb18a093a83d
2026-03-31 01:27:21.857 [http-nio-8080-exec-2] INFO  [30f1c282] c.s.m.d.controller.UserController    -
        User registered successfully. ID: bb14c4dc-4d25-45dc-b7cc-eb18a093a83d
2026-03-31 01:27:21.888 [http-nio-8080-exec-4] DEBUG [8e62cc10] c.s.m.d.controller.UserController    -
        Updating status for user: bb14c4dc-4d25-45dc-b7cc-eb18a093a83d, last active: 2026-03-30T16:27:21.882Z
2026-03-31 01:27:21.888 [http-nio-8080-exec-5] DEBUG [b85bdbc6] c.s.m.d.controller.UserController    -
        Updating status for user: bb14c4dc-4d25-45dc-b7cc-eb18a093a83d, last active: 2026-03-30T16:27:21.882Z
2026-03-31 01:27:21.889 [http-nio-8080-exec-4] INFO  [8e62cc10] c.s.m.d.s.b.BasicUserStatusService   -
        Updating status for user: bb14c4dc-4d25-45dc-b7cc-eb18a093a83d
2026-03-31 01:27:21.889 [http-nio-8080-exec-5] INFO  [b85bdbc6] c.s.m.d.s.b.BasicUserStatusService   -
        Updating status for user: bb14c4dc-4d25-45dc-b7cc-eb18a093a83d
2026-03-31 01:27:21.960 [http-nio-8080-exec-3] DEBUG [bb72e1ed] c.s.m.d.controller.UserController    -
        Fetching all users list
2026-03-31 01:27:21.961 [http-nio-8080-exec-3] DEBUG [bb72e1ed] c.s.m.d.s.basic.BasicUserService     -
        Listing all users
2026-03-31 01:27:21.989 [http-nio-8080-exec-3] DEBUG [bb72e1ed] c.s.m.d.s.b.BasicUserStatusService   -
        Checking online status for user: bb14c4dc-4d25-45dc-b7cc-eb18a093a83d
2026-03-31 01:27:22.017 [http-nio-8080-exec-6] DEBUG [092b9b67] c.s.m.d.s.basic.BasicChannelService  -
        Finding all channels for user: bb14c4dc-4d25-45dc-b7cc-eb18a093a83d
2026-03-31 01:27:22.017 [http-nio-8080-exec-8] DEBUG [db1eecd1] c.s.m.d.c.ReadStatusController       -
        Fetching read statuses for user: bb14c4dc-4d25-45dc-b7cc-eb18a093a83d
2026-03-31 01:27:22.018 [http-nio-8080-exec-8] DEBUG [db1eecd1] c.s.m.d.s.b.BasicReadStatusService   -
        Fetching/Allocating read statuses for user: bb14c4dc-4d25-45dc-b7cc-eb18a093a83d
2026-03-31 01:27:22.019 [http-nio-8080-exec-9] DEBUG [2589b31d] c.s.m.d.controller.UserController    -
        Fetching all users list
2026-03-31 01:27:22.020 [http-nio-8080-exec-9] DEBUG [2589b31d] c.s.m.d.s.basic.BasicUserService     -
        Listing all users
2026-03-31 01:27:22.026 [http-nio-8080-exec-9] DEBUG [2589b31d] c.s.m.d.s.b.BasicUserStatusService   -
        Checking online status for user: bb14c4dc-4d25-45dc-b7cc-eb18a093a83d
2026-03-31 01:27:22.095 [http-nio-8080-exec-1] DEBUG [411136bb] c.s.m.d.c.ReadStatusController       -
        Fetching read statuses for user: bb14c4dc-4d25-45dc-b7cc-eb18a093a83d
2026-03-31 01:27:22.095 [http-nio-8080-exec-1] DEBUG [411136bb] c.s.m.d.s.b.BasicReadStatusService   -
        Fetching/Allocating read statuses for user: bb14c4dc-4d25-45dc-b7cc-eb18a093a83d
2026-03-31 01:27:22.100 [http-nio-8080-exec-10] DEBUG [91b92ee4] c.s.m.d.s.basic.BasicChannelService  -
        Finding all channels for user: bb14c4dc-4d25-45dc-b7cc-eb18a093a83d
2026-03-31 01:27:22.115 [http-nio-8080-exec-7] DEBUG [c195c924] c.s.m.d.c.ReadStatusController       -
        Fetching read statuses for user: bb14c4dc-4d25-45dc-b7cc-eb18a093a83d
2026-03-31 01:27:22.116 [http-nio-8080-exec-7] DEBUG [c195c924] c.s.m.d.s.b.BasicReadStatusService   -
        Fetching/Allocating read statuses for user: bb14c4dc-4d25-45dc-b7cc-eb18a093a83d
2026-03-31 01:27:22.138 [http-nio-8080-exec-2] DEBUG [dca762c2] c.s.m.d.c.ReadStatusController       -
        Fetching read statuses for user: bb14c4dc-4d25-45dc-b7cc-eb18a093a83d
2026-03-31 01:27:22.139 [http-nio-8080-exec-2] DEBUG [dca762c2] c.s.m.d.s.b.BasicReadStatusService   -
        Fetching/Allocating read statuses for user: bb14c4dc-4d25-45dc-b7cc-eb18a093a83d
2026-03-31 01:27:25.061 [http-nio-8080-exec-5] DEBUG [e7d339fb] c.s.m.d.s.basic.BasicChannelService  -
        Finding all channels for user: bb14c4dc-4d25-45dc-b7cc-eb18a093a83d
2026-03-31 01:27:25.084 [http-nio-8080-exec-4] DEBUG [2b352872] c.s.m.d.c.ReadStatusController       -
        Fetching read statuses for user: bb14c4dc-4d25-45dc-b7cc-eb18a093a83d
2026-03-31 01:27:25.085 [http-nio-8080-exec-4] DEBUG [2b352872] c.s.m.d.s.b.BasicReadStatusService   -
        Fetching/Allocating read statuses for user: bb14c4dc-4d25-45dc-b7cc-eb18a093a83d
2026-03-31 01:27:28.058 [http-nio-8080-exec-3] DEBUG [9eccf349] c.s.m.d.s.basic.BasicChannelService  -
        Finding all channels for user: bb14c4dc-4d25-45dc-b7cc-eb18a093a83d
2026-03-31 01:27:28.079 [http-nio-8080-exec-9] DEBUG [4a89ceb2] c.s.m.d.c.ReadStatusController       -
        Fetching read statuses for user: bb14c4dc-4d25-45dc-b7cc-eb18a093a83d
2026-03-31 01:27:28.080 [http-nio-8080-exec-9] DEBUG [4a89ceb2] c.s.m.d.s.b.BasicReadStatusService   -
        Fetching/Allocating read statuses for user: bb14c4dc-4d25-45dc-b7cc-eb18a093a83d
2026-03-31 01:27:31.061 [http-nio-8080-exec-8] DEBUG [e47f7479] c.s.m.d.s.basic.BasicChannelService  -
        Finding all channels for user: bb14c4dc-4d25-45dc-b7cc-eb18a093a83d
2026-03-31 01:27:31.080 [http-nio-8080-exec-6] DEBUG [a150b520] c.s.m.d.c.ReadStatusController       -
        Fetching read statuses for user: bb14c4dc-4d25-45dc-b7cc-eb18a093a83d
2026-03-31 01:27:31.081 [http-nio-8080-exec-6] DEBUG [a150b520] c.s.m.d.s.b.BasicReadStatusService   -
        Fetching/Allocating read statuses for user: bb14c4dc-4d25-45dc-b7cc-eb18a093a83d
2026-03-31 01:27:34.056 [http-nio-8080-exec-10] DEBUG [23710ab3] c.s.m.d.s.basic.BasicChannelService  -
        Finding all channels for user: bb14c4dc-4d25-45dc-b7cc-eb18a093a83d
2026-03-31 01:27:34.078 [http-nio-8080-exec-1] DEBUG [626b6ee1] c.s.m.d.c.ReadStatusController       -
        Fetching read statuses for user: bb14c4dc-4d25-45dc-b7cc-eb18a093a83d
2026-03-31 01:27:34.079 [http-nio-8080-exec-1] DEBUG [626b6ee1] c.s.m.d.s.b.BasicReadStatusService   -
        Fetching/Allocating read statuses for user: bb14c4dc-4d25-45dc-b7cc-eb18a093a83d
2026-03-31 01:27:37.055 [http-nio-8080-exec-7] DEBUG [1930b0d0] c.s.m.d.s.basic.BasicChannelService  -
        Finding all channels for user: bb14c4dc-4d25-45dc-b7cc-eb18a093a83d
2026-03-31 01:27:37.078 [http-nio-8080-exec-2] DEBUG [2059d928] c.s.m.d.c.ReadStatusController       -
        Fetching read statuses for user: bb14c4dc-4d25-45dc-b7cc-eb18a093a83d
2026-03-31 01:27:37.079 [http-nio-8080-exec-2] DEBUG [2059d928] c.s.m.d.s.b.BasicReadStatusService   -
        Fetching/Allocating read statuses for user: bb14c4dc-4d25-45dc-b7cc-eb18a093a83d
2026-03-31 01:27:40.063 [http-nio-8080-exec-5] DEBUG [f4f1ae10] c.s.m.d.s.basic.BasicChannelService  -
        Finding all channels for user: bb14c4dc-4d25-45dc-b7cc-eb18a093a83d
2026-03-31 01:27:40.085 [http-nio-8080-exec-4] DEBUG [d25892cf] c.s.m.d.c.ReadStatusController       -
        Fetching read statuses for user: bb14c4dc-4d25-45dc-b7cc-eb18a093a83d
2026-03-31 01:27:40.087 [http-nio-8080-exec-4] DEBUG [d25892cf] c.s.m.d.s.b.BasicReadStatusService   -
        Fetching/Allocating read statuses for user: bb14c4dc-4d25-45dc-b7cc-eb18a093a83d
2026-03-31 01:27:43.064 [http-nio-8080-exec-3] DEBUG [6f971806] c.s.m.d.s.basic.BasicChannelService  -
        Finding all channels for user: bb14c4dc-4d25-45dc-b7cc-eb18a093a83d
2026-03-31 01:27:43.086 [http-nio-8080-exec-9] DEBUG [64937b36] c.s.m.d.c.ReadStatusController       -
        Fetching read statuses for user: bb14c4dc-4d25-45dc-b7cc-eb18a093a83d
2026-03-31 01:27:43.087 [http-nio-8080-exec-9] DEBUG [64937b36] c.s.m.d.s.b.BasicReadStatusService   -
        Fetching/Allocating read statuses for user: bb14c4dc-4d25-45dc-b7cc-eb18a093a83d
2026-03-31 01:27:46.063 [http-nio-8080-exec-8] DEBUG [a69c465c] c.s.m.d.s.basic.BasicChannelService  -
        Finding all channels for user: bb14c4dc-4d25-45dc-b7cc-eb18a093a83d
2026-03-31 01:27:46.087 [http-nio-8080-exec-6] DEBUG [da19c48b] c.s.m.d.c.ReadStatusController       -
        Fetching read statuses for user: bb14c4dc-4d25-45dc-b7cc-eb18a093a83d
2026-03-31 01:27:46.088 [http-nio-8080-exec-6] DEBUG [da19c48b] c.s.m.d.s.b.BasicReadStatusService   -
        Fetching/Allocating read statuses for user: bb14c4dc-4d25-45dc-b7cc-eb18a093a83d
2026-03-31 01:27:49.058 [http-nio-8080-exec-10] DEBUG [dfa95f55] c.s.m.d.s.basic.BasicChannelService  -
        Finding all channels for user: bb14c4dc-4d25-45dc-b7cc-eb18a093a83d
2026-03-31 01:27:49.078 [http-nio-8080-exec-1] DEBUG [6312416f] c.s.m.d.c.ReadStatusController       -
        Fetching read statuses for user: bb14c4dc-4d25-45dc-b7cc-eb18a093a83d
2026-03-31 01:27:49.079 [http-nio-8080-exec-1] DEBUG [6312416f] c.s.m.d.s.b.BasicReadStatusService   -
        Fetching/Allocating read statuses for user: bb14c4dc-4d25-45dc-b7cc-eb18a093a83d
2026-03-31 01:27:51.899 [http-nio-8080-exec-2] DEBUG [47b3fe37] c.s.m.d.controller.UserController    -
        Updating status for user: bb14c4dc-4d25-45dc-b7cc-eb18a093a83d, last active: 2026-03-30T16:27:51.889Z
2026-03-31 01:27:51.900 [http-nio-8080-exec-2] INFO  [47b3fe37] c.s.m.d.s.b.BasicUserStatusService   -
        Updating status for user: bb14c4dc-4d25-45dc-b7cc-eb18a093a83d
2026-03-31 01:27:52.053 [http-nio-8080-exec-5] DEBUG [f71387d4] c.s.m.d.s.basic.BasicChannelService  -
        Finding all channels for user: bb14c4dc-4d25-45dc-b7cc-eb18a093a83d
2026-03-31 01:27:52.071 [http-nio-8080-exec-4] DEBUG [635917f5] c.s.m.d.c.ReadStatusController       -
        Fetching read statuses for user: bb14c4dc-4d25-45dc-b7cc-eb18a093a83d
2026-03-31 01:27:52.073 [http-nio-8080-exec-4] DEBUG [635917f5] c.s.m.d.s.b.BasicReadStatusService   -
        Fetching/Allocating read statuses for user: bb14c4dc-4d25-45dc-b7cc-eb18a093a83d
2026-03-31 01:27:55.054 [http-nio-8080-exec-3] DEBUG [f8b7fa7d] c.s.m.d.s.basic.BasicChannelService  -
        Finding all channels for user: bb14c4dc-4d25-45dc-b7cc-eb18a093a83d
2026-03-31 01:27:55.074 [http-nio-8080-exec-9] DEBUG [c3999394] c.s.m.d.c.ReadStatusController       -
        Fetching read statuses for user: bb14c4dc-4d25-45dc-b7cc-eb18a093a83d
2026-03-31 01:27:55.075 [http-nio-8080-exec-9] DEBUG [c3999394] c.s.m.d.s.b.BasicReadStatusService   -
        Fetching/Allocating read statuses for user: bb14c4dc-4d25-45dc-b7cc-eb18a093a83d
2026-03-31 01:27:58.056 [http-nio-8080-exec-8] DEBUG [70112fbd] c.s.m.d.s.basic.BasicChannelService  -
        Finding all channels for user: bb14c4dc-4d25-45dc-b7cc-eb18a093a83d
2026-03-31 01:27:58.074 [http-nio-8080-exec-6] DEBUG [8972c252] c.s.m.d.c.ReadStatusController       -
        Fetching read statuses for user: bb14c4dc-4d25-45dc-b7cc-eb18a093a83d
2026-03-31 01:27:58.076 [http-nio-8080-exec-6] DEBUG [8972c252] c.s.m.d.s.b.BasicReadStatusService   -
        Fetching/Allocating read statuses for user: bb14c4dc-4d25-45dc-b7cc-eb18a093a83d
2026-03-31 01:27:59.030 [http-nio-8080-exec-10] INFO  [6fc28190] c.s.m.d.controller.UserController    -
        Updating user information for ID: bb14c4dc-4d25-45dc-b7cc-eb18a093a83d
2026-03-31 01:27:59.031 [http-nio-8080-exec-10] DEBUG [6fc28190] c.s.m.d.controller.UserController    -
        Processing profile image: 스크린샷 2025-09-04 195608.png
2026-03-31 01:27:59.082 [http-nio-8080-exec-10] INFO  [6fc28190] c.s.m.d.s.basic.BasicUserService     -
        Updating user id: bb14c4dc-4d25-45dc-b7cc-eb18a093a83d
2026-03-31 01:27:59.089 [http-nio-8080-exec-10] INFO  [6fc28190] c.s.m.d.s.b.BasicBinaryContentService -
        Creating binary content: 스크린샷 2025-09-04 195608.png
2026-03-31 01:27:59.108 [http-nio-8080-exec-10] INFO  [6fc28190] c.s.m.d.s.b.BasicBinaryContentService -
        Binary content created with id: d7d7de76-8fe5-4332-b0d5-08c2ca2593d0
2026-03-31 01:27:59.110 [http-nio-8080-exec-10] DEBUG [6fc28190] c.s.m.d.s.b.BasicUserStatusService   -
        Checking online status for user: bb14c4dc-4d25-45dc-b7cc-eb18a093a83d
2026-03-31 01:27:59.133 [http-nio-8080-exec-1] DEBUG [52338b55] c.s.m.d.controller.UserController    -
        Fetching all users list
2026-03-31 01:27:59.134 [http-nio-8080-exec-1] DEBUG [52338b55] c.s.m.d.s.basic.BasicUserService     -
        Listing all users
2026-03-31 01:27:59.138 [http-nio-8080-exec-1] DEBUG [52338b55] c.s.m.d.s.b.BasicUserStatusService   -
        Checking online status for user: bb14c4dc-4d25-45dc-b7cc-eb18a093a83d
2026-03-31 01:27:59.153 [http-nio-8080-exec-5] DEBUG [0f23e809] c.s.m.d.c.ReadStatusController       -
        Fetching read statuses for user: bb14c4dc-4d25-45dc-b7cc-eb18a093a83d
2026-03-31 01:27:59.154 [http-nio-8080-exec-5] DEBUG [0f23e809] c.s.m.d.s.b.BasicReadStatusService   -
        Fetching/Allocating read statuses for user: bb14c4dc-4d25-45dc-b7cc-eb18a093a83d
2026-03-31 01:27:59.154 [http-nio-8080-exec-2] DEBUG [39f23c0b] c.s.m.d.s.basic.BasicChannelService  -
        Finding all channels for user: bb14c4dc-4d25-45dc-b7cc-eb18a093a83d
2026-03-31 01:27:59.155 [http-nio-8080-exec-7] DEBUG [d4143b68] c.s.m.d.c.BinaryContentController    -
        Fetching metadata for binary content: d7d7de76-8fe5-4332-b0d5-08c2ca2593d0
2026-03-31 01:27:59.168 [http-nio-8080-exec-4] DEBUG [c503fb21] c.s.m.d.c.ReadStatusController       -
        Fetching read statuses for user: bb14c4dc-4d25-45dc-b7cc-eb18a093a83d
2026-03-31 01:27:59.170 [http-nio-8080-exec-3] DEBUG [45235aff] c.s.m.d.c.BinaryContentController    -
        Fetching metadata for binary content: d7d7de76-8fe5-4332-b0d5-08c2ca2593d0
2026-03-31 01:27:59.170 [http-nio-8080-exec-4] DEBUG [c503fb21] c.s.m.d.s.b.BasicReadStatusService   -
        Fetching/Allocating read statuses for user: bb14c4dc-4d25-45dc-b7cc-eb18a093a83d
2026-03-31 01:27:59.173 [http-nio-8080-exec-9] INFO  [3cecf876] c.s.m.d.c.BinaryContentController    -
        File download request for binary content id: d7d7de76-8fe5-4332-b0d5-08c2ca2593d0
2026-03-31 01:27:59.177 [http-nio-8080-exec-9] INFO  [3cecf876] c.s.m.d.s.b.BasicBinaryContentService -
        Downloading file resource: d7d7de76-8fe5-4332-b0d5-08c2ca2593d0
2026-03-31 01:27:59.177 [http-nio-8080-exec-8] DEBUG [ad6d3ee1] c.s.m.d.c.BinaryContentController    -
        Fetching metadata for binary content: d7d7de76-8fe5-4332-b0d5-08c2ca2593d0
2026-03-31 01:27:59.186 [http-nio-8080-exec-9] WARN  [3cecf876] o.a.coyote.http11.Http11Processor    -
        The HTTP response header [Content-Disposition] with value [attachment; filename="스크린샷 2025-09-04 195608.png"] has been removed from the response because it is invalid
java.lang.IllegalArgumentException: The Unicode character [스] at code point [49,828] cannot be encoded as it is outside the permitted range of 0 to 255
	at org.apache.tomcat.util.buf.MessageBytes.toBytesSimple(MessageBytes.java:310)
	at org.apache.tomcat.util.buf.MessageBytes.toBytes(MessageBytes.java:283)
	at org.apache.coyote.http11.Http11OutputBuffer.write(Http11OutputBuffer.java:400)
	at org.apache.coyote.http11.Http11OutputBuffer.sendHeader(Http11OutputBuffer.java:379)
	at org.apache.coyote.http11.Http11Processor.writeHeaders(Http11Processor.java:1070)
	at org.apache.coyote.http11.Http11Processor.prepareResponse(Http11Processor.java:1057)
	at org.apache.coyote.AbstractProcessor.action(AbstractProcessor.java:377)
	at org.apache.coyote.Response.action(Response.java:208)
	at org.apache.coyote.http11.Http11OutputBuffer.doWrite(Http11OutputBuffer.java:187)
	at org.apache.coyote.Response.doWrite(Response.java:633)
	at org.apache.catalina.connector.OutputBuffer.realWriteBytes(OutputBuffer.java:329)
	at org.apache.catalina.connector.OutputBuffer.flushByteBuffer(OutputBuffer.java:776)
	at org.apache.catalina.connector.OutputBuffer.append(OutputBuffer.java:673)
	at org.apache.catalina.connector.OutputBuffer.writeBytes(OutputBuffer.java:376)
	at org.apache.catalina.connector.OutputBuffer.write(OutputBuffer.java:354)
	at org.apache.catalina.connector.CoyoteOutputStream.write(CoyoteOutputStream.java:103)
	at org.springframework.security.web.util.OnCommittedResponseWrapper$SaveContextServletOutputStream.write(OnCommittedResponseWrapper.java:639)
	at org.springframework.web.context.request.async.StandardServletAsyncWebRequest$LifecycleServletOutputStream.write(StandardServletAsyncWebRequest.java:401)
	at java.base/java.io.InputStream.transferTo(InputStream.java:783)
	at org.springframework.http.converter.ResourceHttpMessageConverter.writeContent(ResourceHttpMessageConverter.java:160)
	at org.springframework.http.converter.ResourceHttpMessageConverter.writeInternal(ResourceHttpMessageConverter.java:115)
	at org.springframework.http.converter.ResourceHttpMessageConverter.writeInternal(ResourceHttpMessageConverter.java:46)
	at org.springframework.http.converter.AbstractHttpMessageConverter.write(AbstractHttpMessageConverter.java:235)
	at org.springframework.web.servlet.mvc.method.annotation.AbstractMessageConverterMethodProcessor.writeWithMessageConverters(AbstractMessageConverterMethodProcessor.java:344)
	at org.springframework.web.servlet.mvc.method.annotation.HttpEntityMethodProcessor.handleReturnValue(HttpEntityMethodProcessor.java:261)
	at org.springframework.web.method.support.HandlerMethodReturnValueHandlerComposite.handleReturnValue(HandlerMethodReturnValueHandlerComposite.java:78)
	at org.springframework.web.servlet.mvc.method.annotation.ServletInvocableHandlerMethod.invokeAndHandle(ServletInvocableHandlerMethod.java:136)
	at org.springframework.web.servlet.mvc.method.annotation.RequestMappingHandlerAdapter.invokeHandlerMethod(RequestMappingHandlerAdapter.java:986)
	at org.springframework.web.servlet.mvc.method.annotation.RequestMappingHandlerAdapter.handleInternal(RequestMappingHandlerAdapter.java:891)
	at org.springframework.web.servlet.mvc.method.AbstractHandlerMethodAdapter.handle(AbstractHandlerMethodAdapter.java:87)
	at org.springframework.web.servlet.DispatcherServlet.doDispatch(DispatcherServlet.java:1088)
	at org.springframework.web.servlet.DispatcherServlet.doService(DispatcherServlet.java:978)
	at org.springframework.web.servlet.FrameworkServlet.processRequest(FrameworkServlet.java:1014)
	at org.springframework.web.servlet.FrameworkServlet.doGet(FrameworkServlet.java:903)
	at jakarta.servlet.http.HttpServlet.service(HttpServlet.java:564)
	at org.springframework.web.servlet.FrameworkServlet.service(FrameworkServlet.java:885)
	at jakarta.servlet.http.HttpServlet.service(HttpServlet.java:658)
	at org.apache.catalina.core.ApplicationFilterChain.internalDoFilter(ApplicationFilterChain.java:195)
	at org.apache.catalina.core.ApplicationFilterChain.doFilter(ApplicationFilterChain.java:140)
	at org.apache.tomcat.websocket.server.WsFilter.doFilter(WsFilter.java:51)
	at org.apache.catalina.core.ApplicationFilterChain.internalDoFilter(ApplicationFilterChain.java:164)
	at org.apache.catalina.core.ApplicationFilterChain.doFilter(ApplicationFilterChain.java:140)
	at org.springframework.web.filter.CompositeFilter$VirtualFilterChain.doFilter(CompositeFilter.java:108)
	at org.springframework.security.web.FilterChainProxy.lambda$doFilterInternal$3(FilterChainProxy.java:231)
	at org.springframework.security.web.ObservationFilterChainDecorator$FilterObservation$SimpleFilterObservation.lambda$wrap$1(ObservationFilterChainDecorator.java:479)
	at org.springframework.security.web.ObservationFilterChainDecorator$AroundFilterObservation$SimpleAroundFilterObservation.lambda$wrap$1(ObservationFilterChainDecorator.java:340)
	at org.springframework.security.web.ObservationFilterChainDecorator.lambda$wrapSecured$0(ObservationFilterChainDecorator.java:82)
	at org.springframework.security.web.ObservationFilterChainDecorator$VirtualFilterChain.doFilter(ObservationFilterChainDecorator.java:128)
	at org.springframework.security.web.access.intercept.AuthorizationFilter.doFilter(AuthorizationFilter.java:101)
	at org.springframework.security.web.ObservationFilterChainDecorator$ObservationFilter.wrapFilter(ObservationFilterChainDecorator.java:240)
	at org.springframework.security.web.ObservationFilterChainDecorator$ObservationFilter.doFilter(ObservationFilterChainDecorator.java:227)
	at org.springframework.security.web.ObservationFilterChainDecorator$VirtualFilterChain.doFilter(ObservationFilterChainDecorator.java:137)
	at org.springframework.security.web.access.ExceptionTranslationFilter.doFilter(ExceptionTranslationFilter.java:126)
	at org.springframework.security.web.access.ExceptionTranslationFilter.doFilter(ExceptionTranslationFilter.java:120)
	at org.springframework.security.web.ObservationFilterChainDecorator$ObservationFilter.wrapFilter(ObservationFilterChainDecorator.java:240)
	at org.springframework.security.web.ObservationFilterChainDecorator$ObservationFilter.doFilter(ObservationFilterChainDecorator.java:227)
	at org.springframework.security.web.ObservationFilterChainDecorator$VirtualFilterChain.doFilter(ObservationFilterChainDecorator.java:137)
	at org.springframework.security.web.authentication.AnonymousAuthenticationFilter.doFilter(AnonymousAuthenticationFilter.java:100)
	at org.springframework.security.web.ObservationFilterChainDecorator$ObservationFilter.wrapFilter(ObservationFilterChainDecorator.java:240)
	at org.springframework.security.web.ObservationFilterChainDecorator$ObservationFilter.doFilter(ObservationFilterChainDecorator.java:227)
	at org.springframework.security.web.ObservationFilterChainDecorator$VirtualFilterChain.doFilter(ObservationFilterChainDecorator.java:137)
	at org.springframework.security.web.servletapi.SecurityContextHolderAwareRequestFilter.doFilter(SecurityContextHolderAwareRequestFilter.java:179)
	at org.springframework.security.web.ObservationFilterChainDecorator$ObservationFilter.wrapFilter(ObservationFilterChainDecorator.java:240)
	at org.springframework.security.web.ObservationFilterChainDecorator$ObservationFilter.doFilter(ObservationFilterChainDecorator.java:227)
	at org.springframework.security.web.ObservationFilterChainDecorator$VirtualFilterChain.doFilter(ObservationFilterChainDecorator.java:137)
	at org.springframework.security.web.savedrequest.RequestCacheAwareFilter.doFilter(RequestCacheAwareFilter.java:63)
	at org.springframework.security.web.ObservationFilterChainDecorator$ObservationFilter.wrapFilter(ObservationFilterChainDecorator.java:240)
	at org.springframework.security.web.ObservationFilterChainDecorator$ObservationFilter.doFilter(ObservationFilterChainDecorator.java:227)
	at org.springframework.security.web.ObservationFilterChainDecorator$VirtualFilterChain.doFilter(ObservationFilterChainDecorator.java:137)
	at org.springframework.security.web.authentication.logout.LogoutFilter.doFilter(LogoutFilter.java:107)
	at org.springframework.security.web.authentication.logout.LogoutFilter.doFilter(LogoutFilter.java:93)
	at org.springframework.security.web.ObservationFilterChainDecorator$ObservationFilter.wrapFilter(ObservationFilterChainDecorator.java:240)
	at org.springframework.security.web.ObservationFilterChainDecorator$ObservationFilter.doFilter(ObservationFilterChainDecorator.java:227)
	at org.springframework.security.web.ObservationFilterChainDecorator$VirtualFilterChain.doFilter(ObservationFilterChainDecorator.java:137)
	at org.springframework.security.web.header.HeaderWriterFilter.doHeadersAfter(HeaderWriterFilter.java:90)
	at org.springframework.security.web.header.HeaderWriterFilter.doFilterInternal(HeaderWriterFilter.java:75)
	at org.springframework.web.filter.OncePerRequestFilter.doFilter(OncePerRequestFilter.java:116)
	at org.springframework.security.web.ObservationFilterChainDecorator$ObservationFilter.wrapFilter(ObservationFilterChainDecorator.java:240)
	at org.springframework.security.web.ObservationFilterChainDecorator$ObservationFilter.doFilter(ObservationFilterChainDecorator.java:227)
	at org.springframework.security.web.ObservationFilterChainDecorator$VirtualFilterChain.doFilter(ObservationFilterChainDecorator.java:137)
	at org.springframework.security.web.context.SecurityContextHolderFilter.doFilter(SecurityContextHolderFilter.java:82)
	at org.springframework.security.web.context.SecurityContextHolderFilter.doFilter(SecurityContextHolderFilter.java:69)
	at org.springframework.security.web.ObservationFilterChainDecorator$ObservationFilter.wrapFilter(ObservationFilterChainDecorator.java:240)
	at org.springframework.security.web.ObservationFilterChainDecorator$ObservationFilter.doFilter(ObservationFilterChainDecorator.java:227)
	at org.springframework.security.web.ObservationFilterChainDecorator$VirtualFilterChain.doFilter(ObservationFilterChainDecorator.java:137)
	at org.springframework.security.web.context.request.async.WebAsyncManagerIntegrationFilter.doFilterInternal(WebAsyncManagerIntegrationFilter.java:62)
	at org.springframework.web.filter.OncePerRequestFilter.doFilter(OncePerRequestFilter.java:116)
	at org.springframework.security.web.ObservationFilterChainDecorator$ObservationFilter.wrapFilter(ObservationFilterChainDecorator.java:240)
	at org.springframework.security.web.ObservationFilterChainDecorator$ObservationFilter.doFilter(ObservationFilterChainDecorator.java:227)
	at org.springframework.security.web.ObservationFilterChainDecorator$VirtualFilterChain.doFilter(ObservationFilterChainDecorator.java:137)
	at org.springframework.security.web.session.DisableEncodeUrlFilter.doFilterInternal(DisableEncodeUrlFilter.java:42)
	at org.springframework.web.filter.OncePerRequestFilter.doFilter(OncePerRequestFilter.java:116)
	at org.springframework.security.web.ObservationFilterChainDecorator$ObservationFilter.wrapFilter(ObservationFilterChainDecorator.java:240)
	at org.springframework.security.web.ObservationFilterChainDecorator$AroundFilterObservation$SimpleAroundFilterObservation.lambda$wrap$0(ObservationFilterChainDecorator.java:323)
	at org.springframework.security.web.ObservationFilterChainDecorator$ObservationFilter.doFilter(ObservationFilterChainDecorator.java:224)
	at org.springframework.security.web.ObservationFilterChainDecorator$VirtualFilterChain.doFilter(ObservationFilterChainDecorator.java:137)
	at org.springframework.security.web.FilterChainProxy.doFilterInternal(FilterChainProxy.java:233)
	at org.springframework.security.web.FilterChainProxy.doFilter(FilterChainProxy.java:191)
	at org.springframework.web.filter.CompositeFilter$VirtualFilterChain.doFilter(CompositeFilter.java:113)
	at org.springframework.web.servlet.handler.HandlerMappingIntrospector.lambda$createCacheFilter$3(HandlerMappingIntrospector.java:243)
	at org.springframework.web.filter.CompositeFilter$VirtualFilterChain.doFilter(CompositeFilter.java:113)
	at org.springframework.web.filter.CompositeFilter.doFilter(CompositeFilter.java:74)
	at org.springframework.security.config.annotation.web.configuration.WebMvcSecurityConfiguration$CompositeFilterChainProxy.doFilter(WebMvcSecurityConfiguration.java:238)
	at org.springframework.web.filter.DelegatingFilterProxy.invokeDelegate(DelegatingFilterProxy.java:362)
	at org.springframework.web.filter.DelegatingFilterProxy.doFilter(DelegatingFilterProxy.java:278)
	at org.apache.catalina.core.ApplicationFilterChain.internalDoFilter(ApplicationFilterChain.java:164)
	at org.apache.catalina.core.ApplicationFilterChain.doFilter(ApplicationFilterChain.java:140)
	at org.springframework.web.filter.RequestContextFilter.doFilterInternal(RequestContextFilter.java:100)
	at org.springframework.web.filter.OncePerRequestFilter.doFilter(OncePerRequestFilter.java:116)
	at org.apache.catalina.core.ApplicationFilterChain.internalDoFilter(ApplicationFilterChain.java:164)
	at org.apache.catalina.core.ApplicationFilterChain.doFilter(ApplicationFilterChain.java:140)
	at org.springframework.web.filter.FormContentFilter.doFilterInternal(FormContentFilter.java:93)
	at org.springframework.web.filter.OncePerRequestFilter.doFilter(OncePerRequestFilter.java:116)
	at org.apache.catalina.core.ApplicationFilterChain.internalDoFilter(ApplicationFilterChain.java:164)
	at org.apache.catalina.core.ApplicationFilterChain.doFilter(ApplicationFilterChain.java:140)
	at org.springframework.web.filter.ServerHttpObservationFilter.doFilterInternal(ServerHttpObservationFilter.java:114)
	at org.springframework.web.filter.OncePerRequestFilter.doFilter(OncePerRequestFilter.java:116)
	at org.apache.catalina.core.ApplicationFilterChain.internalDoFilter(ApplicationFilterChain.java:164)
	at org.apache.catalina.core.ApplicationFilterChain.doFilter(ApplicationFilterChain.java:140)
	at org.springframework.web.filter.CharacterEncodingFilter.doFilterInternal(CharacterEncodingFilter.java:201)
	at org.springframework.web.filter.OncePerRequestFilter.doFilter(OncePerRequestFilter.java:116)
	at org.apache.catalina.core.ApplicationFilterChain.internalDoFilter(ApplicationFilterChain.java:164)
	at org.apache.catalina.core.ApplicationFilterChain.doFilter(ApplicationFilterChain.java:140)
	at org.apache.catalina.core.StandardWrapperValve.invoke(StandardWrapperValve.java:167)
	at org.apache.catalina.core.StandardContextValve.invoke(StandardContextValve.java:90)
	at org.apache.catalina.authenticator.AuthenticatorBase.invoke(AuthenticatorBase.java:483)
	at org.apache.catalina.core.StandardHostValve.invoke(StandardHostValve.java:115)
	at org.apache.catalina.valves.ErrorReportValve.invoke(ErrorReportValve.java:93)
	at org.apache.catalina.core.StandardEngineValve.invoke(StandardEngineValve.java:74)
	at org.apache.catalina.connector.CoyoteAdapter.service(CoyoteAdapter.java:344)
	at org.apache.coyote.http11.Http11Processor.service(Http11Processor.java:397)
	at org.apache.coyote.AbstractProcessorLight.process(AbstractProcessorLight.java:63)
	at org.apache.coyote.AbstractProtocol$ConnectionHandler.process(AbstractProtocol.java:905)
	at org.apache.tomcat.util.net.NioEndpoint$SocketProcessor.doRun(NioEndpoint.java:1741)
	at org.apache.tomcat.util.net.SocketProcessorBase.run(SocketProcessorBase.java:52)
	at org.apache.tomcat.util.threads.ThreadPoolExecutor.runWorker(ThreadPoolExecutor.java:1190)
	at org.apache.tomcat.util.threads.ThreadPoolExecutor$Worker.run(ThreadPoolExecutor.java:659)
	at org.apache.tomcat.util.threads.TaskThread$WrappingRunnable.run(TaskThread.java:63)
	at java.base/java.lang.Thread.run(Thread.java:840)
2026-03-31 01:28:02.162 [http-nio-8080-exec-6] DEBUG [70ed4702] c.s.m.d.s.basic.BasicChannelService  -
        Finding all channels for user: bb14c4dc-4d25-45dc-b7cc-eb18a093a83d
2026-03-31 01:28:02.182 [http-nio-8080-exec-10] DEBUG [e0e09729] c.s.m.d.c.ReadStatusController       -
        Fetching read statuses for user: bb14c4dc-4d25-45dc-b7cc-eb18a093a83d
2026-03-31 01:28:02.182 [http-nio-8080-exec-10] DEBUG [e0e09729] c.s.m.d.s.b.BasicReadStatusService   -
        Fetching/Allocating read statuses for user: bb14c4dc-4d25-45dc-b7cc-eb18a093a83d
2026-03-31 01:28:05.164 [http-nio-8080-exec-1] DEBUG [6bd9bda8] c.s.m.d.s.basic.BasicChannelService  -
        Finding all channels for user: bb14c4dc-4d25-45dc-b7cc-eb18a093a83d
2026-03-31 01:28:05.184 [http-nio-8080-exec-2] DEBUG [0f6abdb8] c.s.m.d.c.ReadStatusController       -
        Fetching read statuses for user: bb14c4dc-4d25-45dc-b7cc-eb18a093a83d
2026-03-31 01:28:05.186 [http-nio-8080-exec-2] DEBUG [0f6abdb8] c.s.m.d.s.b.BasicReadStatusService   -
        Fetching/Allocating read statuses for user: bb14c4dc-4d25-45dc-b7cc-eb18a093a83d
2026-03-31 01:28:06.170 [http-nio-8080-exec-5] INFO  [6e8cc377] c.s.m.d.controller.UserController    -
        Updating user information for ID: bb14c4dc-4d25-45dc-b7cc-eb18a093a83d
2026-03-31 01:28:06.170 [http-nio-8080-exec-5] DEBUG [6e8cc377] c.s.m.d.controller.UserController    -
        Processing profile image: 스크린샷 2025-09-04 195608.png
2026-03-31 01:28:06.198 [http-nio-8080-exec-5] INFO  [6e8cc377] c.s.m.d.s.basic.BasicUserService     -
        Updating user id: bb14c4dc-4d25-45dc-b7cc-eb18a093a83d
2026-03-31 01:28:06.520 [http-nio-8080-exec-5] INFO  [6e8cc377] c.s.m.d.s.b.BasicBinaryContentService -
        Creating binary content: 스크린샷 2025-09-04 195608.png
2026-03-31 01:28:06.520 [http-nio-8080-exec-5] INFO  [6e8cc377] c.s.m.d.s.b.BasicBinaryContentService -
        Binary content created with id: 407022ae-547b-4102-aa98-1b8feab51d38
2026-03-31 01:28:06.520 [http-nio-8080-exec-5] DEBUG [6e8cc377] c.s.m.d.s.b.BasicUserStatusService   -
        Checking online status for user: bb14c4dc-4d25-45dc-b7cc-eb18a093a83d
2026-03-31 01:28:06.564 [http-nio-8080-exec-7] DEBUG [12403ee4] c.s.m.d.controller.UserController    -
        Fetching all users list
2026-03-31 01:28:06.570 [http-nio-8080-exec-7] DEBUG [12403ee4] c.s.m.d.s.basic.BasicUserService     -
        Listing all users
2026-03-31 01:28:06.571 [http-nio-8080-exec-7] DEBUG [12403ee4] c.s.m.d.s.b.BasicUserStatusService   -
        Checking online status for user: bb14c4dc-4d25-45dc-b7cc-eb18a093a83d
2026-03-31 01:28:06.587 [http-nio-8080-exec-3] DEBUG [fc9cce4c] c.s.m.d.c.BinaryContentController    -
        Fetching metadata for binary content: 407022ae-547b-4102-aa98-1b8feab51d38
2026-03-31 01:28:06.587 [http-nio-8080-exec-4] DEBUG [59fb75e2] c.s.m.d.s.basic.BasicChannelService  -
        Finding all channels for user: bb14c4dc-4d25-45dc-b7cc-eb18a093a83d
2026-03-31 01:28:06.588 [http-nio-8080-exec-8] DEBUG [80ee09b7] c.s.m.d.c.ReadStatusController       -
        Fetching read statuses for user: bb14c4dc-4d25-45dc-b7cc-eb18a093a83d
2026-03-31 01:28:06.588 [http-nio-8080-exec-8] DEBUG [80ee09b7] c.s.m.d.s.b.BasicReadStatusService   -
        Fetching/Allocating read statuses for user: bb14c4dc-4d25-45dc-b7cc-eb18a093a83d
2026-03-31 01:28:06.596 [http-nio-8080-exec-9] DEBUG [c9262ce3] c.s.m.d.c.BinaryContentController    -
        Fetching metadata for binary content: 407022ae-547b-4102-aa98-1b8feab51d38
2026-03-31 01:28:06.600 [http-nio-8080-exec-6] INFO  [95ae28bc] c.s.m.d.c.BinaryContentController    -
        File download request for binary content id: 407022ae-547b-4102-aa98-1b8feab51d38
2026-03-31 01:28:06.603 [http-nio-8080-exec-6] INFO  [95ae28bc] c.s.m.d.s.b.BasicBinaryContentService -
        Downloading file resource: 407022ae-547b-4102-aa98-1b8feab51d38
2026-03-31 01:28:06.603 [http-nio-8080-exec-10] DEBUG [456f1e59] c.s.m.d.c.ReadStatusController       -
        Fetching read statuses for user: bb14c4dc-4d25-45dc-b7cc-eb18a093a83d
2026-03-31 01:28:06.603 [http-nio-8080-exec-10] DEBUG [456f1e59] c.s.m.d.s.b.BasicReadStatusService   -
        Fetching/Allocating read statuses for user: bb14c4dc-4d25-45dc-b7cc-eb18a093a83d
2026-03-31 01:28:06.605 [http-nio-8080-exec-1] DEBUG [38659a80] c.s.m.d.c.BinaryContentController    -
        Fetching metadata for binary content: 407022ae-547b-4102-aa98-1b8feab51d38
2026-03-31 01:28:06.605 [http-nio-8080-exec-6] WARN  [95ae28bc] o.a.coyote.http11.Http11Processor    -
        The HTTP response header [Content-Disposition] with value [attachment; filename="스크린샷 2025-09-04 195608.png"] has been removed from the response because it is invalid
java.lang.IllegalArgumentException: The Unicode character [스] at code point [49,828] cannot be encoded as it is outside the permitted range of 0 to 255
	at org.apache.tomcat.util.buf.MessageBytes.toBytesSimple(MessageBytes.java:310)
	at org.apache.tomcat.util.buf.MessageBytes.toBytes(MessageBytes.java:283)
	at org.apache.coyote.http11.Http11OutputBuffer.write(Http11OutputBuffer.java:400)
	at org.apache.coyote.http11.Http11OutputBuffer.sendHeader(Http11OutputBuffer.java:379)
	at org.apache.coyote.http11.Http11Processor.writeHeaders(Http11Processor.java:1070)
	at org.apache.coyote.http11.Http11Processor.prepareResponse(Http11Processor.java:1057)
	at org.apache.coyote.AbstractProcessor.action(AbstractProcessor.java:377)
	at org.apache.coyote.Response.action(Response.java:208)
	at org.apache.coyote.http11.Http11OutputBuffer.doWrite(Http11OutputBuffer.java:187)
	at org.apache.coyote.Response.doWrite(Response.java:633)
	at org.apache.catalina.connector.OutputBuffer.realWriteBytes(OutputBuffer.java:329)
	at org.apache.catalina.connector.OutputBuffer.flushByteBuffer(OutputBuffer.java:776)
	at org.apache.catalina.connector.OutputBuffer.append(OutputBuffer.java:673)
	at org.apache.catalina.connector.OutputBuffer.writeBytes(OutputBuffer.java:376)
	at org.apache.catalina.connector.OutputBuffer.write(OutputBuffer.java:354)
	at org.apache.catalina.connector.CoyoteOutputStream.write(CoyoteOutputStream.java:103)
	at org.springframework.security.web.util.OnCommittedResponseWrapper$SaveContextServletOutputStream.write(OnCommittedResponseWrapper.java:639)
	at org.springframework.web.context.request.async.StandardServletAsyncWebRequest$LifecycleServletOutputStream.write(StandardServletAsyncWebRequest.java:401)
	at java.base/java.io.InputStream.transferTo(InputStream.java:783)
	at org.springframework.http.converter.ResourceHttpMessageConverter.writeContent(ResourceHttpMessageConverter.java:160)
	at org.springframework.http.converter.ResourceHttpMessageConverter.writeInternal(ResourceHttpMessageConverter.java:115)
	at org.springframework.http.converter.ResourceHttpMessageConverter.writeInternal(ResourceHttpMessageConverter.java:46)
	at org.springframework.http.converter.AbstractHttpMessageConverter.write(AbstractHttpMessageConverter.java:235)
	at org.springframework.web.servlet.mvc.method.annotation.AbstractMessageConverterMethodProcessor.writeWithMessageConverters(AbstractMessageConverterMethodProcessor.java:344)
	at org.springframework.web.servlet.mvc.method.annotation.HttpEntityMethodProcessor.handleReturnValue(HttpEntityMethodProcessor.java:261)
	at org.springframework.web.method.support.HandlerMethodReturnValueHandlerComposite.handleReturnValue(HandlerMethodReturnValueHandlerComposite.java:78)
	at org.springframework.web.servlet.mvc.method.annotation.ServletInvocableHandlerMethod.invokeAndHandle(ServletInvocableHandlerMethod.java:136)
	at org.springframework.web.servlet.mvc.method.annotation.RequestMappingHandlerAdapter.invokeHandlerMethod(RequestMappingHandlerAdapter.java:986)
	at org.springframework.web.servlet.mvc.method.annotation.RequestMappingHandlerAdapter.handleInternal(RequestMappingHandlerAdapter.java:891)
	at org.springframework.web.servlet.mvc.method.AbstractHandlerMethodAdapter.handle(AbstractHandlerMethodAdapter.java:87)
	at org.springframework.web.servlet.DispatcherServlet.doDispatch(DispatcherServlet.java:1088)
	at org.springframework.web.servlet.DispatcherServlet.doService(DispatcherServlet.java:978)
	at org.springframework.web.servlet.FrameworkServlet.processRequest(FrameworkServlet.java:1014)
	at org.springframework.web.servlet.FrameworkServlet.doGet(FrameworkServlet.java:903)
	at jakarta.servlet.http.HttpServlet.service(HttpServlet.java:564)
	at org.springframework.web.servlet.FrameworkServlet.service(FrameworkServlet.java:885)
	at jakarta.servlet.http.HttpServlet.service(HttpServlet.java:658)
	at org.apache.catalina.core.ApplicationFilterChain.internalDoFilter(ApplicationFilterChain.java:195)
	at org.apache.catalina.core.ApplicationFilterChain.doFilter(ApplicationFilterChain.java:140)
	at org.apache.tomcat.websocket.server.WsFilter.doFilter(WsFilter.java:51)
	at org.apache.catalina.core.ApplicationFilterChain.internalDoFilter(ApplicationFilterChain.java:164)
	at org.apache.catalina.core.ApplicationFilterChain.doFilter(ApplicationFilterChain.java:140)
	at org.springframework.web.filter.CompositeFilter$VirtualFilterChain.doFilter(CompositeFilter.java:108)
	at org.springframework.security.web.FilterChainProxy.lambda$doFilterInternal$3(FilterChainProxy.java:231)
	at org.springframework.security.web.ObservationFilterChainDecorator$FilterObservation$SimpleFilterObservation.lambda$wrap$1(ObservationFilterChainDecorator.java:479)
	at org.springframework.security.web.ObservationFilterChainDecorator$AroundFilterObservation$SimpleAroundFilterObservation.lambda$wrap$1(ObservationFilterChainDecorator.java:340)
	at org.springframework.security.web.ObservationFilterChainDecorator.lambda$wrapSecured$0(ObservationFilterChainDecorator.java:82)
	at org.springframework.security.web.ObservationFilterChainDecorator$VirtualFilterChain.doFilter(ObservationFilterChainDecorator.java:128)
	at org.springframework.security.web.access.intercept.AuthorizationFilter.doFilter(AuthorizationFilter.java:101)
	at org.springframework.security.web.ObservationFilterChainDecorator$ObservationFilter.wrapFilter(ObservationFilterChainDecorator.java:240)
	at org.springframework.security.web.ObservationFilterChainDecorator$ObservationFilter.doFilter(ObservationFilterChainDecorator.java:227)
	at org.springframework.security.web.ObservationFilterChainDecorator$VirtualFilterChain.doFilter(ObservationFilterChainDecorator.java:137)
	at org.springframework.security.web.access.ExceptionTranslationFilter.doFilter(ExceptionTranslationFilter.java:126)
	at org.springframework.security.web.access.ExceptionTranslationFilter.doFilter(ExceptionTranslationFilter.java:120)
	at org.springframework.security.web.ObservationFilterChainDecorator$ObservationFilter.wrapFilter(ObservationFilterChainDecorator.java:240)
	at org.springframework.security.web.ObservationFilterChainDecorator$ObservationFilter.doFilter(ObservationFilterChainDecorator.java:227)
	at org.springframework.security.web.ObservationFilterChainDecorator$VirtualFilterChain.doFilter(ObservationFilterChainDecorator.java:137)
	at org.springframework.security.web.authentication.AnonymousAuthenticationFilter.doFilter(AnonymousAuthenticationFilter.java:100)
	at org.springframework.security.web.ObservationFilterChainDecorator$ObservationFilter.wrapFilter(ObservationFilterChainDecorator.java:240)
	at org.springframework.security.web.ObservationFilterChainDecorator$ObservationFilter.doFilter(ObservationFilterChainDecorator.java:227)
	at org.springframework.security.web.ObservationFilterChainDecorator$VirtualFilterChain.doFilter(ObservationFilterChainDecorator.java:137)
	at org.springframework.security.web.servletapi.SecurityContextHolderAwareRequestFilter.doFilter(SecurityContextHolderAwareRequestFilter.java:179)
	at org.springframework.security.web.ObservationFilterChainDecorator$ObservationFilter.wrapFilter(ObservationFilterChainDecorator.java:240)
	at org.springframework.security.web.ObservationFilterChainDecorator$ObservationFilter.doFilter(ObservationFilterChainDecorator.java:227)
	at org.springframework.security.web.ObservationFilterChainDecorator$VirtualFilterChain.doFilter(ObservationFilterChainDecorator.java:137)
	at org.springframework.security.web.savedrequest.RequestCacheAwareFilter.doFilter(RequestCacheAwareFilter.java:63)
	at org.springframework.security.web.ObservationFilterChainDecorator$ObservationFilter.wrapFilter(ObservationFilterChainDecorator.java:240)
	at org.springframework.security.web.ObservationFilterChainDecorator$ObservationFilter.doFilter(ObservationFilterChainDecorator.java:227)
	at org.springframework.security.web.ObservationFilterChainDecorator$VirtualFilterChain.doFilter(ObservationFilterChainDecorator.java:137)
	at org.springframework.security.web.authentication.logout.LogoutFilter.doFilter(LogoutFilter.java:107)
	at org.springframework.security.web.authentication.logout.LogoutFilter.doFilter(LogoutFilter.java:93)
	at org.springframework.security.web.ObservationFilterChainDecorator$ObservationFilter.wrapFilter(ObservationFilterChainDecorator.java:240)
	at org.springframework.security.web.ObservationFilterChainDecorator$ObservationFilter.doFilter(ObservationFilterChainDecorator.java:227)
	at org.springframework.security.web.ObservationFilterChainDecorator$VirtualFilterChain.doFilter(ObservationFilterChainDecorator.java:137)
	at org.springframework.security.web.header.HeaderWriterFilter.doHeadersAfter(HeaderWriterFilter.java:90)
	at org.springframework.security.web.header.HeaderWriterFilter.doFilterInternal(HeaderWriterFilter.java:75)
	at org.springframework.web.filter.OncePerRequestFilter.doFilter(OncePerRequestFilter.java:116)
	at org.springframework.security.web.ObservationFilterChainDecorator$ObservationFilter.wrapFilter(ObservationFilterChainDecorator.java:240)
	at org.springframework.security.web.ObservationFilterChainDecorator$ObservationFilter.doFilter(ObservationFilterChainDecorator.java:227)
	at org.springframework.security.web.ObservationFilterChainDecorator$VirtualFilterChain.doFilter(ObservationFilterChainDecorator.java:137)
	at org.springframework.security.web.context.SecurityContextHolderFilter.doFilter(SecurityContextHolderFilter.java:82)
	at org.springframework.security.web.context.SecurityContextHolderFilter.doFilter(SecurityContextHolderFilter.java:69)
	at org.springframework.security.web.ObservationFilterChainDecorator$ObservationFilter.wrapFilter(ObservationFilterChainDecorator.java:240)
	at org.springframework.security.web.ObservationFilterChainDecorator$ObservationFilter.doFilter(ObservationFilterChainDecorator.java:227)
	at org.springframework.security.web.ObservationFilterChainDecorator$VirtualFilterChain.doFilter(ObservationFilterChainDecorator.java:137)
	at org.springframework.security.web.context.request.async.WebAsyncManagerIntegrationFilter.doFilterInternal(WebAsyncManagerIntegrationFilter.java:62)
	at org.springframework.web.filter.OncePerRequestFilter.doFilter(OncePerRequestFilter.java:116)
	at org.springframework.security.web.ObservationFilterChainDecorator$ObservationFilter.wrapFilter(ObservationFilterChainDecorator.java:240)
	at org.springframework.security.web.ObservationFilterChainDecorator$ObservationFilter.doFilter(ObservationFilterChainDecorator.java:227)
	at org.springframework.security.web.ObservationFilterChainDecorator$VirtualFilterChain.doFilter(ObservationFilterChainDecorator.java:137)
	at org.springframework.security.web.session.DisableEncodeUrlFilter.doFilterInternal(DisableEncodeUrlFilter.java:42)
	at org.springframework.web.filter.OncePerRequestFilter.doFilter(OncePerRequestFilter.java:116)
	at org.springframework.security.web.ObservationFilterChainDecorator$ObservationFilter.wrapFilter(ObservationFilterChainDecorator.java:240)
	at org.springframework.security.web.ObservationFilterChainDecorator$AroundFilterObservation$SimpleAroundFilterObservation.lambda$wrap$0(ObservationFilterChainDecorator.java:323)
	at org.springframework.security.web.ObservationFilterChainDecorator$ObservationFilter.doFilter(ObservationFilterChainDecorator.java:224)
	at org.springframework.security.web.ObservationFilterChainDecorator$VirtualFilterChain.doFilter(ObservationFilterChainDecorator.java:137)
	at org.springframework.security.web.FilterChainProxy.doFilterInternal(FilterChainProxy.java:233)
	at org.springframework.security.web.FilterChainProxy.doFilter(FilterChainProxy.java:191)
	at org.springframework.web.filter.CompositeFilter$VirtualFilterChain.doFilter(CompositeFilter.java:113)
	at org.springframework.web.servlet.handler.HandlerMappingIntrospector.lambda$createCacheFilter$3(HandlerMappingIntrospector.java:243)
	at org.springframework.web.filter.CompositeFilter$VirtualFilterChain.doFilter(CompositeFilter.java:113)
	at org.springframework.web.filter.CompositeFilter.doFilter(CompositeFilter.java:74)
	at org.springframework.security.config.annotation.web.configuration.WebMvcSecurityConfiguration$CompositeFilterChainProxy.doFilter(WebMvcSecurityConfiguration.java:238)
	at org.springframework.web.filter.DelegatingFilterProxy.invokeDelegate(DelegatingFilterProxy.java:362)
	at org.springframework.web.filter.DelegatingFilterProxy.doFilter(DelegatingFilterProxy.java:278)
	at org.apache.catalina.core.ApplicationFilterChain.internalDoFilter(ApplicationFilterChain.java:164)
	at org.apache.catalina.core.ApplicationFilterChain.doFilter(ApplicationFilterChain.java:140)
	at org.springframework.web.filter.RequestContextFilter.doFilterInternal(RequestContextFilter.java:100)
	at org.springframework.web.filter.OncePerRequestFilter.doFilter(OncePerRequestFilter.java:116)
	at org.apache.catalina.core.ApplicationFilterChain.internalDoFilter(ApplicationFilterChain.java:164)
	at org.apache.catalina.core.ApplicationFilterChain.doFilter(ApplicationFilterChain.java:140)
	at org.springframework.web.filter.FormContentFilter.doFilterInternal(FormContentFilter.java:93)
	at org.springframework.web.filter.OncePerRequestFilter.doFilter(OncePerRequestFilter.java:116)
	at org.apache.catalina.core.ApplicationFilterChain.internalDoFilter(ApplicationFilterChain.java:164)
	at org.apache.catalina.core.ApplicationFilterChain.doFilter(ApplicationFilterChain.java:140)
	at org.springframework.web.filter.ServerHttpObservationFilter.doFilterInternal(ServerHttpObservationFilter.java:114)
	at org.springframework.web.filter.OncePerRequestFilter.doFilter(OncePerRequestFilter.java:116)
	at org.apache.catalina.core.ApplicationFilterChain.internalDoFilter(ApplicationFilterChain.java:164)
	at org.apache.catalina.core.ApplicationFilterChain.doFilter(ApplicationFilterChain.java:140)
	at org.springframework.web.filter.CharacterEncodingFilter.doFilterInternal(CharacterEncodingFilter.java:201)
	at org.springframework.web.filter.OncePerRequestFilter.doFilter(OncePerRequestFilter.java:116)
	at org.apache.catalina.core.ApplicationFilterChain.internalDoFilter(ApplicationFilterChain.java:164)
	at org.apache.catalina.core.ApplicationFilterChain.doFilter(ApplicationFilterChain.java:140)
	at org.apache.catalina.core.StandardWrapperValve.invoke(StandardWrapperValve.java:167)
	at org.apache.catalina.core.StandardContextValve.invoke(StandardContextValve.java:90)
	at org.apache.catalina.authenticator.AuthenticatorBase.invoke(AuthenticatorBase.java:483)
	at org.apache.catalina.core.StandardHostValve.invoke(StandardHostValve.java:115)
	at org.apache.catalina.valves.ErrorReportValve.invoke(ErrorReportValve.java:93)
	at org.apache.catalina.core.StandardEngineValve.invoke(StandardEngineValve.java:74)
	at org.apache.catalina.connector.CoyoteAdapter.service(CoyoteAdapter.java:344)
	at org.apache.coyote.http11.Http11Processor.service(Http11Processor.java:397)
	at org.apache.coyote.AbstractProcessorLight.process(AbstractProcessorLight.java:63)
	at org.apache.coyote.AbstractProtocol$ConnectionHandler.process(AbstractProtocol.java:905)
	at org.apache.tomcat.util.net.NioEndpoint$SocketProcessor.doRun(NioEndpoint.java:1741)
	at org.apache.tomcat.util.net.SocketProcessorBase.run(SocketProcessorBase.java:52)
	at org.apache.tomcat.util.threads.ThreadPoolExecutor.runWorker(ThreadPoolExecutor.java:1190)
	at org.apache.tomcat.util.threads.ThreadPoolExecutor$Worker.run(ThreadPoolExecutor.java:659)
	at org.apache.tomcat.util.threads.TaskThread$WrappingRunnable.run(TaskThread.java:63)
	at java.base/java.lang.Thread.run(Thread.java:840)
2026-03-31 01:28:10.498 [http-nio-8080-exec-2] DEBUG [6d5bb9d7] c.s.m.d.s.basic.BasicChannelService  -
        Finding all channels for user: bb14c4dc-4d25-45dc-b7cc-eb18a093a83d
2026-03-31 01:28:10.523 [http-nio-8080-exec-5] DEBUG [6f8ca565] c.s.m.d.c.ReadStatusController       -
        Fetching read statuses for user: bb14c4dc-4d25-45dc-b7cc-eb18a093a83d
2026-03-31 01:28:10.523 [http-nio-8080-exec-5] DEBUG [6f8ca565] c.s.m.d.s.b.BasicReadStatusService   -
        Fetching/Allocating read statuses for user: bb14c4dc-4d25-45dc-b7cc-eb18a093a83d
2026-03-31 01:28:13.503 [http-nio-8080-exec-7] DEBUG [611e5110] c.s.m.d.s.basic.BasicChannelService  -
        Finding all channels for user: bb14c4dc-4d25-45dc-b7cc-eb18a093a83d
2026-03-31 01:28:13.521 [http-nio-8080-exec-3] DEBUG [d936fc69] c.s.m.d.c.ReadStatusController       -
        Fetching read statuses for user: bb14c4dc-4d25-45dc-b7cc-eb18a093a83d
2026-03-31 01:28:13.521 [http-nio-8080-exec-3] DEBUG [d936fc69] c.s.m.d.s.b.BasicReadStatusService   -
        Fetching/Allocating read statuses for user: bb14c4dc-4d25-45dc-b7cc-eb18a093a83d
2026-03-31 01:28:16.496 [http-nio-8080-exec-4] DEBUG [7960eefb] c.s.m.d.s.basic.BasicChannelService  -
        Finding all channels for user: bb14c4dc-4d25-45dc-b7cc-eb18a093a83d
2026-03-31 01:28:16.521 [http-nio-8080-exec-8] DEBUG [5d8de17d] c.s.m.d.c.ReadStatusController       -
        Fetching read statuses for user: bb14c4dc-4d25-45dc-b7cc-eb18a093a83d
2026-03-31 01:28:16.523 [http-nio-8080-exec-8] DEBUG [5d8de17d] c.s.m.d.s.b.BasicReadStatusService   -
        Fetching/Allocating read statuses for user: bb14c4dc-4d25-45dc-b7cc-eb18a093a83d
2026-03-31 01:28:19.497 [http-nio-8080-exec-9] DEBUG [b4e53c56] c.s.m.d.s.basic.BasicChannelService  -
        Finding all channels for user: bb14c4dc-4d25-45dc-b7cc-eb18a093a83d
2026-03-31 01:28:19.516 [http-nio-8080-exec-1] DEBUG [cc6eb71b] c.s.m.d.c.ReadStatusController       -
        Fetching read statuses for user: bb14c4dc-4d25-45dc-b7cc-eb18a093a83d
2026-03-31 01:28:19.516 [http-nio-8080-exec-1] DEBUG [cc6eb71b] c.s.m.d.s.b.BasicReadStatusService   -
        Fetching/Allocating read statuses for user: bb14c4dc-4d25-45dc-b7cc-eb18a093a83d
2026-03-31 01:28:22.505 [http-nio-8080-exec-2] DEBUG [c4d669d6] c.s.m.d.controller.UserController    -
        Fetching all users list
2026-03-31 01:28:22.505 [http-nio-8080-exec-10] DEBUG [5d1634cb] c.s.m.d.s.basic.BasicChannelService  -
        Finding all channels for user: bb14c4dc-4d25-45dc-b7cc-eb18a093a83d
2026-03-31 01:28:22.505 [http-nio-8080-exec-2] DEBUG [c4d669d6] c.s.m.d.s.basic.BasicUserService     -
        Listing all users
2026-03-31 01:28:22.505 [http-nio-8080-exec-6] DEBUG [6f7be8d6] c.s.m.d.controller.UserController    -
        Updating status for user: bb14c4dc-4d25-45dc-b7cc-eb18a093a83d, last active: 2026-03-30T16:28:22.498Z
2026-03-31 01:28:22.505 [http-nio-8080-exec-6] INFO  [6f7be8d6] c.s.m.d.s.b.BasicUserStatusService   -
        Updating status for user: bb14c4dc-4d25-45dc-b7cc-eb18a093a83d
2026-03-31 01:28:22.511 [http-nio-8080-exec-2] DEBUG [c4d669d6] c.s.m.d.s.b.BasicUserStatusService   -
        Checking online status for user: bb14c4dc-4d25-45dc-b7cc-eb18a093a83d
2026-03-31 01:28:22.526 [http-nio-8080-exec-7] DEBUG [7299f05a] c.s.m.d.c.ReadStatusController       -
        Fetching read statuses for user: bb14c4dc-4d25-45dc-b7cc-eb18a093a83d
2026-03-31 01:28:22.526 [http-nio-8080-exec-5] DEBUG [e30caa56] c.s.m.d.s.basic.BasicChannelService  -
        Finding all channels for user: bb14c4dc-4d25-45dc-b7cc-eb18a093a83d
2026-03-31 01:28:22.526 [http-nio-8080-exec-7] DEBUG [7299f05a] c.s.m.d.s.b.BasicReadStatusService   -
        Fetching/Allocating read statuses for user: bb14c4dc-4d25-45dc-b7cc-eb18a093a83d
2026-03-31 01:28:22.539 [http-nio-8080-exec-3] DEBUG [88b92654] c.s.m.d.c.ReadStatusController       -
        Fetching read statuses for user: bb14c4dc-4d25-45dc-b7cc-eb18a093a83d
2026-03-31 01:28:22.539 [http-nio-8080-exec-3] DEBUG [88b92654] c.s.m.d.s.b.BasicReadStatusService   -
        Fetching/Allocating read statuses for user: bb14c4dc-4d25-45dc-b7cc-eb18a093a83d
2026-03-31 01:28:22.552 [http-nio-8080-exec-4] DEBUG [87ee9c06] c.s.m.d.c.ReadStatusController       -
        Fetching read statuses for user: bb14c4dc-4d25-45dc-b7cc-eb18a093a83d
2026-03-31 01:28:22.552 [http-nio-8080-exec-4] DEBUG [87ee9c06] c.s.m.d.s.b.BasicReadStatusService   -
        Fetching/Allocating read statuses for user: bb14c4dc-4d25-45dc-b7cc-eb18a093a83d
2026-03-31 01:28:26.493 [http-nio-8080-exec-8] DEBUG [a456a843] c.s.m.d.s.basic.BasicChannelService  -
        Finding all channels for user: bb14c4dc-4d25-45dc-b7cc-eb18a093a83d
2026-03-31 01:28:26.524 [http-nio-8080-exec-9] DEBUG [76b39a70] c.s.m.d.c.ReadStatusController       -
        Fetching read statuses for user: bb14c4dc-4d25-45dc-b7cc-eb18a093a83d
2026-03-31 01:28:26.525 [http-nio-8080-exec-9] DEBUG [76b39a70] c.s.m.d.s.b.BasicReadStatusService   -
        Fetching/Allocating read statuses for user: bb14c4dc-4d25-45dc-b7cc-eb18a093a83d
2026-03-31 01:28:29.487 [http-nio-8080-exec-1] DEBUG [b25623db] c.s.m.d.s.basic.BasicChannelService  -
        Finding all channels for user: bb14c4dc-4d25-45dc-b7cc-eb18a093a83d
2026-03-31 01:28:29.514 [http-nio-8080-exec-2] DEBUG [2156c53f] c.s.m.d.c.ReadStatusController       -
        Fetching read statuses for user: bb14c4dc-4d25-45dc-b7cc-eb18a093a83d
2026-03-31 01:28:29.514 [http-nio-8080-exec-2] DEBUG [2156c53f] c.s.m.d.s.b.BasicReadStatusService   -
        Fetching/Allocating read statuses for user: bb14c4dc-4d25-45dc-b7cc-eb18a093a83d
2026-03-31 01:28:32.501 [http-nio-8080-exec-10] DEBUG [ce87dc35] c.s.m.d.s.basic.BasicChannelService  -
        Finding all channels for user: bb14c4dc-4d25-45dc-b7cc-eb18a093a83d
2026-03-31 01:28:32.524 [http-nio-8080-exec-6] DEBUG [d7d8ddd1] c.s.m.d.c.ReadStatusController       -
        Fetching read statuses for user: bb14c4dc-4d25-45dc-b7cc-eb18a093a83d
2026-03-31 01:28:32.524 [http-nio-8080-exec-6] DEBUG [d7d8ddd1] c.s.m.d.s.b.BasicReadStatusService   -
        Fetching/Allocating read statuses for user: bb14c4dc-4d25-45dc-b7cc-eb18a093a83d
2026-03-31 01:28:35.496 [http-nio-8080-exec-5] DEBUG [52522d08] c.s.m.d.s.basic.BasicChannelService  -
        Finding all channels for user: bb14c4dc-4d25-45dc-b7cc-eb18a093a83d
2026-03-31 01:28:35.520 [http-nio-8080-exec-7] DEBUG [f1535967] c.s.m.d.c.ReadStatusController       -
        Fetching read statuses for user: bb14c4dc-4d25-45dc-b7cc-eb18a093a83d
2026-03-31 01:28:35.522 [http-nio-8080-exec-7] DEBUG [f1535967] c.s.m.d.s.b.BasicReadStatusService   -
        Fetching/Allocating read statuses for user: bb14c4dc-4d25-45dc-b7cc-eb18a093a83d
2026-03-31 01:28:38.496 [http-nio-8080-exec-3] DEBUG [27443381] c.s.m.d.s.basic.BasicChannelService  -
        Finding all channels for user: bb14c4dc-4d25-45dc-b7cc-eb18a093a83d
2026-03-31 01:28:38.511 [http-nio-8080-exec-4] DEBUG [b220d08b] c.s.m.d.c.ReadStatusController       -
        Fetching read statuses for user: bb14c4dc-4d25-45dc-b7cc-eb18a093a83d
2026-03-31 01:28:38.511 [http-nio-8080-exec-4] DEBUG [b220d08b] c.s.m.d.s.b.BasicReadStatusService   -
        Fetching/Allocating read statuses for user: bb14c4dc-4d25-45dc-b7cc-eb18a093a83d
2026-03-31 01:28:41.507 [http-nio-8080-exec-8] DEBUG [b5d8deb3] c.s.m.d.s.basic.BasicChannelService  -
        Finding all channels for user: bb14c4dc-4d25-45dc-b7cc-eb18a093a83d
2026-03-31 01:28:41.523 [http-nio-8080-exec-9] DEBUG [1b340dfb] c.s.m.d.c.ReadStatusController       -
        Fetching read statuses for user: bb14c4dc-4d25-45dc-b7cc-eb18a093a83d
2026-03-31 01:28:41.523 [http-nio-8080-exec-9] DEBUG [1b340dfb] c.s.m.d.s.b.BasicReadStatusService   -
        Fetching/Allocating read statuses for user: bb14c4dc-4d25-45dc-b7cc-eb18a093a83d
2026-03-31 01:28:44.490 [http-nio-8080-exec-1] DEBUG [a6e113da] c.s.m.d.s.basic.BasicChannelService  -
        Finding all channels for user: bb14c4dc-4d25-45dc-b7cc-eb18a093a83d
2026-03-31 01:28:44.503 [http-nio-8080-exec-2] DEBUG [436189e7] c.s.m.d.c.ReadStatusController       -
        Fetching read statuses for user: bb14c4dc-4d25-45dc-b7cc-eb18a093a83d
2026-03-31 01:28:44.503 [http-nio-8080-exec-2] DEBUG [436189e7] c.s.m.d.s.b.BasicReadStatusService   -
        Fetching/Allocating read statuses for user: bb14c4dc-4d25-45dc-b7cc-eb18a093a83d
2026-03-31 01:28:47.499 [http-nio-8080-exec-10] DEBUG [6f24e0be] c.s.m.d.s.basic.BasicChannelService  -
        Finding all channels for user: bb14c4dc-4d25-45dc-b7cc-eb18a093a83d
2026-03-31 01:28:47.517 [http-nio-8080-exec-6] DEBUG [7f7a1fb2] c.s.m.d.c.ReadStatusController       -
        Fetching read statuses for user: bb14c4dc-4d25-45dc-b7cc-eb18a093a83d
2026-03-31 01:28:47.522 [http-nio-8080-exec-6] DEBUG [7f7a1fb2] c.s.m.d.s.b.BasicReadStatusService   -
        Fetching/Allocating read statuses for user: bb14c4dc-4d25-45dc-b7cc-eb18a093a83d
2026-03-31 01:28:50.488 [http-nio-8080-exec-5] DEBUG [a6e19806] c.s.m.d.s.basic.BasicChannelService  -
        Finding all channels for user: bb14c4dc-4d25-45dc-b7cc-eb18a093a83d
2026-03-31 01:28:50.506 [http-nio-8080-exec-7] DEBUG [3e975d1c] c.s.m.d.c.ReadStatusController       -
        Fetching read statuses for user: bb14c4dc-4d25-45dc-b7cc-eb18a093a83d
2026-03-31 01:28:50.506 [http-nio-8080-exec-7] DEBUG [3e975d1c] c.s.m.d.s.b.BasicReadStatusService   -
        Fetching/Allocating read statuses for user: bb14c4dc-4d25-45dc-b7cc-eb18a093a83d
2026-03-31 01:28:52.498 [http-nio-8080-exec-3] DEBUG [c40a426c] c.s.m.d.controller.UserController    -
        Updating status for user: bb14c4dc-4d25-45dc-b7cc-eb18a093a83d, last active: 2026-03-30T16:28:52.496Z
2026-03-31 01:28:52.498 [http-nio-8080-exec-3] INFO  [c40a426c] c.s.m.d.s.b.BasicUserStatusService   -
        Updating status for user: bb14c4dc-4d25-45dc-b7cc-eb18a093a83d
2026-03-31 01:28:53.493 [http-nio-8080-exec-4] DEBUG [2df73550] c.s.m.d.s.basic.BasicChannelService  -
        Finding all channels for user: bb14c4dc-4d25-45dc-b7cc-eb18a093a83d
2026-03-31 01:28:53.506 [http-nio-8080-exec-8] DEBUG [bc7cdf7a] c.s.m.d.c.ReadStatusController       -
        Fetching read statuses for user: bb14c4dc-4d25-45dc-b7cc-eb18a093a83d
2026-03-31 01:28:53.506 [http-nio-8080-exec-8] DEBUG [bc7cdf7a] c.s.m.d.s.b.BasicReadStatusService   -
        Fetching/Allocating read statuses for user: bb14c4dc-4d25-45dc-b7cc-eb18a093a83d
2026-03-31 01:28:56.488 [http-nio-8080-exec-9] DEBUG [6b767cf8] c.s.m.d.s.basic.BasicChannelService  -
        Finding all channels for user: bb14c4dc-4d25-45dc-b7cc-eb18a093a83d
2026-03-31 01:28:56.508 [http-nio-8080-exec-1] DEBUG [2a17a86d] c.s.m.d.c.ReadStatusController       -
        Fetching read statuses for user: bb14c4dc-4d25-45dc-b7cc-eb18a093a83d
2026-03-31 01:28:56.508 [http-nio-8080-exec-1] DEBUG [2a17a86d] c.s.m.d.s.b.BasicReadStatusService   -
        Fetching/Allocating read statuses for user: bb14c4dc-4d25-45dc-b7cc-eb18a093a83d
2026-03-31 01:28:58.637 [SpringApplicationShutdownHook] INFO  [] o.s.b.w.e.tomcat.GracefulShutdown    -
        Commencing graceful shutdown. Waiting for active requests to complete
2026-03-31 01:28:58.824 [tomcat-shutdown] INFO  [] o.s.b.w.e.tomcat.GracefulShutdown    -
        Graceful shutdown complete
2026-03-31 01:28:58.827 [SpringApplicationShutdownHook] INFO  [] o.s.o.j.LocalContainerEntityManagerFactoryBean -
        Closing JPA EntityManagerFactory for persistence unit 'default'
2026-03-31 01:28:58.836 [SpringApplicationShutdownHook] INFO  [] com.zaxxer.hikari.HikariDataSource   -
        HikariPool-1 - Shutdown initiated...
2026-03-31 01:28:58.841 [SpringApplicationShutdownHook] INFO  [] com.zaxxer.hikari.HikariDataSource   -
        HikariPool-1 - Shutdown completed.
2026-03-31 10:35:20.888 [main] INFO  [] c.s.m.discodeit.DiscodeitApplication -
        Starting DiscodeitApplication using Java 17.0.0.1 with PID 22304 (C:\Users\mj559\IdeaProjects\9-sprint-mission\discodeit\build\classes\java\main started by mj559 in C:\Users\mj559\IdeaProjects\9-sprint-mission)
2026-03-31 10:35:20.893 [main] DEBUG [] c.s.m.discodeit.DiscodeitApplication -
        Running with Spring Boot v3.4.0, Spring v6.2.0
2026-03-31 10:35:20.894 [main] INFO  [] c.s.m.discodeit.DiscodeitApplication -
        The following 1 profile is active: "dev"
2026-03-31 10:35:23.105 [main] INFO  [] o.s.d.r.c.RepositoryConfigurationDelegate -
        Bootstrapping Spring Data JPA repositories in DEFAULT mode.
2026-03-31 10:35:23.232 [main] INFO  [] o.s.d.r.c.RepositoryConfigurationDelegate -
        Finished Spring Data repository scanning in 114 ms. Found 6 JPA repository interfaces.
2026-03-31 10:35:24.379 [main] INFO  [] o.s.b.w.e.tomcat.TomcatWebServer     -
        Tomcat initialized with port 8080 (http)
2026-03-31 10:35:24.401 [main] INFO  [] o.a.catalina.core.StandardService    -
        Starting service [Tomcat]
2026-03-31 10:35:24.402 [main] INFO  [] o.a.catalina.core.StandardEngine     -
        Starting Servlet engine: [Apache Tomcat/10.1.33]
2026-03-31 10:35:24.508 [main] INFO  [] o.a.c.c.C.[Tomcat].[localhost].[/]   -
        Initializing Spring embedded WebApplicationContext
2026-03-31 10:35:24.510 [main] INFO  [] o.s.b.w.s.c.ServletWebServerApplicationContext -
        Root WebApplicationContext: initialization completed in 3532 ms
2026-03-31 10:35:24.852 [main] INFO  [] com.zaxxer.hikari.HikariDataSource   -
        HikariPool-1 - Starting...
2026-03-31 10:35:25.175 [main] INFO  [] com.zaxxer.hikari.pool.HikariPool    -
        HikariPool-1 - Added connection conn0: url=jdbc:h2:mem:discodeit_db user=SA
2026-03-31 10:35:25.179 [main] INFO  [] com.zaxxer.hikari.HikariDataSource   -
        HikariPool-1 - Start completed.
2026-03-31 10:35:25.365 [main] INFO  [] o.h.jpa.internal.util.LogHelper      -
        HHH000204: Processing PersistenceUnitInfo [name: default]
2026-03-31 10:35:25.452 [main] INFO  [] org.hibernate.Version                -
        HHH000412: Hibernate ORM core version 6.6.2.Final
2026-03-31 10:35:25.516 [main] INFO  [] o.h.c.i.RegionFactoryInitiator       -
        HHH000026: Second-level cache disabled
2026-03-31 10:35:25.962 [main] INFO  [] o.s.o.j.p.SpringPersistenceUnitInfo  -
        No LoadTimeWeaver setup: ignoring JPA class transformer
2026-03-31 10:35:26.082 [main] INFO  [] o.hibernate.orm.connections.pooling  -
        HHH10001005: Database info:
	Database JDBC URL [Connecting through datasource 'HikariDataSource (HikariPool-1)']
	Database driver: undefined/unknown
	Database version: 2.3.232
	Autocommit mode: undefined/unknown
	Isolation level: undefined/unknown
	Minimum pool size: undefined/unknown
	Maximum pool size: undefined/unknown
2026-03-31 10:35:27.972 [main] INFO  [] o.h.e.t.j.p.i.JtaPlatformInitiator   -
        HHH000489: No JTA platform available (set 'hibernate.transaction.jta.platform' to enable JTA platform integration)
2026-03-31 10:35:28.136 [main] INFO  [] o.s.o.j.LocalContainerEntityManagerFactoryBean -
        Initialized JPA EntityManagerFactory for persistence unit 'default'
2026-03-31 10:35:28.840 [main] INFO  [] o.s.d.j.r.query.QueryEnhancerFactory -
        Hibernate is in classpath; If applicable, HQL parser will be used.
2026-03-31 10:35:30.273 [main] WARN  [] o.s.b.a.o.j.JpaBaseConfiguration$JpaWebConfiguration -
        spring.jpa.open-in-view is enabled by default. Therefore, database queries may be performed during view rendering. Explicitly configure spring.jpa.open-in-view to disable this warning
2026-03-31 10:35:30.331 [main] WARN  [] o.s.b.a.s.s.UserDetailsServiceAutoConfiguration -
        

Using generated security password: 25889d4c-ea8e-47d3-aafb-b04b429e2f80

This generated password is for development use only. Your security configuration must be updated before running your application in production.

2026-03-31 10:35:30.346 [main] INFO  [] o.s.s.c.a.a.c.InitializeUserDetailsBeanManagerConfigurer$InitializeUserDetailsManagerConfigurer -
        Global AuthenticationManager configured with UserDetailsService bean with name inMemoryUserDetailsManager
2026-03-31 10:35:30.507 [main] INFO  [] o.s.b.a.w.s.WelcomePageHandlerMapping -
        Adding welcome page: class path resource [static/index.html]
2026-03-31 10:35:31.077 [main] INFO  [] o.s.b.a.e.web.EndpointLinksResolver  -
        Exposing 4 endpoints beneath base path '/actuator'
2026-03-31 10:35:33.345 [main] INFO  [] o.s.b.w.e.tomcat.TomcatWebServer     -
        Tomcat started on port 8080 (http) with context path '/'
2026-03-31 10:35:33.393 [main] INFO  [] c.s.m.discodeit.DiscodeitApplication -
        Started DiscodeitApplication in 14.004 seconds (process running for 17.621)
2026-03-31 10:36:18.652 [http-nio-8080-exec-3] INFO  [] o.a.c.c.C.[Tomcat].[localhost].[/]   -
        Initializing Spring DispatcherServlet 'dispatcherServlet'
2026-03-31 10:36:18.653 [http-nio-8080-exec-3] INFO  [] o.s.web.servlet.DispatcherServlet    -
        Initializing Servlet 'dispatcherServlet'
2026-03-31 10:36:18.660 [http-nio-8080-exec-3] INFO  [] o.s.web.servlet.DispatcherServlet    -
        Completed initialization in 7 ms
2026-03-31 10:36:18.934 [http-nio-8080-exec-2] DEBUG [b5ff5700] c.s.m.d.controller.UserController    -
        Updating status for user: bb14c4dc-4d25-45dc-b7cc-eb18a093a83d, last active: 2026-03-31T01:36:18.884Z
2026-03-31 10:36:18.934 [http-nio-8080-exec-1] DEBUG [b7726d82] c.s.m.d.controller.UserController    -
        Updating status for user: bb14c4dc-4d25-45dc-b7cc-eb18a093a83d, last active: 2026-03-31T01:36:18.521Z
2026-03-31 10:36:18.947 [http-nio-8080-exec-2] INFO  [b5ff5700] c.s.m.d.s.b.BasicUserStatusService   -
        Updating status for user: bb14c4dc-4d25-45dc-b7cc-eb18a093a83d
2026-03-31 10:36:18.947 [http-nio-8080-exec-1] INFO  [b7726d82] c.s.m.d.s.b.BasicUserStatusService   -
        Updating status for user: bb14c4dc-4d25-45dc-b7cc-eb18a093a83d
2026-03-31 10:36:19.200 [http-nio-8080-exec-2] ERROR [b5ff5700] c.s.m.d.s.b.BasicUserStatusService   -
        Update failed: UserStatus not found for user bb14c4dc-4d25-45dc-b7cc-eb18a093a83d
2026-03-31 10:36:19.200 [http-nio-8080-exec-1] ERROR [b7726d82] c.s.m.d.s.b.BasicUserStatusService   -
        Update failed: UserStatus not found for user bb14c4dc-4d25-45dc-b7cc-eb18a093a83d
2026-03-31 10:36:19.205 [http-nio-8080-exec-2] WARN  [b5ff5700] c.s.m.d.c.GlobalExceptionHandler     -
        Business Exception: U003 - UserStatus with userId bb14c4dc-4d25-45dc-b7cc-eb18a093a83d not found
2026-03-31 10:36:19.205 [http-nio-8080-exec-1] WARN  [b7726d82] c.s.m.d.c.GlobalExceptionHandler     -
        Business Exception: U003 - UserStatus with userId bb14c4dc-4d25-45dc-b7cc-eb18a093a83d not found
2026-03-31 10:44:16.296 [SpringApplicationShutdownHook] INFO  [] o.s.b.w.e.tomcat.GracefulShutdown    -
        Commencing graceful shutdown. Waiting for active requests to complete
2026-03-31 10:44:16.536 [tomcat-shutdown] INFO  [] o.s.b.w.e.tomcat.GracefulShutdown    -
        Graceful shutdown complete
2026-03-31 10:44:16.577 [SpringApplicationShutdownHook] INFO  [] o.s.o.j.LocalContainerEntityManagerFactoryBean -
        Closing JPA EntityManagerFactory for persistence unit 'default'
2026-03-31 10:44:16.601 [SpringApplicationShutdownHook] INFO  [] com.zaxxer.hikari.HikariDataSource   -
        HikariPool-1 - Shutdown initiated...
2026-03-31 10:44:16.616 [SpringApplicationShutdownHook] INFO  [] com.zaxxer.hikari.HikariDataSource   -
        HikariPool-1 - Shutdown completed.
2026-03-31 10:47:36.476 [main] INFO  [] c.s.m.discodeit.DiscodeitApplication -
        Starting DiscodeitApplication using Java 17.0.0.1 with PID 2676 (C:\Users\mj559\IdeaProjects\9-sprint-mission\discodeit\build\classes\java\main started by mj559 in C:\Users\mj559\IdeaProjects\9-sprint-mission)
2026-03-31 10:47:36.479 [main] DEBUG [] c.s.m.discodeit.DiscodeitApplication -
        Running with Spring Boot v3.4.0, Spring v6.2.0
2026-03-31 10:47:36.479 [main] INFO  [] c.s.m.discodeit.DiscodeitApplication -
        The following 1 profile is active: "dev"
2026-03-31 10:47:38.665 [main] INFO  [] o.s.d.r.c.RepositoryConfigurationDelegate -
        Bootstrapping Spring Data JPA repositories in DEFAULT mode.
2026-03-31 10:47:38.806 [main] INFO  [] o.s.d.r.c.RepositoryConfigurationDelegate -
        Finished Spring Data repository scanning in 128 ms. Found 6 JPA repository interfaces.
2026-03-31 10:47:40.200 [main] INFO  [] o.s.b.w.e.tomcat.TomcatWebServer     -
        Tomcat initialized with port 8080 (http)
2026-03-31 10:47:40.223 [main] INFO  [] o.a.catalina.core.StandardService    -
        Starting service [Tomcat]
2026-03-31 10:47:40.223 [main] INFO  [] o.a.catalina.core.StandardEngine     -
        Starting Servlet engine: [Apache Tomcat/10.1.33]
2026-03-31 10:47:40.337 [main] INFO  [] o.a.c.c.C.[Tomcat].[localhost].[/]   -
        Initializing Spring embedded WebApplicationContext
2026-03-31 10:47:40.338 [main] INFO  [] o.s.b.w.s.c.ServletWebServerApplicationContext -
        Root WebApplicationContext: initialization completed in 3799 ms
2026-03-31 10:47:40.754 [main] INFO  [] com.zaxxer.hikari.HikariDataSource   -
        HikariPool-1 - Starting...
2026-03-31 10:47:41.080 [main] INFO  [] com.zaxxer.hikari.pool.HikariPool    -
        HikariPool-1 - Added connection conn0: url=jdbc:h2:mem:discodeit_db user=SA
2026-03-31 10:47:41.083 [main] INFO  [] com.zaxxer.hikari.HikariDataSource   -
        HikariPool-1 - Start completed.
2026-03-31 10:47:41.271 [main] INFO  [] o.h.jpa.internal.util.LogHelper      -
        HHH000204: Processing PersistenceUnitInfo [name: default]
2026-03-31 10:47:41.377 [main] INFO  [] org.hibernate.Version                -
        HHH000412: Hibernate ORM core version 6.6.2.Final
2026-03-31 10:47:41.429 [main] INFO  [] o.h.c.i.RegionFactoryInitiator       -
        HHH000026: Second-level cache disabled
2026-03-31 10:47:41.847 [main] INFO  [] o.s.o.j.p.SpringPersistenceUnitInfo  -
        No LoadTimeWeaver setup: ignoring JPA class transformer
2026-03-31 10:47:41.961 [main] INFO  [] o.hibernate.orm.connections.pooling  -
        HHH10001005: Database info:
	Database JDBC URL [Connecting through datasource 'HikariDataSource (HikariPool-1)']
	Database driver: undefined/unknown
	Database version: 2.3.232
	Autocommit mode: undefined/unknown
	Isolation level: undefined/unknown
	Minimum pool size: undefined/unknown
	Maximum pool size: undefined/unknown
2026-03-31 10:47:43.363 [main] INFO  [] o.h.e.t.j.p.i.JtaPlatformInitiator   -
        HHH000489: No JTA platform available (set 'hibernate.transaction.jta.platform' to enable JTA platform integration)
2026-03-31 10:47:43.457 [main] INFO  [] o.s.o.j.LocalContainerEntityManagerFactoryBean -
        Initialized JPA EntityManagerFactory for persistence unit 'default'
2026-03-31 10:47:43.919 [main] INFO  [] o.s.d.j.r.query.QueryEnhancerFactory -
        Hibernate is in classpath; If applicable, HQL parser will be used.
2026-03-31 10:47:45.016 [main] WARN  [] o.s.b.a.o.j.JpaBaseConfiguration$JpaWebConfiguration -
        spring.jpa.open-in-view is enabled by default. Therefore, database queries may be performed during view rendering. Explicitly configure spring.jpa.open-in-view to disable this warning
2026-03-31 10:47:45.054 [main] WARN  [] o.s.b.a.s.s.UserDetailsServiceAutoConfiguration -
        

Using generated security password: b45bfbef-8b6a-4aa2-808b-cbeba650d40a

This generated password is for development use only. Your security configuration must be updated before running your application in production.

2026-03-31 10:47:45.068 [main] INFO  [] o.s.s.c.a.a.c.InitializeUserDetailsBeanManagerConfigurer$InitializeUserDetailsManagerConfigurer -
        Global AuthenticationManager configured with UserDetailsService bean with name inMemoryUserDetailsManager
2026-03-31 10:47:45.190 [main] INFO  [] o.s.b.a.w.s.WelcomePageHandlerMapping -
        Adding welcome page: class path resource [static/index.html]
2026-03-31 10:47:45.673 [main] INFO  [] o.s.b.a.e.web.EndpointLinksResolver  -
        Exposing 4 endpoints beneath base path '/actuator'
2026-03-31 10:47:46.757 [main] INFO  [] o.s.b.w.e.tomcat.TomcatWebServer     -
        Tomcat started on port 8080 (http) with context path '/'
2026-03-31 10:47:46.782 [main] INFO  [] c.s.m.discodeit.DiscodeitApplication -
        Started DiscodeitApplication in 11.154 seconds (process running for 12.431)
2026-03-31 10:47:47.242 [registrationTask1] INFO  [] d.c.b.a.c.r.ApplicationRegistrator   -
        Application registered itself as 2876565123ca
2026-03-31 10:47:47.397 [RMI TCP Connection(2)-192.168.45.114] INFO  [] o.a.c.c.C.[Tomcat].[localhost].[/]   -
        Initializing Spring DispatcherServlet 'dispatcherServlet'
2026-03-31 10:47:47.398 [RMI TCP Connection(2)-192.168.45.114] INFO  [] o.s.web.servlet.DispatcherServlet    -
        Initializing Servlet 'dispatcherServlet'
2026-03-31 10:47:47.400 [RMI TCP Connection(2)-192.168.45.114] INFO  [] o.s.web.servlet.DispatcherServlet    -
        Completed initialization in 2 ms
2026-03-31 10:48:34.946 [http-nio-8080-exec-6] ERROR [7fffe9a6] c.s.m.d.c.GlobalExceptionHandler     -
        Internal Server Error: 
org.springframework.web.servlet.resource.NoResourceFoundException: No static resource .well-known/appspecific/com.chrome.devtools.json.
	at org.springframework.web.servlet.resource.ResourceHttpRequestHandler.handleRequest(ResourceHttpRequestHandler.java:585)
	at org.springframework.web.servlet.mvc.HttpRequestHandlerAdapter.handle(HttpRequestHandlerAdapter.java:52)
	at org.springframework.web.servlet.DispatcherServlet.doDispatch(DispatcherServlet.java:1088)
	at org.springframework.web.servlet.DispatcherServlet.doService(DispatcherServlet.java:978)
	at org.springframework.web.servlet.FrameworkServlet.processRequest(FrameworkServlet.java:1014)
	at org.springframework.web.servlet.FrameworkServlet.doGet(FrameworkServlet.java:903)
	at jakarta.servlet.http.HttpServlet.service(HttpServlet.java:564)
	at org.springframework.web.servlet.FrameworkServlet.service(FrameworkServlet.java:885)
	at jakarta.servlet.http.HttpServlet.service(HttpServlet.java:658)
	at org.apache.catalina.core.ApplicationFilterChain.internalDoFilter(ApplicationFilterChain.java:195)
	at org.apache.catalina.core.ApplicationFilterChain.doFilter(ApplicationFilterChain.java:140)
	at org.apache.tomcat.websocket.server.WsFilter.doFilter(WsFilter.java:51)
	at org.apache.catalina.core.ApplicationFilterChain.internalDoFilter(ApplicationFilterChain.java:164)
	at org.apache.catalina.core.ApplicationFilterChain.doFilter(ApplicationFilterChain.java:140)
	at org.springframework.web.filter.CompositeFilter$VirtualFilterChain.doFilter(CompositeFilter.java:108)
	at org.springframework.security.web.FilterChainProxy.lambda$doFilterInternal$3(FilterChainProxy.java:231)
	at org.springframework.security.web.ObservationFilterChainDecorator$FilterObservation$SimpleFilterObservation.lambda$wrap$1(ObservationFilterChainDecorator.java:479)
	at org.springframework.security.web.ObservationFilterChainDecorator$AroundFilterObservation$SimpleAroundFilterObservation.lambda$wrap$1(ObservationFilterChainDecorator.java:340)
	at org.springframework.security.web.ObservationFilterChainDecorator.lambda$wrapSecured$0(ObservationFilterChainDecorator.java:82)
	at org.springframework.security.web.ObservationFilterChainDecorator$VirtualFilterChain.doFilter(ObservationFilterChainDecorator.java:128)
	at org.springframework.security.web.access.intercept.AuthorizationFilter.doFilter(AuthorizationFilter.java:101)
	at org.springframework.security.web.ObservationFilterChainDecorator$ObservationFilter.wrapFilter(ObservationFilterChainDecorator.java:240)
	at org.springframework.security.web.ObservationFilterChainDecorator$ObservationFilter.doFilter(ObservationFilterChainDecorator.java:227)
	at org.springframework.security.web.ObservationFilterChainDecorator$VirtualFilterChain.doFilter(ObservationFilterChainDecorator.java:137)
	at org.springframework.security.web.access.ExceptionTranslationFilter.doFilter(ExceptionTranslationFilter.java:126)
	at org.springframework.security.web.access.ExceptionTranslationFilter.doFilter(ExceptionTranslationFilter.java:120)
	at org.springframework.security.web.ObservationFilterChainDecorator$ObservationFilter.wrapFilter(ObservationFilterChainDecorator.java:240)
	at org.springframework.security.web.ObservationFilterChainDecorator$ObservationFilter.doFilter(ObservationFilterChainDecorator.java:227)
	at org.springframework.security.web.ObservationFilterChainDecorator$VirtualFilterChain.doFilter(ObservationFilterChainDecorator.java:137)
	at org.springframework.security.web.authentication.AnonymousAuthenticationFilter.doFilter(AnonymousAuthenticationFilter.java:100)
	at org.springframework.security.web.ObservationFilterChainDecorator$ObservationFilter.wrapFilter(ObservationFilterChainDecorator.java:240)
	at org.springframework.security.web.ObservationFilterChainDecorator$ObservationFilter.doFilter(ObservationFilterChainDecorator.java:227)
	at org.springframework.security.web.ObservationFilterChainDecorator$VirtualFilterChain.doFilter(ObservationFilterChainDecorator.java:137)
	at org.springframework.security.web.servletapi.SecurityContextHolderAwareRequestFilter.doFilter(SecurityContextHolderAwareRequestFilter.java:179)
	at org.springframework.security.web.ObservationFilterChainDecorator$ObservationFilter.wrapFilter(ObservationFilterChainDecorator.java:240)
	at org.springframework.security.web.ObservationFilterChainDecorator$ObservationFilter.doFilter(ObservationFilterChainDecorator.java:227)
	at org.springframework.security.web.ObservationFilterChainDecorator$VirtualFilterChain.doFilter(ObservationFilterChainDecorator.java:137)
	at org.springframework.security.web.savedrequest.RequestCacheAwareFilter.doFilter(RequestCacheAwareFilter.java:63)
	at org.springframework.security.web.ObservationFilterChainDecorator$ObservationFilter.wrapFilter(ObservationFilterChainDecorator.java:240)
	at org.springframework.security.web.ObservationFilterChainDecorator$ObservationFilter.doFilter(ObservationFilterChainDecorator.java:227)
	at org.springframework.security.web.ObservationFilterChainDecorator$VirtualFilterChain.doFilter(ObservationFilterChainDecorator.java:137)
	at org.springframework.security.web.authentication.logout.LogoutFilter.doFilter(LogoutFilter.java:107)
	at org.springframework.security.web.authentication.logout.LogoutFilter.doFilter(LogoutFilter.java:93)
	at org.springframework.security.web.ObservationFilterChainDecorator$ObservationFilter.wrapFilter(ObservationFilterChainDecorator.java:240)
	at org.springframework.security.web.ObservationFilterChainDecorator$ObservationFilter.doFilter(ObservationFilterChainDecorator.java:227)
	at org.springframework.security.web.ObservationFilterChainDecorator$VirtualFilterChain.doFilter(ObservationFilterChainDecorator.java:137)
	at org.springframework.security.web.header.HeaderWriterFilter.doHeadersAfter(HeaderWriterFilter.java:90)
	at org.springframework.security.web.header.HeaderWriterFilter.doFilterInternal(HeaderWriterFilter.java:75)
	at org.springframework.web.filter.OncePerRequestFilter.doFilter(OncePerRequestFilter.java:116)
	at org.springframework.security.web.ObservationFilterChainDecorator$ObservationFilter.wrapFilter(ObservationFilterChainDecorator.java:240)
	at org.springframework.security.web.ObservationFilterChainDecorator$ObservationFilter.doFilter(ObservationFilterChainDecorator.java:227)
	at org.springframework.security.web.ObservationFilterChainDecorator$VirtualFilterChain.doFilter(ObservationFilterChainDecorator.java:137)
	at org.springframework.security.web.context.SecurityContextHolderFilter.doFilter(SecurityContextHolderFilter.java:82)
	at org.springframework.security.web.context.SecurityContextHolderFilter.doFilter(SecurityContextHolderFilter.java:69)
	at org.springframework.security.web.ObservationFilterChainDecorator$ObservationFilter.wrapFilter(ObservationFilterChainDecorator.java:240)
	at org.springframework.security.web.ObservationFilterChainDecorator$ObservationFilter.doFilter(ObservationFilterChainDecorator.java:227)
	at org.springframework.security.web.ObservationFilterChainDecorator$VirtualFilterChain.doFilter(ObservationFilterChainDecorator.java:137)
	at org.springframework.security.web.context.request.async.WebAsyncManagerIntegrationFilter.doFilterInternal(WebAsyncManagerIntegrationFilter.java:62)
	at org.springframework.web.filter.OncePerRequestFilter.doFilter(OncePerRequestFilter.java:116)
	at org.springframework.security.web.ObservationFilterChainDecorator$ObservationFilter.wrapFilter(ObservationFilterChainDecorator.java:240)
	at org.springframework.security.web.ObservationFilterChainDecorator$ObservationFilter.doFilter(ObservationFilterChainDecorator.java:227)
	at org.springframework.security.web.ObservationFilterChainDecorator$VirtualFilterChain.doFilter(ObservationFilterChainDecorator.java:137)
	at org.springframework.security.web.session.DisableEncodeUrlFilter.doFilterInternal(DisableEncodeUrlFilter.java:42)
	at org.springframework.web.filter.OncePerRequestFilter.doFilter(OncePerRequestFilter.java:116)
	at org.springframework.security.web.ObservationFilterChainDecorator$ObservationFilter.wrapFilter(ObservationFilterChainDecorator.java:240)
	at org.springframework.security.web.ObservationFilterChainDecorator$AroundFilterObservation$SimpleAroundFilterObservation.lambda$wrap$0(ObservationFilterChainDecorator.java:323)
	at org.springframework.security.web.ObservationFilterChainDecorator$ObservationFilter.doFilter(ObservationFilterChainDecorator.java:224)
	at org.springframework.security.web.ObservationFilterChainDecorator$VirtualFilterChain.doFilter(ObservationFilterChainDecorator.java:137)
	at org.springframework.security.web.FilterChainProxy.doFilterInternal(FilterChainProxy.java:233)
	at org.springframework.security.web.FilterChainProxy.doFilter(FilterChainProxy.java:191)
	at org.springframework.web.filter.CompositeFilter$VirtualFilterChain.doFilter(CompositeFilter.java:113)
	at org.springframework.web.servlet.handler.HandlerMappingIntrospector.lambda$createCacheFilter$3(HandlerMappingIntrospector.java:243)
	at org.springframework.web.filter.CompositeFilter$VirtualFilterChain.doFilter(CompositeFilter.java:113)
	at org.springframework.web.filter.CompositeFilter.doFilter(CompositeFilter.java:74)
	at org.springframework.security.config.annotation.web.configuration.WebMvcSecurityConfiguration$CompositeFilterChainProxy.doFilter(WebMvcSecurityConfiguration.java:238)
	at org.springframework.web.filter.DelegatingFilterProxy.invokeDelegate(DelegatingFilterProxy.java:362)
	at org.springframework.web.filter.DelegatingFilterProxy.doFilter(DelegatingFilterProxy.java:278)
	at org.apache.catalina.core.ApplicationFilterChain.internalDoFilter(ApplicationFilterChain.java:164)
	at org.apache.catalina.core.ApplicationFilterChain.doFilter(ApplicationFilterChain.java:140)
	at org.springframework.web.filter.RequestContextFilter.doFilterInternal(RequestContextFilter.java:100)
	at org.springframework.web.filter.OncePerRequestFilter.doFilter(OncePerRequestFilter.java:116)
	at org.apache.catalina.core.ApplicationFilterChain.internalDoFilter(ApplicationFilterChain.java:164)
	at org.apache.catalina.core.ApplicationFilterChain.doFilter(ApplicationFilterChain.java:140)
	at org.springframework.web.filter.FormContentFilter.doFilterInternal(FormContentFilter.java:93)
	at org.springframework.web.filter.OncePerRequestFilter.doFilter(OncePerRequestFilter.java:116)
	at org.apache.catalina.core.ApplicationFilterChain.internalDoFilter(ApplicationFilterChain.java:164)
	at org.apache.catalina.core.ApplicationFilterChain.doFilter(ApplicationFilterChain.java:140)
	at org.springframework.web.filter.ServerHttpObservationFilter.doFilterInternal(ServerHttpObservationFilter.java:114)
	at org.springframework.web.filter.OncePerRequestFilter.doFilter(OncePerRequestFilter.java:116)
	at org.apache.catalina.core.ApplicationFilterChain.internalDoFilter(ApplicationFilterChain.java:164)
	at org.apache.catalina.core.ApplicationFilterChain.doFilter(ApplicationFilterChain.java:140)
	at org.springframework.web.filter.CharacterEncodingFilter.doFilterInternal(CharacterEncodingFilter.java:201)
	at org.springframework.web.filter.OncePerRequestFilter.doFilter(OncePerRequestFilter.java:116)
	at org.apache.catalina.core.ApplicationFilterChain.internalDoFilter(ApplicationFilterChain.java:164)
	at org.apache.catalina.core.ApplicationFilterChain.doFilter(ApplicationFilterChain.java:140)
	at org.apache.catalina.core.StandardWrapperValve.invoke(StandardWrapperValve.java:167)
	at org.apache.catalina.core.StandardContextValve.invoke(StandardContextValve.java:90)
	at org.apache.catalina.authenticator.AuthenticatorBase.invoke(AuthenticatorBase.java:483)
	at org.apache.catalina.core.StandardHostValve.invoke(StandardHostValve.java:115)
	at org.apache.catalina.valves.ErrorReportValve.invoke(ErrorReportValve.java:93)
	at org.apache.catalina.core.StandardEngineValve.invoke(StandardEngineValve.java:74)
	at org.apache.catalina.connector.CoyoteAdapter.service(CoyoteAdapter.java:344)
	at org.apache.coyote.http11.Http11Processor.service(Http11Processor.java:397)
	at org.apache.coyote.AbstractProcessorLight.process(AbstractProcessorLight.java:63)
	at org.apache.coyote.AbstractProtocol$ConnectionHandler.process(AbstractProtocol.java:905)
	at org.apache.tomcat.util.net.NioEndpoint$SocketProcessor.doRun(NioEndpoint.java:1741)
	at org.apache.tomcat.util.net.SocketProcessorBase.run(SocketProcessorBase.java:52)
	at org.apache.tomcat.util.threads.ThreadPoolExecutor.runWorker(ThreadPoolExecutor.java:1190)
	at org.apache.tomcat.util.threads.ThreadPoolExecutor$Worker.run(ThreadPoolExecutor.java:659)
	at org.apache.tomcat.util.threads.TaskThread$WrappingRunnable.run(TaskThread.java:63)
	at java.base/java.lang.Thread.run(Thread.java:833)
2026-03-31 10:52:33.308 [SpringApplicationShutdownHook] INFO  [] o.s.b.w.e.tomcat.GracefulShutdown    -
        Commencing graceful shutdown. Waiting for active requests to complete
2026-03-31 10:52:33.628 [tomcat-shutdown] INFO  [] o.s.b.w.e.tomcat.GracefulShutdown    -
        Graceful shutdown complete
2026-03-31 10:52:33.669 [SpringApplicationShutdownHook] INFO  [] o.s.o.j.LocalContainerEntityManagerFactoryBean -
        Closing JPA EntityManagerFactory for persistence unit 'default'
2026-03-31 10:52:33.698 [SpringApplicationShutdownHook] INFO  [] com.zaxxer.hikari.HikariDataSource   -
        HikariPool-1 - Shutdown initiated...
2026-03-31 10:52:33.714 [SpringApplicationShutdownHook] INFO  [] com.zaxxer.hikari.HikariDataSource   -
        HikariPool-1 - Shutdown completed.
2026-03-31 10:52:50.695 [main] INFO  [] c.s.m.discodeit.DiscodeitApplication -
        Starting DiscodeitApplication using Java 17.0.0.1 with PID 15396 (C:\Users\mj559\IdeaProjects\9-sprint-mission\discodeit\build\classes\java\main started by mj559 in C:\Users\mj559\IdeaProjects\9-sprint-mission)
2026-03-31 10:52:50.698 [main] DEBUG [] c.s.m.discodeit.DiscodeitApplication -
        Running with Spring Boot v3.4.0, Spring v6.2.0
2026-03-31 10:52:50.700 [main] INFO  [] c.s.m.discodeit.DiscodeitApplication -
        The following 1 profile is active: "dev"
2026-03-31 10:52:53.134 [main] INFO  [] o.s.d.r.c.RepositoryConfigurationDelegate -
        Bootstrapping Spring Data JPA repositories in DEFAULT mode.
2026-03-31 10:52:53.270 [main] INFO  [] o.s.d.r.c.RepositoryConfigurationDelegate -
        Finished Spring Data repository scanning in 121 ms. Found 6 JPA repository interfaces.
2026-03-31 10:52:54.485 [main] INFO  [] o.s.b.w.e.tomcat.TomcatWebServer     -
        Tomcat initialized with port 8080 (http)
2026-03-31 10:52:54.504 [main] INFO  [] o.a.catalina.core.StandardService    -
        Starting service [Tomcat]
2026-03-31 10:52:54.505 [main] INFO  [] o.a.catalina.core.StandardEngine     -
        Starting Servlet engine: [Apache Tomcat/10.1.33]
2026-03-31 10:52:54.596 [main] INFO  [] o.a.c.c.C.[Tomcat].[localhost].[/]   -
        Initializing Spring embedded WebApplicationContext
2026-03-31 10:52:54.598 [main] INFO  [] o.s.b.w.s.c.ServletWebServerApplicationContext -
        Root WebApplicationContext: initialization completed in 3815 ms
2026-03-31 10:52:54.972 [main] INFO  [] com.zaxxer.hikari.HikariDataSource   -
        HikariPool-1 - Starting...
2026-03-31 10:52:55.281 [main] INFO  [] com.zaxxer.hikari.pool.HikariPool    -
        HikariPool-1 - Added connection conn0: url=jdbc:h2:mem:discodeit_db user=SA
2026-03-31 10:52:55.284 [main] INFO  [] com.zaxxer.hikari.HikariDataSource   -
        HikariPool-1 - Start completed.
2026-03-31 10:52:55.494 [main] INFO  [] o.h.jpa.internal.util.LogHelper      -
        HHH000204: Processing PersistenceUnitInfo [name: default]
2026-03-31 10:52:55.602 [main] INFO  [] org.hibernate.Version                -
        HHH000412: Hibernate ORM core version 6.6.2.Final
2026-03-31 10:52:55.658 [main] INFO  [] o.h.c.i.RegionFactoryInitiator       -
        HHH000026: Second-level cache disabled
2026-03-31 10:52:56.115 [main] INFO  [] o.s.o.j.p.SpringPersistenceUnitInfo  -
        No LoadTimeWeaver setup: ignoring JPA class transformer
2026-03-31 10:52:56.278 [main] INFO  [] o.hibernate.orm.connections.pooling  -
        HHH10001005: Database info:
	Database JDBC URL [Connecting through datasource 'HikariDataSource (HikariPool-1)']
	Database driver: undefined/unknown
	Database version: 2.3.232
	Autocommit mode: undefined/unknown
	Isolation level: undefined/unknown
	Minimum pool size: undefined/unknown
	Maximum pool size: undefined/unknown
2026-03-31 10:52:57.847 [main] INFO  [] o.h.e.t.j.p.i.JtaPlatformInitiator   -
        HHH000489: No JTA platform available (set 'hibernate.transaction.jta.platform' to enable JTA platform integration)
2026-03-31 10:52:57.959 [main] INFO  [] o.s.o.j.LocalContainerEntityManagerFactoryBean -
        Initialized JPA EntityManagerFactory for persistence unit 'default'
2026-03-31 10:52:58.504 [main] INFO  [] o.s.d.j.r.query.QueryEnhancerFactory -
        Hibernate is in classpath; If applicable, HQL parser will be used.
2026-03-31 10:52:59.826 [main] WARN  [] o.s.b.a.o.j.JpaBaseConfiguration$JpaWebConfiguration -
        spring.jpa.open-in-view is enabled by default. Therefore, database queries may be performed during view rendering. Explicitly configure spring.jpa.open-in-view to disable this warning
2026-03-31 10:52:59.874 [main] WARN  [] o.s.b.a.s.s.UserDetailsServiceAutoConfiguration -
        

Using generated security password: e0d7904c-86a1-4576-83d9-342c8b9485a8

This generated password is for development use only. Your security configuration must be updated before running your application in production.

2026-03-31 10:52:59.887 [main] INFO  [] o.s.s.c.a.a.c.InitializeUserDetailsBeanManagerConfigurer$InitializeUserDetailsManagerConfigurer -
        Global AuthenticationManager configured with UserDetailsService bean with name inMemoryUserDetailsManager
2026-03-31 10:53:00.024 [main] INFO  [] o.s.b.a.w.s.WelcomePageHandlerMapping -
        Adding welcome page: class path resource [static/index.html]
2026-03-31 10:53:00.531 [main] INFO  [] o.s.b.a.e.web.EndpointLinksResolver  -
        Exposing 4 endpoints beneath base path '/actuator'
2026-03-31 10:53:01.775 [main] INFO  [] o.s.b.w.e.tomcat.TomcatWebServer     -
        Tomcat started on port 8080 (http) with context path '/'
2026-03-31 10:53:01.803 [main] INFO  [] c.s.m.discodeit.DiscodeitApplication -
        Started DiscodeitApplication in 12.604 seconds (process running for 17.732)
2026-03-31 10:53:02.110 [registrationTask1] INFO  [] d.c.b.a.c.r.ApplicationRegistrator   -
        Application registered itself as 2876565123ca
2026-03-31 10:53:02.135 [http-nio-8080-exec-1] INFO  [] o.a.c.c.C.[Tomcat].[localhost].[/]   -
        Initializing Spring DispatcherServlet 'dispatcherServlet'
2026-03-31 10:53:02.136 [http-nio-8080-exec-1] INFO  [] o.s.web.servlet.DispatcherServlet    -
        Initializing Servlet 'dispatcherServlet'
2026-03-31 10:53:02.137 [http-nio-8080-exec-1] INFO  [] o.s.web.servlet.DispatcherServlet    -
        Completed initialization in 1 ms
2026-03-31 10:58:49.784 [SpringApplicationShutdownHook] INFO  [] o.s.b.w.e.tomcat.GracefulShutdown    -
        Commencing graceful shutdown. Waiting for active requests to complete
2026-03-31 10:58:50.122 [tomcat-shutdown] INFO  [] o.s.b.w.e.tomcat.GracefulShutdown    -
        Graceful shutdown complete
2026-03-31 10:58:50.150 [SpringApplicationShutdownHook] INFO  [] o.s.o.j.LocalContainerEntityManagerFactoryBean -
        Closing JPA EntityManagerFactory for persistence unit 'default'
2026-03-31 10:58:50.188 [SpringApplicationShutdownHook] INFO  [] com.zaxxer.hikari.HikariDataSource   -
        HikariPool-1 - Shutdown initiated...
2026-03-31 10:58:50.198 [SpringApplicationShutdownHook] INFO  [] com.zaxxer.hikari.HikariDataSource   -
        HikariPool-1 - Shutdown completed.
2026-03-31 10:59:08.930 [main] INFO  [] c.s.m.discodeit.DiscodeitApplication -
        Starting DiscodeitApplication using Java 17.0.0.1 with PID 22764 (C:\Users\mj559\IdeaProjects\9-sprint-mission\discodeit\build\classes\java\main started by mj559 in C:\Users\mj559\IdeaProjects\9-sprint-mission)
2026-03-31 10:59:08.933 [main] DEBUG [] c.s.m.discodeit.DiscodeitApplication -
        Running with Spring Boot v3.4.0, Spring v6.2.0
2026-03-31 10:59:08.934 [main] INFO  [] c.s.m.discodeit.DiscodeitApplication -
        The following 1 profile is active: "dev"
2026-03-31 10:59:11.825 [main] INFO  [] o.s.d.r.c.RepositoryConfigurationDelegate -
        Bootstrapping Spring Data JPA repositories in DEFAULT mode.
2026-03-31 10:59:12.044 [main] INFO  [] o.s.d.r.c.RepositoryConfigurationDelegate -
        Finished Spring Data repository scanning in 193 ms. Found 6 JPA repository interfaces.
2026-03-31 10:59:14.166 [main] INFO  [] o.s.b.w.e.tomcat.TomcatWebServer     -
        Tomcat initialized with port 8080 (http)
2026-03-31 10:59:14.206 [main] INFO  [] o.a.catalina.core.StandardService    -
        Starting service [Tomcat]
2026-03-31 10:59:14.207 [main] INFO  [] o.a.catalina.core.StandardEngine     -
        Starting Servlet engine: [Apache Tomcat/10.1.33]
2026-03-31 10:59:14.374 [main] INFO  [] o.a.c.c.C.[Tomcat].[localhost].[/]   -
        Initializing Spring embedded WebApplicationContext
2026-03-31 10:59:14.378 [main] INFO  [] o.s.b.w.s.c.ServletWebServerApplicationContext -
        Root WebApplicationContext: initialization completed in 5378 ms
2026-03-31 10:59:15.530 [main] INFO  [] com.zaxxer.hikari.HikariDataSource   -
        HikariPool-1 - Starting...
2026-03-31 10:59:16.208 [main] INFO  [] com.zaxxer.hikari.pool.HikariPool    -
        HikariPool-1 - Added connection conn0: url=jdbc:h2:mem:discodeit_db user=SA
2026-03-31 10:59:16.212 [main] INFO  [] com.zaxxer.hikari.HikariDataSource   -
        HikariPool-1 - Start completed.
2026-03-31 10:59:16.555 [main] INFO  [] o.h.jpa.internal.util.LogHelper      -
        HHH000204: Processing PersistenceUnitInfo [name: default]
2026-03-31 10:59:16.747 [main] INFO  [] org.hibernate.Version                -
        HHH000412: Hibernate ORM core version 6.6.2.Final
2026-03-31 10:59:16.857 [main] INFO  [] o.h.c.i.RegionFactoryInitiator       -
        HHH000026: Second-level cache disabled
2026-03-31 10:59:17.720 [main] INFO  [] o.s.o.j.p.SpringPersistenceUnitInfo  -
        No LoadTimeWeaver setup: ignoring JPA class transformer
2026-03-31 10:59:18.025 [main] INFO  [] o.hibernate.orm.connections.pooling  -
        HHH10001005: Database info:
	Database JDBC URL [Connecting through datasource 'HikariDataSource (HikariPool-1)']
	Database driver: undefined/unknown
	Database version: 2.3.232
	Autocommit mode: undefined/unknown
	Isolation level: undefined/unknown
	Minimum pool size: undefined/unknown
	Maximum pool size: undefined/unknown
2026-03-31 10:59:21.483 [main] INFO  [] o.h.e.t.j.p.i.JtaPlatformInitiator   -
        HHH000489: No JTA platform available (set 'hibernate.transaction.jta.platform' to enable JTA platform integration)
2026-03-31 10:59:21.776 [main] INFO  [] o.s.o.j.LocalContainerEntityManagerFactoryBean -
        Initialized JPA EntityManagerFactory for persistence unit 'default'
2026-03-31 10:59:23.829 [main] INFO  [] o.s.d.j.r.query.QueryEnhancerFactory -
        Hibernate is in classpath; If applicable, HQL parser will be used.
2026-03-31 10:59:28.073 [main] WARN  [] o.s.b.a.o.j.JpaBaseConfiguration$JpaWebConfiguration -
        spring.jpa.open-in-view is enabled by default. Therefore, database queries may be performed during view rendering. Explicitly configure spring.jpa.open-in-view to disable this warning
2026-03-31 10:59:28.197 [main] WARN  [] o.s.b.a.s.s.UserDetailsServiceAutoConfiguration -
        

Using generated security password: b141c263-91d4-4553-8228-a8d1f392b8c9

This generated password is for development use only. Your security configuration must be updated before running your application in production.

2026-03-31 10:59:28.229 [main] INFO  [] o.s.s.c.a.a.c.InitializeUserDetailsBeanManagerConfigurer$InitializeUserDetailsManagerConfigurer -
        Global AuthenticationManager configured with UserDetailsService bean with name inMemoryUserDetailsManager
2026-03-31 10:59:28.671 [main] INFO  [] o.s.b.a.w.s.WelcomePageHandlerMapping -
        Adding welcome page: class path resource [static/index.html]
2026-03-31 10:59:29.860 [main] INFO  [] o.s.b.a.e.web.EndpointLinksResolver  -
        Exposing 4 endpoints beneath base path '/actuator'
2026-03-31 10:59:32.097 [main] INFO  [] o.s.b.w.e.tomcat.TomcatWebServer     -
        Tomcat started on port 8080 (http) with context path '/'
2026-03-31 10:59:32.141 [main] INFO  [] c.s.m.discodeit.DiscodeitApplication -
        Started DiscodeitApplication in 24.12 seconds (process running for 25.419)
2026-03-31 10:59:32.459 [registrationTask1] WARN  [] d.c.b.a.c.r.ApplicationRegistrator   -
        Failed to register application as Application(name=discodeit, managementUrl=http://DesktopSGB2:8080/actuator, healthUrl=http://DesktopSGB2:8080/actuator/health, serviceUrl=http://DesktopSGB2:8080/) at spring-boot-admin ([http://localhost:9090/instances]): I/O error on POST request for "http://localhost:9090/instances": null. Further attempts are logged on DEBUG level
org.springframework.web.client.ResourceAccessException: I/O error on POST request for "http://localhost:9090/instances": null
	at org.springframework.web.client.DefaultRestClient$DefaultRequestBodyUriSpec.createResourceAccessException(DefaultRestClient.java:689)
	at org.springframework.web.client.DefaultRestClient$DefaultRequestBodyUriSpec.exchangeInternal(DefaultRestClient.java:574)
	at org.springframework.web.client.DefaultRestClient$DefaultRequestBodyUriSpec.exchange(DefaultRestClient.java:532)
	at org.springframework.web.client.RestClient$RequestHeadersSpec.exchange(RestClient.java:677)
	at org.springframework.web.client.DefaultRestClient$DefaultResponseSpec.executeAndExtract(DefaultRestClient.java:806)
	at org.springframework.web.client.DefaultRestClient$DefaultResponseSpec.body(DefaultRestClient.java:750)
	at de.codecentric.boot.admin.client.registration.RestClientRegistrationClient.register(RestClientRegistrationClient.java:45)
	at de.codecentric.boot.admin.client.registration.DefaultApplicationRegistrator.register(DefaultApplicationRegistrator.java:80)
	at de.codecentric.boot.admin.client.registration.DefaultApplicationRegistrator.register(DefaultApplicationRegistrator.java:61)
	at org.springframework.scheduling.support.DelegatingErrorHandlingRunnable.run(DelegatingErrorHandlingRunnable.java:54)
	at java.base/java.util.concurrent.Executors$RunnableAdapter.call(Executors.java:539)
	at java.base/java.util.concurrent.FutureTask.runAndReset(FutureTask.java:305)
	at java.base/java.util.concurrent.ScheduledThreadPoolExecutor$ScheduledFutureTask.run(ScheduledThreadPoolExecutor.java:305)
	at java.base/java.util.concurrent.ThreadPoolExecutor.runWorker(ThreadPoolExecutor.java:1136)
	at java.base/java.util.concurrent.ThreadPoolExecutor$Worker.run(ThreadPoolExecutor.java:635)
	at java.base/java.lang.Thread.run(Thread.java:833)
Caused by: java.net.ConnectException: null
	at java.net.http/jdk.internal.net.http.common.Utils.toConnectException(Utils.java:1047)
	at java.net.http/jdk.internal.net.http.PlainHttpConnection.connectAsync(PlainHttpConnection.java:198)
	at java.net.http/jdk.internal.net.http.PlainHttpConnection.checkRetryConnect(PlainHttpConnection.java:230)
	at java.net.http/jdk.internal.net.http.PlainHttpConnection.lambda$connectAsync$1(PlainHttpConnection.java:206)
	at java.base/java.util.concurrent.CompletableFuture.uniHandle(CompletableFuture.java:934)
	at java.base/java.util.concurrent.CompletableFuture$UniHandle.tryFire(CompletableFuture.java:911)
	at java.base/java.util.concurrent.CompletableFuture.postComplete(CompletableFuture.java:510)
	at java.base/java.util.concurrent.CompletableFuture$AsyncSupply.run(CompletableFuture.java:1773)
	... 3 common frames omitted
Caused by: java.nio.channels.ClosedChannelException: null
	at java.base/sun.nio.ch.SocketChannelImpl.ensureOpen(SocketChannelImpl.java:195)
	at java.base/sun.nio.ch.SocketChannelImpl.beginConnect(SocketChannelImpl.java:760)
	at java.base/sun.nio.ch.SocketChannelImpl.connect(SocketChannelImpl.java:848)
	at java.net.http/jdk.internal.net.http.PlainHttpConnection.lambda$connectAsync$0(PlainHttpConnection.java:183)
	at java.base/java.security.AccessController.doPrivileged(AccessController.java:569)
	at java.net.http/jdk.internal.net.http.PlainHttpConnection.connectAsync(PlainHttpConnection.java:185)
	... 9 common frames omitted
2026-03-31 11:00:23.597 [http-nio-8080-exec-1] INFO  [] o.a.c.c.C.[Tomcat].[localhost].[/]   -
        Initializing Spring DispatcherServlet 'dispatcherServlet'
2026-03-31 11:00:23.597 [http-nio-8080-exec-1] INFO  [] o.s.web.servlet.DispatcherServlet    -
        Initializing Servlet 'dispatcherServlet'
2026-03-31 11:00:23.604 [http-nio-8080-exec-1] INFO  [] o.s.web.servlet.DispatcherServlet    -
        Completed initialization in 7 ms
2026-03-31 11:00:42.927 [SpringApplicationShutdownHook] INFO  [] o.s.b.w.e.tomcat.GracefulShutdown    -
        Commencing graceful shutdown. Waiting for active requests to complete
2026-03-31 11:00:43.312 [tomcat-shutdown] INFO  [] o.s.b.w.e.tomcat.GracefulShutdown    -
        Graceful shutdown complete
2026-03-31 11:00:43.323 [SpringApplicationShutdownHook] INFO  [] o.s.o.j.LocalContainerEntityManagerFactoryBean -
        Closing JPA EntityManagerFactory for persistence unit 'default'
2026-03-31 11:00:43.329 [SpringApplicationShutdownHook] INFO  [] com.zaxxer.hikari.HikariDataSource   -
        HikariPool-1 - Shutdown initiated...
2026-03-31 11:00:43.332 [SpringApplicationShutdownHook] INFO  [] com.zaxxer.hikari.HikariDataSource   -
        HikariPool-1 - Shutdown completed.
