2026-03-30 10:50:10.130 [main] INFO  [] c.s.m.discodeit.DiscodeitApplication -
        Starting DiscodeitApplication using Java 17.0.17 with PID 2436 (C:\Users\mj559\IdeaProjects\9-sprint-mission\discodeit\build\classes\java\main started by mj559 in C:\Users\mj559\IdeaProjects\9-sprint-mission)
2026-03-30 10:50:10.141 [main] DEBUG [] c.s.m.discodeit.DiscodeitApplication -
        Running with Spring Boot v3.4.0, Spring v6.2.0
2026-03-30 10:50:10.142 [main] INFO  [] c.s.m.discodeit.DiscodeitApplication -
        The following 1 profile is active: "dev"
2026-03-30 10:50:12.490 [main] INFO  [] o.s.d.r.c.RepositoryConfigurationDelegate -
        Bootstrapping Spring Data JPA repositories in DEFAULT mode.
2026-03-30 10:50:12.624 [main] INFO  [] o.s.d.r.c.RepositoryConfigurationDelegate -
        Finished Spring Data repository scanning in 119 ms. Found 6 JPA repository interfaces.
2026-03-30 10:50:15.804 [main] INFO  [] o.s.b.w.e.tomcat.TomcatWebServer     -
        Tomcat initialized with port 8080 (http)
2026-03-30 10:50:15.833 [main] INFO  [] o.a.catalina.core.StandardService    -
        Starting service [Tomcat]
2026-03-30 10:50:15.833 [main] INFO  [] o.a.catalina.core.StandardEngine     -
        Starting Servlet engine: [Apache Tomcat/10.1.33]
2026-03-30 10:50:16.010 [main] INFO  [] o.a.c.c.C.[Tomcat].[localhost].[/]   -
        Initializing Spring embedded WebApplicationContext
2026-03-30 10:50:16.011 [main] INFO  [] o.s.b.w.s.c.ServletWebServerApplicationContext -
        Root WebApplicationContext: initialization completed in 5785 ms
2026-03-30 10:50:16.414 [main] INFO  [] com.zaxxer.hikari.HikariDataSource   -
        HikariPool-1 - Starting...
2026-03-30 10:50:16.741 [main] INFO  [] com.zaxxer.hikari.pool.HikariPool    -
        HikariPool-1 - Added connection conn0: url=jdbc:h2:mem:discodeit_db user=SA
2026-03-30 10:50:16.743 [main] INFO  [] com.zaxxer.hikari.HikariDataSource   -
        HikariPool-1 - Start completed.
2026-03-30 10:50:16.924 [main] INFO  [] o.h.jpa.internal.util.LogHelper      -
        HHH000204: Processing PersistenceUnitInfo [name: default]
2026-03-30 10:50:17.032 [main] INFO  [] org.hibernate.Version                -
        HHH000412: Hibernate ORM core version 6.6.2.Final
2026-03-30 10:50:17.082 [main] INFO  [] o.h.c.i.RegionFactoryInitiator       -
        HHH000026: Second-level cache disabled
2026-03-30 10:50:17.467 [main] INFO  [] o.s.o.j.p.SpringPersistenceUnitInfo  -
        No LoadTimeWeaver setup: ignoring JPA class transformer
2026-03-30 10:50:17.577 [main] INFO  [] o.hibernate.orm.connections.pooling  -
        HHH10001005: Database info:
	Database JDBC URL [Connecting through datasource 'HikariDataSource (HikariPool-1)']
	Database driver: undefined/unknown
	Database version: 2.3.232
	Autocommit mode: undefined/unknown
	Isolation level: undefined/unknown
	Minimum pool size: undefined/unknown
	Maximum pool size: undefined/unknown
2026-03-30 10:50:20.332 [main] INFO  [] o.h.e.t.j.p.i.JtaPlatformInitiator   -
        HHH000489: No JTA platform available (set 'hibernate.transaction.jta.platform' to enable JTA platform integration)
2026-03-30 10:50:20.748 [main] INFO  [] o.s.o.j.LocalContainerEntityManagerFactoryBean -
        Initialized JPA EntityManagerFactory for persistence unit 'default'
2026-03-30 10:50:22.652 [main] INFO  [] o.s.d.j.r.query.QueryEnhancerFactory -
        Hibernate is in classpath; If applicable, HQL parser will be used.
2026-03-30 10:50:24.730 [main] WARN  [] o.s.b.a.o.j.JpaBaseConfiguration$JpaWebConfiguration -
        spring.jpa.open-in-view is enabled by default. Therefore, database queries may be performed during view rendering. Explicitly configure spring.jpa.open-in-view to disable this warning
2026-03-30 10:50:24.801 [main] WARN  [] o.s.b.a.s.s.UserDetailsServiceAutoConfiguration -
        

Using generated security password: 3e864c31-e527-4ce3-8086-aae791d93f75

This generated password is for development use only. Your security configuration must be updated before running your application in production.

2026-03-30 10:50:24.820 [main] INFO  [] o.s.s.c.a.a.c.InitializeUserDetailsBeanManagerConfigurer$InitializeUserDetailsManagerConfigurer -
        Global AuthenticationManager configured with UserDetailsService bean with name inMemoryUserDetailsManager
2026-03-30 10:50:25.030 [main] INFO  [] o.s.b.a.w.s.WelcomePageHandlerMapping -
        Adding welcome page: class path resource [static/index.html]
2026-03-30 10:50:25.732 [main] INFO  [] o.s.b.a.e.web.EndpointLinksResolver  -
        Exposing 4 endpoints beneath base path '/actuator'
2026-03-30 10:50:27.846 [main] INFO  [] o.s.b.w.e.tomcat.TomcatWebServer     -
        Tomcat started on port 8080 (http) with context path '/'
2026-03-30 10:50:27.965 [main] INFO  [] c.s.m.discodeit.DiscodeitApplication -
        Started DiscodeitApplication in 19.376 seconds (process running for 22.032)
2026-03-30 10:50:28.610 [registrationTask1] WARN  [] d.c.b.a.c.r.ApplicationRegistrator   -
        Failed to register application as Application(name=discodeit, managementUrl=http:
org.springframework.web.client.ResourceAccessException: I/O error on POST request for "http:
	at org.springframework.web.client.DefaultRestClient$DefaultRequestBodyUriSpec.createResourceAccessException(DefaultRestClient.java:689)
	at org.springframework.web.client.DefaultRestClient$DefaultRequestBodyUriSpec.exchangeInternal(DefaultRestClient.java:574)
	at org.springframework.web.client.DefaultRestClient$DefaultRequestBodyUriSpec.exchange(DefaultRestClient.java:532)
	at org.springframework.web.client.RestClient$RequestHeadersSpec.exchange(RestClient.java:677)
	at org.springframework.web.client.DefaultRestClient$DefaultResponseSpec.executeAndExtract(DefaultRestClient.java:806)
	at org.springframework.web.client.DefaultRestClient$DefaultResponseSpec.body(DefaultRestClient.java:750)
	at de.codecentric.boot.admin.client.registration.RestClientRegistrationClient.register(RestClientRegistrationClient.java:45)
	at de.codecentric.boot.admin.client.registration.DefaultApplicationRegistrator.register(DefaultApplicationRegistrator.java:80)
	at de.codecentric.boot.admin.client.registration.DefaultApplicationRegistrator.register(DefaultApplicationRegistrator.java:61)
	at org.springframework.scheduling.support.DelegatingErrorHandlingRunnable.run(DelegatingErrorHandlingRunnable.java:54)
	at java.base/java.util.concurrent.Executors$RunnableAdapter.call(Executors.java:539)
	at java.base/java.util.concurrent.FutureTask.runAndReset(FutureTask.java:305)
	at java.base/java.util.concurrent.ScheduledThreadPoolExecutor$ScheduledFutureTask.run(ScheduledThreadPoolExecutor.java:305)
	at java.base/java.util.concurrent.ThreadPoolExecutor.runWorker(ThreadPoolExecutor.java:1136)
	at java.base/java.util.concurrent.ThreadPoolExecutor$Worker.run(ThreadPoolExecutor.java:635)
	at java.base/java.lang.Thread.run(Thread.java:840)
Caused by: java.net.ConnectException: null
	at java.net.http/jdk.internal.net.http.common.Utils.toConnectException(Utils.java:1107)
	at java.net.http/jdk.internal.net.http.PlainHttpConnection.connectAsync(PlainHttpConnection.java:203)
	at java.net.http/jdk.internal.net.http.PlainHttpConnection.checkRetryConnect(PlainHttpConnection.java:238)
	at java.net.http/jdk.internal.net.http.PlainHttpConnection.lambda$connectAsync$1(PlainHttpConnection.java:214)
	at java.base/java.util.concurrent.CompletableFuture.uniHandle(CompletableFuture.java:934)
	at java.base/java.util.concurrent.CompletableFuture$UniHandle.tryFire(CompletableFuture.java:911)
	at java.base/java.util.concurrent.CompletableFuture.postComplete(CompletableFuture.java:510)
	at java.base/java.util.concurrent.CompletableFuture$AsyncSupply.run(CompletableFuture.java:1773)
	... 3 common frames omitted
Caused by: java.nio.channels.ClosedChannelException: null
	at java.base/sun.nio.ch.SocketChannelImpl.ensureOpen(SocketChannelImpl.java:195)
	at java.base/sun.nio.ch.SocketChannelImpl.beginConnect(SocketChannelImpl.java:760)
	at java.base/sun.nio.ch.SocketChannelImpl.connect(SocketChannelImpl.java:848)
	at java.net.http/jdk.internal.net.http.PlainHttpConnection.lambda$connectAsync$0(PlainHttpConnection.java:187)
	at java.base/java.security.AccessController.doPrivileged(AccessController.java:569)
	at java.net.http/jdk.internal.net.http.PlainHttpConnection.connectAsync(PlainHttpConnection.java:189)
	... 9 common frames omitted
2026-03-30 10:50:28.758 [RMI TCP Connection(7)-192.168.45.154] INFO  [] o.a.c.c.C.[Tomcat].[localhost].[/]   -
        Initializing Spring DispatcherServlet 'dispatcherServlet'
2026-03-30 10:50:28.758 [RMI TCP Connection(7)-192.168.45.154] INFO  [] o.s.web.servlet.DispatcherServlet    -
        Initializing Servlet 'dispatcherServlet'
2026-03-30 10:50:28.763 [RMI TCP Connection(7)-192.168.45.154] INFO  [] o.s.web.servlet.DispatcherServlet    -
        Completed initialization in 5 ms
2026-03-30 10:50:38.095 [SpringApplicationShutdownHook] INFO  [] o.s.b.w.e.tomcat.GracefulShutdown    -
        Commencing graceful shutdown. Waiting for active requests to complete
2026-03-30 10:50:38.762 [tomcat-shutdown] INFO  [] o.s.b.w.e.tomcat.GracefulShutdown    -
        Graceful shutdown complete
2026-03-30 10:50:38.785 [SpringApplicationShutdownHook] INFO  [] o.s.o.j.LocalContainerEntityManagerFactoryBean -
        Closing JPA EntityManagerFactory for persistence unit 'default'
2026-03-30 10:50:38.792 [SpringApplicationShutdownHook] INFO  [] com.zaxxer.hikari.HikariDataSource   -
        HikariPool-1 - Shutdown initiated...
2026-03-30 10:50:38.812 [SpringApplicationShutdownHook] INFO  [] com.zaxxer.hikari.HikariDataSource   -
        HikariPool-1 - Shutdown completed.
2026-03-30 10:50:46.731 [main] INFO  [] c.s.m.discodeit.DiscodeitApplication -
        Starting DiscodeitApplication using Java 17.0.17 with PID 19012 (C:\Users\mj559\IdeaProjects\9-sprint-mission\discodeit\build\classes\java\main started by mj559 in C:\Users\mj559\IdeaProjects\9-sprint-mission)
2026-03-30 10:50:46.735 [main] DEBUG [] c.s.m.discodeit.DiscodeitApplication -
        Running with Spring Boot v3.4.0, Spring v6.2.0
2026-03-30 10:50:46.736 [main] INFO  [] c.s.m.discodeit.DiscodeitApplication -
        The following 1 profile is active: "dev"
2026-03-30 10:50:51.148 [main] INFO  [] o.s.d.r.c.RepositoryConfigurationDelegate -
        Bootstrapping Spring Data JPA repositories in DEFAULT mode.
2026-03-30 10:50:51.379 [main] INFO  [] o.s.d.r.c.RepositoryConfigurationDelegate -
        Finished Spring Data repository scanning in 208 ms. Found 6 JPA repository interfaces.
2026-03-30 10:50:53.999 [main] INFO  [] o.s.b.w.e.tomcat.TomcatWebServer     -
        Tomcat initialized with port 8080 (http)
2026-03-30 10:50:54.027 [main] INFO  [] o.a.catalina.core.StandardService    -
        Starting service [Tomcat]
2026-03-30 10:50:54.027 [main] INFO  [] o.a.catalina.core.StandardEngine     -
        Starting Servlet engine: [Apache Tomcat/10.1.33]
2026-03-30 10:50:54.172 [main] INFO  [] o.a.c.c.C.[Tomcat].[localhost].[/]   -
        Initializing Spring embedded WebApplicationContext
2026-03-30 10:50:54.173 [main] INFO  [] o.s.b.w.s.c.ServletWebServerApplicationContext -
        Root WebApplicationContext: initialization completed in 7271 ms
2026-03-30 10:50:54.640 [main] INFO  [] com.zaxxer.hikari.HikariDataSource   -
        HikariPool-1 - Starting...
2026-03-30 10:50:55.012 [main] INFO  [] com.zaxxer.hikari.pool.HikariPool    -
        HikariPool-1 - Added connection conn0: url=jdbc:h2:mem:discodeit_db user=SA
2026-03-30 10:50:55.016 [main] INFO  [] com.zaxxer.hikari.HikariDataSource   -
        HikariPool-1 - Start completed.
2026-03-30 10:50:55.272 [main] INFO  [] o.h.jpa.internal.util.LogHelper      -
        HHH000204: Processing PersistenceUnitInfo [name: default]
2026-03-30 10:50:55.369 [main] INFO  [] org.hibernate.Version                -
        HHH000412: Hibernate ORM core version 6.6.2.Final
2026-03-30 10:50:55.430 [main] INFO  [] o.h.c.i.RegionFactoryInitiator       -
        HHH000026: Second-level cache disabled
2026-03-30 10:50:55.899 [main] INFO  [] o.s.o.j.p.SpringPersistenceUnitInfo  -
        No LoadTimeWeaver setup: ignoring JPA class transformer
2026-03-30 10:50:56.034 [main] INFO  [] o.hibernate.orm.connections.pooling  -
        HHH10001005: Database info:
	Database JDBC URL [Connecting through datasource 'HikariDataSource (HikariPool-1)']
	Database driver: undefined/unknown
	Database version: 2.3.232
	Autocommit mode: undefined/unknown
	Isolation level: undefined/unknown
	Minimum pool size: undefined/unknown
	Maximum pool size: undefined/unknown
2026-03-30 10:50:57.600 [main] INFO  [] o.h.e.t.j.p.i.JtaPlatformInitiator   -
        HHH000489: No JTA platform available (set 'hibernate.transaction.jta.platform' to enable JTA platform integration)
2026-03-30 10:50:57.697 [main] INFO  [] o.s.o.j.LocalContainerEntityManagerFactoryBean -
        Initialized JPA EntityManagerFactory for persistence unit 'default'
2026-03-30 10:50:58.111 [main] INFO  [] o.s.d.j.r.query.QueryEnhancerFactory -
        Hibernate is in classpath; If applicable, HQL parser will be used.
2026-03-30 10:50:59.194 [main] WARN  [] o.s.b.a.o.j.JpaBaseConfiguration$JpaWebConfiguration -
        spring.jpa.open-in-view is enabled by default. Therefore, database queries may be performed during view rendering. Explicitly configure spring.jpa.open-in-view to disable this warning
2026-03-30 10:50:59.234 [main] WARN  [] o.s.b.a.s.s.UserDetailsServiceAutoConfiguration -
        

Using generated security password: f58a4243-c784-4327-b6ba-e2225c329ad8

This generated password is for development use only. Your security configuration must be updated before running your application in production.

2026-03-30 10:50:59.246 [main] INFO  [] o.s.s.c.a.a.c.InitializeUserDetailsBeanManagerConfigurer$InitializeUserDetailsManagerConfigurer -
        Global AuthenticationManager configured with UserDetailsService bean with name inMemoryUserDetailsManager
2026-03-30 10:50:59.386 [main] INFO  [] o.s.b.a.w.s.WelcomePageHandlerMapping -
        Adding welcome page: class path resource [static/index.html]
2026-03-30 10:51:00.026 [main] INFO  [] o.s.b.a.e.web.EndpointLinksResolver  -
        Exposing 4 endpoints beneath base path '/actuator'
2026-03-30 10:51:01.114 [main] INFO  [] o.s.b.w.e.tomcat.TomcatWebServer     -
        Tomcat started on port 8080 (http) with context path '/'
2026-03-30 10:51:01.138 [main] INFO  [] c.s.m.discodeit.DiscodeitApplication -
        Started DiscodeitApplication in 15.573 seconds (process running for 18.17)
2026-03-30 10:51:01.548 [RMI TCP Connection(2)-192.168.45.154] INFO  [] o.a.c.c.C.[Tomcat].[localhost].[/]   -
        Initializing Spring DispatcherServlet 'dispatcherServlet'
2026-03-30 10:51:01.549 [RMI TCP Connection(2)-192.168.45.154] INFO  [] o.s.web.servlet.DispatcherServlet    -
        Initializing Servlet 'dispatcherServlet'
2026-03-30 10:51:01.552 [RMI TCP Connection(2)-192.168.45.154] INFO  [] o.s.web.servlet.DispatcherServlet    -
        Completed initialization in 3 ms
2026-03-30 10:51:01.707 [registrationTask1] INFO  [] d.c.b.a.c.r.ApplicationRegistrator   -
        Application registered itself as 2876565123ca
2026-03-30 10:51:57.789 [SpringApplicationShutdownHook] INFO  [] o.s.b.w.e.tomcat.GracefulShutdown    -
        Commencing graceful shutdown. Waiting for active requests to complete
2026-03-30 10:51:57.967 [tomcat-shutdown] INFO  [] o.s.b.w.e.tomcat.GracefulShutdown    -
        Graceful shutdown complete
2026-03-30 10:51:57.974 [SpringApplicationShutdownHook] INFO  [] o.s.o.j.LocalContainerEntityManagerFactoryBean -
        Closing JPA EntityManagerFactory for persistence unit 'default'
2026-03-30 10:51:57.976 [SpringApplicationShutdownHook] INFO  [] com.zaxxer.hikari.HikariDataSource   -
        HikariPool-1 - Shutdown initiated...
2026-03-30 10:51:57.980 [SpringApplicationShutdownHook] INFO  [] com.zaxxer.hikari.HikariDataSource   -
        HikariPool-1 - Shutdown completed.
2026-03-30 11:00:25.329 [main] INFO  [] c.s.m.discodeit.DiscodeitApplication -
        Starting DiscodeitApplication using Java 17.0.17 with PID 7692 (C:\Users\mj559\IdeaProjects\9-sprint-mission\discodeit\build\classes\java\main started by mj559 in C:\Users\mj559\IdeaProjects\9-sprint-mission)
2026-03-30 11:00:25.332 [main] DEBUG [] c.s.m.discodeit.DiscodeitApplication -
        Running with Spring Boot v3.4.0, Spring v6.2.0
2026-03-30 11:00:25.332 [main] INFO  [] c.s.m.discodeit.DiscodeitApplication -
        The following 1 profile is active: "dev"
2026-03-30 11:00:26.478 [main] INFO  [] o.s.d.r.c.RepositoryConfigurationDelegate -
        Bootstrapping Spring Data JPA repositories in DEFAULT mode.
2026-03-30 11:00:26.552 [main] INFO  [] o.s.d.r.c.RepositoryConfigurationDelegate -
        Finished Spring Data repository scanning in 65 ms. Found 6 JPA repository interfaces.
2026-03-30 11:00:27.535 [main] INFO  [] o.s.b.w.e.tomcat.TomcatWebServer     -
        Tomcat initialized with port 8080 (http)
2026-03-30 11:00:27.553 [main] INFO  [] o.a.catalina.core.StandardService    -
        Starting service [Tomcat]
2026-03-30 11:00:27.553 [main] INFO  [] o.a.catalina.core.StandardEngine     -
        Starting Servlet engine: [Apache Tomcat/10.1.33]
2026-03-30 11:00:27.639 [main] INFO  [] o.a.c.c.C.[Tomcat].[localhost].[/]   -
        Initializing Spring embedded WebApplicationContext
2026-03-30 11:00:27.640 [main] INFO  [] o.s.b.w.s.c.ServletWebServerApplicationContext -
        Root WebApplicationContext: initialization completed in 2274 ms
2026-03-30 11:00:27.947 [main] INFO  [] com.zaxxer.hikari.HikariDataSource   -
        HikariPool-1 - Starting...
2026-03-30 11:00:28.320 [main] INFO  [] com.zaxxer.hikari.pool.HikariPool    -
        HikariPool-1 - Added connection conn0: url=jdbc:h2:mem:discodeit_db user=SA
2026-03-30 11:00:28.322 [main] INFO  [] com.zaxxer.hikari.HikariDataSource   -
        HikariPool-1 - Start completed.
2026-03-30 11:00:28.532 [main] INFO  [] o.h.jpa.internal.util.LogHelper      -
        HHH000204: Processing PersistenceUnitInfo [name: default]
2026-03-30 11:00:28.655 [main] INFO  [] org.hibernate.Version                -
        HHH000412: Hibernate ORM core version 6.6.2.Final
2026-03-30 11:00:28.721 [main] INFO  [] o.h.c.i.RegionFactoryInitiator       -
        HHH000026: Second-level cache disabled
2026-03-30 11:00:29.203 [main] INFO  [] o.s.o.j.p.SpringPersistenceUnitInfo  -
        No LoadTimeWeaver setup: ignoring JPA class transformer
2026-03-30 11:00:29.340 [main] INFO  [] o.hibernate.orm.connections.pooling  -
        HHH10001005: Database info:
	Database JDBC URL [Connecting through datasource 'HikariDataSource (HikariPool-1)']
	Database driver: undefined/unknown
	Database version: 2.3.232
	Autocommit mode: undefined/unknown
	Isolation level: undefined/unknown
	Minimum pool size: undefined/unknown
	Maximum pool size: undefined/unknown
2026-03-30 11:00:30.773 [main] INFO  [] o.h.e.t.j.p.i.JtaPlatformInitiator   -
        HHH000489: No JTA platform available (set 'hibernate.transaction.jta.platform' to enable JTA platform integration)
2026-03-30 11:00:30.874 [main] INFO  [] o.s.o.j.LocalContainerEntityManagerFactoryBean -
        Initialized JPA EntityManagerFactory for persistence unit 'default'
2026-03-30 11:00:31.396 [main] INFO  [] o.s.d.j.r.query.QueryEnhancerFactory -
        Hibernate is in classpath; If applicable, HQL parser will be used.
2026-03-30 11:00:32.544 [main] WARN  [] o.s.b.a.o.j.JpaBaseConfiguration$JpaWebConfiguration -
        spring.jpa.open-in-view is enabled by default. Therefore, database queries may be performed during view rendering. Explicitly configure spring.jpa.open-in-view to disable this warning
2026-03-30 11:00:32.578 [main] WARN  [] o.s.b.a.s.s.UserDetailsServiceAutoConfiguration -
        

Using generated security password: 96f2ca03-872a-463b-acf1-e21c9b9da43c

This generated password is for development use only. Your security configuration must be updated before running your application in production.

2026-03-30 11:00:32.590 [main] INFO  [] o.s.s.c.a.a.c.InitializeUserDetailsBeanManagerConfigurer$InitializeUserDetailsManagerConfigurer -
        Global AuthenticationManager configured with UserDetailsService bean with name inMemoryUserDetailsManager
2026-03-30 11:00:32.709 [main] INFO  [] o.s.b.a.w.s.WelcomePageHandlerMapping -
        Adding welcome page: class path resource [static/index.html]
2026-03-30 11:00:33.159 [main] INFO  [] o.s.b.a.e.web.EndpointLinksResolver  -
        Exposing 4 endpoints beneath base path '/actuator'
2026-03-30 11:00:34.364 [main] INFO  [] o.s.b.w.e.tomcat.TomcatWebServer     -
        Tomcat started on port 8080 (http) with context path '/'
2026-03-30 11:00:34.387 [main] INFO  [] c.s.m.discodeit.DiscodeitApplication -
        Started DiscodeitApplication in 9.579 seconds (process running for 10.128)
2026-03-30 11:00:35.000 [RMI TCP Connection(4)-192.168.45.154] INFO  [] o.a.c.c.C.[Tomcat].[localhost].[/]   -
        Initializing Spring DispatcherServlet 'dispatcherServlet'
2026-03-30 11:00:35.001 [RMI TCP Connection(4)-192.168.45.154] INFO  [] o.s.web.servlet.DispatcherServlet    -
        Initializing Servlet 'dispatcherServlet'
2026-03-30 11:00:35.005 [RMI TCP Connection(4)-192.168.45.154] INFO  [] o.s.web.servlet.DispatcherServlet    -
        Completed initialization in 4 ms
2026-03-30 11:00:35.183 [registrationTask1] INFO  [] d.c.b.a.c.r.ApplicationRegistrator   -
        Application registered itself as 2876565123ca
2026-03-30 11:05:14.818 [SpringApplicationShutdownHook] INFO  [] o.s.b.w.e.tomcat.GracefulShutdown    -
        Commencing graceful shutdown. Waiting for active requests to complete
2026-03-30 11:05:15.212 [tomcat-shutdown] INFO  [] o.s.b.w.e.tomcat.GracefulShutdown    -
        Graceful shutdown complete
2026-03-30 11:05:15.241 [SpringApplicationShutdownHook] INFO  [] o.s.o.j.LocalContainerEntityManagerFactoryBean -
        Closing JPA EntityManagerFactory for persistence unit 'default'
2026-03-30 11:05:15.266 [SpringApplicationShutdownHook] INFO  [] com.zaxxer.hikari.HikariDataSource   -
        HikariPool-1 - Shutdown initiated...
2026-03-30 11:05:15.290 [SpringApplicationShutdownHook] INFO  [] com.zaxxer.hikari.HikariDataSource   -
        HikariPool-1 - Shutdown completed.
2026-03-30 11:05:49.257 [main] INFO  [] c.s.m.discodeit.DiscodeitApplication -
        Starting DiscodeitApplication using Java 17.0.17 with PID 19292 (C:\Users\mj559\IdeaProjects\9-sprint-mission\discodeit\build\classes\java\main started by mj559 in C:\Users\mj559\IdeaProjects\9-sprint-mission)
2026-03-30 11:05:49.260 [main] DEBUG [] c.s.m.discodeit.DiscodeitApplication -
        Running with Spring Boot v3.4.0, Spring v6.2.0
2026-03-30 11:05:49.261 [main] INFO  [] c.s.m.discodeit.DiscodeitApplication -
        The following 1 profile is active: "dev"
2026-03-30 11:05:51.277 [main] INFO  [] o.s.d.r.c.RepositoryConfigurationDelegate -
        Bootstrapping Spring Data JPA repositories in DEFAULT mode.
2026-03-30 11:05:51.396 [main] INFO  [] o.s.d.r.c.RepositoryConfigurationDelegate -
        Finished Spring Data repository scanning in 107 ms. Found 6 JPA repository interfaces.
2026-03-30 11:05:52.505 [main] INFO  [] o.s.b.w.e.tomcat.TomcatWebServer     -
        Tomcat initialized with port 8080 (http)
2026-03-30 11:05:52.530 [main] INFO  [] o.a.catalina.core.StandardService    -
        Starting service [Tomcat]
2026-03-30 11:05:52.530 [main] INFO  [] o.a.catalina.core.StandardEngine     -
        Starting Servlet engine: [Apache Tomcat/10.1.33]
2026-03-30 11:05:52.635 [main] INFO  [] o.a.c.c.C.[Tomcat].[localhost].[/]   -
        Initializing Spring embedded WebApplicationContext
2026-03-30 11:05:52.635 [main] INFO  [] o.s.b.w.s.c.ServletWebServerApplicationContext -
        Root WebApplicationContext: initialization completed in 3314 ms
2026-03-30 11:05:53.037 [main] INFO  [] com.zaxxer.hikari.HikariDataSource   -
        HikariPool-1 - Starting...
2026-03-30 11:05:53.362 [main] INFO  [] com.zaxxer.hikari.pool.HikariPool    -
        HikariPool-1 - Added connection conn0: url=jdbc:h2:mem:discodeit_db user=SA
2026-03-30 11:05:53.364 [main] INFO  [] com.zaxxer.hikari.HikariDataSource   -
        HikariPool-1 - Start completed.
2026-03-30 11:05:53.562 [main] INFO  [] o.h.jpa.internal.util.LogHelper      -
        HHH000204: Processing PersistenceUnitInfo [name: default]
2026-03-30 11:05:53.675 [main] INFO  [] org.hibernate.Version                -
        HHH000412: Hibernate ORM core version 6.6.2.Final
2026-03-30 11:05:53.731 [main] INFO  [] o.h.c.i.RegionFactoryInitiator       -
        HHH000026: Second-level cache disabled
2026-03-30 11:05:54.186 [main] INFO  [] o.s.o.j.p.SpringPersistenceUnitInfo  -
        No LoadTimeWeaver setup: ignoring JPA class transformer
2026-03-30 11:05:54.344 [main] INFO  [] o.hibernate.orm.connections.pooling  -
        HHH10001005: Database info:
	Database JDBC URL [Connecting through datasource 'HikariDataSource (HikariPool-1)']
	Database driver: undefined/unknown
	Database version: 2.3.232
	Autocommit mode: undefined/unknown
	Isolation level: undefined/unknown
	Minimum pool size: undefined/unknown
	Maximum pool size: undefined/unknown
2026-03-30 11:05:56.139 [main] INFO  [] o.h.e.t.j.p.i.JtaPlatformInitiator   -
        HHH000489: No JTA platform available (set 'hibernate.transaction.jta.platform' to enable JTA platform integration)
2026-03-30 11:05:56.282 [main] INFO  [] o.s.o.j.LocalContainerEntityManagerFactoryBean -
        Initialized JPA EntityManagerFactory for persistence unit 'default'
2026-03-30 11:05:56.930 [main] INFO  [] o.s.d.j.r.query.QueryEnhancerFactory -
        Hibernate is in classpath; If applicable, HQL parser will be used.
2026-03-30 11:05:58.411 [main] WARN  [] o.s.b.a.o.j.JpaBaseConfiguration$JpaWebConfiguration -
        spring.jpa.open-in-view is enabled by default. Therefore, database queries may be performed during view rendering. Explicitly configure spring.jpa.open-in-view to disable this warning
2026-03-30 11:05:58.483 [main] WARN  [] o.s.b.a.s.s.UserDetailsServiceAutoConfiguration -
        

Using generated security password: 147a579e-ca71-4e6d-9fd4-72c072854f2f

This generated password is for development use only. Your security configuration must be updated before running your application in production.

2026-03-30 11:05:58.507 [main] INFO  [] o.s.s.c.a.a.c.InitializeUserDetailsBeanManagerConfigurer$InitializeUserDetailsManagerConfigurer -
        Global AuthenticationManager configured with UserDetailsService bean with name inMemoryUserDetailsManager
2026-03-30 11:05:58.697 [main] INFO  [] o.s.b.a.w.s.WelcomePageHandlerMapping -
        Adding welcome page: class path resource [static/index.html]
2026-03-30 11:05:59.220 [main] INFO  [] o.s.b.a.e.web.EndpointLinksResolver  -
        Exposing 4 endpoints beneath base path '/actuator'
2026-03-30 11:06:00.629 [main] INFO  [] o.s.b.w.e.tomcat.TomcatWebServer     -
        Tomcat started on port 8080 (http) with context path '/'
2026-03-30 11:06:00.656 [main] INFO  [] c.s.m.discodeit.DiscodeitApplication -
        Started DiscodeitApplication in 12.201 seconds (process running for 13.075)
2026-03-30 11:06:01.078 [RMI TCP Connection(2)-192.168.45.154] INFO  [] o.a.c.c.C.[Tomcat].[localhost].[/]   -
        Initializing Spring DispatcherServlet 'dispatcherServlet'
2026-03-30 11:06:01.078 [RMI TCP Connection(2)-192.168.45.154] INFO  [] o.s.web.servlet.DispatcherServlet    -
        Initializing Servlet 'dispatcherServlet'
2026-03-30 11:06:01.082 [RMI TCP Connection(2)-192.168.45.154] INFO  [] o.s.web.servlet.DispatcherServlet    -
        Completed initialization in 3 ms
2026-03-30 11:06:01.208 [registrationTask1] INFO  [] d.c.b.a.c.r.ApplicationRegistrator   -
        Application registered itself as 2876565123ca
2026-03-30 11:15:31.836 [SpringApplicationShutdownHook] INFO  [] o.s.b.w.e.tomcat.GracefulShutdown    -
        Commencing graceful shutdown. Waiting for active requests to complete
2026-03-30 11:15:32.031 [tomcat-shutdown] INFO  [] o.s.b.w.e.tomcat.GracefulShutdown    -
        Graceful shutdown complete
2026-03-30 11:15:32.058 [SpringApplicationShutdownHook] INFO  [] o.s.o.j.LocalContainerEntityManagerFactoryBean -
        Closing JPA EntityManagerFactory for persistence unit 'default'
2026-03-30 11:15:32.078 [SpringApplicationShutdownHook] INFO  [] com.zaxxer.hikari.HikariDataSource   -
        HikariPool-1 - Shutdown initiated...
2026-03-30 11:15:32.218 [SpringApplicationShutdownHook] INFO  [] com.zaxxer.hikari.HikariDataSource   -
        HikariPool-1 - Shutdown completed.
2026-03-30 22:46:53.360 [main] INFO  [] c.s.m.discodeit.DiscodeitApplication -
        Starting DiscodeitApplication using Java 17.0.17 with PID 8420 (C:\Users\mj559\IdeaProjects\9-sprint-mission\discodeit\build\classes\java\main started by mj559 in C:\Users\mj559\IdeaProjects\9-sprint-mission)
2026-03-30 22:46:53.367 [main] DEBUG [] c.s.m.discodeit.DiscodeitApplication -
        Running with Spring Boot v3.4.0, Spring v6.2.0
2026-03-30 22:46:53.367 [main] INFO  [] c.s.m.discodeit.DiscodeitApplication -
        The following 1 profile is active: "dev"
2026-03-30 22:46:54.954 [main] INFO  [] o.s.d.r.c.RepositoryConfigurationDelegate -
        Bootstrapping Spring Data JPA repositories in DEFAULT mode.
2026-03-30 22:46:55.049 [main] INFO  [] o.s.d.r.c.RepositoryConfigurationDelegate -
        Finished Spring Data repository scanning in 85 ms. Found 6 JPA repository interfaces.
2026-03-30 22:46:55.958 [main] INFO  [] o.s.b.w.e.tomcat.TomcatWebServer     -
        Tomcat initialized with port 8080 (http)
2026-03-30 22:46:55.973 [main] INFO  [] o.a.catalina.core.StandardService    -
        Starting service [Tomcat]
2026-03-30 22:46:55.974 [main] INFO  [] o.a.catalina.core.StandardEngine     -
        Starting Servlet engine: [Apache Tomcat/10.1.33]
2026-03-30 22:46:56.064 [main] INFO  [] o.a.c.c.C.[Tomcat].[localhost].[/]   -
        Initializing Spring embedded WebApplicationContext
2026-03-30 22:46:56.064 [main] INFO  [] o.s.b.w.s.c.ServletWebServerApplicationContext -
        Root WebApplicationContext: initialization completed in 2570 ms
2026-03-30 22:46:56.397 [main] INFO  [] com.zaxxer.hikari.HikariDataSource   -
        HikariPool-1 - Starting...
2026-03-30 22:46:56.638 [main] INFO  [] com.zaxxer.hikari.pool.HikariPool    -
        HikariPool-1 - Added connection conn0: url=jdbc:h2:mem:discodeit_db user=SA
2026-03-30 22:46:56.643 [main] INFO  [] com.zaxxer.hikari.HikariDataSource   -
        HikariPool-1 - Start completed.
2026-03-30 22:46:56.785 [main] INFO  [] o.h.jpa.internal.util.LogHelper      -
        HHH000204: Processing PersistenceUnitInfo [name: default]
2026-03-30 22:46:56.843 [main] INFO  [] org.hibernate.Version                -
        HHH000412: Hibernate ORM core version 6.6.2.Final
2026-03-30 22:46:56.885 [main] INFO  [] o.h.c.i.RegionFactoryInitiator       -
        HHH000026: Second-level cache disabled
2026-03-30 22:46:57.222 [main] INFO  [] o.s.o.j.p.SpringPersistenceUnitInfo  -
        No LoadTimeWeaver setup: ignoring JPA class transformer
2026-03-30 22:46:57.300 [main] INFO  [] o.hibernate.orm.connections.pooling  -
        HHH10001005: Database info:
	Database JDBC URL [Connecting through datasource 'HikariDataSource (HikariPool-1)']
	Database driver: undefined/unknown
	Database version: 2.3.232
	Autocommit mode: undefined/unknown
	Isolation level: undefined/unknown
	Minimum pool size: undefined/unknown
	Maximum pool size: undefined/unknown
2026-03-30 22:46:58.488 [main] INFO  [] o.h.e.t.j.p.i.JtaPlatformInitiator   -
        HHH000489: No JTA platform available (set 'hibernate.transaction.jta.platform' to enable JTA platform integration)
2026-03-30 22:46:58.580 [main] INFO  [] o.s.o.j.LocalContainerEntityManagerFactoryBean -
        Initialized JPA EntityManagerFactory for persistence unit 'default'
2026-03-30 22:46:59.008 [main] INFO  [] o.s.d.j.r.query.QueryEnhancerFactory -
        Hibernate is in classpath; If applicable, HQL parser will be used.
2026-03-30 22:47:00.059 [main] WARN  [] o.s.b.a.o.j.JpaBaseConfiguration$JpaWebConfiguration -
        spring.jpa.open-in-view is enabled by default. Therefore, database queries may be performed during view rendering. Explicitly configure spring.jpa.open-in-view to disable this warning
2026-03-30 22:47:00.093 [main] WARN  [] o.s.b.a.s.s.UserDetailsServiceAutoConfiguration -
        

Using generated security password: ce46b2bb-266d-45d1-8698-2d5df6fafdea

This generated password is for development use only. Your security configuration must be updated before running your application in production.

2026-03-30 22:47:00.105 [main] INFO  [] o.s.s.c.a.a.c.InitializeUserDetailsBeanManagerConfigurer$InitializeUserDetailsManagerConfigurer -
        Global AuthenticationManager configured with UserDetailsService bean with name inMemoryUserDetailsManager
2026-03-30 22:47:00.219 [main] INFO  [] o.s.b.a.w.s.WelcomePageHandlerMapping -
        Adding welcome page: class path resource [static/index.html]
2026-03-30 22:47:00.675 [main] INFO  [] o.s.b.a.e.web.EndpointLinksResolver  -
        Exposing 4 endpoints beneath base path '/actuator'
2026-03-30 22:47:01.785 [main] INFO  [] o.s.b.w.e.tomcat.TomcatWebServer     -
        Tomcat started on port 8080 (http) with context path '/'
2026-03-30 22:47:01.809 [main] INFO  [] c.s.m.discodeit.DiscodeitApplication -
        Started DiscodeitApplication in 9.115 seconds (process running for 9.833)
2026-03-30 22:47:02.359 [RMI TCP Connection(4)-192.168.45.215] INFO  [] o.a.c.c.C.[Tomcat].[localhost].[/]   -
        Initializing Spring DispatcherServlet 'dispatcherServlet'
2026-03-30 22:47:02.360 [RMI TCP Connection(4)-192.168.45.215] INFO  [] o.s.web.servlet.DispatcherServlet    -
        Initializing Servlet 'dispatcherServlet'
2026-03-30 22:47:02.365 [RMI TCP Connection(4)-192.168.45.215] INFO  [] o.s.web.servlet.DispatcherServlet    -
        Completed initialization in 5 ms
2026-03-30 22:47:02.445 [registrationTask1] INFO  [] d.c.b.a.c.r.ApplicationRegistrator   -
        Application registered itself as 2876565123ca
2026-03-30 23:18:32.158 [HikariPool-1 housekeeper] WARN  [] com.zaxxer.hikari.pool.HikariPool    -
        HikariPool-1 - Thread starvation or clock leap detected (housekeeper delta=24m35s339ms127µs500ns).
2026-03-30 23:18:57.909 [http-nio-8080-exec-3] INFO  [6862a10c] c.s.m.d.controller.UserController    -
        Registering new user with email: User1@gmail.com
2026-03-30 23:18:57.951 [http-nio-8080-exec-3] INFO  [6862a10c] c.s.m.d.s.basic.BasicUserService     -
        Creating new user: email=User1@gmail.com
2026-03-30 23:18:58.212 [http-nio-8080-exec-3] WARN  [6862a10c] o.h.e.jdbc.spi.SqlExceptionHelper    -
        SQL Error: 42104, SQLState: 42S04
2026-03-30 23:18:58.212 [http-nio-8080-exec-3] ERROR [6862a10c] o.h.e.jdbc.spi.SqlExceptionHelper    -
        Table "USERS" not found (this database is empty); SQL statement:
select u1_0.id from users u1_0 where u1_0.email=? fetch first ? rows only [42104-232]
2026-03-30 23:18:58.259 [http-nio-8080-exec-3] ERROR [6862a10c] c.s.m.d.c.GlobalExceptionHandler     -
        Internal Server Error: 
org.springframework.dao.InvalidDataAccessResourceUsageException: could not prepare statement [Table "USERS" not found (this database is empty); SQL statement:
select u1_0.id from users u1_0 where u1_0.email=? fetch first ? rows only [42104-232]] [select u1_0.id from users u1_0 where u1_0.email=? fetch first ? rows only]; SQL [select u1_0.id from users u1_0 where u1_0.email=? fetch first ? rows only]
	at org.springframework.orm.jpa.vendor.HibernateJpaDialect.convertHibernateAccessException(HibernateJpaDialect.java:277)
	at org.springframework.orm.jpa.vendor.HibernateJpaDialect.translateExceptionIfPossible(HibernateJpaDialect.java:241)
	at org.springframework.orm.jpa.AbstractEntityManagerFactoryBean.translateExceptionIfPossible(AbstractEntityManagerFactoryBean.java:560)
	at org.springframework.dao.support.ChainedPersistenceExceptionTranslator.translateExceptionIfPossible(ChainedPersistenceExceptionTranslator.java:61)
	at org.springframework.dao.support.DataAccessUtils.translateIfNecessary(DataAccessUtils.java:343)
	at org.springframework.dao.support.PersistenceExceptionTranslationInterceptor.invoke(PersistenceExceptionTranslationInterceptor.java:160)
	at org.springframework.aop.framework.ReflectiveMethodInvocation.proceed(ReflectiveMethodInvocation.java:184)
	at org.springframework.data.jpa.repository.support.CrudMethodMetadataPostProcessor$CrudMethodMetadataPopulatingMethodInterceptor.invoke(CrudMethodMetadataPostProcessor.java:136)
	at org.springframework.aop.framework.ReflectiveMethodInvocation.proceed(ReflectiveMethodInvocation.java:184)
	at org.springframework.aop.framework.JdkDynamicAopProxy.invoke(JdkDynamicAopProxy.java:223)
	at jdk.proxy2/jdk.proxy2.$Proxy174.existsByEmail(Unknown Source)
	at com.sprint.mission.discodeit.service.basic.BasicUserService.create(BasicUserService.java:49)
	at java.base/jdk.internal.reflect.NativeMethodAccessorImpl.invoke0(Native Method)
	at java.base/jdk.internal.reflect.NativeMethodAccessorImpl.invoke(NativeMethodAccessorImpl.java:77)
	at java.base/jdk.internal.reflect.DelegatingMethodAccessorImpl.invoke(DelegatingMethodAccessorImpl.java:43)
	at java.base/java.lang.reflect.Method.invoke(Method.java:569)
	at org.springframework.aop.support.AopUtils.invokeJoinpointUsingReflection(AopUtils.java:359)
	at org.springframework.aop.framework.ReflectiveMethodInvocation.invokeJoinpoint(ReflectiveMethodInvocation.java:196)
	at org.springframework.aop.framework.ReflectiveMethodInvocation.proceed(ReflectiveMethodInvocation.java:163)
	at org.springframework.transaction.interceptor.TransactionAspectSupport.invokeWithinTransaction(TransactionAspectSupport.java:380)
	at org.springframework.transaction.interceptor.TransactionInterceptor.invoke(TransactionInterceptor.java:119)
	at org.springframework.aop.framework.ReflectiveMethodInvocation.proceed(ReflectiveMethodInvocation.java:184)
	at org.springframework.aop.framework.CglibAopProxy$DynamicAdvisedInterceptor.intercept(CglibAopProxy.java:727)
	at com.sprint.mission.discodeit.service.basic.BasicUserService$$SpringCGLIB$$0.create(<generated>)
	at com.sprint.mission.discodeit.controller.UserController.register(UserController.java:45)
	at java.base/jdk.internal.reflect.NativeMethodAccessorImpl.invoke0(Native Method)
	at java.base/jdk.internal.reflect.NativeMethodAccessorImpl.invoke(NativeMethodAccessorImpl.java:77)
	at java.base/jdk.internal.reflect.DelegatingMethodAccessorImpl.invoke(DelegatingMethodAccessorImpl.java:43)
	at java.base/java.lang.reflect.Method.invoke(Method.java:569)
	at org.springframework.web.method.support.InvocableHandlerMethod.doInvoke(InvocableHandlerMethod.java:255)
	at org.springframework.web.method.support.InvocableHandlerMethod.invokeForRequest(InvocableHandlerMethod.java:188)
	at org.springframework.web.servlet.mvc.method.annotation.ServletInvocableHandlerMethod.invokeAndHandle(ServletInvocableHandlerMethod.java:118)
	at org.springframework.web.servlet.mvc.method.annotation.RequestMappingHandlerAdapter.invokeHandlerMethod(RequestMappingHandlerAdapter.java:986)
	at org.springframework.web.servlet.mvc.method.annotation.RequestMappingHandlerAdapter.handleInternal(RequestMappingHandlerAdapter.java:891)
	at org.springframework.web.servlet.mvc.method.AbstractHandlerMethodAdapter.handle(AbstractHandlerMethodAdapter.java:87)
	at org.springframework.web.servlet.DispatcherServlet.doDispatch(DispatcherServlet.java:1088)
	at org.springframework.web.servlet.DispatcherServlet.doService(DispatcherServlet.java:978)
	at org.springframework.web.servlet.FrameworkServlet.processRequest(FrameworkServlet.java:1014)
	at org.springframework.web.servlet.FrameworkServlet.doPost(FrameworkServlet.java:914)
	at jakarta.servlet.http.HttpServlet.service(HttpServlet.java:590)
	at org.springframework.web.servlet.FrameworkServlet.service(FrameworkServlet.java:885)
	at jakarta.servlet.http.HttpServlet.service(HttpServlet.java:658)
	at org.apache.catalina.core.ApplicationFilterChain.internalDoFilter(ApplicationFilterChain.java:195)
	at org.apache.catalina.core.ApplicationFilterChain.doFilter(ApplicationFilterChain.java:140)
	at org.apache.tomcat.websocket.server.WsFilter.doFilter(WsFilter.java:51)
	at org.apache.catalina.core.ApplicationFilterChain.internalDoFilter(ApplicationFilterChain.java:164)
	at org.apache.catalina.core.ApplicationFilterChain.doFilter(ApplicationFilterChain.java:140)
	at org.springframework.web.filter.CompositeFilter$VirtualFilterChain.doFilter(CompositeFilter.java:108)
	at org.springframework.security.web.FilterChainProxy.lambda$doFilterInternal$3(FilterChainProxy.java:231)
	at org.springframework.security.web.ObservationFilterChainDecorator$FilterObservation$SimpleFilterObservation.lambda$wrap$1(ObservationFilterChainDecorator.java:479)
	at org.springframework.security.web.ObservationFilterChainDecorator$AroundFilterObservation$SimpleAroundFilterObservation.lambda$wrap$1(ObservationFilterChainDecorator.java:340)
	at org.springframework.security.web.ObservationFilterChainDecorator.lambda$wrapSecured$0(ObservationFilterChainDecorator.java:82)
	at org.springframework.security.web.ObservationFilterChainDecorator$VirtualFilterChain.doFilter(ObservationFilterChainDecorator.java:128)
	at org.springframework.security.web.access.intercept.AuthorizationFilter.doFilter(AuthorizationFilter.java:101)
	at org.springframework.security.web.ObservationFilterChainDecorator$ObservationFilter.wrapFilter(ObservationFilterChainDecorator.java:240)
	at org.springframework.security.web.ObservationFilterChainDecorator$ObservationFilter.doFilter(ObservationFilterChainDecorator.java:227)
	at org.springframework.security.web.ObservationFilterChainDecorator$VirtualFilterChain.doFilter(ObservationFilterChainDecorator.java:137)
	at org.springframework.security.web.access.ExceptionTranslationFilter.doFilter(ExceptionTranslationFilter.java:126)
	at org.springframework.security.web.access.ExceptionTranslationFilter.doFilter(ExceptionTranslationFilter.java:120)
	at org.springframework.security.web.ObservationFilterChainDecorator$ObservationFilter.wrapFilter(ObservationFilterChainDecorator.java:240)
	at org.springframework.security.web.ObservationFilterChainDecorator$ObservationFilter.doFilter(ObservationFilterChainDecorator.java:227)
	at org.springframework.security.web.ObservationFilterChainDecorator$VirtualFilterChain.doFilter(ObservationFilterChainDecorator.java:137)
	at org.springframework.security.web.authentication.AnonymousAuthenticationFilter.doFilter(AnonymousAuthenticationFilter.java:100)
	at org.springframework.security.web.ObservationFilterChainDecorator$ObservationFilter.wrapFilter(ObservationFilterChainDecorator.java:240)
	at org.springframework.security.web.ObservationFilterChainDecorator$ObservationFilter.doFilter(ObservationFilterChainDecorator.java:227)
	at org.springframework.security.web.ObservationFilterChainDecorator$VirtualFilterChain.doFilter(ObservationFilterChainDecorator.java:137)
	at org.springframework.security.web.servletapi.SecurityContextHolderAwareRequestFilter.doFilter(SecurityContextHolderAwareRequestFilter.java:179)
	at org.springframework.security.web.ObservationFilterChainDecorator$ObservationFilter.wrapFilter(ObservationFilterChainDecorator.java:240)
	at org.springframework.security.web.ObservationFilterChainDecorator$ObservationFilter.doFilter(ObservationFilterChainDecorator.java:227)
	at org.springframework.security.web.ObservationFilterChainDecorator$VirtualFilterChain.doFilter(ObservationFilterChainDecorator.java:137)
	at org.springframework.security.web.savedrequest.RequestCacheAwareFilter.doFilter(RequestCacheAwareFilter.java:63)
	at org.springframework.security.web.ObservationFilterChainDecorator$ObservationFilter.wrapFilter(ObservationFilterChainDecorator.java:240)
	at org.springframework.security.web.ObservationFilterChainDecorator$ObservationFilter.doFilter(ObservationFilterChainDecorator.java:227)
	at org.springframework.security.web.ObservationFilterChainDecorator$VirtualFilterChain.doFilter(ObservationFilterChainDecorator.java:137)
	at org.springframework.security.web.authentication.logout.LogoutFilter.doFilter(LogoutFilter.java:107)
	at org.springframework.security.web.authentication.logout.LogoutFilter.doFilter(LogoutFilter.java:93)
	at org.springframework.security.web.ObservationFilterChainDecorator$ObservationFilter.wrapFilter(ObservationFilterChainDecorator.java:240)
	at org.springframework.security.web.ObservationFilterChainDecorator$ObservationFilter.doFilter(ObservationFilterChainDecorator.java:227)
	at org.springframework.security.web.ObservationFilterChainDecorator$VirtualFilterChain.doFilter(ObservationFilterChainDecorator.java:137)
	at org.springframework.security.web.header.HeaderWriterFilter.doHeadersAfter(HeaderWriterFilter.java:90)
	at org.springframework.security.web.header.HeaderWriterFilter.doFilterInternal(HeaderWriterFilter.java:75)
	at org.springframework.web.filter.OncePerRequestFilter.doFilter(OncePerRequestFilter.java:116)
	at org.springframework.security.web.ObservationFilterChainDecorator$ObservationFilter.wrapFilter(ObservationFilterChainDecorator.java:240)
	at org.springframework.security.web.ObservationFilterChainDecorator$ObservationFilter.doFilter(ObservationFilterChainDecorator.java:227)
	at org.springframework.security.web.ObservationFilterChainDecorator$VirtualFilterChain.doFilter(ObservationFilterChainDecorator.java:137)
	at org.springframework.security.web.context.SecurityContextHolderFilter.doFilter(SecurityContextHolderFilter.java:82)
	at org.springframework.security.web.context.SecurityContextHolderFilter.doFilter(SecurityContextHolderFilter.java:69)
	at org.springframework.security.web.ObservationFilterChainDecorator$ObservationFilter.wrapFilter(ObservationFilterChainDecorator.java:240)
	at org.springframework.security.web.ObservationFilterChainDecorator$ObservationFilter.doFilter(ObservationFilterChainDecorator.java:227)
	at org.springframework.security.web.ObservationFilterChainDecorator$VirtualFilterChain.doFilter(ObservationFilterChainDecorator.java:137)
	at org.springframework.security.web.context.request.async.WebAsyncManagerIntegrationFilter.doFilterInternal(WebAsyncManagerIntegrationFilter.java:62)
	at org.springframework.web.filter.OncePerRequestFilter.doFilter(OncePerRequestFilter.java:116)
	at org.springframework.security.web.ObservationFilterChainDecorator$ObservationFilter.wrapFilter(ObservationFilterChainDecorator.java:240)
	at org.springframework.security.web.ObservationFilterChainDecorator$ObservationFilter.doFilter(ObservationFilterChainDecorator.java:227)
	at org.springframework.security.web.ObservationFilterChainDecorator$VirtualFilterChain.doFilter(ObservationFilterChainDecorator.java:137)
	at org.springframework.security.web.session.DisableEncodeUrlFilter.doFilterInternal(DisableEncodeUrlFilter.java:42)
	at org.springframework.web.filter.OncePerRequestFilter.doFilter(OncePerRequestFilter.java:116)
	at org.springframework.security.web.ObservationFilterChainDecorator$ObservationFilter.wrapFilter(ObservationFilterChainDecorator.java:240)
	at org.springframework.security.web.ObservationFilterChainDecorator$AroundFilterObservation$SimpleAroundFilterObservation.lambda$wrap$0(ObservationFilterChainDecorator.java:323)
	at org.springframework.security.web.ObservationFilterChainDecorator$ObservationFilter.doFilter(ObservationFilterChainDecorator.java:224)
	at org.springframework.security.web.ObservationFilterChainDecorator$VirtualFilterChain.doFilter(ObservationFilterChainDecorator.java:137)
	at org.springframework.security.web.FilterChainProxy.doFilterInternal(FilterChainProxy.java:233)
	at org.springframework.security.web.FilterChainProxy.doFilter(FilterChainProxy.java:191)
	at org.springframework.web.filter.CompositeFilter$VirtualFilterChain.doFilter(CompositeFilter.java:113)
	at org.springframework.web.servlet.handler.HandlerMappingIntrospector.lambda$createCacheFilter$3(HandlerMappingIntrospector.java:243)
	at org.springframework.web.filter.CompositeFilter$VirtualFilterChain.doFilter(CompositeFilter.java:113)
	at org.springframework.web.filter.CompositeFilter.doFilter(CompositeFilter.java:74)
	at org.springframework.security.config.annotation.web.configuration.WebMvcSecurityConfiguration$CompositeFilterChainProxy.doFilter(WebMvcSecurityConfiguration.java:238)
	at org.springframework.web.filter.DelegatingFilterProxy.invokeDelegate(DelegatingFilterProxy.java:362)
	at org.springframework.web.filter.DelegatingFilterProxy.doFilter(DelegatingFilterProxy.java:278)
	at org.apache.catalina.core.ApplicationFilterChain.internalDoFilter(ApplicationFilterChain.java:164)
	at org.apache.catalina.core.ApplicationFilterChain.doFilter(ApplicationFilterChain.java:140)
	at org.springframework.web.filter.RequestContextFilter.doFilterInternal(RequestContextFilter.java:100)
	at org.springframework.web.filter.OncePerRequestFilter.doFilter(OncePerRequestFilter.java:116)
	at org.apache.catalina.core.ApplicationFilterChain.internalDoFilter(ApplicationFilterChain.java:164)
	at org.apache.catalina.core.ApplicationFilterChain.doFilter(ApplicationFilterChain.java:140)
	at org.springframework.web.filter.FormContentFilter.doFilterInternal(FormContentFilter.java:93)
	at org.springframework.web.filter.OncePerRequestFilter.doFilter(OncePerRequestFilter.java:116)
	at org.apache.catalina.core.ApplicationFilterChain.internalDoFilter(ApplicationFilterChain.java:164)
	at org.apache.catalina.core.ApplicationFilterChain.doFilter(ApplicationFilterChain.java:140)
	at org.springframework.web.filter.ServerHttpObservationFilter.doFilterInternal(ServerHttpObservationFilter.java:114)
	at org.springframework.web.filter.OncePerRequestFilter.doFilter(OncePerRequestFilter.java:116)
	at org.apache.catalina.core.ApplicationFilterChain.internalDoFilter(ApplicationFilterChain.java:164)
	at org.apache.catalina.core.ApplicationFilterChain.doFilter(ApplicationFilterChain.java:140)
	at org.springframework.web.filter.CharacterEncodingFilter.doFilterInternal(CharacterEncodingFilter.java:201)
	at org.springframework.web.filter.OncePerRequestFilter.doFilter(OncePerRequestFilter.java:116)
	at org.apache.catalina.core.ApplicationFilterChain.internalDoFilter(ApplicationFilterChain.java:164)
	at org.apache.catalina.core.ApplicationFilterChain.doFilter(ApplicationFilterChain.java:140)
	at org.apache.catalina.core.StandardWrapperValve.invoke(StandardWrapperValve.java:167)
	at org.apache.catalina.core.StandardContextValve.invoke(StandardContextValve.java:90)
	at org.apache.catalina.authenticator.AuthenticatorBase.invoke(AuthenticatorBase.java:483)
	at org.apache.catalina.core.StandardHostValve.invoke(StandardHostValve.java:115)
	at org.apache.catalina.valves.ErrorReportValve.invoke(ErrorReportValve.java:93)
	at org.apache.catalina.core.StandardEngineValve.invoke(StandardEngineValve.java:74)
	at org.apache.catalina.connector.CoyoteAdapter.service(CoyoteAdapter.java:344)
	at org.apache.coyote.http11.Http11Processor.service(Http11Processor.java:397)
	at org.apache.coyote.AbstractProcessorLight.process(AbstractProcessorLight.java:63)
	at org.apache.coyote.AbstractProtocol$ConnectionHandler.process(AbstractProtocol.java:905)
	at org.apache.tomcat.util.net.NioEndpoint$SocketProcessor.doRun(NioEndpoint.java:1741)
	at org.apache.tomcat.util.net.SocketProcessorBase.run(SocketProcessorBase.java:52)
	at org.apache.tomcat.util.threads.ThreadPoolExecutor.runWorker(ThreadPoolExecutor.java:1190)
	at org.apache.tomcat.util.threads.ThreadPoolExecutor$Worker.run(ThreadPoolExecutor.java:659)
	at org.apache.tomcat.util.threads.TaskThread$WrappingRunnable.run(TaskThread.java:63)
	at java.base/java.lang.Thread.run(Thread.java:840)
Caused by: org.hibernate.exception.SQLGrammarException: could not prepare statement [Table "USERS" not found (this database is empty); SQL statement:
select u1_0.id from users u1_0 where u1_0.email=? fetch first ? rows only [42104-232]] [select u1_0.id from users u1_0 where u1_0.email=? fetch first ? rows only]
	at org.hibernate.exception.internal.SQLExceptionTypeDelegate.convert(SQLExceptionTypeDelegate.java:66)
	at org.hibernate.exception.internal.StandardSQLExceptionConverter.convert(StandardSQLExceptionConverter.java:58)
	at org.hibernate.engine.jdbc.spi.SqlExceptionHelper.convert(SqlExceptionHelper.java:108)
	at org.hibernate.engine.jdbc.internal.StatementPreparerImpl$StatementPreparationTemplate.prepareStatement(StatementPreparerImpl.java:191)
	at org.hibernate.engine.jdbc.internal.StatementPreparerImpl.prepareQueryStatement(StatementPreparerImpl.java:153)
	at org.hibernate.sql.exec.internal.StandardStatementCreator.createStatement(StandardStatementCreator.java:49)
	at org.hibernate.sql.results.jdbc.internal.DeferredResultSetAccess.executeQuery(DeferredResultSetAccess.java:235)
	at org.hibernate.sql.results.jdbc.internal.DeferredResultSetAccess.getResultSet(DeferredResultSetAccess.java:171)
	at org.hibernate.sql.results.jdbc.internal.JdbcValuesResultSetImpl.<init>(JdbcValuesResultSetImpl.java:74)
	at org.hibernate.sql.exec.internal.JdbcSelectExecutorStandardImpl.resolveJdbcValuesSource(JdbcSelectExecutorStandardImpl.java:355)
	at org.hibernate.sql.exec.internal.JdbcSelectExecutorStandardImpl.doExecuteQuery(JdbcSelectExecutorStandardImpl.java:137)
	at org.hibernate.sql.exec.internal.JdbcSelectExecutorStandardImpl.executeQuery(JdbcSelectExecutorStandardImpl.java:102)
	at org.hibernate.sql.exec.spi.JdbcSelectExecutor.executeQuery(JdbcSelectExecutor.java:91)
	at org.hibernate.sql.exec.spi.JdbcSelectExecutor.list(JdbcSelectExecutor.java:165)
	at org.hibernate.query.sqm.internal.ConcreteSqmSelectQueryPlan.lambda$new$1(ConcreteSqmSelectQueryPlan.java:152)
	at org.hibernate.query.sqm.internal.ConcreteSqmSelectQueryPlan.withCacheableSqmInterpretation(ConcreteSqmSelectQueryPlan.java:442)
	at org.hibernate.query.sqm.internal.ConcreteSqmSelectQueryPlan.performList(ConcreteSqmSelectQueryPlan.java:362)
	at org.hibernate.query.sqm.internal.QuerySqmImpl.doList(QuerySqmImpl.java:380)
	at org.hibernate.query.spi.AbstractSelectionQuery.list(AbstractSelectionQuery.java:143)
	at org.hibernate.query.Query.getResultList(Query.java:120)
	at org.springframework.data.jpa.repository.query.JpaQueryExecution$ExistsExecution.doExecute(JpaQueryExecution.java:316)
	at org.springframework.data.jpa.repository.query.JpaQueryExecution.execute(JpaQueryExecution.java:93)
	at org.springframework.data.jpa.repository.query.AbstractJpaQuery.doExecute(AbstractJpaQuery.java:152)
	at org.springframework.data.jpa.repository.query.AbstractJpaQuery.execute(AbstractJpaQuery.java:140)
	at org.springframework.data.repository.core.support.RepositoryMethodInvoker.doInvoke(RepositoryMethodInvoker.java:170)
	at org.springframework.data.repository.core.support.RepositoryMethodInvoker.invoke(RepositoryMethodInvoker.java:158)
	at org.springframework.data.repository.core.support.QueryExecutorMethodInterceptor.doInvoke(QueryExecutorMethodInterceptor.java:170)
	at org.springframework.data.repository.core.support.QueryExecutorMethodInterceptor.invoke(QueryExecutorMethodInterceptor.java:149)
	at org.springframework.aop.framework.ReflectiveMethodInvocation.proceed(ReflectiveMethodInvocation.java:184)
	at org.springframework.data.projection.DefaultMethodInvokingMethodInterceptor.invoke(DefaultMethodInvokingMethodInterceptor.java:69)
	at org.springframework.aop.framework.ReflectiveMethodInvocation.proceed(ReflectiveMethodInvocation.java:184)
	at org.springframework.transaction.interceptor.TransactionAspectSupport.invokeWithinTransaction(TransactionAspectSupport.java:380)
	at org.springframework.transaction.interceptor.TransactionInterceptor.invoke(TransactionInterceptor.java:119)
	at org.springframework.aop.framework.ReflectiveMethodInvocation.proceed(ReflectiveMethodInvocation.java:184)
	at org.springframework.dao.support.PersistenceExceptionTranslationInterceptor.invoke(PersistenceExceptionTranslationInterceptor.java:138)
	... 138 common frames omitted
Caused by: org.h2.jdbc.JdbcSQLSyntaxErrorException: Table "USERS" not found (this database is empty); SQL statement:
select u1_0.id from users u1_0 where u1_0.email=? fetch first ? rows only [42104-232]
	at org.h2.message.DbException.getJdbcSQLException(DbException.java:514)
	at org.h2.message.DbException.getJdbcSQLException(DbException.java:489)
	at org.h2.message.DbException.get(DbException.java:223)
	at org.h2.message.DbException.get(DbException.java:199)
	at org.h2.command.Parser.getTableOrViewNotFoundDbException(Parser.java:7932)
	at org.h2.command.Parser.getTableOrViewNotFoundDbException(Parser.java:7916)
	at org.h2.command.Parser.readTableOrView(Parser.java:7895)
	at org.h2.command.Parser.readTablePrimary(Parser.java:1769)
	at org.h2.command.Parser.readTableReference(Parser.java:2249)
	at org.h2.command.Parser.parseSelectFromPart(Parser.java:2702)
	at org.h2.command.Parser.parseSelect(Parser.java:2810)
	at org.h2.command.Parser.parseQueryPrimary(Parser.java:2692)
	at org.h2.command.Parser.parseQueryTerm(Parser.java:2547)
	at org.h2.command.Parser.parseQueryExpressionBody(Parser.java:2526)
	at org.h2.command.Parser.parseQueryExpressionBodyAndEndOfQuery(Parser.java:2519)
	at org.h2.command.Parser.parseQueryExpression(Parser.java:2512)
	at org.h2.command.Parser.parseQuery(Parser.java:2479)
	at org.h2.command.Parser.parsePrepared(Parser.java:610)
	at org.h2.command.Parser.parse(Parser.java:581)
	at org.h2.command.Parser.parse(Parser.java:556)
	at org.h2.command.Parser.prepareCommand(Parser.java:484)
	at org.h2.engine.SessionLocal.prepareLocal(SessionLocal.java:645)
	at org.h2.engine.SessionLocal.prepareCommand(SessionLocal.java:561)
	at org.h2.jdbc.JdbcConnection.prepareCommand(JdbcConnection.java:1164)
	at org.h2.jdbc.JdbcPreparedStatement.<init>(JdbcPreparedStatement.java:93)
	at org.h2.jdbc.JdbcConnection.prepareStatement(JdbcConnection.java:687)
	at com.zaxxer.hikari.pool.ProxyConnection.prepareStatement(ProxyConnection.java:342)
	at com.zaxxer.hikari.pool.HikariProxyConnection.prepareStatement(HikariProxyConnection.java)
	at org.hibernate.engine.jdbc.internal.StatementPreparerImpl$4.doPrepare(StatementPreparerImpl.java:151)
	at org.hibernate.engine.jdbc.internal.StatementPreparerImpl$StatementPreparationTemplate.prepareStatement(StatementPreparerImpl.java:180)
	... 169 common frames omitted
2026-03-30 23:19:16.349 [http-nio-8080-exec-6] INFO  [980b9c3f] c.s.m.d.controller.UserController    -
        Registering new user with email: User1@gmail.com
2026-03-30 23:19:16.349 [http-nio-8080-exec-6] INFO  [980b9c3f] c.s.m.d.s.basic.BasicUserService     -
        Creating new user: email=User1@gmail.com
2026-03-30 23:19:16.360 [http-nio-8080-exec-6] WARN  [980b9c3f] o.h.e.jdbc.spi.SqlExceptionHelper    -
        SQL Error: 42104, SQLState: 42S04
2026-03-30 23:19:16.360 [http-nio-8080-exec-6] ERROR [980b9c3f] o.h.e.jdbc.spi.SqlExceptionHelper    -
        Table "USERS" not found (this database is empty); SQL statement:
select u1_0.id from users u1_0 where u1_0.email=? fetch first ? rows only [42104-232]
2026-03-30 23:19:16.366 [http-nio-8080-exec-6] ERROR [980b9c3f] c.s.m.d.c.GlobalExceptionHandler     -
        Internal Server Error: 
org.springframework.dao.InvalidDataAccessResourceUsageException: could not prepare statement [Table "USERS" not found (this database is empty); SQL statement:
select u1_0.id from users u1_0 where u1_0.email=? fetch first ? rows only [42104-232]] [select u1_0.id from users u1_0 where u1_0.email=? fetch first ? rows only]; SQL [select u1_0.id from users u1_0 where u1_0.email=? fetch first ? rows only]
	at org.springframework.orm.jpa.vendor.HibernateJpaDialect.convertHibernateAccessException(HibernateJpaDialect.java:277)
	at org.springframework.orm.jpa.vendor.HibernateJpaDialect.translateExceptionIfPossible(HibernateJpaDialect.java:241)
	at org.springframework.orm.jpa.AbstractEntityManagerFactoryBean.translateExceptionIfPossible(AbstractEntityManagerFactoryBean.java:560)
	at org.springframework.dao.support.ChainedPersistenceExceptionTranslator.translateExceptionIfPossible(ChainedPersistenceExceptionTranslator.java:61)
	at org.springframework.dao.support.DataAccessUtils.translateIfNecessary(DataAccessUtils.java:343)
	at org.springframework.dao.support.PersistenceExceptionTranslationInterceptor.invoke(PersistenceExceptionTranslationInterceptor.java:160)
	at org.springframework.aop.framework.ReflectiveMethodInvocation.proceed(ReflectiveMethodInvocation.java:184)
	at org.springframework.data.jpa.repository.support.CrudMethodMetadataPostProcessor$CrudMethodMetadataPopulatingMethodInterceptor.invoke(CrudMethodMetadataPostProcessor.java:136)
	at org.springframework.aop.framework.ReflectiveMethodInvocation.proceed(ReflectiveMethodInvocation.java:184)
	at org.springframework.aop.framework.JdkDynamicAopProxy.invoke(JdkDynamicAopProxy.java:223)
	at jdk.proxy2/jdk.proxy2.$Proxy174.existsByEmail(Unknown Source)
	at com.sprint.mission.discodeit.service.basic.BasicUserService.create(BasicUserService.java:49)
	at java.base/jdk.internal.reflect.NativeMethodAccessorImpl.invoke0(Native Method)
	at java.base/jdk.internal.reflect.NativeMethodAccessorImpl.invoke(NativeMethodAccessorImpl.java:77)
	at java.base/jdk.internal.reflect.DelegatingMethodAccessorImpl.invoke(DelegatingMethodAccessorImpl.java:43)
	at java.base/java.lang.reflect.Method.invoke(Method.java:569)
	at org.springframework.aop.support.AopUtils.invokeJoinpointUsingReflection(AopUtils.java:359)
	at org.springframework.aop.framework.ReflectiveMethodInvocation.invokeJoinpoint(ReflectiveMethodInvocation.java:196)
	at org.springframework.aop.framework.ReflectiveMethodInvocation.proceed(ReflectiveMethodInvocation.java:163)
	at org.springframework.transaction.interceptor.TransactionAspectSupport.invokeWithinTransaction(TransactionAspectSupport.java:380)
	at org.springframework.transaction.interceptor.TransactionInterceptor.invoke(TransactionInterceptor.java:119)
	at org.springframework.aop.framework.ReflectiveMethodInvocation.proceed(ReflectiveMethodInvocation.java:184)
	at org.springframework.aop.framework.CglibAopProxy$DynamicAdvisedInterceptor.intercept(CglibAopProxy.java:727)
	at com.sprint.mission.discodeit.service.basic.BasicUserService$$SpringCGLIB$$0.create(<generated>)
	at com.sprint.mission.discodeit.controller.UserController.register(UserController.java:45)
	at java.base/jdk.internal.reflect.NativeMethodAccessorImpl.invoke0(Native Method)
	at java.base/jdk.internal.reflect.NativeMethodAccessorImpl.invoke(NativeMethodAccessorImpl.java:77)
	at java.base/jdk.internal.reflect.DelegatingMethodAccessorImpl.invoke(DelegatingMethodAccessorImpl.java:43)
	at java.base/java.lang.reflect.Method.invoke(Method.java:569)
	at org.springframework.web.method.support.InvocableHandlerMethod.doInvoke(InvocableHandlerMethod.java:255)
	at org.springframework.web.method.support.InvocableHandlerMethod.invokeForRequest(InvocableHandlerMethod.java:188)
	at org.springframework.web.servlet.mvc.method.annotation.ServletInvocableHandlerMethod.invokeAndHandle(ServletInvocableHandlerMethod.java:118)
	at org.springframework.web.servlet.mvc.method.annotation.RequestMappingHandlerAdapter.invokeHandlerMethod(RequestMappingHandlerAdapter.java:986)
	at org.springframework.web.servlet.mvc.method.annotation.RequestMappingHandlerAdapter.handleInternal(RequestMappingHandlerAdapter.java:891)
	at org.springframework.web.servlet.mvc.method.AbstractHandlerMethodAdapter.handle(AbstractHandlerMethodAdapter.java:87)
	at org.springframework.web.servlet.DispatcherServlet.doDispatch(DispatcherServlet.java:1088)
	at org.springframework.web.servlet.DispatcherServlet.doService(DispatcherServlet.java:978)
	at org.springframework.web.servlet.FrameworkServlet.processRequest(FrameworkServlet.java:1014)
	at org.springframework.web.servlet.FrameworkServlet.doPost(FrameworkServlet.java:914)
	at jakarta.servlet.http.HttpServlet.service(HttpServlet.java:590)
	at org.springframework.web.servlet.FrameworkServlet.service(FrameworkServlet.java:885)
	at jakarta.servlet.http.HttpServlet.service(HttpServlet.java:658)
	at org.apache.catalina.core.ApplicationFilterChain.internalDoFilter(ApplicationFilterChain.java:195)
	at org.apache.catalina.core.ApplicationFilterChain.doFilter(ApplicationFilterChain.java:140)
	at org.apache.tomcat.websocket.server.WsFilter.doFilter(WsFilter.java:51)
	at org.apache.catalina.core.ApplicationFilterChain.internalDoFilter(ApplicationFilterChain.java:164)
	at org.apache.catalina.core.ApplicationFilterChain.doFilter(ApplicationFilterChain.java:140)
	at org.springframework.web.filter.CompositeFilter$VirtualFilterChain.doFilter(CompositeFilter.java:108)
	at org.springframework.security.web.FilterChainProxy.lambda$doFilterInternal$3(FilterChainProxy.java:231)
	at org.springframework.security.web.ObservationFilterChainDecorator$FilterObservation$SimpleFilterObservation.lambda$wrap$1(ObservationFilterChainDecorator.java:479)
	at org.springframework.security.web.ObservationFilterChainDecorator$AroundFilterObservation$SimpleAroundFilterObservation.lambda$wrap$1(ObservationFilterChainDecorator.java:340)
	at org.springframework.security.web.ObservationFilterChainDecorator.lambda$wrapSecured$0(ObservationFilterChainDecorator.java:82)
	at org.springframework.security.web.ObservationFilterChainDecorator$VirtualFilterChain.doFilter(ObservationFilterChainDecorator.java:128)
	at org.springframework.security.web.access.intercept.AuthorizationFilter.doFilter(AuthorizationFilter.java:101)
	at org.springframework.security.web.ObservationFilterChainDecorator$ObservationFilter.wrapFilter(ObservationFilterChainDecorator.java:240)
	at org.springframework.security.web.ObservationFilterChainDecorator$ObservationFilter.doFilter(ObservationFilterChainDecorator.java:227)
	at org.springframework.security.web.ObservationFilterChainDecorator$VirtualFilterChain.doFilter(ObservationFilterChainDecorator.java:137)
	at org.springframework.security.web.access.ExceptionTranslationFilter.doFilter(ExceptionTranslationFilter.java:126)
	at org.springframework.security.web.access.ExceptionTranslationFilter.doFilter(ExceptionTranslationFilter.java:120)
	at org.springframework.security.web.ObservationFilterChainDecorator$ObservationFilter.wrapFilter(ObservationFilterChainDecorator.java:240)
	at org.springframework.security.web.ObservationFilterChainDecorator$ObservationFilter.doFilter(ObservationFilterChainDecorator.java:227)
	at org.springframework.security.web.ObservationFilterChainDecorator$VirtualFilterChain.doFilter(ObservationFilterChainDecorator.java:137)
	at org.springframework.security.web.authentication.AnonymousAuthenticationFilter.doFilter(AnonymousAuthenticationFilter.java:100)
	at org.springframework.security.web.ObservationFilterChainDecorator$ObservationFilter.wrapFilter(ObservationFilterChainDecorator.java:240)
	at org.springframework.security.web.ObservationFilterChainDecorator$ObservationFilter.doFilter(ObservationFilterChainDecorator.java:227)
	at org.springframework.security.web.ObservationFilterChainDecorator$VirtualFilterChain.doFilter(ObservationFilterChainDecorator.java:137)
	at org.springframework.security.web.servletapi.SecurityContextHolderAwareRequestFilter.doFilter(SecurityContextHolderAwareRequestFilter.java:179)
	at org.springframework.security.web.ObservationFilterChainDecorator$ObservationFilter.wrapFilter(ObservationFilterChainDecorator.java:240)
	at org.springframework.security.web.ObservationFilterChainDecorator$ObservationFilter.doFilter(ObservationFilterChainDecorator.java:227)
	at org.springframework.security.web.ObservationFilterChainDecorator$VirtualFilterChain.doFilter(ObservationFilterChainDecorator.java:137)
	at org.springframework.security.web.savedrequest.RequestCacheAwareFilter.doFilter(RequestCacheAwareFilter.java:63)
	at org.springframework.security.web.ObservationFilterChainDecorator$ObservationFilter.wrapFilter(ObservationFilterChainDecorator.java:240)
	at org.springframework.security.web.ObservationFilterChainDecorator$ObservationFilter.doFilter(ObservationFilterChainDecorator.java:227)
	at org.springframework.security.web.ObservationFilterChainDecorator$VirtualFilterChain.doFilter(ObservationFilterChainDecorator.java:137)
	at org.springframework.security.web.authentication.logout.LogoutFilter.doFilter(LogoutFilter.java:107)
	at org.springframework.security.web.authentication.logout.LogoutFilter.doFilter(LogoutFilter.java:93)
	at org.springframework.security.web.ObservationFilterChainDecorator$ObservationFilter.wrapFilter(ObservationFilterChainDecorator.java:240)
	at org.springframework.security.web.ObservationFilterChainDecorator$ObservationFilter.doFilter(ObservationFilterChainDecorator.java:227)
	at org.springframework.security.web.ObservationFilterChainDecorator$VirtualFilterChain.doFilter(ObservationFilterChainDecorator.java:137)
	at org.springframework.security.web.header.HeaderWriterFilter.doHeadersAfter(HeaderWriterFilter.java:90)
	at org.springframework.security.web.header.HeaderWriterFilter.doFilterInternal(HeaderWriterFilter.java:75)
	at org.springframework.web.filter.OncePerRequestFilter.doFilter(OncePerRequestFilter.java:116)
	at org.springframework.security.web.ObservationFilterChainDecorator$ObservationFilter.wrapFilter(ObservationFilterChainDecorator.java:240)
	at org.springframework.security.web.ObservationFilterChainDecorator$ObservationFilter.doFilter(ObservationFilterChainDecorator.java:227)
	at org.springframework.security.web.ObservationFilterChainDecorator$VirtualFilterChain.doFilter(ObservationFilterChainDecorator.java:137)
	at org.springframework.security.web.context.SecurityContextHolderFilter.doFilter(SecurityContextHolderFilter.java:82)
	at org.springframework.security.web.context.SecurityContextHolderFilter.doFilter(SecurityContextHolderFilter.java:69)
	at org.springframework.security.web.ObservationFilterChainDecorator$ObservationFilter.wrapFilter(ObservationFilterChainDecorator.java:240)
	at org.springframework.security.web.ObservationFilterChainDecorator$ObservationFilter.doFilter(ObservationFilterChainDecorator.java:227)
	at org.springframework.security.web.ObservationFilterChainDecorator$VirtualFilterChain.doFilter(ObservationFilterChainDecorator.java:137)
	at org.springframework.security.web.context.request.async.WebAsyncManagerIntegrationFilter.doFilterInternal(WebAsyncManagerIntegrationFilter.java:62)
	at org.springframework.web.filter.OncePerRequestFilter.doFilter(OncePerRequestFilter.java:116)
	at org.springframework.security.web.ObservationFilterChainDecorator$ObservationFilter.wrapFilter(ObservationFilterChainDecorator.java:240)
	at org.springframework.security.web.ObservationFilterChainDecorator$ObservationFilter.doFilter(ObservationFilterChainDecorator.java:227)
	at org.springframework.security.web.ObservationFilterChainDecorator$VirtualFilterChain.doFilter(ObservationFilterChainDecorator.java:137)
	at org.springframework.security.web.session.DisableEncodeUrlFilter.doFilterInternal(DisableEncodeUrlFilter.java:42)
	at org.springframework.web.filter.OncePerRequestFilter.doFilter(OncePerRequestFilter.java:116)
	at org.springframework.security.web.ObservationFilterChainDecorator$ObservationFilter.wrapFilter(ObservationFilterChainDecorator.java:240)
	at org.springframework.security.web.ObservationFilterChainDecorator$AroundFilterObservation$SimpleAroundFilterObservation.lambda$wrap$0(ObservationFilterChainDecorator.java:323)
	at org.springframework.security.web.ObservationFilterChainDecorator$ObservationFilter.doFilter(ObservationFilterChainDecorator.java:224)
	at org.springframework.security.web.ObservationFilterChainDecorator$VirtualFilterChain.doFilter(ObservationFilterChainDecorator.java:137)
	at org.springframework.security.web.FilterChainProxy.doFilterInternal(FilterChainProxy.java:233)
	at org.springframework.security.web.FilterChainProxy.doFilter(FilterChainProxy.java:191)
	at org.springframework.web.filter.CompositeFilter$VirtualFilterChain.doFilter(CompositeFilter.java:113)
	at org.springframework.web.servlet.handler.HandlerMappingIntrospector.lambda$createCacheFilter$3(HandlerMappingIntrospector.java:243)
	at org.springframework.web.filter.CompositeFilter$VirtualFilterChain.doFilter(CompositeFilter.java:113)
	at org.springframework.web.filter.CompositeFilter.doFilter(CompositeFilter.java:74)
	at org.springframework.security.config.annotation.web.configuration.WebMvcSecurityConfiguration$CompositeFilterChainProxy.doFilter(WebMvcSecurityConfiguration.java:238)
	at org.springframework.web.filter.DelegatingFilterProxy.invokeDelegate(DelegatingFilterProxy.java:362)
	at org.springframework.web.filter.DelegatingFilterProxy.doFilter(DelegatingFilterProxy.java:278)
	at org.apache.catalina.core.ApplicationFilterChain.internalDoFilter(ApplicationFilterChain.java:164)
	at org.apache.catalina.core.ApplicationFilterChain.doFilter(ApplicationFilterChain.java:140)
	at org.springframework.web.filter.RequestContextFilter.doFilterInternal(RequestContextFilter.java:100)
	at org.springframework.web.filter.OncePerRequestFilter.doFilter(OncePerRequestFilter.java:116)
	at org.apache.catalina.core.ApplicationFilterChain.internalDoFilter(ApplicationFilterChain.java:164)
	at org.apache.catalina.core.ApplicationFilterChain.doFilter(ApplicationFilterChain.java:140)
	at org.springframework.web.filter.FormContentFilter.doFilterInternal(FormContentFilter.java:93)
	at org.springframework.web.filter.OncePerRequestFilter.doFilter(OncePerRequestFilter.java:116)
	at org.apache.catalina.core.ApplicationFilterChain.internalDoFilter(ApplicationFilterChain.java:164)
	at org.apache.catalina.core.ApplicationFilterChain.doFilter(ApplicationFilterChain.java:140)
	at org.springframework.web.filter.ServerHttpObservationFilter.doFilterInternal(ServerHttpObservationFilter.java:114)
	at org.springframework.web.filter.OncePerRequestFilter.doFilter(OncePerRequestFilter.java:116)
	at org.apache.catalina.core.ApplicationFilterChain.internalDoFilter(ApplicationFilterChain.java:164)
	at org.apache.catalina.core.ApplicationFilterChain.doFilter(ApplicationFilterChain.java:140)
	at org.springframework.web.filter.CharacterEncodingFilter.doFilterInternal(CharacterEncodingFilter.java:201)
	at org.springframework.web.filter.OncePerRequestFilter.doFilter(OncePerRequestFilter.java:116)
	at org.apache.catalina.core.ApplicationFilterChain.internalDoFilter(ApplicationFilterChain.java:164)
	at org.apache.catalina.core.ApplicationFilterChain.doFilter(ApplicationFilterChain.java:140)
	at org.apache.catalina.core.StandardWrapperValve.invoke(StandardWrapperValve.java:167)
	at org.apache.catalina.core.StandardContextValve.invoke(StandardContextValve.java:90)
	at org.apache.catalina.authenticator.AuthenticatorBase.invoke(AuthenticatorBase.java:483)
	at org.apache.catalina.core.StandardHostValve.invoke(StandardHostValve.java:115)
	at org.apache.catalina.valves.ErrorReportValve.invoke(ErrorReportValve.java:93)
	at org.apache.catalina.core.StandardEngineValve.invoke(StandardEngineValve.java:74)
	at org.apache.catalina.connector.CoyoteAdapter.service(CoyoteAdapter.java:344)
	at org.apache.coyote.http11.Http11Processor.service(Http11Processor.java:397)
	at org.apache.coyote.AbstractProcessorLight.process(AbstractProcessorLight.java:63)
	at org.apache.coyote.AbstractProtocol$ConnectionHandler.process(AbstractProtocol.java:905)
	at org.apache.tomcat.util.net.NioEndpoint$SocketProcessor.doRun(NioEndpoint.java:1741)
	at org.apache.tomcat.util.net.SocketProcessorBase.run(SocketProcessorBase.java:52)
	at org.apache.tomcat.util.threads.ThreadPoolExecutor.runWorker(ThreadPoolExecutor.java:1190)
	at org.apache.tomcat.util.threads.ThreadPoolExecutor$Worker.run(ThreadPoolExecutor.java:659)
	at org.apache.tomcat.util.threads.TaskThread$WrappingRunnable.run(TaskThread.java:63)
	at java.base/java.lang.Thread.run(Thread.java:840)
Caused by: org.hibernate.exception.SQLGrammarException: could not prepare statement [Table "USERS" not found (this database is empty); SQL statement:
select u1_0.id from users u1_0 where u1_0.email=? fetch first ? rows only [42104-232]] [select u1_0.id from users u1_0 where u1_0.email=? fetch first ? rows only]
	at org.hibernate.exception.internal.SQLExceptionTypeDelegate.convert(SQLExceptionTypeDelegate.java:66)
	at org.hibernate.exception.internal.StandardSQLExceptionConverter.convert(StandardSQLExceptionConverter.java:58)
	at org.hibernate.engine.jdbc.spi.SqlExceptionHelper.convert(SqlExceptionHelper.java:108)
	at org.hibernate.engine.jdbc.internal.StatementPreparerImpl$StatementPreparationTemplate.prepareStatement(StatementPreparerImpl.java:191)
	at org.hibernate.engine.jdbc.internal.StatementPreparerImpl.prepareQueryStatement(StatementPreparerImpl.java:153)
	at org.hibernate.sql.exec.internal.StandardStatementCreator.createStatement(StandardStatementCreator.java:49)
	at org.hibernate.sql.results.jdbc.internal.DeferredResultSetAccess.executeQuery(DeferredResultSetAccess.java:235)
	at org.hibernate.sql.results.jdbc.internal.DeferredResultSetAccess.getResultSet(DeferredResultSetAccess.java:171)
	at org.hibernate.sql.results.jdbc.internal.JdbcValuesResultSetImpl.<init>(JdbcValuesResultSetImpl.java:74)
	at org.hibernate.sql.exec.internal.JdbcSelectExecutorStandardImpl.resolveJdbcValuesSource(JdbcSelectExecutorStandardImpl.java:355)
	at org.hibernate.sql.exec.internal.JdbcSelectExecutorStandardImpl.doExecuteQuery(JdbcSelectExecutorStandardImpl.java:137)
	at org.hibernate.sql.exec.internal.JdbcSelectExecutorStandardImpl.executeQuery(JdbcSelectExecutorStandardImpl.java:102)
	at org.hibernate.sql.exec.spi.JdbcSelectExecutor.executeQuery(JdbcSelectExecutor.java:91)
	at org.hibernate.sql.exec.spi.JdbcSelectExecutor.list(JdbcSelectExecutor.java:165)
	at org.hibernate.query.sqm.internal.ConcreteSqmSelectQueryPlan.lambda$new$1(ConcreteSqmSelectQueryPlan.java:152)
	at org.hibernate.query.sqm.internal.ConcreteSqmSelectQueryPlan.withCacheableSqmInterpretation(ConcreteSqmSelectQueryPlan.java:442)
	at org.hibernate.query.sqm.internal.ConcreteSqmSelectQueryPlan.performList(ConcreteSqmSelectQueryPlan.java:362)
	at org.hibernate.query.sqm.internal.QuerySqmImpl.doList(QuerySqmImpl.java:380)
	at org.hibernate.query.spi.AbstractSelectionQuery.list(AbstractSelectionQuery.java:143)
	at org.hibernate.query.Query.getResultList(Query.java:120)
	at org.springframework.data.jpa.repository.query.JpaQueryExecution$ExistsExecution.doExecute(JpaQueryExecution.java:316)
	at org.springframework.data.jpa.repository.query.JpaQueryExecution.execute(JpaQueryExecution.java:93)
	at org.springframework.data.jpa.repository.query.AbstractJpaQuery.doExecute(AbstractJpaQuery.java:152)
	at org.springframework.data.jpa.repository.query.AbstractJpaQuery.execute(AbstractJpaQuery.java:140)
	at org.springframework.data.repository.core.support.RepositoryMethodInvoker.doInvoke(RepositoryMethodInvoker.java:170)
	at org.springframework.data.repository.core.support.RepositoryMethodInvoker.invoke(RepositoryMethodInvoker.java:158)
	at org.springframework.data.repository.core.support.QueryExecutorMethodInterceptor.doInvoke(QueryExecutorMethodInterceptor.java:170)
	at org.springframework.data.repository.core.support.QueryExecutorMethodInterceptor.invoke(QueryExecutorMethodInterceptor.java:149)
	at org.springframework.aop.framework.ReflectiveMethodInvocation.proceed(ReflectiveMethodInvocation.java:184)
	at org.springframework.data.projection.DefaultMethodInvokingMethodInterceptor.invoke(DefaultMethodInvokingMethodInterceptor.java:69)
	at org.springframework.aop.framework.ReflectiveMethodInvocation.proceed(ReflectiveMethodInvocation.java:184)
	at org.springframework.transaction.interceptor.TransactionAspectSupport.invokeWithinTransaction(TransactionAspectSupport.java:380)
	at org.springframework.transaction.interceptor.TransactionInterceptor.invoke(TransactionInterceptor.java:119)
	at org.springframework.aop.framework.ReflectiveMethodInvocation.proceed(ReflectiveMethodInvocation.java:184)
	at org.springframework.dao.support.PersistenceExceptionTranslationInterceptor.invoke(PersistenceExceptionTranslationInterceptor.java:138)
	... 138 common frames omitted
Caused by: org.h2.jdbc.JdbcSQLSyntaxErrorException: Table "USERS" not found (this database is empty); SQL statement:
select u1_0.id from users u1_0 where u1_0.email=? fetch first ? rows only [42104-232]
	at org.h2.message.DbException.getJdbcSQLException(DbException.java:514)
	at org.h2.message.DbException.getJdbcSQLException(DbException.java:489)
	at org.h2.message.DbException.get(DbException.java:223)
	at org.h2.message.DbException.get(DbException.java:199)
	at org.h2.command.Parser.getTableOrViewNotFoundDbException(Parser.java:7932)
	at org.h2.command.Parser.getTableOrViewNotFoundDbException(Parser.java:7916)
	at org.h2.command.Parser.readTableOrView(Parser.java:7895)
	at org.h2.command.Parser.readTablePrimary(Parser.java:1769)
	at org.h2.command.Parser.readTableReference(Parser.java:2249)
	at org.h2.command.Parser.parseSelectFromPart(Parser.java:2702)
	at org.h2.command.Parser.parseSelect(Parser.java:2810)
	at org.h2.command.Parser.parseQueryPrimary(Parser.java:2692)
	at org.h2.command.Parser.parseQueryTerm(Parser.java:2547)
	at org.h2.command.Parser.parseQueryExpressionBody(Parser.java:2526)
	at org.h2.command.Parser.parseQueryExpressionBodyAndEndOfQuery(Parser.java:2519)
	at org.h2.command.Parser.parseQueryExpression(Parser.java:2512)
	at org.h2.command.Parser.parseQuery(Parser.java:2479)
	at org.h2.command.Parser.parsePrepared(Parser.java:610)
	at org.h2.command.Parser.parse(Parser.java:581)
	at org.h2.command.Parser.parse(Parser.java:556)
	at org.h2.command.Parser.prepareCommand(Parser.java:484)
	at org.h2.engine.SessionLocal.prepareLocal(SessionLocal.java:645)
	at org.h2.engine.SessionLocal.prepareCommand(SessionLocal.java:561)
	at org.h2.jdbc.JdbcConnection.prepareCommand(JdbcConnection.java:1164)
	at org.h2.jdbc.JdbcPreparedStatement.<init>(JdbcPreparedStatement.java:93)
	at org.h2.jdbc.JdbcConnection.prepareStatement(JdbcConnection.java:687)
	at com.zaxxer.hikari.pool.ProxyConnection.prepareStatement(ProxyConnection.java:342)
	at com.zaxxer.hikari.pool.HikariProxyConnection.prepareStatement(HikariProxyConnection.java)
	at org.hibernate.engine.jdbc.internal.StatementPreparerImpl$4.doPrepare(StatementPreparerImpl.java:151)
	at org.hibernate.engine.jdbc.internal.StatementPreparerImpl$StatementPreparationTemplate.prepareStatement(StatementPreparerImpl.java:180)
	... 169 common frames omitted
2026-03-30 23:19:39.153 [http-nio-8080-exec-5] INFO  [b36cc196] c.s.m.d.controller.UserController    -
        Registering new user with email: User1@gmail.com
2026-03-30 23:19:39.153 [http-nio-8080-exec-5] INFO  [b36cc196] c.s.m.d.s.basic.BasicUserService     -
        Creating new user: email=User1@gmail.com
2026-03-30 23:19:39.159 [http-nio-8080-exec-5] WARN  [b36cc196] o.h.e.jdbc.spi.SqlExceptionHelper    -
        SQL Error: 42104, SQLState: 42S04
2026-03-30 23:19:39.159 [http-nio-8080-exec-5] ERROR [b36cc196] o.h.e.jdbc.spi.SqlExceptionHelper    -
        Table "USERS" not found (this database is empty); SQL statement:
select u1_0.id from users u1_0 where u1_0.email=? fetch first ? rows only [42104-232]
2026-03-30 23:19:39.161 [http-nio-8080-exec-5] ERROR [b36cc196] c.s.m.d.c.GlobalExceptionHandler     -
        Internal Server Error: 
org.springframework.dao.InvalidDataAccessResourceUsageException: could not prepare statement [Table "USERS" not found (this database is empty); SQL statement:
select u1_0.id from users u1_0 where u1_0.email=? fetch first ? rows only [42104-232]] [select u1_0.id from users u1_0 where u1_0.email=? fetch first ? rows only]; SQL [select u1_0.id from users u1_0 where u1_0.email=? fetch first ? rows only]
	at org.springframework.orm.jpa.vendor.HibernateJpaDialect.convertHibernateAccessException(HibernateJpaDialect.java:277)
	at org.springframework.orm.jpa.vendor.HibernateJpaDialect.translateExceptionIfPossible(HibernateJpaDialect.java:241)
	at org.springframework.orm.jpa.AbstractEntityManagerFactoryBean.translateExceptionIfPossible(AbstractEntityManagerFactoryBean.java:560)
	at org.springframework.dao.support.ChainedPersistenceExceptionTranslator.translateExceptionIfPossible(ChainedPersistenceExceptionTranslator.java:61)
	at org.springframework.dao.support.DataAccessUtils.translateIfNecessary(DataAccessUtils.java:343)
	at org.springframework.dao.support.PersistenceExceptionTranslationInterceptor.invoke(PersistenceExceptionTranslationInterceptor.java:160)
	at org.springframework.aop.framework.ReflectiveMethodInvocation.proceed(ReflectiveMethodInvocation.java:184)
	at org.springframework.data.jpa.repository.support.CrudMethodMetadataPostProcessor$CrudMethodMetadataPopulatingMethodInterceptor.invoke(CrudMethodMetadataPostProcessor.java:136)
	at org.springframework.aop.framework.ReflectiveMethodInvocation.proceed(ReflectiveMethodInvocation.java:184)
	at org.springframework.aop.framework.JdkDynamicAopProxy.invoke(JdkDynamicAopProxy.java:223)
	at jdk.proxy2/jdk.proxy2.$Proxy174.existsByEmail(Unknown Source)
	at com.sprint.mission.discodeit.service.basic.BasicUserService.create(BasicUserService.java:49)
	at java.base/jdk.internal.reflect.NativeMethodAccessorImpl.invoke0(Native Method)
	at java.base/jdk.internal.reflect.NativeMethodAccessorImpl.invoke(NativeMethodAccessorImpl.java:77)
	at java.base/jdk.internal.reflect.DelegatingMethodAccessorImpl.invoke(DelegatingMethodAccessorImpl.java:43)
	at java.base/java.lang.reflect.Method.invoke(Method.java:569)
	at org.springframework.aop.support.AopUtils.invokeJoinpointUsingReflection(AopUtils.java:359)
	at org.springframework.aop.framework.ReflectiveMethodInvocation.invokeJoinpoint(ReflectiveMethodInvocation.java:196)
	at org.springframework.aop.framework.ReflectiveMethodInvocation.proceed(ReflectiveMethodInvocation.java:163)
	at org.springframework.transaction.interceptor.TransactionAspectSupport.invokeWithinTransaction(TransactionAspectSupport.java:380)
	at org.springframework.transaction.interceptor.TransactionInterceptor.invoke(TransactionInterceptor.java:119)
	at org.springframework.aop.framework.ReflectiveMethodInvocation.proceed(ReflectiveMethodInvocation.java:184)
	at org.springframework.aop.framework.CglibAopProxy$DynamicAdvisedInterceptor.intercept(CglibAopProxy.java:727)
	at com.sprint.mission.discodeit.service.basic.BasicUserService$$SpringCGLIB$$0.create(<generated>)
	at com.sprint.mission.discodeit.controller.UserController.register(UserController.java:45)
	at java.base/jdk.internal.reflect.NativeMethodAccessorImpl.invoke0(Native Method)
	at java.base/jdk.internal.reflect.NativeMethodAccessorImpl.invoke(NativeMethodAccessorImpl.java:77)
	at java.base/jdk.internal.reflect.DelegatingMethodAccessorImpl.invoke(DelegatingMethodAccessorImpl.java:43)
	at java.base/java.lang.reflect.Method.invoke(Method.java:569)
	at org.springframework.web.method.support.InvocableHandlerMethod.doInvoke(InvocableHandlerMethod.java:255)
	at org.springframework.web.method.support.InvocableHandlerMethod.invokeForRequest(InvocableHandlerMethod.java:188)
	at org.springframework.web.servlet.mvc.method.annotation.ServletInvocableHandlerMethod.invokeAndHandle(ServletInvocableHandlerMethod.java:118)
	at org.springframework.web.servlet.mvc.method.annotation.RequestMappingHandlerAdapter.invokeHandlerMethod(RequestMappingHandlerAdapter.java:986)
	at org.springframework.web.servlet.mvc.method.annotation.RequestMappingHandlerAdapter.handleInternal(RequestMappingHandlerAdapter.java:891)
	at org.springframework.web.servlet.mvc.method.AbstractHandlerMethodAdapter.handle(AbstractHandlerMethodAdapter.java:87)
	at org.springframework.web.servlet.DispatcherServlet.doDispatch(DispatcherServlet.java:1088)
	at org.springframework.web.servlet.DispatcherServlet.doService(DispatcherServlet.java:978)
	at org.springframework.web.servlet.FrameworkServlet.processRequest(FrameworkServlet.java:1014)
	at org.springframework.web.servlet.FrameworkServlet.doPost(FrameworkServlet.java:914)
	at jakarta.servlet.http.HttpServlet.service(HttpServlet.java:590)
	at org.springframework.web.servlet.FrameworkServlet.service(FrameworkServlet.java:885)
	at jakarta.servlet.http.HttpServlet.service(HttpServlet.java:658)
	at org.apache.catalina.core.ApplicationFilterChain.internalDoFilter(ApplicationFilterChain.java:195)
	at org.apache.catalina.core.ApplicationFilterChain.doFilter(ApplicationFilterChain.java:140)
	at org.apache.tomcat.websocket.server.WsFilter.doFilter(WsFilter.java:51)
	at org.apache.catalina.core.ApplicationFilterChain.internalDoFilter(ApplicationFilterChain.java:164)
	at org.apache.catalina.core.ApplicationFilterChain.doFilter(ApplicationFilterChain.java:140)
	at org.springframework.web.filter.CompositeFilter$VirtualFilterChain.doFilter(CompositeFilter.java:108)
	at org.springframework.security.web.FilterChainProxy.lambda$doFilterInternal$3(FilterChainProxy.java:231)
	at org.springframework.security.web.ObservationFilterChainDecorator$FilterObservation$SimpleFilterObservation.lambda$wrap$1(ObservationFilterChainDecorator.java:479)
	at org.springframework.security.web.ObservationFilterChainDecorator$AroundFilterObservation$SimpleAroundFilterObservation.lambda$wrap$1(ObservationFilterChainDecorator.java:340)
	at org.springframework.security.web.ObservationFilterChainDecorator.lambda$wrapSecured$0(ObservationFilterChainDecorator.java:82)
	at org.springframework.security.web.ObservationFilterChainDecorator$VirtualFilterChain.doFilter(ObservationFilterChainDecorator.java:128)
	at org.springframework.security.web.access.intercept.AuthorizationFilter.doFilter(AuthorizationFilter.java:101)
	at org.springframework.security.web.ObservationFilterChainDecorator$ObservationFilter.wrapFilter(ObservationFilterChainDecorator.java:240)
	at org.springframework.security.web.ObservationFilterChainDecorator$ObservationFilter.doFilter(ObservationFilterChainDecorator.java:227)
	at org.springframework.security.web.ObservationFilterChainDecorator$VirtualFilterChain.doFilter(ObservationFilterChainDecorator.java:137)
	at org.springframework.security.web.access.ExceptionTranslationFilter.doFilter(ExceptionTranslationFilter.java:126)
	at org.springframework.security.web.access.ExceptionTranslationFilter.doFilter(ExceptionTranslationFilter.java:120)
	at org.springframework.security.web.ObservationFilterChainDecorator$ObservationFilter.wrapFilter(ObservationFilterChainDecorator.java:240)
	at org.springframework.security.web.ObservationFilterChainDecorator$ObservationFilter.doFilter(ObservationFilterChainDecorator.java:227)
	at org.springframework.security.web.ObservationFilterChainDecorator$VirtualFilterChain.doFilter(ObservationFilterChainDecorator.java:137)
	at org.springframework.security.web.authentication.AnonymousAuthenticationFilter.doFilter(AnonymousAuthenticationFilter.java:100)
	at org.springframework.security.web.ObservationFilterChainDecorator$ObservationFilter.wrapFilter(ObservationFilterChainDecorator.java:240)
	at org.springframework.security.web.ObservationFilterChainDecorator$ObservationFilter.doFilter(ObservationFilterChainDecorator.java:227)
	at org.springframework.security.web.ObservationFilterChainDecorator$VirtualFilterChain.doFilter(ObservationFilterChainDecorator.java:137)
	at org.springframework.security.web.servletapi.SecurityContextHolderAwareRequestFilter.doFilter(SecurityContextHolderAwareRequestFilter.java:179)
	at org.springframework.security.web.ObservationFilterChainDecorator$ObservationFilter.wrapFilter(ObservationFilterChainDecorator.java:240)
	at org.springframework.security.web.ObservationFilterChainDecorator$ObservationFilter.doFilter(ObservationFilterChainDecorator.java:227)
	at org.springframework.security.web.ObservationFilterChainDecorator$VirtualFilterChain.doFilter(ObservationFilterChainDecorator.java:137)
	at org.springframework.security.web.savedrequest.RequestCacheAwareFilter.doFilter(RequestCacheAwareFilter.java:63)
	at org.springframework.security.web.ObservationFilterChainDecorator$ObservationFilter.wrapFilter(ObservationFilterChainDecorator.java:240)
	at org.springframework.security.web.ObservationFilterChainDecorator$ObservationFilter.doFilter(ObservationFilterChainDecorator.java:227)
	at org.springframework.security.web.ObservationFilterChainDecorator$VirtualFilterChain.doFilter(ObservationFilterChainDecorator.java:137)
	at org.springframework.security.web.authentication.logout.LogoutFilter.doFilter(LogoutFilter.java:107)
	at org.springframework.security.web.authentication.logout.LogoutFilter.doFilter(LogoutFilter.java:93)
	at org.springframework.security.web.ObservationFilterChainDecorator$ObservationFilter.wrapFilter(ObservationFilterChainDecorator.java:240)
	at org.springframework.security.web.ObservationFilterChainDecorator$ObservationFilter.doFilter(ObservationFilterChainDecorator.java:227)
	at org.springframework.security.web.ObservationFilterChainDecorator$VirtualFilterChain.doFilter(ObservationFilterChainDecorator.java:137)
	at org.springframework.security.web.header.HeaderWriterFilter.doHeadersAfter(HeaderWriterFilter.java:90)
	at org.springframework.security.web.header.HeaderWriterFilter.doFilterInternal(HeaderWriterFilter.java:75)
	at org.springframework.web.filter.OncePerRequestFilter.doFilter(OncePerRequestFilter.java:116)
	at org.springframework.security.web.ObservationFilterChainDecorator$ObservationFilter.wrapFilter(ObservationFilterChainDecorator.java:240)
	at org.springframework.security.web.ObservationFilterChainDecorator$ObservationFilter.doFilter(ObservationFilterChainDecorator.java:227)
	at org.springframework.security.web.ObservationFilterChainDecorator$VirtualFilterChain.doFilter(ObservationFilterChainDecorator.java:137)
	at org.springframework.security.web.context.SecurityContextHolderFilter.doFilter(SecurityContextHolderFilter.java:82)
	at org.springframework.security.web.context.SecurityContextHolderFilter.doFilter(SecurityContextHolderFilter.java:69)
	at org.springframework.security.web.ObservationFilterChainDecorator$ObservationFilter.wrapFilter(ObservationFilterChainDecorator.java:240)
	at org.springframework.security.web.ObservationFilterChainDecorator$ObservationFilter.doFilter(ObservationFilterChainDecorator.java:227)
	at org.springframework.security.web.ObservationFilterChainDecorator$VirtualFilterChain.doFilter(ObservationFilterChainDecorator.java:137)
	at org.springframework.security.web.context.request.async.WebAsyncManagerIntegrationFilter.doFilterInternal(WebAsyncManagerIntegrationFilter.java:62)
	at org.springframework.web.filter.OncePerRequestFilter.doFilter(OncePerRequestFilter.java:116)
	at org.springframework.security.web.ObservationFilterChainDecorator$ObservationFilter.wrapFilter(ObservationFilterChainDecorator.java:240)
	at org.springframework.security.web.ObservationFilterChainDecorator$ObservationFilter.doFilter(ObservationFilterChainDecorator.java:227)
	at org.springframework.security.web.ObservationFilterChainDecorator$VirtualFilterChain.doFilter(ObservationFilterChainDecorator.java:137)
	at org.springframework.security.web.session.DisableEncodeUrlFilter.doFilterInternal(DisableEncodeUrlFilter.java:42)
	at org.springframework.web.filter.OncePerRequestFilter.doFilter(OncePerRequestFilter.java:116)
	at org.springframework.security.web.ObservationFilterChainDecorator$ObservationFilter.wrapFilter(ObservationFilterChainDecorator.java:240)
	at org.springframework.security.web.ObservationFilterChainDecorator$AroundFilterObservation$SimpleAroundFilterObservation.lambda$wrap$0(ObservationFilterChainDecorator.java:323)
	at org.springframework.security.web.ObservationFilterChainDecorator$ObservationFilter.doFilter(ObservationFilterChainDecorator.java:224)
	at org.springframework.security.web.ObservationFilterChainDecorator$VirtualFilterChain.doFilter(ObservationFilterChainDecorator.java:137)
	at org.springframework.security.web.FilterChainProxy.doFilterInternal(FilterChainProxy.java:233)
	at org.springframework.security.web.FilterChainProxy.doFilter(FilterChainProxy.java:191)
	at org.springframework.web.filter.CompositeFilter$VirtualFilterChain.doFilter(CompositeFilter.java:113)
	at org.springframework.web.servlet.handler.HandlerMappingIntrospector.lambda$createCacheFilter$3(HandlerMappingIntrospector.java:243)
	at org.springframework.web.filter.CompositeFilter$VirtualFilterChain.doFilter(CompositeFilter.java:113)
	at org.springframework.web.filter.CompositeFilter.doFilter(CompositeFilter.java:74)
	at org.springframework.security.config.annotation.web.configuration.WebMvcSecurityConfiguration$CompositeFilterChainProxy.doFilter(WebMvcSecurityConfiguration.java:238)
	at org.springframework.web.filter.DelegatingFilterProxy.invokeDelegate(DelegatingFilterProxy.java:362)
	at org.springframework.web.filter.DelegatingFilterProxy.doFilter(DelegatingFilterProxy.java:278)
	at org.apache.catalina.core.ApplicationFilterChain.internalDoFilter(ApplicationFilterChain.java:164)
	at org.apache.catalina.core.ApplicationFilterChain.doFilter(ApplicationFilterChain.java:140)
	at org.springframework.web.filter.RequestContextFilter.doFilterInternal(RequestContextFilter.java:100)
	at org.springframework.web.filter.OncePerRequestFilter.doFilter(OncePerRequestFilter.java:116)
	at org.apache.catalina.core.ApplicationFilterChain.internalDoFilter(ApplicationFilterChain.java:164)
	at org.apache.catalina.core.ApplicationFilterChain.doFilter(ApplicationFilterChain.java:140)
	at org.springframework.web.filter.FormContentFilter.doFilterInternal(FormContentFilter.java:93)
	at org.springframework.web.filter.OncePerRequestFilter.doFilter(OncePerRequestFilter.java:116)
	at org.apache.catalina.core.ApplicationFilterChain.internalDoFilter(ApplicationFilterChain.java:164)
	at org.apache.catalina.core.ApplicationFilterChain.doFilter(ApplicationFilterChain.java:140)
	at org.springframework.web.filter.ServerHttpObservationFilter.doFilterInternal(ServerHttpObservationFilter.java:114)
	at org.springframework.web.filter.OncePerRequestFilter.doFilter(OncePerRequestFilter.java:116)
	at org.apache.catalina.core.ApplicationFilterChain.internalDoFilter(ApplicationFilterChain.java:164)
	at org.apache.catalina.core.ApplicationFilterChain.doFilter(ApplicationFilterChain.java:140)
	at org.springframework.web.filter.CharacterEncodingFilter.doFilterInternal(CharacterEncodingFilter.java:201)
	at org.springframework.web.filter.OncePerRequestFilter.doFilter(OncePerRequestFilter.java:116)
	at org.apache.catalina.core.ApplicationFilterChain.internalDoFilter(ApplicationFilterChain.java:164)
	at org.apache.catalina.core.ApplicationFilterChain.doFilter(ApplicationFilterChain.java:140)
	at org.apache.catalina.core.StandardWrapperValve.invoke(StandardWrapperValve.java:167)
	at org.apache.catalina.core.StandardContextValve.invoke(StandardContextValve.java:90)
	at org.apache.catalina.authenticator.AuthenticatorBase.invoke(AuthenticatorBase.java:483)
	at org.apache.catalina.core.StandardHostValve.invoke(StandardHostValve.java:115)
	at org.apache.catalina.valves.ErrorReportValve.invoke(ErrorReportValve.java:93)
	at org.apache.catalina.core.StandardEngineValve.invoke(StandardEngineValve.java:74)
	at org.apache.catalina.connector.CoyoteAdapter.service(CoyoteAdapter.java:344)
	at org.apache.coyote.http11.Http11Processor.service(Http11Processor.java:397)
	at org.apache.coyote.AbstractProcessorLight.process(AbstractProcessorLight.java:63)
	at org.apache.coyote.AbstractProtocol$ConnectionHandler.process(AbstractProtocol.java:905)
	at org.apache.tomcat.util.net.NioEndpoint$SocketProcessor.doRun(NioEndpoint.java:1741)
	at org.apache.tomcat.util.net.SocketProcessorBase.run(SocketProcessorBase.java:52)
	at org.apache.tomcat.util.threads.ThreadPoolExecutor.runWorker(ThreadPoolExecutor.java:1190)
	at org.apache.tomcat.util.threads.ThreadPoolExecutor$Worker.run(ThreadPoolExecutor.java:659)
	at org.apache.tomcat.util.threads.TaskThread$WrappingRunnable.run(TaskThread.java:63)
	at java.base/java.lang.Thread.run(Thread.java:840)
Caused by: org.hibernate.exception.SQLGrammarException: could not prepare statement [Table "USERS" not found (this database is empty); SQL statement:
select u1_0.id from users u1_0 where u1_0.email=? fetch first ? rows only [42104-232]] [select u1_0.id from users u1_0 where u1_0.email=? fetch first ? rows only]
	at org.hibernate.exception.internal.SQLExceptionTypeDelegate.convert(SQLExceptionTypeDelegate.java:66)
	at org.hibernate.exception.internal.StandardSQLExceptionConverter.convert(StandardSQLExceptionConverter.java:58)
	at org.hibernate.engine.jdbc.spi.SqlExceptionHelper.convert(SqlExceptionHelper.java:108)
	at org.hibernate.engine.jdbc.internal.StatementPreparerImpl$StatementPreparationTemplate.prepareStatement(StatementPreparerImpl.java:191)
	at org.hibernate.engine.jdbc.internal.StatementPreparerImpl.prepareQueryStatement(StatementPreparerImpl.java:153)
	at org.hibernate.sql.exec.internal.StandardStatementCreator.createStatement(StandardStatementCreator.java:49)
	at org.hibernate.sql.results.jdbc.internal.DeferredResultSetAccess.executeQuery(DeferredResultSetAccess.java:235)
	at org.hibernate.sql.results.jdbc.internal.DeferredResultSetAccess.getResultSet(DeferredResultSetAccess.java:171)
	at org.hibernate.sql.results.jdbc.internal.JdbcValuesResultSetImpl.<init>(JdbcValuesResultSetImpl.java:74)
	at org.hibernate.sql.exec.internal.JdbcSelectExecutorStandardImpl.resolveJdbcValuesSource(JdbcSelectExecutorStandardImpl.java:355)
	at org.hibernate.sql.exec.internal.JdbcSelectExecutorStandardImpl.doExecuteQuery(JdbcSelectExecutorStandardImpl.java:137)
	at org.hibernate.sql.exec.internal.JdbcSelectExecutorStandardImpl.executeQuery(JdbcSelectExecutorStandardImpl.java:102)
	at org.hibernate.sql.exec.spi.JdbcSelectExecutor.executeQuery(JdbcSelectExecutor.java:91)
	at org.hibernate.sql.exec.spi.JdbcSelectExecutor.list(JdbcSelectExecutor.java:165)
	at org.hibernate.query.sqm.internal.ConcreteSqmSelectQueryPlan.lambda$new$1(ConcreteSqmSelectQueryPlan.java:152)
	at org.hibernate.query.sqm.internal.ConcreteSqmSelectQueryPlan.withCacheableSqmInterpretation(ConcreteSqmSelectQueryPlan.java:442)
	at org.hibernate.query.sqm.internal.ConcreteSqmSelectQueryPlan.performList(ConcreteSqmSelectQueryPlan.java:362)
	at org.hibernate.query.sqm.internal.QuerySqmImpl.doList(QuerySqmImpl.java:380)
	at org.hibernate.query.spi.AbstractSelectionQuery.list(AbstractSelectionQuery.java:143)
	at org.hibernate.query.Query.getResultList(Query.java:120)
	at org.springframework.data.jpa.repository.query.JpaQueryExecution$ExistsExecution.doExecute(JpaQueryExecution.java:316)
	at org.springframework.data.jpa.repository.query.JpaQueryExecution.execute(JpaQueryExecution.java:93)
	at org.springframework.data.jpa.repository.query.AbstractJpaQuery.doExecute(AbstractJpaQuery.java:152)
	at org.springframework.data.jpa.repository.query.AbstractJpaQuery.execute(AbstractJpaQuery.java:140)
	at org.springframework.data.repository.core.support.RepositoryMethodInvoker.doInvoke(RepositoryMethodInvoker.java:170)
	at org.springframework.data.repository.core.support.RepositoryMethodInvoker.invoke(RepositoryMethodInvoker.java:158)
	at org.springframework.data.repository.core.support.QueryExecutorMethodInterceptor.doInvoke(QueryExecutorMethodInterceptor.java:170)
	at org.springframework.data.repository.core.support.QueryExecutorMethodInterceptor.invoke(QueryExecutorMethodInterceptor.java:149)
	at org.springframework.aop.framework.ReflectiveMethodInvocation.proceed(ReflectiveMethodInvocation.java:184)
	at org.springframework.data.projection.DefaultMethodInvokingMethodInterceptor.invoke(DefaultMethodInvokingMethodInterceptor.java:69)
	at org.springframework.aop.framework.ReflectiveMethodInvocation.proceed(ReflectiveMethodInvocation.java:184)
	at org.springframework.transaction.interceptor.TransactionAspectSupport.invokeWithinTransaction(TransactionAspectSupport.java:380)
	at org.springframework.transaction.interceptor.TransactionInterceptor.invoke(TransactionInterceptor.java:119)
	at org.springframework.aop.framework.ReflectiveMethodInvocation.proceed(ReflectiveMethodInvocation.java:184)
	at org.springframework.dao.support.PersistenceExceptionTranslationInterceptor.invoke(PersistenceExceptionTranslationInterceptor.java:138)
	... 138 common frames omitted
Caused by: org.h2.jdbc.JdbcSQLSyntaxErrorException: Table "USERS" not found (this database is empty); SQL statement:
select u1_0.id from users u1_0 where u1_0.email=? fetch first ? rows only [42104-232]
	at org.h2.message.DbException.getJdbcSQLException(DbException.java:514)
	at org.h2.message.DbException.getJdbcSQLException(DbException.java:489)
	at org.h2.message.DbException.get(DbException.java:223)
	at org.h2.message.DbException.get(DbException.java:199)
	at org.h2.command.Parser.getTableOrViewNotFoundDbException(Parser.java:7932)
	at org.h2.command.Parser.getTableOrViewNotFoundDbException(Parser.java:7916)
	at org.h2.command.Parser.readTableOrView(Parser.java:7895)
	at org.h2.command.Parser.readTablePrimary(Parser.java:1769)
	at org.h2.command.Parser.readTableReference(Parser.java:2249)
	at org.h2.command.Parser.parseSelectFromPart(Parser.java:2702)
	at org.h2.command.Parser.parseSelect(Parser.java:2810)
	at org.h2.command.Parser.parseQueryPrimary(Parser.java:2692)
	at org.h2.command.Parser.parseQueryTerm(Parser.java:2547)
	at org.h2.command.Parser.parseQueryExpressionBody(Parser.java:2526)
	at org.h2.command.Parser.parseQueryExpressionBodyAndEndOfQuery(Parser.java:2519)
	at org.h2.command.Parser.parseQueryExpression(Parser.java:2512)
	at org.h2.command.Parser.parseQuery(Parser.java:2479)
	at org.h2.command.Parser.parsePrepared(Parser.java:610)
	at org.h2.command.Parser.parse(Parser.java:581)
	at org.h2.command.Parser.parse(Parser.java:556)
	at org.h2.command.Parser.prepareCommand(Parser.java:484)
	at org.h2.engine.SessionLocal.prepareLocal(SessionLocal.java:645)
	at org.h2.engine.SessionLocal.prepareCommand(SessionLocal.java:561)
	at org.h2.jdbc.JdbcConnection.prepareCommand(JdbcConnection.java:1164)
	at org.h2.jdbc.JdbcPreparedStatement.<init>(JdbcPreparedStatement.java:93)
	at org.h2.jdbc.JdbcConnection.prepareStatement(JdbcConnection.java:687)
	at com.zaxxer.hikari.pool.ProxyConnection.prepareStatement(ProxyConnection.java:342)
	at com.zaxxer.hikari.pool.HikariProxyConnection.prepareStatement(HikariProxyConnection.java)
	at org.hibernate.engine.jdbc.internal.StatementPreparerImpl$4.doPrepare(StatementPreparerImpl.java:151)
	at org.hibernate.engine.jdbc.internal.StatementPreparerImpl$StatementPreparationTemplate.prepareStatement(StatementPreparerImpl.java:180)
	... 169 common frames omitted
