26-04-09 16:09:15.435 [background-preinit] INFO  o.h.validator.internal.util.Version - HV000001: Hibernate Validator 8.0.3.Final
26-04-09 16:09:15.519 [Test worker] INFO  c.s.m.d.DiscodeitApplicationTests - Starting DiscodeitApplicationTests using Java 17.0.17 with PID 17004 (started by dev in C:\Users\dev\IdeaProjects\Tim\9-sprint-mission\discodeit)
26-04-09 16:09:15.521 [Test worker] INFO  c.s.m.d.DiscodeitApplicationTests - The following 1 profile is active: "dev"
26-04-09 16:09:17.352 [Test worker] INFO  o.s.d.r.c.RepositoryConfigurationDelegate - Bootstrapping Spring Data JPA repositories in DEFAULT mode.
26-04-09 16:09:17.469 [Test worker] INFO  o.s.d.r.c.RepositoryConfigurationDelegate - Finished Spring Data repository scanning in 100 ms. Found 6 JPA repository interfaces.
26-04-09 16:09:18.249 [Test worker] INFO  com.zaxxer.hikari.HikariDataSource - HikariPool-1 - Starting...
26-04-09 16:09:18.640 [Test worker] INFO  com.zaxxer.hikari.pool.HikariPool - HikariPool-1 - Added connection org.postgresql.jdbc.PgConnection@49b9ba6a
26-04-09 16:09:18.643 [Test worker] INFO  com.zaxxer.hikari.HikariDataSource - HikariPool-1 - Start completed.
26-04-09 16:09:18.817 [Test worker] INFO  o.h.jpa.internal.util.LogHelper - HHH000204: Processing PersistenceUnitInfo [name: default]
26-04-09 16:09:18.942 [Test worker] INFO  org.hibernate.Version - HHH000412: Hibernate ORM core version 6.6.41.Final
26-04-09 16:09:19.008 [Test worker] INFO  o.h.c.i.RegionFactoryInitiator - HHH000026: Second-level cache disabled
26-04-09 16:09:19.564 [Test worker] INFO  o.s.o.j.p.SpringPersistenceUnitInfo - No LoadTimeWeaver setup: ignoring JPA class transformer
26-04-09 16:09:19.692 [Test worker] WARN  org.hibernate.orm.deprecation - HHH90000025: PostgreSQLDialect does not need to be specified explicitly using 'hibernate.dialect' (remove the property setting and it will be selected by default)
26-04-09 16:09:19.719 [Test worker] INFO  o.hibernate.orm.connections.pooling - HHH10001005: Database info:
	Database JDBC URL [Connecting through datasource 'HikariDataSource (HikariPool-1)']
	Database driver: undefined/unknown
	Database version: 17.8
	Autocommit mode: undefined/unknown
	Isolation level: undefined/unknown
	Minimum pool size: undefined/unknown
	Maximum pool size: undefined/unknown
26-04-09 16:09:21.448 [Test worker] INFO  o.h.e.t.j.p.i.JtaPlatformInitiator - HHH000489: No JTA platform available (set 'hibernate.transaction.jta.platform' to enable JTA platform integration)
26-04-09 16:09:21.746 [Test worker] INFO  o.s.o.j.LocalContainerEntityManagerFactoryBean - Initialized JPA EntityManagerFactory for persistence unit 'default'
26-04-09 16:09:22.328 [Test worker] INFO  o.s.d.j.r.query.QueryEnhancerFactory - Hibernate is in classpath; If applicable, HQL parser will be used.
26-04-09 16:09:23.636 [Test worker] WARN  o.s.b.a.o.j.JpaBaseConfiguration$JpaWebConfiguration - spring.jpa.open-in-view is enabled by default. Therefore, database queries may be performed during view rendering. Explicitly configure spring.jpa.open-in-view to disable this warning
26-04-09 16:09:23.677 [Test worker] INFO  o.s.b.a.w.s.WelcomePageHandlerMapping - Adding welcome page: class path resource [static/index.html]
26-04-09 16:09:24.883 [Test worker] INFO  o.s.b.a.e.web.EndpointLinksResolver - Exposing 4 endpoints beneath base path '/actuator'
26-04-09 16:09:25.000 [Test worker] INFO  c.s.m.d.DiscodeitApplicationTests - Started DiscodeitApplicationTests in 10.205 seconds (process running for 12.307)
26-04-09 16:09:25.560 [Test worker] INFO  o.s.t.c.s.AnnotationConfigContextLoaderUtils - Could not detect default configuration classes for test class [com.sprint.mission.discodeit.controller.ChannelControllerTest]: ChannelControllerTest does not declare any static, non-private, non-final, nested classes annotated with @Configuration.
26-04-09 16:09:25.614 [Test worker] INFO  o.s.b.t.c.SpringBootTestContextBootstrapper - Found @SpringBootConfiguration com.sprint.mission.discodeit.DiscodeitApplication for test class com.sprint.mission.discodeit.controller.ChannelControllerTest
26-04-09 16:09:25.681 [Test worker] INFO  c.s.m.d.c.ChannelControllerTest - Starting ChannelControllerTest using Java 17.0.17 with PID 17004 (started by dev in C:\Users\dev\IdeaProjects\Tim\9-sprint-mission\discodeit)
26-04-09 16:09:25.682 [Test worker] INFO  c.s.m.d.c.ChannelControllerTest - The following 1 profile is active: "dev"
26-04-09 16:09:26.246 [Test worker] INFO  o.s.b.a.w.s.WelcomePageHandlerMapping - Adding welcome page: class path resource [static/index.html]
26-04-09 16:09:26.429 [Test worker] INFO  o.s.b.t.m.w.SpringBootMockServletContext - Initializing Spring TestDispatcherServlet ''
26-04-09 16:09:26.430 [Test worker] INFO  o.s.t.w.s.TestDispatcherServlet - Initializing Servlet ''
26-04-09 16:09:26.435 [Test worker] INFO  o.s.t.w.s.TestDispatcherServlet - Completed initialization in 1 ms
26-04-09 16:09:26.462 [Test worker] INFO  c.s.m.d.c.ChannelControllerTest - Started ChannelControllerTest in 0.841 seconds (process running for 13.769)
26-04-09 16:09:26.960 [Test worker] INFO  c.s.m.d.controller.ChannelController - 공개 채널 생성 요청 들어옴! 채널명: 공개방
26-04-09 16:09:27.101 [Test worker] INFO  o.s.t.c.s.AnnotationConfigContextLoaderUtils - Could not detect default configuration classes for test class [com.sprint.mission.discodeit.controller.MessageControllerTest]: MessageControllerTest does not declare any static, non-private, non-final, nested classes annotated with @Configuration.
26-04-09 16:09:27.132 [Test worker] INFO  o.s.b.t.c.SpringBootTestContextBootstrapper - Found @SpringBootConfiguration com.sprint.mission.discodeit.DiscodeitApplication for test class com.sprint.mission.discodeit.controller.MessageControllerTest
26-04-09 16:09:27.217 [Test worker] INFO  c.s.m.d.c.MessageControllerTest - Starting MessageControllerTest using Java 17.0.17 with PID 17004 (started by dev in C:\Users\dev\IdeaProjects\Tim\9-sprint-mission\discodeit)
26-04-09 16:09:27.217 [Test worker] INFO  c.s.m.d.c.MessageControllerTest - The following 1 profile is active: "dev"
26-04-09 16:09:27.687 [Test worker] INFO  o.s.b.a.w.s.WelcomePageHandlerMapping - Adding welcome page: class path resource [static/index.html]
26-04-09 16:09:27.809 [Test worker] INFO  o.s.b.t.m.w.SpringBootMockServletContext - Initializing Spring TestDispatcherServlet ''
26-04-09 16:09:27.809 [Test worker] INFO  o.s.t.w.s.TestDispatcherServlet - Initializing Servlet ''
26-04-09 16:09:27.810 [Test worker] INFO  o.s.t.w.s.TestDispatcherServlet - Completed initialization in 1 ms
26-04-09 16:09:27.827 [Test worker] INFO  c.s.m.d.c.MessageControllerTest - Started MessageControllerTest in 0.688 seconds (process running for 15.135)
26-04-09 16:09:27.903 [Test worker] INFO  c.s.m.d.controller.MessageController - 메시지 생성 요청 들어옴! 채널 ID: 5ce3ab55-d8fe-474d-8cc9-55a9f8b6d9c2, 작성자 ID: edffff5d-f949-4c95-a3f2-a2167c74efaa
26-04-09 16:09:27.922 [Test worker] INFO  o.s.t.c.s.AnnotationConfigContextLoaderUtils - Could not detect default configuration classes for test class [com.sprint.mission.discodeit.controller.UserControllerTest]: UserControllerTest does not declare any static, non-private, non-final, nested classes annotated with @Configuration.
26-04-09 16:09:27.946 [Test worker] INFO  o.s.b.t.c.SpringBootTestContextBootstrapper - Found @SpringBootConfiguration com.sprint.mission.discodeit.DiscodeitApplication for test class com.sprint.mission.discodeit.controller.UserControllerTest
26-04-09 16:09:28.007 [Test worker] INFO  c.s.m.d.c.UserControllerTest - Starting UserControllerTest using Java 17.0.17 with PID 17004 (started by dev in C:\Users\dev\IdeaProjects\Tim\9-sprint-mission\discodeit)
26-04-09 16:09:28.007 [Test worker] INFO  c.s.m.d.c.UserControllerTest - The following 1 profile is active: "dev"
26-04-09 16:09:28.429 [Test worker] INFO  o.s.b.a.w.s.WelcomePageHandlerMapping - Adding welcome page: class path resource [static/index.html]
26-04-09 16:09:28.563 [Test worker] INFO  o.s.b.t.m.w.SpringBootMockServletContext - Initializing Spring TestDispatcherServlet ''
26-04-09 16:09:28.564 [Test worker] INFO  o.s.t.w.s.TestDispatcherServlet - Initializing Servlet ''
26-04-09 16:09:28.566 [Test worker] INFO  o.s.t.w.s.TestDispatcherServlet - Completed initialization in 0 ms
26-04-09 16:09:28.583 [Test worker] INFO  c.s.m.d.c.UserControllerTest - Started UserControllerTest in 0.629 seconds (process running for 15.891)
26-04-09 16:09:28.671 [Test worker] INFO  c.s.m.d.controller.UserController - 새로운 유저 가입 요청 들어옴!! 이름: tester, 이메일: test@test.com
26-04-09 16:09:28.697 [Test worker] INFO  o.s.t.c.s.AnnotationConfigContextLoaderUtils - Could not detect default configuration classes for test class [com.sprint.mission.discodeit.integration.ChannelIntegrationTest]: ChannelIntegrationTest does not declare any static, non-private, non-final, nested classes annotated with @Configuration.
26-04-09 16:09:28.717 [Test worker] INFO  o.s.b.t.c.SpringBootTestContextBootstrapper - Found @SpringBootConfiguration com.sprint.mission.discodeit.DiscodeitApplication for test class com.sprint.mission.discodeit.integration.ChannelIntegrationTest
26-04-09 16:09:28.782 [Test worker] INFO  c.s.m.d.i.ChannelIntegrationTest - Starting ChannelIntegrationTest using Java 17.0.17 with PID 17004 (started by dev in C:\Users\dev\IdeaProjects\Tim\9-sprint-mission\discodeit)
26-04-09 16:09:28.782 [Test worker] INFO  c.s.m.d.i.ChannelIntegrationTest - The following 1 profile is active: "test"
26-04-09 16:09:29.740 [Test worker] INFO  o.s.d.r.c.RepositoryConfigurationDelegate - Bootstrapping Spring Data JPA repositories in DEFAULT mode.
26-04-09 16:09:29.803 [Test worker] INFO  o.s.d.r.c.RepositoryConfigurationDelegate - Finished Spring Data repository scanning in 58 ms. Found 6 JPA repository interfaces.
26-04-09 16:09:30.061 [Test worker] INFO  com.zaxxer.hikari.HikariDataSource - HikariPool-2 - Starting...
26-04-09 16:09:30.430 [Test worker] INFO  com.zaxxer.hikari.pool.HikariPool - HikariPool-2 - Added connection conn0: url=jdbc:h2:mem:testdb user=SA
26-04-09 16:09:30.432 [Test worker] INFO  com.zaxxer.hikari.HikariDataSource - HikariPool-2 - Start completed.
26-04-09 16:09:30.521 [Test worker] INFO  o.h.jpa.internal.util.LogHelper - HHH000204: Processing PersistenceUnitInfo [name: default]
26-04-09 16:09:30.532 [Test worker] INFO  o.h.c.i.RegionFactoryInitiator - HHH000026: Second-level cache disabled
26-04-09 16:09:30.559 [Test worker] INFO  o.s.o.j.p.SpringPersistenceUnitInfo - No LoadTimeWeaver setup: ignoring JPA class transformer
26-04-09 16:09:30.565 [Test worker] WARN  org.hibernate.orm.deprecation - HHH90000025: H2Dialect does not need to be specified explicitly using 'hibernate.dialect' (remove the property setting and it will be selected by default)
26-04-09 16:09:30.577 [Test worker] INFO  o.hibernate.orm.connections.pooling - HHH10001005: Database info:
	Database JDBC URL [Connecting through datasource 'HikariDataSource (HikariPool-2)']
	Database driver: undefined/unknown
	Database version: 2.3.232
	Autocommit mode: undefined/unknown
	Isolation level: undefined/unknown
	Minimum pool size: undefined/unknown
	Maximum pool size: undefined/unknown
26-04-09 16:09:30.773 [Test worker] INFO  o.h.e.t.j.p.i.JtaPlatformInitiator - HHH000489: No JTA platform available (set 'hibernate.transaction.jta.platform' to enable JTA platform integration)
26-04-09 16:09:30.778 [Test worker] DEBUG org.hibernate.SQL - 
    drop table if exists binary_contents cascade 
26-04-09 16:09:30.782 [Test worker] DEBUG org.hibernate.SQL - 
    drop table if exists channel_participants cascade 
26-04-09 16:09:30.783 [Test worker] DEBUG org.hibernate.SQL - 
    drop table if exists channels cascade 
26-04-09 16:09:30.784 [Test worker] DEBUG org.hibernate.SQL - 
    drop table if exists messages cascade 
26-04-09 16:09:30.786 [Test worker] DEBUG org.hibernate.SQL - 
    drop table if exists read_statuses cascade 
26-04-09 16:09:30.786 [Test worker] DEBUG org.hibernate.SQL - 
    drop table if exists user_statuses cascade 
26-04-09 16:09:30.787 [Test worker] DEBUG org.hibernate.SQL - 
    drop table if exists users cascade 
26-04-09 16:09:30.794 [Test worker] DEBUG org.hibernate.SQL - 
    create table binary_contents (
        created_at timestamp with time zone not null,
        size bigint,
        id uuid not null,
        message_id uuid,
        content_type varchar(255),
        file_name varchar(255),
        primary key (id)
    )
26-04-09 16:09:30.796 [Test worker] DEBUG org.hibernate.SQL - 
    create table channel_participants (
        channel_id uuid not null,
        user_id uuid not null
    )
26-04-09 16:09:30.797 [Test worker] DEBUG org.hibernate.SQL - 
    create table channels (
        created_at timestamp with time zone not null,
        last_message_at timestamp(6) with time zone,
        updated_at timestamp with time zone,
        id uuid not null,
        name varchar(100) not null,
        description varchar(500),
        type enum ('PRIVATE','PUBLIC') not null,
        primary key (id)
    )
26-04-09 16:09:30.800 [Test worker] DEBUG org.hibernate.SQL - 
    create table messages (
        created_at timestamp with time zone not null,
        updated_at timestamp with time zone,
        author_id uuid not null,
        channel_id uuid not null,
        id uuid not null,
        content TEXT not null,
        primary key (id)
    )
26-04-09 16:09:30.803 [Test worker] DEBUG org.hibernate.SQL - 
    create table read_statuses (
        created_at timestamp with time zone not null,
        last_read_at timestamp(6) with time zone,
        updated_at timestamp with time zone,
        channel_id uuid,
        id uuid not null,
        user_id uuid,
        primary key (id)
    )
26-04-09 16:09:30.806 [Test worker] DEBUG org.hibernate.SQL - 
    create table user_statuses (
        created_at timestamp(6) with time zone,
        last_active_at timestamp(6) with time zone,
        updated_at timestamp(6) with time zone,
        id uuid not null,
        user_id uuid unique,
        primary key (id)
    )
26-04-09 16:09:30.810 [Test worker] DEBUG org.hibernate.SQL - 
    create table users (
        created_at timestamp with time zone not null,
        updated_at timestamp with time zone,
        id uuid not null,
        profile_id uuid unique,
        username varchar(50) not null unique,
        password varchar(60) not null,
        email varchar(100) not null unique,
        primary key (id)
    )
26-04-09 16:09:30.814 [Test worker] DEBUG org.hibernate.SQL - 
    alter table if exists binary_contents 
       add constraint FKaffo4mpem38t2jgoewjgbri2y 
       foreign key (message_id) 
       references messages
26-04-09 16:09:30.839 [Test worker] DEBUG org.hibernate.SQL - 
    alter table if exists channel_participants 
       add constraint FKljc2c43m89q7xiia8vr5in7nt 
       foreign key (user_id) 
       references users
26-04-09 16:09:30.842 [Test worker] DEBUG org.hibernate.SQL - 
    alter table if exists channel_participants 
       add constraint FKsj8j1v58oh34x4kjttfjorvk1 
       foreign key (channel_id) 
       references channels
26-04-09 16:09:30.844 [Test worker] DEBUG org.hibernate.SQL - 
    alter table if exists messages 
       add constraint FKowtlim26svclkatusptbgi7u1 
       foreign key (author_id) 
       references users
26-04-09 16:09:30.847 [Test worker] DEBUG org.hibernate.SQL - 
    alter table if exists messages 
       add constraint FK3u3ckbhwq9se1cmopk2pq05b2 
       foreign key (channel_id) 
       references channels
26-04-09 16:09:30.849 [Test worker] DEBUG org.hibernate.SQL - 
    alter table if exists read_statuses 
       add constraint FKa38ri44ml4gfdpklx4ahqr8gd 
       foreign key (channel_id) 
       references channels
26-04-09 16:09:30.851 [Test worker] DEBUG org.hibernate.SQL - 
    alter table if exists read_statuses 
       add constraint FKml3k4wr9sj5yxrmj6d0aoib2e 
       foreign key (user_id) 
       references users
26-04-09 16:09:30.853 [Test worker] DEBUG org.hibernate.SQL - 
    alter table if exists user_statuses 
       add constraint FK4lfl3ei2ubchgcxrrpo3pw4mm 
       foreign key (user_id) 
       references users
26-04-09 16:09:30.856 [Test worker] DEBUG org.hibernate.SQL - 
    alter table if exists users 
       add constraint FKtbudycgrip49xdptogmhfqnso 
       foreign key (profile_id) 
       references binary_contents
26-04-09 16:09:30.867 [Test worker] INFO  o.s.o.j.LocalContainerEntityManagerFactoryBean - Initialized JPA EntityManagerFactory for persistence unit 'default'
26-04-09 16:09:31.169 [Test worker] WARN  o.s.b.a.o.j.JpaBaseConfiguration$JpaWebConfiguration - spring.jpa.open-in-view is enabled by default. Therefore, database queries may be performed during view rendering. Explicitly configure spring.jpa.open-in-view to disable this warning
26-04-09 16:09:31.190 [Test worker] INFO  o.s.b.a.w.s.WelcomePageHandlerMapping - Adding welcome page: class path resource [static/index.html]
26-04-09 16:09:31.683 [Test worker] INFO  o.s.b.t.m.w.SpringBootMockServletContext - Initializing Spring TestDispatcherServlet ''
26-04-09 16:09:31.683 [Test worker] INFO  o.s.t.w.s.TestDispatcherServlet - Initializing Servlet ''
26-04-09 16:09:31.689 [Test worker] INFO  o.s.b.a.e.web.EndpointLinksResolver - Exposing 4 endpoints beneath base path '/actuator'
26-04-09 16:09:31.704 [Test worker] INFO  o.s.t.w.s.TestDispatcherServlet - Completed initialization in 21 ms
26-04-09 16:09:31.753 [Test worker] INFO  c.s.m.d.i.ChannelIntegrationTest - Started ChannelIntegrationTest in 3.029 seconds (process running for 19.061)
26-04-09 16:09:31.814 [Test worker] INFO  c.s.m.d.controller.ChannelController - 공개 채널 생성 요청 들어옴! 채널명: 통합채널
26-04-09 16:09:31.814 [Test worker] INFO  c.s.m.d.s.basic.BasicChannelService - 공개 채널 생성 로직 시작 - 채널명: 통합채널
26-04-09 16:09:31.815 [Test worker] INFO  c.s.m.d.s.basic.BasicChannelService - 공개 채널 생성 및 DB 저장 완료!
26-04-09 16:09:32.062 [Test worker] DEBUG org.hibernate.SQL - 
    insert 
    into
        channels
        (created_at, description, last_message_at, name, type, updated_at, id) 
    values
        (?, ?, ?, ?, ?, ?, ?)
26-04-09 16:09:32.069 [Test worker] TRACE org.hibernate.orm.jdbc.bind - binding parameter (1:TIMESTAMP_UTC) <- [2026-04-09T07:09:31.869425100Z]
26-04-09 16:09:32.078 [Test worker] TRACE org.hibernate.orm.jdbc.bind - binding parameter (2:VARCHAR) <- [설명]
26-04-09 16:09:32.078 [Test worker] TRACE org.hibernate.orm.jdbc.bind - binding parameter (3:TIMESTAMP_UTC) <- [2026-04-09T07:09:31.815815400Z]
26-04-09 16:09:32.078 [Test worker] TRACE org.hibernate.orm.jdbc.bind - binding parameter (4:VARCHAR) <- [통합채널]
26-04-09 16:09:32.079 [Test worker] TRACE org.hibernate.orm.jdbc.bind - binding parameter (5:ENUM) <- [PUBLIC]
26-04-09 16:09:32.079 [Test worker] TRACE org.hibernate.orm.jdbc.bind - binding parameter (6:TIMESTAMP_UTC) <- [2026-04-09T07:09:31.869425100Z]
26-04-09 16:09:32.079 [Test worker] TRACE org.hibernate.orm.jdbc.bind - binding parameter (7:UUID) <- [8ef21803-80ca-4fae-9ce1-44f82e9f8eb5]
26-04-09 16:09:32.128 [Test worker] DEBUG org.hibernate.SQL - 
    select
        c1_0.id,
        c1_0.created_at,
        c1_0.description,
        c1_0.last_message_at,
        c1_0.name,
        c1_0.type,
        c1_0.updated_at 
    from
        channels c1_0
26-04-09 16:09:32.332 [Test worker] INFO  c.s.m.d.controller.ChannelController - 채널 삭제 요청 들어옴! 대상 채널 ID: a1585f2d-af29-42f1-96e3-02685fae3f43
26-04-09 16:09:32.332 [Test worker] INFO  c.s.m.d.s.basic.BasicChannelService - 채널 삭제 로직 시작 - 대상 채널 ID: a1585f2d-af29-42f1-96e3-02685fae3f43
26-04-09 16:09:32.378 [Test worker] DEBUG org.hibernate.SQL - 
    insert 
    into
        channels
        (created_at, description, last_message_at, name, type, updated_at, id) 
    values
        (?, ?, ?, ?, ?, ?, ?)
26-04-09 16:09:32.379 [Test worker] TRACE org.hibernate.orm.jdbc.bind - binding parameter (1:TIMESTAMP_UTC) <- [2026-04-09T07:09:32.328695300Z]
26-04-09 16:09:32.379 [Test worker] TRACE org.hibernate.orm.jdbc.bind - binding parameter (2:VARCHAR) <- [설명]
26-04-09 16:09:32.380 [Test worker] TRACE org.hibernate.orm.jdbc.bind - binding parameter (3:TIMESTAMP_UTC) <- [2026-04-09T07:09:32.327694900Z]
26-04-09 16:09:32.380 [Test worker] TRACE org.hibernate.orm.jdbc.bind - binding parameter (4:VARCHAR) <- [삭제할채널]
26-04-09 16:09:32.380 [Test worker] TRACE org.hibernate.orm.jdbc.bind - binding parameter (5:ENUM) <- [PUBLIC]
26-04-09 16:09:32.380 [Test worker] TRACE org.hibernate.orm.jdbc.bind - binding parameter (6:TIMESTAMP_UTC) <- [2026-04-09T07:09:32.328695300Z]
26-04-09 16:09:32.380 [Test worker] TRACE org.hibernate.orm.jdbc.bind - binding parameter (7:UUID) <- [a1585f2d-af29-42f1-96e3-02685fae3f43]
26-04-09 16:09:32.381 [Test worker] DEBUG org.hibernate.SQL - 
    select
        m1_0.id,
        m1_0.author_id,
        m1_0.channel_id,
        m1_0.content,
        m1_0.created_at,
        m1_0.updated_at 
    from
        messages m1_0 
    left join
        channels c1_0 
            on c1_0.id=m1_0.channel_id 
    where
        c1_0.id=?
26-04-09 16:09:32.383 [Test worker] TRACE org.hibernate.orm.jdbc.bind - binding parameter (1:UUID) <- [a1585f2d-af29-42f1-96e3-02685fae3f43]
26-04-09 16:09:32.395 [Test worker] DEBUG org.hibernate.SQL - 
    select
        rs1_0.id,
        rs1_0.channel_id,
        rs1_0.created_at,
        rs1_0.last_read_at,
        rs1_0.updated_at,
        rs1_0.user_id 
    from
        read_statuses rs1_0 
    left join
        channels c1_0 
            on c1_0.id=rs1_0.channel_id 
    where
        c1_0.id=?
26-04-09 16:09:32.397 [Test worker] TRACE org.hibernate.orm.jdbc.bind - binding parameter (1:UUID) <- [a1585f2d-af29-42f1-96e3-02685fae3f43]
26-04-09 16:09:32.410 [Test worker] INFO  c.s.m.d.s.basic.BasicChannelService - 채널 삭제 완료 (연관된 메시지 및 읽음 상태 포함) - 대상 채널 ID: a1585f2d-af29-42f1-96e3-02685fae3f43
26-04-09 16:09:32.427 [Test worker] INFO  o.s.t.c.s.AnnotationConfigContextLoaderUtils - Could not detect default configuration classes for test class [com.sprint.mission.discodeit.integration.MessageIntegrationTest]: MessageIntegrationTest does not declare any static, non-private, non-final, nested classes annotated with @Configuration.
26-04-09 16:09:32.432 [Test worker] INFO  o.s.b.t.c.SpringBootTestContextBootstrapper - Found @SpringBootConfiguration com.sprint.mission.discodeit.DiscodeitApplication for test class com.sprint.mission.discodeit.integration.MessageIntegrationTest
26-04-09 16:09:32.453 [Test worker] INFO  c.s.m.d.controller.MessageController - 메시지 생성 요청 들어옴! 채널 ID: 8475a7eb-f065-42c0-b56b-35bb6b84aacd, 작성자 ID: c0e6556f-afed-4617-93db-9f37d00f2a34
26-04-09 16:09:32.453 [Test worker] INFO  c.s.m.d.s.basic.BasicMessageService - 메시지 생성 로직 시작 - 채널 ID: 8475a7eb-f065-42c0-b56b-35bb6b84aacd, 작성자 ID: c0e6556f-afed-4617-93db-9f37d00f2a34
26-04-09 16:09:32.456 [Test worker] INFO  c.s.m.d.s.basic.BasicMessageService - 메시지 생성 및 파일 처리 완료!
26-04-09 16:09:32.480 [Test worker] INFO  o.s.t.c.s.AnnotationConfigContextLoaderUtils - Could not detect default configuration classes for test class [com.sprint.mission.discodeit.integration.UserIntegrationTest]: UserIntegrationTest does not declare any static, non-private, non-final, nested classes annotated with @Configuration.
26-04-09 16:09:32.486 [Test worker] INFO  o.s.b.t.c.SpringBootTestContextBootstrapper - Found @SpringBootConfiguration com.sprint.mission.discodeit.DiscodeitApplication for test class com.sprint.mission.discodeit.integration.UserIntegrationTest
26-04-09 16:09:32.498 [Test worker] INFO  c.s.m.d.controller.UserController - 새로운 유저 가입 요청 들어옴!! 이름: integration_user, 이메일: integration@test.com
26-04-09 16:09:32.499 [Test worker] INFO  c.s.m.d.s.basic.BasicUserService - 사용자 생성 로직 시작 - username: integration_user, email: integration@test.com
26-04-09 16:09:32.504 [Test worker] DEBUG org.hibernate.SQL - 
    select
        u1_0.id 
    from
        users u1_0 
    where
        u1_0.email=? 
    fetch
        first ? rows only
26-04-09 16:09:32.505 [Test worker] TRACE org.hibernate.orm.jdbc.bind - binding parameter (1:VARCHAR) <- [integration@test.com]
26-04-09 16:09:32.506 [Test worker] TRACE org.hibernate.orm.jdbc.bind - binding parameter (2:INTEGER) <- [1]
26-04-09 16:09:32.509 [Test worker] DEBUG org.hibernate.SQL - 
    select
        u1_0.id 
    from
        users u1_0 
    where
        u1_0.username=? 
    fetch
        first ? rows only
26-04-09 16:09:32.510 [Test worker] TRACE org.hibernate.orm.jdbc.bind - binding parameter (1:VARCHAR) <- [integration_user]
26-04-09 16:09:32.510 [Test worker] TRACE org.hibernate.orm.jdbc.bind - binding parameter (2:INTEGER) <- [1]
26-04-09 16:09:32.513 [Test worker] INFO  c.s.m.d.s.basic.BasicUserService - 사용자 생성 및 DB 저장 완료 - username: integration_user
26-04-09 16:09:32.524 [Test worker] DEBUG org.hibernate.SQL - 
    insert 
    into
        users
        (created_at, email, password, profile_id, updated_at, username, id) 
    values
        (?, ?, ?, ?, ?, ?, ?)
26-04-09 16:09:32.524 [Test worker] TRACE org.hibernate.orm.jdbc.bind - binding parameter (1:TIMESTAMP_UTC) <- [2026-04-09T07:09:32.511647200Z]
26-04-09 16:09:32.525 [Test worker] TRACE org.hibernate.orm.jdbc.bind - binding parameter (2:VARCHAR) <- [integration@test.com]
26-04-09 16:09:32.525 [Test worker] TRACE org.hibernate.orm.jdbc.bind - binding parameter (3:VARCHAR) <- [pass123]
26-04-09 16:09:32.525 [Test worker] TRACE org.hibernate.orm.jdbc.bind - binding parameter (4:UUID) <- [null]
26-04-09 16:09:32.525 [Test worker] TRACE org.hibernate.orm.jdbc.bind - binding parameter (5:TIMESTAMP_UTC) <- [2026-04-09T07:09:32.511647200Z]
26-04-09 16:09:32.525 [Test worker] TRACE org.hibernate.orm.jdbc.bind - binding parameter (6:VARCHAR) <- [integration_user]
26-04-09 16:09:32.525 [Test worker] TRACE org.hibernate.orm.jdbc.bind - binding parameter (7:UUID) <- [e1c90852-7475-4397-992c-f6365a5de807]
26-04-09 16:09:32.526 [Test worker] DEBUG org.hibernate.SQL - 
    insert 
    into
        user_statuses
        (created_at, last_active_at, updated_at, user_id, id) 
    values
        (?, ?, ?, ?, ?)
26-04-09 16:09:32.527 [Test worker] TRACE org.hibernate.orm.jdbc.bind - binding parameter (1:TIMESTAMP_UTC) <- [2026-04-09T07:09:32.511647200Z]
26-04-09 16:09:32.527 [Test worker] TRACE org.hibernate.orm.jdbc.bind - binding parameter (2:TIMESTAMP_UTC) <- [2026-04-09T07:09:32.511647200Z]
26-04-09 16:09:32.527 [Test worker] TRACE org.hibernate.orm.jdbc.bind - binding parameter (3:TIMESTAMP_UTC) <- [null]
26-04-09 16:09:32.527 [Test worker] TRACE org.hibernate.orm.jdbc.bind - binding parameter (4:UUID) <- [e1c90852-7475-4397-992c-f6365a5de807]
26-04-09 16:09:32.527 [Test worker] TRACE org.hibernate.orm.jdbc.bind - binding parameter (5:UUID) <- [1d26285f-0a33-4a87-aab2-d1778feec083]
26-04-09 16:09:32.528 [Test worker] DEBUG org.hibernate.SQL - 
    select
        u1_0.id 
    from
        users u1_0 
    where
        u1_0.username=? 
    fetch
        first ? rows only
26-04-09 16:09:32.528 [Test worker] TRACE org.hibernate.orm.jdbc.bind - binding parameter (1:VARCHAR) <- [integration_user]
26-04-09 16:09:32.528 [Test worker] TRACE org.hibernate.orm.jdbc.bind - binding parameter (2:INTEGER) <- [1]
26-04-09 16:09:32.545 [Test worker] INFO  c.s.m.d.controller.UserController - 새로운 유저 가입 요청 들어옴!! 이름: list_user, 이메일: list@test.com
26-04-09 16:09:32.545 [Test worker] INFO  c.s.m.d.s.basic.BasicUserService - 사용자 생성 로직 시작 - username: list_user, email: list@test.com
26-04-09 16:09:32.547 [Test worker] DEBUG org.hibernate.SQL - 
    select
        u1_0.id 
    from
        users u1_0 
    where
        u1_0.email=? 
    fetch
        first ? rows only
26-04-09 16:09:32.547 [Test worker] TRACE org.hibernate.orm.jdbc.bind - binding parameter (1:VARCHAR) <- [list@test.com]
26-04-09 16:09:32.547 [Test worker] TRACE org.hibernate.orm.jdbc.bind - binding parameter (2:INTEGER) <- [1]
26-04-09 16:09:32.549 [Test worker] DEBUG org.hibernate.SQL - 
    select
        u1_0.id 
    from
        users u1_0 
    where
        u1_0.username=? 
    fetch
        first ? rows only
26-04-09 16:09:32.550 [Test worker] TRACE org.hibernate.orm.jdbc.bind - binding parameter (1:VARCHAR) <- [list_user]
26-04-09 16:09:32.550 [Test worker] TRACE org.hibernate.orm.jdbc.bind - binding parameter (2:INTEGER) <- [1]
26-04-09 16:09:32.551 [Test worker] INFO  c.s.m.d.s.basic.BasicUserService - 사용자 생성 및 DB 저장 완료 - username: list_user
26-04-09 16:09:32.558 [Test worker] DEBUG org.hibernate.SQL - 
    insert 
    into
        users
        (created_at, email, password, profile_id, updated_at, username, id) 
    values
        (?, ?, ?, ?, ?, ?, ?)
26-04-09 16:09:32.558 [Test worker] TRACE org.hibernate.orm.jdbc.bind - binding parameter (1:TIMESTAMP_UTC) <- [2026-04-09T07:09:32.551642200Z]
26-04-09 16:09:32.559 [Test worker] TRACE org.hibernate.orm.jdbc.bind - binding parameter (2:VARCHAR) <- [list@test.com]
26-04-09 16:09:32.559 [Test worker] TRACE org.hibernate.orm.jdbc.bind - binding parameter (3:VARCHAR) <- [pass123]
26-04-09 16:09:32.559 [Test worker] TRACE org.hibernate.orm.jdbc.bind - binding parameter (4:UUID) <- [null]
26-04-09 16:09:32.559 [Test worker] TRACE org.hibernate.orm.jdbc.bind - binding parameter (5:TIMESTAMP_UTC) <- [2026-04-09T07:09:32.551642200Z]
26-04-09 16:09:32.559 [Test worker] TRACE org.hibernate.orm.jdbc.bind - binding parameter (6:VARCHAR) <- [list_user]
26-04-09 16:09:32.559 [Test worker] TRACE org.hibernate.orm.jdbc.bind - binding parameter (7:UUID) <- [2adf3a6d-4e86-4ec8-b415-b349b34dc930]
26-04-09 16:09:32.560 [Test worker] DEBUG org.hibernate.SQL - 
    insert 
    into
        user_statuses
        (created_at, last_active_at, updated_at, user_id, id) 
    values
        (?, ?, ?, ?, ?)
26-04-09 16:09:32.561 [Test worker] TRACE org.hibernate.orm.jdbc.bind - binding parameter (1:TIMESTAMP_UTC) <- [2026-04-09T07:09:32.550641700Z]
26-04-09 16:09:32.561 [Test worker] TRACE org.hibernate.orm.jdbc.bind - binding parameter (2:TIMESTAMP_UTC) <- [2026-04-09T07:09:32.550641700Z]
26-04-09 16:09:32.561 [Test worker] TRACE org.hibernate.orm.jdbc.bind - binding parameter (3:TIMESTAMP_UTC) <- [null]
26-04-09 16:09:32.561 [Test worker] TRACE org.hibernate.orm.jdbc.bind - binding parameter (4:UUID) <- [2adf3a6d-4e86-4ec8-b415-b349b34dc930]
26-04-09 16:09:32.561 [Test worker] TRACE org.hibernate.orm.jdbc.bind - binding parameter (5:UUID) <- [538fb561-d8e0-4aa8-8d52-bb014d771aed]
26-04-09 16:09:32.562 [Test worker] DEBUG org.hibernate.SQL - 
    select
        u1_0.id,
        u1_0.created_at,
        u1_0.email,
        u1_0.password,
        u1_0.profile_id,
        u1_0.updated_at,
        u1_0.username 
    from
        users u1_0
26-04-09 16:09:32.593 [Test worker] INFO  c.s.m.d.controller.UserController - 새로운 유저 가입 요청 들어옴!! 이름: del_user, 이메일: del@test.com
26-04-09 16:09:32.594 [Test worker] INFO  c.s.m.d.s.basic.BasicUserService - 사용자 생성 로직 시작 - username: del_user, email: del@test.com
26-04-09 16:09:32.596 [Test worker] DEBUG org.hibernate.SQL - 
    select
        u1_0.id 
    from
        users u1_0 
    where
        u1_0.email=? 
    fetch
        first ? rows only
26-04-09 16:09:32.597 [Test worker] TRACE org.hibernate.orm.jdbc.bind - binding parameter (1:VARCHAR) <- [del@test.com]
26-04-09 16:09:32.597 [Test worker] TRACE org.hibernate.orm.jdbc.bind - binding parameter (2:INTEGER) <- [1]
26-04-09 16:09:32.598 [Test worker] DEBUG org.hibernate.SQL - 
    select
        u1_0.id 
    from
        users u1_0 
    where
        u1_0.username=? 
    fetch
        first ? rows only
26-04-09 16:09:32.599 [Test worker] TRACE org.hibernate.orm.jdbc.bind - binding parameter (1:VARCHAR) <- [del_user]
26-04-09 16:09:32.599 [Test worker] TRACE org.hibernate.orm.jdbc.bind - binding parameter (2:INTEGER) <- [1]
26-04-09 16:09:32.601 [Test worker] INFO  c.s.m.d.s.basic.BasicUserService - 사용자 생성 및 DB 저장 완료 - username: del_user
26-04-09 16:09:32.606 [Test worker] DEBUG org.hibernate.SQL - 
    insert 
    into
        users
        (created_at, email, password, profile_id, updated_at, username, id) 
    values
        (?, ?, ?, ?, ?, ?, ?)
26-04-09 16:09:32.607 [Test worker] TRACE org.hibernate.orm.jdbc.bind - binding parameter (1:TIMESTAMP_UTC) <- [2026-04-09T07:09:32.601906400Z]
26-04-09 16:09:32.608 [Test worker] TRACE org.hibernate.orm.jdbc.bind - binding parameter (2:VARCHAR) <- [del@test.com]
26-04-09 16:09:32.608 [Test worker] TRACE org.hibernate.orm.jdbc.bind - binding parameter (3:VARCHAR) <- [pass123]
26-04-09 16:09:32.609 [Test worker] TRACE org.hibernate.orm.jdbc.bind - binding parameter (4:UUID) <- [null]
26-04-09 16:09:32.609 [Test worker] TRACE org.hibernate.orm.jdbc.bind - binding parameter (5:TIMESTAMP_UTC) <- [2026-04-09T07:09:32.601906400Z]
26-04-09 16:09:32.609 [Test worker] TRACE org.hibernate.orm.jdbc.bind - binding parameter (6:VARCHAR) <- [del_user]
26-04-09 16:09:32.609 [Test worker] TRACE org.hibernate.orm.jdbc.bind - binding parameter (7:UUID) <- [eda10b9a-65ce-4db5-81ad-9135ea066503]
26-04-09 16:09:32.611 [Test worker] DEBUG org.hibernate.SQL - 
    insert 
    into
        user_statuses
        (created_at, last_active_at, updated_at, user_id, id) 
    values
        (?, ?, ?, ?, ?)
26-04-09 16:09:32.611 [Test worker] TRACE org.hibernate.orm.jdbc.bind - binding parameter (1:TIMESTAMP_UTC) <- [2026-04-09T07:09:32.600896300Z]
26-04-09 16:09:32.612 [Test worker] TRACE org.hibernate.orm.jdbc.bind - binding parameter (2:TIMESTAMP_UTC) <- [2026-04-09T07:09:32.600896300Z]
26-04-09 16:09:32.612 [Test worker] TRACE org.hibernate.orm.jdbc.bind - binding parameter (3:TIMESTAMP_UTC) <- [null]
26-04-09 16:09:32.612 [Test worker] TRACE org.hibernate.orm.jdbc.bind - binding parameter (4:UUID) <- [eda10b9a-65ce-4db5-81ad-9135ea066503]
26-04-09 16:09:32.612 [Test worker] TRACE org.hibernate.orm.jdbc.bind - binding parameter (5:UUID) <- [14c91025-3cff-49a2-879b-ff2194763cc3]
26-04-09 16:09:32.613 [Test worker] DEBUG org.hibernate.SQL - 
    select
        u1_0.id,
        u1_0.created_at,
        u1_0.email,
        u1_0.password,
        u1_0.profile_id,
        u1_0.updated_at,
        u1_0.username 
    from
        users u1_0 
    where
        u1_0.username=?
26-04-09 16:09:32.613 [Test worker] TRACE org.hibernate.orm.jdbc.bind - binding parameter (1:VARCHAR) <- [del_user]
26-04-09 16:09:32.617 [Test worker] INFO  c.s.m.d.controller.UserController - 유저 삭제 요청 들어옴! 대상 userId: eda10b9a-65ce-4db5-81ad-9135ea066503
26-04-09 16:09:32.617 [Test worker] INFO  c.s.m.d.s.basic.BasicUserService - 사용자 삭제 로직 시작 - 대상 userId: eda10b9a-65ce-4db5-81ad-9135ea066503
26-04-09 16:09:32.666 [Test worker] DEBUG org.hibernate.SQL - 
    select
        count(*) 
    from
        users u1_0 
    where
        u1_0.id=?
26-04-09 16:09:32.668 [Test worker] TRACE org.hibernate.orm.jdbc.bind - binding parameter (1:UUID) <- [eda10b9a-65ce-4db5-81ad-9135ea066503]
26-04-09 16:09:32.674 [Test worker] INFO  c.s.m.d.s.basic.BasicUserService - 사용자 삭제 완료 - 삭제된 userId: eda10b9a-65ce-4db5-81ad-9135ea066503
26-04-09 16:09:32.687 [Test worker] INFO  o.s.t.c.s.AnnotationConfigContextLoaderUtils - Could not detect default configuration classes for test class [com.sprint.mission.discodeit.repository.ChannelRepositoryTest]: ChannelRepositoryTest does not declare any static, non-private, non-final, nested classes annotated with @Configuration.
26-04-09 16:09:32.723 [Test worker] INFO  o.s.b.t.c.SpringBootTestContextBootstrapper - Found @SpringBootConfiguration com.sprint.mission.discodeit.DiscodeitApplication for test class com.sprint.mission.discodeit.repository.ChannelRepositoryTest
26-04-09 16:09:32.766 [Test worker] INFO  c.s.m.d.r.ChannelRepositoryTest - Starting ChannelRepositoryTest using Java 17.0.17 with PID 17004 (started by dev in C:\Users\dev\IdeaProjects\Tim\9-sprint-mission\discodeit)
26-04-09 16:09:32.766 [Test worker] INFO  c.s.m.d.r.ChannelRepositoryTest - The following 1 profile is active: "test"
26-04-09 16:09:32.927 [Test worker] INFO  o.s.d.r.c.RepositoryConfigurationDelegate - Bootstrapping Spring Data JPA repositories in DEFAULT mode.
26-04-09 16:09:32.977 [Test worker] INFO  o.s.d.r.c.RepositoryConfigurationDelegate - Finished Spring Data repository scanning in 48 ms. Found 6 JPA repository interfaces.
26-04-09 16:09:33.011 [Test worker] INFO  o.s.b.t.a.j.TestDatabaseAutoConfiguration$EmbeddedDataSourceBeanFactoryPostProcessor - Replacing 'dataSource' DataSource bean with embedded version
26-04-09 16:09:33.059 [Test worker] INFO  o.s.j.d.e.EmbeddedDatabaseFactory - Starting embedded database: url='jdbc:h2:mem:acf29696-72b8-4ad9-b56b-515bf269549d;DB_CLOSE_DELAY=-1;DB_CLOSE_ON_EXIT=false', username='sa'
26-04-09 16:09:33.102 [Test worker] INFO  o.h.jpa.internal.util.LogHelper - HHH000204: Processing PersistenceUnitInfo [name: default]
26-04-09 16:09:33.111 [Test worker] INFO  o.h.c.i.RegionFactoryInitiator - HHH000026: Second-level cache disabled
26-04-09 16:09:33.130 [Test worker] INFO  o.s.o.j.p.SpringPersistenceUnitInfo - No LoadTimeWeaver setup: ignoring JPA class transformer
26-04-09 16:09:33.133 [Test worker] WARN  org.hibernate.orm.deprecation - HHH90000025: H2Dialect does not need to be specified explicitly using 'hibernate.dialect' (remove the property setting and it will be selected by default)
26-04-09 16:09:33.134 [Test worker] INFO  o.hibernate.orm.connections.pooling - HHH10001005: Database info:
	Database JDBC URL [Connecting through datasource 'org.springframework.jdbc.datasource.embedded.EmbeddedDatabaseFactory$EmbeddedDataSourceProxy@65023d79']
	Database driver: undefined/unknown
	Database version: 2.3.232
	Autocommit mode: undefined/unknown
	Isolation level: undefined/unknown
	Minimum pool size: undefined/unknown
	Maximum pool size: undefined/unknown
26-04-09 16:09:33.287 [Test worker] INFO  o.h.e.t.j.p.i.JtaPlatformInitiator - HHH000489: No JTA platform available (set 'hibernate.transaction.jta.platform' to enable JTA platform integration)
26-04-09 16:09:33.288 [Test worker] DEBUG org.hibernate.SQL - 
    drop table if exists binary_contents cascade 
26-04-09 16:09:33.289 [Test worker] DEBUG org.hibernate.SQL - 
    drop table if exists channel_participants cascade 
26-04-09 16:09:33.290 [Test worker] DEBUG org.hibernate.SQL - 
    drop table if exists channels cascade 
26-04-09 16:09:33.291 [Test worker] DEBUG org.hibernate.SQL - 
    drop table if exists messages cascade 
26-04-09 16:09:33.292 [Test worker] DEBUG org.hibernate.SQL - 
    drop table if exists read_statuses cascade 
26-04-09 16:09:33.292 [Test worker] DEBUG org.hibernate.SQL - 
    drop table if exists user_statuses cascade 
26-04-09 16:09:33.293 [Test worker] DEBUG org.hibernate.SQL - 
    drop table if exists users cascade 
26-04-09 16:09:33.295 [Test worker] DEBUG org.hibernate.SQL - 
    create table binary_contents (
        created_at timestamp with time zone not null,
        size bigint,
        id uuid not null,
        message_id uuid,
        content_type varchar(255),
        file_name varchar(255),
        primary key (id)
    )
26-04-09 16:09:33.297 [Test worker] DEBUG org.hibernate.SQL - 
    create table channel_participants (
        channel_id uuid not null,
        user_id uuid not null
    )
26-04-09 16:09:33.298 [Test worker] DEBUG org.hibernate.SQL - 
    create table channels (
        created_at timestamp with time zone not null,
        last_message_at timestamp(6) with time zone,
        updated_at timestamp with time zone,
        id uuid not null,
        name varchar(100) not null,
        description varchar(500),
        type enum ('PRIVATE','PUBLIC') not null,
        primary key (id)
    )
26-04-09 16:09:33.300 [Test worker] DEBUG org.hibernate.SQL - 
    create table messages (
        created_at timestamp with time zone not null,
        updated_at timestamp with time zone,
        author_id uuid not null,
        channel_id uuid not null,
        id uuid not null,
        content TEXT not null,
        primary key (id)
    )
26-04-09 16:09:33.301 [Test worker] DEBUG org.hibernate.SQL - 
    create table read_statuses (
        created_at timestamp with time zone not null,
        last_read_at timestamp(6) with time zone,
        updated_at timestamp with time zone,
        channel_id uuid,
        id uuid not null,
        user_id uuid,
        primary key (id)
    )
26-04-09 16:09:33.302 [Test worker] DEBUG org.hibernate.SQL - 
    create table user_statuses (
        created_at timestamp(6) with time zone,
        last_active_at timestamp(6) with time zone,
        updated_at timestamp(6) with time zone,
        id uuid not null,
        user_id uuid unique,
        primary key (id)
    )
26-04-09 16:09:33.304 [Test worker] DEBUG org.hibernate.SQL - 
    create table users (
        created_at timestamp with time zone not null,
        updated_at timestamp with time zone,
        id uuid not null,
        profile_id uuid unique,
        username varchar(50) not null unique,
        password varchar(60) not null,
        email varchar(100) not null unique,
        primary key (id)
    )
26-04-09 16:09:33.306 [Test worker] DEBUG org.hibernate.SQL - 
    alter table if exists binary_contents 
       add constraint FKaffo4mpem38t2jgoewjgbri2y 
       foreign key (message_id) 
       references messages
26-04-09 16:09:33.308 [Test worker] DEBUG org.hibernate.SQL - 
    alter table if exists channel_participants 
       add constraint FKljc2c43m89q7xiia8vr5in7nt 
       foreign key (user_id) 
       references users
26-04-09 16:09:33.309 [Test worker] DEBUG org.hibernate.SQL - 
    alter table if exists channel_participants 
       add constraint FKsj8j1v58oh34x4kjttfjorvk1 
       foreign key (channel_id) 
       references channels
26-04-09 16:09:33.310 [Test worker] DEBUG org.hibernate.SQL - 
    alter table if exists messages 
       add constraint FKowtlim26svclkatusptbgi7u1 
       foreign key (author_id) 
       references users
26-04-09 16:09:33.312 [Test worker] DEBUG org.hibernate.SQL - 
    alter table if exists messages 
       add constraint FK3u3ckbhwq9se1cmopk2pq05b2 
       foreign key (channel_id) 
       references channels
26-04-09 16:09:33.314 [Test worker] DEBUG org.hibernate.SQL - 
    alter table if exists read_statuses 
       add constraint FKa38ri44ml4gfdpklx4ahqr8gd 
       foreign key (channel_id) 
       references channels
26-04-09 16:09:33.316 [Test worker] DEBUG org.hibernate.SQL - 
    alter table if exists read_statuses 
       add constraint FKml3k4wr9sj5yxrmj6d0aoib2e 
       foreign key (user_id) 
       references users
26-04-09 16:09:33.317 [Test worker] DEBUG org.hibernate.SQL - 
    alter table if exists user_statuses 
       add constraint FK4lfl3ei2ubchgcxrrpo3pw4mm 
       foreign key (user_id) 
       references users
26-04-09 16:09:33.318 [Test worker] DEBUG org.hibernate.SQL - 
    alter table if exists users 
       add constraint FKtbudycgrip49xdptogmhfqnso 
       foreign key (profile_id) 
       references binary_contents
26-04-09 16:09:33.320 [Test worker] INFO  o.s.o.j.LocalContainerEntityManagerFactoryBean - Initialized JPA EntityManagerFactory for persistence unit 'default'
26-04-09 16:09:33.432 [Test worker] INFO  c.s.m.d.r.ChannelRepositoryTest - Started ChannelRepositoryTest in 0.704 seconds (process running for 20.739)
26-04-09 16:09:33.454 [Test worker] DEBUG org.hibernate.SQL - 
    insert 
    into
        channels
        (created_at, description, last_message_at, name, type, updated_at, id) 
    values
        (?, ?, ?, ?, ?, ?, ?)
26-04-09 16:09:33.456 [Test worker] TRACE org.hibernate.orm.jdbc.bind - binding parameter (1:TIMESTAMP_UTC) <- [2026-04-09T07:09:33.449303100Z]
26-04-09 16:09:33.457 [Test worker] TRACE org.hibernate.orm.jdbc.bind - binding parameter (2:VARCHAR) <- [설명]
26-04-09 16:09:33.457 [Test worker] TRACE org.hibernate.orm.jdbc.bind - binding parameter (3:TIMESTAMP_UTC) <- [2026-04-09T07:09:33.449303100Z]
26-04-09 16:09:33.457 [Test worker] TRACE org.hibernate.orm.jdbc.bind - binding parameter (4:VARCHAR) <- [테스트 채널]
26-04-09 16:09:33.457 [Test worker] TRACE org.hibernate.orm.jdbc.bind - binding parameter (5:ENUM) <- [PUBLIC]
26-04-09 16:09:33.457 [Test worker] TRACE org.hibernate.orm.jdbc.bind - binding parameter (6:TIMESTAMP_UTC) <- [2026-04-09T07:09:33.449303100Z]
26-04-09 16:09:33.458 [Test worker] TRACE org.hibernate.orm.jdbc.bind - binding parameter (7:UUID) <- [5daa5281-a5fc-4f83-976d-9619bee5f75c]
26-04-09 16:09:33.460 [Test worker] DEBUG org.hibernate.SQL - 
    select
        c1_0.id,
        c1_0.created_at,
        c1_0.description,
        c1_0.last_message_at,
        c1_0.name,
        c1_0.type,
        c1_0.updated_at 
    from
        channels c1_0 
    offset
        ? rows 
    fetch
        first ? rows only
26-04-09 16:09:33.461 [Test worker] TRACE org.hibernate.orm.jdbc.bind - binding parameter (1:INTEGER) <- [0]
26-04-09 16:09:33.462 [Test worker] TRACE org.hibernate.orm.jdbc.bind - binding parameter (2:INTEGER) <- [10]
26-04-09 16:09:33.479 [Test worker] INFO  o.s.t.c.s.AnnotationConfigContextLoaderUtils - Could not detect default configuration classes for test class [com.sprint.mission.discodeit.repository.MessageRepositoryTest]: MessageRepositoryTest does not declare any static, non-private, non-final, nested classes annotated with @Configuration.
26-04-09 16:09:33.497 [Test worker] INFO  o.s.b.t.c.SpringBootTestContextBootstrapper - Found @SpringBootConfiguration com.sprint.mission.discodeit.DiscodeitApplication for test class com.sprint.mission.discodeit.repository.MessageRepositoryTest
26-04-09 16:09:33.513 [Test worker] DEBUG org.hibernate.SQL - 
    insert 
    into
        users
        (created_at, email, password, profile_id, updated_at, username, id) 
    values
        (?, ?, ?, ?, ?, ?, ?)
26-04-09 16:09:33.513 [Test worker] TRACE org.hibernate.orm.jdbc.bind - binding parameter (1:TIMESTAMP_UTC) <- [2026-04-09T07:09:33.504492300Z]
26-04-09 16:09:33.513 [Test worker] TRACE org.hibernate.orm.jdbc.bind - binding parameter (2:VARCHAR) <- [u@t.com]
26-04-09 16:09:33.513 [Test worker] TRACE org.hibernate.orm.jdbc.bind - binding parameter (3:VARCHAR) <- [p]
26-04-09 16:09:33.514 [Test worker] TRACE org.hibernate.orm.jdbc.bind - binding parameter (4:UUID) <- [null]
26-04-09 16:09:33.514 [Test worker] TRACE org.hibernate.orm.jdbc.bind - binding parameter (5:TIMESTAMP_UTC) <- [2026-04-09T07:09:33.504492300Z]
26-04-09 16:09:33.514 [Test worker] TRACE org.hibernate.orm.jdbc.bind - binding parameter (6:VARCHAR) <- [user]
26-04-09 16:09:33.514 [Test worker] TRACE org.hibernate.orm.jdbc.bind - binding parameter (7:UUID) <- [72fa9880-233a-4b8a-90e8-f9f04c56f59c]
26-04-09 16:09:33.515 [Test worker] DEBUG org.hibernate.SQL - 
    insert 
    into
        channels
        (created_at, description, last_message_at, name, type, updated_at, id) 
    values
        (?, ?, ?, ?, ?, ?, ?)
26-04-09 16:09:33.517 [Test worker] TRACE org.hibernate.orm.jdbc.bind - binding parameter (1:TIMESTAMP_UTC) <- [2026-04-09T07:09:33.505504300Z]
26-04-09 16:09:33.517 [Test worker] TRACE org.hibernate.orm.jdbc.bind - binding parameter (2:VARCHAR) <- [d]
26-04-09 16:09:33.517 [Test worker] TRACE org.hibernate.orm.jdbc.bind - binding parameter (3:TIMESTAMP_UTC) <- [2026-04-09T07:09:33.505504300Z]
26-04-09 16:09:33.517 [Test worker] TRACE org.hibernate.orm.jdbc.bind - binding parameter (4:VARCHAR) <- [c]
26-04-09 16:09:33.517 [Test worker] TRACE org.hibernate.orm.jdbc.bind - binding parameter (5:ENUM) <- [PUBLIC]
26-04-09 16:09:33.517 [Test worker] TRACE org.hibernate.orm.jdbc.bind - binding parameter (6:TIMESTAMP_UTC) <- [2026-04-09T07:09:33.505504300Z]
26-04-09 16:09:33.517 [Test worker] TRACE org.hibernate.orm.jdbc.bind - binding parameter (7:UUID) <- [dcd91654-b2ea-49c3-bacd-fd94ab0d6759]
26-04-09 16:09:33.518 [Test worker] DEBUG org.hibernate.SQL - 
    insert 
    into
        messages
        (author_id, channel_id, content, created_at, updated_at, id) 
    values
        (?, ?, ?, ?, ?, ?)
26-04-09 16:09:33.519 [Test worker] TRACE org.hibernate.orm.jdbc.bind - binding parameter (1:UUID) <- [72fa9880-233a-4b8a-90e8-f9f04c56f59c]
26-04-09 16:09:33.519 [Test worker] TRACE org.hibernate.orm.jdbc.bind - binding parameter (2:UUID) <- [dcd91654-b2ea-49c3-bacd-fd94ab0d6759]
26-04-09 16:09:33.519 [Test worker] TRACE org.hibernate.orm.jdbc.bind - binding parameter (3:VARCHAR) <- [첫 번째]
26-04-09 16:09:33.519 [Test worker] TRACE org.hibernate.orm.jdbc.bind - binding parameter (4:TIMESTAMP_UTC) <- [2026-04-09T07:09:33.508482600Z]
26-04-09 16:09:33.519 [Test worker] TRACE org.hibernate.orm.jdbc.bind - binding parameter (5:TIMESTAMP_UTC) <- [2026-04-09T07:09:33.508482600Z]
26-04-09 16:09:33.519 [Test worker] TRACE org.hibernate.orm.jdbc.bind - binding parameter (6:UUID) <- [72a93215-0c11-4d0c-bbda-a81e04a4aa15]
26-04-09 16:09:33.520 [Test worker] DEBUG org.hibernate.SQL - 
    insert 
    into
        messages
        (author_id, channel_id, content, created_at, updated_at, id) 
    values
        (?, ?, ?, ?, ?, ?)
26-04-09 16:09:33.520 [Test worker] TRACE org.hibernate.orm.jdbc.bind - binding parameter (1:UUID) <- [72fa9880-233a-4b8a-90e8-f9f04c56f59c]
26-04-09 16:09:33.520 [Test worker] TRACE org.hibernate.orm.jdbc.bind - binding parameter (2:UUID) <- [dcd91654-b2ea-49c3-bacd-fd94ab0d6759]
26-04-09 16:09:33.520 [Test worker] TRACE org.hibernate.orm.jdbc.bind - binding parameter (3:VARCHAR) <- [두 번째]
26-04-09 16:09:33.520 [Test worker] TRACE org.hibernate.orm.jdbc.bind - binding parameter (4:TIMESTAMP_UTC) <- [2026-04-09T07:09:33.508482600Z]
26-04-09 16:09:33.520 [Test worker] TRACE org.hibernate.orm.jdbc.bind - binding parameter (5:TIMESTAMP_UTC) <- [2026-04-09T07:09:33.508482600Z]
26-04-09 16:09:33.520 [Test worker] TRACE org.hibernate.orm.jdbc.bind - binding parameter (6:UUID) <- [dc9b4986-83f8-494d-90bf-e2e3039cea59]
26-04-09 16:09:33.521 [Test worker] DEBUG org.hibernate.SQL - 
    select
        m1_0.id,
        m1_0.author_id,
        m1_0.channel_id,
        m1_0.content,
        m1_0.created_at,
        m1_0.updated_at 
    from
        messages m1_0 
    left join
        channels c1_0 
            on c1_0.id=m1_0.channel_id 
    where
        c1_0.id=? 
    fetch
        first ? rows only
26-04-09 16:09:33.522 [Test worker] TRACE org.hibernate.orm.jdbc.bind - binding parameter (1:UUID) <- [dcd91654-b2ea-49c3-bacd-fd94ab0d6759]
26-04-09 16:09:33.522 [Test worker] TRACE org.hibernate.orm.jdbc.bind - binding parameter (2:INTEGER) <- [11]
26-04-09 16:09:33.546 [Test worker] INFO  o.s.t.c.s.AnnotationConfigContextLoaderUtils - Could not detect default configuration classes for test class [com.sprint.mission.discodeit.repository.UserRepositoryTest]: UserRepositoryTest does not declare any static, non-private, non-final, nested classes annotated with @Configuration.
26-04-09 16:09:33.564 [Test worker] INFO  o.s.b.t.c.SpringBootTestContextBootstrapper - Found @SpringBootConfiguration com.sprint.mission.discodeit.DiscodeitApplication for test class com.sprint.mission.discodeit.repository.UserRepositoryTest
26-04-09 16:09:33.602 [Test worker] INFO  c.s.m.d.r.UserRepositoryTest - Starting UserRepositoryTest using Java 17.0.17 with PID 17004 (started by dev in C:\Users\dev\IdeaProjects\Tim\9-sprint-mission\discodeit)
26-04-09 16:09:33.602 [Test worker] INFO  c.s.m.d.r.UserRepositoryTest - The following 1 profile is active: "test"
26-04-09 16:09:33.750 [Test worker] INFO  o.s.d.r.c.RepositoryConfigurationDelegate - Bootstrapping Spring Data JPA repositories in DEFAULT mode.
26-04-09 16:09:33.790 [Test worker] INFO  o.s.d.r.c.RepositoryConfigurationDelegate - Finished Spring Data repository scanning in 37 ms. Found 6 JPA repository interfaces.
26-04-09 16:09:33.809 [Test worker] INFO  o.s.b.t.a.j.TestDatabaseAutoConfiguration$EmbeddedDataSourceBeanFactoryPostProcessor - Replacing 'dataSource' DataSource bean with embedded version
26-04-09 16:09:33.822 [Test worker] INFO  o.s.j.d.e.EmbeddedDatabaseFactory - Starting embedded database: url='jdbc:h2:mem:9b703a9c-a856-43a5-81cf-1a774131ad9b;DB_CLOSE_DELAY=-1;DB_CLOSE_ON_EXIT=false', username='sa'
26-04-09 16:09:33.863 [Test worker] INFO  o.h.jpa.internal.util.LogHelper - HHH000204: Processing PersistenceUnitInfo [name: default]
26-04-09 16:09:33.870 [Test worker] INFO  o.h.c.i.RegionFactoryInitiator - HHH000026: Second-level cache disabled
26-04-09 16:09:33.890 [Test worker] INFO  o.s.o.j.p.SpringPersistenceUnitInfo - No LoadTimeWeaver setup: ignoring JPA class transformer
26-04-09 16:09:33.893 [Test worker] WARN  org.hibernate.orm.deprecation - HHH90000025: H2Dialect does not need to be specified explicitly using 'hibernate.dialect' (remove the property setting and it will be selected by default)
26-04-09 16:09:33.894 [Test worker] INFO  o.hibernate.orm.connections.pooling - HHH10001005: Database info:
	Database JDBC URL [Connecting through datasource 'org.springframework.jdbc.datasource.embedded.EmbeddedDatabaseFactory$EmbeddedDataSourceProxy@2da7531e']
	Database driver: undefined/unknown
	Database version: 2.3.232
	Autocommit mode: undefined/unknown
	Isolation level: undefined/unknown
	Minimum pool size: undefined/unknown
	Maximum pool size: undefined/unknown
26-04-09 16:09:34.010 [Test worker] INFO  o.h.e.t.j.p.i.JtaPlatformInitiator - HHH000489: No JTA platform available (set 'hibernate.transaction.jta.platform' to enable JTA platform integration)
26-04-09 16:09:34.010 [Test worker] DEBUG org.hibernate.SQL - 
    drop table if exists binary_contents cascade 
26-04-09 16:09:34.012 [Test worker] DEBUG org.hibernate.SQL - 
    drop table if exists channel_participants cascade 
26-04-09 16:09:34.013 [Test worker] DEBUG org.hibernate.SQL - 
    drop table if exists channels cascade 
26-04-09 16:09:34.014 [Test worker] DEBUG org.hibernate.SQL - 
    drop table if exists messages cascade 
26-04-09 16:09:34.015 [Test worker] DEBUG org.hibernate.SQL - 
    drop table if exists read_statuses cascade 
26-04-09 16:09:34.015 [Test worker] DEBUG org.hibernate.SQL - 
    drop table if exists user_statuses cascade 
26-04-09 16:09:34.016 [Test worker] DEBUG org.hibernate.SQL - 
    drop table if exists users cascade 
26-04-09 16:09:34.018 [Test worker] DEBUG org.hibernate.SQL - 
    create table binary_contents (
        created_at timestamp with time zone not null,
        size bigint,
        id uuid not null,
        message_id uuid,
        content_type varchar(255),
        file_name varchar(255),
        primary key (id)
    )
26-04-09 16:09:34.019 [Test worker] DEBUG org.hibernate.SQL - 
    create table channel_participants (
        channel_id uuid not null,
        user_id uuid not null
    )
26-04-09 16:09:34.020 [Test worker] DEBUG org.hibernate.SQL - 
    create table channels (
        created_at timestamp with time zone not null,
        last_message_at timestamp(6) with time zone,
        updated_at timestamp with time zone,
        id uuid not null,
        name varchar(100) not null,
        description varchar(500),
        type enum ('PRIVATE','PUBLIC') not null,
        primary key (id)
    )
26-04-09 16:09:34.023 [Test worker] DEBUG org.hibernate.SQL - 
    create table messages (
        created_at timestamp with time zone not null,
        updated_at timestamp with time zone,
        author_id uuid not null,
        channel_id uuid not null,
        id uuid not null,
        content TEXT not null,
        primary key (id)
    )
26-04-09 16:09:34.025 [Test worker] DEBUG org.hibernate.SQL - 
    create table read_statuses (
        created_at timestamp with time zone not null,
        last_read_at timestamp(6) with time zone,
        updated_at timestamp with time zone,
        channel_id uuid,
        id uuid not null,
        user_id uuid,
        primary key (id)
    )
26-04-09 16:09:34.026 [Test worker] DEBUG org.hibernate.SQL - 
    create table user_statuses (
        created_at timestamp(6) with time zone,
        last_active_at timestamp(6) with time zone,
        updated_at timestamp(6) with time zone,
        id uuid not null,
        user_id uuid unique,
        primary key (id)
    )
26-04-09 16:09:34.027 [Test worker] DEBUG org.hibernate.SQL - 
    create table users (
        created_at timestamp with time zone not null,
        updated_at timestamp with time zone,
        id uuid not null,
        profile_id uuid unique,
        username varchar(50) not null unique,
        password varchar(60) not null,
        email varchar(100) not null unique,
        primary key (id)
    )
26-04-09 16:09:34.029 [Test worker] DEBUG org.hibernate.SQL - 
    alter table if exists binary_contents 
       add constraint FKaffo4mpem38t2jgoewjgbri2y 
       foreign key (message_id) 
       references messages
26-04-09 16:09:34.030 [Test worker] DEBUG org.hibernate.SQL - 
    alter table if exists channel_participants 
       add constraint FKljc2c43m89q7xiia8vr5in7nt 
       foreign key (user_id) 
       references users
26-04-09 16:09:34.033 [Test worker] DEBUG org.hibernate.SQL - 
    alter table if exists channel_participants 
       add constraint FKsj8j1v58oh34x4kjttfjorvk1 
       foreign key (channel_id) 
       references channels
26-04-09 16:09:34.034 [Test worker] DEBUG org.hibernate.SQL - 
    alter table if exists messages 
       add constraint FKowtlim26svclkatusptbgi7u1 
       foreign key (author_id) 
       references users
26-04-09 16:09:34.036 [Test worker] DEBUG org.hibernate.SQL - 
    alter table if exists messages 
       add constraint FK3u3ckbhwq9se1cmopk2pq05b2 
       foreign key (channel_id) 
       references channels
26-04-09 16:09:34.038 [Test worker] DEBUG org.hibernate.SQL - 
    alter table if exists read_statuses 
       add constraint FKa38ri44ml4gfdpklx4ahqr8gd 
       foreign key (channel_id) 
       references channels
26-04-09 16:09:34.041 [Test worker] DEBUG org.hibernate.SQL - 
    alter table if exists read_statuses 
       add constraint FKml3k4wr9sj5yxrmj6d0aoib2e 
       foreign key (user_id) 
       references users
26-04-09 16:09:34.042 [Test worker] DEBUG org.hibernate.SQL - 
    alter table if exists user_statuses 
       add constraint FK4lfl3ei2ubchgcxrrpo3pw4mm 
       foreign key (user_id) 
       references users
26-04-09 16:09:34.044 [Test worker] DEBUG org.hibernate.SQL - 
    alter table if exists users 
       add constraint FKtbudycgrip49xdptogmhfqnso 
       foreign key (profile_id) 
       references binary_contents
26-04-09 16:09:34.046 [Test worker] INFO  o.s.o.j.LocalContainerEntityManagerFactoryBean - Initialized JPA EntityManagerFactory for persistence unit 'default'
26-04-09 16:09:34.139 [Test worker] INFO  c.s.m.d.r.UserRepositoryTest - Started UserRepositoryTest in 0.572 seconds (process running for 21.446)
26-04-09 16:09:34.147 [Test worker] DEBUG org.hibernate.SQL - 
    select
        u1_0.id,
        u1_0.created_at,
        u1_0.email,
        u1_0.password,
        u1_0.profile_id,
        u1_0.updated_at,
        u1_0.username 
    from
        users u1_0 
    where
        u1_0.email=?
26-04-09 16:09:34.147 [Test worker] TRACE org.hibernate.orm.jdbc.bind - binding parameter (1:VARCHAR) <- [none@example.com]
26-04-09 16:09:34.736 [Test worker] INFO  c.s.m.d.s.basic.BasicChannelService - 채널 수정 로직 시작 - 대상 채널 ID: 4ea349c2-6289-4f75-bcc2-422d2495c967
26-04-09 16:09:34.737 [Test worker] WARN  c.s.m.d.s.basic.BasicChannelService - 채널 수정 실패: 비공개 채널은 수정할 수 없습니다. 채널 ID: 4ea349c2-6289-4f75-bcc2-422d2495c967
26-04-09 16:09:34.804 [Test worker] INFO  c.s.m.d.s.basic.BasicChannelService - 비공개 채널 생성 로직 시작
26-04-09 16:09:34.805 [Test worker] INFO  c.s.m.d.s.basic.BasicChannelService - 비공개 채널 생성 및 참여자 연결 완료!
26-04-09 16:09:34.810 [Test worker] INFO  c.s.m.d.s.basic.BasicChannelService - 채널 수정 로직 시작 - 대상 채널 ID: ce656e00-2de9-4037-891d-41c3c52f22e1
26-04-09 16:09:34.811 [Test worker] INFO  c.s.m.d.s.basic.BasicChannelService - 채널 수정 완료 - 대상 채널 ID: ce656e00-2de9-4037-891d-41c3c52f22e1
26-04-09 16:09:34.815 [Test worker] INFO  c.s.m.d.s.basic.BasicChannelService - 공개 채널 생성 로직 시작 - 채널명: 공개방
26-04-09 16:09:34.815 [Test worker] INFO  c.s.m.d.s.basic.BasicChannelService - 공개 채널 생성 및 DB 저장 완료!
26-04-09 16:09:34.820 [Test worker] INFO  c.s.m.d.s.basic.BasicChannelService - 채널 삭제 로직 시작 - 대상 채널 ID: fd8e25a3-95d2-41ef-bde7-cb8c64ccee9f
26-04-09 16:09:34.820 [Test worker] INFO  c.s.m.d.s.basic.BasicChannelService - 채널 삭제 완료 (연관된 메시지 및 읽음 상태 포함) - 대상 채널 ID: fd8e25a3-95d2-41ef-bde7-cb8c64ccee9f
26-04-09 16:09:34.970 [Test worker] INFO  c.s.m.d.s.basic.BasicMessageService - 메시지 생성 로직 시작 - 채널 ID: 2d5668e9-ca3d-4fb7-bfcb-cf34608b6897, 작성자 ID: d467d724-72e0-4bcd-87db-9905890dc033
26-04-09 16:09:34.971 [Test worker] INFO  c.s.m.d.s.basic.BasicMessageService - 메시지 생성 및 파일 처리 완료!
26-04-09 16:09:34.975 [Test worker] INFO  c.s.m.d.s.basic.BasicMessageService - 메시지 수정 로직 시작 - 대상 메시지 ID: a6b30e7b-0c10-4316-a7f2-31cc4ab0f245
26-04-09 16:09:34.976 [Test worker] WARN  c.s.m.d.s.basic.BasicMessageService - 메시지 수정 실패: 존재하지 않는 메시지 ID 입니다. (a6b30e7b-0c10-4316-a7f2-31cc4ab0f245)
26-04-09 16:09:34.980 [Test worker] INFO  c.s.m.d.s.basic.BasicMessageService - 메시지 삭제 로직 시작 - 대상 메시지 ID: 46cc633b-2db5-4e94-8fd5-450622e34ded
26-04-09 16:09:34.981 [Test worker] INFO  c.s.m.d.s.basic.BasicMessageService - 메시지 삭제 완료 - 대상 메시지 ID: 46cc633b-2db5-4e94-8fd5-450622e34ded
26-04-09 16:09:34.984 [Test worker] INFO  c.s.m.d.s.basic.BasicMessageService - 메시지 수정 로직 시작 - 대상 메시지 ID: 3ed224b3-6b72-499b-b791-185c7cd4139e
26-04-09 16:09:34.985 [Test worker] INFO  c.s.m.d.s.basic.BasicMessageService - 메시지 수정 완료 - 대상 메시지 ID: 3ed224b3-6b72-499b-b791-185c7cd4139e
26-04-09 16:09:35.048 [Test worker] INFO  c.s.m.d.s.basic.BasicUserService - 사용자 삭제 로직 시작 - 대상 userId: 7658ab4c-b9de-45ca-b1f1-c97927a4e1aa
26-04-09 16:09:35.048 [Test worker] INFO  c.s.m.d.s.basic.BasicUserService - 사용자 삭제 완료 - 삭제된 userId: 7658ab4c-b9de-45ca-b1f1-c97927a4e1aa
26-04-09 16:09:35.051 [Test worker] INFO  c.s.m.d.s.basic.BasicUserService - 사용자 정보 수정 로직 시작 - 대상 userId: 47b5e857-873d-43fd-a3fc-6ed341ac3314
26-04-09 16:09:35.052 [Test worker] WARN  c.s.m.d.s.basic.BasicUserService - 사용자 수정 실패: 존재하지 않는 userId 입니다. (47b5e857-873d-43fd-a3fc-6ed341ac3314)
26-04-09 16:09:35.055 [Test worker] INFO  c.s.m.d.s.basic.BasicUserService - 사용자 삭제 로직 시작 - 대상 userId: 53362f9f-a724-4dca-be19-5be0d57fc28f
26-04-09 16:09:35.055 [Test worker] WARN  c.s.m.d.s.basic.BasicUserService - 사용자 삭제 실패: 존재하지 않는 userId 입니다. (53362f9f-a724-4dca-be19-5be0d57fc28f)
26-04-09 16:09:35.059 [Test worker] INFO  c.s.m.d.s.basic.BasicUserService - 사용자 생성 로직 시작 - username: 중복유저, email: test@test.com
26-04-09 16:09:35.059 [Test worker] WARN  c.s.m.d.s.basic.BasicUserService - 사용자 생성 실패: 이미 존재하는 이메일입니다. (test@test.com)
26-04-09 16:09:35.063 [Test worker] INFO  c.s.m.d.s.basic.BasicUserService - 사용자 정보 수정 로직 시작 - 대상 userId: a14b60b4-b37e-4cf8-ae32-2fd7a5d44462
26-04-09 16:09:35.065 [Test worker] INFO  c.s.m.d.s.basic.BasicUserService - 사용자 정보 수정 완료 - 수정된 username: null
26-04-09 16:09:35.068 [Test worker] INFO  c.s.m.d.s.basic.BasicUserService - 사용자 생성 로직 시작 - username: 테스트유저, email: test@test.com
26-04-09 16:09:35.068 [Test worker] INFO  c.s.m.d.s.basic.BasicUserService - 사용자 생성 및 DB 저장 완료 - username: 테스트유저
26-04-09 16:09:37.095 [Test worker] INFO  o.s.t.c.s.AnnotationConfigContextLoaderUtils - Could not detect default configuration classes for test class [com.sprint.mission.discodeit.storage.s3.S3BinaryContentStorageTest]: S3BinaryContentStorageTest does not declare any static, non-private, non-final, nested classes annotated with @Configuration.
26-04-09 16:09:37.112 [Test worker] INFO  o.s.b.t.c.SpringBootTestContextBootstrapper - Found @SpringBootConfiguration com.sprint.mission.discodeit.DiscodeitApplication for test class com.sprint.mission.discodeit.storage.s3.S3BinaryContentStorageTest
26-04-09 16:09:37.147 [Test worker] INFO  c.s.m.d.s.s.S3BinaryContentStorageTest - Starting S3BinaryContentStorageTest using Java 17.0.17 with PID 17004 (started by dev in C:\Users\dev\IdeaProjects\Tim\9-sprint-mission\discodeit)
26-04-09 16:09:37.147 [Test worker] INFO  c.s.m.d.s.s.S3BinaryContentStorageTest - The following 1 profile is active: "dev"
26-04-09 16:09:37.659 [Test worker] INFO  o.s.d.r.c.RepositoryConfigurationDelegate - Bootstrapping Spring Data JPA repositories in DEFAULT mode.
26-04-09 16:09:37.701 [Test worker] INFO  o.s.d.r.c.RepositoryConfigurationDelegate - Finished Spring Data repository scanning in 39 ms. Found 6 JPA repository interfaces.
26-04-09 16:09:37.793 [Test worker] INFO  com.zaxxer.hikari.HikariDataSource - HikariPool-3 - Starting...
26-04-09 16:09:37.843 [Test worker] INFO  com.zaxxer.hikari.pool.HikariPool - HikariPool-3 - Added connection org.postgresql.jdbc.PgConnection@6aee963a
26-04-09 16:09:37.844 [Test worker] INFO  com.zaxxer.hikari.HikariDataSource - HikariPool-3 - Start completed.
26-04-09 16:09:37.867 [Test worker] INFO  o.h.jpa.internal.util.LogHelper - HHH000204: Processing PersistenceUnitInfo [name: default]
26-04-09 16:09:37.873 [Test worker] INFO  o.h.c.i.RegionFactoryInitiator - HHH000026: Second-level cache disabled
26-04-09 16:09:37.889 [Test worker] INFO  o.s.o.j.p.SpringPersistenceUnitInfo - No LoadTimeWeaver setup: ignoring JPA class transformer
26-04-09 16:09:37.901 [Test worker] WARN  org.hibernate.orm.deprecation - HHH90000025: PostgreSQLDialect does not need to be specified explicitly using 'hibernate.dialect' (remove the property setting and it will be selected by default)
26-04-09 16:09:37.903 [Test worker] INFO  o.hibernate.orm.connections.pooling - HHH10001005: Database info:
	Database JDBC URL [Connecting through datasource 'HikariDataSource (HikariPool-3)']
	Database driver: undefined/unknown
	Database version: 17.8
	Autocommit mode: undefined/unknown
	Isolation level: undefined/unknown
	Minimum pool size: undefined/unknown
	Maximum pool size: undefined/unknown
26-04-09 16:09:38.034 [Test worker] INFO  o.h.e.t.j.p.i.JtaPlatformInitiator - HHH000489: No JTA platform available (set 'hibernate.transaction.jta.platform' to enable JTA platform integration)
26-04-09 16:09:38.218 [Test worker] INFO  o.s.o.j.LocalContainerEntityManagerFactoryBean - Initialized JPA EntityManagerFactory for persistence unit 'default'
26-04-09 16:09:38.385 [Test worker] WARN  o.s.b.a.o.j.JpaBaseConfiguration$JpaWebConfiguration - spring.jpa.open-in-view is enabled by default. Therefore, database queries may be performed during view rendering. Explicitly configure spring.jpa.open-in-view to disable this warning
26-04-09 16:09:38.394 [Test worker] INFO  o.s.b.a.w.s.WelcomePageHandlerMapping - Adding welcome page: class path resource [static/index.html]
26-04-09 16:09:38.640 [Test worker] INFO  o.s.b.a.e.web.EndpointLinksResolver - Exposing 4 endpoints beneath base path '/actuator'
26-04-09 16:09:38.667 [Test worker] INFO  c.s.m.d.s.s.S3BinaryContentStorageTest - Started S3BinaryContentStorageTest in 1.55 seconds (process running for 25.974)
26-04-09 16:09:38.905 [SpringApplicationShutdownHook] INFO  o.s.o.j.LocalContainerEntityManagerFactoryBean - Closing JPA EntityManagerFactory for persistence unit 'default'
26-04-09 16:09:38.910 [SpringApplicationShutdownHook] INFO  com.zaxxer.hikari.HikariDataSource - HikariPool-1 - Shutdown initiated...
26-04-09 16:09:38.916 [SpringApplicationShutdownHook] INFO  com.zaxxer.hikari.HikariDataSource - HikariPool-1 - Shutdown completed.
26-04-09 16:09:38.927 [SpringApplicationShutdownHook] INFO  o.s.o.j.LocalContainerEntityManagerFactoryBean - Closing JPA EntityManagerFactory for persistence unit 'default'
26-04-09 16:09:38.928 [SpringApplicationShutdownHook] DEBUG org.hibernate.SQL - 
    drop table if exists binary_contents cascade 
26-04-09 16:09:38.929 [SpringApplicationShutdownHook] DEBUG org.hibernate.SQL - 
    drop table if exists channel_participants cascade 
26-04-09 16:09:38.930 [SpringApplicationShutdownHook] DEBUG org.hibernate.SQL - 
    drop table if exists channels cascade 
26-04-09 16:09:38.930 [SpringApplicationShutdownHook] DEBUG org.hibernate.SQL - 
    drop table if exists messages cascade 
26-04-09 16:09:38.931 [SpringApplicationShutdownHook] DEBUG org.hibernate.SQL - 
    drop table if exists read_statuses cascade 
26-04-09 16:09:38.932 [SpringApplicationShutdownHook] DEBUG org.hibernate.SQL - 
    drop table if exists user_statuses cascade 
26-04-09 16:09:38.933 [SpringApplicationShutdownHook] DEBUG org.hibernate.SQL - 
    drop table if exists users cascade 
26-04-09 16:09:38.934 [SpringApplicationShutdownHook] INFO  com.zaxxer.hikari.HikariDataSource - HikariPool-2 - Shutdown initiated...
26-04-09 16:09:38.936 [SpringApplicationShutdownHook] INFO  com.zaxxer.hikari.HikariDataSource - HikariPool-2 - Shutdown completed.
26-04-09 16:09:38.937 [SpringApplicationShutdownHook] INFO  o.s.o.j.LocalContainerEntityManagerFactoryBean - Closing JPA EntityManagerFactory for persistence unit 'default'
26-04-09 16:09:38.937 [SpringApplicationShutdownHook] DEBUG org.hibernate.SQL - 
    drop table if exists binary_contents cascade 
26-04-09 16:09:38.938 [SpringApplicationShutdownHook] DEBUG org.hibernate.SQL - 
    drop table if exists channel_participants cascade 
26-04-09 16:09:38.939 [SpringApplicationShutdownHook] DEBUG org.hibernate.SQL - 
    drop table if exists channels cascade 
26-04-09 16:09:38.941 [SpringApplicationShutdownHook] DEBUG org.hibernate.SQL - 
    drop table if exists messages cascade 
26-04-09 16:09:38.942 [SpringApplicationShutdownHook] DEBUG org.hibernate.SQL - 
    drop table if exists read_statuses cascade 
26-04-09 16:09:38.943 [SpringApplicationShutdownHook] DEBUG org.hibernate.SQL - 
    drop table if exists user_statuses cascade 
26-04-09 16:09:38.944 [SpringApplicationShutdownHook] DEBUG org.hibernate.SQL - 
    drop table if exists users cascade 
26-04-09 16:09:38.946 [SpringApplicationShutdownHook] INFO  o.s.o.j.LocalContainerEntityManagerFactoryBean - Closing JPA EntityManagerFactory for persistence unit 'default'
26-04-09 16:09:38.946 [SpringApplicationShutdownHook] DEBUG org.hibernate.SQL - 
    drop table if exists binary_contents cascade 
26-04-09 16:09:38.947 [SpringApplicationShutdownHook] DEBUG org.hibernate.SQL - 
    drop table if exists channel_participants cascade 
26-04-09 16:09:38.948 [SpringApplicationShutdownHook] DEBUG org.hibernate.SQL - 
    drop table if exists channels cascade 
26-04-09 16:09:38.948 [SpringApplicationShutdownHook] DEBUG org.hibernate.SQL - 
    drop table if exists messages cascade 
26-04-09 16:09:38.949 [SpringApplicationShutdownHook] DEBUG org.hibernate.SQL - 
    drop table if exists read_statuses cascade 
26-04-09 16:09:38.949 [SpringApplicationShutdownHook] DEBUG org.hibernate.SQL - 
    drop table if exists user_statuses cascade 
26-04-09 16:09:38.950 [SpringApplicationShutdownHook] DEBUG org.hibernate.SQL - 
    drop table if exists users cascade 
26-04-09 16:09:38.952 [SpringApplicationShutdownHook] INFO  o.s.o.j.LocalContainerEntityManagerFactoryBean - Closing JPA EntityManagerFactory for persistence unit 'default'
26-04-09 16:09:38.953 [SpringApplicationShutdownHook] INFO  com.zaxxer.hikari.HikariDataSource - HikariPool-3 - Shutdown initiated...
26-04-09 16:09:38.985 [SpringApplicationShutdownHook] INFO  com.zaxxer.hikari.HikariDataSource - HikariPool-3 - Shutdown completed.
26-04-09 16:12:24.681 [background-preinit] INFO  o.h.validator.internal.util.Version - HV000001: Hibernate Validator 8.0.3.Final
26-04-09 16:12:24.747 [Test worker] INFO  c.s.m.d.DiscodeitApplicationTests - Starting DiscodeitApplicationTests using Java 17.0.17 with PID 11356 (started by dev in C:\Users\dev\IdeaProjects\Tim\9-sprint-mission\discodeit)
26-04-09 16:12:24.748 [Test worker] INFO  c.s.m.d.DiscodeitApplicationTests - The following 1 profile is active: "dev"
26-04-09 16:12:26.420 [Test worker] INFO  o.s.d.r.c.RepositoryConfigurationDelegate - Bootstrapping Spring Data JPA repositories in DEFAULT mode.
26-04-09 16:12:26.538 [Test worker] INFO  o.s.d.r.c.RepositoryConfigurationDelegate - Finished Spring Data repository scanning in 105 ms. Found 6 JPA repository interfaces.
26-04-09 16:12:27.274 [Test worker] INFO  com.zaxxer.hikari.HikariDataSource - HikariPool-1 - Starting...
26-04-09 16:12:27.530 [Test worker] INFO  com.zaxxer.hikari.pool.HikariPool - HikariPool-1 - Added connection org.postgresql.jdbc.PgConnection@7be62956
26-04-09 16:12:27.532 [Test worker] INFO  com.zaxxer.hikari.HikariDataSource - HikariPool-1 - Start completed.
26-04-09 16:12:27.688 [Test worker] INFO  o.h.jpa.internal.util.LogHelper - HHH000204: Processing PersistenceUnitInfo [name: default]
26-04-09 16:12:27.793 [Test worker] INFO  org.hibernate.Version - HHH000412: Hibernate ORM core version 6.6.41.Final
26-04-09 16:12:27.866 [Test worker] INFO  o.h.c.i.RegionFactoryInitiator - HHH000026: Second-level cache disabled
26-04-09 16:12:28.389 [Test worker] INFO  o.s.o.j.p.SpringPersistenceUnitInfo - No LoadTimeWeaver setup: ignoring JPA class transformer
26-04-09 16:12:28.475 [Test worker] WARN  org.hibernate.orm.deprecation - HHH90000025: PostgreSQLDialect does not need to be specified explicitly using 'hibernate.dialect' (remove the property setting and it will be selected by default)
26-04-09 16:12:28.499 [Test worker] INFO  o.hibernate.orm.connections.pooling - HHH10001005: Database info:
	Database JDBC URL [Connecting through datasource 'HikariDataSource (HikariPool-1)']
	Database driver: undefined/unknown
	Database version: 17.8
	Autocommit mode: undefined/unknown
	Isolation level: undefined/unknown
	Minimum pool size: undefined/unknown
	Maximum pool size: undefined/unknown
26-04-09 16:12:29.922 [Test worker] INFO  o.h.e.t.j.p.i.JtaPlatformInitiator - HHH000489: No JTA platform available (set 'hibernate.transaction.jta.platform' to enable JTA platform integration)
26-04-09 16:12:30.109 [Test worker] INFO  o.s.o.j.LocalContainerEntityManagerFactoryBean - Initialized JPA EntityManagerFactory for persistence unit 'default'
26-04-09 16:12:30.621 [Test worker] INFO  o.s.d.j.r.query.QueryEnhancerFactory - Hibernate is in classpath; If applicable, HQL parser will be used.
26-04-09 16:12:31.570 [Test worker] WARN  o.s.b.a.o.j.JpaBaseConfiguration$JpaWebConfiguration - spring.jpa.open-in-view is enabled by default. Therefore, database queries may be performed during view rendering. Explicitly configure spring.jpa.open-in-view to disable this warning
26-04-09 16:12:31.608 [Test worker] INFO  o.s.b.a.w.s.WelcomePageHandlerMapping - Adding welcome page: class path resource [static/index.html]
26-04-09 16:12:32.558 [Test worker] INFO  o.s.b.a.e.web.EndpointLinksResolver - Exposing 4 endpoints beneath base path '/actuator'
26-04-09 16:12:32.683 [Test worker] INFO  c.s.m.d.DiscodeitApplicationTests - Started DiscodeitApplicationTests in 8.582 seconds (process running for 10.314)
26-04-09 16:12:33.210 [Test worker] INFO  o.s.t.c.s.AnnotationConfigContextLoaderUtils - Could not detect default configuration classes for test class [com.sprint.mission.discodeit.controller.ChannelControllerTest]: ChannelControllerTest does not declare any static, non-private, non-final, nested classes annotated with @Configuration.
26-04-09 16:12:33.259 [Test worker] INFO  o.s.b.t.c.SpringBootTestContextBootstrapper - Found @SpringBootConfiguration com.sprint.mission.discodeit.DiscodeitApplication for test class com.sprint.mission.discodeit.controller.ChannelControllerTest
26-04-09 16:12:33.310 [Test worker] INFO  c.s.m.d.c.ChannelControllerTest - Starting ChannelControllerTest using Java 17.0.17 with PID 11356 (started by dev in C:\Users\dev\IdeaProjects\Tim\9-sprint-mission\discodeit)
26-04-09 16:12:33.311 [Test worker] INFO  c.s.m.d.c.ChannelControllerTest - The following 1 profile is active: "dev"
26-04-09 16:12:33.962 [Test worker] INFO  o.s.b.a.w.s.WelcomePageHandlerMapping - Adding welcome page: class path resource [static/index.html]
26-04-09 16:12:34.156 [Test worker] INFO  o.s.b.t.m.w.SpringBootMockServletContext - Initializing Spring TestDispatcherServlet ''
26-04-09 16:12:34.157 [Test worker] INFO  o.s.t.w.s.TestDispatcherServlet - Initializing Servlet ''
26-04-09 16:12:34.161 [Test worker] INFO  o.s.t.w.s.TestDispatcherServlet - Completed initialization in 2 ms
26-04-09 16:12:34.188 [Test worker] INFO  c.s.m.d.c.ChannelControllerTest - Started ChannelControllerTest in 0.925 seconds (process running for 11.819)
26-04-09 16:12:34.661 [Test worker] INFO  c.s.m.d.controller.ChannelController - 공개 채널 생성 요청 들어옴! 채널명: 공개방
26-04-09 16:12:34.801 [Test worker] INFO  o.s.t.c.s.AnnotationConfigContextLoaderUtils - Could not detect default configuration classes for test class [com.sprint.mission.discodeit.controller.MessageControllerTest]: MessageControllerTest does not declare any static, non-private, non-final, nested classes annotated with @Configuration.
26-04-09 16:12:34.846 [Test worker] INFO  o.s.b.t.c.SpringBootTestContextBootstrapper - Found @SpringBootConfiguration com.sprint.mission.discodeit.DiscodeitApplication for test class com.sprint.mission.discodeit.controller.MessageControllerTest
26-04-09 16:12:34.942 [Test worker] INFO  c.s.m.d.c.MessageControllerTest - Starting MessageControllerTest using Java 17.0.17 with PID 11356 (started by dev in C:\Users\dev\IdeaProjects\Tim\9-sprint-mission\discodeit)
26-04-09 16:12:34.943 [Test worker] INFO  c.s.m.d.c.MessageControllerTest - The following 1 profile is active: "dev"
26-04-09 16:12:35.410 [Test worker] INFO  o.s.b.a.w.s.WelcomePageHandlerMapping - Adding welcome page: class path resource [static/index.html]
26-04-09 16:12:35.533 [Test worker] INFO  o.s.b.t.m.w.SpringBootMockServletContext - Initializing Spring TestDispatcherServlet ''
26-04-09 16:12:35.534 [Test worker] INFO  o.s.t.w.s.TestDispatcherServlet - Initializing Servlet ''
26-04-09 16:12:35.535 [Test worker] INFO  o.s.t.w.s.TestDispatcherServlet - Completed initialization in 1 ms
26-04-09 16:12:35.552 [Test worker] INFO  c.s.m.d.c.MessageControllerTest - Started MessageControllerTest in 0.692 seconds (process running for 13.183)
26-04-09 16:12:35.632 [Test worker] INFO  c.s.m.d.controller.MessageController - 메시지 생성 요청 들어옴! 채널 ID: 0b8b4510-5856-4b21-91af-0ca630fa8ee5, 작성자 ID: 92e2b952-5ec5-402a-86e8-fe02547f45f3
26-04-09 16:12:35.654 [Test worker] INFO  o.s.t.c.s.AnnotationConfigContextLoaderUtils - Could not detect default configuration classes for test class [com.sprint.mission.discodeit.controller.UserControllerTest]: UserControllerTest does not declare any static, non-private, non-final, nested classes annotated with @Configuration.
26-04-09 16:12:35.679 [Test worker] INFO  o.s.b.t.c.SpringBootTestContextBootstrapper - Found @SpringBootConfiguration com.sprint.mission.discodeit.DiscodeitApplication for test class com.sprint.mission.discodeit.controller.UserControllerTest
26-04-09 16:12:35.747 [Test worker] INFO  c.s.m.d.c.UserControllerTest - Starting UserControllerTest using Java 17.0.17 with PID 11356 (started by dev in C:\Users\dev\IdeaProjects\Tim\9-sprint-mission\discodeit)
26-04-09 16:12:35.747 [Test worker] INFO  c.s.m.d.c.UserControllerTest - The following 1 profile is active: "dev"
26-04-09 16:12:36.164 [Test worker] INFO  o.s.b.a.w.s.WelcomePageHandlerMapping - Adding welcome page: class path resource [static/index.html]
26-04-09 16:12:36.271 [Test worker] INFO  o.s.b.t.m.w.SpringBootMockServletContext - Initializing Spring TestDispatcherServlet ''
26-04-09 16:12:36.272 [Test worker] INFO  o.s.t.w.s.TestDispatcherServlet - Initializing Servlet ''
26-04-09 16:12:36.273 [Test worker] INFO  o.s.t.w.s.TestDispatcherServlet - Completed initialization in 0 ms
26-04-09 16:12:36.287 [Test worker] INFO  c.s.m.d.c.UserControllerTest - Started UserControllerTest in 0.601 seconds (process running for 13.918)
26-04-09 16:12:36.369 [Test worker] INFO  c.s.m.d.controller.UserController - 새로운 유저 가입 요청 들어옴!! 이름: tester, 이메일: test@test.com
26-04-09 16:12:36.393 [Test worker] INFO  o.s.t.c.s.AnnotationConfigContextLoaderUtils - Could not detect default configuration classes for test class [com.sprint.mission.discodeit.integration.ChannelIntegrationTest]: ChannelIntegrationTest does not declare any static, non-private, non-final, nested classes annotated with @Configuration.
26-04-09 16:12:36.413 [Test worker] INFO  o.s.b.t.c.SpringBootTestContextBootstrapper - Found @SpringBootConfiguration com.sprint.mission.discodeit.DiscodeitApplication for test class com.sprint.mission.discodeit.integration.ChannelIntegrationTest
26-04-09 16:12:36.472 [Test worker] INFO  c.s.m.d.i.ChannelIntegrationTest - Starting ChannelIntegrationTest using Java 17.0.17 with PID 11356 (started by dev in C:\Users\dev\IdeaProjects\Tim\9-sprint-mission\discodeit)
26-04-09 16:12:36.473 [Test worker] INFO  c.s.m.d.i.ChannelIntegrationTest - The following 1 profile is active: "test"
26-04-09 16:12:37.201 [Test worker] INFO  o.s.d.r.c.RepositoryConfigurationDelegate - Bootstrapping Spring Data JPA repositories in DEFAULT mode.
26-04-09 16:12:37.251 [Test worker] INFO  o.s.d.r.c.RepositoryConfigurationDelegate - Finished Spring Data repository scanning in 46 ms. Found 6 JPA repository interfaces.
26-04-09 16:12:37.456 [Test worker] INFO  com.zaxxer.hikari.HikariDataSource - HikariPool-2 - Starting...
26-04-09 16:12:37.793 [Test worker] INFO  com.zaxxer.hikari.pool.HikariPool - HikariPool-2 - Added connection conn0: url=jdbc:h2:mem:testdb user=SA
26-04-09 16:12:37.794 [Test worker] INFO  com.zaxxer.hikari.HikariDataSource - HikariPool-2 - Start completed.
26-04-09 16:12:37.885 [Test worker] INFO  o.h.jpa.internal.util.LogHelper - HHH000204: Processing PersistenceUnitInfo [name: default]
26-04-09 16:12:37.896 [Test worker] INFO  o.h.c.i.RegionFactoryInitiator - HHH000026: Second-level cache disabled
26-04-09 16:12:37.926 [Test worker] INFO  o.s.o.j.p.SpringPersistenceUnitInfo - No LoadTimeWeaver setup: ignoring JPA class transformer
26-04-09 16:12:37.932 [Test worker] WARN  org.hibernate.orm.deprecation - HHH90000025: H2Dialect does not need to be specified explicitly using 'hibernate.dialect' (remove the property setting and it will be selected by default)
26-04-09 16:12:37.944 [Test worker] INFO  o.hibernate.orm.connections.pooling - HHH10001005: Database info:
	Database JDBC URL [Connecting through datasource 'HikariDataSource (HikariPool-2)']
	Database driver: undefined/unknown
	Database version: 2.3.232
	Autocommit mode: undefined/unknown
	Isolation level: undefined/unknown
	Minimum pool size: undefined/unknown
	Maximum pool size: undefined/unknown
26-04-09 16:12:38.141 [Test worker] INFO  o.h.e.t.j.p.i.JtaPlatformInitiator - HHH000489: No JTA platform available (set 'hibernate.transaction.jta.platform' to enable JTA platform integration)
26-04-09 16:12:38.144 [Test worker] DEBUG org.hibernate.SQL - 
    drop table if exists binary_contents cascade 
26-04-09 16:12:38.148 [Test worker] DEBUG org.hibernate.SQL - 
    drop table if exists channel_participants cascade 
26-04-09 16:12:38.149 [Test worker] DEBUG org.hibernate.SQL - 
    drop table if exists channels cascade 
26-04-09 16:12:38.150 [Test worker] DEBUG org.hibernate.SQL - 
    drop table if exists messages cascade 
26-04-09 16:12:38.152 [Test worker] DEBUG org.hibernate.SQL - 
    drop table if exists read_statuses cascade 
26-04-09 16:12:38.152 [Test worker] DEBUG org.hibernate.SQL - 
    drop table if exists user_statuses cascade 
26-04-09 16:12:38.153 [Test worker] DEBUG org.hibernate.SQL - 
    drop table if exists users cascade 
26-04-09 16:12:38.159 [Test worker] DEBUG org.hibernate.SQL - 
    create table binary_contents (
        created_at timestamp with time zone not null,
        size bigint,
        id uuid not null,
        message_id uuid,
        content_type varchar(255),
        file_name varchar(255),
        primary key (id)
    )
26-04-09 16:12:38.161 [Test worker] DEBUG org.hibernate.SQL - 
    create table channel_participants (
        channel_id uuid not null,
        user_id uuid not null
    )
26-04-09 16:12:38.162 [Test worker] DEBUG org.hibernate.SQL - 
    create table channels (
        created_at timestamp with time zone not null,
        last_message_at timestamp(6) with time zone,
        updated_at timestamp with time zone,
        id uuid not null,
        name varchar(100) not null,
        description varchar(500),
        type enum ('PRIVATE','PUBLIC') not null,
        primary key (id)
    )
26-04-09 16:12:38.164 [Test worker] DEBUG org.hibernate.SQL - 
    create table messages (
        created_at timestamp with time zone not null,
        updated_at timestamp with time zone,
        author_id uuid not null,
        channel_id uuid not null,
        id uuid not null,
        content TEXT not null,
        primary key (id)
    )
26-04-09 16:12:38.166 [Test worker] DEBUG org.hibernate.SQL - 
    create table read_statuses (
        created_at timestamp with time zone not null,
        last_read_at timestamp(6) with time zone,
        updated_at timestamp with time zone,
        channel_id uuid,
        id uuid not null,
        user_id uuid,
        primary key (id)
    )
26-04-09 16:12:38.168 [Test worker] DEBUG org.hibernate.SQL - 
    create table user_statuses (
        created_at timestamp(6) with time zone,
        last_active_at timestamp(6) with time zone,
        updated_at timestamp(6) with time zone,
        id uuid not null,
        user_id uuid unique,
        primary key (id)
    )
26-04-09 16:12:38.170 [Test worker] DEBUG org.hibernate.SQL - 
    create table users (
        created_at timestamp with time zone not null,
        updated_at timestamp with time zone,
        id uuid not null,
        profile_id uuid unique,
        username varchar(50) not null unique,
        password varchar(60) not null,
        email varchar(100) not null unique,
        primary key (id)
    )
26-04-09 16:12:38.174 [Test worker] DEBUG org.hibernate.SQL - 
    alter table if exists binary_contents 
       add constraint FKaffo4mpem38t2jgoewjgbri2y 
       foreign key (message_id) 
       references messages
26-04-09 16:12:38.197 [Test worker] DEBUG org.hibernate.SQL - 
    alter table if exists channel_participants 
       add constraint FKljc2c43m89q7xiia8vr5in7nt 
       foreign key (user_id) 
       references users
26-04-09 16:12:38.199 [Test worker] DEBUG org.hibernate.SQL - 
    alter table if exists channel_participants 
       add constraint FKsj8j1v58oh34x4kjttfjorvk1 
       foreign key (channel_id) 
       references channels
26-04-09 16:12:38.200 [Test worker] DEBUG org.hibernate.SQL - 
    alter table if exists messages 
       add constraint FKowtlim26svclkatusptbgi7u1 
       foreign key (author_id) 
       references users
26-04-09 16:12:38.202 [Test worker] DEBUG org.hibernate.SQL - 
    alter table if exists messages 
       add constraint FK3u3ckbhwq9se1cmopk2pq05b2 
       foreign key (channel_id) 
       references channels
26-04-09 16:12:38.205 [Test worker] DEBUG org.hibernate.SQL - 
    alter table if exists read_statuses 
       add constraint FKa38ri44ml4gfdpklx4ahqr8gd 
       foreign key (channel_id) 
       references channels
26-04-09 16:12:38.207 [Test worker] DEBUG org.hibernate.SQL - 
    alter table if exists read_statuses 
       add constraint FKml3k4wr9sj5yxrmj6d0aoib2e 
       foreign key (user_id) 
       references users
26-04-09 16:12:38.210 [Test worker] DEBUG org.hibernate.SQL - 
    alter table if exists user_statuses 
       add constraint FK4lfl3ei2ubchgcxrrpo3pw4mm 
       foreign key (user_id) 
       references users
26-04-09 16:12:38.211 [Test worker] DEBUG org.hibernate.SQL - 
    alter table if exists users 
       add constraint FKtbudycgrip49xdptogmhfqnso 
       foreign key (profile_id) 
       references binary_contents
26-04-09 16:12:38.219 [Test worker] INFO  o.s.o.j.LocalContainerEntityManagerFactoryBean - Initialized JPA EntityManagerFactory for persistence unit 'default'
26-04-09 16:12:38.533 [Test worker] WARN  o.s.b.a.o.j.JpaBaseConfiguration$JpaWebConfiguration - spring.jpa.open-in-view is enabled by default. Therefore, database queries may be performed during view rendering. Explicitly configure spring.jpa.open-in-view to disable this warning
26-04-09 16:12:38.555 [Test worker] INFO  o.s.b.a.w.s.WelcomePageHandlerMapping - Adding welcome page: class path resource [static/index.html]
26-04-09 16:12:39.082 [Test worker] INFO  o.s.b.t.m.w.SpringBootMockServletContext - Initializing Spring TestDispatcherServlet ''
26-04-09 16:12:39.083 [Test worker] INFO  o.s.t.w.s.TestDispatcherServlet - Initializing Servlet ''
26-04-09 16:12:39.090 [Test worker] INFO  o.s.b.a.e.web.EndpointLinksResolver - Exposing 4 endpoints beneath base path '/actuator'
26-04-09 16:12:39.109 [Test worker] INFO  o.s.t.w.s.TestDispatcherServlet - Completed initialization in 26 ms
26-04-09 16:12:39.171 [Test worker] INFO  c.s.m.d.i.ChannelIntegrationTest - Started ChannelIntegrationTest in 2.753 seconds (process running for 16.802)
26-04-09 16:12:39.227 [Test worker] INFO  c.s.m.d.controller.ChannelController - 공개 채널 생성 요청 들어옴! 채널명: 통합채널
26-04-09 16:12:39.227 [Test worker] INFO  c.s.m.d.s.basic.BasicChannelService - 공개 채널 생성 로직 시작 - 채널명: 통합채널
26-04-09 16:12:39.227 [Test worker] INFO  c.s.m.d.s.basic.BasicChannelService - 공개 채널 생성 및 DB 저장 완료!
26-04-09 16:12:39.465 [Test worker] DEBUG org.hibernate.SQL - 
    insert 
    into
        channels
        (created_at, description, last_message_at, name, type, updated_at, id) 
    values
        (?, ?, ?, ?, ?, ?, ?)
26-04-09 16:12:39.472 [Test worker] TRACE org.hibernate.orm.jdbc.bind - binding parameter (1:TIMESTAMP_UTC) <- [2026-04-09T07:12:39.278058700Z]
26-04-09 16:12:39.478 [Test worker] TRACE org.hibernate.orm.jdbc.bind - binding parameter (2:VARCHAR) <- [설명]
26-04-09 16:12:39.479 [Test worker] TRACE org.hibernate.orm.jdbc.bind - binding parameter (3:TIMESTAMP_UTC) <- [2026-04-09T07:12:39.227058500Z]
26-04-09 16:12:39.479 [Test worker] TRACE org.hibernate.orm.jdbc.bind - binding parameter (4:VARCHAR) <- [통합채널]
26-04-09 16:12:39.479 [Test worker] TRACE org.hibernate.orm.jdbc.bind - binding parameter (5:ENUM) <- [PUBLIC]
26-04-09 16:12:39.479 [Test worker] TRACE org.hibernate.orm.jdbc.bind - binding parameter (6:TIMESTAMP_UTC) <- [2026-04-09T07:12:39.278058700Z]
26-04-09 16:12:39.479 [Test worker] TRACE org.hibernate.orm.jdbc.bind - binding parameter (7:UUID) <- [f8bc8f25-3ff2-4abb-92bf-ebab099a1fda]
26-04-09 16:12:39.525 [Test worker] DEBUG org.hibernate.SQL - 
    select
        c1_0.id,
        c1_0.created_at,
        c1_0.description,
        c1_0.last_message_at,
        c1_0.name,
        c1_0.type,
        c1_0.updated_at 
    from
        channels c1_0
26-04-09 16:12:39.698 [Test worker] INFO  c.s.m.d.controller.ChannelController - 채널 삭제 요청 들어옴! 대상 채널 ID: 2b2bbc32-e6fd-4b8f-9d64-3314ee267aef
26-04-09 16:12:39.699 [Test worker] INFO  c.s.m.d.s.basic.BasicChannelService - 채널 삭제 로직 시작 - 대상 채널 ID: 2b2bbc32-e6fd-4b8f-9d64-3314ee267aef
26-04-09 16:12:39.747 [Test worker] DEBUG org.hibernate.SQL - 
    insert 
    into
        channels
        (created_at, description, last_message_at, name, type, updated_at, id) 
    values
        (?, ?, ?, ?, ?, ?, ?)
26-04-09 16:12:39.748 [Test worker] TRACE org.hibernate.orm.jdbc.bind - binding parameter (1:TIMESTAMP_UTC) <- [2026-04-09T07:12:39.696069200Z]
26-04-09 16:12:39.748 [Test worker] TRACE org.hibernate.orm.jdbc.bind - binding parameter (2:VARCHAR) <- [설명]
26-04-09 16:12:39.748 [Test worker] TRACE org.hibernate.orm.jdbc.bind - binding parameter (3:TIMESTAMP_UTC) <- [2026-04-09T07:12:39.696069200Z]
26-04-09 16:12:39.748 [Test worker] TRACE org.hibernate.orm.jdbc.bind - binding parameter (4:VARCHAR) <- [삭제할채널]
26-04-09 16:12:39.749 [Test worker] TRACE org.hibernate.orm.jdbc.bind - binding parameter (5:ENUM) <- [PUBLIC]
26-04-09 16:12:39.749 [Test worker] TRACE org.hibernate.orm.jdbc.bind - binding parameter (6:TIMESTAMP_UTC) <- [2026-04-09T07:12:39.696069200Z]
26-04-09 16:12:39.749 [Test worker] TRACE org.hibernate.orm.jdbc.bind - binding parameter (7:UUID) <- [2b2bbc32-e6fd-4b8f-9d64-3314ee267aef]
26-04-09 16:12:39.750 [Test worker] DEBUG org.hibernate.SQL - 
    select
        m1_0.id,
        m1_0.author_id,
        m1_0.channel_id,
        m1_0.content,
        m1_0.created_at,
        m1_0.updated_at 
    from
        messages m1_0 
    left join
        channels c1_0 
            on c1_0.id=m1_0.channel_id 
    where
        c1_0.id=?
26-04-09 16:12:39.751 [Test worker] TRACE org.hibernate.orm.jdbc.bind - binding parameter (1:UUID) <- [2b2bbc32-e6fd-4b8f-9d64-3314ee267aef]
26-04-09 16:12:39.761 [Test worker] DEBUG org.hibernate.SQL - 
    select
        rs1_0.id,
        rs1_0.channel_id,
        rs1_0.created_at,
        rs1_0.last_read_at,
        rs1_0.updated_at,
        rs1_0.user_id 
    from
        read_statuses rs1_0 
    left join
        channels c1_0 
            on c1_0.id=rs1_0.channel_id 
    where
        c1_0.id=?
26-04-09 16:12:39.763 [Test worker] TRACE org.hibernate.orm.jdbc.bind - binding parameter (1:UUID) <- [2b2bbc32-e6fd-4b8f-9d64-3314ee267aef]
26-04-09 16:12:39.778 [Test worker] INFO  c.s.m.d.s.basic.BasicChannelService - 채널 삭제 완료 (연관된 메시지 및 읽음 상태 포함) - 대상 채널 ID: 2b2bbc32-e6fd-4b8f-9d64-3314ee267aef
26-04-09 16:12:39.794 [Test worker] INFO  o.s.t.c.s.AnnotationConfigContextLoaderUtils - Could not detect default configuration classes for test class [com.sprint.mission.discodeit.integration.MessageIntegrationTest]: MessageIntegrationTest does not declare any static, non-private, non-final, nested classes annotated with @Configuration.
26-04-09 16:12:39.800 [Test worker] INFO  o.s.b.t.c.SpringBootTestContextBootstrapper - Found @SpringBootConfiguration com.sprint.mission.discodeit.DiscodeitApplication for test class com.sprint.mission.discodeit.integration.MessageIntegrationTest
26-04-09 16:12:39.827 [Test worker] INFO  c.s.m.d.controller.MessageController - 메시지 생성 요청 들어옴! 채널 ID: 632820fe-8bf5-4144-a828-dd6c97530598, 작성자 ID: 1bc09173-5d64-4eb3-94d1-d8e84fefe3e8
26-04-09 16:12:39.828 [Test worker] INFO  c.s.m.d.s.basic.BasicMessageService - 메시지 생성 로직 시작 - 채널 ID: 632820fe-8bf5-4144-a828-dd6c97530598, 작성자 ID: 1bc09173-5d64-4eb3-94d1-d8e84fefe3e8
26-04-09 16:12:39.831 [Test worker] INFO  c.s.m.d.s.basic.BasicMessageService - 메시지 생성 및 파일 처리 완료!
26-04-09 16:12:39.862 [Test worker] INFO  o.s.t.c.s.AnnotationConfigContextLoaderUtils - Could not detect default configuration classes for test class [com.sprint.mission.discodeit.integration.UserIntegrationTest]: UserIntegrationTest does not declare any static, non-private, non-final, nested classes annotated with @Configuration.
26-04-09 16:12:39.869 [Test worker] INFO  o.s.b.t.c.SpringBootTestContextBootstrapper - Found @SpringBootConfiguration com.sprint.mission.discodeit.DiscodeitApplication for test class com.sprint.mission.discodeit.integration.UserIntegrationTest
26-04-09 16:12:39.884 [Test worker] INFO  c.s.m.d.controller.UserController - 새로운 유저 가입 요청 들어옴!! 이름: integration_user, 이메일: integration@test.com
26-04-09 16:12:39.885 [Test worker] INFO  c.s.m.d.s.basic.BasicUserService - 사용자 생성 로직 시작 - username: integration_user, email: integration@test.com
26-04-09 16:12:39.892 [Test worker] DEBUG org.hibernate.SQL - 
    select
        u1_0.id 
    from
        users u1_0 
    where
        u1_0.email=? 
    fetch
        first ? rows only
26-04-09 16:12:39.894 [Test worker] TRACE org.hibernate.orm.jdbc.bind - binding parameter (1:VARCHAR) <- [integration@test.com]
26-04-09 16:12:39.894 [Test worker] TRACE org.hibernate.orm.jdbc.bind - binding parameter (2:INTEGER) <- [1]
26-04-09 16:12:39.897 [Test worker] DEBUG org.hibernate.SQL - 
    select
        u1_0.id 
    from
        users u1_0 
    where
        u1_0.username=? 
    fetch
        first ? rows only
26-04-09 16:12:39.898 [Test worker] TRACE org.hibernate.orm.jdbc.bind - binding parameter (1:VARCHAR) <- [integration_user]
26-04-09 16:12:39.898 [Test worker] TRACE org.hibernate.orm.jdbc.bind - binding parameter (2:INTEGER) <- [1]
26-04-09 16:12:39.901 [Test worker] INFO  c.s.m.d.s.basic.BasicUserService - 사용자 생성 및 DB 저장 완료 - username: integration_user
26-04-09 16:12:39.910 [Test worker] DEBUG org.hibernate.SQL - 
    insert 
    into
        users
        (created_at, email, password, profile_id, updated_at, username, id) 
    values
        (?, ?, ?, ?, ?, ?, ?)
26-04-09 16:12:39.911 [Test worker] TRACE org.hibernate.orm.jdbc.bind - binding parameter (1:TIMESTAMP_UTC) <- [2026-04-09T07:12:39.900144800Z]
26-04-09 16:12:39.911 [Test worker] TRACE org.hibernate.orm.jdbc.bind - binding parameter (2:VARCHAR) <- [integration@test.com]
26-04-09 16:12:39.911 [Test worker] TRACE org.hibernate.orm.jdbc.bind - binding parameter (3:VARCHAR) <- [pass123]
26-04-09 16:12:39.911 [Test worker] TRACE org.hibernate.orm.jdbc.bind - binding parameter (4:UUID) <- [null]
26-04-09 16:12:39.911 [Test worker] TRACE org.hibernate.orm.jdbc.bind - binding parameter (5:TIMESTAMP_UTC) <- [2026-04-09T07:12:39.900144800Z]
26-04-09 16:12:39.911 [Test worker] TRACE org.hibernate.orm.jdbc.bind - binding parameter (6:VARCHAR) <- [integration_user]
26-04-09 16:12:39.911 [Test worker] TRACE org.hibernate.orm.jdbc.bind - binding parameter (7:UUID) <- [94cddfa9-1172-4a96-a427-1f7e8005c428]
26-04-09 16:12:39.912 [Test worker] DEBUG org.hibernate.SQL - 
    insert 
    into
        user_statuses
        (created_at, last_active_at, updated_at, user_id, id) 
    values
        (?, ?, ?, ?, ?)
26-04-09 16:12:39.913 [Test worker] TRACE org.hibernate.orm.jdbc.bind - binding parameter (1:TIMESTAMP_UTC) <- [2026-04-09T07:12:39.899145600Z]
26-04-09 16:12:39.913 [Test worker] TRACE org.hibernate.orm.jdbc.bind - binding parameter (2:TIMESTAMP_UTC) <- [2026-04-09T07:12:39.899145600Z]
26-04-09 16:12:39.913 [Test worker] TRACE org.hibernate.orm.jdbc.bind - binding parameter (3:TIMESTAMP_UTC) <- [null]
26-04-09 16:12:39.913 [Test worker] TRACE org.hibernate.orm.jdbc.bind - binding parameter (4:UUID) <- [94cddfa9-1172-4a96-a427-1f7e8005c428]
26-04-09 16:12:39.913 [Test worker] TRACE org.hibernate.orm.jdbc.bind - binding parameter (5:UUID) <- [29b403eb-0b1b-4d16-964d-d06491411565]
26-04-09 16:12:39.914 [Test worker] DEBUG org.hibernate.SQL - 
    select
        u1_0.id 
    from
        users u1_0 
    where
        u1_0.username=? 
    fetch
        first ? rows only
26-04-09 16:12:39.914 [Test worker] TRACE org.hibernate.orm.jdbc.bind - binding parameter (1:VARCHAR) <- [integration_user]
26-04-09 16:12:39.915 [Test worker] TRACE org.hibernate.orm.jdbc.bind - binding parameter (2:INTEGER) <- [1]
26-04-09 16:12:39.933 [Test worker] INFO  c.s.m.d.controller.UserController - 새로운 유저 가입 요청 들어옴!! 이름: list_user, 이메일: list@test.com
26-04-09 16:12:39.933 [Test worker] INFO  c.s.m.d.s.basic.BasicUserService - 사용자 생성 로직 시작 - username: list_user, email: list@test.com
26-04-09 16:12:39.934 [Test worker] DEBUG org.hibernate.SQL - 
    select
        u1_0.id 
    from
        users u1_0 
    where
        u1_0.email=? 
    fetch
        first ? rows only
26-04-09 16:12:39.935 [Test worker] TRACE org.hibernate.orm.jdbc.bind - binding parameter (1:VARCHAR) <- [list@test.com]
26-04-09 16:12:39.935 [Test worker] TRACE org.hibernate.orm.jdbc.bind - binding parameter (2:INTEGER) <- [1]
26-04-09 16:12:39.937 [Test worker] DEBUG org.hibernate.SQL - 
    select
        u1_0.id 
    from
        users u1_0 
    where
        u1_0.username=? 
    fetch
        first ? rows only
26-04-09 16:12:39.939 [Test worker] TRACE org.hibernate.orm.jdbc.bind - binding parameter (1:VARCHAR) <- [list_user]
26-04-09 16:12:39.939 [Test worker] TRACE org.hibernate.orm.jdbc.bind - binding parameter (2:INTEGER) <- [1]
26-04-09 16:12:39.941 [Test worker] INFO  c.s.m.d.s.basic.BasicUserService - 사용자 생성 및 DB 저장 완료 - username: list_user
26-04-09 16:12:39.949 [Test worker] DEBUG org.hibernate.SQL - 
    insert 
    into
        users
        (created_at, email, password, profile_id, updated_at, username, id) 
    values
        (?, ?, ?, ?, ?, ?, ?)
26-04-09 16:12:39.949 [Test worker] TRACE org.hibernate.orm.jdbc.bind - binding parameter (1:TIMESTAMP_UTC) <- [2026-04-09T07:12:39.940143100Z]
26-04-09 16:12:39.950 [Test worker] TRACE org.hibernate.orm.jdbc.bind - binding parameter (2:VARCHAR) <- [list@test.com]
26-04-09 16:12:39.950 [Test worker] TRACE org.hibernate.orm.jdbc.bind - binding parameter (3:VARCHAR) <- [pass123]
26-04-09 16:12:39.950 [Test worker] TRACE org.hibernate.orm.jdbc.bind - binding parameter (4:UUID) <- [null]
26-04-09 16:12:39.950 [Test worker] TRACE org.hibernate.orm.jdbc.bind - binding parameter (5:TIMESTAMP_UTC) <- [2026-04-09T07:12:39.940143100Z]
26-04-09 16:12:39.950 [Test worker] TRACE org.hibernate.orm.jdbc.bind - binding parameter (6:VARCHAR) <- [list_user]
26-04-09 16:12:39.950 [Test worker] TRACE org.hibernate.orm.jdbc.bind - binding parameter (7:UUID) <- [e0d91227-01f4-4402-a345-40656fc78668]
26-04-09 16:12:39.951 [Test worker] DEBUG org.hibernate.SQL - 
    insert 
    into
        user_statuses
        (created_at, last_active_at, updated_at, user_id, id) 
    values
        (?, ?, ?, ?, ?)
26-04-09 16:12:39.952 [Test worker] TRACE org.hibernate.orm.jdbc.bind - binding parameter (1:TIMESTAMP_UTC) <- [2026-04-09T07:12:39.940143100Z]
26-04-09 16:12:39.952 [Test worker] TRACE org.hibernate.orm.jdbc.bind - binding parameter (2:TIMESTAMP_UTC) <- [2026-04-09T07:12:39.940143100Z]
26-04-09 16:12:39.952 [Test worker] TRACE org.hibernate.orm.jdbc.bind - binding parameter (3:TIMESTAMP_UTC) <- [null]
26-04-09 16:12:39.952 [Test worker] TRACE org.hibernate.orm.jdbc.bind - binding parameter (4:UUID) <- [e0d91227-01f4-4402-a345-40656fc78668]
26-04-09 16:12:39.953 [Test worker] TRACE org.hibernate.orm.jdbc.bind - binding parameter (5:UUID) <- [c007f507-ee3a-493a-9a3a-0f854eb76db8]
26-04-09 16:12:39.953 [Test worker] DEBUG org.hibernate.SQL - 
    select
        u1_0.id,
        u1_0.created_at,
        u1_0.email,
        u1_0.password,
        u1_0.profile_id,
        u1_0.updated_at,
        u1_0.username 
    from
        users u1_0
26-04-09 16:12:39.986 [Test worker] INFO  c.s.m.d.controller.UserController - 새로운 유저 가입 요청 들어옴!! 이름: del_user, 이메일: del@test.com
26-04-09 16:12:39.986 [Test worker] INFO  c.s.m.d.s.basic.BasicUserService - 사용자 생성 로직 시작 - username: del_user, email: del@test.com
26-04-09 16:12:39.988 [Test worker] DEBUG org.hibernate.SQL - 
    select
        u1_0.id 
    from
        users u1_0 
    where
        u1_0.email=? 
    fetch
        first ? rows only
26-04-09 16:12:39.989 [Test worker] TRACE org.hibernate.orm.jdbc.bind - binding parameter (1:VARCHAR) <- [del@test.com]
26-04-09 16:12:39.989 [Test worker] TRACE org.hibernate.orm.jdbc.bind - binding parameter (2:INTEGER) <- [1]
26-04-09 16:12:39.991 [Test worker] DEBUG org.hibernate.SQL - 
    select
        u1_0.id 
    from
        users u1_0 
    where
        u1_0.username=? 
    fetch
        first ? rows only
26-04-09 16:12:39.992 [Test worker] TRACE org.hibernate.orm.jdbc.bind - binding parameter (1:VARCHAR) <- [del_user]
26-04-09 16:12:39.992 [Test worker] TRACE org.hibernate.orm.jdbc.bind - binding parameter (2:INTEGER) <- [1]
26-04-09 16:12:39.994 [Test worker] INFO  c.s.m.d.s.basic.BasicUserService - 사용자 생성 및 DB 저장 완료 - username: del_user
26-04-09 16:12:39.998 [Test worker] DEBUG org.hibernate.SQL - 
    insert 
    into
        users
        (created_at, email, password, profile_id, updated_at, username, id) 
    values
        (?, ?, ?, ?, ?, ?, ?)
26-04-09 16:12:39.999 [Test worker] TRACE org.hibernate.orm.jdbc.bind - binding parameter (1:TIMESTAMP_UTC) <- [2026-04-09T07:12:39.993175800Z]
26-04-09 16:12:39.999 [Test worker] TRACE org.hibernate.orm.jdbc.bind - binding parameter (2:VARCHAR) <- [del@test.com]
26-04-09 16:12:39.999 [Test worker] TRACE org.hibernate.orm.jdbc.bind - binding parameter (3:VARCHAR) <- [pass123]
26-04-09 16:12:39.999 [Test worker] TRACE org.hibernate.orm.jdbc.bind - binding parameter (4:UUID) <- [null]
26-04-09 16:12:40.000 [Test worker] TRACE org.hibernate.orm.jdbc.bind - binding parameter (5:TIMESTAMP_UTC) <- [2026-04-09T07:12:39.993175800Z]
26-04-09 16:12:40.000 [Test worker] TRACE org.hibernate.orm.jdbc.bind - binding parameter (6:VARCHAR) <- [del_user]
26-04-09 16:12:40.000 [Test worker] TRACE org.hibernate.orm.jdbc.bind - binding parameter (7:UUID) <- [3b12be65-14eb-421e-b56b-53f7405b5332]
26-04-09 16:12:40.001 [Test worker] DEBUG org.hibernate.SQL - 
    insert 
    into
        user_statuses
        (created_at, last_active_at, updated_at, user_id, id) 
    values
        (?, ?, ?, ?, ?)
26-04-09 16:12:40.002 [Test worker] TRACE org.hibernate.orm.jdbc.bind - binding parameter (1:TIMESTAMP_UTC) <- [2026-04-09T07:12:39.993175800Z]
26-04-09 16:12:40.002 [Test worker] TRACE org.hibernate.orm.jdbc.bind - binding parameter (2:TIMESTAMP_UTC) <- [2026-04-09T07:12:39.993175800Z]
26-04-09 16:12:40.002 [Test worker] TRACE org.hibernate.orm.jdbc.bind - binding parameter (3:TIMESTAMP_UTC) <- [null]
26-04-09 16:12:40.002 [Test worker] TRACE org.hibernate.orm.jdbc.bind - binding parameter (4:UUID) <- [3b12be65-14eb-421e-b56b-53f7405b5332]
26-04-09 16:12:40.002 [Test worker] TRACE org.hibernate.orm.jdbc.bind - binding parameter (5:UUID) <- [51aadf18-5ef4-4cc3-b5d1-3f978be0b2af]
26-04-09 16:12:40.003 [Test worker] DEBUG org.hibernate.SQL - 
    select
        u1_0.id,
        u1_0.created_at,
        u1_0.email,
        u1_0.password,
        u1_0.profile_id,
        u1_0.updated_at,
        u1_0.username 
    from
        users u1_0 
    where
        u1_0.username=?
26-04-09 16:12:40.005 [Test worker] TRACE org.hibernate.orm.jdbc.bind - binding parameter (1:VARCHAR) <- [del_user]
26-04-09 16:12:40.008 [Test worker] INFO  c.s.m.d.controller.UserController - 유저 삭제 요청 들어옴! 대상 userId: 3b12be65-14eb-421e-b56b-53f7405b5332
26-04-09 16:12:40.009 [Test worker] INFO  c.s.m.d.s.basic.BasicUserService - 사용자 삭제 로직 시작 - 대상 userId: 3b12be65-14eb-421e-b56b-53f7405b5332
26-04-09 16:12:40.062 [Test worker] DEBUG org.hibernate.SQL - 
    select
        count(*) 
    from
        users u1_0 
    where
        u1_0.id=?
26-04-09 16:12:40.064 [Test worker] TRACE org.hibernate.orm.jdbc.bind - binding parameter (1:UUID) <- [3b12be65-14eb-421e-b56b-53f7405b5332]
26-04-09 16:12:40.072 [Test worker] INFO  c.s.m.d.s.basic.BasicUserService - 사용자 삭제 완료 - 삭제된 userId: 3b12be65-14eb-421e-b56b-53f7405b5332
26-04-09 16:12:40.089 [Test worker] INFO  o.s.t.c.s.AnnotationConfigContextLoaderUtils - Could not detect default configuration classes for test class [com.sprint.mission.discodeit.repository.ChannelRepositoryTest]: ChannelRepositoryTest does not declare any static, non-private, non-final, nested classes annotated with @Configuration.
26-04-09 16:12:40.129 [Test worker] INFO  o.s.b.t.c.SpringBootTestContextBootstrapper - Found @SpringBootConfiguration com.sprint.mission.discodeit.DiscodeitApplication for test class com.sprint.mission.discodeit.repository.ChannelRepositoryTest
26-04-09 16:12:40.175 [Test worker] INFO  c.s.m.d.r.ChannelRepositoryTest - Starting ChannelRepositoryTest using Java 17.0.17 with PID 11356 (started by dev in C:\Users\dev\IdeaProjects\Tim\9-sprint-mission\discodeit)
26-04-09 16:12:40.176 [Test worker] INFO  c.s.m.d.r.ChannelRepositoryTest - The following 1 profile is active: "test"
26-04-09 16:12:40.340 [Test worker] INFO  o.s.d.r.c.RepositoryConfigurationDelegate - Bootstrapping Spring Data JPA repositories in DEFAULT mode.
26-04-09 16:12:40.383 [Test worker] INFO  o.s.d.r.c.RepositoryConfigurationDelegate - Finished Spring Data repository scanning in 42 ms. Found 6 JPA repository interfaces.
26-04-09 16:12:40.407 [Test worker] INFO  o.s.b.t.a.j.TestDatabaseAutoConfiguration$EmbeddedDataSourceBeanFactoryPostProcessor - Replacing 'dataSource' DataSource bean with embedded version
26-04-09 16:12:40.456 [Test worker] INFO  o.s.j.d.e.EmbeddedDatabaseFactory - Starting embedded database: url='jdbc:h2:mem:b4d732ee-eded-4651-ac36-eb8ddd8b6c0d;DB_CLOSE_DELAY=-1;DB_CLOSE_ON_EXIT=false', username='sa'
26-04-09 16:12:40.533 [Test worker] INFO  o.h.jpa.internal.util.LogHelper - HHH000204: Processing PersistenceUnitInfo [name: default]
26-04-09 16:12:40.541 [Test worker] INFO  o.h.c.i.RegionFactoryInitiator - HHH000026: Second-level cache disabled
26-04-09 16:12:40.561 [Test worker] INFO  o.s.o.j.p.SpringPersistenceUnitInfo - No LoadTimeWeaver setup: ignoring JPA class transformer
26-04-09 16:12:40.564 [Test worker] WARN  org.hibernate.orm.deprecation - HHH90000025: H2Dialect does not need to be specified explicitly using 'hibernate.dialect' (remove the property setting and it will be selected by default)
26-04-09 16:12:40.566 [Test worker] INFO  o.hibernate.orm.connections.pooling - HHH10001005: Database info:
	Database JDBC URL [Connecting through datasource 'org.springframework.jdbc.datasource.embedded.EmbeddedDatabaseFactory$EmbeddedDataSourceProxy@770f0e25']
	Database driver: undefined/unknown
	Database version: 2.3.232
	Autocommit mode: undefined/unknown
	Isolation level: undefined/unknown
	Minimum pool size: undefined/unknown
	Maximum pool size: undefined/unknown
26-04-09 16:12:40.696 [Test worker] INFO  o.h.e.t.j.p.i.JtaPlatformInitiator - HHH000489: No JTA platform available (set 'hibernate.transaction.jta.platform' to enable JTA platform integration)
26-04-09 16:12:40.696 [Test worker] DEBUG org.hibernate.SQL - 
    drop table if exists binary_contents cascade 
26-04-09 16:12:40.698 [Test worker] DEBUG org.hibernate.SQL - 
    drop table if exists channel_participants cascade 
26-04-09 16:12:40.698 [Test worker] DEBUG org.hibernate.SQL - 
    drop table if exists channels cascade 
26-04-09 16:12:40.699 [Test worker] DEBUG org.hibernate.SQL - 
    drop table if exists messages cascade 
26-04-09 16:12:40.700 [Test worker] DEBUG org.hibernate.SQL - 
    drop table if exists read_statuses cascade 
26-04-09 16:12:40.700 [Test worker] DEBUG org.hibernate.SQL - 
    drop table if exists user_statuses cascade 
26-04-09 16:12:40.701 [Test worker] DEBUG org.hibernate.SQL - 
    drop table if exists users cascade 
26-04-09 16:12:40.702 [Test worker] DEBUG org.hibernate.SQL - 
    create table binary_contents (
        created_at timestamp with time zone not null,
        size bigint,
        id uuid not null,
        message_id uuid,
        content_type varchar(255),
        file_name varchar(255),
        primary key (id)
    )
26-04-09 16:12:40.705 [Test worker] DEBUG org.hibernate.SQL - 
    create table channel_participants (
        channel_id uuid not null,
        user_id uuid not null
    )
26-04-09 16:12:40.706 [Test worker] DEBUG org.hibernate.SQL - 
    create table channels (
        created_at timestamp with time zone not null,
        last_message_at timestamp(6) with time zone,
        updated_at timestamp with time zone,
        id uuid not null,
        name varchar(100) not null,
        description varchar(500),
        type enum ('PRIVATE','PUBLIC') not null,
        primary key (id)
    )
26-04-09 16:12:40.707 [Test worker] DEBUG org.hibernate.SQL - 
    create table messages (
        created_at timestamp with time zone not null,
        updated_at timestamp with time zone,
        author_id uuid not null,
        channel_id uuid not null,
        id uuid not null,
        content TEXT not null,
        primary key (id)
    )
26-04-09 16:12:40.709 [Test worker] DEBUG org.hibernate.SQL - 
    create table read_statuses (
        created_at timestamp with time zone not null,
        last_read_at timestamp(6) with time zone,
        updated_at timestamp with time zone,
        channel_id uuid,
        id uuid not null,
        user_id uuid,
        primary key (id)
    )
26-04-09 16:12:40.710 [Test worker] DEBUG org.hibernate.SQL - 
    create table user_statuses (
        created_at timestamp(6) with time zone,
        last_active_at timestamp(6) with time zone,
        updated_at timestamp(6) with time zone,
        id uuid not null,
        user_id uuid unique,
        primary key (id)
    )
26-04-09 16:12:40.712 [Test worker] DEBUG org.hibernate.SQL - 
    create table users (
        created_at timestamp with time zone not null,
        updated_at timestamp with time zone,
        id uuid not null,
        profile_id uuid unique,
        username varchar(50) not null unique,
        password varchar(60) not null,
        email varchar(100) not null unique,
        primary key (id)
    )
26-04-09 16:12:40.714 [Test worker] DEBUG org.hibernate.SQL - 
    alter table if exists binary_contents 
       add constraint FKaffo4mpem38t2jgoewjgbri2y 
       foreign key (message_id) 
       references messages
26-04-09 16:12:40.716 [Test worker] DEBUG org.hibernate.SQL - 
    alter table if exists channel_participants 
       add constraint FKljc2c43m89q7xiia8vr5in7nt 
       foreign key (user_id) 
       references users
26-04-09 16:12:40.719 [Test worker] DEBUG org.hibernate.SQL - 
    alter table if exists channel_participants 
       add constraint FKsj8j1v58oh34x4kjttfjorvk1 
       foreign key (channel_id) 
       references channels
26-04-09 16:12:40.721 [Test worker] DEBUG org.hibernate.SQL - 
    alter table if exists messages 
       add constraint FKowtlim26svclkatusptbgi7u1 
       foreign key (author_id) 
       references users
26-04-09 16:12:40.723 [Test worker] DEBUG org.hibernate.SQL - 
    alter table if exists messages 
       add constraint FK3u3ckbhwq9se1cmopk2pq05b2 
       foreign key (channel_id) 
       references channels
26-04-09 16:12:40.725 [Test worker] DEBUG org.hibernate.SQL - 
    alter table if exists read_statuses 
       add constraint FKa38ri44ml4gfdpklx4ahqr8gd 
       foreign key (channel_id) 
       references channels
26-04-09 16:12:40.726 [Test worker] DEBUG org.hibernate.SQL - 
    alter table if exists read_statuses 
       add constraint FKml3k4wr9sj5yxrmj6d0aoib2e 
       foreign key (user_id) 
       references users
26-04-09 16:12:40.728 [Test worker] DEBUG org.hibernate.SQL - 
    alter table if exists user_statuses 
       add constraint FK4lfl3ei2ubchgcxrrpo3pw4mm 
       foreign key (user_id) 
       references users
26-04-09 16:12:40.730 [Test worker] DEBUG org.hibernate.SQL - 
    alter table if exists users 
       add constraint FKtbudycgrip49xdptogmhfqnso 
       foreign key (profile_id) 
       references binary_contents
26-04-09 16:12:40.732 [Test worker] INFO  o.s.o.j.LocalContainerEntityManagerFactoryBean - Initialized JPA EntityManagerFactory for persistence unit 'default'
26-04-09 16:12:40.866 [Test worker] INFO  c.s.m.d.r.ChannelRepositoryTest - Started ChannelRepositoryTest in 0.733 seconds (process running for 18.497)
26-04-09 16:12:40.893 [Test worker] DEBUG org.hibernate.SQL - 
    insert 
    into
        channels
        (created_at, description, last_message_at, name, type, updated_at, id) 
    values
        (?, ?, ?, ?, ?, ?, ?)
26-04-09 16:12:40.894 [Test worker] TRACE org.hibernate.orm.jdbc.bind - binding parameter (1:TIMESTAMP_UTC) <- [2026-04-09T07:12:40.887582500Z]
26-04-09 16:12:40.894 [Test worker] TRACE org.hibernate.orm.jdbc.bind - binding parameter (2:VARCHAR) <- [설명]
26-04-09 16:12:40.894 [Test worker] TRACE org.hibernate.orm.jdbc.bind - binding parameter (3:TIMESTAMP_UTC) <- [2026-04-09T07:12:40.887582500Z]
26-04-09 16:12:40.894 [Test worker] TRACE org.hibernate.orm.jdbc.bind - binding parameter (4:VARCHAR) <- [테스트 채널]
26-04-09 16:12:40.894 [Test worker] TRACE org.hibernate.orm.jdbc.bind - binding parameter (5:ENUM) <- [PUBLIC]
26-04-09 16:12:40.894 [Test worker] TRACE org.hibernate.orm.jdbc.bind - binding parameter (6:TIMESTAMP_UTC) <- [2026-04-09T07:12:40.887582500Z]
26-04-09 16:12:40.894 [Test worker] TRACE org.hibernate.orm.jdbc.bind - binding parameter (7:UUID) <- [24a8ab79-6d2c-4fba-ad68-c08767edc000]
26-04-09 16:12:40.897 [Test worker] DEBUG org.hibernate.SQL - 
    select
        c1_0.id,
        c1_0.created_at,
        c1_0.description,
        c1_0.last_message_at,
        c1_0.name,
        c1_0.type,
        c1_0.updated_at 
    from
        channels c1_0 
    offset
        ? rows 
    fetch
        first ? rows only
26-04-09 16:12:40.898 [Test worker] TRACE org.hibernate.orm.jdbc.bind - binding parameter (1:INTEGER) <- [0]
26-04-09 16:12:40.898 [Test worker] TRACE org.hibernate.orm.jdbc.bind - binding parameter (2:INTEGER) <- [10]
26-04-09 16:12:40.915 [Test worker] INFO  o.s.t.c.s.AnnotationConfigContextLoaderUtils - Could not detect default configuration classes for test class [com.sprint.mission.discodeit.repository.MessageRepositoryTest]: MessageRepositoryTest does not declare any static, non-private, non-final, nested classes annotated with @Configuration.
26-04-09 16:12:40.931 [Test worker] INFO  o.s.b.t.c.SpringBootTestContextBootstrapper - Found @SpringBootConfiguration com.sprint.mission.discodeit.DiscodeitApplication for test class com.sprint.mission.discodeit.repository.MessageRepositoryTest
26-04-09 16:12:40.947 [Test worker] DEBUG org.hibernate.SQL - 
    insert 
    into
        users
        (created_at, email, password, profile_id, updated_at, username, id) 
    values
        (?, ?, ?, ?, ?, ?, ?)
26-04-09 16:12:40.947 [Test worker] TRACE org.hibernate.orm.jdbc.bind - binding parameter (1:TIMESTAMP_UTC) <- [2026-04-09T07:12:40.938116Z]
26-04-09 16:12:40.947 [Test worker] TRACE org.hibernate.orm.jdbc.bind - binding parameter (2:VARCHAR) <- [u@t.com]
26-04-09 16:12:40.948 [Test worker] TRACE org.hibernate.orm.jdbc.bind - binding parameter (3:VARCHAR) <- [p]
26-04-09 16:12:40.948 [Test worker] TRACE org.hibernate.orm.jdbc.bind - binding parameter (4:UUID) <- [null]
26-04-09 16:12:40.948 [Test worker] TRACE org.hibernate.orm.jdbc.bind - binding parameter (5:TIMESTAMP_UTC) <- [2026-04-09T07:12:40.938116Z]
26-04-09 16:12:40.948 [Test worker] TRACE org.hibernate.orm.jdbc.bind - binding parameter (6:VARCHAR) <- [user]
26-04-09 16:12:40.949 [Test worker] TRACE org.hibernate.orm.jdbc.bind - binding parameter (7:UUID) <- [7b9c32e6-1c59-4e71-8b4d-e1c5cee9d84f]
26-04-09 16:12:40.951 [Test worker] DEBUG org.hibernate.SQL - 
    insert 
    into
        channels
        (created_at, description, last_message_at, name, type, updated_at, id) 
    values
        (?, ?, ?, ?, ?, ?, ?)
26-04-09 16:12:40.951 [Test worker] TRACE org.hibernate.orm.jdbc.bind - binding parameter (1:TIMESTAMP_UTC) <- [2026-04-09T07:12:40.938116Z]
26-04-09 16:12:40.951 [Test worker] TRACE org.hibernate.orm.jdbc.bind - binding parameter (2:VARCHAR) <- [d]
26-04-09 16:12:40.951 [Test worker] TRACE org.hibernate.orm.jdbc.bind - binding parameter (3:TIMESTAMP_UTC) <- [2026-04-09T07:12:40.938116Z]
26-04-09 16:12:40.951 [Test worker] TRACE org.hibernate.orm.jdbc.bind - binding parameter (4:VARCHAR) <- [c]
26-04-09 16:12:40.951 [Test worker] TRACE org.hibernate.orm.jdbc.bind - binding parameter (5:ENUM) <- [PUBLIC]
26-04-09 16:12:40.951 [Test worker] TRACE org.hibernate.orm.jdbc.bind - binding parameter (6:TIMESTAMP_UTC) <- [2026-04-09T07:12:40.938116Z]
26-04-09 16:12:40.951 [Test worker] TRACE org.hibernate.orm.jdbc.bind - binding parameter (7:UUID) <- [980ade0d-8ba4-434e-9115-92c15f47dc5c]
26-04-09 16:12:40.952 [Test worker] DEBUG org.hibernate.SQL - 
    insert 
    into
        messages
        (author_id, channel_id, content, created_at, updated_at, id) 
    values
        (?, ?, ?, ?, ?, ?)
26-04-09 16:12:40.953 [Test worker] TRACE org.hibernate.orm.jdbc.bind - binding parameter (1:UUID) <- [7b9c32e6-1c59-4e71-8b4d-e1c5cee9d84f]
26-04-09 16:12:40.953 [Test worker] TRACE org.hibernate.orm.jdbc.bind - binding parameter (2:UUID) <- [980ade0d-8ba4-434e-9115-92c15f47dc5c]
26-04-09 16:12:40.953 [Test worker] TRACE org.hibernate.orm.jdbc.bind - binding parameter (3:VARCHAR) <- [첫 번째]
26-04-09 16:12:40.953 [Test worker] TRACE org.hibernate.orm.jdbc.bind - binding parameter (4:TIMESTAMP_UTC) <- [2026-04-09T07:12:40.941116500Z]
26-04-09 16:12:40.953 [Test worker] TRACE org.hibernate.orm.jdbc.bind - binding parameter (5:TIMESTAMP_UTC) <- [2026-04-09T07:12:40.941116500Z]
26-04-09 16:12:40.953 [Test worker] TRACE org.hibernate.orm.jdbc.bind - binding parameter (6:UUID) <- [876f631c-e989-4a5e-89dc-4bff6ee3bc39]
26-04-09 16:12:40.955 [Test worker] DEBUG org.hibernate.SQL - 
    insert 
    into
        messages
        (author_id, channel_id, content, created_at, updated_at, id) 
    values
        (?, ?, ?, ?, ?, ?)
26-04-09 16:12:40.955 [Test worker] TRACE org.hibernate.orm.jdbc.bind - binding parameter (1:UUID) <- [7b9c32e6-1c59-4e71-8b4d-e1c5cee9d84f]
26-04-09 16:12:40.955 [Test worker] TRACE org.hibernate.orm.jdbc.bind - binding parameter (2:UUID) <- [980ade0d-8ba4-434e-9115-92c15f47dc5c]
26-04-09 16:12:40.955 [Test worker] TRACE org.hibernate.orm.jdbc.bind - binding parameter (3:VARCHAR) <- [두 번째]
26-04-09 16:12:40.956 [Test worker] TRACE org.hibernate.orm.jdbc.bind - binding parameter (4:TIMESTAMP_UTC) <- [2026-04-09T07:12:40.942116900Z]
26-04-09 16:12:40.956 [Test worker] TRACE org.hibernate.orm.jdbc.bind - binding parameter (5:TIMESTAMP_UTC) <- [2026-04-09T07:12:40.942116900Z]
26-04-09 16:12:40.956 [Test worker] TRACE org.hibernate.orm.jdbc.bind - binding parameter (6:UUID) <- [c5acb147-0196-4be0-81fa-8625f75a4752]
26-04-09 16:12:40.957 [Test worker] DEBUG org.hibernate.SQL - 
    select
        m1_0.id,
        m1_0.author_id,
        m1_0.channel_id,
        m1_0.content,
        m1_0.created_at,
        m1_0.updated_at 
    from
        messages m1_0 
    left join
        channels c1_0 
            on c1_0.id=m1_0.channel_id 
    where
        c1_0.id=? 
    fetch
        first ? rows only
26-04-09 16:12:40.958 [Test worker] TRACE org.hibernate.orm.jdbc.bind - binding parameter (1:UUID) <- [980ade0d-8ba4-434e-9115-92c15f47dc5c]
26-04-09 16:12:40.958 [Test worker] TRACE org.hibernate.orm.jdbc.bind - binding parameter (2:INTEGER) <- [11]
26-04-09 16:12:40.987 [Test worker] INFO  o.s.t.c.s.AnnotationConfigContextLoaderUtils - Could not detect default configuration classes for test class [com.sprint.mission.discodeit.repository.UserRepositoryTest]: UserRepositoryTest does not declare any static, non-private, non-final, nested classes annotated with @Configuration.
26-04-09 16:12:41.003 [Test worker] INFO  o.s.b.t.c.SpringBootTestContextBootstrapper - Found @SpringBootConfiguration com.sprint.mission.discodeit.DiscodeitApplication for test class com.sprint.mission.discodeit.repository.UserRepositoryTest
26-04-09 16:12:41.051 [Test worker] INFO  c.s.m.d.r.UserRepositoryTest - Starting UserRepositoryTest using Java 17.0.17 with PID 11356 (started by dev in C:\Users\dev\IdeaProjects\Tim\9-sprint-mission\discodeit)
26-04-09 16:12:41.051 [Test worker] INFO  c.s.m.d.r.UserRepositoryTest - The following 1 profile is active: "test"
26-04-09 16:12:41.208 [Test worker] INFO  o.s.d.r.c.RepositoryConfigurationDelegate - Bootstrapping Spring Data JPA repositories in DEFAULT mode.
26-04-09 16:12:41.248 [Test worker] INFO  o.s.d.r.c.RepositoryConfigurationDelegate - Finished Spring Data repository scanning in 38 ms. Found 6 JPA repository interfaces.
26-04-09 16:12:41.262 [Test worker] INFO  o.s.b.t.a.j.TestDatabaseAutoConfiguration$EmbeddedDataSourceBeanFactoryPostProcessor - Replacing 'dataSource' DataSource bean with embedded version
26-04-09 16:12:41.277 [Test worker] INFO  o.s.j.d.e.EmbeddedDatabaseFactory - Starting embedded database: url='jdbc:h2:mem:561f8413-8b7a-4fe1-9a15-8de6fa8ce04d;DB_CLOSE_DELAY=-1;DB_CLOSE_ON_EXIT=false', username='sa'
26-04-09 16:12:41.316 [Test worker] INFO  o.h.jpa.internal.util.LogHelper - HHH000204: Processing PersistenceUnitInfo [name: default]
26-04-09 16:12:41.325 [Test worker] INFO  o.h.c.i.RegionFactoryInitiator - HHH000026: Second-level cache disabled
26-04-09 16:12:41.345 [Test worker] INFO  o.s.o.j.p.SpringPersistenceUnitInfo - No LoadTimeWeaver setup: ignoring JPA class transformer
26-04-09 16:12:41.348 [Test worker] WARN  org.hibernate.orm.deprecation - HHH90000025: H2Dialect does not need to be specified explicitly using 'hibernate.dialect' (remove the property setting and it will be selected by default)
26-04-09 16:12:41.348 [Test worker] INFO  o.hibernate.orm.connections.pooling - HHH10001005: Database info:
	Database JDBC URL [Connecting through datasource 'org.springframework.jdbc.datasource.embedded.EmbeddedDatabaseFactory$EmbeddedDataSourceProxy@7e632933']
	Database driver: undefined/unknown
	Database version: 2.3.232
	Autocommit mode: undefined/unknown
	Isolation level: undefined/unknown
	Minimum pool size: undefined/unknown
	Maximum pool size: undefined/unknown
26-04-09 16:12:41.473 [Test worker] INFO  o.h.e.t.j.p.i.JtaPlatformInitiator - HHH000489: No JTA platform available (set 'hibernate.transaction.jta.platform' to enable JTA platform integration)
26-04-09 16:12:41.473 [Test worker] DEBUG org.hibernate.SQL - 
    drop table if exists binary_contents cascade 
26-04-09 16:12:41.475 [Test worker] DEBUG org.hibernate.SQL - 
    drop table if exists channel_participants cascade 
26-04-09 16:12:41.476 [Test worker] DEBUG org.hibernate.SQL - 
    drop table if exists channels cascade 
26-04-09 16:12:41.476 [Test worker] DEBUG org.hibernate.SQL - 
    drop table if exists messages cascade 
26-04-09 16:12:41.477 [Test worker] DEBUG org.hibernate.SQL - 
    drop table if exists read_statuses cascade 
26-04-09 16:12:41.477 [Test worker] DEBUG org.hibernate.SQL - 
    drop table if exists user_statuses cascade 
26-04-09 16:12:41.478 [Test worker] DEBUG org.hibernate.SQL - 
    drop table if exists users cascade 
26-04-09 16:12:41.479 [Test worker] DEBUG org.hibernate.SQL - 
    create table binary_contents (
        created_at timestamp with time zone not null,
        size bigint,
        id uuid not null,
        message_id uuid,
        content_type varchar(255),
        file_name varchar(255),
        primary key (id)
    )
26-04-09 16:12:41.481 [Test worker] DEBUG org.hibernate.SQL - 
    create table channel_participants (
        channel_id uuid not null,
        user_id uuid not null
    )
26-04-09 16:12:41.482 [Test worker] DEBUG org.hibernate.SQL - 
    create table channels (
        created_at timestamp with time zone not null,
        last_message_at timestamp(6) with time zone,
        updated_at timestamp with time zone,
        id uuid not null,
        name varchar(100) not null,
        description varchar(500),
        type enum ('PRIVATE','PUBLIC') not null,
        primary key (id)
    )
26-04-09 16:12:41.483 [Test worker] DEBUG org.hibernate.SQL - 
    create table messages (
        created_at timestamp with time zone not null,
        updated_at timestamp with time zone,
        author_id uuid not null,
        channel_id uuid not null,
        id uuid not null,
        content TEXT not null,
        primary key (id)
    )
26-04-09 16:12:41.485 [Test worker] DEBUG org.hibernate.SQL - 
    create table read_statuses (
        created_at timestamp with time zone not null,
        last_read_at timestamp(6) with time zone,
        updated_at timestamp with time zone,
        channel_id uuid,
        id uuid not null,
        user_id uuid,
        primary key (id)
    )
26-04-09 16:12:41.487 [Test worker] DEBUG org.hibernate.SQL - 
    create table user_statuses (
        created_at timestamp(6) with time zone,
        last_active_at timestamp(6) with time zone,
        updated_at timestamp(6) with time zone,
        id uuid not null,
        user_id uuid unique,
        primary key (id)
    )
26-04-09 16:12:41.489 [Test worker] DEBUG org.hibernate.SQL - 
    create table users (
        created_at timestamp with time zone not null,
        updated_at timestamp with time zone,
        id uuid not null,
        profile_id uuid unique,
        username varchar(50) not null unique,
        password varchar(60) not null,
        email varchar(100) not null unique,
        primary key (id)
    )
26-04-09 16:12:41.492 [Test worker] DEBUG org.hibernate.SQL - 
    alter table if exists binary_contents 
       add constraint FKaffo4mpem38t2jgoewjgbri2y 
       foreign key (message_id) 
       references messages
26-04-09 16:12:41.493 [Test worker] DEBUG org.hibernate.SQL - 
    alter table if exists channel_participants 
       add constraint FKljc2c43m89q7xiia8vr5in7nt 
       foreign key (user_id) 
       references users
26-04-09 16:12:41.495 [Test worker] DEBUG org.hibernate.SQL - 
    alter table if exists channel_participants 
       add constraint FKsj8j1v58oh34x4kjttfjorvk1 
       foreign key (channel_id) 
       references channels
26-04-09 16:12:41.497 [Test worker] DEBUG org.hibernate.SQL - 
    alter table if exists messages 
       add constraint FKowtlim26svclkatusptbgi7u1 
       foreign key (author_id) 
       references users
26-04-09 16:12:41.499 [Test worker] DEBUG org.hibernate.SQL - 
    alter table if exists messages 
       add constraint FK3u3ckbhwq9se1cmopk2pq05b2 
       foreign key (channel_id) 
       references channels
26-04-09 16:12:41.501 [Test worker] DEBUG org.hibernate.SQL - 
    alter table if exists read_statuses 
       add constraint FKa38ri44ml4gfdpklx4ahqr8gd 
       foreign key (channel_id) 
       references channels
26-04-09 16:12:41.504 [Test worker] DEBUG org.hibernate.SQL - 
    alter table if exists read_statuses 
       add constraint FKml3k4wr9sj5yxrmj6d0aoib2e 
       foreign key (user_id) 
       references users
26-04-09 16:12:41.506 [Test worker] DEBUG org.hibernate.SQL - 
    alter table if exists user_statuses 
       add constraint FK4lfl3ei2ubchgcxrrpo3pw4mm 
       foreign key (user_id) 
       references users
26-04-09 16:12:41.508 [Test worker] DEBUG org.hibernate.SQL - 
    alter table if exists users 
       add constraint FKtbudycgrip49xdptogmhfqnso 
       foreign key (profile_id) 
       references binary_contents
26-04-09 16:12:41.511 [Test worker] INFO  o.s.o.j.LocalContainerEntityManagerFactoryBean - Initialized JPA EntityManagerFactory for persistence unit 'default'
26-04-09 16:12:41.627 [Test worker] INFO  c.s.m.d.r.UserRepositoryTest - Started UserRepositoryTest in 0.62 seconds (process running for 19.258)
26-04-09 16:12:41.635 [Test worker] DEBUG org.hibernate.SQL - 
    select
        u1_0.id,
        u1_0.created_at,
        u1_0.email,
        u1_0.password,
        u1_0.profile_id,
        u1_0.updated_at,
        u1_0.username 
    from
        users u1_0 
    where
        u1_0.email=?
26-04-09 16:12:41.636 [Test worker] TRACE org.hibernate.orm.jdbc.bind - binding parameter (1:VARCHAR) <- [none@example.com]
26-04-09 16:12:42.252 [Test worker] INFO  c.s.m.d.s.basic.BasicChannelService - 채널 수정 로직 시작 - 대상 채널 ID: 22484446-4949-43d8-bbea-ea301aeadc55
26-04-09 16:12:42.254 [Test worker] WARN  c.s.m.d.s.basic.BasicChannelService - 채널 수정 실패: 비공개 채널은 수정할 수 없습니다. 채널 ID: 22484446-4949-43d8-bbea-ea301aeadc55
26-04-09 16:12:42.325 [Test worker] INFO  c.s.m.d.s.basic.BasicChannelService - 비공개 채널 생성 로직 시작
26-04-09 16:12:42.326 [Test worker] INFO  c.s.m.d.s.basic.BasicChannelService - 비공개 채널 생성 및 참여자 연결 완료!
26-04-09 16:12:42.331 [Test worker] INFO  c.s.m.d.s.basic.BasicChannelService - 채널 수정 로직 시작 - 대상 채널 ID: f7d8c813-ff48-4152-b24a-0c371bac1e29
26-04-09 16:12:42.331 [Test worker] INFO  c.s.m.d.s.basic.BasicChannelService - 채널 수정 완료 - 대상 채널 ID: f7d8c813-ff48-4152-b24a-0c371bac1e29
26-04-09 16:12:42.336 [Test worker] INFO  c.s.m.d.s.basic.BasicChannelService - 공개 채널 생성 로직 시작 - 채널명: 공개방
26-04-09 16:12:42.337 [Test worker] INFO  c.s.m.d.s.basic.BasicChannelService - 공개 채널 생성 및 DB 저장 완료!
26-04-09 16:12:42.341 [Test worker] INFO  c.s.m.d.s.basic.BasicChannelService - 채널 삭제 로직 시작 - 대상 채널 ID: 8150d9cb-eee3-4e54-96a9-5c72981b2232
26-04-09 16:12:42.342 [Test worker] INFO  c.s.m.d.s.basic.BasicChannelService - 채널 삭제 완료 (연관된 메시지 및 읽음 상태 포함) - 대상 채널 ID: 8150d9cb-eee3-4e54-96a9-5c72981b2232
26-04-09 16:12:42.490 [Test worker] INFO  c.s.m.d.s.basic.BasicMessageService - 메시지 생성 로직 시작 - 채널 ID: 0ba76d18-98cf-4f3f-8ad4-fc855d61e555, 작성자 ID: 908d6cf4-c855-4048-a343-2370924ef1cf
26-04-09 16:12:42.491 [Test worker] INFO  c.s.m.d.s.basic.BasicMessageService - 메시지 생성 및 파일 처리 완료!
26-04-09 16:12:42.496 [Test worker] INFO  c.s.m.d.s.basic.BasicMessageService - 메시지 수정 로직 시작 - 대상 메시지 ID: 4dc83e54-1db3-40fc-b5b4-73acd89680a7
26-04-09 16:12:42.497 [Test worker] WARN  c.s.m.d.s.basic.BasicMessageService - 메시지 수정 실패: 존재하지 않는 메시지 ID 입니다. (4dc83e54-1db3-40fc-b5b4-73acd89680a7)
26-04-09 16:12:42.501 [Test worker] INFO  c.s.m.d.s.basic.BasicMessageService - 메시지 삭제 로직 시작 - 대상 메시지 ID: 4bef2943-4d10-409d-aa51-d41e173afc70
26-04-09 16:12:42.502 [Test worker] INFO  c.s.m.d.s.basic.BasicMessageService - 메시지 삭제 완료 - 대상 메시지 ID: 4bef2943-4d10-409d-aa51-d41e173afc70
26-04-09 16:12:42.506 [Test worker] INFO  c.s.m.d.s.basic.BasicMessageService - 메시지 수정 로직 시작 - 대상 메시지 ID: 65a0b5e6-6dcf-4651-919b-4fdf81c267a7
26-04-09 16:12:42.507 [Test worker] INFO  c.s.m.d.s.basic.BasicMessageService - 메시지 수정 완료 - 대상 메시지 ID: 65a0b5e6-6dcf-4651-919b-4fdf81c267a7
26-04-09 16:12:42.558 [Test worker] INFO  c.s.m.d.s.basic.BasicUserService - 사용자 삭제 로직 시작 - 대상 userId: f681188c-673c-4e2e-84b7-2d025e0d6eb7
26-04-09 16:12:42.559 [Test worker] INFO  c.s.m.d.s.basic.BasicUserService - 사용자 삭제 완료 - 삭제된 userId: f681188c-673c-4e2e-84b7-2d025e0d6eb7
26-04-09 16:12:42.563 [Test worker] INFO  c.s.m.d.s.basic.BasicUserService - 사용자 정보 수정 로직 시작 - 대상 userId: b0ec9fa1-3e1d-48fd-8814-c5f53b5efe76
26-04-09 16:12:42.564 [Test worker] WARN  c.s.m.d.s.basic.BasicUserService - 사용자 수정 실패: 존재하지 않는 userId 입니다. (b0ec9fa1-3e1d-48fd-8814-c5f53b5efe76)
26-04-09 16:12:42.567 [Test worker] INFO  c.s.m.d.s.basic.BasicUserService - 사용자 삭제 로직 시작 - 대상 userId: 0b2ff7fe-7cbb-48e2-974a-6824a4e29f51
26-04-09 16:12:42.567 [Test worker] WARN  c.s.m.d.s.basic.BasicUserService - 사용자 삭제 실패: 존재하지 않는 userId 입니다. (0b2ff7fe-7cbb-48e2-974a-6824a4e29f51)
26-04-09 16:12:42.570 [Test worker] INFO  c.s.m.d.s.basic.BasicUserService - 사용자 생성 로직 시작 - username: 중복유저, email: test@test.com
26-04-09 16:12:42.571 [Test worker] WARN  c.s.m.d.s.basic.BasicUserService - 사용자 생성 실패: 이미 존재하는 이메일입니다. (test@test.com)
26-04-09 16:12:42.575 [Test worker] INFO  c.s.m.d.s.basic.BasicUserService - 사용자 정보 수정 로직 시작 - 대상 userId: 9c8f43af-ef39-442c-b7c9-cbbf617257ad
26-04-09 16:12:42.578 [Test worker] INFO  c.s.m.d.s.basic.BasicUserService - 사용자 정보 수정 완료 - 수정된 username: null
26-04-09 16:12:42.581 [Test worker] INFO  c.s.m.d.s.basic.BasicUserService - 사용자 생성 로직 시작 - username: 테스트유저, email: test@test.com
26-04-09 16:12:42.581 [Test worker] INFO  c.s.m.d.s.basic.BasicUserService - 사용자 생성 및 DB 저장 완료 - username: 테스트유저
26-04-09 16:12:44.413 [Test worker] INFO  o.s.t.c.s.AnnotationConfigContextLoaderUtils - Could not detect default configuration classes for test class [com.sprint.mission.discodeit.storage.s3.S3BinaryContentStorageTest]: S3BinaryContentStorageTest does not declare any static, non-private, non-final, nested classes annotated with @Configuration.
26-04-09 16:12:44.429 [Test worker] INFO  o.s.b.t.c.SpringBootTestContextBootstrapper - Found @SpringBootConfiguration com.sprint.mission.discodeit.DiscodeitApplication for test class com.sprint.mission.discodeit.storage.s3.S3BinaryContentStorageTest
26-04-09 16:12:44.472 [Test worker] INFO  c.s.m.d.s.s.S3BinaryContentStorageTest - Starting S3BinaryContentStorageTest using Java 17.0.17 with PID 11356 (started by dev in C:\Users\dev\IdeaProjects\Tim\9-sprint-mission\discodeit)
26-04-09 16:12:44.472 [Test worker] INFO  c.s.m.d.s.s.S3BinaryContentStorageTest - The following 1 profile is active: "dev"
26-04-09 16:12:44.933 [Test worker] INFO  o.s.d.r.c.RepositoryConfigurationDelegate - Bootstrapping Spring Data JPA repositories in DEFAULT mode.
26-04-09 16:12:44.972 [Test worker] INFO  o.s.d.r.c.RepositoryConfigurationDelegate - Finished Spring Data repository scanning in 36 ms. Found 6 JPA repository interfaces.
26-04-09 16:12:45.059 [Test worker] INFO  com.zaxxer.hikari.HikariDataSource - HikariPool-3 - Starting...
26-04-09 16:12:45.120 [Test worker] INFO  com.zaxxer.hikari.pool.HikariPool - HikariPool-3 - Added connection org.postgresql.jdbc.PgConnection@72b6c5b4
26-04-09 16:12:45.120 [Test worker] INFO  com.zaxxer.hikari.HikariDataSource - HikariPool-3 - Start completed.
26-04-09 16:12:45.140 [Test worker] INFO  o.h.jpa.internal.util.LogHelper - HHH000204: Processing PersistenceUnitInfo [name: default]
26-04-09 16:12:45.147 [Test worker] INFO  o.h.c.i.RegionFactoryInitiator - HHH000026: Second-level cache disabled
26-04-09 16:12:45.163 [Test worker] INFO  o.s.o.j.p.SpringPersistenceUnitInfo - No LoadTimeWeaver setup: ignoring JPA class transformer
26-04-09 16:12:45.175 [Test worker] WARN  org.hibernate.orm.deprecation - HHH90000025: PostgreSQLDialect does not need to be specified explicitly using 'hibernate.dialect' (remove the property setting and it will be selected by default)
26-04-09 16:12:45.177 [Test worker] INFO  o.hibernate.orm.connections.pooling - HHH10001005: Database info:
	Database JDBC URL [Connecting through datasource 'HikariDataSource (HikariPool-3)']
	Database driver: undefined/unknown
	Database version: 17.8
	Autocommit mode: undefined/unknown
	Isolation level: undefined/unknown
	Minimum pool size: undefined/unknown
	Maximum pool size: undefined/unknown
26-04-09 16:12:45.291 [Test worker] INFO  o.h.e.t.j.p.i.JtaPlatformInitiator - HHH000489: No JTA platform available (set 'hibernate.transaction.jta.platform' to enable JTA platform integration)
26-04-09 16:12:45.441 [Test worker] INFO  o.s.o.j.LocalContainerEntityManagerFactoryBean - Initialized JPA EntityManagerFactory for persistence unit 'default'
26-04-09 16:12:45.583 [Test worker] WARN  o.s.b.a.o.j.JpaBaseConfiguration$JpaWebConfiguration - spring.jpa.open-in-view is enabled by default. Therefore, database queries may be performed during view rendering. Explicitly configure spring.jpa.open-in-view to disable this warning
26-04-09 16:12:45.594 [Test worker] INFO  o.s.b.a.w.s.WelcomePageHandlerMapping - Adding welcome page: class path resource [static/index.html]
26-04-09 16:12:45.846 [Test worker] INFO  o.s.b.a.e.web.EndpointLinksResolver - Exposing 4 endpoints beneath base path '/actuator'
26-04-09 16:12:45.873 [Test worker] INFO  c.s.m.d.s.s.S3BinaryContentStorageTest - Started S3BinaryContentStorageTest in 1.439 seconds (process running for 23.504)
26-04-09 16:12:46.106 [SpringApplicationShutdownHook] INFO  o.s.o.j.LocalContainerEntityManagerFactoryBean - Closing JPA EntityManagerFactory for persistence unit 'default'
26-04-09 16:12:46.110 [SpringApplicationShutdownHook] INFO  com.zaxxer.hikari.HikariDataSource - HikariPool-1 - Shutdown initiated...
26-04-09 16:12:46.113 [SpringApplicationShutdownHook] INFO  com.zaxxer.hikari.HikariDataSource - HikariPool-1 - Shutdown completed.
26-04-09 16:12:46.121 [SpringApplicationShutdownHook] INFO  o.s.o.j.LocalContainerEntityManagerFactoryBean - Closing JPA EntityManagerFactory for persistence unit 'default'
26-04-09 16:12:46.123 [SpringApplicationShutdownHook] DEBUG org.hibernate.SQL - 
    drop table if exists binary_contents cascade 
26-04-09 16:12:46.124 [SpringApplicationShutdownHook] DEBUG org.hibernate.SQL - 
    drop table if exists channel_participants cascade 
26-04-09 16:12:46.124 [SpringApplicationShutdownHook] DEBUG org.hibernate.SQL - 
    drop table if exists channels cascade 
26-04-09 16:12:46.125 [SpringApplicationShutdownHook] DEBUG org.hibernate.SQL - 
    drop table if exists messages cascade 
26-04-09 16:12:46.125 [SpringApplicationShutdownHook] DEBUG org.hibernate.SQL - 
    drop table if exists read_statuses cascade 
26-04-09 16:12:46.126 [SpringApplicationShutdownHook] DEBUG org.hibernate.SQL - 
    drop table if exists user_statuses cascade 
26-04-09 16:12:46.126 [SpringApplicationShutdownHook] DEBUG org.hibernate.SQL - 
    drop table if exists users cascade 
26-04-09 16:12:46.127 [SpringApplicationShutdownHook] INFO  com.zaxxer.hikari.HikariDataSource - HikariPool-2 - Shutdown initiated...
26-04-09 16:12:46.130 [SpringApplicationShutdownHook] INFO  com.zaxxer.hikari.HikariDataSource - HikariPool-2 - Shutdown completed.
26-04-09 16:12:46.131 [SpringApplicationShutdownHook] INFO  o.s.o.j.LocalContainerEntityManagerFactoryBean - Closing JPA EntityManagerFactory for persistence unit 'default'
26-04-09 16:12:46.132 [SpringApplicationShutdownHook] DEBUG org.hibernate.SQL - 
    drop table if exists binary_contents cascade 
26-04-09 16:12:46.133 [SpringApplicationShutdownHook] DEBUG org.hibernate.SQL - 
    drop table if exists channel_participants cascade 
26-04-09 16:12:46.133 [SpringApplicationShutdownHook] DEBUG org.hibernate.SQL - 
    drop table if exists channels cascade 
26-04-09 16:12:46.134 [SpringApplicationShutdownHook] DEBUG org.hibernate.SQL - 
    drop table if exists messages cascade 
26-04-09 16:12:46.135 [SpringApplicationShutdownHook] DEBUG org.hibernate.SQL - 
    drop table if exists read_statuses cascade 
26-04-09 16:12:46.135 [SpringApplicationShutdownHook] DEBUG org.hibernate.SQL - 
    drop table if exists user_statuses cascade 
26-04-09 16:12:46.136 [SpringApplicationShutdownHook] DEBUG org.hibernate.SQL - 
    drop table if exists users cascade 
26-04-09 16:12:46.138 [SpringApplicationShutdownHook] INFO  o.s.o.j.LocalContainerEntityManagerFactoryBean - Closing JPA EntityManagerFactory for persistence unit 'default'
26-04-09 16:12:46.138 [SpringApplicationShutdownHook] DEBUG org.hibernate.SQL - 
    drop table if exists binary_contents cascade 
26-04-09 16:12:46.139 [SpringApplicationShutdownHook] DEBUG org.hibernate.SQL - 
    drop table if exists channel_participants cascade 
26-04-09 16:12:46.140 [SpringApplicationShutdownHook] DEBUG org.hibernate.SQL - 
    drop table if exists channels cascade 
26-04-09 16:12:46.141 [SpringApplicationShutdownHook] DEBUG org.hibernate.SQL - 
    drop table if exists messages cascade 
26-04-09 16:12:46.141 [SpringApplicationShutdownHook] DEBUG org.hibernate.SQL - 
    drop table if exists read_statuses cascade 
26-04-09 16:12:46.142 [SpringApplicationShutdownHook] DEBUG org.hibernate.SQL - 
    drop table if exists user_statuses cascade 
26-04-09 16:12:46.143 [SpringApplicationShutdownHook] DEBUG org.hibernate.SQL - 
    drop table if exists users cascade 
26-04-09 16:12:46.148 [SpringApplicationShutdownHook] INFO  o.s.o.j.LocalContainerEntityManagerFactoryBean - Closing JPA EntityManagerFactory for persistence unit 'default'
26-04-09 16:12:46.149 [SpringApplicationShutdownHook] INFO  com.zaxxer.hikari.HikariDataSource - HikariPool-3 - Shutdown initiated...
26-04-09 16:12:46.156 [SpringApplicationShutdownHook] INFO  com.zaxxer.hikari.HikariDataSource - HikariPool-3 - Shutdown completed.
