26-03-30 16:06:09.744 [background-preinit] INFO  o.h.validator.internal.util.Version - HV000001: Hibernate Validator 8.0.3.Final
26-03-30 16:06:09.825 [Test worker] INFO  c.s.m.d.r.UserRepositoryTest - Starting UserRepositoryTest using Java 17.0.17 with PID 7900 (started by dev in C:\Users\dev\IdeaProjects\Tim\9-sprint-mission\discodeit)
26-03-30 16:06:09.827 [Test worker] INFO  c.s.m.d.r.UserRepositoryTest - The following 1 profile is active: "test"
26-03-30 16:06:10.420 [Test worker] INFO  o.s.d.r.c.RepositoryConfigurationDelegate - Bootstrapping Spring Data JPA repositories in DEFAULT mode.
26-03-30 16:06:10.543 [Test worker] INFO  o.s.d.r.c.RepositoryConfigurationDelegate - Finished Spring Data repository scanning in 105 ms. Found 6 JPA repository interfaces.
26-03-30 16:06:10.623 [Test worker] INFO  o.s.b.t.a.j.TestDatabaseAutoConfiguration$EmbeddedDataSourceBeanFactoryPostProcessor - Replacing 'dataSource' DataSource bean with embedded version
26-03-30 16:06:10.753 [Test worker] INFO  o.s.j.d.e.EmbeddedDatabaseFactory - Starting embedded database: url='jdbc:h2:mem:265229a5-505d-4b41-ae15-1186fc760948;DB_CLOSE_DELAY=-1;DB_CLOSE_ON_EXIT=false', username='sa'
26-03-30 16:06:11.163 [Test worker] INFO  o.h.jpa.internal.util.LogHelper - HHH000204: Processing PersistenceUnitInfo [name: default]
26-03-30 16:06:11.276 [Test worker] INFO  org.hibernate.Version - HHH000412: Hibernate ORM core version 6.6.41.Final
26-03-30 16:06:11.338 [Test worker] INFO  o.h.c.i.RegionFactoryInitiator - HHH000026: Second-level cache disabled
26-03-30 16:06:11.857 [Test worker] INFO  o.s.o.j.p.SpringPersistenceUnitInfo - No LoadTimeWeaver setup: ignoring JPA class transformer
26-03-30 16:06:11.964 [Test worker] WARN  org.hibernate.orm.deprecation - HHH90000025: H2Dialect does not need to be specified explicitly using 'hibernate.dialect' (remove the property setting and it will be selected by default)
26-03-30 16:06:12.007 [Test worker] INFO  o.hibernate.orm.connections.pooling - HHH10001005: Database info:
	Database JDBC URL [Connecting through datasource 'org.springframework.jdbc.datasource.embedded.EmbeddedDatabaseFactory$EmbeddedDataSourceProxy@61b8c9de']
	Database driver: undefined/unknown
	Database version: 2.3.232
	Autocommit mode: undefined/unknown
	Isolation level: undefined/unknown
	Minimum pool size: undefined/unknown
	Maximum pool size: undefined/unknown
26-03-30 16:06:13.595 [Test worker] INFO  o.h.e.t.j.p.i.JtaPlatformInitiator - HHH000489: No JTA platform available (set 'hibernate.transaction.jta.platform' to enable JTA platform integration)
26-03-30 16:06:13.620 [Test worker] DEBUG org.hibernate.SQL - 
    drop table if exists binary_contents cascade 
26-03-30 16:06:13.623 [Test worker] DEBUG org.hibernate.SQL - 
    drop table if exists channel_participants cascade 
26-03-30 16:06:13.624 [Test worker] DEBUG org.hibernate.SQL - 
    drop table if exists channels cascade 
26-03-30 16:06:13.626 [Test worker] DEBUG org.hibernate.SQL - 
    drop table if exists messages cascade 
26-03-30 16:06:13.627 [Test worker] DEBUG org.hibernate.SQL - 
    drop table if exists read_statuses cascade 
26-03-30 16:06:13.628 [Test worker] DEBUG org.hibernate.SQL - 
    drop table if exists user_statuses cascade 
26-03-30 16:06:13.629 [Test worker] DEBUG org.hibernate.SQL - 
    drop table if exists users cascade 
26-03-30 16:06:13.637 [Test worker] DEBUG org.hibernate.SQL - 
    create table binary_contents (
        created_at timestamp with time zone not null,
        size bigint,
        id uuid not null,
        message_id uuid,
        content_type varchar(255),
        file_name varchar(255),
        primary key (id)
    )
26-03-30 16:06:13.640 [Test worker] DEBUG org.hibernate.SQL - 
    create table channel_participants (
        channel_id uuid not null,
        user_id uuid not null
    )
26-03-30 16:06:13.643 [Test worker] DEBUG org.hibernate.SQL - 
    create table channels (
        created_at timestamp with time zone not null,
        last_message_at timestamp(6) with time zone,
        updated_at timestamp with time zone,
        id uuid not null,
        name varchar(100) not null,
        description varchar(500),
        type enum ('PRIVATE','PUBLIC') not null,
        primary key (id)
    )
26-03-30 16:06:13.646 [Test worker] DEBUG org.hibernate.SQL - 
    create table messages (
        created_at timestamp with time zone not null,
        updated_at timestamp with time zone,
        author_id uuid not null,
        channel_id uuid not null,
        id uuid not null,
        content TEXT not null,
        primary key (id)
    )
26-03-30 16:06:13.647 [Test worker] DEBUG org.hibernate.SQL - 
    create table read_statuses (
        created_at timestamp with time zone not null,
        last_read_at timestamp(6) with time zone,
        updated_at timestamp with time zone,
        channel_id uuid,
        id uuid not null,
        user_id uuid,
        primary key (id)
    )
26-03-30 16:06:13.651 [Test worker] DEBUG org.hibernate.SQL - 
    create table user_statuses (
        created_at timestamp(6) with time zone,
        last_active_at timestamp(6) with time zone,
        updated_at timestamp(6) with time zone,
        id uuid not null,
        user_id uuid unique,
        primary key (id)
    )
26-03-30 16:06:13.653 [Test worker] DEBUG org.hibernate.SQL - 
    create table users (
        created_at timestamp with time zone not null,
        updated_at timestamp with time zone,
        id uuid not null,
        profile_id uuid unique,
        username varchar(50) not null unique,
        password varchar(60) not null,
        email varchar(100) not null unique,
        primary key (id)
    )
26-03-30 16:06:13.656 [Test worker] DEBUG org.hibernate.SQL - 
    alter table if exists binary_contents 
       add constraint FKaffo4mpem38t2jgoewjgbri2y 
       foreign key (message_id) 
       references messages
26-03-30 16:06:13.674 [Test worker] DEBUG org.hibernate.SQL - 
    alter table if exists channel_participants 
       add constraint FKljc2c43m89q7xiia8vr5in7nt 
       foreign key (user_id) 
       references users
26-03-30 16:06:13.676 [Test worker] DEBUG org.hibernate.SQL - 
    alter table if exists channel_participants 
       add constraint FKsj8j1v58oh34x4kjttfjorvk1 
       foreign key (channel_id) 
       references channels
26-03-30 16:06:13.678 [Test worker] DEBUG org.hibernate.SQL - 
    alter table if exists messages 
       add constraint FKowtlim26svclkatusptbgi7u1 
       foreign key (author_id) 
       references users
26-03-30 16:06:13.680 [Test worker] DEBUG org.hibernate.SQL - 
    alter table if exists messages 
       add constraint FK3u3ckbhwq9se1cmopk2pq05b2 
       foreign key (channel_id) 
       references channels
26-03-30 16:06:13.682 [Test worker] DEBUG org.hibernate.SQL - 
    alter table if exists read_statuses 
       add constraint FKa38ri44ml4gfdpklx4ahqr8gd 
       foreign key (channel_id) 
       references channels
26-03-30 16:06:13.684 [Test worker] DEBUG org.hibernate.SQL - 
    alter table if exists read_statuses 
       add constraint FKml3k4wr9sj5yxrmj6d0aoib2e 
       foreign key (user_id) 
       references users
26-03-30 16:06:13.687 [Test worker] DEBUG org.hibernate.SQL - 
    alter table if exists user_statuses 
       add constraint FK4lfl3ei2ubchgcxrrpo3pw4mm 
       foreign key (user_id) 
       references users
26-03-30 16:06:13.689 [Test worker] DEBUG org.hibernate.SQL - 
    alter table if exists users 
       add constraint FKtbudycgrip49xdptogmhfqnso 
       foreign key (profile_id) 
       references binary_contents
26-03-30 16:06:13.696 [Test worker] INFO  o.s.o.j.LocalContainerEntityManagerFactoryBean - Initialized JPA EntityManagerFactory for persistence unit 'default'
26-03-30 16:06:14.198 [Test worker] INFO  o.s.d.j.r.query.QueryEnhancerFactory - Hibernate is in classpath; If applicable, HQL parser will be used.
26-03-30 16:06:14.859 [Test worker] INFO  c.s.m.d.r.UserRepositoryTest - Started UserRepositoryTest in 5.744 seconds (process running for 7.259)
26-03-30 16:06:15.447 [SpringApplicationShutdownHook] INFO  o.s.o.j.LocalContainerEntityManagerFactoryBean - Closing JPA EntityManagerFactory for persistence unit 'default'
26-03-30 16:06:15.448 [SpringApplicationShutdownHook] DEBUG org.hibernate.SQL - 
    drop table if exists binary_contents cascade 
26-03-30 16:06:15.449 [SpringApplicationShutdownHook] DEBUG org.hibernate.SQL - 
    drop table if exists channel_participants cascade 
26-03-30 16:06:15.450 [SpringApplicationShutdownHook] DEBUG org.hibernate.SQL - 
    drop table if exists channels cascade 
26-03-30 16:06:15.450 [SpringApplicationShutdownHook] DEBUG org.hibernate.SQL - 
    drop table if exists messages cascade 
26-03-30 16:06:15.451 [SpringApplicationShutdownHook] DEBUG org.hibernate.SQL - 
    drop table if exists read_statuses cascade 
26-03-30 16:06:15.451 [SpringApplicationShutdownHook] DEBUG org.hibernate.SQL - 
    drop table if exists user_statuses cascade 
26-03-30 16:06:15.452 [SpringApplicationShutdownHook] DEBUG org.hibernate.SQL - 
    drop table if exists users cascade 
26-03-30 16:06:40.968 [background-preinit] INFO  o.h.validator.internal.util.Version - HV000001: Hibernate Validator 8.0.3.Final
26-03-30 16:06:41.057 [Test worker] INFO  c.s.m.d.r.UserRepositoryTest - Starting UserRepositoryTest using Java 17.0.17 with PID 7588 (started by dev in C:\Users\dev\IdeaProjects\Tim\9-sprint-mission\discodeit)
26-03-30 16:06:41.058 [Test worker] INFO  c.s.m.d.r.UserRepositoryTest - The following 1 profile is active: "test"
26-03-30 16:06:41.669 [Test worker] INFO  o.s.d.r.c.RepositoryConfigurationDelegate - Bootstrapping Spring Data JPA repositories in DEFAULT mode.
26-03-30 16:06:41.788 [Test worker] INFO  o.s.d.r.c.RepositoryConfigurationDelegate - Finished Spring Data repository scanning in 103 ms. Found 6 JPA repository interfaces.
26-03-30 16:06:41.865 [Test worker] INFO  o.s.b.t.a.j.TestDatabaseAutoConfiguration$EmbeddedDataSourceBeanFactoryPostProcessor - Replacing 'dataSource' DataSource bean with embedded version
26-03-30 16:06:41.988 [Test worker] INFO  o.s.j.d.e.EmbeddedDatabaseFactory - Starting embedded database: url='jdbc:h2:mem:fa903866-a188-4a41-aaf1-753c15ff87f3;DB_CLOSE_DELAY=-1;DB_CLOSE_ON_EXIT=false', username='sa'
26-03-30 16:06:42.390 [Test worker] INFO  o.h.jpa.internal.util.LogHelper - HHH000204: Processing PersistenceUnitInfo [name: default]
26-03-30 16:06:42.476 [Test worker] INFO  org.hibernate.Version - HHH000412: Hibernate ORM core version 6.6.41.Final
26-03-30 16:06:42.536 [Test worker] INFO  o.h.c.i.RegionFactoryInitiator - HHH000026: Second-level cache disabled
26-03-30 16:06:42.986 [Test worker] INFO  o.s.o.j.p.SpringPersistenceUnitInfo - No LoadTimeWeaver setup: ignoring JPA class transformer
26-03-30 16:06:43.059 [Test worker] WARN  org.hibernate.orm.deprecation - HHH90000025: H2Dialect does not need to be specified explicitly using 'hibernate.dialect' (remove the property setting and it will be selected by default)
26-03-30 16:06:43.090 [Test worker] INFO  o.hibernate.orm.connections.pooling - HHH10001005: Database info:
	Database JDBC URL [Connecting through datasource 'org.springframework.jdbc.datasource.embedded.EmbeddedDatabaseFactory$EmbeddedDataSourceProxy@30fa8a6b']
	Database driver: undefined/unknown
	Database version: 2.3.232
	Autocommit mode: undefined/unknown
	Isolation level: undefined/unknown
	Minimum pool size: undefined/unknown
	Maximum pool size: undefined/unknown
26-03-30 16:06:44.493 [Test worker] INFO  o.h.e.t.j.p.i.JtaPlatformInitiator - HHH000489: No JTA platform available (set 'hibernate.transaction.jta.platform' to enable JTA platform integration)
26-03-30 16:06:44.516 [Test worker] DEBUG org.hibernate.SQL - 
    drop table if exists binary_contents cascade 
26-03-30 16:06:44.520 [Test worker] DEBUG org.hibernate.SQL - 
    drop table if exists channel_participants cascade 
26-03-30 16:06:44.520 [Test worker] DEBUG org.hibernate.SQL - 
    drop table if exists channels cascade 
26-03-30 16:06:44.521 [Test worker] DEBUG org.hibernate.SQL - 
    drop table if exists messages cascade 
26-03-30 16:06:44.523 [Test worker] DEBUG org.hibernate.SQL - 
    drop table if exists read_statuses cascade 
26-03-30 16:06:44.524 [Test worker] DEBUG org.hibernate.SQL - 
    drop table if exists user_statuses cascade 
26-03-30 16:06:44.525 [Test worker] DEBUG org.hibernate.SQL - 
    drop table if exists users cascade 
26-03-30 16:06:44.532 [Test worker] DEBUG org.hibernate.SQL - 
    create table binary_contents (
        created_at timestamp with time zone not null,
        size bigint,
        id uuid not null,
        message_id uuid,
        content_type varchar(255),
        file_name varchar(255),
        primary key (id)
    )
26-03-30 16:06:44.535 [Test worker] DEBUG org.hibernate.SQL - 
    create table channel_participants (
        channel_id uuid not null,
        user_id uuid not null
    )
26-03-30 16:06:44.537 [Test worker] DEBUG org.hibernate.SQL - 
    create table channels (
        created_at timestamp with time zone not null,
        last_message_at timestamp(6) with time zone,
        updated_at timestamp with time zone,
        id uuid not null,
        name varchar(100) not null,
        description varchar(500),
        type enum ('PRIVATE','PUBLIC') not null,
        primary key (id)
    )
26-03-30 16:06:44.539 [Test worker] DEBUG org.hibernate.SQL - 
    create table messages (
        created_at timestamp with time zone not null,
        updated_at timestamp with time zone,
        author_id uuid not null,
        channel_id uuid not null,
        id uuid not null,
        content TEXT not null,
        primary key (id)
    )
26-03-30 16:06:44.542 [Test worker] DEBUG org.hibernate.SQL - 
    create table read_statuses (
        created_at timestamp with time zone not null,
        last_read_at timestamp(6) with time zone,
        updated_at timestamp with time zone,
        channel_id uuid,
        id uuid not null,
        user_id uuid,
        primary key (id)
    )
26-03-30 16:06:44.545 [Test worker] DEBUG org.hibernate.SQL - 
    create table user_statuses (
        created_at timestamp(6) with time zone,
        last_active_at timestamp(6) with time zone,
        updated_at timestamp(6) with time zone,
        id uuid not null,
        user_id uuid unique,
        primary key (id)
    )
26-03-30 16:06:44.547 [Test worker] DEBUG org.hibernate.SQL - 
    create table users (
        created_at timestamp with time zone not null,
        updated_at timestamp with time zone,
        id uuid not null,
        profile_id uuid unique,
        username varchar(50) not null unique,
        password varchar(60) not null,
        email varchar(100) not null unique,
        primary key (id)
    )
26-03-30 16:06:44.551 [Test worker] DEBUG org.hibernate.SQL - 
    alter table if exists binary_contents 
       add constraint FKaffo4mpem38t2jgoewjgbri2y 
       foreign key (message_id) 
       references messages
26-03-30 16:06:44.568 [Test worker] DEBUG org.hibernate.SQL - 
    alter table if exists channel_participants 
       add constraint FKljc2c43m89q7xiia8vr5in7nt 
       foreign key (user_id) 
       references users
26-03-30 16:06:44.569 [Test worker] DEBUG org.hibernate.SQL - 
    alter table if exists channel_participants 
       add constraint FKsj8j1v58oh34x4kjttfjorvk1 
       foreign key (channel_id) 
       references channels
26-03-30 16:06:44.571 [Test worker] DEBUG org.hibernate.SQL - 
    alter table if exists messages 
       add constraint FKowtlim26svclkatusptbgi7u1 
       foreign key (author_id) 
       references users
26-03-30 16:06:44.573 [Test worker] DEBUG org.hibernate.SQL - 
    alter table if exists messages 
       add constraint FK3u3ckbhwq9se1cmopk2pq05b2 
       foreign key (channel_id) 
       references channels
26-03-30 16:06:44.575 [Test worker] DEBUG org.hibernate.SQL - 
    alter table if exists read_statuses 
       add constraint FKa38ri44ml4gfdpklx4ahqr8gd 
       foreign key (channel_id) 
       references channels
26-03-30 16:06:44.577 [Test worker] DEBUG org.hibernate.SQL - 
    alter table if exists read_statuses 
       add constraint FKml3k4wr9sj5yxrmj6d0aoib2e 
       foreign key (user_id) 
       references users
26-03-30 16:06:44.580 [Test worker] DEBUG org.hibernate.SQL - 
    alter table if exists user_statuses 
       add constraint FK4lfl3ei2ubchgcxrrpo3pw4mm 
       foreign key (user_id) 
       references users
26-03-30 16:06:44.581 [Test worker] DEBUG org.hibernate.SQL - 
    alter table if exists users 
       add constraint FKtbudycgrip49xdptogmhfqnso 
       foreign key (profile_id) 
       references binary_contents
26-03-30 16:06:44.589 [Test worker] INFO  o.s.o.j.LocalContainerEntityManagerFactoryBean - Initialized JPA EntityManagerFactory for persistence unit 'default'
26-03-30 16:06:45.143 [Test worker] INFO  o.s.d.j.r.query.QueryEnhancerFactory - Hibernate is in classpath; If applicable, HQL parser will be used.
26-03-30 16:06:45.793 [Test worker] INFO  c.s.m.d.r.UserRepositoryTest - Started UserRepositoryTest in 5.487 seconds (process running for 7.11)
26-03-30 16:06:46.318 [Test worker] DEBUG org.hibernate.SQL - 
    select
        u1_0.id,
        u1_0.created_at,
        u1_0.email,
        u1_0.password,
        u1_0.profile_id,
        u1_0.updated_at,
        u1_0.username 
    from
        users u1_0 
    where
        u1_0.email=?
26-03-30 16:06:46.463 [SpringApplicationShutdownHook] INFO  o.s.o.j.LocalContainerEntityManagerFactoryBean - Closing JPA EntityManagerFactory for persistence unit 'default'
26-03-30 16:06:46.464 [SpringApplicationShutdownHook] DEBUG org.hibernate.SQL - 
    drop table if exists binary_contents cascade 
26-03-30 16:06:46.466 [SpringApplicationShutdownHook] DEBUG org.hibernate.SQL - 
    drop table if exists channel_participants cascade 
26-03-30 16:06:46.467 [SpringApplicationShutdownHook] DEBUG org.hibernate.SQL - 
    drop table if exists channels cascade 
26-03-30 16:06:46.467 [SpringApplicationShutdownHook] DEBUG org.hibernate.SQL - 
    drop table if exists messages cascade 
26-03-30 16:06:46.468 [SpringApplicationShutdownHook] DEBUG org.hibernate.SQL - 
    drop table if exists read_statuses cascade 
26-03-30 16:06:46.468 [SpringApplicationShutdownHook] DEBUG org.hibernate.SQL - 
    drop table if exists user_statuses cascade 
26-03-30 16:06:46.469 [SpringApplicationShutdownHook] DEBUG org.hibernate.SQL - 
    drop table if exists users cascade 
26-03-30 16:10:04.309 [background-preinit] INFO  o.h.validator.internal.util.Version - HV000001: Hibernate Validator 8.0.3.Final
26-03-30 16:10:04.397 [Test worker] INFO  c.s.m.d.r.ChannelRepositoryTest - Starting ChannelRepositoryTest using Java 17.0.17 with PID 10852 (started by dev in C:\Users\dev\IdeaProjects\Tim\9-sprint-mission\discodeit)
26-03-30 16:10:04.398 [Test worker] INFO  c.s.m.d.r.ChannelRepositoryTest - The following 1 profile is active: "test"
26-03-30 16:10:05.008 [Test worker] INFO  o.s.d.r.c.RepositoryConfigurationDelegate - Bootstrapping Spring Data JPA repositories in DEFAULT mode.
26-03-30 16:10:05.120 [Test worker] INFO  o.s.d.r.c.RepositoryConfigurationDelegate - Finished Spring Data repository scanning in 98 ms. Found 6 JPA repository interfaces.
26-03-30 16:10:05.196 [Test worker] INFO  o.s.b.t.a.j.TestDatabaseAutoConfiguration$EmbeddedDataSourceBeanFactoryPostProcessor - Replacing 'dataSource' DataSource bean with embedded version
26-03-30 16:10:05.324 [Test worker] INFO  o.s.j.d.e.EmbeddedDatabaseFactory - Starting embedded database: url='jdbc:h2:mem:0d6b4bfc-59bd-48fd-ba4e-82d65da6346d;DB_CLOSE_DELAY=-1;DB_CLOSE_ON_EXIT=false', username='sa'
26-03-30 16:10:05.713 [Test worker] INFO  o.h.jpa.internal.util.LogHelper - HHH000204: Processing PersistenceUnitInfo [name: default]
26-03-30 16:10:05.799 [Test worker] INFO  org.hibernate.Version - HHH000412: Hibernate ORM core version 6.6.41.Final
26-03-30 16:10:05.856 [Test worker] INFO  o.h.c.i.RegionFactoryInitiator - HHH000026: Second-level cache disabled
26-03-30 16:10:06.304 [Test worker] INFO  o.s.o.j.p.SpringPersistenceUnitInfo - No LoadTimeWeaver setup: ignoring JPA class transformer
26-03-30 16:10:06.376 [Test worker] WARN  org.hibernate.orm.deprecation - HHH90000025: H2Dialect does not need to be specified explicitly using 'hibernate.dialect' (remove the property setting and it will be selected by default)
26-03-30 16:10:06.407 [Test worker] INFO  o.hibernate.orm.connections.pooling - HHH10001005: Database info:
	Database JDBC URL [Connecting through datasource 'org.springframework.jdbc.datasource.embedded.EmbeddedDatabaseFactory$EmbeddedDataSourceProxy@f3876ef']
	Database driver: undefined/unknown
	Database version: 2.3.232
	Autocommit mode: undefined/unknown
	Isolation level: undefined/unknown
	Minimum pool size: undefined/unknown
	Maximum pool size: undefined/unknown
26-03-30 16:10:07.853 [Test worker] INFO  o.h.e.t.j.p.i.JtaPlatformInitiator - HHH000489: No JTA platform available (set 'hibernate.transaction.jta.platform' to enable JTA platform integration)
26-03-30 16:10:07.877 [Test worker] DEBUG org.hibernate.SQL - 
    drop table if exists binary_contents cascade 
26-03-30 16:10:07.881 [Test worker] DEBUG org.hibernate.SQL - 
    drop table if exists channel_participants cascade 
26-03-30 16:10:07.882 [Test worker] DEBUG org.hibernate.SQL - 
    drop table if exists channels cascade 
26-03-30 16:10:07.883 [Test worker] DEBUG org.hibernate.SQL - 
    drop table if exists messages cascade 
26-03-30 16:10:07.884 [Test worker] DEBUG org.hibernate.SQL - 
    drop table if exists read_statuses cascade 
26-03-30 16:10:07.885 [Test worker] DEBUG org.hibernate.SQL - 
    drop table if exists user_statuses cascade 
26-03-30 16:10:07.886 [Test worker] DEBUG org.hibernate.SQL - 
    drop table if exists users cascade 
26-03-30 16:10:07.892 [Test worker] DEBUG org.hibernate.SQL - 
    create table binary_contents (
        created_at timestamp with time zone not null,
        size bigint,
        id uuid not null,
        message_id uuid,
        content_type varchar(255),
        file_name varchar(255),
        primary key (id)
    )
26-03-30 16:10:07.896 [Test worker] DEBUG org.hibernate.SQL - 
    create table channel_participants (
        channel_id uuid not null,
        user_id uuid not null
    )
26-03-30 16:10:07.898 [Test worker] DEBUG org.hibernate.SQL - 
    create table channels (
        created_at timestamp with time zone not null,
        last_message_at timestamp(6) with time zone,
        updated_at timestamp with time zone,
        id uuid not null,
        name varchar(100) not null,
        description varchar(500),
        type enum ('PRIVATE','PUBLIC') not null,
        primary key (id)
    )
26-03-30 16:10:07.901 [Test worker] DEBUG org.hibernate.SQL - 
    create table messages (
        created_at timestamp with time zone not null,
        updated_at timestamp with time zone,
        author_id uuid not null,
        channel_id uuid not null,
        id uuid not null,
        content TEXT not null,
        primary key (id)
    )
26-03-30 16:10:07.902 [Test worker] DEBUG org.hibernate.SQL - 
    create table read_statuses (
        created_at timestamp with time zone not null,
        last_read_at timestamp(6) with time zone,
        updated_at timestamp with time zone,
        channel_id uuid,
        id uuid not null,
        user_id uuid,
        primary key (id)
    )
26-03-30 16:10:07.905 [Test worker] DEBUG org.hibernate.SQL - 
    create table user_statuses (
        created_at timestamp(6) with time zone,
        last_active_at timestamp(6) with time zone,
        updated_at timestamp(6) with time zone,
        id uuid not null,
        user_id uuid unique,
        primary key (id)
    )
26-03-30 16:10:07.907 [Test worker] DEBUG org.hibernate.SQL - 
    create table users (
        created_at timestamp with time zone not null,
        updated_at timestamp with time zone,
        id uuid not null,
        profile_id uuid unique,
        username varchar(50) not null unique,
        password varchar(60) not null,
        email varchar(100) not null unique,
        primary key (id)
    )
26-03-30 16:10:07.910 [Test worker] DEBUG org.hibernate.SQL - 
    alter table if exists binary_contents 
       add constraint FKaffo4mpem38t2jgoewjgbri2y 
       foreign key (message_id) 
       references messages
26-03-30 16:10:07.926 [Test worker] DEBUG org.hibernate.SQL - 
    alter table if exists channel_participants 
       add constraint FKljc2c43m89q7xiia8vr5in7nt 
       foreign key (user_id) 
       references users
26-03-30 16:10:07.928 [Test worker] DEBUG org.hibernate.SQL - 
    alter table if exists channel_participants 
       add constraint FKsj8j1v58oh34x4kjttfjorvk1 
       foreign key (channel_id) 
       references channels
26-03-30 16:10:07.930 [Test worker] DEBUG org.hibernate.SQL - 
    alter table if exists messages 
       add constraint FKowtlim26svclkatusptbgi7u1 
       foreign key (author_id) 
       references users
26-03-30 16:10:07.932 [Test worker] DEBUG org.hibernate.SQL - 
    alter table if exists messages 
       add constraint FK3u3ckbhwq9se1cmopk2pq05b2 
       foreign key (channel_id) 
       references channels
26-03-30 16:10:07.933 [Test worker] DEBUG org.hibernate.SQL - 
    alter table if exists read_statuses 
       add constraint FKa38ri44ml4gfdpklx4ahqr8gd 
       foreign key (channel_id) 
       references channels
26-03-30 16:10:07.935 [Test worker] DEBUG org.hibernate.SQL - 
    alter table if exists read_statuses 
       add constraint FKml3k4wr9sj5yxrmj6d0aoib2e 
       foreign key (user_id) 
       references users
26-03-30 16:10:07.937 [Test worker] DEBUG org.hibernate.SQL - 
    alter table if exists user_statuses 
       add constraint FK4lfl3ei2ubchgcxrrpo3pw4mm 
       foreign key (user_id) 
       references users
26-03-30 16:10:07.938 [Test worker] DEBUG org.hibernate.SQL - 
    alter table if exists users 
       add constraint FKtbudycgrip49xdptogmhfqnso 
       foreign key (profile_id) 
       references binary_contents
26-03-30 16:10:07.945 [Test worker] INFO  o.s.o.j.LocalContainerEntityManagerFactoryBean - Initialized JPA EntityManagerFactory for persistence unit 'default'
26-03-30 16:10:08.372 [Test worker] INFO  o.s.d.j.r.query.QueryEnhancerFactory - Hibernate is in classpath; If applicable, HQL parser will be used.
26-03-30 16:10:09.165 [Test worker] INFO  c.s.m.d.r.ChannelRepositoryTest - Started ChannelRepositoryTest in 5.488 seconds (process running for 7.068)
26-03-30 16:10:09.761 [SpringApplicationShutdownHook] INFO  o.s.o.j.LocalContainerEntityManagerFactoryBean - Closing JPA EntityManagerFactory for persistence unit 'default'
26-03-30 16:10:09.762 [SpringApplicationShutdownHook] DEBUG org.hibernate.SQL - 
    drop table if exists binary_contents cascade 
26-03-30 16:10:09.764 [SpringApplicationShutdownHook] DEBUG org.hibernate.SQL - 
    drop table if exists channel_participants cascade 
26-03-30 16:10:09.764 [SpringApplicationShutdownHook] DEBUG org.hibernate.SQL - 
    drop table if exists channels cascade 
26-03-30 16:10:09.765 [SpringApplicationShutdownHook] DEBUG org.hibernate.SQL - 
    drop table if exists messages cascade 
26-03-30 16:10:09.766 [SpringApplicationShutdownHook] DEBUG org.hibernate.SQL - 
    drop table if exists read_statuses cascade 
26-03-30 16:10:09.767 [SpringApplicationShutdownHook] DEBUG org.hibernate.SQL - 
    drop table if exists user_statuses cascade 
26-03-30 16:10:09.767 [SpringApplicationShutdownHook] DEBUG org.hibernate.SQL - 
    drop table if exists users cascade 
26-03-30 16:10:18.248 [background-preinit] INFO  o.h.validator.internal.util.Version - HV000001: Hibernate Validator 8.0.3.Final
26-03-30 16:10:18.335 [Test worker] INFO  c.s.m.d.r.ChannelRepositoryTest - Starting ChannelRepositoryTest using Java 17.0.17 with PID 14996 (started by dev in C:\Users\dev\IdeaProjects\Tim\9-sprint-mission\discodeit)
26-03-30 16:10:18.337 [Test worker] INFO  c.s.m.d.r.ChannelRepositoryTest - The following 1 profile is active: "test"
26-03-30 16:10:18.923 [Test worker] INFO  o.s.d.r.c.RepositoryConfigurationDelegate - Bootstrapping Spring Data JPA repositories in DEFAULT mode.
26-03-30 16:10:19.039 [Test worker] INFO  o.s.d.r.c.RepositoryConfigurationDelegate - Finished Spring Data repository scanning in 100 ms. Found 6 JPA repository interfaces.
26-03-30 16:10:19.119 [Test worker] INFO  o.s.b.t.a.j.TestDatabaseAutoConfiguration$EmbeddedDataSourceBeanFactoryPostProcessor - Replacing 'dataSource' DataSource bean with embedded version
26-03-30 16:10:19.249 [Test worker] INFO  o.s.j.d.e.EmbeddedDatabaseFactory - Starting embedded database: url='jdbc:h2:mem:455e6964-365c-4c8e-a052-fd440edeb802;DB_CLOSE_DELAY=-1;DB_CLOSE_ON_EXIT=false', username='sa'
26-03-30 16:10:19.656 [Test worker] INFO  o.h.jpa.internal.util.LogHelper - HHH000204: Processing PersistenceUnitInfo [name: default]
26-03-30 16:10:19.751 [Test worker] INFO  org.hibernate.Version - HHH000412: Hibernate ORM core version 6.6.41.Final
26-03-30 16:10:19.812 [Test worker] INFO  o.h.c.i.RegionFactoryInitiator - HHH000026: Second-level cache disabled
26-03-30 16:10:20.259 [Test worker] INFO  o.s.o.j.p.SpringPersistenceUnitInfo - No LoadTimeWeaver setup: ignoring JPA class transformer
26-03-30 16:10:20.334 [Test worker] WARN  org.hibernate.orm.deprecation - HHH90000025: H2Dialect does not need to be specified explicitly using 'hibernate.dialect' (remove the property setting and it will be selected by default)
26-03-30 16:10:20.364 [Test worker] INFO  o.hibernate.orm.connections.pooling - HHH10001005: Database info:
	Database JDBC URL [Connecting through datasource 'org.springframework.jdbc.datasource.embedded.EmbeddedDatabaseFactory$EmbeddedDataSourceProxy@4ec427']
	Database driver: undefined/unknown
	Database version: 2.3.232
	Autocommit mode: undefined/unknown
	Isolation level: undefined/unknown
	Minimum pool size: undefined/unknown
	Maximum pool size: undefined/unknown
26-03-30 16:10:21.760 [Test worker] INFO  o.h.e.t.j.p.i.JtaPlatformInitiator - HHH000489: No JTA platform available (set 'hibernate.transaction.jta.platform' to enable JTA platform integration)
26-03-30 16:10:21.784 [Test worker] DEBUG org.hibernate.SQL - 
    drop table if exists binary_contents cascade 
26-03-30 16:10:21.788 [Test worker] DEBUG org.hibernate.SQL - 
    drop table if exists channel_participants cascade 
26-03-30 16:10:21.790 [Test worker] DEBUG org.hibernate.SQL - 
    drop table if exists channels cascade 
26-03-30 16:10:21.791 [Test worker] DEBUG org.hibernate.SQL - 
    drop table if exists messages cascade 
26-03-30 16:10:21.793 [Test worker] DEBUG org.hibernate.SQL - 
    drop table if exists read_statuses cascade 
26-03-30 16:10:21.794 [Test worker] DEBUG org.hibernate.SQL - 
    drop table if exists user_statuses cascade 
26-03-30 16:10:21.795 [Test worker] DEBUG org.hibernate.SQL - 
    drop table if exists users cascade 
26-03-30 16:10:21.802 [Test worker] DEBUG org.hibernate.SQL - 
    create table binary_contents (
        created_at timestamp with time zone not null,
        size bigint,
        id uuid not null,
        message_id uuid,
        content_type varchar(255),
        file_name varchar(255),
        primary key (id)
    )
26-03-30 16:10:21.805 [Test worker] DEBUG org.hibernate.SQL - 
    create table channel_participants (
        channel_id uuid not null,
        user_id uuid not null
    )
26-03-30 16:10:21.807 [Test worker] DEBUG org.hibernate.SQL - 
    create table channels (
        created_at timestamp with time zone not null,
        last_message_at timestamp(6) with time zone,
        updated_at timestamp with time zone,
        id uuid not null,
        name varchar(100) not null,
        description varchar(500),
        type enum ('PRIVATE','PUBLIC') not null,
        primary key (id)
    )
26-03-30 16:10:21.809 [Test worker] DEBUG org.hibernate.SQL - 
    create table messages (
        created_at timestamp with time zone not null,
        updated_at timestamp with time zone,
        author_id uuid not null,
        channel_id uuid not null,
        id uuid not null,
        content TEXT not null,
        primary key (id)
    )
26-03-30 16:10:21.811 [Test worker] DEBUG org.hibernate.SQL - 
    create table read_statuses (
        created_at timestamp with time zone not null,
        last_read_at timestamp(6) with time zone,
        updated_at timestamp with time zone,
        channel_id uuid,
        id uuid not null,
        user_id uuid,
        primary key (id)
    )
26-03-30 16:10:21.814 [Test worker] DEBUG org.hibernate.SQL - 
    create table user_statuses (
        created_at timestamp(6) with time zone,
        last_active_at timestamp(6) with time zone,
        updated_at timestamp(6) with time zone,
        id uuid not null,
        user_id uuid unique,
        primary key (id)
    )
26-03-30 16:10:21.816 [Test worker] DEBUG org.hibernate.SQL - 
    create table users (
        created_at timestamp with time zone not null,
        updated_at timestamp with time zone,
        id uuid not null,
        profile_id uuid unique,
        username varchar(50) not null unique,
        password varchar(60) not null,
        email varchar(100) not null unique,
        primary key (id)
    )
26-03-30 16:10:21.819 [Test worker] DEBUG org.hibernate.SQL - 
    alter table if exists binary_contents 
       add constraint FKaffo4mpem38t2jgoewjgbri2y 
       foreign key (message_id) 
       references messages
26-03-30 16:10:21.834 [Test worker] DEBUG org.hibernate.SQL - 
    alter table if exists channel_participants 
       add constraint FKljc2c43m89q7xiia8vr5in7nt 
       foreign key (user_id) 
       references users
26-03-30 16:10:21.836 [Test worker] DEBUG org.hibernate.SQL - 
    alter table if exists channel_participants 
       add constraint FKsj8j1v58oh34x4kjttfjorvk1 
       foreign key (channel_id) 
       references channels
26-03-30 16:10:21.837 [Test worker] DEBUG org.hibernate.SQL - 
    alter table if exists messages 
       add constraint FKowtlim26svclkatusptbgi7u1 
       foreign key (author_id) 
       references users
26-03-30 16:10:21.839 [Test worker] DEBUG org.hibernate.SQL - 
    alter table if exists messages 
       add constraint FK3u3ckbhwq9se1cmopk2pq05b2 
       foreign key (channel_id) 
       references channels
26-03-30 16:10:21.841 [Test worker] DEBUG org.hibernate.SQL - 
    alter table if exists read_statuses 
       add constraint FKa38ri44ml4gfdpklx4ahqr8gd 
       foreign key (channel_id) 
       references channels
26-03-30 16:10:21.843 [Test worker] DEBUG org.hibernate.SQL - 
    alter table if exists read_statuses 
       add constraint FKml3k4wr9sj5yxrmj6d0aoib2e 
       foreign key (user_id) 
       references users
26-03-30 16:10:21.845 [Test worker] DEBUG org.hibernate.SQL - 
    alter table if exists user_statuses 
       add constraint FK4lfl3ei2ubchgcxrrpo3pw4mm 
       foreign key (user_id) 
       references users
26-03-30 16:10:21.847 [Test worker] DEBUG org.hibernate.SQL - 
    alter table if exists users 
       add constraint FKtbudycgrip49xdptogmhfqnso 
       foreign key (profile_id) 
       references binary_contents
26-03-30 16:10:21.855 [Test worker] INFO  o.s.o.j.LocalContainerEntityManagerFactoryBean - Initialized JPA EntityManagerFactory for persistence unit 'default'
26-03-30 16:10:22.349 [Test worker] INFO  o.s.d.j.r.query.QueryEnhancerFactory - Hibernate is in classpath; If applicable, HQL parser will be used.
26-03-30 16:10:23.075 [Test worker] INFO  c.s.m.d.r.ChannelRepositoryTest - Started ChannelRepositoryTest in 5.477 seconds (process running for 6.949)
26-03-30 16:10:23.627 [Test worker] DEBUG org.hibernate.SQL - 
    insert 
    into
        channels
        (created_at, description, last_message_at, name, type, updated_at, id) 
    values
        (?, ?, ?, ?, ?, ?, ?)
26-03-30 16:10:23.639 [Test worker] WARN  o.h.e.jdbc.spi.SqlExceptionHelper - SQL Error: 23502, SQLState: 23502
26-03-30 16:10:23.640 [Test worker] ERROR o.h.e.jdbc.spi.SqlExceptionHelper - NULL not allowed for column "CREATED_AT"; SQL statement:
insert into channels (created_at,description,last_message_at,name,type,updated_at,id) values (?,?,?,?,?,?,?) [23502-232]
26-03-30 16:10:23.725 [SpringApplicationShutdownHook] INFO  o.s.o.j.LocalContainerEntityManagerFactoryBean - Closing JPA EntityManagerFactory for persistence unit 'default'
26-03-30 16:10:23.726 [SpringApplicationShutdownHook] DEBUG org.hibernate.SQL - 
    drop table if exists binary_contents cascade 
26-03-30 16:10:23.727 [SpringApplicationShutdownHook] DEBUG org.hibernate.SQL - 
    drop table if exists channel_participants cascade 
26-03-30 16:10:23.729 [SpringApplicationShutdownHook] DEBUG org.hibernate.SQL - 
    drop table if exists channels cascade 
26-03-30 16:10:23.730 [SpringApplicationShutdownHook] DEBUG org.hibernate.SQL - 
    drop table if exists messages cascade 
26-03-30 16:10:23.731 [SpringApplicationShutdownHook] DEBUG org.hibernate.SQL - 
    drop table if exists read_statuses cascade 
26-03-30 16:10:23.732 [SpringApplicationShutdownHook] DEBUG org.hibernate.SQL - 
    drop table if exists user_statuses cascade 
26-03-30 16:10:23.733 [SpringApplicationShutdownHook] DEBUG org.hibernate.SQL - 
    drop table if exists users cascade 
26-03-30 16:15:28.725 [background-preinit] INFO  o.h.validator.internal.util.Version - HV000001: Hibernate Validator 8.0.3.Final
26-03-30 16:15:28.802 [Test worker] INFO  c.s.m.d.r.ChannelRepositoryTest - Starting ChannelRepositoryTest using Java 17.0.17 with PID 16768 (started by dev in C:\Users\dev\IdeaProjects\Tim\9-sprint-mission\discodeit)
26-03-30 16:15:28.803 [Test worker] INFO  c.s.m.d.r.ChannelRepositoryTest - The following 1 profile is active: "test"
26-03-30 16:15:29.437 [Test worker] INFO  o.s.d.r.c.RepositoryConfigurationDelegate - Bootstrapping Spring Data JPA repositories in DEFAULT mode.
26-03-30 16:15:29.549 [Test worker] INFO  o.s.d.r.c.RepositoryConfigurationDelegate - Finished Spring Data repository scanning in 96 ms. Found 6 JPA repository interfaces.
26-03-30 16:15:29.631 [Test worker] INFO  o.s.b.t.a.j.TestDatabaseAutoConfiguration$EmbeddedDataSourceBeanFactoryPostProcessor - Replacing 'dataSource' DataSource bean with embedded version
26-03-30 16:15:29.838 [Test worker] INFO  o.s.j.d.e.EmbeddedDatabaseFactory - Starting embedded database: url='jdbc:h2:mem:3dea2089-86bc-4721-b220-22222aa4c55e;DB_CLOSE_DELAY=-1;DB_CLOSE_ON_EXIT=false', username='sa'
26-03-30 16:15:30.265 [Test worker] INFO  o.h.jpa.internal.util.LogHelper - HHH000204: Processing PersistenceUnitInfo [name: default]
26-03-30 16:15:30.364 [Test worker] INFO  org.hibernate.Version - HHH000412: Hibernate ORM core version 6.6.41.Final
26-03-30 16:15:30.420 [Test worker] INFO  o.h.c.i.RegionFactoryInitiator - HHH000026: Second-level cache disabled
26-03-30 16:15:30.873 [Test worker] INFO  o.s.o.j.p.SpringPersistenceUnitInfo - No LoadTimeWeaver setup: ignoring JPA class transformer
26-03-30 16:15:30.949 [Test worker] WARN  org.hibernate.orm.deprecation - HHH90000025: H2Dialect does not need to be specified explicitly using 'hibernate.dialect' (remove the property setting and it will be selected by default)
26-03-30 16:15:30.979 [Test worker] INFO  o.hibernate.orm.connections.pooling - HHH10001005: Database info:
	Database JDBC URL [Connecting through datasource 'org.springframework.jdbc.datasource.embedded.EmbeddedDatabaseFactory$EmbeddedDataSourceProxy@1cb849b2']
	Database driver: undefined/unknown
	Database version: 2.3.232
	Autocommit mode: undefined/unknown
	Isolation level: undefined/unknown
	Minimum pool size: undefined/unknown
	Maximum pool size: undefined/unknown
26-03-30 16:15:32.421 [Test worker] INFO  o.h.e.t.j.p.i.JtaPlatformInitiator - HHH000489: No JTA platform available (set 'hibernate.transaction.jta.platform' to enable JTA platform integration)
26-03-30 16:15:32.445 [Test worker] DEBUG org.hibernate.SQL - 
    drop table if exists binary_contents cascade 
26-03-30 16:15:32.448 [Test worker] DEBUG org.hibernate.SQL - 
    drop table if exists channel_participants cascade 
26-03-30 16:15:32.449 [Test worker] DEBUG org.hibernate.SQL - 
    drop table if exists channels cascade 
26-03-30 16:15:32.450 [Test worker] DEBUG org.hibernate.SQL - 
    drop table if exists messages cascade 
26-03-30 16:15:32.451 [Test worker] DEBUG org.hibernate.SQL - 
    drop table if exists read_statuses cascade 
26-03-30 16:15:32.451 [Test worker] DEBUG org.hibernate.SQL - 
    drop table if exists user_statuses cascade 
26-03-30 16:15:32.452 [Test worker] DEBUG org.hibernate.SQL - 
    drop table if exists users cascade 
26-03-30 16:15:32.459 [Test worker] DEBUG org.hibernate.SQL - 
    create table binary_contents (
        created_at timestamp with time zone not null,
        size bigint,
        id uuid not null,
        message_id uuid,
        content_type varchar(255),
        file_name varchar(255),
        primary key (id)
    )
26-03-30 16:15:32.462 [Test worker] DEBUG org.hibernate.SQL - 
    create table channel_participants (
        channel_id uuid not null,
        user_id uuid not null
    )
26-03-30 16:15:32.464 [Test worker] DEBUG org.hibernate.SQL - 
    create table channels (
        created_at timestamp with time zone not null,
        last_message_at timestamp(6) with time zone,
        updated_at timestamp with time zone,
        id uuid not null,
        name varchar(100) not null,
        description varchar(500),
        type enum ('PRIVATE','PUBLIC') not null,
        primary key (id)
    )
26-03-30 16:15:32.466 [Test worker] DEBUG org.hibernate.SQL - 
    create table messages (
        created_at timestamp with time zone not null,
        updated_at timestamp with time zone,
        author_id uuid not null,
        channel_id uuid not null,
        id uuid not null,
        content TEXT not null,
        primary key (id)
    )
26-03-30 16:15:32.468 [Test worker] DEBUG org.hibernate.SQL - 
    create table read_statuses (
        created_at timestamp with time zone not null,
        last_read_at timestamp(6) with time zone,
        updated_at timestamp with time zone,
        channel_id uuid,
        id uuid not null,
        user_id uuid,
        primary key (id)
    )
26-03-30 16:15:32.470 [Test worker] DEBUG org.hibernate.SQL - 
    create table user_statuses (
        created_at timestamp(6) with time zone,
        last_active_at timestamp(6) with time zone,
        updated_at timestamp(6) with time zone,
        id uuid not null,
        user_id uuid unique,
        primary key (id)
    )
26-03-30 16:15:32.472 [Test worker] DEBUG org.hibernate.SQL - 
    create table users (
        created_at timestamp with time zone not null,
        updated_at timestamp with time zone,
        id uuid not null,
        profile_id uuid unique,
        username varchar(50) not null unique,
        password varchar(60) not null,
        email varchar(100) not null unique,
        primary key (id)
    )
26-03-30 16:15:32.475 [Test worker] DEBUG org.hibernate.SQL - 
    alter table if exists binary_contents 
       add constraint FKaffo4mpem38t2jgoewjgbri2y 
       foreign key (message_id) 
       references messages
26-03-30 16:15:32.490 [Test worker] DEBUG org.hibernate.SQL - 
    alter table if exists channel_participants 
       add constraint FKljc2c43m89q7xiia8vr5in7nt 
       foreign key (user_id) 
       references users
26-03-30 16:15:32.492 [Test worker] DEBUG org.hibernate.SQL - 
    alter table if exists channel_participants 
       add constraint FKsj8j1v58oh34x4kjttfjorvk1 
       foreign key (channel_id) 
       references channels
26-03-30 16:15:32.493 [Test worker] DEBUG org.hibernate.SQL - 
    alter table if exists messages 
       add constraint FKowtlim26svclkatusptbgi7u1 
       foreign key (author_id) 
       references users
26-03-30 16:15:32.495 [Test worker] DEBUG org.hibernate.SQL - 
    alter table if exists messages 
       add constraint FK3u3ckbhwq9se1cmopk2pq05b2 
       foreign key (channel_id) 
       references channels
26-03-30 16:15:32.497 [Test worker] DEBUG org.hibernate.SQL - 
    alter table if exists read_statuses 
       add constraint FKa38ri44ml4gfdpklx4ahqr8gd 
       foreign key (channel_id) 
       references channels
26-03-30 16:15:32.499 [Test worker] DEBUG org.hibernate.SQL - 
    alter table if exists read_statuses 
       add constraint FKml3k4wr9sj5yxrmj6d0aoib2e 
       foreign key (user_id) 
       references users
26-03-30 16:15:32.501 [Test worker] DEBUG org.hibernate.SQL - 
    alter table if exists user_statuses 
       add constraint FK4lfl3ei2ubchgcxrrpo3pw4mm 
       foreign key (user_id) 
       references users
26-03-30 16:15:32.502 [Test worker] DEBUG org.hibernate.SQL - 
    alter table if exists users 
       add constraint FKtbudycgrip49xdptogmhfqnso 
       foreign key (profile_id) 
       references binary_contents
26-03-30 16:15:32.509 [Test worker] INFO  o.s.o.j.LocalContainerEntityManagerFactoryBean - Initialized JPA EntityManagerFactory for persistence unit 'default'
26-03-30 16:15:33.016 [Test worker] INFO  o.s.d.j.r.query.QueryEnhancerFactory - Hibernate is in classpath; If applicable, HQL parser will be used.
26-03-30 16:15:33.708 [Test worker] INFO  c.s.m.d.r.ChannelRepositoryTest - Started ChannelRepositoryTest in 5.598 seconds (process running for 7.08)
26-03-30 16:15:34.317 [Test worker] DEBUG org.hibernate.SQL - 
    insert 
    into
        channels
        (created_at, description, last_message_at, name, type, updated_at, id) 
    values
        (?, ?, ?, ?, ?, ?, ?)
26-03-30 16:15:34.359 [Test worker] DEBUG org.hibernate.SQL - 
    select
        c1_0.id,
        c1_0.created_at,
        c1_0.description,
        c1_0.last_message_at,
        c1_0.name,
        c1_0.type,
        c1_0.updated_at 
    from
        channels c1_0 
    offset
        ? rows 
    fetch
        first ? rows only
26-03-30 16:15:34.494 [SpringApplicationShutdownHook] INFO  o.s.o.j.LocalContainerEntityManagerFactoryBean - Closing JPA EntityManagerFactory for persistence unit 'default'
26-03-30 16:15:34.495 [SpringApplicationShutdownHook] DEBUG org.hibernate.SQL - 
    drop table if exists binary_contents cascade 
26-03-30 16:15:34.496 [SpringApplicationShutdownHook] DEBUG org.hibernate.SQL - 
    drop table if exists channel_participants cascade 
26-03-30 16:15:34.497 [SpringApplicationShutdownHook] DEBUG org.hibernate.SQL - 
    drop table if exists channels cascade 
26-03-30 16:15:34.498 [SpringApplicationShutdownHook] DEBUG org.hibernate.SQL - 
    drop table if exists messages cascade 
26-03-30 16:15:34.499 [SpringApplicationShutdownHook] DEBUG org.hibernate.SQL - 
    drop table if exists read_statuses cascade 
26-03-30 16:15:34.500 [SpringApplicationShutdownHook] DEBUG org.hibernate.SQL - 
    drop table if exists user_statuses cascade 
26-03-30 16:15:34.500 [SpringApplicationShutdownHook] DEBUG org.hibernate.SQL - 
    drop table if exists users cascade 
26-03-30 16:18:32.055 [background-preinit] INFO  o.h.validator.internal.util.Version - HV000001: Hibernate Validator 8.0.3.Final
26-03-30 16:18:32.137 [Test worker] INFO  c.s.m.d.r.MessageRepositoryTest - Starting MessageRepositoryTest using Java 17.0.17 with PID 16904 (started by dev in C:\Users\dev\IdeaProjects\Tim\9-sprint-mission\discodeit)
26-03-30 16:18:32.139 [Test worker] INFO  c.s.m.d.r.MessageRepositoryTest - The following 1 profile is active: "test"
26-03-30 16:18:32.894 [Test worker] INFO  o.s.d.r.c.RepositoryConfigurationDelegate - Bootstrapping Spring Data JPA repositories in DEFAULT mode.
26-03-30 16:18:33.006 [Test worker] INFO  o.s.d.r.c.RepositoryConfigurationDelegate - Finished Spring Data repository scanning in 96 ms. Found 6 JPA repository interfaces.
26-03-30 16:18:33.095 [Test worker] INFO  o.s.b.t.a.j.TestDatabaseAutoConfiguration$EmbeddedDataSourceBeanFactoryPostProcessor - Replacing 'dataSource' DataSource bean with embedded version
26-03-30 16:18:33.307 [Test worker] INFO  o.s.j.d.e.EmbeddedDatabaseFactory - Starting embedded database: url='jdbc:h2:mem:2ac8cfc7-8dd6-464d-a0fa-f03043985a8b;DB_CLOSE_DELAY=-1;DB_CLOSE_ON_EXIT=false', username='sa'
26-03-30 16:18:33.727 [Test worker] INFO  o.h.jpa.internal.util.LogHelper - HHH000204: Processing PersistenceUnitInfo [name: default]
26-03-30 16:18:33.828 [Test worker] INFO  org.hibernate.Version - HHH000412: Hibernate ORM core version 6.6.41.Final
26-03-30 16:18:33.886 [Test worker] INFO  o.h.c.i.RegionFactoryInitiator - HHH000026: Second-level cache disabled
26-03-30 16:18:34.344 [Test worker] INFO  o.s.o.j.p.SpringPersistenceUnitInfo - No LoadTimeWeaver setup: ignoring JPA class transformer
26-03-30 16:18:34.413 [Test worker] WARN  org.hibernate.orm.deprecation - HHH90000025: H2Dialect does not need to be specified explicitly using 'hibernate.dialect' (remove the property setting and it will be selected by default)
26-03-30 16:18:34.441 [Test worker] INFO  o.hibernate.orm.connections.pooling - HHH10001005: Database info:
	Database JDBC URL [Connecting through datasource 'org.springframework.jdbc.datasource.embedded.EmbeddedDatabaseFactory$EmbeddedDataSourceProxy@7853363c']
	Database driver: undefined/unknown
	Database version: 2.3.232
	Autocommit mode: undefined/unknown
	Isolation level: undefined/unknown
	Minimum pool size: undefined/unknown
	Maximum pool size: undefined/unknown
26-03-30 16:18:36.016 [Test worker] INFO  o.h.e.t.j.p.i.JtaPlatformInitiator - HHH000489: No JTA platform available (set 'hibernate.transaction.jta.platform' to enable JTA platform integration)
26-03-30 16:18:36.046 [Test worker] DEBUG org.hibernate.SQL - 
    drop table if exists binary_contents cascade 
26-03-30 16:18:36.051 [Test worker] DEBUG org.hibernate.SQL - 
    drop table if exists channel_participants cascade 
26-03-30 16:18:36.052 [Test worker] DEBUG org.hibernate.SQL - 
    drop table if exists channels cascade 
26-03-30 16:18:36.053 [Test worker] DEBUG org.hibernate.SQL - 
    drop table if exists messages cascade 
26-03-30 16:18:36.054 [Test worker] DEBUG org.hibernate.SQL - 
    drop table if exists read_statuses cascade 
26-03-30 16:18:36.055 [Test worker] DEBUG org.hibernate.SQL - 
    drop table if exists user_statuses cascade 
26-03-30 16:18:36.056 [Test worker] DEBUG org.hibernate.SQL - 
    drop table if exists users cascade 
26-03-30 16:18:36.065 [Test worker] DEBUG org.hibernate.SQL - 
    create table binary_contents (
        created_at timestamp with time zone not null,
        size bigint,
        id uuid not null,
        message_id uuid,
        content_type varchar(255),
        file_name varchar(255),
        primary key (id)
    )
26-03-30 16:18:36.069 [Test worker] DEBUG org.hibernate.SQL - 
    create table channel_participants (
        channel_id uuid not null,
        user_id uuid not null
    )
26-03-30 16:18:36.072 [Test worker] DEBUG org.hibernate.SQL - 
    create table channels (
        created_at timestamp with time zone not null,
        last_message_at timestamp(6) with time zone,
        updated_at timestamp with time zone,
        id uuid not null,
        name varchar(100) not null,
        description varchar(500),
        type enum ('PRIVATE','PUBLIC') not null,
        primary key (id)
    )
26-03-30 16:18:36.074 [Test worker] DEBUG org.hibernate.SQL - 
    create table messages (
        created_at timestamp with time zone not null,
        updated_at timestamp with time zone,
        author_id uuid not null,
        channel_id uuid not null,
        id uuid not null,
        content TEXT not null,
        primary key (id)
    )
26-03-30 16:18:36.077 [Test worker] DEBUG org.hibernate.SQL - 
    create table read_statuses (
        created_at timestamp with time zone not null,
        last_read_at timestamp(6) with time zone,
        updated_at timestamp with time zone,
        channel_id uuid,
        id uuid not null,
        user_id uuid,
        primary key (id)
    )
26-03-30 16:18:36.081 [Test worker] DEBUG org.hibernate.SQL - 
    create table user_statuses (
        created_at timestamp(6) with time zone,
        last_active_at timestamp(6) with time zone,
        updated_at timestamp(6) with time zone,
        id uuid not null,
        user_id uuid unique,
        primary key (id)
    )
26-03-30 16:18:36.084 [Test worker] DEBUG org.hibernate.SQL - 
    create table users (
        created_at timestamp with time zone not null,
        updated_at timestamp with time zone,
        id uuid not null,
        profile_id uuid unique,
        username varchar(50) not null unique,
        password varchar(60) not null,
        email varchar(100) not null unique,
        primary key (id)
    )
26-03-30 16:18:36.087 [Test worker] DEBUG org.hibernate.SQL - 
    alter table if exists binary_contents 
       add constraint FKaffo4mpem38t2jgoewjgbri2y 
       foreign key (message_id) 
       references messages
26-03-30 16:18:36.108 [Test worker] DEBUG org.hibernate.SQL - 
    alter table if exists channel_participants 
       add constraint FKljc2c43m89q7xiia8vr5in7nt 
       foreign key (user_id) 
       references users
26-03-30 16:18:36.110 [Test worker] DEBUG org.hibernate.SQL - 
    alter table if exists channel_participants 
       add constraint FKsj8j1v58oh34x4kjttfjorvk1 
       foreign key (channel_id) 
       references channels
26-03-30 16:18:36.112 [Test worker] DEBUG org.hibernate.SQL - 
    alter table if exists messages 
       add constraint FKowtlim26svclkatusptbgi7u1 
       foreign key (author_id) 
       references users
26-03-30 16:18:36.114 [Test worker] DEBUG org.hibernate.SQL - 
    alter table if exists messages 
       add constraint FK3u3ckbhwq9se1cmopk2pq05b2 
       foreign key (channel_id) 
       references channels
26-03-30 16:18:36.117 [Test worker] DEBUG org.hibernate.SQL - 
    alter table if exists read_statuses 
       add constraint FKa38ri44ml4gfdpklx4ahqr8gd 
       foreign key (channel_id) 
       references channels
26-03-30 16:18:36.119 [Test worker] DEBUG org.hibernate.SQL - 
    alter table if exists read_statuses 
       add constraint FKml3k4wr9sj5yxrmj6d0aoib2e 
       foreign key (user_id) 
       references users
26-03-30 16:18:36.120 [Test worker] DEBUG org.hibernate.SQL - 
    alter table if exists user_statuses 
       add constraint FK4lfl3ei2ubchgcxrrpo3pw4mm 
       foreign key (user_id) 
       references users
26-03-30 16:18:36.122 [Test worker] DEBUG org.hibernate.SQL - 
    alter table if exists users 
       add constraint FKtbudycgrip49xdptogmhfqnso 
       foreign key (profile_id) 
       references binary_contents
26-03-30 16:18:36.129 [Test worker] INFO  o.s.o.j.LocalContainerEntityManagerFactoryBean - Initialized JPA EntityManagerFactory for persistence unit 'default'
26-03-30 16:18:36.611 [Test worker] INFO  o.s.d.j.r.query.QueryEnhancerFactory - Hibernate is in classpath; If applicable, HQL parser will be used.
26-03-30 16:18:37.333 [Test worker] INFO  c.s.m.d.r.MessageRepositoryTest - Started MessageRepositoryTest in 5.921 seconds (process running for 7.392)
26-03-30 16:18:37.979 [SpringApplicationShutdownHook] INFO  o.s.o.j.LocalContainerEntityManagerFactoryBean - Closing JPA EntityManagerFactory for persistence unit 'default'
26-03-30 16:18:37.980 [SpringApplicationShutdownHook] DEBUG org.hibernate.SQL - 
    drop table if exists binary_contents cascade 
26-03-30 16:18:37.981 [SpringApplicationShutdownHook] DEBUG org.hibernate.SQL - 
    drop table if exists channel_participants cascade 
26-03-30 16:18:37.982 [SpringApplicationShutdownHook] DEBUG org.hibernate.SQL - 
    drop table if exists channels cascade 
26-03-30 16:18:37.983 [SpringApplicationShutdownHook] DEBUG org.hibernate.SQL - 
    drop table if exists messages cascade 
26-03-30 16:18:37.983 [SpringApplicationShutdownHook] DEBUG org.hibernate.SQL - 
    drop table if exists read_statuses cascade 
26-03-30 16:18:37.984 [SpringApplicationShutdownHook] DEBUG org.hibernate.SQL - 
    drop table if exists user_statuses cascade 
26-03-30 16:18:37.985 [SpringApplicationShutdownHook] DEBUG org.hibernate.SQL - 
    drop table if exists users cascade 
26-03-30 16:18:51.264 [background-preinit] INFO  o.h.validator.internal.util.Version - HV000001: Hibernate Validator 8.0.3.Final
26-03-30 16:18:51.349 [Test worker] INFO  c.s.m.d.r.MessageRepositoryTest - Starting MessageRepositoryTest using Java 17.0.17 with PID 8708 (started by dev in C:\Users\dev\IdeaProjects\Tim\9-sprint-mission\discodeit)
26-03-30 16:18:51.350 [Test worker] INFO  c.s.m.d.r.MessageRepositoryTest - The following 1 profile is active: "test"
26-03-30 16:18:51.980 [Test worker] INFO  o.s.d.r.c.RepositoryConfigurationDelegate - Bootstrapping Spring Data JPA repositories in DEFAULT mode.
26-03-30 16:18:52.095 [Test worker] INFO  o.s.d.r.c.RepositoryConfigurationDelegate - Finished Spring Data repository scanning in 98 ms. Found 6 JPA repository interfaces.
26-03-30 16:18:52.173 [Test worker] INFO  o.s.b.t.a.j.TestDatabaseAutoConfiguration$EmbeddedDataSourceBeanFactoryPostProcessor - Replacing 'dataSource' DataSource bean with embedded version
26-03-30 16:18:52.381 [Test worker] INFO  o.s.j.d.e.EmbeddedDatabaseFactory - Starting embedded database: url='jdbc:h2:mem:acd80214-d041-4c19-a7a3-0aba7eb66afe;DB_CLOSE_DELAY=-1;DB_CLOSE_ON_EXIT=false', username='sa'
26-03-30 16:18:52.804 [Test worker] INFO  o.h.jpa.internal.util.LogHelper - HHH000204: Processing PersistenceUnitInfo [name: default]
26-03-30 16:18:52.909 [Test worker] INFO  org.hibernate.Version - HHH000412: Hibernate ORM core version 6.6.41.Final
26-03-30 16:18:52.968 [Test worker] INFO  o.h.c.i.RegionFactoryInitiator - HHH000026: Second-level cache disabled
26-03-30 16:18:53.444 [Test worker] INFO  o.s.o.j.p.SpringPersistenceUnitInfo - No LoadTimeWeaver setup: ignoring JPA class transformer
26-03-30 16:18:53.525 [Test worker] WARN  org.hibernate.orm.deprecation - HHH90000025: H2Dialect does not need to be specified explicitly using 'hibernate.dialect' (remove the property setting and it will be selected by default)
26-03-30 16:18:53.558 [Test worker] INFO  o.hibernate.orm.connections.pooling - HHH10001005: Database info:
	Database JDBC URL [Connecting through datasource 'org.springframework.jdbc.datasource.embedded.EmbeddedDatabaseFactory$EmbeddedDataSourceProxy@34eaf9c1']
	Database driver: undefined/unknown
	Database version: 2.3.232
	Autocommit mode: undefined/unknown
	Isolation level: undefined/unknown
	Minimum pool size: undefined/unknown
	Maximum pool size: undefined/unknown
26-03-30 16:18:54.994 [Test worker] INFO  o.h.e.t.j.p.i.JtaPlatformInitiator - HHH000489: No JTA platform available (set 'hibernate.transaction.jta.platform' to enable JTA platform integration)
26-03-30 16:18:55.019 [Test worker] DEBUG org.hibernate.SQL - 
    drop table if exists binary_contents cascade 
26-03-30 16:18:55.022 [Test worker] DEBUG org.hibernate.SQL - 
    drop table if exists channel_participants cascade 
26-03-30 16:18:55.022 [Test worker] DEBUG org.hibernate.SQL - 
    drop table if exists channels cascade 
26-03-30 16:18:55.023 [Test worker] DEBUG org.hibernate.SQL - 
    drop table if exists messages cascade 
26-03-30 16:18:55.025 [Test worker] DEBUG org.hibernate.SQL - 
    drop table if exists read_statuses cascade 
26-03-30 16:18:55.025 [Test worker] DEBUG org.hibernate.SQL - 
    drop table if exists user_statuses cascade 
26-03-30 16:18:55.026 [Test worker] DEBUG org.hibernate.SQL - 
    drop table if exists users cascade 
26-03-30 16:18:55.034 [Test worker] DEBUG org.hibernate.SQL - 
    create table binary_contents (
        created_at timestamp with time zone not null,
        size bigint,
        id uuid not null,
        message_id uuid,
        content_type varchar(255),
        file_name varchar(255),
        primary key (id)
    )
26-03-30 16:18:55.037 [Test worker] DEBUG org.hibernate.SQL - 
    create table channel_participants (
        channel_id uuid not null,
        user_id uuid not null
    )
26-03-30 16:18:55.039 [Test worker] DEBUG org.hibernate.SQL - 
    create table channels (
        created_at timestamp with time zone not null,
        last_message_at timestamp(6) with time zone,
        updated_at timestamp with time zone,
        id uuid not null,
        name varchar(100) not null,
        description varchar(500),
        type enum ('PRIVATE','PUBLIC') not null,
        primary key (id)
    )
26-03-30 16:18:55.041 [Test worker] DEBUG org.hibernate.SQL - 
    create table messages (
        created_at timestamp with time zone not null,
        updated_at timestamp with time zone,
        author_id uuid not null,
        channel_id uuid not null,
        id uuid not null,
        content TEXT not null,
        primary key (id)
    )
26-03-30 16:18:55.043 [Test worker] DEBUG org.hibernate.SQL - 
    create table read_statuses (
        created_at timestamp with time zone not null,
        last_read_at timestamp(6) with time zone,
        updated_at timestamp with time zone,
        channel_id uuid,
        id uuid not null,
        user_id uuid,
        primary key (id)
    )
26-03-30 16:18:55.045 [Test worker] DEBUG org.hibernate.SQL - 
    create table user_statuses (
        created_at timestamp(6) with time zone,
        last_active_at timestamp(6) with time zone,
        updated_at timestamp(6) with time zone,
        id uuid not null,
        user_id uuid unique,
        primary key (id)
    )
26-03-30 16:18:55.047 [Test worker] DEBUG org.hibernate.SQL - 
    create table users (
        created_at timestamp with time zone not null,
        updated_at timestamp with time zone,
        id uuid not null,
        profile_id uuid unique,
        username varchar(50) not null unique,
        password varchar(60) not null,
        email varchar(100) not null unique,
        primary key (id)
    )
26-03-30 16:18:55.050 [Test worker] DEBUG org.hibernate.SQL - 
    alter table if exists binary_contents 
       add constraint FKaffo4mpem38t2jgoewjgbri2y 
       foreign key (message_id) 
       references messages
26-03-30 16:18:55.065 [Test worker] DEBUG org.hibernate.SQL - 
    alter table if exists channel_participants 
       add constraint FKljc2c43m89q7xiia8vr5in7nt 
       foreign key (user_id) 
       references users
26-03-30 16:18:55.067 [Test worker] DEBUG org.hibernate.SQL - 
    alter table if exists channel_participants 
       add constraint FKsj8j1v58oh34x4kjttfjorvk1 
       foreign key (channel_id) 
       references channels
26-03-30 16:18:55.069 [Test worker] DEBUG org.hibernate.SQL - 
    alter table if exists messages 
       add constraint FKowtlim26svclkatusptbgi7u1 
       foreign key (author_id) 
       references users
26-03-30 16:18:55.071 [Test worker] DEBUG org.hibernate.SQL - 
    alter table if exists messages 
       add constraint FK3u3ckbhwq9se1cmopk2pq05b2 
       foreign key (channel_id) 
       references channels
26-03-30 16:18:55.073 [Test worker] DEBUG org.hibernate.SQL - 
    alter table if exists read_statuses 
       add constraint FKa38ri44ml4gfdpklx4ahqr8gd 
       foreign key (channel_id) 
       references channels
26-03-30 16:18:55.074 [Test worker] DEBUG org.hibernate.SQL - 
    alter table if exists read_statuses 
       add constraint FKml3k4wr9sj5yxrmj6d0aoib2e 
       foreign key (user_id) 
       references users
26-03-30 16:18:55.076 [Test worker] DEBUG org.hibernate.SQL - 
    alter table if exists user_statuses 
       add constraint FK4lfl3ei2ubchgcxrrpo3pw4mm 
       foreign key (user_id) 
       references users
26-03-30 16:18:55.077 [Test worker] DEBUG org.hibernate.SQL - 
    alter table if exists users 
       add constraint FKtbudycgrip49xdptogmhfqnso 
       foreign key (profile_id) 
       references binary_contents
26-03-30 16:18:55.083 [Test worker] INFO  o.s.o.j.LocalContainerEntityManagerFactoryBean - Initialized JPA EntityManagerFactory for persistence unit 'default'
26-03-30 16:18:55.625 [Test worker] INFO  o.s.d.j.r.query.QueryEnhancerFactory - Hibernate is in classpath; If applicable, HQL parser will be used.
26-03-30 16:18:56.326 [Test worker] INFO  c.s.m.d.r.MessageRepositoryTest - Started MessageRepositoryTest in 5.714 seconds (process running for 7.201)
26-03-30 16:18:56.980 [Test worker] DEBUG org.hibernate.SQL - 
    insert 
    into
        users
        (created_at, email, password, profile_id, updated_at, username, id) 
    values
        (?, ?, ?, ?, ?, ?, ?)
26-03-30 16:18:57.005 [Test worker] DEBUG org.hibernate.SQL - 
    insert 
    into
        channels
        (created_at, description, last_message_at, name, type, updated_at, id) 
    values
        (?, ?, ?, ?, ?, ?, ?)
26-03-30 16:18:57.007 [Test worker] DEBUG org.hibernate.SQL - 
    insert 
    into
        messages
        (author_id, channel_id, content, created_at, updated_at, id) 
    values
        (?, ?, ?, ?, ?, ?)
26-03-30 16:18:57.009 [Test worker] DEBUG org.hibernate.SQL - 
    insert 
    into
        messages
        (author_id, channel_id, content, created_at, updated_at, id) 
    values
        (?, ?, ?, ?, ?, ?)
26-03-30 16:18:57.032 [Test worker] DEBUG org.hibernate.SQL - 
    select
        m1_0.id,
        m1_0.author_id,
        m1_0.channel_id,
        m1_0.content,
        m1_0.created_at,
        m1_0.updated_at 
    from
        messages m1_0 
    left join
        channels c1_0 
            on c1_0.id=m1_0.channel_id 
    where
        c1_0.id=? 
    fetch
        first ? rows only
26-03-30 16:18:57.173 [SpringApplicationShutdownHook] INFO  o.s.o.j.LocalContainerEntityManagerFactoryBean - Closing JPA EntityManagerFactory for persistence unit 'default'
26-03-30 16:18:57.174 [SpringApplicationShutdownHook] DEBUG org.hibernate.SQL - 
    drop table if exists binary_contents cascade 
26-03-30 16:18:57.176 [SpringApplicationShutdownHook] DEBUG org.hibernate.SQL - 
    drop table if exists channel_participants cascade 
26-03-30 16:18:57.177 [SpringApplicationShutdownHook] DEBUG org.hibernate.SQL - 
    drop table if exists channels cascade 
26-03-30 16:18:57.178 [SpringApplicationShutdownHook] DEBUG org.hibernate.SQL - 
    drop table if exists messages cascade 
26-03-30 16:18:57.179 [SpringApplicationShutdownHook] DEBUG org.hibernate.SQL - 
    drop table if exists read_statuses cascade 
26-03-30 16:18:57.179 [SpringApplicationShutdownHook] DEBUG org.hibernate.SQL - 
    drop table if exists user_statuses cascade 
26-03-30 16:18:57.180 [SpringApplicationShutdownHook] DEBUG org.hibernate.SQL - 
    drop table if exists users cascade 
26-03-30 16:33:43.379 [background-preinit] INFO  o.h.validator.internal.util.Version - HV000001: Hibernate Validator 8.0.3.Final
26-03-30 16:33:43.456 [Test worker] INFO  c.s.m.d.c.UserControllerTest - Starting UserControllerTest using Java 17.0.17 with PID 14548 (started by dev in C:\Users\dev\IdeaProjects\Tim\9-sprint-mission\discodeit)
26-03-30 16:33:43.457 [Test worker] INFO  c.s.m.d.c.UserControllerTest - The following 1 profile is active: "dev"
26-03-30 16:33:45.434 [Test worker] WARN  o.s.w.c.s.GenericWebApplicationContext - Exception encountered during context initialization - cancelling refresh attempt: org.springframework.beans.factory.UnsatisfiedDependencyException: Error creating bean with name 'userController' defined in file [C:\Users\dev\IdeaProjects\Tim\9-sprint-mission\discodeit\build\classes\java\main\com\sprint\mission\discodeit\controller\UserController.class]: Unsatisfied dependency expressed through constructor parameter 1: No qualifying bean of type 'com.sprint.mission.discodeit.service.UserStatusService' available: expected at least 1 bean which qualifies as autowire candidate. Dependency annotations: {}
26-03-30 16:33:45.470 [Test worker] INFO  o.s.b.a.l.ConditionEvaluationReportLogger - 

Error starting ApplicationContext. To display the condition evaluation report re-run your application with 'debug' enabled.
26-03-30 16:33:45.523 [Test worker] ERROR o.s.b.d.LoggingFailureAnalysisReporter - 

***************************
APPLICATION FAILED TO START
***************************

Description:

Parameter 1 of constructor in com.sprint.mission.discodeit.controller.UserController required a bean of type 'com.sprint.mission.discodeit.service.UserStatusService' that could not be found.


Action:

Consider defining a bean of type 'com.sprint.mission.discodeit.service.UserStatusService' in your configuration.

26-03-30 16:33:45.530 [Test worker] WARN  o.s.test.context.TestContextManager - Caught exception while allowing TestExecutionListener [org.springframework.test.context.bean.override.BeanOverrideTestExecutionListener] to prepare test instance [com.sprint.mission.discodeit.controller.UserControllerTest@382d549a]
java.lang.IllegalStateException: Failed to load ApplicationContext for [WebMergedContextConfiguration@3c07e830 testClass = com.sprint.mission.discodeit.controller.UserControllerTest, locations = [], classes = [com.sprint.mission.discodeit.DiscodeitApplication], contextInitializerClasses = [], activeProfiles = [], propertySourceDescriptors = [], propertySourceProperties = ["org.springframework.boot.test.autoconfigure.web.servlet.WebMvcTestContextBootstrapper=true"], contextCustomizers = [org.springframework.boot.test.autoconfigure.OnFailureConditionReportContextCustomizerFactory$OnFailureConditionReportContextCustomizer@16ecee1, org.springframework.boot.test.autoconfigure.OverrideAutoConfigurationContextCustomizerFactory$DisableAutoConfigurationContextCustomizer@4a3329b9, org.springframework.boot.test.autoconfigure.actuate.observability.ObservabilityContextCustomizerFactory$DisableObservabilityContextCustomizer@1f, org.springframework.boot.test.autoconfigure.filter.TypeExcludeFiltersContextCustomizer@be3e380f, org.springframework.boot.test.autoconfigure.properties.PropertyMappingContextCustomizer@195eae94, org.springframework.boot.test.autoconfigure.web.servlet.WebDriverContextCustomizer@6b5894c8, [ImportsContextCustomizer@34beadce key = [org.springframework.boot.autoconfigure.security.oauth2.client.servlet.OAuth2ClientWebSecurityAutoConfiguration, org.springframework.boot.autoconfigure.task.TaskExecutionAutoConfiguration, org.springframework.boot.autoconfigure.cache.CacheAutoConfiguration, org.springframework.boot.autoconfigure.web.servlet.HttpEncodingAutoConfiguration, org.springframework.boot.autoconfigure.validation.ValidationAutoConfiguration, org.springframework.boot.autoconfigure.security.saml2.Saml2RelyingPartyAutoConfiguration, org.springframework.boot.autoconfigure.context.MessageSourceAutoConfiguration, org.springframework.boot.autoconfigure.hateoas.HypermediaAutoConfiguration, org.springframework.boot.autoconfigure.jackson.JacksonAutoConfiguration, org.springframework.boot.autoconfigure.data.web.SpringDataWebAutoConfiguration, org.springframework.boot.test.autoconfigure.web.reactive.WebTestClientAutoConfiguration, org.springframework.boot.autoconfigure.web.servlet.error.ErrorMvcAutoConfiguration, org.springframework.boot.test.autoconfigure.web.servlet.MockMvcAutoConfiguration, org.springframework.boot.autoconfigure.security.servlet.SecurityAutoConfiguration, org.springframework.boot.autoconfigure.security.servlet.SecurityFilterAutoConfiguration, org.springframework.boot.autoconfigure.http.HttpMessageConvertersAutoConfiguration, org.springframework.boot.autoconfigure.security.oauth2.client.OAuth2ClientAutoConfiguration, org.springframework.boot.test.autoconfigure.web.servlet.MockMvcSecurityConfiguration, org.springframework.boot.test.autoconfigure.web.servlet.MockMvcWebClientAutoConfiguration, org.springframework.boot.test.autoconfigure.web.servlet.MockMvcWebDriverAutoConfiguration, org.springframework.boot.autoconfigure.thymeleaf.ThymeleafAutoConfiguration, org.springframework.boot.autoconfigure.gson.GsonAutoConfiguration, org.springframework.boot.autoconfigure.jsonb.JsonbAutoConfiguration, org.springframework.boot.autoconfigure.freemarker.FreeMarkerAutoConfiguration, org.springframework.boot.autoconfigure.web.servlet.WebMvcAutoConfiguration, org.springframework.boot.autoconfigure.security.servlet.UserDetailsServiceAutoConfiguration, org.springframework.boot.autoconfigure.security.oauth2.resource.servlet.OAuth2ResourceServerAutoConfiguration, org.springframework.boot.autoconfigure.groovy.template.GroovyTemplateAutoConfiguration, org.springframework.boot.autoconfigure.mustache.MustacheAutoConfiguration]], org.springframework.boot.test.context.filter.ExcludeFilterContextCustomizer@18518ccf, org.springframework.boot.test.json.DuplicateJsonObjectContextCustomizerFactory$DuplicateJsonObjectContextCustomizer@4c6daf0, org.springframework.boot.test.mock.mockito.MockitoContextCustomizer@0, org.springframework.boot.test.web.reactor.netty.DisableReactorResourceFactoryGlobalResourcesContextCustomizerFactory$DisableReactorResourceFactoryGlobalResourcesContextCustomizerCustomizer@acb0951, org.springframework.test.context.bean.override.BeanOverrideContextCustomizer@9af50518, org.springframework.test.context.support.DynamicPropertiesContextCustomizer@0, org.springframework.boot.test.context.SpringBootTestAnnotation@e18573ab], resourceBasePath = "src/main/webapp", contextLoader = org.springframework.boot.test.context.SpringBootContextLoader, parent = null]
	at org.springframework.test.context.cache.DefaultCacheAwareContextLoaderDelegate.loadContext(DefaultCacheAwareContextLoaderDelegate.java:180)
	at org.springframework.test.context.support.DefaultTestContext.getApplicationContext(DefaultTestContext.java:130)
	at org.springframework.test.context.bean.override.BeanOverrideTestExecutionListener.injectFields(BeanOverrideTestExecutionListener.java:107)
	at org.springframework.test.context.bean.override.BeanOverrideTestExecutionListener.prepareTestInstance(BeanOverrideTestExecutionListener.java:70)
	at org.springframework.test.context.TestContextManager.prepareTestInstance(TestContextManager.java:260)
	at org.springframework.test.context.junit.jupiter.SpringExtension.postProcessTestInstance(SpringExtension.java:159)
	at org.junit.jupiter.engine.descriptor.ClassBasedTestDescriptor.lambda$invokeTestInstancePostProcessors$10(ClassBasedTestDescriptor.java:383)
	at org.junit.jupiter.engine.descriptor.ClassBasedTestDescriptor.executeAndMaskThrowable(ClassBasedTestDescriptor.java:388)
	at org.junit.jupiter.engine.descriptor.ClassBasedTestDescriptor.lambda$invokeTestInstancePostProcessors$11(ClassBasedTestDescriptor.java:382)
	at java.base/java.util.stream.ForEachOps$ForEachOp$OfRef.accept(ForEachOps.java:183)
	at java.base/java.util.stream.ReferencePipeline$3$1.accept(ReferencePipeline.java:197)
	at java.base/java.util.stream.ReferencePipeline$2$1.accept(ReferencePipeline.java:179)
	at java.base/java.util.stream.ReferencePipeline$3$1.accept(ReferencePipeline.java:197)
	at java.base/java.util.ArrayList$ArrayListSpliterator.forEachRemaining(ArrayList.java:1625)
	at java.base/java.util.stream.AbstractPipeline.copyInto(AbstractPipeline.java:509)
	at java.base/java.util.stream.AbstractPipeline.wrapAndCopyInto(AbstractPipeline.java:499)
	at java.base/java.util.stream.ForEachOps$ForEachOp.evaluateSequential(ForEachOps.java:150)
	at java.base/java.util.stream.ForEachOps$ForEachOp$OfRef.evaluateSequential(ForEachOps.java:173)
	at java.base/java.util.stream.AbstractPipeline.evaluate(AbstractPipeline.java:234)
	at java.base/java.util.stream.ReferencePipeline.forEach(ReferencePipeline.java:596)
	at org.junit.jupiter.engine.descriptor.ClassBasedTestDescriptor.invokeTestInstancePostProcessors(ClassBasedTestDescriptor.java:382)
	at org.junit.jupiter.engine.descriptor.ClassBasedTestDescriptor.lambda$instantiateAndPostProcessTestInstance$6(ClassBasedTestDescriptor.java:293)
	at org.junit.platform.engine.support.hierarchical.ThrowableCollector.execute(ThrowableCollector.java:73)
	at org.junit.jupiter.engine.descriptor.ClassBasedTestDescriptor.instantiateAndPostProcessTestInstance(ClassBasedTestDescriptor.java:292)
	at org.junit.jupiter.engine.descriptor.ClassBasedTestDescriptor.lambda$testInstancesProvider$4(ClassBasedTestDescriptor.java:281)
	at java.base/java.util.Optional.orElseGet(Optional.java:364)
	at org.junit.jupiter.engine.descriptor.ClassBasedTestDescriptor.lambda$testInstancesProvider$5(ClassBasedTestDescriptor.java:280)
	at org.junit.jupiter.engine.execution.TestInstancesProvider.getTestInstances(TestInstancesProvider.java:27)
	at org.junit.jupiter.engine.descriptor.TestMethodTestDescriptor.lambda$prepare$0(TestMethodTestDescriptor.java:112)
	at org.junit.platform.engine.support.hierarchical.ThrowableCollector.execute(ThrowableCollector.java:73)
	at org.junit.jupiter.engine.descriptor.TestMethodTestDescriptor.prepare(TestMethodTestDescriptor.java:111)
	at org.junit.jupiter.engine.descriptor.TestMethodTestDescriptor.prepare(TestMethodTestDescriptor.java:69)
	at org.junit.platform.engine.support.hierarchical.NodeTestTask.lambda$prepare$2(NodeTestTask.java:128)
	at org.junit.platform.engine.support.hierarchical.ThrowableCollector.execute(ThrowableCollector.java:73)
	at org.junit.platform.engine.support.hierarchical.NodeTestTask.prepare(NodeTestTask.java:128)
	at org.junit.platform.engine.support.hierarchical.NodeTestTask.execute(NodeTestTask.java:95)
	at java.base/java.util.ArrayList.forEach(ArrayList.java:1511)
	at org.junit.platform.engine.support.hierarchical.SameThreadHierarchicalTestExecutorService.invokeAll(SameThreadHierarchicalTestExecutorService.java:41)
	at org.junit.platform.engine.support.hierarchical.NodeTestTask.lambda$executeRecursively$6(NodeTestTask.java:160)
	at org.junit.platform.engine.support.hierarchical.ThrowableCollector.execute(ThrowableCollector.java:73)
	at org.junit.platform.engine.support.hierarchical.NodeTestTask.lambda$executeRecursively$8(NodeTestTask.java:146)
	at org.junit.platform.engine.support.hierarchical.Node.around(Node.java:137)
	at org.junit.platform.engine.support.hierarchical.NodeTestTask.lambda$executeRecursively$9(NodeTestTask.java:144)
	at org.junit.platform.engine.support.hierarchical.ThrowableCollector.execute(ThrowableCollector.java:73)
	at org.junit.platform.engine.support.hierarchical.NodeTestTask.executeRecursively(NodeTestTask.java:143)
	at org.junit.platform.engine.support.hierarchical.NodeTestTask.execute(NodeTestTask.java:100)
	at java.base/java.util.ArrayList.forEach(ArrayList.java:1511)
	at org.junit.platform.engine.support.hierarchical.SameThreadHierarchicalTestExecutorService.invokeAll(SameThreadHierarchicalTestExecutorService.java:41)
	at org.junit.platform.engine.support.hierarchical.NodeTestTask.lambda$executeRecursively$6(NodeTestTask.java:160)
	at org.junit.platform.engine.support.hierarchical.ThrowableCollector.execute(ThrowableCollector.java:73)
	at org.junit.platform.engine.support.hierarchical.NodeTestTask.lambda$executeRecursively$8(NodeTestTask.java:146)
	at org.junit.platform.engine.support.hierarchical.Node.around(Node.java:137)
	at org.junit.platform.engine.support.hierarchical.NodeTestTask.lambda$executeRecursively$9(NodeTestTask.java:144)
	at org.junit.platform.engine.support.hierarchical.ThrowableCollector.execute(ThrowableCollector.java:73)
	at org.junit.platform.engine.support.hierarchical.NodeTestTask.executeRecursively(NodeTestTask.java:143)
	at org.junit.platform.engine.support.hierarchical.NodeTestTask.execute(NodeTestTask.java:100)
	at org.junit.platform.engine.support.hierarchical.SameThreadHierarchicalTestExecutorService.submit(SameThreadHierarchicalTestExecutorService.java:35)
	at org.junit.platform.engine.support.hierarchical.HierarchicalTestExecutor.execute(HierarchicalTestExecutor.java:57)
	at org.junit.platform.engine.support.hierarchical.HierarchicalTestEngine.execute(HierarchicalTestEngine.java:54)
	at org.junit.platform.launcher.core.EngineExecutionOrchestrator.execute(EngineExecutionOrchestrator.java:201)
	at org.junit.platform.launcher.core.EngineExecutionOrchestrator.execute(EngineExecutionOrchestrator.java:170)
	at org.junit.platform.launcher.core.EngineExecutionOrchestrator.execute(EngineExecutionOrchestrator.java:94)
	at org.junit.platform.launcher.core.EngineExecutionOrchestrator.lambda$execute$0(EngineExecutionOrchestrator.java:59)
	at org.junit.platform.launcher.core.EngineExecutionOrchestrator.withInterceptedStreams(EngineExecutionOrchestrator.java:142)
	at org.junit.platform.launcher.core.EngineExecutionOrchestrator.execute(EngineExecutionOrchestrator.java:58)
	at org.junit.platform.launcher.core.DefaultLauncher.execute(DefaultLauncher.java:103)
	at org.junit.platform.launcher.core.DefaultLauncher.execute(DefaultLauncher.java:85)
	at org.junit.platform.launcher.core.DelegatingLauncher.execute(DelegatingLauncher.java:47)
	at org.junit.platform.launcher.core.InterceptingLauncher.lambda$execute$1(InterceptingLauncher.java:39)
	at org.junit.platform.launcher.core.ClasspathAlignmentCheckingLauncherInterceptor.intercept(ClasspathAlignmentCheckingLauncherInterceptor.java:25)
	at org.junit.platform.launcher.core.InterceptingLauncher.execute(InterceptingLauncher.java:38)
	at org.junit.platform.launcher.core.DelegatingLauncher.execute(DelegatingLauncher.java:47)
	at org.gradle.api.internal.tasks.testing.junitplatform.JUnitPlatformTestClassProcessor$CollectAllTestClassesExecutor.processAllTestClasses(JUnitPlatformTestClassProcessor.java:124)
	at org.gradle.api.internal.tasks.testing.junitplatform.JUnitPlatformTestClassProcessor$CollectAllTestClassesExecutor.access$000(JUnitPlatformTestClassProcessor.java:99)
	at org.gradle.api.internal.tasks.testing.junitplatform.JUnitPlatformTestClassProcessor.stop(JUnitPlatformTestClassProcessor.java:94)
	at org.gradle.api.internal.tasks.testing.SuiteTestClassProcessor.stop(SuiteTestClassProcessor.java:63)
	at java.base/jdk.internal.reflect.NativeMethodAccessorImpl.invoke0(Native Method)
	at java.base/jdk.internal.reflect.NativeMethodAccessorImpl.invoke(NativeMethodAccessorImpl.java:77)
	at java.base/jdk.internal.reflect.DelegatingMethodAccessorImpl.invoke(DelegatingMethodAccessorImpl.java:43)
	at java.base/java.lang.reflect.Method.invoke(Method.java:569)
	at org.gradle.internal.dispatch.ReflectionDispatch.dispatch(ReflectionDispatch.java:36)
	at org.gradle.internal.dispatch.ReflectionDispatch.dispatch(ReflectionDispatch.java:24)
	at org.gradle.internal.dispatch.ContextClassLoaderDispatch.dispatch(ContextClassLoaderDispatch.java:33)
	at org.gradle.internal.dispatch.ProxyDispatchAdapter$DispatchingInvocationHandler.invoke(ProxyDispatchAdapter.java:92)
	at jdk.proxy1/jdk.proxy1.$Proxy4.stop(Unknown Source)
	at org.gradle.api.internal.tasks.testing.worker.TestWorker$3.run(TestWorker.java:200)
	at org.gradle.api.internal.tasks.testing.worker.TestWorker.executeAndMaintainThreadName(TestWorker.java:132)
	at org.gradle.api.internal.tasks.testing.worker.TestWorker.execute(TestWorker.java:103)
	at org.gradle.api.internal.tasks.testing.worker.TestWorker.execute(TestWorker.java:63)
	at org.gradle.process.internal.worker.child.ActionExecutionWorker.execute(ActionExecutionWorker.java:56)
	at org.gradle.process.internal.worker.child.SystemApplicationClassLoaderWorker.call(SystemApplicationClassLoaderWorker.java:122)
	at org.gradle.process.internal.worker.child.SystemApplicationClassLoaderWorker.call(SystemApplicationClassLoaderWorker.java:72)
	at worker.org.gradle.process.internal.worker.GradleWorkerMain.run(GradleWorkerMain.java:69)
	at worker.org.gradle.process.internal.worker.GradleWorkerMain.main(GradleWorkerMain.java:74)
Caused by: org.springframework.beans.factory.UnsatisfiedDependencyException: Error creating bean with name 'userController' defined in file [C:\Users\dev\IdeaProjects\Tim\9-sprint-mission\discodeit\build\classes\java\main\com\sprint\mission\discodeit\controller\UserController.class]: Unsatisfied dependency expressed through constructor parameter 1: No qualifying bean of type 'com.sprint.mission.discodeit.service.UserStatusService' available: expected at least 1 bean which qualifies as autowire candidate. Dependency annotations: {}
	at org.springframework.beans.factory.support.ConstructorResolver.createArgumentArray(ConstructorResolver.java:804)
	at org.springframework.beans.factory.support.ConstructorResolver.autowireConstructor(ConstructorResolver.java:240)
	at org.springframework.beans.factory.support.AbstractAutowireCapableBeanFactory.autowireConstructor(AbstractAutowireCapableBeanFactory.java:1395)
	at org.springframework.beans.factory.support.AbstractAutowireCapableBeanFactory.createBeanInstance(AbstractAutowireCapableBeanFactory.java:1232)
	at org.springframework.beans.factory.support.AbstractAutowireCapableBeanFactory.doCreateBean(AbstractAutowireCapableBeanFactory.java:569)
	at org.springframework.beans.factory.support.AbstractAutowireCapableBeanFactory.createBean(AbstractAutowireCapableBeanFactory.java:529)
	at org.springframework.beans.factory.support.AbstractBeanFactory.lambda$doGetBean$0(AbstractBeanFactory.java:339)
	at org.springframework.beans.factory.support.DefaultSingletonBeanRegistry.getSingleton(DefaultSingletonBeanRegistry.java:373)
	at org.springframework.beans.factory.support.AbstractBeanFactory.doGetBean(AbstractBeanFactory.java:337)
	at org.springframework.beans.factory.support.AbstractBeanFactory.getBean(AbstractBeanFactory.java:202)
	at org.springframework.beans.factory.support.DefaultListableBeanFactory.instantiateSingleton(DefaultListableBeanFactory.java:1228)
	at org.springframework.beans.factory.support.DefaultListableBeanFactory.preInstantiateSingleton(DefaultListableBeanFactory.java:1194)
	at org.springframework.beans.factory.support.DefaultListableBeanFactory.preInstantiateSingletons(DefaultListableBeanFactory.java:1130)
	at org.springframework.context.support.AbstractApplicationContext.finishBeanFactoryInitialization(AbstractApplicationContext.java:990)
	at org.springframework.context.support.AbstractApplicationContext.refresh(AbstractApplicationContext.java:627)
	at org.springframework.boot.SpringApplication.refresh(SpringApplication.java:752)
	at org.springframework.boot.SpringApplication.refreshContext(SpringApplication.java:439)
	at org.springframework.boot.SpringApplication.run(SpringApplication.java:318)
	at org.springframework.boot.test.context.SpringBootContextLoader.lambda$loadContext$3(SpringBootContextLoader.java:152)
	at org.springframework.util.function.ThrowingSupplier.get(ThrowingSupplier.java:58)
	at org.springframework.util.function.ThrowingSupplier.get(ThrowingSupplier.java:46)
	at org.springframework.boot.SpringApplication.withHook(SpringApplication.java:1461)
	at org.springframework.boot.test.context.SpringBootContextLoader$ContextLoaderHook.run(SpringBootContextLoader.java:595)
	at org.springframework.boot.test.context.SpringBootContextLoader.loadContext(SpringBootContextLoader.java:152)
	at org.springframework.boot.test.context.SpringBootContextLoader.loadContext(SpringBootContextLoader.java:111)
	at org.springframework.test.context.cache.DefaultCacheAwareContextLoaderDelegate.loadContextInternal(DefaultCacheAwareContextLoaderDelegate.java:225)
	at org.springframework.test.context.cache.DefaultCacheAwareContextLoaderDelegate.loadContext(DefaultCacheAwareContextLoaderDelegate.java:152)
	... 93 common frames omitted
Caused by: org.springframework.beans.factory.NoSuchBeanDefinitionException: No qualifying bean of type 'com.sprint.mission.discodeit.service.UserStatusService' available: expected at least 1 bean which qualifies as autowire candidate. Dependency annotations: {}
	at org.springframework.beans.factory.support.DefaultListableBeanFactory.raiseNoMatchingBeanFound(DefaultListableBeanFactory.java:2315)
	at org.springframework.beans.factory.support.DefaultListableBeanFactory.doResolveDependency(DefaultListableBeanFactory.java:1733)
	at org.springframework.beans.factory.support.DefaultListableBeanFactory.resolveDependency(DefaultListableBeanFactory.java:1653)
	at org.springframework.beans.factory.support.ConstructorResolver.resolveAutowiredArgument(ConstructorResolver.java:913)
	at org.springframework.beans.factory.support.ConstructorResolver.createArgumentArray(ConstructorResolver.java:791)
	... 119 common frames omitted
26-03-30 16:36:02.095 [background-preinit] INFO  o.h.validator.internal.util.Version - HV000001: Hibernate Validator 8.0.3.Final
26-03-30 16:36:02.171 [Test worker] INFO  c.s.m.d.c.UserControllerTest - Starting UserControllerTest using Java 17.0.17 with PID 8592 (started by dev in C:\Users\dev\IdeaProjects\Tim\9-sprint-mission\discodeit)
26-03-30 16:36:02.173 [Test worker] INFO  c.s.m.d.c.UserControllerTest - The following 1 profile is active: "test"
26-03-30 16:36:04.160 [Test worker] WARN  o.s.w.c.s.GenericWebApplicationContext - Exception encountered during context initialization - cancelling refresh attempt: org.springframework.beans.factory.UnsatisfiedDependencyException: Error creating bean with name 'userController' defined in file [C:\Users\dev\IdeaProjects\Tim\9-sprint-mission\discodeit\build\classes\java\main\com\sprint\mission\discodeit\controller\UserController.class]: Unsatisfied dependency expressed through constructor parameter 1: No qualifying bean of type 'com.sprint.mission.discodeit.service.UserStatusService' available: expected at least 1 bean which qualifies as autowire candidate. Dependency annotations: {}
26-03-30 16:36:04.195 [Test worker] INFO  o.s.b.a.l.ConditionEvaluationReportLogger - 

Error starting ApplicationContext. To display the condition evaluation report re-run your application with 'debug' enabled.
26-03-30 16:36:04.248 [Test worker] ERROR o.s.b.d.LoggingFailureAnalysisReporter - 

***************************
APPLICATION FAILED TO START
***************************

Description:

Parameter 1 of constructor in com.sprint.mission.discodeit.controller.UserController required a bean of type 'com.sprint.mission.discodeit.service.UserStatusService' that could not be found.


Action:

Consider defining a bean of type 'com.sprint.mission.discodeit.service.UserStatusService' in your configuration.

26-03-30 16:36:04.255 [Test worker] WARN  o.s.test.context.TestContextManager - Caught exception while allowing TestExecutionListener [org.springframework.test.context.bean.override.BeanOverrideTestExecutionListener] to prepare test instance [com.sprint.mission.discodeit.controller.UserControllerTest@2036f83]
java.lang.IllegalStateException: Failed to load ApplicationContext for [WebMergedContextConfiguration@35e07e19 testClass = com.sprint.mission.discodeit.controller.UserControllerTest, locations = [], classes = [com.sprint.mission.discodeit.DiscodeitApplication], contextInitializerClasses = [], activeProfiles = ["test"], propertySourceDescriptors = [], propertySourceProperties = ["org.springframework.boot.test.autoconfigure.web.servlet.WebMvcTestContextBootstrapper=true"], contextCustomizers = [org.springframework.boot.test.autoconfigure.OnFailureConditionReportContextCustomizerFactory$OnFailureConditionReportContextCustomizer@1d8062d2, org.springframework.boot.test.autoconfigure.OverrideAutoConfigurationContextCustomizerFactory$DisableAutoConfigurationContextCustomizer@36546a22, org.springframework.boot.test.autoconfigure.actuate.observability.ObservabilityContextCustomizerFactory$DisableObservabilityContextCustomizer@1f, org.springframework.boot.test.autoconfigure.filter.TypeExcludeFiltersContextCustomizer@bd0f1756, org.springframework.boot.test.autoconfigure.properties.PropertyMappingContextCustomizer@2080b1e, org.springframework.boot.test.autoconfigure.web.servlet.WebDriverContextCustomizer@51e8e6e6, [ImportsContextCustomizer@a1e912f key = [org.springframework.boot.autoconfigure.security.oauth2.client.servlet.OAuth2ClientWebSecurityAutoConfiguration, org.springframework.boot.autoconfigure.task.TaskExecutionAutoConfiguration, org.springframework.boot.autoconfigure.cache.CacheAutoConfiguration, org.springframework.boot.autoconfigure.web.servlet.HttpEncodingAutoConfiguration, org.springframework.boot.autoconfigure.validation.ValidationAutoConfiguration, org.springframework.boot.autoconfigure.security.saml2.Saml2RelyingPartyAutoConfiguration, org.springframework.boot.autoconfigure.context.MessageSourceAutoConfiguration, org.springframework.boot.autoconfigure.hateoas.HypermediaAutoConfiguration, org.springframework.boot.autoconfigure.jackson.JacksonAutoConfiguration, org.springframework.boot.autoconfigure.data.web.SpringDataWebAutoConfiguration, com.sprint.mission.discodeit.mapper.PageResponseMapper, org.springframework.boot.test.autoconfigure.web.reactive.WebTestClientAutoConfiguration, org.springframework.boot.autoconfigure.web.servlet.error.ErrorMvcAutoConfiguration, org.springframework.boot.test.autoconfigure.web.servlet.MockMvcAutoConfiguration, org.springframework.boot.autoconfigure.security.servlet.SecurityAutoConfiguration, org.springframework.boot.autoconfigure.security.servlet.SecurityFilterAutoConfiguration, org.springframework.boot.autoconfigure.http.HttpMessageConvertersAutoConfiguration, org.springframework.boot.autoconfigure.security.oauth2.client.OAuth2ClientAutoConfiguration, org.springframework.boot.test.autoconfigure.web.servlet.MockMvcSecurityConfiguration, org.springframework.boot.test.autoconfigure.web.servlet.MockMvcWebClientAutoConfiguration, org.springframework.boot.test.autoconfigure.web.servlet.MockMvcWebDriverAutoConfiguration, org.springframework.boot.autoconfigure.thymeleaf.ThymeleafAutoConfiguration, org.springframework.boot.autoconfigure.gson.GsonAutoConfiguration, org.springframework.boot.autoconfigure.jsonb.JsonbAutoConfiguration, org.springframework.boot.autoconfigure.freemarker.FreeMarkerAutoConfiguration, org.springframework.boot.autoconfigure.web.servlet.WebMvcAutoConfiguration, org.springframework.boot.autoconfigure.security.servlet.UserDetailsServiceAutoConfiguration, org.springframework.boot.autoconfigure.security.oauth2.resource.servlet.OAuth2ResourceServerAutoConfiguration, org.springframework.boot.autoconfigure.groovy.template.GroovyTemplateAutoConfiguration, org.springframework.boot.autoconfigure.mustache.MustacheAutoConfiguration]], org.springframework.boot.test.context.filter.ExcludeFilterContextCustomizer@2488b073, org.springframework.boot.test.json.DuplicateJsonObjectContextCustomizerFactory$DuplicateJsonObjectContextCustomizer@1cd201a8, org.springframework.boot.test.mock.mockito.MockitoContextCustomizer@0, org.springframework.boot.test.web.reactor.netty.DisableReactorResourceFactoryGlobalResourcesContextCustomizerFactory$DisableReactorResourceFactoryGlobalResourcesContextCustomizerCustomizer@675d8c96, org.springframework.test.context.bean.override.BeanOverrideContextCustomizer@aa4ef506, org.springframework.test.context.support.DynamicPropertiesContextCustomizer@0, org.springframework.boot.test.context.SpringBootTestAnnotation@480165a3], resourceBasePath = "src/main/webapp", contextLoader = org.springframework.boot.test.context.SpringBootContextLoader, parent = null]
	at org.springframework.test.context.cache.DefaultCacheAwareContextLoaderDelegate.loadContext(DefaultCacheAwareContextLoaderDelegate.java:180)
	at org.springframework.test.context.support.DefaultTestContext.getApplicationContext(DefaultTestContext.java:130)
	at org.springframework.test.context.bean.override.BeanOverrideTestExecutionListener.injectFields(BeanOverrideTestExecutionListener.java:107)
	at org.springframework.test.context.bean.override.BeanOverrideTestExecutionListener.prepareTestInstance(BeanOverrideTestExecutionListener.java:70)
	at org.springframework.test.context.TestContextManager.prepareTestInstance(TestContextManager.java:260)
	at org.springframework.test.context.junit.jupiter.SpringExtension.postProcessTestInstance(SpringExtension.java:159)
	at org.junit.jupiter.engine.descriptor.ClassBasedTestDescriptor.lambda$invokeTestInstancePostProcessors$10(ClassBasedTestDescriptor.java:383)
	at org.junit.jupiter.engine.descriptor.ClassBasedTestDescriptor.executeAndMaskThrowable(ClassBasedTestDescriptor.java:388)
	at org.junit.jupiter.engine.descriptor.ClassBasedTestDescriptor.lambda$invokeTestInstancePostProcessors$11(ClassBasedTestDescriptor.java:382)
	at java.base/java.util.stream.ForEachOps$ForEachOp$OfRef.accept(ForEachOps.java:183)
	at java.base/java.util.stream.ReferencePipeline$3$1.accept(ReferencePipeline.java:197)
	at java.base/java.util.stream.ReferencePipeline$2$1.accept(ReferencePipeline.java:179)
	at java.base/java.util.stream.ReferencePipeline$3$1.accept(ReferencePipeline.java:197)
	at java.base/java.util.ArrayList$ArrayListSpliterator.forEachRemaining(ArrayList.java:1625)
	at java.base/java.util.stream.AbstractPipeline.copyInto(AbstractPipeline.java:509)
	at java.base/java.util.stream.AbstractPipeline.wrapAndCopyInto(AbstractPipeline.java:499)
	at java.base/java.util.stream.ForEachOps$ForEachOp.evaluateSequential(ForEachOps.java:150)
	at java.base/java.util.stream.ForEachOps$ForEachOp$OfRef.evaluateSequential(ForEachOps.java:173)
	at java.base/java.util.stream.AbstractPipeline.evaluate(AbstractPipeline.java:234)
	at java.base/java.util.stream.ReferencePipeline.forEach(ReferencePipeline.java:596)
	at org.junit.jupiter.engine.descriptor.ClassBasedTestDescriptor.invokeTestInstancePostProcessors(ClassBasedTestDescriptor.java:382)
	at org.junit.jupiter.engine.descriptor.ClassBasedTestDescriptor.lambda$instantiateAndPostProcessTestInstance$6(ClassBasedTestDescriptor.java:293)
	at org.junit.platform.engine.support.hierarchical.ThrowableCollector.execute(ThrowableCollector.java:73)
	at org.junit.jupiter.engine.descriptor.ClassBasedTestDescriptor.instantiateAndPostProcessTestInstance(ClassBasedTestDescriptor.java:292)
	at org.junit.jupiter.engine.descriptor.ClassBasedTestDescriptor.lambda$testInstancesProvider$4(ClassBasedTestDescriptor.java:281)
	at java.base/java.util.Optional.orElseGet(Optional.java:364)
	at org.junit.jupiter.engine.descriptor.ClassBasedTestDescriptor.lambda$testInstancesProvider$5(ClassBasedTestDescriptor.java:280)
	at org.junit.jupiter.engine.execution.TestInstancesProvider.getTestInstances(TestInstancesProvider.java:27)
	at org.junit.jupiter.engine.descriptor.TestMethodTestDescriptor.lambda$prepare$0(TestMethodTestDescriptor.java:112)
	at org.junit.platform.engine.support.hierarchical.ThrowableCollector.execute(ThrowableCollector.java:73)
	at org.junit.jupiter.engine.descriptor.TestMethodTestDescriptor.prepare(TestMethodTestDescriptor.java:111)
	at org.junit.jupiter.engine.descriptor.TestMethodTestDescriptor.prepare(TestMethodTestDescriptor.java:69)
	at org.junit.platform.engine.support.hierarchical.NodeTestTask.lambda$prepare$2(NodeTestTask.java:128)
	at org.junit.platform.engine.support.hierarchical.ThrowableCollector.execute(ThrowableCollector.java:73)
	at org.junit.platform.engine.support.hierarchical.NodeTestTask.prepare(NodeTestTask.java:128)
	at org.junit.platform.engine.support.hierarchical.NodeTestTask.execute(NodeTestTask.java:95)
	at java.base/java.util.ArrayList.forEach(ArrayList.java:1511)
	at org.junit.platform.engine.support.hierarchical.SameThreadHierarchicalTestExecutorService.invokeAll(SameThreadHierarchicalTestExecutorService.java:41)
	at org.junit.platform.engine.support.hierarchical.NodeTestTask.lambda$executeRecursively$6(NodeTestTask.java:160)
	at org.junit.platform.engine.support.hierarchical.ThrowableCollector.execute(ThrowableCollector.java:73)
	at org.junit.platform.engine.support.hierarchical.NodeTestTask.lambda$executeRecursively$8(NodeTestTask.java:146)
	at org.junit.platform.engine.support.hierarchical.Node.around(Node.java:137)
	at org.junit.platform.engine.support.hierarchical.NodeTestTask.lambda$executeRecursively$9(NodeTestTask.java:144)
	at org.junit.platform.engine.support.hierarchical.ThrowableCollector.execute(ThrowableCollector.java:73)
	at org.junit.platform.engine.support.hierarchical.NodeTestTask.executeRecursively(NodeTestTask.java:143)
	at org.junit.platform.engine.support.hierarchical.NodeTestTask.execute(NodeTestTask.java:100)
	at java.base/java.util.ArrayList.forEach(ArrayList.java:1511)
	at org.junit.platform.engine.support.hierarchical.SameThreadHierarchicalTestExecutorService.invokeAll(SameThreadHierarchicalTestExecutorService.java:41)
	at org.junit.platform.engine.support.hierarchical.NodeTestTask.lambda$executeRecursively$6(NodeTestTask.java:160)
	at org.junit.platform.engine.support.hierarchical.ThrowableCollector.execute(ThrowableCollector.java:73)
	at org.junit.platform.engine.support.hierarchical.NodeTestTask.lambda$executeRecursively$8(NodeTestTask.java:146)
	at org.junit.platform.engine.support.hierarchical.Node.around(Node.java:137)
	at org.junit.platform.engine.support.hierarchical.NodeTestTask.lambda$executeRecursively$9(NodeTestTask.java:144)
	at org.junit.platform.engine.support.hierarchical.ThrowableCollector.execute(ThrowableCollector.java:73)
	at org.junit.platform.engine.support.hierarchical.NodeTestTask.executeRecursively(NodeTestTask.java:143)
	at org.junit.platform.engine.support.hierarchical.NodeTestTask.execute(NodeTestTask.java:100)
	at org.junit.platform.engine.support.hierarchical.SameThreadHierarchicalTestExecutorService.submit(SameThreadHierarchicalTestExecutorService.java:35)
	at org.junit.platform.engine.support.hierarchical.HierarchicalTestExecutor.execute(HierarchicalTestExecutor.java:57)
	at org.junit.platform.engine.support.hierarchical.HierarchicalTestEngine.execute(HierarchicalTestEngine.java:54)
	at org.junit.platform.launcher.core.EngineExecutionOrchestrator.execute(EngineExecutionOrchestrator.java:201)
	at org.junit.platform.launcher.core.EngineExecutionOrchestrator.execute(EngineExecutionOrchestrator.java:170)
	at org.junit.platform.launcher.core.EngineExecutionOrchestrator.execute(EngineExecutionOrchestrator.java:94)
	at org.junit.platform.launcher.core.EngineExecutionOrchestrator.lambda$execute$0(EngineExecutionOrchestrator.java:59)
	at org.junit.platform.launcher.core.EngineExecutionOrchestrator.withInterceptedStreams(EngineExecutionOrchestrator.java:142)
	at org.junit.platform.launcher.core.EngineExecutionOrchestrator.execute(EngineExecutionOrchestrator.java:58)
	at org.junit.platform.launcher.core.DefaultLauncher.execute(DefaultLauncher.java:103)
	at org.junit.platform.launcher.core.DefaultLauncher.execute(DefaultLauncher.java:85)
	at org.junit.platform.launcher.core.DelegatingLauncher.execute(DelegatingLauncher.java:47)
	at org.junit.platform.launcher.core.InterceptingLauncher.lambda$execute$1(InterceptingLauncher.java:39)
	at org.junit.platform.launcher.core.ClasspathAlignmentCheckingLauncherInterceptor.intercept(ClasspathAlignmentCheckingLauncherInterceptor.java:25)
	at org.junit.platform.launcher.core.InterceptingLauncher.execute(InterceptingLauncher.java:38)
	at org.junit.platform.launcher.core.DelegatingLauncher.execute(DelegatingLauncher.java:47)
	at org.gradle.api.internal.tasks.testing.junitplatform.JUnitPlatformTestClassProcessor$CollectAllTestClassesExecutor.processAllTestClasses(JUnitPlatformTestClassProcessor.java:124)
	at org.gradle.api.internal.tasks.testing.junitplatform.JUnitPlatformTestClassProcessor$CollectAllTestClassesExecutor.access$000(JUnitPlatformTestClassProcessor.java:99)
	at org.gradle.api.internal.tasks.testing.junitplatform.JUnitPlatformTestClassProcessor.stop(JUnitPlatformTestClassProcessor.java:94)
	at org.gradle.api.internal.tasks.testing.SuiteTestClassProcessor.stop(SuiteTestClassProcessor.java:63)
	at java.base/jdk.internal.reflect.NativeMethodAccessorImpl.invoke0(Native Method)
	at java.base/jdk.internal.reflect.NativeMethodAccessorImpl.invoke(NativeMethodAccessorImpl.java:77)
	at java.base/jdk.internal.reflect.DelegatingMethodAccessorImpl.invoke(DelegatingMethodAccessorImpl.java:43)
	at java.base/java.lang.reflect.Method.invoke(Method.java:569)
	at org.gradle.internal.dispatch.ReflectionDispatch.dispatch(ReflectionDispatch.java:36)
	at org.gradle.internal.dispatch.ReflectionDispatch.dispatch(ReflectionDispatch.java:24)
	at org.gradle.internal.dispatch.ContextClassLoaderDispatch.dispatch(ContextClassLoaderDispatch.java:33)
	at org.gradle.internal.dispatch.ProxyDispatchAdapter$DispatchingInvocationHandler.invoke(ProxyDispatchAdapter.java:92)
	at jdk.proxy1/jdk.proxy1.$Proxy4.stop(Unknown Source)
	at org.gradle.api.internal.tasks.testing.worker.TestWorker$3.run(TestWorker.java:200)
	at org.gradle.api.internal.tasks.testing.worker.TestWorker.executeAndMaintainThreadName(TestWorker.java:132)
	at org.gradle.api.internal.tasks.testing.worker.TestWorker.execute(TestWorker.java:103)
	at org.gradle.api.internal.tasks.testing.worker.TestWorker.execute(TestWorker.java:63)
	at org.gradle.process.internal.worker.child.ActionExecutionWorker.execute(ActionExecutionWorker.java:56)
	at org.gradle.process.internal.worker.child.SystemApplicationClassLoaderWorker.call(SystemApplicationClassLoaderWorker.java:122)
	at org.gradle.process.internal.worker.child.SystemApplicationClassLoaderWorker.call(SystemApplicationClassLoaderWorker.java:72)
	at worker.org.gradle.process.internal.worker.GradleWorkerMain.run(GradleWorkerMain.java:69)
	at worker.org.gradle.process.internal.worker.GradleWorkerMain.main(GradleWorkerMain.java:74)
Caused by: org.springframework.beans.factory.UnsatisfiedDependencyException: Error creating bean with name 'userController' defined in file [C:\Users\dev\IdeaProjects\Tim\9-sprint-mission\discodeit\build\classes\java\main\com\sprint\mission\discodeit\controller\UserController.class]: Unsatisfied dependency expressed through constructor parameter 1: No qualifying bean of type 'com.sprint.mission.discodeit.service.UserStatusService' available: expected at least 1 bean which qualifies as autowire candidate. Dependency annotations: {}
	at org.springframework.beans.factory.support.ConstructorResolver.createArgumentArray(ConstructorResolver.java:804)
	at org.springframework.beans.factory.support.ConstructorResolver.autowireConstructor(ConstructorResolver.java:240)
	at org.springframework.beans.factory.support.AbstractAutowireCapableBeanFactory.autowireConstructor(AbstractAutowireCapableBeanFactory.java:1395)
	at org.springframework.beans.factory.support.AbstractAutowireCapableBeanFactory.createBeanInstance(AbstractAutowireCapableBeanFactory.java:1232)
	at org.springframework.beans.factory.support.AbstractAutowireCapableBeanFactory.doCreateBean(AbstractAutowireCapableBeanFactory.java:569)
	at org.springframework.beans.factory.support.AbstractAutowireCapableBeanFactory.createBean(AbstractAutowireCapableBeanFactory.java:529)
	at org.springframework.beans.factory.support.AbstractBeanFactory.lambda$doGetBean$0(AbstractBeanFactory.java:339)
	at org.springframework.beans.factory.support.DefaultSingletonBeanRegistry.getSingleton(DefaultSingletonBeanRegistry.java:373)
	at org.springframework.beans.factory.support.AbstractBeanFactory.doGetBean(AbstractBeanFactory.java:337)
	at org.springframework.beans.factory.support.AbstractBeanFactory.getBean(AbstractBeanFactory.java:202)
	at org.springframework.beans.factory.support.DefaultListableBeanFactory.instantiateSingleton(DefaultListableBeanFactory.java:1228)
	at org.springframework.beans.factory.support.DefaultListableBeanFactory.preInstantiateSingleton(DefaultListableBeanFactory.java:1194)
	at org.springframework.beans.factory.support.DefaultListableBeanFactory.preInstantiateSingletons(DefaultListableBeanFactory.java:1130)
	at org.springframework.context.support.AbstractApplicationContext.finishBeanFactoryInitialization(AbstractApplicationContext.java:990)
	at org.springframework.context.support.AbstractApplicationContext.refresh(AbstractApplicationContext.java:627)
	at org.springframework.boot.SpringApplication.refresh(SpringApplication.java:752)
	at org.springframework.boot.SpringApplication.refreshContext(SpringApplication.java:439)
	at org.springframework.boot.SpringApplication.run(SpringApplication.java:318)
	at org.springframework.boot.test.context.SpringBootContextLoader.lambda$loadContext$3(SpringBootContextLoader.java:152)
	at org.springframework.util.function.ThrowingSupplier.get(ThrowingSupplier.java:58)
	at org.springframework.util.function.ThrowingSupplier.get(ThrowingSupplier.java:46)
	at org.springframework.boot.SpringApplication.withHook(SpringApplication.java:1461)
	at org.springframework.boot.test.context.SpringBootContextLoader$ContextLoaderHook.run(SpringBootContextLoader.java:595)
	at org.springframework.boot.test.context.SpringBootContextLoader.loadContext(SpringBootContextLoader.java:152)
	at org.springframework.boot.test.context.SpringBootContextLoader.loadContext(SpringBootContextLoader.java:111)
	at org.springframework.test.context.cache.DefaultCacheAwareContextLoaderDelegate.loadContextInternal(DefaultCacheAwareContextLoaderDelegate.java:225)
	at org.springframework.test.context.cache.DefaultCacheAwareContextLoaderDelegate.loadContext(DefaultCacheAwareContextLoaderDelegate.java:152)
	... 93 common frames omitted
Caused by: org.springframework.beans.factory.NoSuchBeanDefinitionException: No qualifying bean of type 'com.sprint.mission.discodeit.service.UserStatusService' available: expected at least 1 bean which qualifies as autowire candidate. Dependency annotations: {}
	at org.springframework.beans.factory.support.DefaultListableBeanFactory.raiseNoMatchingBeanFound(DefaultListableBeanFactory.java:2315)
	at org.springframework.beans.factory.support.DefaultListableBeanFactory.doResolveDependency(DefaultListableBeanFactory.java:1733)
	at org.springframework.beans.factory.support.DefaultListableBeanFactory.resolveDependency(DefaultListableBeanFactory.java:1653)
	at org.springframework.beans.factory.support.ConstructorResolver.resolveAutowiredArgument(ConstructorResolver.java:913)
	at org.springframework.beans.factory.support.ConstructorResolver.createArgumentArray(ConstructorResolver.java:791)
	... 119 common frames omitted
26-03-30 16:43:23.463 [background-preinit] INFO  o.h.validator.internal.util.Version - HV000001: Hibernate Validator 8.0.3.Final
26-03-30 16:43:23.544 [Test worker] INFO  c.s.m.d.c.UserControllerTest - Starting UserControllerTest using Java 17.0.17 with PID 16032 (started by dev in C:\Users\dev\IdeaProjects\Tim\9-sprint-mission\discodeit)
26-03-30 16:43:23.546 [Test worker] INFO  c.s.m.d.c.UserControllerTest - The following 1 profile is active: "dev"
26-03-30 16:43:25.880 [Test worker] INFO  o.s.b.a.w.s.WelcomePageHandlerMapping - Adding welcome page: class path resource [static/index.html]
26-03-30 16:43:26.377 [Test worker] INFO  o.s.b.t.m.w.SpringBootMockServletContext - Initializing Spring TestDispatcherServlet ''
26-03-30 16:43:26.378 [Test worker] INFO  o.s.t.w.s.TestDispatcherServlet - Initializing Servlet ''
26-03-30 16:43:26.381 [Test worker] INFO  o.s.t.w.s.TestDispatcherServlet - Completed initialization in 1 ms
26-03-30 16:43:26.428 [Test worker] INFO  c.s.m.d.c.UserControllerTest - Started UserControllerTest in 3.62 seconds (process running for 5.14)
26-03-30 16:43:26.739 [Test worker] INFO  c.s.m.d.controller.UserController - 새로운 유저 가입 요청 들어옴!! 이름: tester, 이메일: test@test.com
26-03-30 16:49:44.527 [background-preinit] INFO  o.h.validator.internal.util.Version - HV000001: Hibernate Validator 8.0.3.Final
26-03-30 16:49:44.605 [Test worker] INFO  c.s.m.d.c.ChannelControllerTest - Starting ChannelControllerTest using Java 17.0.17 with PID 8964 (started by dev in C:\Users\dev\IdeaProjects\Tim\9-sprint-mission\discodeit)
26-03-30 16:49:44.607 [Test worker] INFO  c.s.m.d.c.ChannelControllerTest - The following 1 profile is active: "dev"
26-03-30 16:49:46.832 [Test worker] INFO  o.s.b.a.w.s.WelcomePageHandlerMapping - Adding welcome page: class path resource [static/index.html]
26-03-30 16:49:47.427 [Test worker] INFO  o.s.b.t.m.w.SpringBootMockServletContext - Initializing Spring TestDispatcherServlet ''
26-03-30 16:49:47.428 [Test worker] INFO  o.s.t.w.s.TestDispatcherServlet - Initializing Servlet ''
26-03-30 16:49:47.432 [Test worker] INFO  o.s.t.w.s.TestDispatcherServlet - Completed initialization in 2 ms
26-03-30 16:49:47.497 [Test worker] INFO  c.s.m.d.c.ChannelControllerTest - Started ChannelControllerTest in 3.599 seconds (process running for 5.19)
26-03-30 16:49:47.921 [Test worker] INFO  c.s.m.d.controller.ChannelController - 공개 채널 생성 요청 들어옴! 채널명: 공개방
26-03-30 16:49:56.707 [background-preinit] INFO  o.h.validator.internal.util.Version - HV000001: Hibernate Validator 8.0.3.Final
26-03-30 16:49:56.792 [Test worker] INFO  c.s.m.d.c.ChannelControllerTest - Starting ChannelControllerTest using Java 17.0.17 with PID 156 (started by dev in C:\Users\dev\IdeaProjects\Tim\9-sprint-mission\discodeit)
26-03-30 16:49:56.793 [Test worker] INFO  c.s.m.d.c.ChannelControllerTest - The following 1 profile is active: "dev"
26-03-30 16:49:58.906 [Test worker] INFO  o.s.b.a.w.s.WelcomePageHandlerMapping - Adding welcome page: class path resource [static/index.html]
26-03-30 16:49:59.385 [Test worker] INFO  o.s.b.t.m.w.SpringBootMockServletContext - Initializing Spring TestDispatcherServlet ''
26-03-30 16:49:59.386 [Test worker] INFO  o.s.t.w.s.TestDispatcherServlet - Initializing Servlet ''
26-03-30 16:49:59.389 [Test worker] INFO  o.s.t.w.s.TestDispatcherServlet - Completed initialization in 2 ms
26-03-30 16:49:59.439 [Test worker] INFO  c.s.m.d.c.ChannelControllerTest - Started ChannelControllerTest in 3.372 seconds (process running for 4.893)
26-03-30 17:14:36.907 [background-preinit] INFO  o.h.validator.internal.util.Version - HV000001: Hibernate Validator 8.0.3.Final
26-03-30 17:14:37.004 [Test worker] INFO  c.s.m.d.i.MessageIntegrationTest - Starting MessageIntegrationTest using Java 17.0.17 with PID 1436 (started by dev in C:\Users\dev\IdeaProjects\Tim\9-sprint-mission\discodeit)
26-03-30 17:14:37.005 [Test worker] INFO  c.s.m.d.i.MessageIntegrationTest - The following 1 profile is active: "test"
26-03-30 17:14:38.067 [Test worker] WARN  o.s.w.c.s.GenericWebApplicationContext - Exception encountered during context initialization - cancelling refresh attempt: org.springframework.beans.factory.support.BeanDefinitionOverrideException: Invalid bean definition with name 'jpaAuditingHandler' defined in null: Cannot register bean definition [Root bean: class=org.springframework.data.auditing.AuditingHandler; scope=; abstract=false; lazyInit=null; autowireMode=2; dependencyCheck=0; autowireCandidate=true; primary=false; fallback=false; factoryBeanName=null; factoryMethodName=from; initMethodNames=null; destroyMethodNames=null] for bean 'jpaAuditingHandler' since there is already [Root bean: class=org.springframework.data.auditing.AuditingHandler; scope=; abstract=false; lazyInit=null; autowireMode=2; dependencyCheck=0; autowireCandidate=true; primary=false; fallback=false; factoryBeanName=null; factoryMethodName=from; initMethodNames=null; destroyMethodNames=null] bound.
26-03-30 17:14:38.122 [Test worker] INFO  o.s.b.a.l.ConditionEvaluationReportLogger - 

Error starting ApplicationContext. To display the condition evaluation report re-run your application with 'debug' enabled.
26-03-30 17:14:38.154 [Test worker] ERROR o.s.b.d.LoggingFailureAnalysisReporter - 

***************************
APPLICATION FAILED TO START
***************************

Description:

The bean 'jpaAuditingHandler' could not be registered. A bean with that name has already been defined and overriding is disabled.

Action:

Consider renaming one of the beans or enabling overriding by setting spring.main.allow-bean-definition-overriding=true

26-03-30 17:14:38.159 [Test worker] WARN  o.s.test.context.TestContextManager - Caught exception while allowing TestExecutionListener [org.springframework.test.context.web.ServletTestExecutionListener] to prepare test instance [com.sprint.mission.discodeit.integration.MessageIntegrationTest@30922f8d]
java.lang.IllegalStateException: Failed to load ApplicationContext for [WebMergedContextConfiguration@36f6e521 testClass = com.sprint.mission.discodeit.integration.MessageIntegrationTest, locations = [], classes = [com.sprint.mission.discodeit.DiscodeitApplication], contextInitializerClasses = [], activeProfiles = ["test"], propertySourceDescriptors = [], propertySourceProperties = ["org.springframework.boot.test.context.SpringBootTestContextBootstrapper=true"], contextCustomizers = [org.springframework.boot.test.autoconfigure.OnFailureConditionReportContextCustomizerFactory$OnFailureConditionReportContextCustomizer@75e91545, org.springframework.boot.test.autoconfigure.actuate.observability.ObservabilityContextCustomizerFactory$DisableObservabilityContextCustomizer@1f, org.springframework.boot.test.autoconfigure.properties.PropertyMappingContextCustomizer@4b3fa0b3, org.springframework.boot.test.autoconfigure.web.servlet.WebDriverContextCustomizer@1fdfafd2, [ImportsContextCustomizer@2afdf6b7 key = [org.springframework.boot.autoconfigure.security.oauth2.client.servlet.OAuth2ClientWebSecurityAutoConfiguration, org.springframework.boot.autoconfigure.security.saml2.Saml2RelyingPartyAutoConfiguration, org.springframework.boot.test.autoconfigure.web.servlet.MockMvcSecurityConfiguration, org.springframework.boot.test.autoconfigure.web.servlet.MockMvcWebClientAutoConfiguration, org.springframework.boot.test.autoconfigure.web.reactive.WebTestClientAutoConfiguration, org.springframework.boot.test.autoconfigure.web.servlet.MockMvcWebDriverAutoConfiguration, org.springframework.boot.test.autoconfigure.web.servlet.MockMvcAutoConfiguration, org.springframework.boot.autoconfigure.security.servlet.SecurityAutoConfiguration, org.springframework.boot.autoconfigure.security.servlet.SecurityFilterAutoConfiguration, org.springframework.boot.autoconfigure.security.servlet.UserDetailsServiceAutoConfiguration, org.springframework.boot.autoconfigure.security.oauth2.resource.servlet.OAuth2ResourceServerAutoConfiguration, org.springframework.boot.autoconfigure.security.oauth2.client.OAuth2ClientAutoConfiguration]], org.springframework.boot.test.context.filter.ExcludeFilterContextCustomizer@f79a760, org.springframework.boot.test.json.DuplicateJsonObjectContextCustomizerFactory$DuplicateJsonObjectContextCustomizer@5b057c8c, org.springframework.boot.test.mock.mockito.MockitoContextCustomizer@0, org.springframework.boot.test.web.client.TestRestTemplateContextCustomizer@25748410, org.springframework.boot.test.web.reactor.netty.DisableReactorResourceFactoryGlobalResourcesContextCustomizerFactory$DisableReactorResourceFactoryGlobalResourcesContextCustomizerCustomizer@6e1d8f9e, org.springframework.test.context.support.DynamicPropertiesContextCustomizer@0, org.springframework.boot.test.context.SpringBootTestAnnotation@44d98d4], resourceBasePath = "src/main/webapp", contextLoader = org.springframework.boot.test.context.SpringBootContextLoader, parent = null]
	at org.springframework.test.context.cache.DefaultCacheAwareContextLoaderDelegate.loadContext(DefaultCacheAwareContextLoaderDelegate.java:180)
	at org.springframework.test.context.support.DefaultTestContext.getApplicationContext(DefaultTestContext.java:130)
	at org.springframework.test.context.web.ServletTestExecutionListener.setUpRequestContextIfNecessary(ServletTestExecutionListener.java:200)
	at org.springframework.test.context.web.ServletTestExecutionListener.prepareTestInstance(ServletTestExecutionListener.java:139)
	at org.springframework.test.context.TestContextManager.prepareTestInstance(TestContextManager.java:260)
	at org.springframework.test.context.junit.jupiter.SpringExtension.postProcessTestInstance(SpringExtension.java:159)
	at org.junit.jupiter.engine.descriptor.ClassBasedTestDescriptor.lambda$invokeTestInstancePostProcessors$10(ClassBasedTestDescriptor.java:383)
	at org.junit.jupiter.engine.descriptor.ClassBasedTestDescriptor.executeAndMaskThrowable(ClassBasedTestDescriptor.java:388)
	at org.junit.jupiter.engine.descriptor.ClassBasedTestDescriptor.lambda$invokeTestInstancePostProcessors$11(ClassBasedTestDescriptor.java:382)
	at java.base/java.util.stream.ForEachOps$ForEachOp$OfRef.accept(ForEachOps.java:183)
	at java.base/java.util.stream.ReferencePipeline$3$1.accept(ReferencePipeline.java:197)
	at java.base/java.util.stream.ReferencePipeline$2$1.accept(ReferencePipeline.java:179)
	at java.base/java.util.stream.ReferencePipeline$3$1.accept(ReferencePipeline.java:197)
	at java.base/java.util.ArrayList$ArrayListSpliterator.forEachRemaining(ArrayList.java:1625)
	at java.base/java.util.stream.AbstractPipeline.copyInto(AbstractPipeline.java:509)
	at java.base/java.util.stream.AbstractPipeline.wrapAndCopyInto(AbstractPipeline.java:499)
	at java.base/java.util.stream.ForEachOps$ForEachOp.evaluateSequential(ForEachOps.java:150)
	at java.base/java.util.stream.ForEachOps$ForEachOp$OfRef.evaluateSequential(ForEachOps.java:173)
	at java.base/java.util.stream.AbstractPipeline.evaluate(AbstractPipeline.java:234)
	at java.base/java.util.stream.ReferencePipeline.forEach(ReferencePipeline.java:596)
	at org.junit.jupiter.engine.descriptor.ClassBasedTestDescriptor.invokeTestInstancePostProcessors(ClassBasedTestDescriptor.java:382)
	at org.junit.jupiter.engine.descriptor.ClassBasedTestDescriptor.lambda$instantiateAndPostProcessTestInstance$6(ClassBasedTestDescriptor.java:293)
	at org.junit.platform.engine.support.hierarchical.ThrowableCollector.execute(ThrowableCollector.java:73)
	at org.junit.jupiter.engine.descriptor.ClassBasedTestDescriptor.instantiateAndPostProcessTestInstance(ClassBasedTestDescriptor.java:292)
	at org.junit.jupiter.engine.descriptor.ClassBasedTestDescriptor.lambda$testInstancesProvider$4(ClassBasedTestDescriptor.java:281)
	at java.base/java.util.Optional.orElseGet(Optional.java:364)
	at org.junit.jupiter.engine.descriptor.ClassBasedTestDescriptor.lambda$testInstancesProvider$5(ClassBasedTestDescriptor.java:280)
	at org.junit.jupiter.engine.execution.TestInstancesProvider.getTestInstances(TestInstancesProvider.java:27)
	at org.junit.jupiter.engine.descriptor.TestMethodTestDescriptor.lambda$prepare$0(TestMethodTestDescriptor.java:112)
	at org.junit.platform.engine.support.hierarchical.ThrowableCollector.execute(ThrowableCollector.java:73)
	at org.junit.jupiter.engine.descriptor.TestMethodTestDescriptor.prepare(TestMethodTestDescriptor.java:111)
	at org.junit.jupiter.engine.descriptor.TestMethodTestDescriptor.prepare(TestMethodTestDescriptor.java:69)
	at org.junit.platform.engine.support.hierarchical.NodeTestTask.lambda$prepare$2(NodeTestTask.java:128)
	at org.junit.platform.engine.support.hierarchical.ThrowableCollector.execute(ThrowableCollector.java:73)
	at org.junit.platform.engine.support.hierarchical.NodeTestTask.prepare(NodeTestTask.java:128)
	at org.junit.platform.engine.support.hierarchical.NodeTestTask.execute(NodeTestTask.java:95)
	at java.base/java.util.ArrayList.forEach(ArrayList.java:1511)
	at org.junit.platform.engine.support.hierarchical.SameThreadHierarchicalTestExecutorService.invokeAll(SameThreadHierarchicalTestExecutorService.java:41)
	at org.junit.platform.engine.support.hierarchical.NodeTestTask.lambda$executeRecursively$6(NodeTestTask.java:160)
	at org.junit.platform.engine.support.hierarchical.ThrowableCollector.execute(ThrowableCollector.java:73)
	at org.junit.platform.engine.support.hierarchical.NodeTestTask.lambda$executeRecursively$8(NodeTestTask.java:146)
	at org.junit.platform.engine.support.hierarchical.Node.around(Node.java:137)
	at org.junit.platform.engine.support.hierarchical.NodeTestTask.lambda$executeRecursively$9(NodeTestTask.java:144)
	at org.junit.platform.engine.support.hierarchical.ThrowableCollector.execute(ThrowableCollector.java:73)
	at org.junit.platform.engine.support.hierarchical.NodeTestTask.executeRecursively(NodeTestTask.java:143)
	at org.junit.platform.engine.support.hierarchical.NodeTestTask.execute(NodeTestTask.java:100)
	at java.base/java.util.ArrayList.forEach(ArrayList.java:1511)
	at org.junit.platform.engine.support.hierarchical.SameThreadHierarchicalTestExecutorService.invokeAll(SameThreadHierarchicalTestExecutorService.java:41)
	at org.junit.platform.engine.support.hierarchical.NodeTestTask.lambda$executeRecursively$6(NodeTestTask.java:160)
	at org.junit.platform.engine.support.hierarchical.ThrowableCollector.execute(ThrowableCollector.java:73)
	at org.junit.platform.engine.support.hierarchical.NodeTestTask.lambda$executeRecursively$8(NodeTestTask.java:146)
	at org.junit.platform.engine.support.hierarchical.Node.around(Node.java:137)
	at org.junit.platform.engine.support.hierarchical.NodeTestTask.lambda$executeRecursively$9(NodeTestTask.java:144)
	at org.junit.platform.engine.support.hierarchical.ThrowableCollector.execute(ThrowableCollector.java:73)
	at org.junit.platform.engine.support.hierarchical.NodeTestTask.executeRecursively(NodeTestTask.java:143)
	at org.junit.platform.engine.support.hierarchical.NodeTestTask.execute(NodeTestTask.java:100)
	at org.junit.platform.engine.support.hierarchical.SameThreadHierarchicalTestExecutorService.submit(SameThreadHierarchicalTestExecutorService.java:35)
	at org.junit.platform.engine.support.hierarchical.HierarchicalTestExecutor.execute(HierarchicalTestExecutor.java:57)
	at org.junit.platform.engine.support.hierarchical.HierarchicalTestEngine.execute(HierarchicalTestEngine.java:54)
	at org.junit.platform.launcher.core.EngineExecutionOrchestrator.execute(EngineExecutionOrchestrator.java:201)
	at org.junit.platform.launcher.core.EngineExecutionOrchestrator.execute(EngineExecutionOrchestrator.java:170)
	at org.junit.platform.launcher.core.EngineExecutionOrchestrator.execute(EngineExecutionOrchestrator.java:94)
	at org.junit.platform.launcher.core.EngineExecutionOrchestrator.lambda$execute$0(EngineExecutionOrchestrator.java:59)
	at org.junit.platform.launcher.core.EngineExecutionOrchestrator.withInterceptedStreams(EngineExecutionOrchestrator.java:142)
	at org.junit.platform.launcher.core.EngineExecutionOrchestrator.execute(EngineExecutionOrchestrator.java:58)
	at org.junit.platform.launcher.core.DefaultLauncher.execute(DefaultLauncher.java:103)
	at org.junit.platform.launcher.core.DefaultLauncher.execute(DefaultLauncher.java:85)
	at org.junit.platform.launcher.core.DelegatingLauncher.execute(DelegatingLauncher.java:47)
	at org.junit.platform.launcher.core.InterceptingLauncher.lambda$execute$1(InterceptingLauncher.java:39)
	at org.junit.platform.launcher.core.ClasspathAlignmentCheckingLauncherInterceptor.intercept(ClasspathAlignmentCheckingLauncherInterceptor.java:25)
	at org.junit.platform.launcher.core.InterceptingLauncher.execute(InterceptingLauncher.java:38)
	at org.junit.platform.launcher.core.DelegatingLauncher.execute(DelegatingLauncher.java:47)
	at org.gradle.api.internal.tasks.testing.junitplatform.JUnitPlatformTestClassProcessor$CollectAllTestClassesExecutor.processAllTestClasses(JUnitPlatformTestClassProcessor.java:124)
	at org.gradle.api.internal.tasks.testing.junitplatform.JUnitPlatformTestClassProcessor$CollectAllTestClassesExecutor.access$000(JUnitPlatformTestClassProcessor.java:99)
	at org.gradle.api.internal.tasks.testing.junitplatform.JUnitPlatformTestClassProcessor.stop(JUnitPlatformTestClassProcessor.java:94)
	at org.gradle.api.internal.tasks.testing.SuiteTestClassProcessor.stop(SuiteTestClassProcessor.java:63)
	at java.base/jdk.internal.reflect.NativeMethodAccessorImpl.invoke0(Native Method)
	at java.base/jdk.internal.reflect.NativeMethodAccessorImpl.invoke(NativeMethodAccessorImpl.java:77)
	at java.base/jdk.internal.reflect.DelegatingMethodAccessorImpl.invoke(DelegatingMethodAccessorImpl.java:43)
	at java.base/java.lang.reflect.Method.invoke(Method.java:569)
	at org.gradle.internal.dispatch.ReflectionDispatch.dispatch(ReflectionDispatch.java:36)
	at org.gradle.internal.dispatch.ReflectionDispatch.dispatch(ReflectionDispatch.java:24)
	at org.gradle.internal.dispatch.ContextClassLoaderDispatch.dispatch(ContextClassLoaderDispatch.java:33)
	at org.gradle.internal.dispatch.ProxyDispatchAdapter$DispatchingInvocationHandler.invoke(ProxyDispatchAdapter.java:92)
	at jdk.proxy1/jdk.proxy1.$Proxy4.stop(Unknown Source)
	at org.gradle.api.internal.tasks.testing.worker.TestWorker$3.run(TestWorker.java:200)
	at org.gradle.api.internal.tasks.testing.worker.TestWorker.executeAndMaintainThreadName(TestWorker.java:132)
	at org.gradle.api.internal.tasks.testing.worker.TestWorker.execute(TestWorker.java:103)
	at org.gradle.api.internal.tasks.testing.worker.TestWorker.execute(TestWorker.java:63)
	at org.gradle.process.internal.worker.child.ActionExecutionWorker.execute(ActionExecutionWorker.java:56)
	at org.gradle.process.internal.worker.child.SystemApplicationClassLoaderWorker.call(SystemApplicationClassLoaderWorker.java:122)
	at org.gradle.process.internal.worker.child.SystemApplicationClassLoaderWorker.call(SystemApplicationClassLoaderWorker.java:72)
	at worker.org.gradle.process.internal.worker.GradleWorkerMain.run(GradleWorkerMain.java:69)
	at worker.org.gradle.process.internal.worker.GradleWorkerMain.main(GradleWorkerMain.java:74)
Caused by: org.springframework.beans.factory.support.BeanDefinitionOverrideException: Invalid bean definition with name 'jpaAuditingHandler' defined in null: Cannot register bean definition [Root bean: class=org.springframework.data.auditing.AuditingHandler; scope=; abstract=false; lazyInit=null; autowireMode=2; dependencyCheck=0; autowireCandidate=true; primary=false; fallback=false; factoryBeanName=null; factoryMethodName=from; initMethodNames=null; destroyMethodNames=null] for bean 'jpaAuditingHandler' since there is already [Root bean: class=org.springframework.data.auditing.AuditingHandler; scope=; abstract=false; lazyInit=null; autowireMode=2; dependencyCheck=0; autowireCandidate=true; primary=false; fallback=false; factoryBeanName=null; factoryMethodName=from; initMethodNames=null; destroyMethodNames=null] bound.
	at org.springframework.beans.factory.support.DefaultListableBeanFactory.registerBeanDefinition(DefaultListableBeanFactory.java:1263)
	at org.springframework.data.auditing.config.AuditingBeanDefinitionRegistrarSupport.registerAuditHandlerBeanDefinition(AuditingBeanDefinitionRegistrarSupport.java:79)
	at org.springframework.data.auditing.config.AuditingBeanDefinitionRegistrarSupport.registerBeanDefinitions(AuditingBeanDefinitionRegistrarSupport.java:59)
	at org.springframework.data.jpa.repository.config.JpaAuditingRegistrar.registerBeanDefinitions(JpaAuditingRegistrar.java:67)
	at org.springframework.context.annotation.ImportBeanDefinitionRegistrar.registerBeanDefinitions(ImportBeanDefinitionRegistrar.java:86)
	at org.springframework.context.annotation.ConfigurationClassBeanDefinitionReader.lambda$loadBeanDefinitionsFromRegistrars$1(ConfigurationClassBeanDefinitionReader.java:409)
	at java.base/java.util.LinkedHashMap.forEach(LinkedHashMap.java:721)
	at org.springframework.context.annotation.ConfigurationClassBeanDefinitionReader.loadBeanDefinitionsFromRegistrars(ConfigurationClassBeanDefinitionReader.java:408)
	at org.springframework.context.annotation.ConfigurationClassBeanDefinitionReader.loadBeanDefinitionsForConfigurationClass(ConfigurationClassBeanDefinitionReader.java:148)
	at org.springframework.context.annotation.ConfigurationClassBeanDefinitionReader.loadBeanDefinitions(ConfigurationClassBeanDefinitionReader.java:120)
	at org.springframework.context.annotation.ConfigurationClassPostProcessor.processConfigBeanDefinitions(ConfigurationClassPostProcessor.java:430)
	at org.springframework.context.annotation.ConfigurationClassPostProcessor.postProcessBeanDefinitionRegistry(ConfigurationClassPostProcessor.java:290)
	at org.springframework.context.support.PostProcessorRegistrationDelegate.invokeBeanDefinitionRegistryPostProcessors(PostProcessorRegistrationDelegate.java:349)
	at org.springframework.context.support.PostProcessorRegistrationDelegate.invokeBeanFactoryPostProcessors(PostProcessorRegistrationDelegate.java:118)
	at org.springframework.context.support.AbstractApplicationContext.invokeBeanFactoryPostProcessors(AbstractApplicationContext.java:791)
	at org.springframework.context.support.AbstractApplicationContext.refresh(AbstractApplicationContext.java:609)
	at org.springframework.boot.SpringApplication.refresh(SpringApplication.java:752)
	at org.springframework.boot.SpringApplication.refreshContext(SpringApplication.java:439)
	at org.springframework.boot.SpringApplication.run(SpringApplication.java:318)
	at org.springframework.boot.test.context.SpringBootContextLoader.lambda$loadContext$3(SpringBootContextLoader.java:152)
	at org.springframework.util.function.ThrowingSupplier.get(ThrowingSupplier.java:58)
	at org.springframework.util.function.ThrowingSupplier.get(ThrowingSupplier.java:46)
	at org.springframework.boot.SpringApplication.withHook(SpringApplication.java:1461)
	at org.springframework.boot.test.context.SpringBootContextLoader$ContextLoaderHook.run(SpringBootContextLoader.java:595)
	at org.springframework.boot.test.context.SpringBootContextLoader.loadContext(SpringBootContextLoader.java:152)
	at org.springframework.boot.test.context.SpringBootContextLoader.loadContext(SpringBootContextLoader.java:111)
	at org.springframework.test.context.cache.DefaultCacheAwareContextLoaderDelegate.loadContextInternal(DefaultCacheAwareContextLoaderDelegate.java:225)
	at org.springframework.test.context.cache.DefaultCacheAwareContextLoaderDelegate.loadContext(DefaultCacheAwareContextLoaderDelegate.java:152)
	... 93 common frames omitted
26-03-30 17:18:15.823 [background-preinit] INFO  o.h.validator.internal.util.Version - HV000001: Hibernate Validator 8.0.3.Final
26-03-30 17:18:15.906 [Test worker] INFO  c.s.m.d.i.MessageIntegrationTest - Starting MessageIntegrationTest using Java 17.0.17 with PID 12276 (started by dev in C:\Users\dev\IdeaProjects\Tim\9-sprint-mission\discodeit)
26-03-30 17:18:15.908 [Test worker] INFO  c.s.m.d.i.MessageIntegrationTest - The following 1 profile is active: "test"
26-03-30 17:18:16.932 [Test worker] INFO  o.s.b.f.s.DefaultListableBeanFactory - Overriding bean definition for bean 'jpaAuditingHandler' with an equivalent definition: replacing [Root bean: class=org.springframework.data.auditing.AuditingHandler; scope=; abstract=false; lazyInit=null; autowireMode=2; dependencyCheck=0; autowireCandidate=true; primary=false; fallback=false; factoryBeanName=null; factoryMethodName=from; initMethodNames=null; destroyMethodNames=null] with [Root bean: class=org.springframework.data.auditing.AuditingHandler; scope=; abstract=false; lazyInit=null; autowireMode=2; dependencyCheck=0; autowireCandidate=true; primary=false; fallback=false; factoryBeanName=null; factoryMethodName=from; initMethodNames=null; destroyMethodNames=null]
26-03-30 17:18:16.932 [Test worker] INFO  o.s.b.f.s.DefaultListableBeanFactory - Overriding bean definition for bean 'org.springframework.data.jpa.domain.support.AuditingEntityListener' with an equivalent definition: replacing [Root bean: class=org.springframework.data.jpa.domain.support.AuditingEntityListener; scope=; abstract=false; lazyInit=null; autowireMode=0; dependencyCheck=0; autowireCandidate=true; primary=false; fallback=false; factoryBeanName=null; factoryMethodName=null; initMethodNames=null; destroyMethodNames=null] with [Root bean: class=org.springframework.data.jpa.domain.support.AuditingEntityListener; scope=; abstract=false; lazyInit=null; autowireMode=0; dependencyCheck=0; autowireCandidate=true; primary=false; fallback=false; factoryBeanName=null; factoryMethodName=null; initMethodNames=null; destroyMethodNames=null]
26-03-30 17:18:16.933 [Test worker] INFO  o.s.b.f.s.DefaultListableBeanFactory - Overriding bean definition for bean 'org.springframework.data.jpa.domain.support.AuditingBeanFactoryPostProcessor' with an equivalent definition: replacing [Root bean: class=org.springframework.data.jpa.domain.support.AuditingBeanFactoryPostProcessor; scope=; abstract=false; lazyInit=null; autowireMode=0; dependencyCheck=0; autowireCandidate=true; primary=false; fallback=false; factoryBeanName=null; factoryMethodName=null; initMethodNames=null; destroyMethodNames=null] with [Root bean: class=org.springframework.data.jpa.domain.support.AuditingBeanFactoryPostProcessor; scope=; abstract=false; lazyInit=null; autowireMode=0; dependencyCheck=0; autowireCandidate=true; primary=false; fallback=false; factoryBeanName=null; factoryMethodName=null; initMethodNames=null; destroyMethodNames=null]
26-03-30 17:18:17.508 [Test worker] INFO  o.s.d.r.c.RepositoryConfigurationDelegate - Bootstrapping Spring Data JPA repositories in DEFAULT mode.
26-03-30 17:18:17.623 [Test worker] INFO  o.s.d.r.c.RepositoryConfigurationDelegate - Finished Spring Data repository scanning in 99 ms. Found 6 JPA repository interfaces.
26-03-30 17:18:18.321 [Test worker] INFO  com.zaxxer.hikari.HikariDataSource - HikariPool-1 - Starting...
26-03-30 17:18:18.585 [Test worker] INFO  com.zaxxer.hikari.pool.HikariPool - HikariPool-1 - Added connection conn0: url=jdbc:h2:mem:testdb user=SA
26-03-30 17:18:18.587 [Test worker] INFO  com.zaxxer.hikari.HikariDataSource - HikariPool-1 - Start completed.
26-03-30 17:18:18.754 [Test worker] INFO  o.h.jpa.internal.util.LogHelper - HHH000204: Processing PersistenceUnitInfo [name: default]
26-03-30 17:18:18.857 [Test worker] INFO  org.hibernate.Version - HHH000412: Hibernate ORM core version 6.6.41.Final
26-03-30 17:18:18.923 [Test worker] INFO  o.h.c.i.RegionFactoryInitiator - HHH000026: Second-level cache disabled
26-03-30 17:18:19.446 [Test worker] INFO  o.s.o.j.p.SpringPersistenceUnitInfo - No LoadTimeWeaver setup: ignoring JPA class transformer
26-03-30 17:18:19.523 [Test worker] WARN  org.hibernate.orm.deprecation - HHH90000025: H2Dialect does not need to be specified explicitly using 'hibernate.dialect' (remove the property setting and it will be selected by default)
26-03-30 17:18:19.552 [Test worker] INFO  o.hibernate.orm.connections.pooling - HHH10001005: Database info:
	Database JDBC URL [Connecting through datasource 'HikariDataSource (HikariPool-1)']
	Database driver: undefined/unknown
	Database version: 2.3.232
	Autocommit mode: undefined/unknown
	Isolation level: undefined/unknown
	Minimum pool size: undefined/unknown
	Maximum pool size: undefined/unknown
26-03-30 17:18:21.047 [Test worker] INFO  o.h.e.t.j.p.i.JtaPlatformInitiator - HHH000489: No JTA platform available (set 'hibernate.transaction.jta.platform' to enable JTA platform integration)
26-03-30 17:18:21.071 [Test worker] DEBUG org.hibernate.SQL - 
    drop table if exists binary_contents cascade 
26-03-30 17:18:21.075 [Test worker] DEBUG org.hibernate.SQL - 
    drop table if exists channel_participants cascade 
26-03-30 17:18:21.075 [Test worker] DEBUG org.hibernate.SQL - 
    drop table if exists channels cascade 
26-03-30 17:18:21.076 [Test worker] DEBUG org.hibernate.SQL - 
    drop table if exists messages cascade 
26-03-30 17:18:21.078 [Test worker] DEBUG org.hibernate.SQL - 
    drop table if exists read_statuses cascade 
26-03-30 17:18:21.078 [Test worker] DEBUG org.hibernate.SQL - 
    drop table if exists user_statuses cascade 
26-03-30 17:18:21.079 [Test worker] DEBUG org.hibernate.SQL - 
    drop table if exists users cascade 
26-03-30 17:18:21.087 [Test worker] DEBUG org.hibernate.SQL - 
    create table binary_contents (
        created_at timestamp with time zone not null,
        size bigint,
        id uuid not null,
        message_id uuid,
        content_type varchar(255),
        file_name varchar(255),
        primary key (id)
    )
26-03-30 17:18:21.090 [Test worker] DEBUG org.hibernate.SQL - 
    create table channel_participants (
        channel_id uuid not null,
        user_id uuid not null
    )
26-03-30 17:18:21.092 [Test worker] DEBUG org.hibernate.SQL - 
    create table channels (
        created_at timestamp with time zone not null,
        last_message_at timestamp(6) with time zone,
        updated_at timestamp with time zone,
        id uuid not null,
        name varchar(100) not null,
        description varchar(500),
        type enum ('PRIVATE','PUBLIC') not null,
        primary key (id)
    )
26-03-30 17:18:21.094 [Test worker] DEBUG org.hibernate.SQL - 
    create table messages (
        created_at timestamp with time zone not null,
        updated_at timestamp with time zone,
        author_id uuid not null,
        channel_id uuid not null,
        id uuid not null,
        content TEXT not null,
        primary key (id)
    )
26-03-30 17:18:21.096 [Test worker] DEBUG org.hibernate.SQL - 
    create table read_statuses (
        created_at timestamp with time zone not null,
        last_read_at timestamp(6) with time zone,
        updated_at timestamp with time zone,
        channel_id uuid,
        id uuid not null,
        user_id uuid,
        primary key (id)
    )
26-03-30 17:18:21.098 [Test worker] DEBUG org.hibernate.SQL - 
    create table user_statuses (
        created_at timestamp(6) with time zone,
        last_active_at timestamp(6) with time zone,
        updated_at timestamp(6) with time zone,
        id uuid not null,
        user_id uuid unique,
        primary key (id)
    )
26-03-30 17:18:21.100 [Test worker] DEBUG org.hibernate.SQL - 
    create table users (
        created_at timestamp with time zone not null,
        updated_at timestamp with time zone,
        id uuid not null,
        profile_id uuid unique,
        username varchar(50) not null unique,
        password varchar(60) not null,
        email varchar(100) not null unique,
        primary key (id)
    )
26-03-30 17:18:21.103 [Test worker] DEBUG org.hibernate.SQL - 
    alter table if exists binary_contents 
       add constraint FKaffo4mpem38t2jgoewjgbri2y 
       foreign key (message_id) 
       references messages
26-03-30 17:18:21.120 [Test worker] DEBUG org.hibernate.SQL - 
    alter table if exists channel_participants 
       add constraint FKljc2c43m89q7xiia8vr5in7nt 
       foreign key (user_id) 
       references users
26-03-30 17:18:21.122 [Test worker] DEBUG org.hibernate.SQL - 
    alter table if exists channel_participants 
       add constraint FKsj8j1v58oh34x4kjttfjorvk1 
       foreign key (channel_id) 
       references channels
26-03-30 17:18:21.123 [Test worker] DEBUG org.hibernate.SQL - 
    alter table if exists messages 
       add constraint FKowtlim26svclkatusptbgi7u1 
       foreign key (author_id) 
       references users
26-03-30 17:18:21.125 [Test worker] DEBUG org.hibernate.SQL - 
    alter table if exists messages 
       add constraint FK3u3ckbhwq9se1cmopk2pq05b2 
       foreign key (channel_id) 
       references channels
26-03-30 17:18:21.127 [Test worker] DEBUG org.hibernate.SQL - 
    alter table if exists read_statuses 
       add constraint FKa38ri44ml4gfdpklx4ahqr8gd 
       foreign key (channel_id) 
       references channels
26-03-30 17:18:21.129 [Test worker] DEBUG org.hibernate.SQL - 
    alter table if exists read_statuses 
       add constraint FKml3k4wr9sj5yxrmj6d0aoib2e 
       foreign key (user_id) 
       references users
26-03-30 17:18:21.131 [Test worker] DEBUG org.hibernate.SQL - 
    alter table if exists user_statuses 
       add constraint FK4lfl3ei2ubchgcxrrpo3pw4mm 
       foreign key (user_id) 
       references users
26-03-30 17:18:21.132 [Test worker] DEBUG org.hibernate.SQL - 
    alter table if exists users 
       add constraint FKtbudycgrip49xdptogmhfqnso 
       foreign key (profile_id) 
       references binary_contents
26-03-30 17:18:21.139 [Test worker] INFO  o.s.o.j.LocalContainerEntityManagerFactoryBean - Initialized JPA EntityManagerFactory for persistence unit 'default'
26-03-30 17:18:21.622 [Test worker] INFO  o.s.d.j.r.query.QueryEnhancerFactory - Hibernate is in classpath; If applicable, HQL parser will be used.
26-03-30 17:18:22.587 [Test worker] WARN  o.s.b.a.o.j.JpaBaseConfiguration$JpaWebConfiguration - spring.jpa.open-in-view is enabled by default. Therefore, database queries may be performed during view rendering. Explicitly configure spring.jpa.open-in-view to disable this warning
26-03-30 17:18:22.618 [Test worker] INFO  o.s.b.a.w.s.WelcomePageHandlerMapping - Adding welcome page: class path resource [static/index.html]
26-03-30 17:18:23.574 [Test worker] INFO  o.s.b.t.m.w.SpringBootMockServletContext - Initializing Spring TestDispatcherServlet ''
26-03-30 17:18:23.575 [Test worker] INFO  o.s.t.w.s.TestDispatcherServlet - Initializing Servlet ''
26-03-30 17:18:23.583 [Test worker] INFO  o.s.b.a.e.web.EndpointLinksResolver - Exposing 4 endpoints beneath base path '/actuator'
26-03-30 17:18:23.604 [Test worker] INFO  o.s.t.w.s.TestDispatcherServlet - Completed initialization in 28 ms
26-03-30 17:18:23.705 [Test worker] INFO  c.s.m.d.i.MessageIntegrationTest - Started MessageIntegrationTest in 8.456 seconds (process running for 10.065)
26-03-30 17:18:24.548 [Test worker] INFO  c.s.m.d.controller.MessageController - 메시지 생성 요청 들어옴! 채널 ID: 1db7d7be-d76f-47a2-a290-f29228af956b, 작성자 ID: 49422f50-233a-48ac-a92b-b7de0ebcaa87
26-03-30 17:18:24.549 [Test worker] INFO  c.s.m.d.s.basic.BasicMessageService - 메시지 생성 로직 시작 - 채널 ID: 1db7d7be-d76f-47a2-a290-f29228af956b, 작성자 ID: 49422f50-233a-48ac-a92b-b7de0ebcaa87
26-03-30 17:18:24.563 [Test worker] INFO  c.s.m.d.s.basic.BasicMessageService - 메시지 생성 및 파일 처리 완료!
26-03-30 17:18:24.654 [SpringApplicationShutdownHook] INFO  o.s.o.j.LocalContainerEntityManagerFactoryBean - Closing JPA EntityManagerFactory for persistence unit 'default'
26-03-30 17:18:24.655 [SpringApplicationShutdownHook] DEBUG org.hibernate.SQL - 
    drop table if exists binary_contents cascade 
26-03-30 17:18:24.656 [SpringApplicationShutdownHook] DEBUG org.hibernate.SQL - 
    drop table if exists channel_participants cascade 
26-03-30 17:18:24.657 [SpringApplicationShutdownHook] DEBUG org.hibernate.SQL - 
    drop table if exists channels cascade 
26-03-30 17:18:24.658 [SpringApplicationShutdownHook] DEBUG org.hibernate.SQL - 
    drop table if exists messages cascade 
26-03-30 17:18:24.658 [SpringApplicationShutdownHook] DEBUG org.hibernate.SQL - 
    drop table if exists read_statuses cascade 
26-03-30 17:18:24.659 [SpringApplicationShutdownHook] DEBUG org.hibernate.SQL - 
    drop table if exists user_statuses cascade 
26-03-30 17:18:24.660 [SpringApplicationShutdownHook] DEBUG org.hibernate.SQL - 
    drop table if exists users cascade 
26-03-30 17:18:24.664 [SpringApplicationShutdownHook] INFO  com.zaxxer.hikari.HikariDataSource - HikariPool-1 - Shutdown initiated...
26-03-30 17:18:24.667 [SpringApplicationShutdownHook] INFO  com.zaxxer.hikari.HikariDataSource - HikariPool-1 - Shutdown completed.
26-03-30 17:26:22.259 [background-preinit] INFO  o.h.validator.internal.util.Version - HV000001: Hibernate Validator 8.0.3.Final
26-03-30 17:26:22.335 [Test worker] INFO  c.s.m.d.i.UserIntegrationTest - Starting UserIntegrationTest using Java 17.0.17 with PID 10996 (started by dev in C:\Users\dev\IdeaProjects\Tim\9-sprint-mission\discodeit)
26-03-30 17:26:22.336 [Test worker] INFO  c.s.m.d.i.UserIntegrationTest - The following 1 profile is active: "test"
26-03-30 17:26:23.408 [Test worker] INFO  o.s.b.f.s.DefaultListableBeanFactory - Overriding bean definition for bean 'jpaAuditingHandler' with an equivalent definition: replacing [Root bean: class=org.springframework.data.auditing.AuditingHandler; scope=; abstract=false; lazyInit=null; autowireMode=2; dependencyCheck=0; autowireCandidate=true; primary=false; fallback=false; factoryBeanName=null; factoryMethodName=from; initMethodNames=null; destroyMethodNames=null] with [Root bean: class=org.springframework.data.auditing.AuditingHandler; scope=; abstract=false; lazyInit=null; autowireMode=2; dependencyCheck=0; autowireCandidate=true; primary=false; fallback=false; factoryBeanName=null; factoryMethodName=from; initMethodNames=null; destroyMethodNames=null]
26-03-30 17:26:23.409 [Test worker] INFO  o.s.b.f.s.DefaultListableBeanFactory - Overriding bean definition for bean 'org.springframework.data.jpa.domain.support.AuditingEntityListener' with an equivalent definition: replacing [Root bean: class=org.springframework.data.jpa.domain.support.AuditingEntityListener; scope=; abstract=false; lazyInit=null; autowireMode=0; dependencyCheck=0; autowireCandidate=true; primary=false; fallback=false; factoryBeanName=null; factoryMethodName=null; initMethodNames=null; destroyMethodNames=null] with [Root bean: class=org.springframework.data.jpa.domain.support.AuditingEntityListener; scope=; abstract=false; lazyInit=null; autowireMode=0; dependencyCheck=0; autowireCandidate=true; primary=false; fallback=false; factoryBeanName=null; factoryMethodName=null; initMethodNames=null; destroyMethodNames=null]
26-03-30 17:26:23.409 [Test worker] INFO  o.s.b.f.s.DefaultListableBeanFactory - Overriding bean definition for bean 'org.springframework.data.jpa.domain.support.AuditingBeanFactoryPostProcessor' with an equivalent definition: replacing [Root bean: class=org.springframework.data.jpa.domain.support.AuditingBeanFactoryPostProcessor; scope=; abstract=false; lazyInit=null; autowireMode=0; dependencyCheck=0; autowireCandidate=true; primary=false; fallback=false; factoryBeanName=null; factoryMethodName=null; initMethodNames=null; destroyMethodNames=null] with [Root bean: class=org.springframework.data.jpa.domain.support.AuditingBeanFactoryPostProcessor; scope=; abstract=false; lazyInit=null; autowireMode=0; dependencyCheck=0; autowireCandidate=true; primary=false; fallback=false; factoryBeanName=null; factoryMethodName=null; initMethodNames=null; destroyMethodNames=null]
26-03-30 17:26:24.004 [Test worker] INFO  o.s.d.r.c.RepositoryConfigurationDelegate - Bootstrapping Spring Data JPA repositories in DEFAULT mode.
26-03-30 17:26:24.122 [Test worker] INFO  o.s.d.r.c.RepositoryConfigurationDelegate - Finished Spring Data repository scanning in 104 ms. Found 6 JPA repository interfaces.
26-03-30 17:26:24.954 [Test worker] INFO  com.zaxxer.hikari.HikariDataSource - HikariPool-1 - Starting...
26-03-30 17:26:25.236 [Test worker] INFO  com.zaxxer.hikari.pool.HikariPool - HikariPool-1 - Added connection conn0: url=jdbc:h2:mem:testdb user=SA
26-03-30 17:26:25.238 [Test worker] INFO  com.zaxxer.hikari.HikariDataSource - HikariPool-1 - Start completed.
26-03-30 17:26:25.532 [Test worker] INFO  o.h.jpa.internal.util.LogHelper - HHH000204: Processing PersistenceUnitInfo [name: default]
26-03-30 17:26:25.732 [Test worker] INFO  org.hibernate.Version - HHH000412: Hibernate ORM core version 6.6.41.Final
26-03-30 17:26:25.833 [Test worker] INFO  o.h.c.i.RegionFactoryInitiator - HHH000026: Second-level cache disabled
26-03-30 17:26:26.330 [Test worker] INFO  o.s.o.j.p.SpringPersistenceUnitInfo - No LoadTimeWeaver setup: ignoring JPA class transformer
26-03-30 17:26:26.404 [Test worker] WARN  org.hibernate.orm.deprecation - HHH90000025: H2Dialect does not need to be specified explicitly using 'hibernate.dialect' (remove the property setting and it will be selected by default)
26-03-30 17:26:26.435 [Test worker] INFO  o.hibernate.orm.connections.pooling - HHH10001005: Database info:
	Database JDBC URL [Connecting through datasource 'HikariDataSource (HikariPool-1)']
	Database driver: undefined/unknown
	Database version: 2.3.232
	Autocommit mode: undefined/unknown
	Isolation level: undefined/unknown
	Minimum pool size: undefined/unknown
	Maximum pool size: undefined/unknown
26-03-30 17:26:27.915 [Test worker] INFO  o.h.e.t.j.p.i.JtaPlatformInitiator - HHH000489: No JTA platform available (set 'hibernate.transaction.jta.platform' to enable JTA platform integration)
26-03-30 17:26:27.942 [Test worker] DEBUG org.hibernate.SQL - 
    drop table if exists binary_contents cascade 
26-03-30 17:26:27.945 [Test worker] DEBUG org.hibernate.SQL - 
    drop table if exists channel_participants cascade 
26-03-30 17:26:27.945 [Test worker] DEBUG org.hibernate.SQL - 
    drop table if exists channels cascade 
26-03-30 17:26:27.947 [Test worker] DEBUG org.hibernate.SQL - 
    drop table if exists messages cascade 
26-03-30 17:26:27.948 [Test worker] DEBUG org.hibernate.SQL - 
    drop table if exists read_statuses cascade 
26-03-30 17:26:27.949 [Test worker] DEBUG org.hibernate.SQL - 
    drop table if exists user_statuses cascade 
26-03-30 17:26:27.950 [Test worker] DEBUG org.hibernate.SQL - 
    drop table if exists users cascade 
26-03-30 17:26:27.961 [Test worker] DEBUG org.hibernate.SQL - 
    create table binary_contents (
        created_at timestamp with time zone not null,
        size bigint,
        id uuid not null,
        message_id uuid,
        content_type varchar(255),
        file_name varchar(255),
        primary key (id)
    )
26-03-30 17:26:27.963 [Test worker] DEBUG org.hibernate.SQL - 
    create table channel_participants (
        channel_id uuid not null,
        user_id uuid not null
    )
26-03-30 17:26:27.966 [Test worker] DEBUG org.hibernate.SQL - 
    create table channels (
        created_at timestamp with time zone not null,
        last_message_at timestamp(6) with time zone,
        updated_at timestamp with time zone,
        id uuid not null,
        name varchar(100) not null,
        description varchar(500),
        type enum ('PRIVATE','PUBLIC') not null,
        primary key (id)
    )
26-03-30 17:26:27.968 [Test worker] DEBUG org.hibernate.SQL - 
    create table messages (
        created_at timestamp with time zone not null,
        updated_at timestamp with time zone,
        author_id uuid not null,
        channel_id uuid not null,
        id uuid not null,
        content TEXT not null,
        primary key (id)
    )
26-03-30 17:26:27.969 [Test worker] DEBUG org.hibernate.SQL - 
    create table read_statuses (
        created_at timestamp with time zone not null,
        last_read_at timestamp(6) with time zone,
        updated_at timestamp with time zone,
        channel_id uuid,
        id uuid not null,
        user_id uuid,
        primary key (id)
    )
26-03-30 17:26:27.972 [Test worker] DEBUG org.hibernate.SQL - 
    create table user_statuses (
        created_at timestamp(6) with time zone,
        last_active_at timestamp(6) with time zone,
        updated_at timestamp(6) with time zone,
        id uuid not null,
        user_id uuid unique,
        primary key (id)
    )
26-03-30 17:26:27.974 [Test worker] DEBUG org.hibernate.SQL - 
    create table users (
        created_at timestamp with time zone not null,
        updated_at timestamp with time zone,
        id uuid not null,
        profile_id uuid unique,
        username varchar(50) not null unique,
        password varchar(60) not null,
        email varchar(100) not null unique,
        primary key (id)
    )
26-03-30 17:26:27.977 [Test worker] DEBUG org.hibernate.SQL - 
    alter table if exists binary_contents 
       add constraint FKaffo4mpem38t2jgoewjgbri2y 
       foreign key (message_id) 
       references messages
26-03-30 17:26:27.992 [Test worker] DEBUG org.hibernate.SQL - 
    alter table if exists channel_participants 
       add constraint FKljc2c43m89q7xiia8vr5in7nt 
       foreign key (user_id) 
       references users
26-03-30 17:26:27.994 [Test worker] DEBUG org.hibernate.SQL - 
    alter table if exists channel_participants 
       add constraint FKsj8j1v58oh34x4kjttfjorvk1 
       foreign key (channel_id) 
       references channels
26-03-30 17:26:27.997 [Test worker] DEBUG org.hibernate.SQL - 
    alter table if exists messages 
       add constraint FKowtlim26svclkatusptbgi7u1 
       foreign key (author_id) 
       references users
26-03-30 17:26:27.999 [Test worker] DEBUG org.hibernate.SQL - 
    alter table if exists messages 
       add constraint FK3u3ckbhwq9se1cmopk2pq05b2 
       foreign key (channel_id) 
       references channels
26-03-30 17:26:28.001 [Test worker] DEBUG org.hibernate.SQL - 
    alter table if exists read_statuses 
       add constraint FKa38ri44ml4gfdpklx4ahqr8gd 
       foreign key (channel_id) 
       references channels
26-03-30 17:26:28.003 [Test worker] DEBUG org.hibernate.SQL - 
    alter table if exists read_statuses 
       add constraint FKml3k4wr9sj5yxrmj6d0aoib2e 
       foreign key (user_id) 
       references users
26-03-30 17:26:28.004 [Test worker] DEBUG org.hibernate.SQL - 
    alter table if exists user_statuses 
       add constraint FK4lfl3ei2ubchgcxrrpo3pw4mm 
       foreign key (user_id) 
       references users
26-03-30 17:26:28.006 [Test worker] DEBUG org.hibernate.SQL - 
    alter table if exists users 
       add constraint FKtbudycgrip49xdptogmhfqnso 
       foreign key (profile_id) 
       references binary_contents
26-03-30 17:26:28.013 [Test worker] INFO  o.s.o.j.LocalContainerEntityManagerFactoryBean - Initialized JPA EntityManagerFactory for persistence unit 'default'
26-03-30 17:26:28.514 [Test worker] INFO  o.s.d.j.r.query.QueryEnhancerFactory - Hibernate is in classpath; If applicable, HQL parser will be used.
26-03-30 17:26:29.496 [Test worker] WARN  o.s.b.a.o.j.JpaBaseConfiguration$JpaWebConfiguration - spring.jpa.open-in-view is enabled by default. Therefore, database queries may be performed during view rendering. Explicitly configure spring.jpa.open-in-view to disable this warning
26-03-30 17:26:29.530 [Test worker] INFO  o.s.b.a.w.s.WelcomePageHandlerMapping - Adding welcome page: class path resource [static/index.html]
26-03-30 17:26:30.453 [Test worker] INFO  o.s.b.t.m.w.SpringBootMockServletContext - Initializing Spring TestDispatcherServlet ''
26-03-30 17:26:30.454 [Test worker] INFO  o.s.t.w.s.TestDispatcherServlet - Initializing Servlet ''
26-03-30 17:26:30.461 [Test worker] INFO  o.s.b.a.e.web.EndpointLinksResolver - Exposing 4 endpoints beneath base path '/actuator'
26-03-30 17:26:30.476 [Test worker] INFO  o.s.t.w.s.TestDispatcherServlet - Completed initialization in 21 ms
26-03-30 17:26:30.593 [Test worker] INFO  c.s.m.d.i.UserIntegrationTest - Started UserIntegrationTest in 8.912 seconds (process running for 10.516)
26-03-30 17:26:31.164 [Test worker] INFO  c.s.m.d.controller.UserController - 새로운 유저 가입 요청 들어옴!! 이름: integration_user, 이메일: integration@test.com
26-03-30 17:26:31.168 [Test worker] INFO  c.s.m.d.s.basic.BasicUserService - 사용자 생성 로직 시작 - username: integration_user, email: integration@test.com
26-03-30 17:26:31.264 [Test worker] DEBUG org.hibernate.SQL - 
    select
        u1_0.id 
    from
        users u1_0 
    where
        u1_0.email=? 
    fetch
        first ? rows only
26-03-30 17:26:31.325 [Test worker] DEBUG org.hibernate.SQL - 
    select
        u1_0.id 
    from
        users u1_0 
    where
        u1_0.username=? 
    fetch
        first ? rows only
26-03-30 17:26:31.387 [Test worker] INFO  c.s.m.d.s.basic.BasicUserService - 사용자 생성 및 DB 저장 완료 - username: integration_user
26-03-30 17:26:31.497 [Test worker] DEBUG org.hibernate.SQL - 
    insert 
    into
        users
        (created_at, email, password, profile_id, updated_at, username, id) 
    values
        (?, ?, ?, ?, ?, ?, ?)
26-03-30 17:26:31.511 [Test worker] DEBUG org.hibernate.SQL - 
    insert 
    into
        user_statuses
        (created_at, last_active_at, updated_at, user_id, id) 
    values
        (?, ?, ?, ?, ?)
26-03-30 17:26:31.512 [Test worker] DEBUG org.hibernate.SQL - 
    select
        u1_0.id 
    from
        users u1_0 
    where
        u1_0.username=? 
    fetch
        first ? rows only
26-03-30 17:26:31.630 [SpringApplicationShutdownHook] INFO  o.s.o.j.LocalContainerEntityManagerFactoryBean - Closing JPA EntityManagerFactory for persistence unit 'default'
26-03-30 17:26:31.632 [SpringApplicationShutdownHook] DEBUG org.hibernate.SQL - 
    drop table if exists binary_contents cascade 
26-03-30 17:26:31.633 [SpringApplicationShutdownHook] DEBUG org.hibernate.SQL - 
    drop table if exists channel_participants cascade 
26-03-30 17:26:31.634 [SpringApplicationShutdownHook] DEBUG org.hibernate.SQL - 
    drop table if exists channels cascade 
26-03-30 17:26:31.635 [SpringApplicationShutdownHook] DEBUG org.hibernate.SQL - 
    drop table if exists messages cascade 
26-03-30 17:26:31.635 [SpringApplicationShutdownHook] DEBUG org.hibernate.SQL - 
    drop table if exists read_statuses cascade 
26-03-30 17:26:31.636 [SpringApplicationShutdownHook] DEBUG org.hibernate.SQL - 
    drop table if exists user_statuses cascade 
26-03-30 17:26:31.637 [SpringApplicationShutdownHook] DEBUG org.hibernate.SQL - 
    drop table if exists users cascade 
26-03-30 17:26:31.640 [SpringApplicationShutdownHook] INFO  com.zaxxer.hikari.HikariDataSource - HikariPool-1 - Shutdown initiated...
26-03-30 17:26:31.643 [SpringApplicationShutdownHook] INFO  com.zaxxer.hikari.HikariDataSource - HikariPool-1 - Shutdown completed.
26-03-30 17:26:38.482 [background-preinit] INFO  o.h.validator.internal.util.Version - HV000001: Hibernate Validator 8.0.3.Final
26-03-30 17:26:38.565 [Test worker] INFO  c.s.m.d.i.UserIntegrationTest - Starting UserIntegrationTest using Java 17.0.17 with PID 17152 (started by dev in C:\Users\dev\IdeaProjects\Tim\9-sprint-mission\discodeit)
26-03-30 17:26:38.567 [Test worker] INFO  c.s.m.d.i.UserIntegrationTest - The following 1 profile is active: "test"
26-03-30 17:26:39.604 [Test worker] INFO  o.s.b.f.s.DefaultListableBeanFactory - Overriding bean definition for bean 'jpaAuditingHandler' with an equivalent definition: replacing [Root bean: class=org.springframework.data.auditing.AuditingHandler; scope=; abstract=false; lazyInit=null; autowireMode=2; dependencyCheck=0; autowireCandidate=true; primary=false; fallback=false; factoryBeanName=null; factoryMethodName=from; initMethodNames=null; destroyMethodNames=null] with [Root bean: class=org.springframework.data.auditing.AuditingHandler; scope=; abstract=false; lazyInit=null; autowireMode=2; dependencyCheck=0; autowireCandidate=true; primary=false; fallback=false; factoryBeanName=null; factoryMethodName=from; initMethodNames=null; destroyMethodNames=null]
26-03-30 17:26:39.604 [Test worker] INFO  o.s.b.f.s.DefaultListableBeanFactory - Overriding bean definition for bean 'org.springframework.data.jpa.domain.support.AuditingEntityListener' with an equivalent definition: replacing [Root bean: class=org.springframework.data.jpa.domain.support.AuditingEntityListener; scope=; abstract=false; lazyInit=null; autowireMode=0; dependencyCheck=0; autowireCandidate=true; primary=false; fallback=false; factoryBeanName=null; factoryMethodName=null; initMethodNames=null; destroyMethodNames=null] with [Root bean: class=org.springframework.data.jpa.domain.support.AuditingEntityListener; scope=; abstract=false; lazyInit=null; autowireMode=0; dependencyCheck=0; autowireCandidate=true; primary=false; fallback=false; factoryBeanName=null; factoryMethodName=null; initMethodNames=null; destroyMethodNames=null]
26-03-30 17:26:39.605 [Test worker] INFO  o.s.b.f.s.DefaultListableBeanFactory - Overriding bean definition for bean 'org.springframework.data.jpa.domain.support.AuditingBeanFactoryPostProcessor' with an equivalent definition: replacing [Root bean: class=org.springframework.data.jpa.domain.support.AuditingBeanFactoryPostProcessor; scope=; abstract=false; lazyInit=null; autowireMode=0; dependencyCheck=0; autowireCandidate=true; primary=false; fallback=false; factoryBeanName=null; factoryMethodName=null; initMethodNames=null; destroyMethodNames=null] with [Root bean: class=org.springframework.data.jpa.domain.support.AuditingBeanFactoryPostProcessor; scope=; abstract=false; lazyInit=null; autowireMode=0; dependencyCheck=0; autowireCandidate=true; primary=false; fallback=false; factoryBeanName=null; factoryMethodName=null; initMethodNames=null; destroyMethodNames=null]
26-03-30 17:26:40.186 [Test worker] INFO  o.s.d.r.c.RepositoryConfigurationDelegate - Bootstrapping Spring Data JPA repositories in DEFAULT mode.
26-03-30 17:26:40.299 [Test worker] INFO  o.s.d.r.c.RepositoryConfigurationDelegate - Finished Spring Data repository scanning in 99 ms. Found 6 JPA repository interfaces.
26-03-30 17:26:41.030 [Test worker] INFO  com.zaxxer.hikari.HikariDataSource - HikariPool-1 - Starting...
26-03-30 17:26:41.304 [Test worker] INFO  com.zaxxer.hikari.pool.HikariPool - HikariPool-1 - Added connection conn0: url=jdbc:h2:mem:testdb user=SA
26-03-30 17:26:41.306 [Test worker] INFO  com.zaxxer.hikari.HikariDataSource - HikariPool-1 - Start completed.
26-03-30 17:26:41.475 [Test worker] INFO  o.h.jpa.internal.util.LogHelper - HHH000204: Processing PersistenceUnitInfo [name: default]
26-03-30 17:26:41.582 [Test worker] INFO  org.hibernate.Version - HHH000412: Hibernate ORM core version 6.6.41.Final
26-03-30 17:26:41.642 [Test worker] INFO  o.h.c.i.RegionFactoryInitiator - HHH000026: Second-level cache disabled
26-03-30 17:26:42.101 [Test worker] INFO  o.s.o.j.p.SpringPersistenceUnitInfo - No LoadTimeWeaver setup: ignoring JPA class transformer
26-03-30 17:26:42.176 [Test worker] WARN  org.hibernate.orm.deprecation - HHH90000025: H2Dialect does not need to be specified explicitly using 'hibernate.dialect' (remove the property setting and it will be selected by default)
26-03-30 17:26:42.204 [Test worker] INFO  o.hibernate.orm.connections.pooling - HHH10001005: Database info:
	Database JDBC URL [Connecting through datasource 'HikariDataSource (HikariPool-1)']
	Database driver: undefined/unknown
	Database version: 2.3.232
	Autocommit mode: undefined/unknown
	Isolation level: undefined/unknown
	Minimum pool size: undefined/unknown
	Maximum pool size: undefined/unknown
26-03-30 17:26:43.639 [Test worker] INFO  o.h.e.t.j.p.i.JtaPlatformInitiator - HHH000489: No JTA platform available (set 'hibernate.transaction.jta.platform' to enable JTA platform integration)
26-03-30 17:26:43.669 [Test worker] DEBUG org.hibernate.SQL - 
    drop table if exists binary_contents cascade 
26-03-30 17:26:43.672 [Test worker] DEBUG org.hibernate.SQL - 
    drop table if exists channel_participants cascade 
26-03-30 17:26:43.673 [Test worker] DEBUG org.hibernate.SQL - 
    drop table if exists channels cascade 
26-03-30 17:26:43.674 [Test worker] DEBUG org.hibernate.SQL - 
    drop table if exists messages cascade 
26-03-30 17:26:43.675 [Test worker] DEBUG org.hibernate.SQL - 
    drop table if exists read_statuses cascade 
26-03-30 17:26:43.675 [Test worker] DEBUG org.hibernate.SQL - 
    drop table if exists user_statuses cascade 
26-03-30 17:26:43.676 [Test worker] DEBUG org.hibernate.SQL - 
    drop table if exists users cascade 
26-03-30 17:26:43.683 [Test worker] DEBUG org.hibernate.SQL - 
    create table binary_contents (
        created_at timestamp with time zone not null,
        size bigint,
        id uuid not null,
        message_id uuid,
        content_type varchar(255),
        file_name varchar(255),
        primary key (id)
    )
26-03-30 17:26:43.685 [Test worker] DEBUG org.hibernate.SQL - 
    create table channel_participants (
        channel_id uuid not null,
        user_id uuid not null
    )
26-03-30 17:26:43.688 [Test worker] DEBUG org.hibernate.SQL - 
    create table channels (
        created_at timestamp with time zone not null,
        last_message_at timestamp(6) with time zone,
        updated_at timestamp with time zone,
        id uuid not null,
        name varchar(100) not null,
        description varchar(500),
        type enum ('PRIVATE','PUBLIC') not null,
        primary key (id)
    )
26-03-30 17:26:43.690 [Test worker] DEBUG org.hibernate.SQL - 
    create table messages (
        created_at timestamp with time zone not null,
        updated_at timestamp with time zone,
        author_id uuid not null,
        channel_id uuid not null,
        id uuid not null,
        content TEXT not null,
        primary key (id)
    )
26-03-30 17:26:43.692 [Test worker] DEBUG org.hibernate.SQL - 
    create table read_statuses (
        created_at timestamp with time zone not null,
        last_read_at timestamp(6) with time zone,
        updated_at timestamp with time zone,
        channel_id uuid,
        id uuid not null,
        user_id uuid,
        primary key (id)
    )
26-03-30 17:26:43.695 [Test worker] DEBUG org.hibernate.SQL - 
    create table user_statuses (
        created_at timestamp(6) with time zone,
        last_active_at timestamp(6) with time zone,
        updated_at timestamp(6) with time zone,
        id uuid not null,
        user_id uuid unique,
        primary key (id)
    )
26-03-30 17:26:43.698 [Test worker] DEBUG org.hibernate.SQL - 
    create table users (
        created_at timestamp with time zone not null,
        updated_at timestamp with time zone,
        id uuid not null,
        profile_id uuid unique,
        username varchar(50) not null unique,
        password varchar(60) not null,
        email varchar(100) not null unique,
        primary key (id)
    )
26-03-30 17:26:43.701 [Test worker] DEBUG org.hibernate.SQL - 
    alter table if exists binary_contents 
       add constraint FKaffo4mpem38t2jgoewjgbri2y 
       foreign key (message_id) 
       references messages
26-03-30 17:26:43.721 [Test worker] DEBUG org.hibernate.SQL - 
    alter table if exists channel_participants 
       add constraint FKljc2c43m89q7xiia8vr5in7nt 
       foreign key (user_id) 
       references users
26-03-30 17:26:43.723 [Test worker] DEBUG org.hibernate.SQL - 
    alter table if exists channel_participants 
       add constraint FKsj8j1v58oh34x4kjttfjorvk1 
       foreign key (channel_id) 
       references channels
26-03-30 17:26:43.725 [Test worker] DEBUG org.hibernate.SQL - 
    alter table if exists messages 
       add constraint FKowtlim26svclkatusptbgi7u1 
       foreign key (author_id) 
       references users
26-03-30 17:26:43.726 [Test worker] DEBUG org.hibernate.SQL - 
    alter table if exists messages 
       add constraint FK3u3ckbhwq9se1cmopk2pq05b2 
       foreign key (channel_id) 
       references channels
26-03-30 17:26:43.728 [Test worker] DEBUG org.hibernate.SQL - 
    alter table if exists read_statuses 
       add constraint FKa38ri44ml4gfdpklx4ahqr8gd 
       foreign key (channel_id) 
       references channels
26-03-30 17:26:43.730 [Test worker] DEBUG org.hibernate.SQL - 
    alter table if exists read_statuses 
       add constraint FKml3k4wr9sj5yxrmj6d0aoib2e 
       foreign key (user_id) 
       references users
26-03-30 17:26:43.732 [Test worker] DEBUG org.hibernate.SQL - 
    alter table if exists user_statuses 
       add constraint FK4lfl3ei2ubchgcxrrpo3pw4mm 
       foreign key (user_id) 
       references users
26-03-30 17:26:43.733 [Test worker] DEBUG org.hibernate.SQL - 
    alter table if exists users 
       add constraint FKtbudycgrip49xdptogmhfqnso 
       foreign key (profile_id) 
       references binary_contents
26-03-30 17:26:43.740 [Test worker] INFO  o.s.o.j.LocalContainerEntityManagerFactoryBean - Initialized JPA EntityManagerFactory for persistence unit 'default'
26-03-30 17:26:44.216 [Test worker] INFO  o.s.d.j.r.query.QueryEnhancerFactory - Hibernate is in classpath; If applicable, HQL parser will be used.
26-03-30 17:26:45.165 [Test worker] WARN  o.s.b.a.o.j.JpaBaseConfiguration$JpaWebConfiguration - spring.jpa.open-in-view is enabled by default. Therefore, database queries may be performed during view rendering. Explicitly configure spring.jpa.open-in-view to disable this warning
26-03-30 17:26:45.195 [Test worker] INFO  o.s.b.a.w.s.WelcomePageHandlerMapping - Adding welcome page: class path resource [static/index.html]
26-03-30 17:26:46.122 [Test worker] INFO  o.s.b.t.m.w.SpringBootMockServletContext - Initializing Spring TestDispatcherServlet ''
26-03-30 17:26:46.123 [Test worker] INFO  o.s.t.w.s.TestDispatcherServlet - Initializing Servlet ''
26-03-30 17:26:46.130 [Test worker] INFO  o.s.b.a.e.web.EndpointLinksResolver - Exposing 4 endpoints beneath base path '/actuator'
26-03-30 17:26:46.147 [Test worker] INFO  o.s.t.w.s.TestDispatcherServlet - Completed initialization in 23 ms
26-03-30 17:26:46.241 [Test worker] INFO  c.s.m.d.i.UserIntegrationTest - Started UserIntegrationTest in 8.346 seconds (process running for 9.92)
26-03-30 17:26:46.963 [Test worker] DEBUG org.hibernate.SQL - 
    insert 
    into
        users
        (created_at, email, password, profile_id, updated_at, username, id) 
    values
        (?, ?, ?, ?, ?, ?, ?)
26-03-30 17:26:47.009 [Test worker] DEBUG org.hibernate.SQL - 
    select
        u1_0.id,
        u1_0.created_at,
        u1_0.email,
        u1_0.password,
        u1_0.profile_id,
        u1_0.updated_at,
        u1_0.username 
    from
        users u1_0
26-03-30 17:26:47.058 [Test worker] ERROR c.s.m.d.e.GlobalExceptionHandler - 서버 내부 오류 발생: 
java.lang.NullPointerException: Cannot invoke "com.sprint.mission.discodeit.entity.UserStatus.isOnline()" because the return value of "com.sprint.mission.discodeit.entity.User.getStatus()" is null
	at com.sprint.mission.discodeit.mapper.UserMapper.toDto(UserMapper.java:17)
	at java.base/java.util.stream.ReferencePipeline$3$1.accept(ReferencePipeline.java:197)
	at java.base/java.util.ArrayList$ArrayListSpliterator.forEachRemaining(ArrayList.java:1625)
	at java.base/java.util.stream.AbstractPipeline.copyInto(AbstractPipeline.java:509)
	at java.base/java.util.stream.AbstractPipeline.wrapAndCopyInto(AbstractPipeline.java:499)
	at java.base/java.util.stream.AbstractPipeline.evaluate(AbstractPipeline.java:575)
	at java.base/java.util.stream.AbstractPipeline.evaluateToArrayNode(AbstractPipeline.java:260)
	at java.base/java.util.stream.ReferencePipeline.toArray(ReferencePipeline.java:616)
	at java.base/java.util.stream.ReferencePipeline.toArray(ReferencePipeline.java:622)
	at java.base/java.util.stream.ReferencePipeline.toList(ReferencePipeline.java:627)
	at com.sprint.mission.discodeit.service.basic.BasicUserService.findAll(BasicUserService.java:105)
	at java.base/jdk.internal.reflect.NativeMethodAccessorImpl.invoke0(Native Method)
	at java.base/jdk.internal.reflect.NativeMethodAccessorImpl.invoke(NativeMethodAccessorImpl.java:77)
	at java.base/jdk.internal.reflect.DelegatingMethodAccessorImpl.invoke(DelegatingMethodAccessorImpl.java:43)
	at java.base/java.lang.reflect.Method.invoke(Method.java:569)
	at org.springframework.aop.support.AopUtils.invokeJoinpointUsingReflection(AopUtils.java:360)
	at org.springframework.aop.framework.CglibAopProxy$DynamicAdvisedInterceptor.intercept(CglibAopProxy.java:724)
	at com.sprint.mission.discodeit.service.basic.BasicUserService$$SpringCGLIB$$0.findAll(<generated>)
	at com.sprint.mission.discodeit.controller.UserController.findAll(UserController.java:91)
	at java.base/jdk.internal.reflect.NativeMethodAccessorImpl.invoke0(Native Method)
	at java.base/jdk.internal.reflect.NativeMethodAccessorImpl.invoke(NativeMethodAccessorImpl.java:77)
	at java.base/jdk.internal.reflect.DelegatingMethodAccessorImpl.invoke(DelegatingMethodAccessorImpl.java:43)
	at java.base/java.lang.reflect.Method.invoke(Method.java:569)
	at org.springframework.web.method.support.InvocableHandlerMethod.doInvoke(InvocableHandlerMethod.java:258)
	at org.springframework.web.method.support.InvocableHandlerMethod.invokeForRequest(InvocableHandlerMethod.java:191)
	at org.springframework.web.servlet.mvc.method.annotation.ServletInvocableHandlerMethod.invokeAndHandle(ServletInvocableHandlerMethod.java:118)
	at org.springframework.web.servlet.mvc.method.annotation.RequestMappingHandlerAdapter.invokeHandlerMethod(RequestMappingHandlerAdapter.java:991)
	at org.springframework.web.servlet.mvc.method.annotation.RequestMappingHandlerAdapter.handleInternal(RequestMappingHandlerAdapter.java:896)
	at org.springframework.web.servlet.mvc.method.AbstractHandlerMethodAdapter.handle(AbstractHandlerMethodAdapter.java:87)
	at org.springframework.web.servlet.DispatcherServlet.doDispatch(DispatcherServlet.java:1089)
	at org.springframework.web.servlet.DispatcherServlet.doService(DispatcherServlet.java:979)
	at org.springframework.web.servlet.FrameworkServlet.processRequest(FrameworkServlet.java:1014)
	at org.springframework.web.servlet.FrameworkServlet.doGet(FrameworkServlet.java:903)
	at jakarta.servlet.http.HttpServlet.service(HttpServlet.java:564)
	at org.springframework.web.servlet.FrameworkServlet.service(FrameworkServlet.java:885)
	at org.springframework.test.web.servlet.TestDispatcherServlet.service(TestDispatcherServlet.java:72)
	at jakarta.servlet.http.HttpServlet.service(HttpServlet.java:658)
	at org.springframework.mock.web.MockFilterChain$ServletFilterProxy.doFilter(MockFilterChain.java:165)
	at org.springframework.mock.web.MockFilterChain.doFilter(MockFilterChain.java:132)
	at org.springframework.web.filter.RequestContextFilter.doFilterInternal(RequestContextFilter.java:100)
	at org.springframework.web.filter.OncePerRequestFilter.doFilter(OncePerRequestFilter.java:116)
	at org.springframework.test.web.servlet.setup.MockMvcFilterDecorator.doFilter(MockMvcFilterDecorator.java:162)
	at org.springframework.mock.web.MockFilterChain.doFilter(MockFilterChain.java:132)
	at org.springframework.web.filter.FormContentFilter.doFilterInternal(FormContentFilter.java:93)
	at org.springframework.web.filter.OncePerRequestFilter.doFilter(OncePerRequestFilter.java:116)
	at org.springframework.test.web.servlet.setup.MockMvcFilterDecorator.doFilter(MockMvcFilterDecorator.java:162)
	at org.springframework.mock.web.MockFilterChain.doFilter(MockFilterChain.java:132)
	at org.springframework.web.filter.ServerHttpObservationFilter.doFilterInternal(ServerHttpObservationFilter.java:110)
	at org.springframework.web.filter.OncePerRequestFilter.doFilter(OncePerRequestFilter.java:116)
	at org.springframework.test.web.servlet.setup.MockMvcFilterDecorator.doFilter(MockMvcFilterDecorator.java:162)
	at org.springframework.mock.web.MockFilterChain.doFilter(MockFilterChain.java:132)
	at org.springframework.web.filter.CharacterEncodingFilter.doFilterInternal(CharacterEncodingFilter.java:201)
	at org.springframework.web.filter.OncePerRequestFilter.doFilter(OncePerRequestFilter.java:116)
	at org.springframework.test.web.servlet.setup.MockMvcFilterDecorator.doFilter(MockMvcFilterDecorator.java:162)
	at org.springframework.mock.web.MockFilterChain.doFilter(MockFilterChain.java:132)
	at org.springframework.test.web.servlet.MockMvc.perform(MockMvc.java:201)
	at com.sprint.mission.discodeit.integration.UserIntegrationTest.get_all_users_test(UserIntegrationTest.java:56)
	at java.base/jdk.internal.reflect.NativeMethodAccessorImpl.invoke0(Native Method)
	at java.base/jdk.internal.reflect.NativeMethodAccessorImpl.invoke(NativeMethodAccessorImpl.java:77)
	at java.base/jdk.internal.reflect.DelegatingMethodAccessorImpl.invoke(DelegatingMethodAccessorImpl.java:43)
	at java.base/java.lang.reflect.Method.invoke(Method.java:569)
	at org.junit.platform.commons.util.ReflectionUtils.invokeMethod(ReflectionUtils.java:775)
	at org.junit.platform.commons.support.ReflectionSupport.invokeMethod(ReflectionSupport.java:479)
	at org.junit.jupiter.engine.execution.MethodInvocation.proceed(MethodInvocation.java:60)
	at org.junit.jupiter.engine.execution.InvocationInterceptorChain$ValidatingInvocation.proceed(InvocationInterceptorChain.java:131)
	at org.junit.jupiter.engine.extension.TimeoutExtension.intercept(TimeoutExtension.java:161)
	at org.junit.jupiter.engine.extension.TimeoutExtension.interceptTestableMethod(TimeoutExtension.java:152)
	at org.junit.jupiter.engine.extension.TimeoutExtension.interceptTestMethod(TimeoutExtension.java:91)
	at org.junit.jupiter.engine.execution.InterceptingExecutableInvoker$ReflectiveInterceptorCall.lambda$ofVoidMethod$0(InterceptingExecutableInvoker.java:112)
	at org.junit.jupiter.engine.execution.InterceptingExecutableInvoker.lambda$invoke$0(InterceptingExecutableInvoker.java:94)
	at org.junit.jupiter.engine.execution.InvocationInterceptorChain$InterceptedInvocation.proceed(InvocationInterceptorChain.java:106)
	at org.junit.jupiter.engine.execution.InvocationInterceptorChain.proceed(InvocationInterceptorChain.java:64)
	at org.junit.jupiter.engine.execution.InvocationInterceptorChain.chainAndInvoke(InvocationInterceptorChain.java:45)
	at org.junit.jupiter.engine.execution.InvocationInterceptorChain.invoke(InvocationInterceptorChain.java:37)
	at org.junit.jupiter.engine.execution.InterceptingExecutableInvoker.invoke(InterceptingExecutableInvoker.java:93)
	at org.junit.jupiter.engine.execution.InterceptingExecutableInvoker.invoke(InterceptingExecutableInvoker.java:87)
	at org.junit.jupiter.engine.descriptor.TestMethodTestDescriptor.lambda$invokeTestMethod$7(TestMethodTestDescriptor.java:216)
	at org.junit.platform.engine.support.hierarchical.ThrowableCollector.execute(ThrowableCollector.java:73)
	at org.junit.jupiter.engine.descriptor.TestMethodTestDescriptor.invokeTestMethod(TestMethodTestDescriptor.java:212)
	at org.junit.jupiter.engine.descriptor.TestMethodTestDescriptor.execute(TestMethodTestDescriptor.java:137)
	at org.junit.jupiter.engine.descriptor.TestMethodTestDescriptor.execute(TestMethodTestDescriptor.java:69)
	at org.junit.platform.engine.support.hierarchical.NodeTestTask.lambda$executeRecursively$6(NodeTestTask.java:156)
	at org.junit.platform.engine.support.hierarchical.ThrowableCollector.execute(ThrowableCollector.java:73)
	at org.junit.platform.engine.support.hierarchical.NodeTestTask.lambda$executeRecursively$8(NodeTestTask.java:146)
	at org.junit.platform.engine.support.hierarchical.Node.around(Node.java:137)
	at org.junit.platform.engine.support.hierarchical.NodeTestTask.lambda$executeRecursively$9(NodeTestTask.java:144)
	at org.junit.platform.engine.support.hierarchical.ThrowableCollector.execute(ThrowableCollector.java:73)
	at org.junit.platform.engine.support.hierarchical.NodeTestTask.executeRecursively(NodeTestTask.java:143)
	at org.junit.platform.engine.support.hierarchical.NodeTestTask.execute(NodeTestTask.java:100)
	at java.base/java.util.ArrayList.forEach(ArrayList.java:1511)
	at org.junit.platform.engine.support.hierarchical.SameThreadHierarchicalTestExecutorService.invokeAll(SameThreadHierarchicalTestExecutorService.java:41)
	at org.junit.platform.engine.support.hierarchical.NodeTestTask.lambda$executeRecursively$6(NodeTestTask.java:160)
	at org.junit.platform.engine.support.hierarchical.ThrowableCollector.execute(ThrowableCollector.java:73)
	at org.junit.platform.engine.support.hierarchical.NodeTestTask.lambda$executeRecursively$8(NodeTestTask.java:146)
	at org.junit.platform.engine.support.hierarchical.Node.around(Node.java:137)
	at org.junit.platform.engine.support.hierarchical.NodeTestTask.lambda$executeRecursively$9(NodeTestTask.java:144)
	at org.junit.platform.engine.support.hierarchical.ThrowableCollector.execute(ThrowableCollector.java:73)
	at org.junit.platform.engine.support.hierarchical.NodeTestTask.executeRecursively(NodeTestTask.java:143)
	at org.junit.platform.engine.support.hierarchical.NodeTestTask.execute(NodeTestTask.java:100)
	at java.base/java.util.ArrayList.forEach(ArrayList.java:1511)
	at org.junit.platform.engine.support.hierarchical.SameThreadHierarchicalTestExecutorService.invokeAll(SameThreadHierarchicalTestExecutorService.java:41)
	at org.junit.platform.engine.support.hierarchical.NodeTestTask.lambda$executeRecursively$6(NodeTestTask.java:160)
	at org.junit.platform.engine.support.hierarchical.ThrowableCollector.execute(ThrowableCollector.java:73)
	at org.junit.platform.engine.support.hierarchical.NodeTestTask.lambda$executeRecursively$8(NodeTestTask.java:146)
	at org.junit.platform.engine.support.hierarchical.Node.around(Node.java:137)
	at org.junit.platform.engine.support.hierarchical.NodeTestTask.lambda$executeRecursively$9(NodeTestTask.java:144)
	at org.junit.platform.engine.support.hierarchical.ThrowableCollector.execute(ThrowableCollector.java:73)
	at org.junit.platform.engine.support.hierarchical.NodeTestTask.executeRecursively(NodeTestTask.java:143)
	at org.junit.platform.engine.support.hierarchical.NodeTestTask.execute(NodeTestTask.java:100)
	at org.junit.platform.engine.support.hierarchical.SameThreadHierarchicalTestExecutorService.submit(SameThreadHierarchicalTestExecutorService.java:35)
	at org.junit.platform.engine.support.hierarchical.HierarchicalTestExecutor.execute(HierarchicalTestExecutor.java:57)
	at org.junit.platform.engine.support.hierarchical.HierarchicalTestEngine.execute(HierarchicalTestEngine.java:54)
	at org.junit.platform.launcher.core.EngineExecutionOrchestrator.execute(EngineExecutionOrchestrator.java:201)
	at org.junit.platform.launcher.core.EngineExecutionOrchestrator.execute(EngineExecutionOrchestrator.java:170)
	at org.junit.platform.launcher.core.EngineExecutionOrchestrator.execute(EngineExecutionOrchestrator.java:94)
	at org.junit.platform.launcher.core.EngineExecutionOrchestrator.lambda$execute$0(EngineExecutionOrchestrator.java:59)
	at org.junit.platform.launcher.core.EngineExecutionOrchestrator.withInterceptedStreams(EngineExecutionOrchestrator.java:142)
	at org.junit.platform.launcher.core.EngineExecutionOrchestrator.execute(EngineExecutionOrchestrator.java:58)
	at org.junit.platform.launcher.core.DefaultLauncher.execute(DefaultLauncher.java:103)
	at org.junit.platform.launcher.core.DefaultLauncher.execute(DefaultLauncher.java:85)
	at org.junit.platform.launcher.core.DelegatingLauncher.execute(DelegatingLauncher.java:47)
	at org.junit.platform.launcher.core.InterceptingLauncher.lambda$execute$1(InterceptingLauncher.java:39)
	at org.junit.platform.launcher.core.ClasspathAlignmentCheckingLauncherInterceptor.intercept(ClasspathAlignmentCheckingLauncherInterceptor.java:25)
	at org.junit.platform.launcher.core.InterceptingLauncher.execute(InterceptingLauncher.java:38)
	at org.junit.platform.launcher.core.DelegatingLauncher.execute(DelegatingLauncher.java:47)
	at org.gradle.api.internal.tasks.testing.junitplatform.JUnitPlatformTestClassProcessor$CollectAllTestClassesExecutor.processAllTestClasses(JUnitPlatformTestClassProcessor.java:124)
	at org.gradle.api.internal.tasks.testing.junitplatform.JUnitPlatformTestClassProcessor$CollectAllTestClassesExecutor.access$000(JUnitPlatformTestClassProcessor.java:99)
	at org.gradle.api.internal.tasks.testing.junitplatform.JUnitPlatformTestClassProcessor.stop(JUnitPlatformTestClassProcessor.java:94)
	at org.gradle.api.internal.tasks.testing.SuiteTestClassProcessor.stop(SuiteTestClassProcessor.java:63)
	at java.base/jdk.internal.reflect.NativeMethodAccessorImpl.invoke0(Native Method)
	at java.base/jdk.internal.reflect.NativeMethodAccessorImpl.invoke(NativeMethodAccessorImpl.java:77)
	at java.base/jdk.internal.reflect.DelegatingMethodAccessorImpl.invoke(DelegatingMethodAccessorImpl.java:43)
	at java.base/java.lang.reflect.Method.invoke(Method.java:569)
	at org.gradle.internal.dispatch.ReflectionDispatch.dispatch(ReflectionDispatch.java:36)
	at org.gradle.internal.dispatch.ReflectionDispatch.dispatch(ReflectionDispatch.java:24)
	at org.gradle.internal.dispatch.ContextClassLoaderDispatch.dispatch(ContextClassLoaderDispatch.java:33)
	at org.gradle.internal.dispatch.ProxyDispatchAdapter$DispatchingInvocationHandler.invoke(ProxyDispatchAdapter.java:92)
	at jdk.proxy1/jdk.proxy1.$Proxy4.stop(Unknown Source)
	at org.gradle.api.internal.tasks.testing.worker.TestWorker$3.run(TestWorker.java:200)
	at org.gradle.api.internal.tasks.testing.worker.TestWorker.executeAndMaintainThreadName(TestWorker.java:132)
	at org.gradle.api.internal.tasks.testing.worker.TestWorker.execute(TestWorker.java:103)
	at org.gradle.api.internal.tasks.testing.worker.TestWorker.execute(TestWorker.java:63)
	at org.gradle.process.internal.worker.child.ActionExecutionWorker.execute(ActionExecutionWorker.java:56)
	at org.gradle.process.internal.worker.child.SystemApplicationClassLoaderWorker.call(SystemApplicationClassLoaderWorker.java:122)
	at org.gradle.process.internal.worker.child.SystemApplicationClassLoaderWorker.call(SystemApplicationClassLoaderWorker.java:72)
	at worker.org.gradle.process.internal.worker.GradleWorkerMain.run(GradleWorkerMain.java:69)
	at worker.org.gradle.process.internal.worker.GradleWorkerMain.main(GradleWorkerMain.java:74)
26-03-30 17:26:47.218 [SpringApplicationShutdownHook] INFO  o.s.o.j.LocalContainerEntityManagerFactoryBean - Closing JPA EntityManagerFactory for persistence unit 'default'
26-03-30 17:26:47.219 [SpringApplicationShutdownHook] DEBUG org.hibernate.SQL - 
    drop table if exists binary_contents cascade 
26-03-30 17:26:47.221 [SpringApplicationShutdownHook] DEBUG org.hibernate.SQL - 
    drop table if exists channel_participants cascade 
26-03-30 17:26:47.222 [SpringApplicationShutdownHook] DEBUG org.hibernate.SQL - 
    drop table if exists channels cascade 
26-03-30 17:26:47.223 [SpringApplicationShutdownHook] DEBUG org.hibernate.SQL - 
    drop table if exists messages cascade 
26-03-30 17:26:47.225 [SpringApplicationShutdownHook] DEBUG org.hibernate.SQL - 
    drop table if exists read_statuses cascade 
26-03-30 17:26:47.226 [SpringApplicationShutdownHook] DEBUG org.hibernate.SQL - 
    drop table if exists user_statuses cascade 
26-03-30 17:26:47.227 [SpringApplicationShutdownHook] DEBUG org.hibernate.SQL - 
    drop table if exists users cascade 
26-03-30 17:26:47.232 [SpringApplicationShutdownHook] INFO  com.zaxxer.hikari.HikariDataSource - HikariPool-1 - Shutdown initiated...
26-03-30 17:26:47.236 [SpringApplicationShutdownHook] INFO  com.zaxxer.hikari.HikariDataSource - HikariPool-1 - Shutdown completed.
26-03-30 17:26:54.534 [background-preinit] INFO  o.h.validator.internal.util.Version - HV000001: Hibernate Validator 8.0.3.Final
26-03-30 17:26:54.616 [Test worker] INFO  c.s.m.d.i.UserIntegrationTest - Starting UserIntegrationTest using Java 17.0.17 with PID 5568 (started by dev in C:\Users\dev\IdeaProjects\Tim\9-sprint-mission\discodeit)
26-03-30 17:26:54.618 [Test worker] INFO  c.s.m.d.i.UserIntegrationTest - The following 1 profile is active: "test"
26-03-30 17:26:55.640 [Test worker] INFO  o.s.b.f.s.DefaultListableBeanFactory - Overriding bean definition for bean 'jpaAuditingHandler' with an equivalent definition: replacing [Root bean: class=org.springframework.data.auditing.AuditingHandler; scope=; abstract=false; lazyInit=null; autowireMode=2; dependencyCheck=0; autowireCandidate=true; primary=false; fallback=false; factoryBeanName=null; factoryMethodName=from; initMethodNames=null; destroyMethodNames=null] with [Root bean: class=org.springframework.data.auditing.AuditingHandler; scope=; abstract=false; lazyInit=null; autowireMode=2; dependencyCheck=0; autowireCandidate=true; primary=false; fallback=false; factoryBeanName=null; factoryMethodName=from; initMethodNames=null; destroyMethodNames=null]
26-03-30 17:26:55.641 [Test worker] INFO  o.s.b.f.s.DefaultListableBeanFactory - Overriding bean definition for bean 'org.springframework.data.jpa.domain.support.AuditingEntityListener' with an equivalent definition: replacing [Root bean: class=org.springframework.data.jpa.domain.support.AuditingEntityListener; scope=; abstract=false; lazyInit=null; autowireMode=0; dependencyCheck=0; autowireCandidate=true; primary=false; fallback=false; factoryBeanName=null; factoryMethodName=null; initMethodNames=null; destroyMethodNames=null] with [Root bean: class=org.springframework.data.jpa.domain.support.AuditingEntityListener; scope=; abstract=false; lazyInit=null; autowireMode=0; dependencyCheck=0; autowireCandidate=true; primary=false; fallback=false; factoryBeanName=null; factoryMethodName=null; initMethodNames=null; destroyMethodNames=null]
26-03-30 17:26:55.641 [Test worker] INFO  o.s.b.f.s.DefaultListableBeanFactory - Overriding bean definition for bean 'org.springframework.data.jpa.domain.support.AuditingBeanFactoryPostProcessor' with an equivalent definition: replacing [Root bean: class=org.springframework.data.jpa.domain.support.AuditingBeanFactoryPostProcessor; scope=; abstract=false; lazyInit=null; autowireMode=0; dependencyCheck=0; autowireCandidate=true; primary=false; fallback=false; factoryBeanName=null; factoryMethodName=null; initMethodNames=null; destroyMethodNames=null] with [Root bean: class=org.springframework.data.jpa.domain.support.AuditingBeanFactoryPostProcessor; scope=; abstract=false; lazyInit=null; autowireMode=0; dependencyCheck=0; autowireCandidate=true; primary=false; fallback=false; factoryBeanName=null; factoryMethodName=null; initMethodNames=null; destroyMethodNames=null]
26-03-30 17:26:56.230 [Test worker] INFO  o.s.d.r.c.RepositoryConfigurationDelegate - Bootstrapping Spring Data JPA repositories in DEFAULT mode.
26-03-30 17:26:56.342 [Test worker] INFO  o.s.d.r.c.RepositoryConfigurationDelegate - Finished Spring Data repository scanning in 99 ms. Found 6 JPA repository interfaces.
26-03-30 17:26:57.073 [Test worker] INFO  com.zaxxer.hikari.HikariDataSource - HikariPool-1 - Starting...
26-03-30 17:26:57.350 [Test worker] INFO  com.zaxxer.hikari.pool.HikariPool - HikariPool-1 - Added connection conn0: url=jdbc:h2:mem:testdb user=SA
26-03-30 17:26:57.354 [Test worker] INFO  com.zaxxer.hikari.HikariDataSource - HikariPool-1 - Start completed.
26-03-30 17:26:57.527 [Test worker] INFO  o.h.jpa.internal.util.LogHelper - HHH000204: Processing PersistenceUnitInfo [name: default]
26-03-30 17:26:57.639 [Test worker] INFO  org.hibernate.Version - HHH000412: Hibernate ORM core version 6.6.41.Final
26-03-30 17:26:57.704 [Test worker] INFO  o.h.c.i.RegionFactoryInitiator - HHH000026: Second-level cache disabled
26-03-30 17:26:58.186 [Test worker] INFO  o.s.o.j.p.SpringPersistenceUnitInfo - No LoadTimeWeaver setup: ignoring JPA class transformer
26-03-30 17:26:58.268 [Test worker] WARN  org.hibernate.orm.deprecation - HHH90000025: H2Dialect does not need to be specified explicitly using 'hibernate.dialect' (remove the property setting and it will be selected by default)
26-03-30 17:26:58.296 [Test worker] INFO  o.hibernate.orm.connections.pooling - HHH10001005: Database info:
	Database JDBC URL [Connecting through datasource 'HikariDataSource (HikariPool-1)']
	Database driver: undefined/unknown
	Database version: 2.3.232
	Autocommit mode: undefined/unknown
	Isolation level: undefined/unknown
	Minimum pool size: undefined/unknown
	Maximum pool size: undefined/unknown
26-03-30 17:26:59.746 [Test worker] INFO  o.h.e.t.j.p.i.JtaPlatformInitiator - HHH000489: No JTA platform available (set 'hibernate.transaction.jta.platform' to enable JTA platform integration)
26-03-30 17:26:59.775 [Test worker] DEBUG org.hibernate.SQL - 
    drop table if exists binary_contents cascade 
26-03-30 17:26:59.779 [Test worker] DEBUG org.hibernate.SQL - 
    drop table if exists channel_participants cascade 
26-03-30 17:26:59.780 [Test worker] DEBUG org.hibernate.SQL - 
    drop table if exists channels cascade 
26-03-30 17:26:59.781 [Test worker] DEBUG org.hibernate.SQL - 
    drop table if exists messages cascade 
26-03-30 17:26:59.783 [Test worker] DEBUG org.hibernate.SQL - 
    drop table if exists read_statuses cascade 
26-03-30 17:26:59.783 [Test worker] DEBUG org.hibernate.SQL - 
    drop table if exists user_statuses cascade 
26-03-30 17:26:59.785 [Test worker] DEBUG org.hibernate.SQL - 
    drop table if exists users cascade 
26-03-30 17:26:59.791 [Test worker] DEBUG org.hibernate.SQL - 
    create table binary_contents (
        created_at timestamp with time zone not null,
        size bigint,
        id uuid not null,
        message_id uuid,
        content_type varchar(255),
        file_name varchar(255),
        primary key (id)
    )
26-03-30 17:26:59.793 [Test worker] DEBUG org.hibernate.SQL - 
    create table channel_participants (
        channel_id uuid not null,
        user_id uuid not null
    )
26-03-30 17:26:59.795 [Test worker] DEBUG org.hibernate.SQL - 
    create table channels (
        created_at timestamp with time zone not null,
        last_message_at timestamp(6) with time zone,
        updated_at timestamp with time zone,
        id uuid not null,
        name varchar(100) not null,
        description varchar(500),
        type enum ('PRIVATE','PUBLIC') not null,
        primary key (id)
    )
26-03-30 17:26:59.798 [Test worker] DEBUG org.hibernate.SQL - 
    create table messages (
        created_at timestamp with time zone not null,
        updated_at timestamp with time zone,
        author_id uuid not null,
        channel_id uuid not null,
        id uuid not null,
        content TEXT not null,
        primary key (id)
    )
26-03-30 17:26:59.799 [Test worker] DEBUG org.hibernate.SQL - 
    create table read_statuses (
        created_at timestamp with time zone not null,
        last_read_at timestamp(6) with time zone,
        updated_at timestamp with time zone,
        channel_id uuid,
        id uuid not null,
        user_id uuid,
        primary key (id)
    )
26-03-30 17:26:59.802 [Test worker] DEBUG org.hibernate.SQL - 
    create table user_statuses (
        created_at timestamp(6) with time zone,
        last_active_at timestamp(6) with time zone,
        updated_at timestamp(6) with time zone,
        id uuid not null,
        user_id uuid unique,
        primary key (id)
    )
26-03-30 17:26:59.804 [Test worker] DEBUG org.hibernate.SQL - 
    create table users (
        created_at timestamp with time zone not null,
        updated_at timestamp with time zone,
        id uuid not null,
        profile_id uuid unique,
        username varchar(50) not null unique,
        password varchar(60) not null,
        email varchar(100) not null unique,
        primary key (id)
    )
26-03-30 17:26:59.807 [Test worker] DEBUG org.hibernate.SQL - 
    alter table if exists binary_contents 
       add constraint FKaffo4mpem38t2jgoewjgbri2y 
       foreign key (message_id) 
       references messages
26-03-30 17:26:59.824 [Test worker] DEBUG org.hibernate.SQL - 
    alter table if exists channel_participants 
       add constraint FKljc2c43m89q7xiia8vr5in7nt 
       foreign key (user_id) 
       references users
26-03-30 17:26:59.826 [Test worker] DEBUG org.hibernate.SQL - 
    alter table if exists channel_participants 
       add constraint FKsj8j1v58oh34x4kjttfjorvk1 
       foreign key (channel_id) 
       references channels
26-03-30 17:26:59.827 [Test worker] DEBUG org.hibernate.SQL - 
    alter table if exists messages 
       add constraint FKowtlim26svclkatusptbgi7u1 
       foreign key (author_id) 
       references users
26-03-30 17:26:59.829 [Test worker] DEBUG org.hibernate.SQL - 
    alter table if exists messages 
       add constraint FK3u3ckbhwq9se1cmopk2pq05b2 
       foreign key (channel_id) 
       references channels
26-03-30 17:26:59.832 [Test worker] DEBUG org.hibernate.SQL - 
    alter table if exists read_statuses 
       add constraint FKa38ri44ml4gfdpklx4ahqr8gd 
       foreign key (channel_id) 
       references channels
26-03-30 17:26:59.834 [Test worker] DEBUG org.hibernate.SQL - 
    alter table if exists read_statuses 
       add constraint FKml3k4wr9sj5yxrmj6d0aoib2e 
       foreign key (user_id) 
       references users
26-03-30 17:26:59.835 [Test worker] DEBUG org.hibernate.SQL - 
    alter table if exists user_statuses 
       add constraint FK4lfl3ei2ubchgcxrrpo3pw4mm 
       foreign key (user_id) 
       references users
26-03-30 17:26:59.836 [Test worker] DEBUG org.hibernate.SQL - 
    alter table if exists users 
       add constraint FKtbudycgrip49xdptogmhfqnso 
       foreign key (profile_id) 
       references binary_contents
26-03-30 17:26:59.843 [Test worker] INFO  o.s.o.j.LocalContainerEntityManagerFactoryBean - Initialized JPA EntityManagerFactory for persistence unit 'default'
26-03-30 17:27:00.324 [Test worker] INFO  o.s.d.j.r.query.QueryEnhancerFactory - Hibernate is in classpath; If applicable, HQL parser will be used.
26-03-30 17:27:01.300 [Test worker] WARN  o.s.b.a.o.j.JpaBaseConfiguration$JpaWebConfiguration - spring.jpa.open-in-view is enabled by default. Therefore, database queries may be performed during view rendering. Explicitly configure spring.jpa.open-in-view to disable this warning
26-03-30 17:27:01.332 [Test worker] INFO  o.s.b.a.w.s.WelcomePageHandlerMapping - Adding welcome page: class path resource [static/index.html]
26-03-30 17:27:02.263 [Test worker] INFO  o.s.b.t.m.w.SpringBootMockServletContext - Initializing Spring TestDispatcherServlet ''
26-03-30 17:27:02.264 [Test worker] INFO  o.s.t.w.s.TestDispatcherServlet - Initializing Servlet ''
26-03-30 17:27:02.272 [Test worker] INFO  o.s.b.a.e.web.EndpointLinksResolver - Exposing 4 endpoints beneath base path '/actuator'
26-03-30 17:27:02.288 [Test worker] INFO  o.s.t.w.s.TestDispatcherServlet - Completed initialization in 23 ms
26-03-30 17:27:02.380 [Test worker] INFO  c.s.m.d.i.UserIntegrationTest - Started UserIntegrationTest in 8.412 seconds (process running for 9.938)
26-03-30 17:27:03.054 [Test worker] INFO  c.s.m.d.controller.UserController - 유저 삭제 요청 들어옴! 대상 userId: 769c0b2b-731e-4e68-9ea4-b0fe6a913084
26-03-30 17:27:03.054 [Test worker] INFO  c.s.m.d.s.basic.BasicUserService - 사용자 삭제 로직 시작 - 대상 userId: 769c0b2b-731e-4e68-9ea4-b0fe6a913084
26-03-30 17:27:03.161 [Test worker] DEBUG org.hibernate.SQL - 
    insert 
    into
        users
        (created_at, email, password, profile_id, updated_at, username, id) 
    values
        (?, ?, ?, ?, ?, ?, ?)
26-03-30 17:27:03.218 [Test worker] DEBUG org.hibernate.SQL - 
    select
        count(*) 
    from
        users u1_0 
    where
        u1_0.id=?
26-03-30 17:27:03.270 [Test worker] INFO  c.s.m.d.s.basic.BasicUserService - 사용자 삭제 완료 - 삭제된 userId: 769c0b2b-731e-4e68-9ea4-b0fe6a913084
26-03-30 17:27:03.422 [SpringApplicationShutdownHook] INFO  o.s.o.j.LocalContainerEntityManagerFactoryBean - Closing JPA EntityManagerFactory for persistence unit 'default'
26-03-30 17:27:03.424 [SpringApplicationShutdownHook] DEBUG org.hibernate.SQL - 
    drop table if exists binary_contents cascade 
26-03-30 17:27:03.425 [SpringApplicationShutdownHook] DEBUG org.hibernate.SQL - 
    drop table if exists channel_participants cascade 
26-03-30 17:27:03.425 [SpringApplicationShutdownHook] DEBUG org.hibernate.SQL - 
    drop table if exists channels cascade 
26-03-30 17:27:03.426 [SpringApplicationShutdownHook] DEBUG org.hibernate.SQL - 
    drop table if exists messages cascade 
26-03-30 17:27:03.427 [SpringApplicationShutdownHook] DEBUG org.hibernate.SQL - 
    drop table if exists read_statuses cascade 
26-03-30 17:27:03.428 [SpringApplicationShutdownHook] DEBUG org.hibernate.SQL - 
    drop table if exists user_statuses cascade 
26-03-30 17:27:03.429 [SpringApplicationShutdownHook] DEBUG org.hibernate.SQL - 
    drop table if exists users cascade 
26-03-30 17:27:03.435 [SpringApplicationShutdownHook] INFO  com.zaxxer.hikari.HikariDataSource - HikariPool-1 - Shutdown initiated...
26-03-30 17:27:03.438 [SpringApplicationShutdownHook] INFO  com.zaxxer.hikari.HikariDataSource - HikariPool-1 - Shutdown completed.
26-03-30 17:27:10.802 [background-preinit] INFO  o.h.validator.internal.util.Version - HV000001: Hibernate Validator 8.0.3.Final
26-03-30 17:27:10.892 [Test worker] INFO  c.s.m.d.i.UserIntegrationTest - Starting UserIntegrationTest using Java 17.0.17 with PID 11656 (started by dev in C:\Users\dev\IdeaProjects\Tim\9-sprint-mission\discodeit)
26-03-30 17:27:10.893 [Test worker] INFO  c.s.m.d.i.UserIntegrationTest - The following 1 profile is active: "test"
26-03-30 17:27:11.946 [Test worker] INFO  o.s.b.f.s.DefaultListableBeanFactory - Overriding bean definition for bean 'jpaAuditingHandler' with an equivalent definition: replacing [Root bean: class=org.springframework.data.auditing.AuditingHandler; scope=; abstract=false; lazyInit=null; autowireMode=2; dependencyCheck=0; autowireCandidate=true; primary=false; fallback=false; factoryBeanName=null; factoryMethodName=from; initMethodNames=null; destroyMethodNames=null] with [Root bean: class=org.springframework.data.auditing.AuditingHandler; scope=; abstract=false; lazyInit=null; autowireMode=2; dependencyCheck=0; autowireCandidate=true; primary=false; fallback=false; factoryBeanName=null; factoryMethodName=from; initMethodNames=null; destroyMethodNames=null]
26-03-30 17:27:11.947 [Test worker] INFO  o.s.b.f.s.DefaultListableBeanFactory - Overriding bean definition for bean 'org.springframework.data.jpa.domain.support.AuditingEntityListener' with an equivalent definition: replacing [Root bean: class=org.springframework.data.jpa.domain.support.AuditingEntityListener; scope=; abstract=false; lazyInit=null; autowireMode=0; dependencyCheck=0; autowireCandidate=true; primary=false; fallback=false; factoryBeanName=null; factoryMethodName=null; initMethodNames=null; destroyMethodNames=null] with [Root bean: class=org.springframework.data.jpa.domain.support.AuditingEntityListener; scope=; abstract=false; lazyInit=null; autowireMode=0; dependencyCheck=0; autowireCandidate=true; primary=false; fallback=false; factoryBeanName=null; factoryMethodName=null; initMethodNames=null; destroyMethodNames=null]
26-03-30 17:27:11.947 [Test worker] INFO  o.s.b.f.s.DefaultListableBeanFactory - Overriding bean definition for bean 'org.springframework.data.jpa.domain.support.AuditingBeanFactoryPostProcessor' with an equivalent definition: replacing [Root bean: class=org.springframework.data.jpa.domain.support.AuditingBeanFactoryPostProcessor; scope=; abstract=false; lazyInit=null; autowireMode=0; dependencyCheck=0; autowireCandidate=true; primary=false; fallback=false; factoryBeanName=null; factoryMethodName=null; initMethodNames=null; destroyMethodNames=null] with [Root bean: class=org.springframework.data.jpa.domain.support.AuditingBeanFactoryPostProcessor; scope=; abstract=false; lazyInit=null; autowireMode=0; dependencyCheck=0; autowireCandidate=true; primary=false; fallback=false; factoryBeanName=null; factoryMethodName=null; initMethodNames=null; destroyMethodNames=null]
26-03-30 17:27:12.512 [Test worker] INFO  o.s.d.r.c.RepositoryConfigurationDelegate - Bootstrapping Spring Data JPA repositories in DEFAULT mode.
26-03-30 17:27:12.621 [Test worker] INFO  o.s.d.r.c.RepositoryConfigurationDelegate - Finished Spring Data repository scanning in 94 ms. Found 6 JPA repository interfaces.
26-03-30 17:27:13.408 [Test worker] INFO  com.zaxxer.hikari.HikariDataSource - HikariPool-1 - Starting...
26-03-30 17:27:13.688 [Test worker] INFO  com.zaxxer.hikari.pool.HikariPool - HikariPool-1 - Added connection conn0: url=jdbc:h2:mem:testdb user=SA
26-03-30 17:27:13.691 [Test worker] INFO  com.zaxxer.hikari.HikariDataSource - HikariPool-1 - Start completed.
26-03-30 17:27:13.894 [Test worker] INFO  o.h.jpa.internal.util.LogHelper - HHH000204: Processing PersistenceUnitInfo [name: default]
26-03-30 17:27:14.018 [Test worker] INFO  org.hibernate.Version - HHH000412: Hibernate ORM core version 6.6.41.Final
26-03-30 17:27:14.092 [Test worker] INFO  o.h.c.i.RegionFactoryInitiator - HHH000026: Second-level cache disabled
26-03-30 17:27:14.659 [Test worker] INFO  o.s.o.j.p.SpringPersistenceUnitInfo - No LoadTimeWeaver setup: ignoring JPA class transformer
26-03-30 17:27:14.736 [Test worker] WARN  org.hibernate.orm.deprecation - HHH90000025: H2Dialect does not need to be specified explicitly using 'hibernate.dialect' (remove the property setting and it will be selected by default)
26-03-30 17:27:14.772 [Test worker] INFO  o.hibernate.orm.connections.pooling - HHH10001005: Database info:
	Database JDBC URL [Connecting through datasource 'HikariDataSource (HikariPool-1)']
	Database driver: undefined/unknown
	Database version: 2.3.232
	Autocommit mode: undefined/unknown
	Isolation level: undefined/unknown
	Minimum pool size: undefined/unknown
	Maximum pool size: undefined/unknown
26-03-30 17:27:16.283 [Test worker] INFO  o.h.e.t.j.p.i.JtaPlatformInitiator - HHH000489: No JTA platform available (set 'hibernate.transaction.jta.platform' to enable JTA platform integration)
26-03-30 17:27:16.307 [Test worker] DEBUG org.hibernate.SQL - 
    drop table if exists binary_contents cascade 
26-03-30 17:27:16.310 [Test worker] DEBUG org.hibernate.SQL - 
    drop table if exists channel_participants cascade 
26-03-30 17:27:16.310 [Test worker] DEBUG org.hibernate.SQL - 
    drop table if exists channels cascade 
26-03-30 17:27:16.311 [Test worker] DEBUG org.hibernate.SQL - 
    drop table if exists messages cascade 
26-03-30 17:27:16.312 [Test worker] DEBUG org.hibernate.SQL - 
    drop table if exists read_statuses cascade 
26-03-30 17:27:16.312 [Test worker] DEBUG org.hibernate.SQL - 
    drop table if exists user_statuses cascade 
26-03-30 17:27:16.314 [Test worker] DEBUG org.hibernate.SQL - 
    drop table if exists users cascade 
26-03-30 17:27:16.322 [Test worker] DEBUG org.hibernate.SQL - 
    create table binary_contents (
        created_at timestamp with time zone not null,
        size bigint,
        id uuid not null,
        message_id uuid,
        content_type varchar(255),
        file_name varchar(255),
        primary key (id)
    )
26-03-30 17:27:16.324 [Test worker] DEBUG org.hibernate.SQL - 
    create table channel_participants (
        channel_id uuid not null,
        user_id uuid not null
    )
26-03-30 17:27:16.325 [Test worker] DEBUG org.hibernate.SQL - 
    create table channels (
        created_at timestamp with time zone not null,
        last_message_at timestamp(6) with time zone,
        updated_at timestamp with time zone,
        id uuid not null,
        name varchar(100) not null,
        description varchar(500),
        type enum ('PRIVATE','PUBLIC') not null,
        primary key (id)
    )
26-03-30 17:27:16.328 [Test worker] DEBUG org.hibernate.SQL - 
    create table messages (
        created_at timestamp with time zone not null,
        updated_at timestamp with time zone,
        author_id uuid not null,
        channel_id uuid not null,
        id uuid not null,
        content TEXT not null,
        primary key (id)
    )
26-03-30 17:27:16.330 [Test worker] DEBUG org.hibernate.SQL - 
    create table read_statuses (
        created_at timestamp with time zone not null,
        last_read_at timestamp(6) with time zone,
        updated_at timestamp with time zone,
        channel_id uuid,
        id uuid not null,
        user_id uuid,
        primary key (id)
    )
26-03-30 17:27:16.333 [Test worker] DEBUG org.hibernate.SQL - 
    create table user_statuses (
        created_at timestamp(6) with time zone,
        last_active_at timestamp(6) with time zone,
        updated_at timestamp(6) with time zone,
        id uuid not null,
        user_id uuid unique,
        primary key (id)
    )
26-03-30 17:27:16.335 [Test worker] DEBUG org.hibernate.SQL - 
    create table users (
        created_at timestamp with time zone not null,
        updated_at timestamp with time zone,
        id uuid not null,
        profile_id uuid unique,
        username varchar(50) not null unique,
        password varchar(60) not null,
        email varchar(100) not null unique,
        primary key (id)
    )
26-03-30 17:27:16.338 [Test worker] DEBUG org.hibernate.SQL - 
    alter table if exists binary_contents 
       add constraint FKaffo4mpem38t2jgoewjgbri2y 
       foreign key (message_id) 
       references messages
26-03-30 17:27:16.353 [Test worker] DEBUG org.hibernate.SQL - 
    alter table if exists channel_participants 
       add constraint FKljc2c43m89q7xiia8vr5in7nt 
       foreign key (user_id) 
       references users
26-03-30 17:27:16.355 [Test worker] DEBUG org.hibernate.SQL - 
    alter table if exists channel_participants 
       add constraint FKsj8j1v58oh34x4kjttfjorvk1 
       foreign key (channel_id) 
       references channels
26-03-30 17:27:16.357 [Test worker] DEBUG org.hibernate.SQL - 
    alter table if exists messages 
       add constraint FKowtlim26svclkatusptbgi7u1 
       foreign key (author_id) 
       references users
26-03-30 17:27:16.359 [Test worker] DEBUG org.hibernate.SQL - 
    alter table if exists messages 
       add constraint FK3u3ckbhwq9se1cmopk2pq05b2 
       foreign key (channel_id) 
       references channels
26-03-30 17:27:16.360 [Test worker] DEBUG org.hibernate.SQL - 
    alter table if exists read_statuses 
       add constraint FKa38ri44ml4gfdpklx4ahqr8gd 
       foreign key (channel_id) 
       references channels
26-03-30 17:27:16.361 [Test worker] DEBUG org.hibernate.SQL - 
    alter table if exists read_statuses 
       add constraint FKml3k4wr9sj5yxrmj6d0aoib2e 
       foreign key (user_id) 
       references users
26-03-30 17:27:16.363 [Test worker] DEBUG org.hibernate.SQL - 
    alter table if exists user_statuses 
       add constraint FK4lfl3ei2ubchgcxrrpo3pw4mm 
       foreign key (user_id) 
       references users
26-03-30 17:27:16.364 [Test worker] DEBUG org.hibernate.SQL - 
    alter table if exists users 
       add constraint FKtbudycgrip49xdptogmhfqnso 
       foreign key (profile_id) 
       references binary_contents
26-03-30 17:27:16.371 [Test worker] INFO  o.s.o.j.LocalContainerEntityManagerFactoryBean - Initialized JPA EntityManagerFactory for persistence unit 'default'
26-03-30 17:27:16.917 [Test worker] INFO  o.s.d.j.r.query.QueryEnhancerFactory - Hibernate is in classpath; If applicable, HQL parser will be used.
26-03-30 17:27:17.921 [Test worker] WARN  o.s.b.a.o.j.JpaBaseConfiguration$JpaWebConfiguration - spring.jpa.open-in-view is enabled by default. Therefore, database queries may be performed during view rendering. Explicitly configure spring.jpa.open-in-view to disable this warning
26-03-30 17:27:17.951 [Test worker] INFO  o.s.b.a.w.s.WelcomePageHandlerMapping - Adding welcome page: class path resource [static/index.html]
26-03-30 17:27:19.056 [Test worker] INFO  o.s.b.t.m.w.SpringBootMockServletContext - Initializing Spring TestDispatcherServlet ''
26-03-30 17:27:19.056 [Test worker] INFO  o.s.t.w.s.TestDispatcherServlet - Initializing Servlet ''
26-03-30 17:27:19.064 [Test worker] INFO  o.s.b.a.e.web.EndpointLinksResolver - Exposing 4 endpoints beneath base path '/actuator'
26-03-30 17:27:19.084 [Test worker] INFO  o.s.t.w.s.TestDispatcherServlet - Completed initialization in 26 ms
26-03-30 17:27:19.181 [Test worker] INFO  c.s.m.d.i.UserIntegrationTest - Started UserIntegrationTest in 8.981 seconds (process running for 10.594)
26-03-30 17:27:19.891 [Test worker] DEBUG org.hibernate.SQL - 
    insert 
    into
        users
        (created_at, email, password, profile_id, updated_at, username, id) 
    values
        (?, ?, ?, ?, ?, ?, ?)
26-03-30 17:27:19.942 [Test worker] DEBUG org.hibernate.SQL - 
    select
        u1_0.id,
        u1_0.created_at,
        u1_0.email,
        u1_0.password,
        u1_0.profile_id,
        u1_0.updated_at,
        u1_0.username 
    from
        users u1_0
26-03-30 17:27:19.986 [Test worker] ERROR c.s.m.d.e.GlobalExceptionHandler - 서버 내부 오류 발생: 
java.lang.NullPointerException: Cannot invoke "com.sprint.mission.discodeit.entity.UserStatus.isOnline()" because the return value of "com.sprint.mission.discodeit.entity.User.getStatus()" is null
	at com.sprint.mission.discodeit.mapper.UserMapper.toDto(UserMapper.java:17)
	at java.base/java.util.stream.ReferencePipeline$3$1.accept(ReferencePipeline.java:197)
	at java.base/java.util.ArrayList$ArrayListSpliterator.forEachRemaining(ArrayList.java:1625)
	at java.base/java.util.stream.AbstractPipeline.copyInto(AbstractPipeline.java:509)
	at java.base/java.util.stream.AbstractPipeline.wrapAndCopyInto(AbstractPipeline.java:499)
	at java.base/java.util.stream.AbstractPipeline.evaluate(AbstractPipeline.java:575)
	at java.base/java.util.stream.AbstractPipeline.evaluateToArrayNode(AbstractPipeline.java:260)
	at java.base/java.util.stream.ReferencePipeline.toArray(ReferencePipeline.java:616)
	at java.base/java.util.stream.ReferencePipeline.toArray(ReferencePipeline.java:622)
	at java.base/java.util.stream.ReferencePipeline.toList(ReferencePipeline.java:627)
	at com.sprint.mission.discodeit.service.basic.BasicUserService.findAll(BasicUserService.java:105)
	at java.base/jdk.internal.reflect.NativeMethodAccessorImpl.invoke0(Native Method)
	at java.base/jdk.internal.reflect.NativeMethodAccessorImpl.invoke(NativeMethodAccessorImpl.java:77)
	at java.base/jdk.internal.reflect.DelegatingMethodAccessorImpl.invoke(DelegatingMethodAccessorImpl.java:43)
	at java.base/java.lang.reflect.Method.invoke(Method.java:569)
	at org.springframework.aop.support.AopUtils.invokeJoinpointUsingReflection(AopUtils.java:360)
	at org.springframework.aop.framework.CglibAopProxy$DynamicAdvisedInterceptor.intercept(CglibAopProxy.java:724)
	at com.sprint.mission.discodeit.service.basic.BasicUserService$$SpringCGLIB$$0.findAll(<generated>)
	at com.sprint.mission.discodeit.controller.UserController.findAll(UserController.java:91)
	at java.base/jdk.internal.reflect.NativeMethodAccessorImpl.invoke0(Native Method)
	at java.base/jdk.internal.reflect.NativeMethodAccessorImpl.invoke(NativeMethodAccessorImpl.java:77)
	at java.base/jdk.internal.reflect.DelegatingMethodAccessorImpl.invoke(DelegatingMethodAccessorImpl.java:43)
	at java.base/java.lang.reflect.Method.invoke(Method.java:569)
	at org.springframework.web.method.support.InvocableHandlerMethod.doInvoke(InvocableHandlerMethod.java:258)
	at org.springframework.web.method.support.InvocableHandlerMethod.invokeForRequest(InvocableHandlerMethod.java:191)
	at org.springframework.web.servlet.mvc.method.annotation.ServletInvocableHandlerMethod.invokeAndHandle(ServletInvocableHandlerMethod.java:118)
	at org.springframework.web.servlet.mvc.method.annotation.RequestMappingHandlerAdapter.invokeHandlerMethod(RequestMappingHandlerAdapter.java:991)
	at org.springframework.web.servlet.mvc.method.annotation.RequestMappingHandlerAdapter.handleInternal(RequestMappingHandlerAdapter.java:896)
	at org.springframework.web.servlet.mvc.method.AbstractHandlerMethodAdapter.handle(AbstractHandlerMethodAdapter.java:87)
	at org.springframework.web.servlet.DispatcherServlet.doDispatch(DispatcherServlet.java:1089)
	at org.springframework.web.servlet.DispatcherServlet.doService(DispatcherServlet.java:979)
	at org.springframework.web.servlet.FrameworkServlet.processRequest(FrameworkServlet.java:1014)
	at org.springframework.web.servlet.FrameworkServlet.doGet(FrameworkServlet.java:903)
	at jakarta.servlet.http.HttpServlet.service(HttpServlet.java:564)
	at org.springframework.web.servlet.FrameworkServlet.service(FrameworkServlet.java:885)
	at org.springframework.test.web.servlet.TestDispatcherServlet.service(TestDispatcherServlet.java:72)
	at jakarta.servlet.http.HttpServlet.service(HttpServlet.java:658)
	at org.springframework.mock.web.MockFilterChain$ServletFilterProxy.doFilter(MockFilterChain.java:165)
	at org.springframework.mock.web.MockFilterChain.doFilter(MockFilterChain.java:132)
	at org.springframework.web.filter.RequestContextFilter.doFilterInternal(RequestContextFilter.java:100)
	at org.springframework.web.filter.OncePerRequestFilter.doFilter(OncePerRequestFilter.java:116)
	at org.springframework.test.web.servlet.setup.MockMvcFilterDecorator.doFilter(MockMvcFilterDecorator.java:162)
	at org.springframework.mock.web.MockFilterChain.doFilter(MockFilterChain.java:132)
	at org.springframework.web.filter.FormContentFilter.doFilterInternal(FormContentFilter.java:93)
	at org.springframework.web.filter.OncePerRequestFilter.doFilter(OncePerRequestFilter.java:116)
	at org.springframework.test.web.servlet.setup.MockMvcFilterDecorator.doFilter(MockMvcFilterDecorator.java:162)
	at org.springframework.mock.web.MockFilterChain.doFilter(MockFilterChain.java:132)
	at org.springframework.web.filter.ServerHttpObservationFilter.doFilterInternal(ServerHttpObservationFilter.java:110)
	at org.springframework.web.filter.OncePerRequestFilter.doFilter(OncePerRequestFilter.java:116)
	at org.springframework.test.web.servlet.setup.MockMvcFilterDecorator.doFilter(MockMvcFilterDecorator.java:162)
	at org.springframework.mock.web.MockFilterChain.doFilter(MockFilterChain.java:132)
	at org.springframework.web.filter.CharacterEncodingFilter.doFilterInternal(CharacterEncodingFilter.java:201)
	at org.springframework.web.filter.OncePerRequestFilter.doFilter(OncePerRequestFilter.java:116)
	at org.springframework.test.web.servlet.setup.MockMvcFilterDecorator.doFilter(MockMvcFilterDecorator.java:162)
	at org.springframework.mock.web.MockFilterChain.doFilter(MockFilterChain.java:132)
	at org.springframework.test.web.servlet.MockMvc.perform(MockMvc.java:201)
	at com.sprint.mission.discodeit.integration.UserIntegrationTest.get_all_users_test(UserIntegrationTest.java:56)
	at java.base/jdk.internal.reflect.NativeMethodAccessorImpl.invoke0(Native Method)
	at java.base/jdk.internal.reflect.NativeMethodAccessorImpl.invoke(NativeMethodAccessorImpl.java:77)
	at java.base/jdk.internal.reflect.DelegatingMethodAccessorImpl.invoke(DelegatingMethodAccessorImpl.java:43)
	at java.base/java.lang.reflect.Method.invoke(Method.java:569)
	at org.junit.platform.commons.util.ReflectionUtils.invokeMethod(ReflectionUtils.java:775)
	at org.junit.platform.commons.support.ReflectionSupport.invokeMethod(ReflectionSupport.java:479)
	at org.junit.jupiter.engine.execution.MethodInvocation.proceed(MethodInvocation.java:60)
	at org.junit.jupiter.engine.execution.InvocationInterceptorChain$ValidatingInvocation.proceed(InvocationInterceptorChain.java:131)
	at org.junit.jupiter.engine.extension.TimeoutExtension.intercept(TimeoutExtension.java:161)
	at org.junit.jupiter.engine.extension.TimeoutExtension.interceptTestableMethod(TimeoutExtension.java:152)
	at org.junit.jupiter.engine.extension.TimeoutExtension.interceptTestMethod(TimeoutExtension.java:91)
	at org.junit.jupiter.engine.execution.InterceptingExecutableInvoker$ReflectiveInterceptorCall.lambda$ofVoidMethod$0(InterceptingExecutableInvoker.java:112)
	at org.junit.jupiter.engine.execution.InterceptingExecutableInvoker.lambda$invoke$0(InterceptingExecutableInvoker.java:94)
	at org.junit.jupiter.engine.execution.InvocationInterceptorChain$InterceptedInvocation.proceed(InvocationInterceptorChain.java:106)
	at org.junit.jupiter.engine.execution.InvocationInterceptorChain.proceed(InvocationInterceptorChain.java:64)
	at org.junit.jupiter.engine.execution.InvocationInterceptorChain.chainAndInvoke(InvocationInterceptorChain.java:45)
	at org.junit.jupiter.engine.execution.InvocationInterceptorChain.invoke(InvocationInterceptorChain.java:37)
	at org.junit.jupiter.engine.execution.InterceptingExecutableInvoker.invoke(InterceptingExecutableInvoker.java:93)
	at org.junit.jupiter.engine.execution.InterceptingExecutableInvoker.invoke(InterceptingExecutableInvoker.java:87)
	at org.junit.jupiter.engine.descriptor.TestMethodTestDescriptor.lambda$invokeTestMethod$7(TestMethodTestDescriptor.java:216)
	at org.junit.platform.engine.support.hierarchical.ThrowableCollector.execute(ThrowableCollector.java:73)
	at org.junit.jupiter.engine.descriptor.TestMethodTestDescriptor.invokeTestMethod(TestMethodTestDescriptor.java:212)
	at org.junit.jupiter.engine.descriptor.TestMethodTestDescriptor.execute(TestMethodTestDescriptor.java:137)
	at org.junit.jupiter.engine.descriptor.TestMethodTestDescriptor.execute(TestMethodTestDescriptor.java:69)
	at org.junit.platform.engine.support.hierarchical.NodeTestTask.lambda$executeRecursively$6(NodeTestTask.java:156)
	at org.junit.platform.engine.support.hierarchical.ThrowableCollector.execute(ThrowableCollector.java:73)
	at org.junit.platform.engine.support.hierarchical.NodeTestTask.lambda$executeRecursively$8(NodeTestTask.java:146)
	at org.junit.platform.engine.support.hierarchical.Node.around(Node.java:137)
	at org.junit.platform.engine.support.hierarchical.NodeTestTask.lambda$executeRecursively$9(NodeTestTask.java:144)
	at org.junit.platform.engine.support.hierarchical.ThrowableCollector.execute(ThrowableCollector.java:73)
	at org.junit.platform.engine.support.hierarchical.NodeTestTask.executeRecursively(NodeTestTask.java:143)
	at org.junit.platform.engine.support.hierarchical.NodeTestTask.execute(NodeTestTask.java:100)
	at java.base/java.util.ArrayList.forEach(ArrayList.java:1511)
	at org.junit.platform.engine.support.hierarchical.SameThreadHierarchicalTestExecutorService.invokeAll(SameThreadHierarchicalTestExecutorService.java:41)
	at org.junit.platform.engine.support.hierarchical.NodeTestTask.lambda$executeRecursively$6(NodeTestTask.java:160)
	at org.junit.platform.engine.support.hierarchical.ThrowableCollector.execute(ThrowableCollector.java:73)
	at org.junit.platform.engine.support.hierarchical.NodeTestTask.lambda$executeRecursively$8(NodeTestTask.java:146)
	at org.junit.platform.engine.support.hierarchical.Node.around(Node.java:137)
	at org.junit.platform.engine.support.hierarchical.NodeTestTask.lambda$executeRecursively$9(NodeTestTask.java:144)
	at org.junit.platform.engine.support.hierarchical.ThrowableCollector.execute(ThrowableCollector.java:73)
	at org.junit.platform.engine.support.hierarchical.NodeTestTask.executeRecursively(NodeTestTask.java:143)
	at org.junit.platform.engine.support.hierarchical.NodeTestTask.execute(NodeTestTask.java:100)
	at java.base/java.util.ArrayList.forEach(ArrayList.java:1511)
	at org.junit.platform.engine.support.hierarchical.SameThreadHierarchicalTestExecutorService.invokeAll(SameThreadHierarchicalTestExecutorService.java:41)
	at org.junit.platform.engine.support.hierarchical.NodeTestTask.lambda$executeRecursively$6(NodeTestTask.java:160)
	at org.junit.platform.engine.support.hierarchical.ThrowableCollector.execute(ThrowableCollector.java:73)
	at org.junit.platform.engine.support.hierarchical.NodeTestTask.lambda$executeRecursively$8(NodeTestTask.java:146)
	at org.junit.platform.engine.support.hierarchical.Node.around(Node.java:137)
	at org.junit.platform.engine.support.hierarchical.NodeTestTask.lambda$executeRecursively$9(NodeTestTask.java:144)
	at org.junit.platform.engine.support.hierarchical.ThrowableCollector.execute(ThrowableCollector.java:73)
	at org.junit.platform.engine.support.hierarchical.NodeTestTask.executeRecursively(NodeTestTask.java:143)
	at org.junit.platform.engine.support.hierarchical.NodeTestTask.execute(NodeTestTask.java:100)
	at org.junit.platform.engine.support.hierarchical.SameThreadHierarchicalTestExecutorService.submit(SameThreadHierarchicalTestExecutorService.java:35)
	at org.junit.platform.engine.support.hierarchical.HierarchicalTestExecutor.execute(HierarchicalTestExecutor.java:57)
	at org.junit.platform.engine.support.hierarchical.HierarchicalTestEngine.execute(HierarchicalTestEngine.java:54)
	at org.junit.platform.launcher.core.EngineExecutionOrchestrator.execute(EngineExecutionOrchestrator.java:201)
	at org.junit.platform.launcher.core.EngineExecutionOrchestrator.execute(EngineExecutionOrchestrator.java:170)
	at org.junit.platform.launcher.core.EngineExecutionOrchestrator.execute(EngineExecutionOrchestrator.java:94)
	at org.junit.platform.launcher.core.EngineExecutionOrchestrator.lambda$execute$0(EngineExecutionOrchestrator.java:59)
	at org.junit.platform.launcher.core.EngineExecutionOrchestrator.withInterceptedStreams(EngineExecutionOrchestrator.java:142)
	at org.junit.platform.launcher.core.EngineExecutionOrchestrator.execute(EngineExecutionOrchestrator.java:58)
	at org.junit.platform.launcher.core.DefaultLauncher.execute(DefaultLauncher.java:103)
	at org.junit.platform.launcher.core.DefaultLauncher.execute(DefaultLauncher.java:85)
	at org.junit.platform.launcher.core.DelegatingLauncher.execute(DelegatingLauncher.java:47)
	at org.junit.platform.launcher.core.InterceptingLauncher.lambda$execute$1(InterceptingLauncher.java:39)
	at org.junit.platform.launcher.core.ClasspathAlignmentCheckingLauncherInterceptor.intercept(ClasspathAlignmentCheckingLauncherInterceptor.java:25)
	at org.junit.platform.launcher.core.InterceptingLauncher.execute(InterceptingLauncher.java:38)
	at org.junit.platform.launcher.core.DelegatingLauncher.execute(DelegatingLauncher.java:47)
	at org.gradle.api.internal.tasks.testing.junitplatform.JUnitPlatformTestClassProcessor$CollectAllTestClassesExecutor.processAllTestClasses(JUnitPlatformTestClassProcessor.java:124)
	at org.gradle.api.internal.tasks.testing.junitplatform.JUnitPlatformTestClassProcessor$CollectAllTestClassesExecutor.access$000(JUnitPlatformTestClassProcessor.java:99)
	at org.gradle.api.internal.tasks.testing.junitplatform.JUnitPlatformTestClassProcessor.stop(JUnitPlatformTestClassProcessor.java:94)
	at org.gradle.api.internal.tasks.testing.SuiteTestClassProcessor.stop(SuiteTestClassProcessor.java:63)
	at java.base/jdk.internal.reflect.NativeMethodAccessorImpl.invoke0(Native Method)
	at java.base/jdk.internal.reflect.NativeMethodAccessorImpl.invoke(NativeMethodAccessorImpl.java:77)
	at java.base/jdk.internal.reflect.DelegatingMethodAccessorImpl.invoke(DelegatingMethodAccessorImpl.java:43)
	at java.base/java.lang.reflect.Method.invoke(Method.java:569)
	at org.gradle.internal.dispatch.ReflectionDispatch.dispatch(ReflectionDispatch.java:36)
	at org.gradle.internal.dispatch.ReflectionDispatch.dispatch(ReflectionDispatch.java:24)
	at org.gradle.internal.dispatch.ContextClassLoaderDispatch.dispatch(ContextClassLoaderDispatch.java:33)
	at org.gradle.internal.dispatch.ProxyDispatchAdapter$DispatchingInvocationHandler.invoke(ProxyDispatchAdapter.java:92)
	at jdk.proxy1/jdk.proxy1.$Proxy4.stop(Unknown Source)
	at org.gradle.api.internal.tasks.testing.worker.TestWorker$3.run(TestWorker.java:200)
	at org.gradle.api.internal.tasks.testing.worker.TestWorker.executeAndMaintainThreadName(TestWorker.java:132)
	at org.gradle.api.internal.tasks.testing.worker.TestWorker.execute(TestWorker.java:103)
	at org.gradle.api.internal.tasks.testing.worker.TestWorker.execute(TestWorker.java:63)
	at org.gradle.process.internal.worker.child.ActionExecutionWorker.execute(ActionExecutionWorker.java:56)
	at org.gradle.process.internal.worker.child.SystemApplicationClassLoaderWorker.call(SystemApplicationClassLoaderWorker.java:122)
	at org.gradle.process.internal.worker.child.SystemApplicationClassLoaderWorker.call(SystemApplicationClassLoaderWorker.java:72)
	at worker.org.gradle.process.internal.worker.GradleWorkerMain.run(GradleWorkerMain.java:69)
	at worker.org.gradle.process.internal.worker.GradleWorkerMain.main(GradleWorkerMain.java:74)
26-03-30 17:27:20.129 [SpringApplicationShutdownHook] INFO  o.s.o.j.LocalContainerEntityManagerFactoryBean - Closing JPA EntityManagerFactory for persistence unit 'default'
26-03-30 17:27:20.130 [SpringApplicationShutdownHook] DEBUG org.hibernate.SQL - 
    drop table if exists binary_contents cascade 
26-03-30 17:27:20.131 [SpringApplicationShutdownHook] DEBUG org.hibernate.SQL - 
    drop table if exists channel_participants cascade 
26-03-30 17:27:20.132 [SpringApplicationShutdownHook] DEBUG org.hibernate.SQL - 
    drop table if exists channels cascade 
26-03-30 17:27:20.134 [SpringApplicationShutdownHook] DEBUG org.hibernate.SQL - 
    drop table if exists messages cascade 
26-03-30 17:27:20.135 [SpringApplicationShutdownHook] DEBUG org.hibernate.SQL - 
    drop table if exists read_statuses cascade 
26-03-30 17:27:20.137 [SpringApplicationShutdownHook] DEBUG org.hibernate.SQL - 
    drop table if exists user_statuses cascade 
26-03-30 17:27:20.138 [SpringApplicationShutdownHook] DEBUG org.hibernate.SQL - 
    drop table if exists users cascade 
26-03-30 17:27:20.144 [SpringApplicationShutdownHook] INFO  com.zaxxer.hikari.HikariDataSource - HikariPool-1 - Shutdown initiated...
26-03-30 17:27:20.147 [SpringApplicationShutdownHook] INFO  com.zaxxer.hikari.HikariDataSource - HikariPool-1 - Shutdown completed.
26-03-30 17:30:03.558 [background-preinit] INFO  o.h.validator.internal.util.Version - HV000001: Hibernate Validator 8.0.3.Final
26-03-30 17:30:03.639 [Test worker] INFO  c.s.m.d.i.UserIntegrationTest - Starting UserIntegrationTest using Java 17.0.17 with PID 3704 (started by dev in C:\Users\dev\IdeaProjects\Tim\9-sprint-mission\discodeit)
26-03-30 17:30:03.640 [Test worker] INFO  c.s.m.d.i.UserIntegrationTest - The following 1 profile is active: "test"
26-03-30 17:30:04.672 [Test worker] INFO  o.s.b.f.s.DefaultListableBeanFactory - Overriding bean definition for bean 'jpaAuditingHandler' with an equivalent definition: replacing [Root bean: class=org.springframework.data.auditing.AuditingHandler; scope=; abstract=false; lazyInit=null; autowireMode=2; dependencyCheck=0; autowireCandidate=true; primary=false; fallback=false; factoryBeanName=null; factoryMethodName=from; initMethodNames=null; destroyMethodNames=null] with [Root bean: class=org.springframework.data.auditing.AuditingHandler; scope=; abstract=false; lazyInit=null; autowireMode=2; dependencyCheck=0; autowireCandidate=true; primary=false; fallback=false; factoryBeanName=null; factoryMethodName=from; initMethodNames=null; destroyMethodNames=null]
26-03-30 17:30:04.673 [Test worker] INFO  o.s.b.f.s.DefaultListableBeanFactory - Overriding bean definition for bean 'org.springframework.data.jpa.domain.support.AuditingEntityListener' with an equivalent definition: replacing [Root bean: class=org.springframework.data.jpa.domain.support.AuditingEntityListener; scope=; abstract=false; lazyInit=null; autowireMode=0; dependencyCheck=0; autowireCandidate=true; primary=false; fallback=false; factoryBeanName=null; factoryMethodName=null; initMethodNames=null; destroyMethodNames=null] with [Root bean: class=org.springframework.data.jpa.domain.support.AuditingEntityListener; scope=; abstract=false; lazyInit=null; autowireMode=0; dependencyCheck=0; autowireCandidate=true; primary=false; fallback=false; factoryBeanName=null; factoryMethodName=null; initMethodNames=null; destroyMethodNames=null]
26-03-30 17:30:04.674 [Test worker] INFO  o.s.b.f.s.DefaultListableBeanFactory - Overriding bean definition for bean 'org.springframework.data.jpa.domain.support.AuditingBeanFactoryPostProcessor' with an equivalent definition: replacing [Root bean: class=org.springframework.data.jpa.domain.support.AuditingBeanFactoryPostProcessor; scope=; abstract=false; lazyInit=null; autowireMode=0; dependencyCheck=0; autowireCandidate=true; primary=false; fallback=false; factoryBeanName=null; factoryMethodName=null; initMethodNames=null; destroyMethodNames=null] with [Root bean: class=org.springframework.data.jpa.domain.support.AuditingBeanFactoryPostProcessor; scope=; abstract=false; lazyInit=null; autowireMode=0; dependencyCheck=0; autowireCandidate=true; primary=false; fallback=false; factoryBeanName=null; factoryMethodName=null; initMethodNames=null; destroyMethodNames=null]
26-03-30 17:30:05.243 [Test worker] INFO  o.s.d.r.c.RepositoryConfigurationDelegate - Bootstrapping Spring Data JPA repositories in DEFAULT mode.
26-03-30 17:30:05.358 [Test worker] INFO  o.s.d.r.c.RepositoryConfigurationDelegate - Finished Spring Data repository scanning in 100 ms. Found 6 JPA repository interfaces.
26-03-30 17:30:06.064 [Test worker] INFO  com.zaxxer.hikari.HikariDataSource - HikariPool-1 - Starting...
26-03-30 17:30:06.340 [Test worker] INFO  com.zaxxer.hikari.pool.HikariPool - HikariPool-1 - Added connection conn0: url=jdbc:h2:mem:testdb user=SA
26-03-30 17:30:06.343 [Test worker] INFO  com.zaxxer.hikari.HikariDataSource - HikariPool-1 - Start completed.
26-03-30 17:30:06.509 [Test worker] INFO  o.h.jpa.internal.util.LogHelper - HHH000204: Processing PersistenceUnitInfo [name: default]
26-03-30 17:30:06.608 [Test worker] INFO  org.hibernate.Version - HHH000412: Hibernate ORM core version 6.6.41.Final
26-03-30 17:30:06.673 [Test worker] INFO  o.h.c.i.RegionFactoryInitiator - HHH000026: Second-level cache disabled
26-03-30 17:30:07.148 [Test worker] INFO  o.s.o.j.p.SpringPersistenceUnitInfo - No LoadTimeWeaver setup: ignoring JPA class transformer
26-03-30 17:30:07.234 [Test worker] WARN  org.hibernate.orm.deprecation - HHH90000025: H2Dialect does not need to be specified explicitly using 'hibernate.dialect' (remove the property setting and it will be selected by default)
26-03-30 17:30:07.267 [Test worker] INFO  o.hibernate.orm.connections.pooling - HHH10001005: Database info:
	Database JDBC URL [Connecting through datasource 'HikariDataSource (HikariPool-1)']
	Database driver: undefined/unknown
	Database version: 2.3.232
	Autocommit mode: undefined/unknown
	Isolation level: undefined/unknown
	Minimum pool size: undefined/unknown
	Maximum pool size: undefined/unknown
26-03-30 17:30:08.725 [Test worker] INFO  o.h.e.t.j.p.i.JtaPlatformInitiator - HHH000489: No JTA platform available (set 'hibernate.transaction.jta.platform' to enable JTA platform integration)
26-03-30 17:30:08.756 [Test worker] DEBUG org.hibernate.SQL - 
    drop table if exists binary_contents cascade 
26-03-30 17:30:08.759 [Test worker] DEBUG org.hibernate.SQL - 
    drop table if exists channel_participants cascade 
26-03-30 17:30:08.759 [Test worker] DEBUG org.hibernate.SQL - 
    drop table if exists channels cascade 
26-03-30 17:30:08.760 [Test worker] DEBUG org.hibernate.SQL - 
    drop table if exists messages cascade 
26-03-30 17:30:08.761 [Test worker] DEBUG org.hibernate.SQL - 
    drop table if exists read_statuses cascade 
26-03-30 17:30:08.761 [Test worker] DEBUG org.hibernate.SQL - 
    drop table if exists user_statuses cascade 
26-03-30 17:30:08.762 [Test worker] DEBUG org.hibernate.SQL - 
    drop table if exists users cascade 
26-03-30 17:30:08.770 [Test worker] DEBUG org.hibernate.SQL - 
    create table binary_contents (
        created_at timestamp with time zone not null,
        size bigint,
        id uuid not null,
        message_id uuid,
        content_type varchar(255),
        file_name varchar(255),
        primary key (id)
    )
26-03-30 17:30:08.772 [Test worker] DEBUG org.hibernate.SQL - 
    create table channel_participants (
        channel_id uuid not null,
        user_id uuid not null
    )
26-03-30 17:30:08.774 [Test worker] DEBUG org.hibernate.SQL - 
    create table channels (
        created_at timestamp with time zone not null,
        last_message_at timestamp(6) with time zone,
        updated_at timestamp with time zone,
        id uuid not null,
        name varchar(100) not null,
        description varchar(500),
        type enum ('PRIVATE','PUBLIC') not null,
        primary key (id)
    )
26-03-30 17:30:08.776 [Test worker] DEBUG org.hibernate.SQL - 
    create table messages (
        created_at timestamp with time zone not null,
        updated_at timestamp with time zone,
        author_id uuid not null,
        channel_id uuid not null,
        id uuid not null,
        content TEXT not null,
        primary key (id)
    )
26-03-30 17:30:08.778 [Test worker] DEBUG org.hibernate.SQL - 
    create table read_statuses (
        created_at timestamp with time zone not null,
        last_read_at timestamp(6) with time zone,
        updated_at timestamp with time zone,
        channel_id uuid,
        id uuid not null,
        user_id uuid,
        primary key (id)
    )
26-03-30 17:30:08.781 [Test worker] DEBUG org.hibernate.SQL - 
    create table user_statuses (
        created_at timestamp(6) with time zone,
        last_active_at timestamp(6) with time zone,
        updated_at timestamp(6) with time zone,
        id uuid not null,
        user_id uuid unique,
        primary key (id)
    )
26-03-30 17:30:08.783 [Test worker] DEBUG org.hibernate.SQL - 
    create table users (
        created_at timestamp with time zone not null,
        updated_at timestamp with time zone,
        id uuid not null,
        profile_id uuid unique,
        username varchar(50) not null unique,
        password varchar(60) not null,
        email varchar(100) not null unique,
        primary key (id)
    )
26-03-30 17:30:08.785 [Test worker] DEBUG org.hibernate.SQL - 
    alter table if exists binary_contents 
       add constraint FKaffo4mpem38t2jgoewjgbri2y 
       foreign key (message_id) 
       references messages
26-03-30 17:30:08.801 [Test worker] DEBUG org.hibernate.SQL - 
    alter table if exists channel_participants 
       add constraint FKljc2c43m89q7xiia8vr5in7nt 
       foreign key (user_id) 
       references users
26-03-30 17:30:08.803 [Test worker] DEBUG org.hibernate.SQL - 
    alter table if exists channel_participants 
       add constraint FKsj8j1v58oh34x4kjttfjorvk1 
       foreign key (channel_id) 
       references channels
26-03-30 17:30:08.804 [Test worker] DEBUG org.hibernate.SQL - 
    alter table if exists messages 
       add constraint FKowtlim26svclkatusptbgi7u1 
       foreign key (author_id) 
       references users
26-03-30 17:30:08.806 [Test worker] DEBUG org.hibernate.SQL - 
    alter table if exists messages 
       add constraint FK3u3ckbhwq9se1cmopk2pq05b2 
       foreign key (channel_id) 
       references channels
26-03-30 17:30:08.807 [Test worker] DEBUG org.hibernate.SQL - 
    alter table if exists read_statuses 
       add constraint FKa38ri44ml4gfdpklx4ahqr8gd 
       foreign key (channel_id) 
       references channels
26-03-30 17:30:08.809 [Test worker] DEBUG org.hibernate.SQL - 
    alter table if exists read_statuses 
       add constraint FKml3k4wr9sj5yxrmj6d0aoib2e 
       foreign key (user_id) 
       references users
26-03-30 17:30:08.810 [Test worker] DEBUG org.hibernate.SQL - 
    alter table if exists user_statuses 
       add constraint FK4lfl3ei2ubchgcxrrpo3pw4mm 
       foreign key (user_id) 
       references users
26-03-30 17:30:08.811 [Test worker] DEBUG org.hibernate.SQL - 
    alter table if exists users 
       add constraint FKtbudycgrip49xdptogmhfqnso 
       foreign key (profile_id) 
       references binary_contents
26-03-30 17:30:08.818 [Test worker] INFO  o.s.o.j.LocalContainerEntityManagerFactoryBean - Initialized JPA EntityManagerFactory for persistence unit 'default'
26-03-30 17:30:09.295 [Test worker] INFO  o.s.d.j.r.query.QueryEnhancerFactory - Hibernate is in classpath; If applicable, HQL parser will be used.
26-03-30 17:30:10.260 [Test worker] WARN  o.s.b.a.o.j.JpaBaseConfiguration$JpaWebConfiguration - spring.jpa.open-in-view is enabled by default. Therefore, database queries may be performed during view rendering. Explicitly configure spring.jpa.open-in-view to disable this warning
26-03-30 17:30:10.292 [Test worker] INFO  o.s.b.a.w.s.WelcomePageHandlerMapping - Adding welcome page: class path resource [static/index.html]
26-03-30 17:30:11.223 [Test worker] INFO  o.s.b.t.m.w.SpringBootMockServletContext - Initializing Spring TestDispatcherServlet ''
26-03-30 17:30:11.223 [Test worker] INFO  o.s.t.w.s.TestDispatcherServlet - Initializing Servlet ''
26-03-30 17:30:11.230 [Test worker] INFO  o.s.b.a.e.web.EndpointLinksResolver - Exposing 4 endpoints beneath base path '/actuator'
26-03-30 17:30:11.247 [Test worker] INFO  o.s.t.w.s.TestDispatcherServlet - Completed initialization in 23 ms
26-03-30 17:30:11.341 [Test worker] INFO  c.s.m.d.i.UserIntegrationTest - Started UserIntegrationTest in 8.347 seconds (process running for 9.896)
26-03-30 17:30:11.934 [Test worker] INFO  c.s.m.d.controller.UserController - 새로운 유저 가입 요청 들어옴!! 이름: list_user, 이메일: list@test.com
26-03-30 17:30:11.938 [Test worker] INFO  c.s.m.d.s.basic.BasicUserService - 사용자 생성 로직 시작 - username: list_user, email: list@test.com
26-03-30 17:30:12.039 [Test worker] DEBUG org.hibernate.SQL - 
    select
        u1_0.id 
    from
        users u1_0 
    where
        u1_0.email=? 
    fetch
        first ? rows only
26-03-30 17:30:12.100 [Test worker] DEBUG org.hibernate.SQL - 
    select
        u1_0.id 
    from
        users u1_0 
    where
        u1_0.username=? 
    fetch
        first ? rows only
26-03-30 17:30:12.161 [Test worker] INFO  c.s.m.d.s.basic.BasicUserService - 사용자 생성 및 DB 저장 완료 - username: list_user
26-03-30 17:30:12.283 [Test worker] DEBUG org.hibernate.SQL - 
    insert 
    into
        users
        (created_at, email, password, profile_id, updated_at, username, id) 
    values
        (?, ?, ?, ?, ?, ?, ?)
26-03-30 17:30:12.295 [Test worker] DEBUG org.hibernate.SQL - 
    insert 
    into
        user_statuses
        (created_at, last_active_at, updated_at, user_id, id) 
    values
        (?, ?, ?, ?, ?)
26-03-30 17:30:12.297 [Test worker] DEBUG org.hibernate.SQL - 
    select
        u1_0.id,
        u1_0.created_at,
        u1_0.email,
        u1_0.password,
        u1_0.profile_id,
        u1_0.updated_at,
        u1_0.username 
    from
        users u1_0
26-03-30 17:30:12.421 [SpringApplicationShutdownHook] INFO  o.s.o.j.LocalContainerEntityManagerFactoryBean - Closing JPA EntityManagerFactory for persistence unit 'default'
26-03-30 17:30:12.423 [SpringApplicationShutdownHook] DEBUG org.hibernate.SQL - 
    drop table if exists binary_contents cascade 
26-03-30 17:30:12.424 [SpringApplicationShutdownHook] DEBUG org.hibernate.SQL - 
    drop table if exists channel_participants cascade 
26-03-30 17:30:12.425 [SpringApplicationShutdownHook] DEBUG org.hibernate.SQL - 
    drop table if exists channels cascade 
26-03-30 17:30:12.426 [SpringApplicationShutdownHook] DEBUG org.hibernate.SQL - 
    drop table if exists messages cascade 
26-03-30 17:30:12.426 [SpringApplicationShutdownHook] DEBUG org.hibernate.SQL - 
    drop table if exists read_statuses cascade 
26-03-30 17:30:12.427 [SpringApplicationShutdownHook] DEBUG org.hibernate.SQL - 
    drop table if exists user_statuses cascade 
26-03-30 17:30:12.428 [SpringApplicationShutdownHook] DEBUG org.hibernate.SQL - 
    drop table if exists users cascade 
26-03-30 17:30:12.433 [SpringApplicationShutdownHook] INFO  com.zaxxer.hikari.HikariDataSource - HikariPool-1 - Shutdown initiated...
26-03-30 17:30:12.438 [SpringApplicationShutdownHook] INFO  com.zaxxer.hikari.HikariDataSource - HikariPool-1 - Shutdown completed.
26-03-30 17:30:21.202 [background-preinit] INFO  o.h.validator.internal.util.Version - HV000001: Hibernate Validator 8.0.3.Final
26-03-30 17:30:21.302 [Test worker] INFO  c.s.m.d.i.UserIntegrationTest - Starting UserIntegrationTest using Java 17.0.17 with PID 8124 (started by dev in C:\Users\dev\IdeaProjects\Tim\9-sprint-mission\discodeit)
26-03-30 17:30:21.303 [Test worker] INFO  c.s.m.d.i.UserIntegrationTest - The following 1 profile is active: "test"
26-03-30 17:30:22.607 [Test worker] INFO  o.s.b.f.s.DefaultListableBeanFactory - Overriding bean definition for bean 'jpaAuditingHandler' with an equivalent definition: replacing [Root bean: class=org.springframework.data.auditing.AuditingHandler; scope=; abstract=false; lazyInit=null; autowireMode=2; dependencyCheck=0; autowireCandidate=true; primary=false; fallback=false; factoryBeanName=null; factoryMethodName=from; initMethodNames=null; destroyMethodNames=null] with [Root bean: class=org.springframework.data.auditing.AuditingHandler; scope=; abstract=false; lazyInit=null; autowireMode=2; dependencyCheck=0; autowireCandidate=true; primary=false; fallback=false; factoryBeanName=null; factoryMethodName=from; initMethodNames=null; destroyMethodNames=null]
26-03-30 17:30:22.608 [Test worker] INFO  o.s.b.f.s.DefaultListableBeanFactory - Overriding bean definition for bean 'org.springframework.data.jpa.domain.support.AuditingEntityListener' with an equivalent definition: replacing [Root bean: class=org.springframework.data.jpa.domain.support.AuditingEntityListener; scope=; abstract=false; lazyInit=null; autowireMode=0; dependencyCheck=0; autowireCandidate=true; primary=false; fallback=false; factoryBeanName=null; factoryMethodName=null; initMethodNames=null; destroyMethodNames=null] with [Root bean: class=org.springframework.data.jpa.domain.support.AuditingEntityListener; scope=; abstract=false; lazyInit=null; autowireMode=0; dependencyCheck=0; autowireCandidate=true; primary=false; fallback=false; factoryBeanName=null; factoryMethodName=null; initMethodNames=null; destroyMethodNames=null]
26-03-30 17:30:22.608 [Test worker] INFO  o.s.b.f.s.DefaultListableBeanFactory - Overriding bean definition for bean 'org.springframework.data.jpa.domain.support.AuditingBeanFactoryPostProcessor' with an equivalent definition: replacing [Root bean: class=org.springframework.data.jpa.domain.support.AuditingBeanFactoryPostProcessor; scope=; abstract=false; lazyInit=null; autowireMode=0; dependencyCheck=0; autowireCandidate=true; primary=false; fallback=false; factoryBeanName=null; factoryMethodName=null; initMethodNames=null; destroyMethodNames=null] with [Root bean: class=org.springframework.data.jpa.domain.support.AuditingBeanFactoryPostProcessor; scope=; abstract=false; lazyInit=null; autowireMode=0; dependencyCheck=0; autowireCandidate=true; primary=false; fallback=false; factoryBeanName=null; factoryMethodName=null; initMethodNames=null; destroyMethodNames=null]
26-03-30 17:30:23.214 [Test worker] INFO  o.s.d.r.c.RepositoryConfigurationDelegate - Bootstrapping Spring Data JPA repositories in DEFAULT mode.
26-03-30 17:30:23.331 [Test worker] INFO  o.s.d.r.c.RepositoryConfigurationDelegate - Finished Spring Data repository scanning in 102 ms. Found 6 JPA repository interfaces.
26-03-30 17:30:24.031 [Test worker] INFO  com.zaxxer.hikari.HikariDataSource - HikariPool-1 - Starting...
26-03-30 17:30:24.313 [Test worker] INFO  com.zaxxer.hikari.pool.HikariPool - HikariPool-1 - Added connection conn0: url=jdbc:h2:mem:testdb user=SA
26-03-30 17:30:24.317 [Test worker] INFO  com.zaxxer.hikari.HikariDataSource - HikariPool-1 - Start completed.
26-03-30 17:30:24.486 [Test worker] INFO  o.h.jpa.internal.util.LogHelper - HHH000204: Processing PersistenceUnitInfo [name: default]
26-03-30 17:30:24.588 [Test worker] INFO  org.hibernate.Version - HHH000412: Hibernate ORM core version 6.6.41.Final
26-03-30 17:30:24.653 [Test worker] INFO  o.h.c.i.RegionFactoryInitiator - HHH000026: Second-level cache disabled
26-03-30 17:30:25.143 [Test worker] INFO  o.s.o.j.p.SpringPersistenceUnitInfo - No LoadTimeWeaver setup: ignoring JPA class transformer
26-03-30 17:30:25.217 [Test worker] WARN  org.hibernate.orm.deprecation - HHH90000025: H2Dialect does not need to be specified explicitly using 'hibernate.dialect' (remove the property setting and it will be selected by default)
26-03-30 17:30:25.244 [Test worker] INFO  o.hibernate.orm.connections.pooling - HHH10001005: Database info:
	Database JDBC URL [Connecting through datasource 'HikariDataSource (HikariPool-1)']
	Database driver: undefined/unknown
	Database version: 2.3.232
	Autocommit mode: undefined/unknown
	Isolation level: undefined/unknown
	Minimum pool size: undefined/unknown
	Maximum pool size: undefined/unknown
26-03-30 17:30:26.823 [Test worker] INFO  o.h.e.t.j.p.i.JtaPlatformInitiator - HHH000489: No JTA platform available (set 'hibernate.transaction.jta.platform' to enable JTA platform integration)
26-03-30 17:30:26.850 [Test worker] DEBUG org.hibernate.SQL - 
    drop table if exists binary_contents cascade 
26-03-30 17:30:26.853 [Test worker] DEBUG org.hibernate.SQL - 
    drop table if exists channel_participants cascade 
26-03-30 17:30:26.854 [Test worker] DEBUG org.hibernate.SQL - 
    drop table if exists channels cascade 
26-03-30 17:30:26.855 [Test worker] DEBUG org.hibernate.SQL - 
    drop table if exists messages cascade 
26-03-30 17:30:26.856 [Test worker] DEBUG org.hibernate.SQL - 
    drop table if exists read_statuses cascade 
26-03-30 17:30:26.856 [Test worker] DEBUG org.hibernate.SQL - 
    drop table if exists user_statuses cascade 
26-03-30 17:30:26.857 [Test worker] DEBUG org.hibernate.SQL - 
    drop table if exists users cascade 
26-03-30 17:30:26.864 [Test worker] DEBUG org.hibernate.SQL - 
    create table binary_contents (
        created_at timestamp with time zone not null,
        size bigint,
        id uuid not null,
        message_id uuid,
        content_type varchar(255),
        file_name varchar(255),
        primary key (id)
    )
26-03-30 17:30:26.866 [Test worker] DEBUG org.hibernate.SQL - 
    create table channel_participants (
        channel_id uuid not null,
        user_id uuid not null
    )
26-03-30 17:30:26.869 [Test worker] DEBUG org.hibernate.SQL - 
    create table channels (
        created_at timestamp with time zone not null,
        last_message_at timestamp(6) with time zone,
        updated_at timestamp with time zone,
        id uuid not null,
        name varchar(100) not null,
        description varchar(500),
        type enum ('PRIVATE','PUBLIC') not null,
        primary key (id)
    )
26-03-30 17:30:26.871 [Test worker] DEBUG org.hibernate.SQL - 
    create table messages (
        created_at timestamp with time zone not null,
        updated_at timestamp with time zone,
        author_id uuid not null,
        channel_id uuid not null,
        id uuid not null,
        content TEXT not null,
        primary key (id)
    )
26-03-30 17:30:26.873 [Test worker] DEBUG org.hibernate.SQL - 
    create table read_statuses (
        created_at timestamp with time zone not null,
        last_read_at timestamp(6) with time zone,
        updated_at timestamp with time zone,
        channel_id uuid,
        id uuid not null,
        user_id uuid,
        primary key (id)
    )
26-03-30 17:30:26.875 [Test worker] DEBUG org.hibernate.SQL - 
    create table user_statuses (
        created_at timestamp(6) with time zone,
        last_active_at timestamp(6) with time zone,
        updated_at timestamp(6) with time zone,
        id uuid not null,
        user_id uuid unique,
        primary key (id)
    )
26-03-30 17:30:26.877 [Test worker] DEBUG org.hibernate.SQL - 
    create table users (
        created_at timestamp with time zone not null,
        updated_at timestamp with time zone,
        id uuid not null,
        profile_id uuid unique,
        username varchar(50) not null unique,
        password varchar(60) not null,
        email varchar(100) not null unique,
        primary key (id)
    )
26-03-30 17:30:26.879 [Test worker] DEBUG org.hibernate.SQL - 
    alter table if exists binary_contents 
       add constraint FKaffo4mpem38t2jgoewjgbri2y 
       foreign key (message_id) 
       references messages
26-03-30 17:30:26.895 [Test worker] DEBUG org.hibernate.SQL - 
    alter table if exists channel_participants 
       add constraint FKljc2c43m89q7xiia8vr5in7nt 
       foreign key (user_id) 
       references users
26-03-30 17:30:26.897 [Test worker] DEBUG org.hibernate.SQL - 
    alter table if exists channel_participants 
       add constraint FKsj8j1v58oh34x4kjttfjorvk1 
       foreign key (channel_id) 
       references channels
26-03-30 17:30:26.899 [Test worker] DEBUG org.hibernate.SQL - 
    alter table if exists messages 
       add constraint FKowtlim26svclkatusptbgi7u1 
       foreign key (author_id) 
       references users
26-03-30 17:30:26.901 [Test worker] DEBUG org.hibernate.SQL - 
    alter table if exists messages 
       add constraint FK3u3ckbhwq9se1cmopk2pq05b2 
       foreign key (channel_id) 
       references channels
26-03-30 17:30:26.902 [Test worker] DEBUG org.hibernate.SQL - 
    alter table if exists read_statuses 
       add constraint FKa38ri44ml4gfdpklx4ahqr8gd 
       foreign key (channel_id) 
       references channels
26-03-30 17:30:26.904 [Test worker] DEBUG org.hibernate.SQL - 
    alter table if exists read_statuses 
       add constraint FKml3k4wr9sj5yxrmj6d0aoib2e 
       foreign key (user_id) 
       references users
26-03-30 17:30:26.905 [Test worker] DEBUG org.hibernate.SQL - 
    alter table if exists user_statuses 
       add constraint FK4lfl3ei2ubchgcxrrpo3pw4mm 
       foreign key (user_id) 
       references users
26-03-30 17:30:26.907 [Test worker] DEBUG org.hibernate.SQL - 
    alter table if exists users 
       add constraint FKtbudycgrip49xdptogmhfqnso 
       foreign key (profile_id) 
       references binary_contents
26-03-30 17:30:26.914 [Test worker] INFO  o.s.o.j.LocalContainerEntityManagerFactoryBean - Initialized JPA EntityManagerFactory for persistence unit 'default'
26-03-30 17:30:27.413 [Test worker] INFO  o.s.d.j.r.query.QueryEnhancerFactory - Hibernate is in classpath; If applicable, HQL parser will be used.
26-03-30 17:30:28.417 [Test worker] WARN  o.s.b.a.o.j.JpaBaseConfiguration$JpaWebConfiguration - spring.jpa.open-in-view is enabled by default. Therefore, database queries may be performed during view rendering. Explicitly configure spring.jpa.open-in-view to disable this warning
26-03-30 17:30:28.448 [Test worker] INFO  o.s.b.a.w.s.WelcomePageHandlerMapping - Adding welcome page: class path resource [static/index.html]
26-03-30 17:30:29.372 [Test worker] INFO  o.s.b.t.m.w.SpringBootMockServletContext - Initializing Spring TestDispatcherServlet ''
26-03-30 17:30:29.372 [Test worker] INFO  o.s.t.w.s.TestDispatcherServlet - Initializing Servlet ''
26-03-30 17:30:29.379 [Test worker] INFO  o.s.b.a.e.web.EndpointLinksResolver - Exposing 4 endpoints beneath base path '/actuator'
26-03-30 17:30:29.398 [Test worker] INFO  o.s.t.w.s.TestDispatcherServlet - Completed initialization in 25 ms
26-03-30 17:30:29.492 [Test worker] INFO  c.s.m.d.i.UserIntegrationTest - Started UserIntegrationTest in 8.893 seconds (process running for 10.518)
26-03-30 17:30:30.071 [Test worker] INFO  c.s.m.d.controller.UserController - 새로운 유저 가입 요청 들어옴!! 이름: del_user, 이메일: del@test.com
26-03-30 17:30:30.074 [Test worker] INFO  c.s.m.d.s.basic.BasicUserService - 사용자 생성 로직 시작 - username: del_user, email: del@test.com
26-03-30 17:30:30.168 [Test worker] DEBUG org.hibernate.SQL - 
    select
        u1_0.id 
    from
        users u1_0 
    where
        u1_0.email=? 
    fetch
        first ? rows only
26-03-30 17:30:30.229 [Test worker] DEBUG org.hibernate.SQL - 
    select
        u1_0.id 
    from
        users u1_0 
    where
        u1_0.username=? 
    fetch
        first ? rows only
26-03-30 17:30:30.286 [Test worker] INFO  c.s.m.d.s.basic.BasicUserService - 사용자 생성 및 DB 저장 완료 - username: del_user
26-03-30 17:30:30.403 [Test worker] DEBUG org.hibernate.SQL - 
    insert 
    into
        users
        (created_at, email, password, profile_id, updated_at, username, id) 
    values
        (?, ?, ?, ?, ?, ?, ?)
26-03-30 17:30:30.416 [Test worker] DEBUG org.hibernate.SQL - 
    insert 
    into
        user_statuses
        (created_at, last_active_at, updated_at, user_id, id) 
    values
        (?, ?, ?, ?, ?)
26-03-30 17:30:30.418 [Test worker] DEBUG org.hibernate.SQL - 
    select
        u1_0.id,
        u1_0.created_at,
        u1_0.email,
        u1_0.password,
        u1_0.profile_id,
        u1_0.updated_at,
        u1_0.username 
    from
        users u1_0 
    where
        u1_0.username=?
26-03-30 17:30:30.439 [Test worker] INFO  c.s.m.d.controller.UserController - 유저 삭제 요청 들어옴! 대상 userId: 82c60c82-9cbe-443a-9ec2-e52aec08f4c0
26-03-30 17:30:30.439 [Test worker] INFO  c.s.m.d.s.basic.BasicUserService - 사용자 삭제 로직 시작 - 대상 userId: 82c60c82-9cbe-443a-9ec2-e52aec08f4c0
26-03-30 17:30:30.465 [Test worker] DEBUG org.hibernate.SQL - 
    select
        count(*) 
    from
        users u1_0 
    where
        u1_0.id=?
26-03-30 17:30:30.484 [Test worker] INFO  c.s.m.d.s.basic.BasicUserService - 사용자 삭제 완료 - 삭제된 userId: 82c60c82-9cbe-443a-9ec2-e52aec08f4c0
26-03-30 17:30:30.613 [SpringApplicationShutdownHook] INFO  o.s.o.j.LocalContainerEntityManagerFactoryBean - Closing JPA EntityManagerFactory for persistence unit 'default'
26-03-30 17:30:30.614 [SpringApplicationShutdownHook] DEBUG org.hibernate.SQL - 
    drop table if exists binary_contents cascade 
26-03-30 17:30:30.616 [SpringApplicationShutdownHook] DEBUG org.hibernate.SQL - 
    drop table if exists channel_participants cascade 
26-03-30 17:30:30.616 [SpringApplicationShutdownHook] DEBUG org.hibernate.SQL - 
    drop table if exists channels cascade 
26-03-30 17:30:30.617 [SpringApplicationShutdownHook] DEBUG org.hibernate.SQL - 
    drop table if exists messages cascade 
26-03-30 17:30:30.618 [SpringApplicationShutdownHook] DEBUG org.hibernate.SQL - 
    drop table if exists read_statuses cascade 
26-03-30 17:30:30.618 [SpringApplicationShutdownHook] DEBUG org.hibernate.SQL - 
    drop table if exists user_statuses cascade 
26-03-30 17:30:30.619 [SpringApplicationShutdownHook] DEBUG org.hibernate.SQL - 
    drop table if exists users cascade 
26-03-30 17:30:30.624 [SpringApplicationShutdownHook] INFO  com.zaxxer.hikari.HikariDataSource - HikariPool-1 - Shutdown initiated...
26-03-30 17:30:30.626 [SpringApplicationShutdownHook] INFO  com.zaxxer.hikari.HikariDataSource - HikariPool-1 - Shutdown completed.
26-03-30 17:30:47.403 [background-preinit] INFO  o.h.validator.internal.util.Version - HV000001: Hibernate Validator 8.0.3.Final
26-03-30 17:30:47.487 [Test worker] INFO  c.s.m.d.i.ChannelIntegrationTest - Starting ChannelIntegrationTest using Java 17.0.17 with PID 2276 (started by dev in C:\Users\dev\IdeaProjects\Tim\9-sprint-mission\discodeit)
26-03-30 17:30:47.489 [Test worker] INFO  c.s.m.d.i.ChannelIntegrationTest - The following 1 profile is active: "test"
26-03-30 17:30:48.531 [Test worker] INFO  o.s.b.f.s.DefaultListableBeanFactory - Overriding bean definition for bean 'jpaAuditingHandler' with an equivalent definition: replacing [Root bean: class=org.springframework.data.auditing.AuditingHandler; scope=; abstract=false; lazyInit=null; autowireMode=2; dependencyCheck=0; autowireCandidate=true; primary=false; fallback=false; factoryBeanName=null; factoryMethodName=from; initMethodNames=null; destroyMethodNames=null] with [Root bean: class=org.springframework.data.auditing.AuditingHandler; scope=; abstract=false; lazyInit=null; autowireMode=2; dependencyCheck=0; autowireCandidate=true; primary=false; fallback=false; factoryBeanName=null; factoryMethodName=from; initMethodNames=null; destroyMethodNames=null]
26-03-30 17:30:48.532 [Test worker] INFO  o.s.b.f.s.DefaultListableBeanFactory - Overriding bean definition for bean 'org.springframework.data.jpa.domain.support.AuditingEntityListener' with an equivalent definition: replacing [Root bean: class=org.springframework.data.jpa.domain.support.AuditingEntityListener; scope=; abstract=false; lazyInit=null; autowireMode=0; dependencyCheck=0; autowireCandidate=true; primary=false; fallback=false; factoryBeanName=null; factoryMethodName=null; initMethodNames=null; destroyMethodNames=null] with [Root bean: class=org.springframework.data.jpa.domain.support.AuditingEntityListener; scope=; abstract=false; lazyInit=null; autowireMode=0; dependencyCheck=0; autowireCandidate=true; primary=false; fallback=false; factoryBeanName=null; factoryMethodName=null; initMethodNames=null; destroyMethodNames=null]
26-03-30 17:30:48.532 [Test worker] INFO  o.s.b.f.s.DefaultListableBeanFactory - Overriding bean definition for bean 'org.springframework.data.jpa.domain.support.AuditingBeanFactoryPostProcessor' with an equivalent definition: replacing [Root bean: class=org.springframework.data.jpa.domain.support.AuditingBeanFactoryPostProcessor; scope=; abstract=false; lazyInit=null; autowireMode=0; dependencyCheck=0; autowireCandidate=true; primary=false; fallback=false; factoryBeanName=null; factoryMethodName=null; initMethodNames=null; destroyMethodNames=null] with [Root bean: class=org.springframework.data.jpa.domain.support.AuditingBeanFactoryPostProcessor; scope=; abstract=false; lazyInit=null; autowireMode=0; dependencyCheck=0; autowireCandidate=true; primary=false; fallback=false; factoryBeanName=null; factoryMethodName=null; initMethodNames=null; destroyMethodNames=null]
26-03-30 17:30:49.122 [Test worker] INFO  o.s.d.r.c.RepositoryConfigurationDelegate - Bootstrapping Spring Data JPA repositories in DEFAULT mode.
26-03-30 17:30:49.247 [Test worker] INFO  o.s.d.r.c.RepositoryConfigurationDelegate - Finished Spring Data repository scanning in 109 ms. Found 6 JPA repository interfaces.
26-03-30 17:30:49.997 [Test worker] INFO  com.zaxxer.hikari.HikariDataSource - HikariPool-1 - Starting...
26-03-30 17:30:50.284 [Test worker] INFO  com.zaxxer.hikari.pool.HikariPool - HikariPool-1 - Added connection conn0: url=jdbc:h2:mem:testdb user=SA
26-03-30 17:30:50.287 [Test worker] INFO  com.zaxxer.hikari.HikariDataSource - HikariPool-1 - Start completed.
26-03-30 17:30:50.465 [Test worker] INFO  o.h.jpa.internal.util.LogHelper - HHH000204: Processing PersistenceUnitInfo [name: default]
26-03-30 17:30:50.560 [Test worker] INFO  org.hibernate.Version - HHH000412: Hibernate ORM core version 6.6.41.Final
26-03-30 17:30:50.625 [Test worker] INFO  o.h.c.i.RegionFactoryInitiator - HHH000026: Second-level cache disabled
26-03-30 17:30:51.103 [Test worker] INFO  o.s.o.j.p.SpringPersistenceUnitInfo - No LoadTimeWeaver setup: ignoring JPA class transformer
26-03-30 17:30:51.178 [Test worker] WARN  org.hibernate.orm.deprecation - HHH90000025: H2Dialect does not need to be specified explicitly using 'hibernate.dialect' (remove the property setting and it will be selected by default)
26-03-30 17:30:51.205 [Test worker] INFO  o.hibernate.orm.connections.pooling - HHH10001005: Database info:
	Database JDBC URL [Connecting through datasource 'HikariDataSource (HikariPool-1)']
	Database driver: undefined/unknown
	Database version: 2.3.232
	Autocommit mode: undefined/unknown
	Isolation level: undefined/unknown
	Minimum pool size: undefined/unknown
	Maximum pool size: undefined/unknown
26-03-30 17:30:52.690 [Test worker] INFO  o.h.e.t.j.p.i.JtaPlatformInitiator - HHH000489: No JTA platform available (set 'hibernate.transaction.jta.platform' to enable JTA platform integration)
26-03-30 17:30:52.714 [Test worker] DEBUG org.hibernate.SQL - 
    drop table if exists binary_contents cascade 
26-03-30 17:30:52.717 [Test worker] DEBUG org.hibernate.SQL - 
    drop table if exists channel_participants cascade 
26-03-30 17:30:52.718 [Test worker] DEBUG org.hibernate.SQL - 
    drop table if exists channels cascade 
26-03-30 17:30:52.719 [Test worker] DEBUG org.hibernate.SQL - 
    drop table if exists messages cascade 
26-03-30 17:30:52.720 [Test worker] DEBUG org.hibernate.SQL - 
    drop table if exists read_statuses cascade 
26-03-30 17:30:52.721 [Test worker] DEBUG org.hibernate.SQL - 
    drop table if exists user_statuses cascade 
26-03-30 17:30:52.722 [Test worker] DEBUG org.hibernate.SQL - 
    drop table if exists users cascade 
26-03-30 17:30:52.728 [Test worker] DEBUG org.hibernate.SQL - 
    create table binary_contents (
        created_at timestamp with time zone not null,
        size bigint,
        id uuid not null,
        message_id uuid,
        content_type varchar(255),
        file_name varchar(255),
        primary key (id)
    )
26-03-30 17:30:52.730 [Test worker] DEBUG org.hibernate.SQL - 
    create table channel_participants (
        channel_id uuid not null,
        user_id uuid not null
    )
26-03-30 17:30:52.732 [Test worker] DEBUG org.hibernate.SQL - 
    create table channels (
        created_at timestamp with time zone not null,
        last_message_at timestamp(6) with time zone,
        updated_at timestamp with time zone,
        id uuid not null,
        name varchar(100) not null,
        description varchar(500),
        type enum ('PRIVATE','PUBLIC') not null,
        primary key (id)
    )
26-03-30 17:30:52.734 [Test worker] DEBUG org.hibernate.SQL - 
    create table messages (
        created_at timestamp with time zone not null,
        updated_at timestamp with time zone,
        author_id uuid not null,
        channel_id uuid not null,
        id uuid not null,
        content TEXT not null,
        primary key (id)
    )
26-03-30 17:30:52.736 [Test worker] DEBUG org.hibernate.SQL - 
    create table read_statuses (
        created_at timestamp with time zone not null,
        last_read_at timestamp(6) with time zone,
        updated_at timestamp with time zone,
        channel_id uuid,
        id uuid not null,
        user_id uuid,
        primary key (id)
    )
26-03-30 17:30:52.738 [Test worker] DEBUG org.hibernate.SQL - 
    create table user_statuses (
        created_at timestamp(6) with time zone,
        last_active_at timestamp(6) with time zone,
        updated_at timestamp(6) with time zone,
        id uuid not null,
        user_id uuid unique,
        primary key (id)
    )
26-03-30 17:30:52.740 [Test worker] DEBUG org.hibernate.SQL - 
    create table users (
        created_at timestamp with time zone not null,
        updated_at timestamp with time zone,
        id uuid not null,
        profile_id uuid unique,
        username varchar(50) not null unique,
        password varchar(60) not null,
        email varchar(100) not null unique,
        primary key (id)
    )
26-03-30 17:30:52.743 [Test worker] DEBUG org.hibernate.SQL - 
    alter table if exists binary_contents 
       add constraint FKaffo4mpem38t2jgoewjgbri2y 
       foreign key (message_id) 
       references messages
26-03-30 17:30:52.759 [Test worker] DEBUG org.hibernate.SQL - 
    alter table if exists channel_participants 
       add constraint FKljc2c43m89q7xiia8vr5in7nt 
       foreign key (user_id) 
       references users
26-03-30 17:30:52.761 [Test worker] DEBUG org.hibernate.SQL - 
    alter table if exists channel_participants 
       add constraint FKsj8j1v58oh34x4kjttfjorvk1 
       foreign key (channel_id) 
       references channels
26-03-30 17:30:52.762 [Test worker] DEBUG org.hibernate.SQL - 
    alter table if exists messages 
       add constraint FKowtlim26svclkatusptbgi7u1 
       foreign key (author_id) 
       references users
26-03-30 17:30:52.764 [Test worker] DEBUG org.hibernate.SQL - 
    alter table if exists messages 
       add constraint FK3u3ckbhwq9se1cmopk2pq05b2 
       foreign key (channel_id) 
       references channels
26-03-30 17:30:52.766 [Test worker] DEBUG org.hibernate.SQL - 
    alter table if exists read_statuses 
       add constraint FKa38ri44ml4gfdpklx4ahqr8gd 
       foreign key (channel_id) 
       references channels
26-03-30 17:30:52.768 [Test worker] DEBUG org.hibernate.SQL - 
    alter table if exists read_statuses 
       add constraint FKml3k4wr9sj5yxrmj6d0aoib2e 
       foreign key (user_id) 
       references users
26-03-30 17:30:52.770 [Test worker] DEBUG org.hibernate.SQL - 
    alter table if exists user_statuses 
       add constraint FK4lfl3ei2ubchgcxrrpo3pw4mm 
       foreign key (user_id) 
       references users
26-03-30 17:30:52.771 [Test worker] DEBUG org.hibernate.SQL - 
    alter table if exists users 
       add constraint FKtbudycgrip49xdptogmhfqnso 
       foreign key (profile_id) 
       references binary_contents
26-03-30 17:30:52.778 [Test worker] INFO  o.s.o.j.LocalContainerEntityManagerFactoryBean - Initialized JPA EntityManagerFactory for persistence unit 'default'
26-03-30 17:30:53.220 [Test worker] INFO  o.s.d.j.r.query.QueryEnhancerFactory - Hibernate is in classpath; If applicable, HQL parser will be used.
26-03-30 17:30:54.150 [Test worker] WARN  o.s.b.a.o.j.JpaBaseConfiguration$JpaWebConfiguration - spring.jpa.open-in-view is enabled by default. Therefore, database queries may be performed during view rendering. Explicitly configure spring.jpa.open-in-view to disable this warning
26-03-30 17:30:54.185 [Test worker] INFO  o.s.b.a.w.s.WelcomePageHandlerMapping - Adding welcome page: class path resource [static/index.html]
26-03-30 17:30:55.080 [Test worker] INFO  o.s.b.t.m.w.SpringBootMockServletContext - Initializing Spring TestDispatcherServlet ''
26-03-30 17:30:55.080 [Test worker] INFO  o.s.t.w.s.TestDispatcherServlet - Initializing Servlet ''
26-03-30 17:30:55.087 [Test worker] INFO  o.s.b.a.e.web.EndpointLinksResolver - Exposing 4 endpoints beneath base path '/actuator'
26-03-30 17:30:55.101 [Test worker] INFO  o.s.t.w.s.TestDispatcherServlet - Completed initialization in 20 ms
26-03-30 17:30:55.205 [Test worker] INFO  c.s.m.d.i.ChannelIntegrationTest - Started ChannelIntegrationTest in 8.413 seconds (process running for 9.971)
26-03-30 17:30:55.851 [Test worker] INFO  c.s.m.d.controller.ChannelController - 공개 채널 생성 요청 들어옴! 채널명: 통합채널
26-03-30 17:30:55.852 [Test worker] INFO  c.s.m.d.s.basic.BasicChannelService - 공개 채널 생성 로직 시작 - 채널명: 통합채널
26-03-30 17:30:55.852 [Test worker] INFO  c.s.m.d.s.basic.BasicChannelService - 공개 채널 생성 및 DB 저장 완료!
26-03-30 17:30:56.062 [Test worker] DEBUG org.hibernate.SQL - 
    insert 
    into
        channels
        (created_at, description, last_message_at, name, type, updated_at, id) 
    values
        (?, ?, ?, ?, ?, ?, ?)
26-03-30 17:30:56.115 [Test worker] DEBUG org.hibernate.SQL - 
    select
        c1_0.id,
        c1_0.created_at,
        c1_0.description,
        c1_0.last_message_at,
        c1_0.name,
        c1_0.type,
        c1_0.updated_at 
    from
        channels c1_0
26-03-30 17:30:56.273 [SpringApplicationShutdownHook] INFO  o.s.o.j.LocalContainerEntityManagerFactoryBean - Closing JPA EntityManagerFactory for persistence unit 'default'
26-03-30 17:30:56.274 [SpringApplicationShutdownHook] DEBUG org.hibernate.SQL - 
    drop table if exists binary_contents cascade 
26-03-30 17:30:56.275 [SpringApplicationShutdownHook] DEBUG org.hibernate.SQL - 
    drop table if exists channel_participants cascade 
26-03-30 17:30:56.276 [SpringApplicationShutdownHook] DEBUG org.hibernate.SQL - 
    drop table if exists channels cascade 
26-03-30 17:30:56.277 [SpringApplicationShutdownHook] DEBUG org.hibernate.SQL - 
    drop table if exists messages cascade 
26-03-30 17:30:56.278 [SpringApplicationShutdownHook] DEBUG org.hibernate.SQL - 
    drop table if exists read_statuses cascade 
26-03-30 17:30:56.279 [SpringApplicationShutdownHook] DEBUG org.hibernate.SQL - 
    drop table if exists user_statuses cascade 
26-03-30 17:30:56.279 [SpringApplicationShutdownHook] DEBUG org.hibernate.SQL - 
    drop table if exists users cascade 
26-03-30 17:30:56.284 [SpringApplicationShutdownHook] INFO  com.zaxxer.hikari.HikariDataSource - HikariPool-1 - Shutdown initiated...
26-03-30 17:30:56.287 [SpringApplicationShutdownHook] INFO  com.zaxxer.hikari.HikariDataSource - HikariPool-1 - Shutdown completed.
26-03-30 17:31:04.037 [background-preinit] INFO  o.h.validator.internal.util.Version - HV000001: Hibernate Validator 8.0.3.Final
26-03-30 17:31:04.123 [Test worker] INFO  c.s.m.d.i.ChannelIntegrationTest - Starting ChannelIntegrationTest using Java 17.0.17 with PID 15344 (started by dev in C:\Users\dev\IdeaProjects\Tim\9-sprint-mission\discodeit)
26-03-30 17:31:04.124 [Test worker] INFO  c.s.m.d.i.ChannelIntegrationTest - The following 1 profile is active: "test"
26-03-30 17:31:05.164 [Test worker] INFO  o.s.b.f.s.DefaultListableBeanFactory - Overriding bean definition for bean 'jpaAuditingHandler' with an equivalent definition: replacing [Root bean: class=org.springframework.data.auditing.AuditingHandler; scope=; abstract=false; lazyInit=null; autowireMode=2; dependencyCheck=0; autowireCandidate=true; primary=false; fallback=false; factoryBeanName=null; factoryMethodName=from; initMethodNames=null; destroyMethodNames=null] with [Root bean: class=org.springframework.data.auditing.AuditingHandler; scope=; abstract=false; lazyInit=null; autowireMode=2; dependencyCheck=0; autowireCandidate=true; primary=false; fallback=false; factoryBeanName=null; factoryMethodName=from; initMethodNames=null; destroyMethodNames=null]
26-03-30 17:31:05.165 [Test worker] INFO  o.s.b.f.s.DefaultListableBeanFactory - Overriding bean definition for bean 'org.springframework.data.jpa.domain.support.AuditingEntityListener' with an equivalent definition: replacing [Root bean: class=org.springframework.data.jpa.domain.support.AuditingEntityListener; scope=; abstract=false; lazyInit=null; autowireMode=0; dependencyCheck=0; autowireCandidate=true; primary=false; fallback=false; factoryBeanName=null; factoryMethodName=null; initMethodNames=null; destroyMethodNames=null] with [Root bean: class=org.springframework.data.jpa.domain.support.AuditingEntityListener; scope=; abstract=false; lazyInit=null; autowireMode=0; dependencyCheck=0; autowireCandidate=true; primary=false; fallback=false; factoryBeanName=null; factoryMethodName=null; initMethodNames=null; destroyMethodNames=null]
26-03-30 17:31:05.165 [Test worker] INFO  o.s.b.f.s.DefaultListableBeanFactory - Overriding bean definition for bean 'org.springframework.data.jpa.domain.support.AuditingBeanFactoryPostProcessor' with an equivalent definition: replacing [Root bean: class=org.springframework.data.jpa.domain.support.AuditingBeanFactoryPostProcessor; scope=; abstract=false; lazyInit=null; autowireMode=0; dependencyCheck=0; autowireCandidate=true; primary=false; fallback=false; factoryBeanName=null; factoryMethodName=null; initMethodNames=null; destroyMethodNames=null] with [Root bean: class=org.springframework.data.jpa.domain.support.AuditingBeanFactoryPostProcessor; scope=; abstract=false; lazyInit=null; autowireMode=0; dependencyCheck=0; autowireCandidate=true; primary=false; fallback=false; factoryBeanName=null; factoryMethodName=null; initMethodNames=null; destroyMethodNames=null]
26-03-30 17:31:05.751 [Test worker] INFO  o.s.d.r.c.RepositoryConfigurationDelegate - Bootstrapping Spring Data JPA repositories in DEFAULT mode.
26-03-30 17:31:05.861 [Test worker] INFO  o.s.d.r.c.RepositoryConfigurationDelegate - Finished Spring Data repository scanning in 96 ms. Found 6 JPA repository interfaces.
26-03-30 17:31:06.569 [Test worker] INFO  com.zaxxer.hikari.HikariDataSource - HikariPool-1 - Starting...
26-03-30 17:31:06.848 [Test worker] INFO  com.zaxxer.hikari.pool.HikariPool - HikariPool-1 - Added connection conn0: url=jdbc:h2:mem:testdb user=SA
26-03-30 17:31:06.852 [Test worker] INFO  com.zaxxer.hikari.HikariDataSource - HikariPool-1 - Start completed.
26-03-30 17:31:07.017 [Test worker] INFO  o.h.jpa.internal.util.LogHelper - HHH000204: Processing PersistenceUnitInfo [name: default]
26-03-30 17:31:07.131 [Test worker] INFO  org.hibernate.Version - HHH000412: Hibernate ORM core version 6.6.41.Final
26-03-30 17:31:07.187 [Test worker] INFO  o.h.c.i.RegionFactoryInitiator - HHH000026: Second-level cache disabled
26-03-30 17:31:07.653 [Test worker] INFO  o.s.o.j.p.SpringPersistenceUnitInfo - No LoadTimeWeaver setup: ignoring JPA class transformer
26-03-30 17:31:07.727 [Test worker] WARN  org.hibernate.orm.deprecation - HHH90000025: H2Dialect does not need to be specified explicitly using 'hibernate.dialect' (remove the property setting and it will be selected by default)
26-03-30 17:31:07.756 [Test worker] INFO  o.hibernate.orm.connections.pooling - HHH10001005: Database info:
	Database JDBC URL [Connecting through datasource 'HikariDataSource (HikariPool-1)']
	Database driver: undefined/unknown
	Database version: 2.3.232
	Autocommit mode: undefined/unknown
	Isolation level: undefined/unknown
	Minimum pool size: undefined/unknown
	Maximum pool size: undefined/unknown
26-03-30 17:31:09.235 [Test worker] INFO  o.h.e.t.j.p.i.JtaPlatformInitiator - HHH000489: No JTA platform available (set 'hibernate.transaction.jta.platform' to enable JTA platform integration)
26-03-30 17:31:09.264 [Test worker] DEBUG org.hibernate.SQL - 
    drop table if exists binary_contents cascade 
26-03-30 17:31:09.267 [Test worker] DEBUG org.hibernate.SQL - 
    drop table if exists channel_participants cascade 
26-03-30 17:31:09.267 [Test worker] DEBUG org.hibernate.SQL - 
    drop table if exists channels cascade 
26-03-30 17:31:09.268 [Test worker] DEBUG org.hibernate.SQL - 
    drop table if exists messages cascade 
26-03-30 17:31:09.269 [Test worker] DEBUG org.hibernate.SQL - 
    drop table if exists read_statuses cascade 
26-03-30 17:31:09.269 [Test worker] DEBUG org.hibernate.SQL - 
    drop table if exists user_statuses cascade 
26-03-30 17:31:09.270 [Test worker] DEBUG org.hibernate.SQL - 
    drop table if exists users cascade 
26-03-30 17:31:09.277 [Test worker] DEBUG org.hibernate.SQL - 
    create table binary_contents (
        created_at timestamp with time zone not null,
        size bigint,
        id uuid not null,
        message_id uuid,
        content_type varchar(255),
        file_name varchar(255),
        primary key (id)
    )
26-03-30 17:31:09.279 [Test worker] DEBUG org.hibernate.SQL - 
    create table channel_participants (
        channel_id uuid not null,
        user_id uuid not null
    )
26-03-30 17:31:09.281 [Test worker] DEBUG org.hibernate.SQL - 
    create table channels (
        created_at timestamp with time zone not null,
        last_message_at timestamp(6) with time zone,
        updated_at timestamp with time zone,
        id uuid not null,
        name varchar(100) not null,
        description varchar(500),
        type enum ('PRIVATE','PUBLIC') not null,
        primary key (id)
    )
26-03-30 17:31:09.284 [Test worker] DEBUG org.hibernate.SQL - 
    create table messages (
        created_at timestamp with time zone not null,
        updated_at timestamp with time zone,
        author_id uuid not null,
        channel_id uuid not null,
        id uuid not null,
        content TEXT not null,
        primary key (id)
    )
26-03-30 17:31:09.285 [Test worker] DEBUG org.hibernate.SQL - 
    create table read_statuses (
        created_at timestamp with time zone not null,
        last_read_at timestamp(6) with time zone,
        updated_at timestamp with time zone,
        channel_id uuid,
        id uuid not null,
        user_id uuid,
        primary key (id)
    )
26-03-30 17:31:09.288 [Test worker] DEBUG org.hibernate.SQL - 
    create table user_statuses (
        created_at timestamp(6) with time zone,
        last_active_at timestamp(6) with time zone,
        updated_at timestamp(6) with time zone,
        id uuid not null,
        user_id uuid unique,
        primary key (id)
    )
26-03-30 17:31:09.290 [Test worker] DEBUG org.hibernate.SQL - 
    create table users (
        created_at timestamp with time zone not null,
        updated_at timestamp with time zone,
        id uuid not null,
        profile_id uuid unique,
        username varchar(50) not null unique,
        password varchar(60) not null,
        email varchar(100) not null unique,
        primary key (id)
    )
26-03-30 17:31:09.293 [Test worker] DEBUG org.hibernate.SQL - 
    alter table if exists binary_contents 
       add constraint FKaffo4mpem38t2jgoewjgbri2y 
       foreign key (message_id) 
       references messages
26-03-30 17:31:09.309 [Test worker] DEBUG org.hibernate.SQL - 
    alter table if exists channel_participants 
       add constraint FKljc2c43m89q7xiia8vr5in7nt 
       foreign key (user_id) 
       references users
26-03-30 17:31:09.310 [Test worker] DEBUG org.hibernate.SQL - 
    alter table if exists channel_participants 
       add constraint FKsj8j1v58oh34x4kjttfjorvk1 
       foreign key (channel_id) 
       references channels
26-03-30 17:31:09.312 [Test worker] DEBUG org.hibernate.SQL - 
    alter table if exists messages 
       add constraint FKowtlim26svclkatusptbgi7u1 
       foreign key (author_id) 
       references users
26-03-30 17:31:09.314 [Test worker] DEBUG org.hibernate.SQL - 
    alter table if exists messages 
       add constraint FK3u3ckbhwq9se1cmopk2pq05b2 
       foreign key (channel_id) 
       references channels
26-03-30 17:31:09.316 [Test worker] DEBUG org.hibernate.SQL - 
    alter table if exists read_statuses 
       add constraint FKa38ri44ml4gfdpklx4ahqr8gd 
       foreign key (channel_id) 
       references channels
26-03-30 17:31:09.317 [Test worker] DEBUG org.hibernate.SQL - 
    alter table if exists read_statuses 
       add constraint FKml3k4wr9sj5yxrmj6d0aoib2e 
       foreign key (user_id) 
       references users
26-03-30 17:31:09.319 [Test worker] DEBUG org.hibernate.SQL - 
    alter table if exists user_statuses 
       add constraint FK4lfl3ei2ubchgcxrrpo3pw4mm 
       foreign key (user_id) 
       references users
26-03-30 17:31:09.321 [Test worker] DEBUG org.hibernate.SQL - 
    alter table if exists users 
       add constraint FKtbudycgrip49xdptogmhfqnso 
       foreign key (profile_id) 
       references binary_contents
26-03-30 17:31:09.328 [Test worker] INFO  o.s.o.j.LocalContainerEntityManagerFactoryBean - Initialized JPA EntityManagerFactory for persistence unit 'default'
26-03-30 17:31:09.804 [Test worker] INFO  o.s.d.j.r.query.QueryEnhancerFactory - Hibernate is in classpath; If applicable, HQL parser will be used.
26-03-30 17:31:10.765 [Test worker] WARN  o.s.b.a.o.j.JpaBaseConfiguration$JpaWebConfiguration - spring.jpa.open-in-view is enabled by default. Therefore, database queries may be performed during view rendering. Explicitly configure spring.jpa.open-in-view to disable this warning
26-03-30 17:31:10.794 [Test worker] INFO  o.s.b.a.w.s.WelcomePageHandlerMapping - Adding welcome page: class path resource [static/index.html]
26-03-30 17:31:11.725 [Test worker] INFO  o.s.b.t.m.w.SpringBootMockServletContext - Initializing Spring TestDispatcherServlet ''
26-03-30 17:31:11.725 [Test worker] INFO  o.s.t.w.s.TestDispatcherServlet - Initializing Servlet ''
26-03-30 17:31:11.731 [Test worker] INFO  o.s.b.a.e.web.EndpointLinksResolver - Exposing 4 endpoints beneath base path '/actuator'
26-03-30 17:31:11.748 [Test worker] INFO  o.s.t.w.s.TestDispatcherServlet - Completed initialization in 22 ms
26-03-30 17:31:11.850 [Test worker] INFO  c.s.m.d.i.ChannelIntegrationTest - Started ChannelIntegrationTest in 8.386 seconds (process running for 9.927)
26-03-30 17:31:12.547 [Test worker] INFO  c.s.m.d.controller.ChannelController - 채널 삭제 요청 들어옴! 대상 채널 ID: 7d163a1c-a0c5-4af9-9259-f8089edf8726
26-03-30 17:31:12.547 [Test worker] INFO  c.s.m.d.s.basic.BasicChannelService - 채널 삭제 로직 시작 - 대상 채널 ID: 7d163a1c-a0c5-4af9-9259-f8089edf8726
26-03-30 17:31:12.652 [Test worker] DEBUG org.hibernate.SQL - 
    insert 
    into
        channels
        (created_at, description, last_message_at, name, type, updated_at, id) 
    values
        (?, ?, ?, ?, ?, ?, ?)
26-03-30 17:31:12.701 [Test worker] DEBUG org.hibernate.SQL - 
    select
        m1_0.id,
        m1_0.author_id,
        m1_0.channel_id,
        m1_0.content,
        m1_0.created_at,
        m1_0.updated_at 
    from
        messages m1_0 
    left join
        channels c1_0 
            on c1_0.id=m1_0.channel_id 
    where
        c1_0.id=?
26-03-30 17:31:12.742 [Test worker] DEBUG org.hibernate.SQL - 
    select
        rs1_0.id,
        rs1_0.channel_id,
        rs1_0.created_at,
        rs1_0.last_read_at,
        rs1_0.updated_at,
        rs1_0.user_id 
    from
        read_statuses rs1_0 
    left join
        channels c1_0 
            on c1_0.id=rs1_0.channel_id 
    where
        c1_0.id=?
26-03-30 17:31:12.753 [Test worker] INFO  c.s.m.d.s.basic.BasicChannelService - 채널 삭제 완료 (연관된 메시지 및 읽음 상태 포함) - 대상 채널 ID: 7d163a1c-a0c5-4af9-9259-f8089edf8726
26-03-30 17:31:12.893 [SpringApplicationShutdownHook] INFO  o.s.o.j.LocalContainerEntityManagerFactoryBean - Closing JPA EntityManagerFactory for persistence unit 'default'
26-03-30 17:31:12.894 [SpringApplicationShutdownHook] DEBUG org.hibernate.SQL - 
    drop table if exists binary_contents cascade 
26-03-30 17:31:12.895 [SpringApplicationShutdownHook] DEBUG org.hibernate.SQL - 
    drop table if exists channel_participants cascade 
26-03-30 17:31:12.896 [SpringApplicationShutdownHook] DEBUG org.hibernate.SQL - 
    drop table if exists channels cascade 
26-03-30 17:31:12.897 [SpringApplicationShutdownHook] DEBUG org.hibernate.SQL - 
    drop table if exists messages cascade 
26-03-30 17:31:12.898 [SpringApplicationShutdownHook] DEBUG org.hibernate.SQL - 
    drop table if exists read_statuses cascade 
26-03-30 17:31:12.898 [SpringApplicationShutdownHook] DEBUG org.hibernate.SQL - 
    drop table if exists user_statuses cascade 
26-03-30 17:31:12.900 [SpringApplicationShutdownHook] DEBUG org.hibernate.SQL - 
    drop table if exists users cascade 
26-03-30 17:31:12.904 [SpringApplicationShutdownHook] INFO  com.zaxxer.hikari.HikariDataSource - HikariPool-1 - Shutdown initiated...
26-03-30 17:31:12.907 [SpringApplicationShutdownHook] INFO  com.zaxxer.hikari.HikariDataSource - HikariPool-1 - Shutdown completed.
